ISO-10303-21;
HEADER;
/* Generated by software containing ST-Developer
 * from STEP Tools, Inc. (www.steptools.com) 
 */

FILE_DESCRIPTION(
/* description */ (''),
/* implementation_level */ '2;1');

FILE_NAME(
/* name */ 
'C:/Users/max/Desktop/extra files/lab objects/clutter 2/Step file/clut
ter 2.stp',
/* time_stamp */ '2025-12-06T04:22:33+00:00',
/* author */ (''),
/* organization */ (''),
/* preprocessor_version */ 'ST-DEVELOPER v15.2',
/* originating_system */ 'Autodesk Translator Framework v2.0.0.5431',
/* authorisation */ '');

FILE_SCHEMA (('AUTOMOTIVE_DESIGN { 1 0 10303 214 3 1 1 }'));
ENDSEC;

DATA;
#10=SPHERICAL_SURFACE($,#9736,0.04);
#11=SPHERICAL_SURFACE($,#9814,0.03);
#12=CIRCLE($,#9601,0.05);
#13=CIRCLE($,#9602,0.05);
#14=CIRCLE($,#9606,0.05);
#15=CIRCLE($,#9607,0.05);
#16=CIRCLE($,#9719,0.02);
#17=CIRCLE($,#9720,0.02);
#18=CIRCLE($,#9721,0.02);
#19=CIRCLE($,#9730,0.1);
#20=CIRCLE($,#9731,0.1);
#21=CIRCLE($,#9735,0.04);
#22=CIRCLE($,#9744,0.04);
#23=CIRCLE($,#9745,0.04);
#24=CIRCLE($,#9761,0.03);
#25=CIRCLE($,#9762,0.03);
#26=CIRCLE($,#9808,0.02);
#27=CIRCLE($,#9809,0.02);
#28=CIRCLE($,#9813,0.03);
#29=CIRCLE($,#9816,0.03);
#30=CIRCLE($,#9817,0.03);
#31=CYLINDRICAL_SURFACE($,#9600,0.05);
#32=CYLINDRICAL_SURFACE($,#9605,0.05);
#33=CYLINDRICAL_SURFACE($,#9718,0.02);
#34=CYLINDRICAL_SURFACE($,#9729,0.1);
#35=CYLINDRICAL_SURFACE($,#9743,0.04);
#36=CYLINDRICAL_SURFACE($,#9760,0.03);
#37=CYLINDRICAL_SURFACE($,#9807,0.02);
#38=CYLINDRICAL_SURFACE($,#9815,0.03);
#39=FACE_BOUND($,#775,.T.);
#40=FACE_BOUND($,#776,.T.);
#41=FACE_BOUND($,#777,.T.);
#42=FACE_BOUND($,#778,.T.);
#43=FACE_BOUND($,#779,.T.);
#44=FACE_BOUND($,#784,.T.);
#45=FACE_BOUND($,#785,.T.);
#46=FACE_BOUND($,#786,.T.);
#47=FACE_BOUND($,#787,.T.);
#48=FACE_BOUND($,#788,.T.);
#49=FACE_BOUND($,#789,.T.);
#50=FACE_BOUND($,#790,.T.);
#51=FACE_BOUND($,#791,.T.);
#52=FACE_BOUND($,#792,.T.);
#53=FACE_BOUND($,#793,.T.);
#54=FACE_BOUND($,#802,.T.);
#55=FACE_BOUND($,#803,.T.);
#56=FACE_BOUND($,#804,.T.);
#57=FACE_BOUND($,#820,.T.);
#58=FACE_BOUND($,#821,.T.);
#59=FACE_BOUND($,#858,.T.);
#60=FACE_BOUND($,#859,.T.);
#61=FACE_BOUND($,#860,.T.);
#62=FACE_BOUND($,#861,.T.);
#63=FACE_BOUND($,#1057,.T.);
#64=FACE_BOUND($,#1061,.T.);
#65=FACE_BOUND($,#1079,.T.);
#66=FACE_BOUND($,#1080,.T.);
#67=FACE_BOUND($,#1081,.T.);
#68=FACE_BOUND($,#1090,.T.);
#69=FACE_BOUND($,#1091,.T.);
#70=FACE_BOUND($,#1092,.T.);
#71=FACE_BOUND($,#1093,.T.);
#72=FACE_BOUND($,#1137,.T.);
#73=FACE_BOUND($,#1138,.T.);
#74=FACE_BOUND($,#1139,.T.);
#75=FACE_BOUND($,#1140,.T.);
#76=FACE_BOUND($,#1141,.T.);
#77=FACE_BOUND($,#1146,.T.);
#78=FACE_BOUND($,#1147,.T.);
#79=FACE_BOUND($,#1148,.T.);
#80=FACE_BOUND($,#1149,.T.);
#81=FACE_BOUND($,#1170,.T.);
#82=FACE_BOUND($,#1171,.T.);
#83=FACE_BOUND($,#1172,.T.);
#84=FACE_BOUND($,#1173,.T.);
#85=FACE_BOUND($,#1174,.T.);
#86=FACE_BOUND($,#1191,.T.);
#87=FACE_BOUND($,#1200,.T.);
#88=FACE_BOUND($,#1202,.T.);
#89=FACE_BOUND($,#1203,.T.);
#90=FACE_BOUND($,#1213,.T.);
#91=FACE_BOUND($,#1229,.T.);
#92=FACE_BOUND($,#1275,.T.);
#93=FACE_BOUND($,#1281,.T.);
#94=FACE_BOUND($,#1327,.T.);
#95=FACE_BOUND($,#1328,.T.);
#96=FACE_BOUND($,#1329,.T.);
#97=FACE_BOUND($,#1330,.T.);
#98=FACE_BOUND($,#1331,.T.);
#99=SHAPE_REPRESENTATION_RELATIONSHIP('SRR','None',#14750,#100);
#100=ADVANCED_BREP_SHAPE_REPRESENTATION($,(#9211,#9212,#9213,#9214,#9215,
#9216,#9217,#9218,#9219,#9220,#9221,#9222,#9223,#9224,#9225,#9226,#9227,
#9228,#9229,#9230,#9231,#9232,#9233,#9234,#9235,#9236,#9237,#9238,#9239,
#9240,#9241,#9242,#9243,#9244,#9245,#9246,#9247,#9248,#9249,#9250,#9251,
#9252,#9253,#9254,#9255,#9256,#9257,#9258,#9259,#9260,#9261,#9262,#9263,
#9264,#9265,#9266,#9267,#9268,#9269,#9270,#9271,#9272,#9273,#9274,#9275,
#9276,#9277,#9278,#9279,#9280,#9281),#14744);
#101=STYLED_ITEM($,(#14758),#9211);
#102=STYLED_ITEM($,(#14759),#9212);
#103=STYLED_ITEM($,(#14759),#9213);
#104=STYLED_ITEM($,(#14760),#9214);
#105=STYLED_ITEM($,(#14759),#9215);
#106=STYLED_ITEM($,(#14758),#9216);
#107=STYLED_ITEM($,(#14758),#9217);
#108=STYLED_ITEM($,(#14758),#9218);
#109=STYLED_ITEM($,(#14758),#9219);
#110=STYLED_ITEM($,(#14758),#9220);
#111=STYLED_ITEM($,(#14761),#9221);
#112=STYLED_ITEM($,(#14762),#9222);
#113=STYLED_ITEM($,(#14763),#9223);
#114=STYLED_ITEM($,(#14764),#9224);
#115=STYLED_ITEM($,(#14762),#9225);
#116=STYLED_ITEM($,(#14762),#9226);
#117=STYLED_ITEM($,(#14762),#9227);
#118=STYLED_ITEM($,(#14762),#9228);
#119=STYLED_ITEM($,(#14758),#9229);
#120=STYLED_ITEM($,(#14758),#9230);
#121=STYLED_ITEM($,(#14758),#9231);
#122=STYLED_ITEM($,(#14758),#9232);
#123=STYLED_ITEM($,(#14758),#9233);
#124=STYLED_ITEM($,(#14758),#9234);
#125=STYLED_ITEM($,(#14759),#9235);
#126=STYLED_ITEM($,(#14758),#9236);
#127=STYLED_ITEM($,(#14758),#9237);
#128=STYLED_ITEM($,(#14758),#9238);
#129=STYLED_ITEM($,(#14758),#9239);
#130=STYLED_ITEM($,(#14758),#9240);
#131=STYLED_ITEM($,(#14758),#9241);
#132=STYLED_ITEM($,(#14758),#9242);
#133=STYLED_ITEM($,(#14758),#9243);
#134=STYLED_ITEM($,(#14758),#9244);
#135=STYLED_ITEM($,(#14758),#9245);
#136=STYLED_ITEM($,(#14758),#9246);
#137=STYLED_ITEM($,(#14758),#9247);
#138=STYLED_ITEM($,(#14758),#9248);
#139=STYLED_ITEM($,(#14758),#9249);
#140=STYLED_ITEM($,(#14758),#9250);
#141=STYLED_ITEM($,(#14758),#9251);
#142=STYLED_ITEM($,(#14758),#9252);
#143=STYLED_ITEM($,(#14758),#9253);
#144=STYLED_ITEM($,(#14758),#9254);
#145=STYLED_ITEM($,(#14758),#9255);
#146=STYLED_ITEM($,(#14759),#9256);
#147=STYLED_ITEM($,(#14759),#9257);
#148=STYLED_ITEM($,(#14759),#9258);
#149=STYLED_ITEM($,(#14765),#9259);
#150=STYLED_ITEM($,(#14766),#9260);
#151=STYLED_ITEM($,(#14766),#9261);
#152=STYLED_ITEM($,(#14766),#9262);
#153=STYLED_ITEM($,(#14766),#9263);
#154=STYLED_ITEM($,(#14759),#9264);
#155=STYLED_ITEM($,(#14758),#9265);
#156=STYLED_ITEM($,(#14766),#9266);
#157=STYLED_ITEM($,(#14759),#9267);
#158=STYLED_ITEM($,(#14758),#9268);
#159=STYLED_ITEM($,(#14765),#9269);
#160=STYLED_ITEM($,(#14765),#9270);
#161=STYLED_ITEM($,(#14764),#9271);
#162=STYLED_ITEM($,(#14765),#9272);
#163=STYLED_ITEM($,(#14765),#9273);
#164=STYLED_ITEM($,(#14767),#9274);
#165=STYLED_ITEM($,(#14768),#9275);
#166=STYLED_ITEM($,(#14769),#9276);
#167=STYLED_ITEM($,(#14770),#9277);
#168=STYLED_ITEM($,(#14758),#9278);
#169=STYLED_ITEM($,(#14771),#9279);
#170=STYLED_ITEM($,(#14770),#9280);
#171=STYLED_ITEM($,(#14759),#9281);
#172=FACE_OUTER_BOUND($,#722,.T.);
#173=FACE_OUTER_BOUND($,#723,.T.);
#174=FACE_OUTER_BOUND($,#724,.T.);
#175=FACE_OUTER_BOUND($,#725,.T.);
#176=FACE_OUTER_BOUND($,#726,.T.);
#177=FACE_OUTER_BOUND($,#727,.T.);
#178=FACE_OUTER_BOUND($,#728,.T.);
#179=FACE_OUTER_BOUND($,#729,.T.);
#180=FACE_OUTER_BOUND($,#730,.T.);
#181=FACE_OUTER_BOUND($,#731,.T.);
#182=FACE_OUTER_BOUND($,#732,.T.);
#183=FACE_OUTER_BOUND($,#733,.T.);
#184=FACE_OUTER_BOUND($,#734,.T.);
#185=FACE_OUTER_BOUND($,#735,.T.);
#186=FACE_OUTER_BOUND($,#736,.T.);
#187=FACE_OUTER_BOUND($,#737,.T.);
#188=FACE_OUTER_BOUND($,#738,.T.);
#189=FACE_OUTER_BOUND($,#739,.T.);
#190=FACE_OUTER_BOUND($,#740,.T.);
#191=FACE_OUTER_BOUND($,#741,.T.);
#192=FACE_OUTER_BOUND($,#742,.T.);
#193=FACE_OUTER_BOUND($,#743,.T.);
#194=FACE_OUTER_BOUND($,#744,.T.);
#195=FACE_OUTER_BOUND($,#745,.T.);
#196=FACE_OUTER_BOUND($,#746,.T.);
#197=FACE_OUTER_BOUND($,#747,.T.);
#198=FACE_OUTER_BOUND($,#748,.T.);
#199=FACE_OUTER_BOUND($,#749,.T.);
#200=FACE_OUTER_BOUND($,#750,.T.);
#201=FACE_OUTER_BOUND($,#751,.T.);
#202=FACE_OUTER_BOUND($,#752,.T.);
#203=FACE_OUTER_BOUND($,#753,.T.);
#204=FACE_OUTER_BOUND($,#754,.T.);
#205=FACE_OUTER_BOUND($,#755,.T.);
#206=FACE_OUTER_BOUND($,#756,.T.);
#207=FACE_OUTER_BOUND($,#757,.T.);
#208=FACE_OUTER_BOUND($,#758,.T.);
#209=FACE_OUTER_BOUND($,#759,.T.);
#210=FACE_OUTER_BOUND($,#760,.T.);
#211=FACE_OUTER_BOUND($,#761,.T.);
#212=FACE_OUTER_BOUND($,#762,.T.);
#213=FACE_OUTER_BOUND($,#763,.T.);
#214=FACE_OUTER_BOUND($,#764,.T.);
#215=FACE_OUTER_BOUND($,#765,.T.);
#216=FACE_OUTER_BOUND($,#766,.T.);
#217=FACE_OUTER_BOUND($,#767,.T.);
#218=FACE_OUTER_BOUND($,#768,.T.);
#219=FACE_OUTER_BOUND($,#769,.T.);
#220=FACE_OUTER_BOUND($,#770,.T.);
#221=FACE_OUTER_BOUND($,#771,.T.);
#222=FACE_OUTER_BOUND($,#772,.T.);
#223=FACE_OUTER_BOUND($,#773,.T.);
#224=FACE_OUTER_BOUND($,#774,.T.);
#225=FACE_OUTER_BOUND($,#780,.T.);
#226=FACE_OUTER_BOUND($,#781,.T.);
#227=FACE_OUTER_BOUND($,#782,.T.);
#228=FACE_OUTER_BOUND($,#783,.T.);
#229=FACE_OUTER_BOUND($,#794,.T.);
#230=FACE_OUTER_BOUND($,#795,.T.);
#231=FACE_OUTER_BOUND($,#796,.T.);
#232=FACE_OUTER_BOUND($,#797,.T.);
#233=FACE_OUTER_BOUND($,#798,.T.);
#234=FACE_OUTER_BOUND($,#799,.T.);
#235=FACE_OUTER_BOUND($,#800,.T.);
#236=FACE_OUTER_BOUND($,#801,.T.);
#237=FACE_OUTER_BOUND($,#805,.T.);
#238=FACE_OUTER_BOUND($,#806,.T.);
#239=FACE_OUTER_BOUND($,#807,.T.);
#240=FACE_OUTER_BOUND($,#808,.T.);
#241=FACE_OUTER_BOUND($,#809,.T.);
#242=FACE_OUTER_BOUND($,#810,.T.);
#243=FACE_OUTER_BOUND($,#811,.T.);
#244=FACE_OUTER_BOUND($,#812,.T.);
#245=FACE_OUTER_BOUND($,#813,.T.);
#246=FACE_OUTER_BOUND($,#814,.T.);
#247=FACE_OUTER_BOUND($,#815,.T.);
#248=FACE_OUTER_BOUND($,#816,.T.);
#249=FACE_OUTER_BOUND($,#817,.T.);
#250=FACE_OUTER_BOUND($,#818,.T.);
#251=FACE_OUTER_BOUND($,#819,.T.);
#252=FACE_OUTER_BOUND($,#822,.T.);
#253=FACE_OUTER_BOUND($,#823,.T.);
#254=FACE_OUTER_BOUND($,#824,.T.);
#255=FACE_OUTER_BOUND($,#825,.T.);
#256=FACE_OUTER_BOUND($,#826,.T.);
#257=FACE_OUTER_BOUND($,#827,.T.);
#258=FACE_OUTER_BOUND($,#828,.T.);
#259=FACE_OUTER_BOUND($,#829,.T.);
#260=FACE_OUTER_BOUND($,#830,.T.);
#261=FACE_OUTER_BOUND($,#831,.T.);
#262=FACE_OUTER_BOUND($,#832,.T.);
#263=FACE_OUTER_BOUND($,#833,.T.);
#264=FACE_OUTER_BOUND($,#834,.T.);
#265=FACE_OUTER_BOUND($,#835,.T.);
#266=FACE_OUTER_BOUND($,#836,.T.);
#267=FACE_OUTER_BOUND($,#837,.T.);
#268=FACE_OUTER_BOUND($,#838,.T.);
#269=FACE_OUTER_BOUND($,#839,.T.);
#270=FACE_OUTER_BOUND($,#840,.T.);
#271=FACE_OUTER_BOUND($,#841,.T.);
#272=FACE_OUTER_BOUND($,#842,.T.);
#273=FACE_OUTER_BOUND($,#843,.T.);
#274=FACE_OUTER_BOUND($,#844,.T.);
#275=FACE_OUTER_BOUND($,#845,.T.);
#276=FACE_OUTER_BOUND($,#846,.T.);
#277=FACE_OUTER_BOUND($,#847,.T.);
#278=FACE_OUTER_BOUND($,#848,.T.);
#279=FACE_OUTER_BOUND($,#849,.T.);
#280=FACE_OUTER_BOUND($,#850,.T.);
#281=FACE_OUTER_BOUND($,#851,.T.);
#282=FACE_OUTER_BOUND($,#852,.T.);
#283=FACE_OUTER_BOUND($,#853,.T.);
#284=FACE_OUTER_BOUND($,#854,.T.);
#285=FACE_OUTER_BOUND($,#855,.T.);
#286=FACE_OUTER_BOUND($,#856,.T.);
#287=FACE_OUTER_BOUND($,#857,.T.);
#288=FACE_OUTER_BOUND($,#862,.T.);
#289=FACE_OUTER_BOUND($,#863,.T.);
#290=FACE_OUTER_BOUND($,#864,.T.);
#291=FACE_OUTER_BOUND($,#865,.T.);
#292=FACE_OUTER_BOUND($,#866,.T.);
#293=FACE_OUTER_BOUND($,#867,.T.);
#294=FACE_OUTER_BOUND($,#868,.T.);
#295=FACE_OUTER_BOUND($,#869,.T.);
#296=FACE_OUTER_BOUND($,#870,.T.);
#297=FACE_OUTER_BOUND($,#871,.T.);
#298=FACE_OUTER_BOUND($,#872,.T.);
#299=FACE_OUTER_BOUND($,#873,.T.);
#300=FACE_OUTER_BOUND($,#874,.T.);
#301=FACE_OUTER_BOUND($,#875,.T.);
#302=FACE_OUTER_BOUND($,#876,.T.);
#303=FACE_OUTER_BOUND($,#877,.T.);
#304=FACE_OUTER_BOUND($,#878,.T.);
#305=FACE_OUTER_BOUND($,#879,.T.);
#306=FACE_OUTER_BOUND($,#880,.T.);
#307=FACE_OUTER_BOUND($,#881,.T.);
#308=FACE_OUTER_BOUND($,#882,.T.);
#309=FACE_OUTER_BOUND($,#883,.T.);
#310=FACE_OUTER_BOUND($,#884,.T.);
#311=FACE_OUTER_BOUND($,#885,.T.);
#312=FACE_OUTER_BOUND($,#886,.T.);
#313=FACE_OUTER_BOUND($,#887,.T.);
#314=FACE_OUTER_BOUND($,#888,.T.);
#315=FACE_OUTER_BOUND($,#889,.T.);
#316=FACE_OUTER_BOUND($,#890,.T.);
#317=FACE_OUTER_BOUND($,#891,.T.);
#318=FACE_OUTER_BOUND($,#892,.T.);
#319=FACE_OUTER_BOUND($,#893,.T.);
#320=FACE_OUTER_BOUND($,#894,.T.);
#321=FACE_OUTER_BOUND($,#895,.T.);
#322=FACE_OUTER_BOUND($,#896,.T.);
#323=FACE_OUTER_BOUND($,#897,.T.);
#324=FACE_OUTER_BOUND($,#898,.T.);
#325=FACE_OUTER_BOUND($,#899,.T.);
#326=FACE_OUTER_BOUND($,#900,.T.);
#327=FACE_OUTER_BOUND($,#901,.T.);
#328=FACE_OUTER_BOUND($,#902,.T.);
#329=FACE_OUTER_BOUND($,#903,.T.);
#330=FACE_OUTER_BOUND($,#904,.T.);
#331=FACE_OUTER_BOUND($,#905,.T.);
#332=FACE_OUTER_BOUND($,#906,.T.);
#333=FACE_OUTER_BOUND($,#907,.T.);
#334=FACE_OUTER_BOUND($,#908,.T.);
#335=FACE_OUTER_BOUND($,#909,.T.);
#336=FACE_OUTER_BOUND($,#910,.T.);
#337=FACE_OUTER_BOUND($,#911,.T.);
#338=FACE_OUTER_BOUND($,#912,.T.);
#339=FACE_OUTER_BOUND($,#913,.T.);
#340=FACE_OUTER_BOUND($,#914,.T.);
#341=FACE_OUTER_BOUND($,#915,.T.);
#342=FACE_OUTER_BOUND($,#916,.T.);
#343=FACE_OUTER_BOUND($,#917,.T.);
#344=FACE_OUTER_BOUND($,#918,.T.);
#345=FACE_OUTER_BOUND($,#919,.T.);
#346=FACE_OUTER_BOUND($,#920,.T.);
#347=FACE_OUTER_BOUND($,#921,.T.);
#348=FACE_OUTER_BOUND($,#922,.T.);
#349=FACE_OUTER_BOUND($,#923,.T.);
#350=FACE_OUTER_BOUND($,#924,.T.);
#351=FACE_OUTER_BOUND($,#925,.T.);
#352=FACE_OUTER_BOUND($,#926,.T.);
#353=FACE_OUTER_BOUND($,#927,.T.);
#354=FACE_OUTER_BOUND($,#928,.T.);
#355=FACE_OUTER_BOUND($,#929,.T.);
#356=FACE_OUTER_BOUND($,#930,.T.);
#357=FACE_OUTER_BOUND($,#931,.T.);
#358=FACE_OUTER_BOUND($,#932,.T.);
#359=FACE_OUTER_BOUND($,#933,.T.);
#360=FACE_OUTER_BOUND($,#934,.T.);
#361=FACE_OUTER_BOUND($,#935,.T.);
#362=FACE_OUTER_BOUND($,#936,.T.);
#363=FACE_OUTER_BOUND($,#937,.T.);
#364=FACE_OUTER_BOUND($,#938,.T.);
#365=FACE_OUTER_BOUND($,#939,.T.);
#366=FACE_OUTER_BOUND($,#940,.T.);
#367=FACE_OUTER_BOUND($,#941,.T.);
#368=FACE_OUTER_BOUND($,#942,.T.);
#369=FACE_OUTER_BOUND($,#943,.T.);
#370=FACE_OUTER_BOUND($,#944,.T.);
#371=FACE_OUTER_BOUND($,#945,.T.);
#372=FACE_OUTER_BOUND($,#946,.T.);
#373=FACE_OUTER_BOUND($,#947,.T.);
#374=FACE_OUTER_BOUND($,#948,.T.);
#375=FACE_OUTER_BOUND($,#949,.T.);
#376=FACE_OUTER_BOUND($,#950,.T.);
#377=FACE_OUTER_BOUND($,#951,.T.);
#378=FACE_OUTER_BOUND($,#952,.T.);
#379=FACE_OUTER_BOUND($,#953,.T.);
#380=FACE_OUTER_BOUND($,#954,.T.);
#381=FACE_OUTER_BOUND($,#955,.T.);
#382=FACE_OUTER_BOUND($,#956,.T.);
#383=FACE_OUTER_BOUND($,#957,.T.);
#384=FACE_OUTER_BOUND($,#958,.T.);
#385=FACE_OUTER_BOUND($,#959,.T.);
#386=FACE_OUTER_BOUND($,#960,.T.);
#387=FACE_OUTER_BOUND($,#961,.T.);
#388=FACE_OUTER_BOUND($,#962,.T.);
#389=FACE_OUTER_BOUND($,#963,.T.);
#390=FACE_OUTER_BOUND($,#964,.T.);
#391=FACE_OUTER_BOUND($,#965,.T.);
#392=FACE_OUTER_BOUND($,#966,.T.);
#393=FACE_OUTER_BOUND($,#967,.T.);
#394=FACE_OUTER_BOUND($,#968,.T.);
#395=FACE_OUTER_BOUND($,#969,.T.);
#396=FACE_OUTER_BOUND($,#970,.T.);
#397=FACE_OUTER_BOUND($,#971,.T.);
#398=FACE_OUTER_BOUND($,#972,.T.);
#399=FACE_OUTER_BOUND($,#973,.T.);
#400=FACE_OUTER_BOUND($,#974,.T.);
#401=FACE_OUTER_BOUND($,#975,.T.);
#402=FACE_OUTER_BOUND($,#976,.T.);
#403=FACE_OUTER_BOUND($,#977,.T.);
#404=FACE_OUTER_BOUND($,#978,.T.);
#405=FACE_OUTER_BOUND($,#979,.T.);
#406=FACE_OUTER_BOUND($,#980,.T.);
#407=FACE_OUTER_BOUND($,#981,.T.);
#408=FACE_OUTER_BOUND($,#982,.T.);
#409=FACE_OUTER_BOUND($,#983,.T.);
#410=FACE_OUTER_BOUND($,#984,.T.);
#411=FACE_OUTER_BOUND($,#985,.T.);
#412=FACE_OUTER_BOUND($,#986,.T.);
#413=FACE_OUTER_BOUND($,#987,.T.);
#414=FACE_OUTER_BOUND($,#988,.T.);
#415=FACE_OUTER_BOUND($,#989,.T.);
#416=FACE_OUTER_BOUND($,#990,.T.);
#417=FACE_OUTER_BOUND($,#991,.T.);
#418=FACE_OUTER_BOUND($,#992,.T.);
#419=FACE_OUTER_BOUND($,#993,.T.);
#420=FACE_OUTER_BOUND($,#994,.T.);
#421=FACE_OUTER_BOUND($,#995,.T.);
#422=FACE_OUTER_BOUND($,#996,.T.);
#423=FACE_OUTER_BOUND($,#997,.T.);
#424=FACE_OUTER_BOUND($,#998,.T.);
#425=FACE_OUTER_BOUND($,#999,.T.);
#426=FACE_OUTER_BOUND($,#1000,.T.);
#427=FACE_OUTER_BOUND($,#1001,.T.);
#428=FACE_OUTER_BOUND($,#1002,.T.);
#429=FACE_OUTER_BOUND($,#1003,.T.);
#430=FACE_OUTER_BOUND($,#1004,.T.);
#431=FACE_OUTER_BOUND($,#1005,.T.);
#432=FACE_OUTER_BOUND($,#1006,.T.);
#433=FACE_OUTER_BOUND($,#1007,.T.);
#434=FACE_OUTER_BOUND($,#1008,.T.);
#435=FACE_OUTER_BOUND($,#1009,.T.);
#436=FACE_OUTER_BOUND($,#1010,.T.);
#437=FACE_OUTER_BOUND($,#1011,.T.);
#438=FACE_OUTER_BOUND($,#1012,.T.);
#439=FACE_OUTER_BOUND($,#1013,.T.);
#440=FACE_OUTER_BOUND($,#1014,.T.);
#441=FACE_OUTER_BOUND($,#1015,.T.);
#442=FACE_OUTER_BOUND($,#1016,.T.);
#443=FACE_OUTER_BOUND($,#1017,.T.);
#444=FACE_OUTER_BOUND($,#1018,.T.);
#445=FACE_OUTER_BOUND($,#1019,.T.);
#446=FACE_OUTER_BOUND($,#1020,.T.);
#447=FACE_OUTER_BOUND($,#1021,.T.);
#448=FACE_OUTER_BOUND($,#1022,.T.);
#449=FACE_OUTER_BOUND($,#1023,.T.);
#450=FACE_OUTER_BOUND($,#1024,.T.);
#451=FACE_OUTER_BOUND($,#1025,.T.);
#452=FACE_OUTER_BOUND($,#1026,.T.);
#453=FACE_OUTER_BOUND($,#1027,.T.);
#454=FACE_OUTER_BOUND($,#1028,.T.);
#455=FACE_OUTER_BOUND($,#1029,.T.);
#456=FACE_OUTER_BOUND($,#1030,.T.);
#457=FACE_OUTER_BOUND($,#1031,.T.);
#458=FACE_OUTER_BOUND($,#1032,.T.);
#459=FACE_OUTER_BOUND($,#1033,.T.);
#460=FACE_OUTER_BOUND($,#1034,.T.);
#461=FACE_OUTER_BOUND($,#1035,.T.);
#462=FACE_OUTER_BOUND($,#1036,.T.);
#463=FACE_OUTER_BOUND($,#1037,.T.);
#464=FACE_OUTER_BOUND($,#1038,.T.);
#465=FACE_OUTER_BOUND($,#1039,.T.);
#466=FACE_OUTER_BOUND($,#1040,.T.);
#467=FACE_OUTER_BOUND($,#1041,.T.);
#468=FACE_OUTER_BOUND($,#1042,.T.);
#469=FACE_OUTER_BOUND($,#1043,.T.);
#470=FACE_OUTER_BOUND($,#1044,.T.);
#471=FACE_OUTER_BOUND($,#1045,.T.);
#472=FACE_OUTER_BOUND($,#1046,.T.);
#473=FACE_OUTER_BOUND($,#1047,.T.);
#474=FACE_OUTER_BOUND($,#1048,.T.);
#475=FACE_OUTER_BOUND($,#1049,.T.);
#476=FACE_OUTER_BOUND($,#1050,.T.);
#477=FACE_OUTER_BOUND($,#1051,.T.);
#478=FACE_OUTER_BOUND($,#1052,.T.);
#479=FACE_OUTER_BOUND($,#1053,.T.);
#480=FACE_OUTER_BOUND($,#1054,.T.);
#481=FACE_OUTER_BOUND($,#1055,.T.);
#482=FACE_OUTER_BOUND($,#1056,.T.);
#483=FACE_OUTER_BOUND($,#1058,.T.);
#484=FACE_OUTER_BOUND($,#1059,.T.);
#485=FACE_OUTER_BOUND($,#1060,.T.);
#486=FACE_OUTER_BOUND($,#1062,.T.);
#487=FACE_OUTER_BOUND($,#1063,.T.);
#488=FACE_OUTER_BOUND($,#1064,.T.);
#489=FACE_OUTER_BOUND($,#1065,.T.);
#490=FACE_OUTER_BOUND($,#1066,.T.);
#491=FACE_OUTER_BOUND($,#1067,.T.);
#492=FACE_OUTER_BOUND($,#1068,.T.);
#493=FACE_OUTER_BOUND($,#1069,.T.);
#494=FACE_OUTER_BOUND($,#1070,.T.);
#495=FACE_OUTER_BOUND($,#1071,.T.);
#496=FACE_OUTER_BOUND($,#1072,.T.);
#497=FACE_OUTER_BOUND($,#1073,.T.);
#498=FACE_OUTER_BOUND($,#1074,.T.);
#499=FACE_OUTER_BOUND($,#1075,.T.);
#500=FACE_OUTER_BOUND($,#1076,.T.);
#501=FACE_OUTER_BOUND($,#1077,.T.);
#502=FACE_OUTER_BOUND($,#1078,.T.);
#503=FACE_OUTER_BOUND($,#1082,.T.);
#504=FACE_OUTER_BOUND($,#1083,.T.);
#505=FACE_OUTER_BOUND($,#1084,.T.);
#506=FACE_OUTER_BOUND($,#1085,.T.);
#507=FACE_OUTER_BOUND($,#1086,.T.);
#508=FACE_OUTER_BOUND($,#1087,.T.);
#509=FACE_OUTER_BOUND($,#1088,.T.);
#510=FACE_OUTER_BOUND($,#1089,.T.);
#511=FACE_OUTER_BOUND($,#1094,.T.);
#512=FACE_OUTER_BOUND($,#1095,.T.);
#513=FACE_OUTER_BOUND($,#1096,.T.);
#514=FACE_OUTER_BOUND($,#1097,.T.);
#515=FACE_OUTER_BOUND($,#1098,.T.);
#516=FACE_OUTER_BOUND($,#1099,.T.);
#517=FACE_OUTER_BOUND($,#1100,.T.);
#518=FACE_OUTER_BOUND($,#1101,.T.);
#519=FACE_OUTER_BOUND($,#1102,.T.);
#520=FACE_OUTER_BOUND($,#1103,.T.);
#521=FACE_OUTER_BOUND($,#1104,.T.);
#522=FACE_OUTER_BOUND($,#1105,.T.);
#523=FACE_OUTER_BOUND($,#1106,.T.);
#524=FACE_OUTER_BOUND($,#1107,.T.);
#525=FACE_OUTER_BOUND($,#1108,.T.);
#526=FACE_OUTER_BOUND($,#1109,.T.);
#527=FACE_OUTER_BOUND($,#1110,.T.);
#528=FACE_OUTER_BOUND($,#1111,.T.);
#529=FACE_OUTER_BOUND($,#1112,.T.);
#530=FACE_OUTER_BOUND($,#1113,.T.);
#531=FACE_OUTER_BOUND($,#1114,.T.);
#532=FACE_OUTER_BOUND($,#1115,.T.);
#533=FACE_OUTER_BOUND($,#1116,.T.);
#534=FACE_OUTER_BOUND($,#1117,.T.);
#535=FACE_OUTER_BOUND($,#1118,.T.);
#536=FACE_OUTER_BOUND($,#1119,.T.);
#537=FACE_OUTER_BOUND($,#1120,.T.);
#538=FACE_OUTER_BOUND($,#1121,.T.);
#539=FACE_OUTER_BOUND($,#1122,.T.);
#540=FACE_OUTER_BOUND($,#1123,.T.);
#541=FACE_OUTER_BOUND($,#1124,.T.);
#542=FACE_OUTER_BOUND($,#1125,.T.);
#543=FACE_OUTER_BOUND($,#1126,.T.);
#544=FACE_OUTER_BOUND($,#1127,.T.);
#545=FACE_OUTER_BOUND($,#1128,.T.);
#546=FACE_OUTER_BOUND($,#1129,.T.);
#547=FACE_OUTER_BOUND($,#1130,.T.);
#548=FACE_OUTER_BOUND($,#1131,.T.);
#549=FACE_OUTER_BOUND($,#1132,.T.);
#550=FACE_OUTER_BOUND($,#1133,.T.);
#551=FACE_OUTER_BOUND($,#1134,.T.);
#552=FACE_OUTER_BOUND($,#1135,.T.);
#553=FACE_OUTER_BOUND($,#1136,.T.);
#554=FACE_OUTER_BOUND($,#1142,.T.);
#555=FACE_OUTER_BOUND($,#1143,.T.);
#556=FACE_OUTER_BOUND($,#1144,.T.);
#557=FACE_OUTER_BOUND($,#1145,.T.);
#558=FACE_OUTER_BOUND($,#1150,.T.);
#559=FACE_OUTER_BOUND($,#1151,.T.);
#560=FACE_OUTER_BOUND($,#1152,.T.);
#561=FACE_OUTER_BOUND($,#1153,.T.);
#562=FACE_OUTER_BOUND($,#1154,.T.);
#563=FACE_OUTER_BOUND($,#1155,.T.);
#564=FACE_OUTER_BOUND($,#1156,.T.);
#565=FACE_OUTER_BOUND($,#1157,.T.);
#566=FACE_OUTER_BOUND($,#1158,.T.);
#567=FACE_OUTER_BOUND($,#1159,.T.);
#568=FACE_OUTER_BOUND($,#1160,.T.);
#569=FACE_OUTER_BOUND($,#1161,.T.);
#570=FACE_OUTER_BOUND($,#1162,.T.);
#571=FACE_OUTER_BOUND($,#1163,.T.);
#572=FACE_OUTER_BOUND($,#1164,.T.);
#573=FACE_OUTER_BOUND($,#1165,.T.);
#574=FACE_OUTER_BOUND($,#1166,.T.);
#575=FACE_OUTER_BOUND($,#1167,.T.);
#576=FACE_OUTER_BOUND($,#1168,.T.);
#577=FACE_OUTER_BOUND($,#1169,.T.);
#578=FACE_OUTER_BOUND($,#1175,.T.);
#579=FACE_OUTER_BOUND($,#1176,.T.);
#580=FACE_OUTER_BOUND($,#1177,.T.);
#581=FACE_OUTER_BOUND($,#1178,.T.);
#582=FACE_OUTER_BOUND($,#1179,.T.);
#583=FACE_OUTER_BOUND($,#1180,.T.);
#584=FACE_OUTER_BOUND($,#1181,.T.);
#585=FACE_OUTER_BOUND($,#1182,.T.);
#586=FACE_OUTER_BOUND($,#1183,.T.);
#587=FACE_OUTER_BOUND($,#1184,.T.);
#588=FACE_OUTER_BOUND($,#1185,.T.);
#589=FACE_OUTER_BOUND($,#1186,.T.);
#590=FACE_OUTER_BOUND($,#1187,.T.);
#591=FACE_OUTER_BOUND($,#1188,.T.);
#592=FACE_OUTER_BOUND($,#1189,.T.);
#593=FACE_OUTER_BOUND($,#1190,.T.);
#594=FACE_OUTER_BOUND($,#1192,.T.);
#595=FACE_OUTER_BOUND($,#1193,.T.);
#596=FACE_OUTER_BOUND($,#1194,.T.);
#597=FACE_OUTER_BOUND($,#1195,.T.);
#598=FACE_OUTER_BOUND($,#1196,.T.);
#599=FACE_OUTER_BOUND($,#1197,.T.);
#600=FACE_OUTER_BOUND($,#1198,.T.);
#601=FACE_OUTER_BOUND($,#1199,.T.);
#602=FACE_OUTER_BOUND($,#1201,.T.);
#603=FACE_OUTER_BOUND($,#1204,.T.);
#604=FACE_OUTER_BOUND($,#1205,.T.);
#605=FACE_OUTER_BOUND($,#1206,.T.);
#606=FACE_OUTER_BOUND($,#1207,.T.);
#607=FACE_OUTER_BOUND($,#1208,.T.);
#608=FACE_OUTER_BOUND($,#1209,.T.);
#609=FACE_OUTER_BOUND($,#1210,.T.);
#610=FACE_OUTER_BOUND($,#1211,.T.);
#611=FACE_OUTER_BOUND($,#1212,.T.);
#612=FACE_OUTER_BOUND($,#1214,.T.);
#613=FACE_OUTER_BOUND($,#1215,.T.);
#614=FACE_OUTER_BOUND($,#1216,.T.);
#615=FACE_OUTER_BOUND($,#1217,.T.);
#616=FACE_OUTER_BOUND($,#1218,.T.);
#617=FACE_OUTER_BOUND($,#1219,.T.);
#618=FACE_OUTER_BOUND($,#1220,.T.);
#619=FACE_OUTER_BOUND($,#1221,.T.);
#620=FACE_OUTER_BOUND($,#1222,.T.);
#621=FACE_OUTER_BOUND($,#1223,.T.);
#622=FACE_OUTER_BOUND($,#1224,.T.);
#623=FACE_OUTER_BOUND($,#1225,.T.);
#624=FACE_OUTER_BOUND($,#1226,.T.);
#625=FACE_OUTER_BOUND($,#1227,.T.);
#626=FACE_OUTER_BOUND($,#1228,.T.);
#627=FACE_OUTER_BOUND($,#1230,.T.);
#628=FACE_OUTER_BOUND($,#1231,.T.);
#629=FACE_OUTER_BOUND($,#1232,.T.);
#630=FACE_OUTER_BOUND($,#1233,.T.);
#631=FACE_OUTER_BOUND($,#1234,.T.);
#632=FACE_OUTER_BOUND($,#1235,.T.);
#633=FACE_OUTER_BOUND($,#1236,.T.);
#634=FACE_OUTER_BOUND($,#1237,.T.);
#635=FACE_OUTER_BOUND($,#1238,.T.);
#636=FACE_OUTER_BOUND($,#1239,.T.);
#637=FACE_OUTER_BOUND($,#1240,.T.);
#638=FACE_OUTER_BOUND($,#1241,.T.);
#639=FACE_OUTER_BOUND($,#1242,.T.);
#640=FACE_OUTER_BOUND($,#1243,.T.);
#641=FACE_OUTER_BOUND($,#1244,.T.);
#642=FACE_OUTER_BOUND($,#1245,.T.);
#643=FACE_OUTER_BOUND($,#1246,.T.);
#644=FACE_OUTER_BOUND($,#1247,.T.);
#645=FACE_OUTER_BOUND($,#1248,.T.);
#646=FACE_OUTER_BOUND($,#1249,.T.);
#647=FACE_OUTER_BOUND($,#1250,.T.);
#648=FACE_OUTER_BOUND($,#1251,.T.);
#649=FACE_OUTER_BOUND($,#1252,.T.);
#650=FACE_OUTER_BOUND($,#1253,.T.);
#651=FACE_OUTER_BOUND($,#1254,.T.);
#652=FACE_OUTER_BOUND($,#1255,.T.);
#653=FACE_OUTER_BOUND($,#1256,.T.);
#654=FACE_OUTER_BOUND($,#1257,.T.);
#655=FACE_OUTER_BOUND($,#1258,.T.);
#656=FACE_OUTER_BOUND($,#1259,.T.);
#657=FACE_OUTER_BOUND($,#1260,.T.);
#658=FACE_OUTER_BOUND($,#1261,.T.);
#659=FACE_OUTER_BOUND($,#1262,.T.);
#660=FACE_OUTER_BOUND($,#1263,.T.);
#661=FACE_OUTER_BOUND($,#1264,.T.);
#662=FACE_OUTER_BOUND($,#1265,.T.);
#663=FACE_OUTER_BOUND($,#1266,.T.);
#664=FACE_OUTER_BOUND($,#1267,.T.);
#665=FACE_OUTER_BOUND($,#1268,.T.);
#666=FACE_OUTER_BOUND($,#1269,.T.);
#667=FACE_OUTER_BOUND($,#1270,.T.);
#668=FACE_OUTER_BOUND($,#1271,.T.);
#669=FACE_OUTER_BOUND($,#1272,.T.);
#670=FACE_OUTER_BOUND($,#1273,.T.);
#671=FACE_OUTER_BOUND($,#1274,.T.);
#672=FACE_OUTER_BOUND($,#1276,.T.);
#673=FACE_OUTER_BOUND($,#1277,.T.);
#674=FACE_OUTER_BOUND($,#1278,.T.);
#675=FACE_OUTER_BOUND($,#1279,.T.);
#676=FACE_OUTER_BOUND($,#1280,.T.);
#677=FACE_OUTER_BOUND($,#1282,.T.);
#678=FACE_OUTER_BOUND($,#1283,.T.);
#679=FACE_OUTER_BOUND($,#1284,.T.);
#680=FACE_OUTER_BOUND($,#1285,.T.);
#681=FACE_OUTER_BOUND($,#1286,.T.);
#682=FACE_OUTER_BOUND($,#1287,.T.);
#683=FACE_OUTER_BOUND($,#1288,.T.);
#684=FACE_OUTER_BOUND($,#1289,.T.);
#685=FACE_OUTER_BOUND($,#1290,.T.);
#686=FACE_OUTER_BOUND($,#1291,.T.);
#687=FACE_OUTER_BOUND($,#1292,.T.);
#688=FACE_OUTER_BOUND($,#1293,.T.);
#689=FACE_OUTER_BOUND($,#1294,.T.);
#690=FACE_OUTER_BOUND($,#1295,.T.);
#691=FACE_OUTER_BOUND($,#1296,.T.);
#692=FACE_OUTER_BOUND($,#1297,.T.);
#693=FACE_OUTER_BOUND($,#1298,.T.);
#694=FACE_OUTER_BOUND($,#1299,.T.);
#695=FACE_OUTER_BOUND($,#1300,.T.);
#696=FACE_OUTER_BOUND($,#1301,.T.);
#697=FACE_OUTER_BOUND($,#1302,.T.);
#698=FACE_OUTER_BOUND($,#1303,.T.);
#699=FACE_OUTER_BOUND($,#1304,.T.);
#700=FACE_OUTER_BOUND($,#1305,.T.);
#701=FACE_OUTER_BOUND($,#1306,.T.);
#702=FACE_OUTER_BOUND($,#1307,.T.);
#703=FACE_OUTER_BOUND($,#1308,.T.);
#704=FACE_OUTER_BOUND($,#1309,.T.);
#705=FACE_OUTER_BOUND($,#1310,.T.);
#706=FACE_OUTER_BOUND($,#1311,.T.);
#707=FACE_OUTER_BOUND($,#1312,.T.);
#708=FACE_OUTER_BOUND($,#1313,.T.);
#709=FACE_OUTER_BOUND($,#1314,.T.);
#710=FACE_OUTER_BOUND($,#1315,.T.);
#711=FACE_OUTER_BOUND($,#1316,.T.);
#712=FACE_OUTER_BOUND($,#1317,.T.);
#713=FACE_OUTER_BOUND($,#1318,.T.);
#714=FACE_OUTER_BOUND($,#1319,.T.);
#715=FACE_OUTER_BOUND($,#1320,.T.);
#716=FACE_OUTER_BOUND($,#1321,.T.);
#717=FACE_OUTER_BOUND($,#1322,.T.);
#718=FACE_OUTER_BOUND($,#1323,.T.);
#719=FACE_OUTER_BOUND($,#1324,.T.);
#720=FACE_OUTER_BOUND($,#1325,.T.);
#721=FACE_OUTER_BOUND($,#1326,.T.);
#722=EDGE_LOOP($,(#5652,#5653,#5654,#5655));
#723=EDGE_LOOP($,(#5656,#5657,#5658,#5659));
#724=EDGE_LOOP($,(#5660,#5661,#5662,#5663));
#725=EDGE_LOOP($,(#5664,#5665,#5666,#5667));
#726=EDGE_LOOP($,(#5668,#5669,#5670,#5671));
#727=EDGE_LOOP($,(#5672,#5673,#5674,#5675));
#728=EDGE_LOOP($,(#5676,#5677,#5678,#5679));
#729=EDGE_LOOP($,(#5680,#5681,#5682,#5683));
#730=EDGE_LOOP($,(#5684,#5685,#5686,#5687));
#731=EDGE_LOOP($,(#5688,#5689,#5690,#5691));
#732=EDGE_LOOP($,(#5692,#5693,#5694,#5695));
#733=EDGE_LOOP($,(#5696,#5697,#5698,#5699));
#734=EDGE_LOOP($,(#5700,#5701,#5702,#5703));
#735=EDGE_LOOP($,(#5704,#5705,#5706,#5707));
#736=EDGE_LOOP($,(#5708,#5709,#5710,#5711));
#737=EDGE_LOOP($,(#5712,#5713,#5714,#5715));
#738=EDGE_LOOP($,(#5716,#5717,#5718,#5719));
#739=EDGE_LOOP($,(#5720,#5721,#5722,#5723));
#740=EDGE_LOOP($,(#5724,#5725,#5726,#5727));
#741=EDGE_LOOP($,(#5728,#5729,#5730,#5731));
#742=EDGE_LOOP($,(#5732,#5733,#5734,#5735));
#743=EDGE_LOOP($,(#5736,#5737,#5738,#5739));
#744=EDGE_LOOP($,(#5740,#5741,#5742,#5743));
#745=EDGE_LOOP($,(#5744,#5745,#5746,#5747));
#746=EDGE_LOOP($,(#5748,#5749,#5750,#5751));
#747=EDGE_LOOP($,(#5752,#5753,#5754,#5755));
#748=EDGE_LOOP($,(#5756,#5757,#5758,#5759));
#749=EDGE_LOOP($,(#5760,#5761,#5762,#5763));
#750=EDGE_LOOP($,(#5764,#5765,#5766,#5767));
#751=EDGE_LOOP($,(#5768,#5769,#5770,#5771));
#752=EDGE_LOOP($,(#5772,#5773,#5774,#5775));
#753=EDGE_LOOP($,(#5776,#5777,#5778,#5779));
#754=EDGE_LOOP($,(#5780,#5781,#5782,#5783));
#755=EDGE_LOOP($,(#5784,#5785,#5786,#5787));
#756=EDGE_LOOP($,(#5788,#5789,#5790,#5791));
#757=EDGE_LOOP($,(#5792,#5793,#5794,#5795));
#758=EDGE_LOOP($,(#5796,#5797,#5798,#5799));
#759=EDGE_LOOP($,(#5800,#5801,#5802,#5803));
#760=EDGE_LOOP($,(#5804,#5805,#5806,#5807));
#761=EDGE_LOOP($,(#5808,#5809,#5810,#5811));
#762=EDGE_LOOP($,(#5812,#5813,#5814,#5815));
#763=EDGE_LOOP($,(#5816,#5817,#5818,#5819));
#764=EDGE_LOOP($,(#5820,#5821,#5822,#5823));
#765=EDGE_LOOP($,(#5824,#5825,#5826,#5827));
#766=EDGE_LOOP($,(#5828,#5829,#5830,#5831));
#767=EDGE_LOOP($,(#5832,#5833,#5834,#5835));
#768=EDGE_LOOP($,(#5836,#5837,#5838,#5839));
#769=EDGE_LOOP($,(#5840,#5841,#5842,#5843));
#770=EDGE_LOOP($,(#5844,#5845,#5846,#5847));
#771=EDGE_LOOP($,(#5848,#5849,#5850,#5851));
#772=EDGE_LOOP($,(#5852,#5853,#5854,#5855));
#773=EDGE_LOOP($,(#5856,#5857,#5858,#5859));
#774=EDGE_LOOP($,(#5860,#5861,#5862,#5863));
#775=EDGE_LOOP($,(#5864,#5865,#5866,#5867));
#776=EDGE_LOOP($,(#5868,#5869,#5870,#5871));
#777=EDGE_LOOP($,(#5872,#5873,#5874,#5875));
#778=EDGE_LOOP($,(#5876,#5877,#5878,#5879));
#779=EDGE_LOOP($,(#5880,#5881,#5882,#5883));
#780=EDGE_LOOP($,(#5884,#5885,#5886,#5887));
#781=EDGE_LOOP($,(#5888,#5889,#5890,#5891));
#782=EDGE_LOOP($,(#5892,#5893,#5894,#5895));
#783=EDGE_LOOP($,(#5896,#5897,#5898,#5899));
#784=EDGE_LOOP($,(#5900,#5901,#5902,#5903));
#785=EDGE_LOOP($,(#5904,#5905,#5906,#5907));
#786=EDGE_LOOP($,(#5908,#5909,#5910,#5911));
#787=EDGE_LOOP($,(#5912,#5913,#5914,#5915));
#788=EDGE_LOOP($,(#5916,#5917,#5918,#5919));
#789=EDGE_LOOP($,(#5920,#5921,#5922,#5923));
#790=EDGE_LOOP($,(#5924,#5925,#5926,#5927));
#791=EDGE_LOOP($,(#5928,#5929,#5930,#5931));
#792=EDGE_LOOP($,(#5932,#5933,#5934,#5935));
#793=EDGE_LOOP($,(#5936,#5937,#5938,#5939));
#794=EDGE_LOOP($,(#5940,#5941,#5942,#5943));
#795=EDGE_LOOP($,(#5944,#5945,#5946,#5947));
#796=EDGE_LOOP($,(#5948,#5949,#5950,#5951,#5952,#5953,#5954,#5955));
#797=EDGE_LOOP($,(#5956,#5957,#5958,#5959));
#798=EDGE_LOOP($,(#5960,#5961,#5962,#5963));
#799=EDGE_LOOP($,(#5964,#5965,#5966,#5967));
#800=EDGE_LOOP($,(#5968,#5969,#5970,#5971,#5972,#5973,#5974,#5975));
#801=EDGE_LOOP($,(#5976,#5977,#5978,#5979));
#802=EDGE_LOOP($,(#5980,#5981,#5982,#5983));
#803=EDGE_LOOP($,(#5984,#5985,#5986,#5987));
#804=EDGE_LOOP($,(#5988,#5989,#5990,#5991));
#805=EDGE_LOOP($,(#5992,#5993,#5994,#5995));
#806=EDGE_LOOP($,(#5996,#5997,#5998,#5999));
#807=EDGE_LOOP($,(#6000,#6001,#6002,#6003));
#808=EDGE_LOOP($,(#6004,#6005,#6006,#6007));
#809=EDGE_LOOP($,(#6008,#6009,#6010,#6011));
#810=EDGE_LOOP($,(#6012,#6013,#6014,#6015));
#811=EDGE_LOOP($,(#6016,#6017,#6018,#6019));
#812=EDGE_LOOP($,(#6020,#6021,#6022,#6023));
#813=EDGE_LOOP($,(#6024,#6025,#6026,#6027));
#814=EDGE_LOOP($,(#6028,#6029,#6030,#6031));
#815=EDGE_LOOP($,(#6032,#6033,#6034,#6035));
#816=EDGE_LOOP($,(#6036,#6037,#6038,#6039));
#817=EDGE_LOOP($,(#6040,#6041,#6042,#6043));
#818=EDGE_LOOP($,(#6044,#6045,#6046,#6047));
#819=EDGE_LOOP($,(#6048,#6049,#6050,#6051));
#820=EDGE_LOOP($,(#6052,#6053,#6054,#6055));
#821=EDGE_LOOP($,(#6056,#6057,#6058,#6059));
#822=EDGE_LOOP($,(#6060,#6061,#6062,#6063));
#823=EDGE_LOOP($,(#6064,#6065,#6066,#6067));
#824=EDGE_LOOP($,(#6068,#6069,#6070,#6071));
#825=EDGE_LOOP($,(#6072,#6073,#6074,#6075));
#826=EDGE_LOOP($,(#6076,#6077,#6078,#6079));
#827=EDGE_LOOP($,(#6080,#6081,#6082,#6083));
#828=EDGE_LOOP($,(#6084,#6085,#6086,#6087));
#829=EDGE_LOOP($,(#6088,#6089,#6090,#6091));
#830=EDGE_LOOP($,(#6092,#6093,#6094,#6095));
#831=EDGE_LOOP($,(#6096,#6097,#6098,#6099));
#832=EDGE_LOOP($,(#6100,#6101,#6102,#6103));
#833=EDGE_LOOP($,(#6104,#6105,#6106,#6107));
#834=EDGE_LOOP($,(#6108,#6109,#6110,#6111));
#835=EDGE_LOOP($,(#6112,#6113,#6114,#6115));
#836=EDGE_LOOP($,(#6116,#6117,#6118,#6119));
#837=EDGE_LOOP($,(#6120,#6121,#6122,#6123));
#838=EDGE_LOOP($,(#6124,#6125,#6126,#6127));
#839=EDGE_LOOP($,(#6128,#6129,#6130,#6131));
#840=EDGE_LOOP($,(#6132,#6133,#6134,#6135));
#841=EDGE_LOOP($,(#6136,#6137,#6138,#6139));
#842=EDGE_LOOP($,(#6140,#6141,#6142,#6143));
#843=EDGE_LOOP($,(#6144,#6145,#6146,#6147));
#844=EDGE_LOOP($,(#6148,#6149,#6150,#6151));
#845=EDGE_LOOP($,(#6152,#6153,#6154,#6155));
#846=EDGE_LOOP($,(#6156,#6157,#6158,#6159));
#847=EDGE_LOOP($,(#6160,#6161,#6162,#6163));
#848=EDGE_LOOP($,(#6164,#6165,#6166,#6167));
#849=EDGE_LOOP($,(#6168,#6169,#6170,#6171));
#850=EDGE_LOOP($,(#6172,#6173,#6174,#6175));
#851=EDGE_LOOP($,(#6176,#6177,#6178,#6179));
#852=EDGE_LOOP($,(#6180,#6181,#6182,#6183));
#853=EDGE_LOOP($,(#6184,#6185,#6186,#6187));
#854=EDGE_LOOP($,(#6188,#6189,#6190,#6191));
#855=EDGE_LOOP($,(#6192,#6193,#6194,#6195));
#856=EDGE_LOOP($,(#6196,#6197,#6198,#6199));
#857=EDGE_LOOP($,(#6200,#6201,#6202,#6203));
#858=EDGE_LOOP($,(#6204,#6205,#6206,#6207));
#859=EDGE_LOOP($,(#6208,#6209,#6210,#6211));
#860=EDGE_LOOP($,(#6212,#6213,#6214,#6215));
#861=EDGE_LOOP($,(#6216,#6217,#6218,#6219));
#862=EDGE_LOOP($,(#6220,#6221,#6222,#6223));
#863=EDGE_LOOP($,(#6224,#6225,#6226,#6227));
#864=EDGE_LOOP($,(#6228,#6229,#6230,#6231));
#865=EDGE_LOOP($,(#6232,#6233,#6234,#6235));
#866=EDGE_LOOP($,(#6236,#6237,#6238,#6239));
#867=EDGE_LOOP($,(#6240,#6241,#6242,#6243));
#868=EDGE_LOOP($,(#6244,#6245,#6246,#6247));
#869=EDGE_LOOP($,(#6248,#6249,#6250,#6251));
#870=EDGE_LOOP($,(#6252,#6253,#6254,#6255));
#871=EDGE_LOOP($,(#6256,#6257,#6258,#6259));
#872=EDGE_LOOP($,(#6260,#6261,#6262,#6263));
#873=EDGE_LOOP($,(#6264,#6265,#6266,#6267));
#874=EDGE_LOOP($,(#6268,#6269,#6270,#6271));
#875=EDGE_LOOP($,(#6272,#6273,#6274,#6275));
#876=EDGE_LOOP($,(#6276,#6277,#6278,#6279));
#877=EDGE_LOOP($,(#6280,#6281,#6282,#6283));
#878=EDGE_LOOP($,(#6284,#6285,#6286,#6287));
#879=EDGE_LOOP($,(#6288,#6289,#6290,#6291));
#880=EDGE_LOOP($,(#6292,#6293,#6294,#6295));
#881=EDGE_LOOP($,(#6296,#6297,#6298,#6299));
#882=EDGE_LOOP($,(#6300,#6301,#6302,#6303));
#883=EDGE_LOOP($,(#6304,#6305,#6306,#6307));
#884=EDGE_LOOP($,(#6308,#6309,#6310,#6311));
#885=EDGE_LOOP($,(#6312,#6313,#6314,#6315));
#886=EDGE_LOOP($,(#6316,#6317,#6318,#6319));
#887=EDGE_LOOP($,(#6320,#6321,#6322,#6323));
#888=EDGE_LOOP($,(#6324,#6325,#6326,#6327));
#889=EDGE_LOOP($,(#6328,#6329,#6330,#6331));
#890=EDGE_LOOP($,(#6332,#6333,#6334,#6335));
#891=EDGE_LOOP($,(#6336,#6337,#6338,#6339));
#892=EDGE_LOOP($,(#6340,#6341,#6342,#6343));
#893=EDGE_LOOP($,(#6344,#6345,#6346,#6347));
#894=EDGE_LOOP($,(#6348,#6349,#6350,#6351));
#895=EDGE_LOOP($,(#6352,#6353,#6354,#6355));
#896=EDGE_LOOP($,(#6356,#6357,#6358,#6359));
#897=EDGE_LOOP($,(#6360,#6361,#6362,#6363));
#898=EDGE_LOOP($,(#6364,#6365,#6366,#6367));
#899=EDGE_LOOP($,(#6368,#6369,#6370,#6371));
#900=EDGE_LOOP($,(#6372,#6373,#6374,#6375));
#901=EDGE_LOOP($,(#6376,#6377,#6378,#6379));
#902=EDGE_LOOP($,(#6380,#6381,#6382,#6383));
#903=EDGE_LOOP($,(#6384,#6385,#6386,#6387));
#904=EDGE_LOOP($,(#6388,#6389,#6390,#6391));
#905=EDGE_LOOP($,(#6392,#6393,#6394,#6395));
#906=EDGE_LOOP($,(#6396,#6397,#6398,#6399));
#907=EDGE_LOOP($,(#6400,#6401,#6402,#6403));
#908=EDGE_LOOP($,(#6404,#6405,#6406,#6407));
#909=EDGE_LOOP($,(#6408,#6409,#6410,#6411));
#910=EDGE_LOOP($,(#6412,#6413,#6414,#6415));
#911=EDGE_LOOP($,(#6416,#6417,#6418,#6419));
#912=EDGE_LOOP($,(#6420,#6421,#6422,#6423));
#913=EDGE_LOOP($,(#6424,#6425,#6426,#6427));
#914=EDGE_LOOP($,(#6428,#6429,#6430,#6431));
#915=EDGE_LOOP($,(#6432,#6433,#6434,#6435));
#916=EDGE_LOOP($,(#6436,#6437,#6438,#6439));
#917=EDGE_LOOP($,(#6440,#6441,#6442,#6443));
#918=EDGE_LOOP($,(#6444,#6445,#6446,#6447));
#919=EDGE_LOOP($,(#6448,#6449,#6450,#6451));
#920=EDGE_LOOP($,(#6452,#6453,#6454,#6455));
#921=EDGE_LOOP($,(#6456,#6457,#6458,#6459));
#922=EDGE_LOOP($,(#6460,#6461,#6462,#6463));
#923=EDGE_LOOP($,(#6464,#6465,#6466,#6467));
#924=EDGE_LOOP($,(#6468,#6469,#6470,#6471));
#925=EDGE_LOOP($,(#6472,#6473,#6474,#6475));
#926=EDGE_LOOP($,(#6476,#6477,#6478,#6479));
#927=EDGE_LOOP($,(#6480,#6481,#6482,#6483));
#928=EDGE_LOOP($,(#6484,#6485,#6486,#6487));
#929=EDGE_LOOP($,(#6488,#6489,#6490,#6491));
#930=EDGE_LOOP($,(#6492,#6493,#6494,#6495));
#931=EDGE_LOOP($,(#6496,#6497,#6498,#6499));
#932=EDGE_LOOP($,(#6500,#6501,#6502,#6503));
#933=EDGE_LOOP($,(#6504,#6505,#6506,#6507));
#934=EDGE_LOOP($,(#6508,#6509,#6510,#6511));
#935=EDGE_LOOP($,(#6512,#6513,#6514,#6515));
#936=EDGE_LOOP($,(#6516,#6517,#6518,#6519));
#937=EDGE_LOOP($,(#6520,#6521,#6522,#6523));
#938=EDGE_LOOP($,(#6524,#6525,#6526,#6527));
#939=EDGE_LOOP($,(#6528,#6529,#6530,#6531));
#940=EDGE_LOOP($,(#6532,#6533,#6534,#6535));
#941=EDGE_LOOP($,(#6536,#6537,#6538,#6539));
#942=EDGE_LOOP($,(#6540,#6541,#6542,#6543));
#943=EDGE_LOOP($,(#6544,#6545,#6546,#6547));
#944=EDGE_LOOP($,(#6548,#6549,#6550,#6551));
#945=EDGE_LOOP($,(#6552,#6553,#6554,#6555));
#946=EDGE_LOOP($,(#6556,#6557,#6558,#6559));
#947=EDGE_LOOP($,(#6560,#6561,#6562,#6563));
#948=EDGE_LOOP($,(#6564,#6565,#6566,#6567));
#949=EDGE_LOOP($,(#6568,#6569,#6570,#6571));
#950=EDGE_LOOP($,(#6572,#6573,#6574,#6575));
#951=EDGE_LOOP($,(#6576,#6577,#6578,#6579));
#952=EDGE_LOOP($,(#6580,#6581,#6582,#6583));
#953=EDGE_LOOP($,(#6584,#6585,#6586,#6587));
#954=EDGE_LOOP($,(#6588,#6589,#6590,#6591));
#955=EDGE_LOOP($,(#6592,#6593,#6594,#6595));
#956=EDGE_LOOP($,(#6596,#6597,#6598,#6599));
#957=EDGE_LOOP($,(#6600,#6601,#6602,#6603));
#958=EDGE_LOOP($,(#6604,#6605,#6606,#6607));
#959=EDGE_LOOP($,(#6608,#6609,#6610,#6611));
#960=EDGE_LOOP($,(#6612,#6613,#6614,#6615));
#961=EDGE_LOOP($,(#6616,#6617,#6618,#6619));
#962=EDGE_LOOP($,(#6620,#6621,#6622,#6623));
#963=EDGE_LOOP($,(#6624,#6625,#6626,#6627));
#964=EDGE_LOOP($,(#6628,#6629,#6630,#6631));
#965=EDGE_LOOP($,(#6632,#6633,#6634,#6635));
#966=EDGE_LOOP($,(#6636,#6637,#6638,#6639));
#967=EDGE_LOOP($,(#6640,#6641,#6642,#6643));
#968=EDGE_LOOP($,(#6644,#6645,#6646,#6647));
#969=EDGE_LOOP($,(#6648,#6649,#6650,#6651));
#970=EDGE_LOOP($,(#6652,#6653,#6654,#6655));
#971=EDGE_LOOP($,(#6656,#6657,#6658,#6659));
#972=EDGE_LOOP($,(#6660,#6661,#6662,#6663));
#973=EDGE_LOOP($,(#6664,#6665,#6666,#6667));
#974=EDGE_LOOP($,(#6668,#6669,#6670,#6671));
#975=EDGE_LOOP($,(#6672,#6673,#6674,#6675));
#976=EDGE_LOOP($,(#6676,#6677,#6678,#6679));
#977=EDGE_LOOP($,(#6680,#6681,#6682,#6683));
#978=EDGE_LOOP($,(#6684,#6685,#6686,#6687));
#979=EDGE_LOOP($,(#6688,#6689,#6690,#6691));
#980=EDGE_LOOP($,(#6692,#6693,#6694,#6695));
#981=EDGE_LOOP($,(#6696,#6697,#6698,#6699));
#982=EDGE_LOOP($,(#6700,#6701,#6702,#6703));
#983=EDGE_LOOP($,(#6704,#6705,#6706,#6707));
#984=EDGE_LOOP($,(#6708,#6709,#6710,#6711));
#985=EDGE_LOOP($,(#6712,#6713,#6714,#6715));
#986=EDGE_LOOP($,(#6716,#6717,#6718,#6719));
#987=EDGE_LOOP($,(#6720,#6721,#6722,#6723));
#988=EDGE_LOOP($,(#6724,#6725,#6726,#6727));
#989=EDGE_LOOP($,(#6728,#6729,#6730,#6731));
#990=EDGE_LOOP($,(#6732,#6733,#6734,#6735));
#991=EDGE_LOOP($,(#6736,#6737,#6738,#6739));
#992=EDGE_LOOP($,(#6740,#6741,#6742,#6743));
#993=EDGE_LOOP($,(#6744,#6745,#6746,#6747));
#994=EDGE_LOOP($,(#6748,#6749,#6750,#6751));
#995=EDGE_LOOP($,(#6752,#6753,#6754,#6755));
#996=EDGE_LOOP($,(#6756,#6757,#6758,#6759));
#997=EDGE_LOOP($,(#6760,#6761,#6762,#6763));
#998=EDGE_LOOP($,(#6764,#6765,#6766,#6767));
#999=EDGE_LOOP($,(#6768,#6769,#6770,#6771));
#1000=EDGE_LOOP($,(#6772,#6773,#6774,#6775));
#1001=EDGE_LOOP($,(#6776,#6777,#6778,#6779));
#1002=EDGE_LOOP($,(#6780,#6781,#6782,#6783));
#1003=EDGE_LOOP($,(#6784,#6785,#6786,#6787));
#1004=EDGE_LOOP($,(#6788,#6789,#6790,#6791));
#1005=EDGE_LOOP($,(#6792,#6793,#6794,#6795));
#1006=EDGE_LOOP($,(#6796,#6797,#6798,#6799));
#1007=EDGE_LOOP($,(#6800,#6801,#6802,#6803));
#1008=EDGE_LOOP($,(#6804,#6805,#6806,#6807));
#1009=EDGE_LOOP($,(#6808,#6809,#6810,#6811));
#1010=EDGE_LOOP($,(#6812,#6813,#6814,#6815));
#1011=EDGE_LOOP($,(#6816,#6817,#6818,#6819));
#1012=EDGE_LOOP($,(#6820,#6821,#6822,#6823));
#1013=EDGE_LOOP($,(#6824,#6825,#6826,#6827));
#1014=EDGE_LOOP($,(#6828,#6829,#6830,#6831));
#1015=EDGE_LOOP($,(#6832,#6833,#6834,#6835));
#1016=EDGE_LOOP($,(#6836,#6837,#6838,#6839));
#1017=EDGE_LOOP($,(#6840,#6841,#6842,#6843));
#1018=EDGE_LOOP($,(#6844,#6845,#6846,#6847));
#1019=EDGE_LOOP($,(#6848,#6849,#6850,#6851));
#1020=EDGE_LOOP($,(#6852,#6853,#6854,#6855));
#1021=EDGE_LOOP($,(#6856,#6857,#6858,#6859));
#1022=EDGE_LOOP($,(#6860,#6861,#6862,#6863));
#1023=EDGE_LOOP($,(#6864,#6865,#6866,#6867));
#1024=EDGE_LOOP($,(#6868,#6869,#6870,#6871));
#1025=EDGE_LOOP($,(#6872,#6873,#6874,#6875));
#1026=EDGE_LOOP($,(#6876,#6877,#6878,#6879));
#1027=EDGE_LOOP($,(#6880,#6881,#6882,#6883));
#1028=EDGE_LOOP($,(#6884,#6885,#6886,#6887));
#1029=EDGE_LOOP($,(#6888,#6889,#6890,#6891));
#1030=EDGE_LOOP($,(#6892,#6893,#6894,#6895));
#1031=EDGE_LOOP($,(#6896,#6897,#6898,#6899));
#1032=EDGE_LOOP($,(#6900,#6901,#6902,#6903));
#1033=EDGE_LOOP($,(#6904,#6905,#6906,#6907));
#1034=EDGE_LOOP($,(#6908,#6909,#6910,#6911));
#1035=EDGE_LOOP($,(#6912,#6913,#6914,#6915));
#1036=EDGE_LOOP($,(#6916,#6917,#6918,#6919));
#1037=EDGE_LOOP($,(#6920,#6921,#6922,#6923));
#1038=EDGE_LOOP($,(#6924,#6925,#6926,#6927));
#1039=EDGE_LOOP($,(#6928,#6929,#6930,#6931));
#1040=EDGE_LOOP($,(#6932,#6933,#6934,#6935));
#1041=EDGE_LOOP($,(#6936,#6937,#6938,#6939));
#1042=EDGE_LOOP($,(#6940,#6941,#6942,#6943));
#1043=EDGE_LOOP($,(#6944,#6945,#6946,#6947));
#1044=EDGE_LOOP($,(#6948,#6949,#6950,#6951));
#1045=EDGE_LOOP($,(#6952,#6953,#6954,#6955));
#1046=EDGE_LOOP($,(#6956,#6957,#6958,#6959));
#1047=EDGE_LOOP($,(#6960,#6961,#6962,#6963));
#1048=EDGE_LOOP($,(#6964,#6965,#6966,#6967));
#1049=EDGE_LOOP($,(#6968,#6969,#6970,#6971));
#1050=EDGE_LOOP($,(#6972,#6973,#6974,#6975));
#1051=EDGE_LOOP($,(#6976,#6977,#6978,#6979));
#1052=EDGE_LOOP($,(#6980,#6981,#6982,#6983));
#1053=EDGE_LOOP($,(#6984,#6985,#6986,#6987));
#1054=EDGE_LOOP($,(#6988,#6989,#6990,#6991));
#1055=EDGE_LOOP($,(#6992,#6993,#6994,#6995));
#1056=EDGE_LOOP($,(#6996));
#1057=EDGE_LOOP($,(#6997));
#1058=EDGE_LOOP($,(#6998));
#1059=EDGE_LOOP($,(#6999));
#1060=EDGE_LOOP($,(#7000));
#1061=EDGE_LOOP($,(#7001));
#1062=EDGE_LOOP($,(#7002));
#1063=EDGE_LOOP($,(#7003));
#1064=EDGE_LOOP($,(#7004,#7005,#7006,#7007));
#1065=EDGE_LOOP($,(#7008,#7009,#7010,#7011));
#1066=EDGE_LOOP($,(#7012,#7013,#7014,#7015));
#1067=EDGE_LOOP($,(#7016,#7017,#7018,#7019));
#1068=EDGE_LOOP($,(#7020,#7021,#7022,#7023));
#1069=EDGE_LOOP($,(#7024,#7025,#7026,#7027));
#1070=EDGE_LOOP($,(#7028,#7029,#7030,#7031));
#1071=EDGE_LOOP($,(#7032,#7033,#7034,#7035));
#1072=EDGE_LOOP($,(#7036,#7037,#7038,#7039));
#1073=EDGE_LOOP($,(#7040,#7041,#7042,#7043));
#1074=EDGE_LOOP($,(#7044,#7045,#7046,#7047));
#1075=EDGE_LOOP($,(#7048,#7049,#7050,#7051,#7052,#7053,#7054,#7055));
#1076=EDGE_LOOP($,(#7056,#7057,#7058,#7059));
#1077=EDGE_LOOP($,(#7060,#7061,#7062,#7063,#7064,#7065,#7066,#7067));
#1078=EDGE_LOOP($,(#7068,#7069,#7070,#7071));
#1079=EDGE_LOOP($,(#7072,#7073,#7074,#7075));
#1080=EDGE_LOOP($,(#7076,#7077,#7078,#7079));
#1081=EDGE_LOOP($,(#7080,#7081,#7082,#7083));
#1082=EDGE_LOOP($,(#7084,#7085,#7086,#7087));
#1083=EDGE_LOOP($,(#7088,#7089,#7090,#7091));
#1084=EDGE_LOOP($,(#7092,#7093,#7094,#7095));
#1085=EDGE_LOOP($,(#7096,#7097,#7098,#7099));
#1086=EDGE_LOOP($,(#7100,#7101,#7102,#7103));
#1087=EDGE_LOOP($,(#7104,#7105,#7106,#7107));
#1088=EDGE_LOOP($,(#7108,#7109,#7110,#7111));
#1089=EDGE_LOOP($,(#7112,#7113,#7114,#7115,#7116,#7117,#7118,#7119));
#1090=EDGE_LOOP($,(#7120,#7121,#7122,#7123));
#1091=EDGE_LOOP($,(#7124,#7125,#7126,#7127));
#1092=EDGE_LOOP($,(#7128,#7129,#7130,#7131));
#1093=EDGE_LOOP($,(#7132,#7133,#7134,#7135));
#1094=EDGE_LOOP($,(#7136,#7137,#7138,#7139));
#1095=EDGE_LOOP($,(#7140,#7141,#7142,#7143));
#1096=EDGE_LOOP($,(#7144,#7145,#7146,#7147));
#1097=EDGE_LOOP($,(#7148,#7149,#7150,#7151));
#1098=EDGE_LOOP($,(#7152,#7153,#7154,#7155));
#1099=EDGE_LOOP($,(#7156,#7157,#7158,#7159));
#1100=EDGE_LOOP($,(#7160,#7161,#7162,#7163));
#1101=EDGE_LOOP($,(#7164,#7165,#7166,#7167));
#1102=EDGE_LOOP($,(#7168,#7169,#7170,#7171));
#1103=EDGE_LOOP($,(#7172,#7173,#7174,#7175));
#1104=EDGE_LOOP($,(#7176,#7177,#7178,#7179));
#1105=EDGE_LOOP($,(#7180,#7181,#7182,#7183));
#1106=EDGE_LOOP($,(#7184,#7185,#7186,#7187));
#1107=EDGE_LOOP($,(#7188,#7189,#7190,#7191));
#1108=EDGE_LOOP($,(#7192,#7193,#7194,#7195));
#1109=EDGE_LOOP($,(#7196,#7197,#7198,#7199));
#1110=EDGE_LOOP($,(#7200,#7201,#7202,#7203));
#1111=EDGE_LOOP($,(#7204,#7205,#7206,#7207));
#1112=EDGE_LOOP($,(#7208,#7209,#7210,#7211));
#1113=EDGE_LOOP($,(#7212,#7213,#7214,#7215));
#1114=EDGE_LOOP($,(#7216,#7217,#7218,#7219));
#1115=EDGE_LOOP($,(#7220,#7221,#7222,#7223));
#1116=EDGE_LOOP($,(#7224,#7225,#7226,#7227));
#1117=EDGE_LOOP($,(#7228,#7229,#7230,#7231));
#1118=EDGE_LOOP($,(#7232,#7233,#7234,#7235));
#1119=EDGE_LOOP($,(#7236,#7237,#7238,#7239));
#1120=EDGE_LOOP($,(#7240,#7241,#7242,#7243));
#1121=EDGE_LOOP($,(#7244,#7245,#7246,#7247));
#1122=EDGE_LOOP($,(#7248,#7249,#7250,#7251));
#1123=EDGE_LOOP($,(#7252,#7253,#7254,#7255));
#1124=EDGE_LOOP($,(#7256,#7257,#7258,#7259));
#1125=EDGE_LOOP($,(#7260,#7261,#7262,#7263));
#1126=EDGE_LOOP($,(#7264,#7265,#7266,#7267));
#1127=EDGE_LOOP($,(#7268,#7269,#7270,#7271));
#1128=EDGE_LOOP($,(#7272,#7273,#7274,#7275));
#1129=EDGE_LOOP($,(#7276,#7277,#7278,#7279));
#1130=EDGE_LOOP($,(#7280,#7281,#7282,#7283));
#1131=EDGE_LOOP($,(#7284,#7285,#7286,#7287));
#1132=EDGE_LOOP($,(#7288,#7289,#7290,#7291));
#1133=EDGE_LOOP($,(#7292,#7293,#7294,#7295));
#1134=EDGE_LOOP($,(#7296,#7297,#7298,#7299));
#1135=EDGE_LOOP($,(#7300,#7301,#7302,#7303));
#1136=EDGE_LOOP($,(#7304,#7305,#7306,#7307));
#1137=EDGE_LOOP($,(#7308,#7309,#7310,#7311));
#1138=EDGE_LOOP($,(#7312,#7313,#7314,#7315));
#1139=EDGE_LOOP($,(#7316,#7317,#7318,#7319));
#1140=EDGE_LOOP($,(#7320,#7321,#7322,#7323));
#1141=EDGE_LOOP($,(#7324,#7325,#7326,#7327));
#1142=EDGE_LOOP($,(#7328,#7329,#7330,#7331));
#1143=EDGE_LOOP($,(#7332,#7333,#7334,#7335));
#1144=EDGE_LOOP($,(#7336,#7337,#7338,#7339));
#1145=EDGE_LOOP($,(#7340,#7341,#7342,#7343,#7344,#7345,#7346,#7347));
#1146=EDGE_LOOP($,(#7348,#7349,#7350,#7351));
#1147=EDGE_LOOP($,(#7352,#7353,#7354,#7355));
#1148=EDGE_LOOP($,(#7356,#7357,#7358,#7359));
#1149=EDGE_LOOP($,(#7360,#7361,#7362,#7363));
#1150=EDGE_LOOP($,(#7364,#7365,#7366,#7367));
#1151=EDGE_LOOP($,(#7368,#7369,#7370,#7371));
#1152=EDGE_LOOP($,(#7372,#7373,#7374,#7375));
#1153=EDGE_LOOP($,(#7376,#7377,#7378,#7379));
#1154=EDGE_LOOP($,(#7380,#7381,#7382,#7383));
#1155=EDGE_LOOP($,(#7384,#7385,#7386,#7387));
#1156=EDGE_LOOP($,(#7388,#7389,#7390,#7391));
#1157=EDGE_LOOP($,(#7392,#7393,#7394,#7395));
#1158=EDGE_LOOP($,(#7396,#7397,#7398,#7399));
#1159=EDGE_LOOP($,(#7400,#7401,#7402,#7403));
#1160=EDGE_LOOP($,(#7404,#7405,#7406,#7407));
#1161=EDGE_LOOP($,(#7408,#7409,#7410,#7411));
#1162=EDGE_LOOP($,(#7412,#7413,#7414,#7415));
#1163=EDGE_LOOP($,(#7416,#7417,#7418,#7419));
#1164=EDGE_LOOP($,(#7420,#7421,#7422,#7423));
#1165=EDGE_LOOP($,(#7424,#7425,#7426,#7427));
#1166=EDGE_LOOP($,(#7428,#7429,#7430,#7431));
#1167=EDGE_LOOP($,(#7432,#7433,#7434,#7435));
#1168=EDGE_LOOP($,(#7436,#7437,#7438,#7439));
#1169=EDGE_LOOP($,(#7440,#7441,#7442,#7443));
#1170=EDGE_LOOP($,(#7444,#7445,#7446,#7447));
#1171=EDGE_LOOP($,(#7448,#7449,#7450,#7451));
#1172=EDGE_LOOP($,(#7452,#7453,#7454,#7455));
#1173=EDGE_LOOP($,(#7456,#7457,#7458,#7459));
#1174=EDGE_LOOP($,(#7460,#7461,#7462,#7463));
#1175=EDGE_LOOP($,(#7464,#7465,#7466,#7467,#7468,#7469,#7470,#7471));
#1176=EDGE_LOOP($,(#7472,#7473,#7474,#7475));
#1177=EDGE_LOOP($,(#7476,#7477,#7478,#7479,#7480,#7481,#7482,#7483));
#1178=EDGE_LOOP($,(#7484,#7485,#7486,#7487));
#1179=EDGE_LOOP($,(#7488,#7489,#7490,#7491));
#1180=EDGE_LOOP($,(#7492,#7493,#7494,#7495));
#1181=EDGE_LOOP($,(#7496,#7497,#7498,#7499));
#1182=EDGE_LOOP($,(#7500,#7501,#7502,#7503));
#1183=EDGE_LOOP($,(#7504,#7505,#7506,#7507));
#1184=EDGE_LOOP($,(#7508,#7509,#7510,#7511));
#1185=EDGE_LOOP($,(#7512,#7513,#7514,#7515));
#1186=EDGE_LOOP($,(#7516,#7517,#7518,#7519));
#1187=EDGE_LOOP($,(#7520,#7521,#7522,#7523));
#1188=EDGE_LOOP($,(#7524,#7525,#7526,#7527));
#1189=EDGE_LOOP($,(#7528,#7529,#7530,#7531));
#1190=EDGE_LOOP($,(#7532,#7533,#7534,#7535));
#1191=EDGE_LOOP($,(#7536));
#1192=EDGE_LOOP($,(#7537,#7538));
#1193=EDGE_LOOP($,(#7539,#7540,#7541,#7542,#7543,#7544,#7545,#7546));
#1194=EDGE_LOOP($,(#7547,#7548,#7549,#7550));
#1195=EDGE_LOOP($,(#7551,#7552,#7553,#7554,#7555,#7556));
#1196=EDGE_LOOP($,(#7557,#7558,#7559,#7560));
#1197=EDGE_LOOP($,(#7561,#7562,#7563,#7564));
#1198=EDGE_LOOP($,(#7565,#7566,#7567,#7568));
#1199=EDGE_LOOP($,(#7569));
#1200=EDGE_LOOP($,(#7570));
#1201=EDGE_LOOP($,(#7571));
#1202=EDGE_LOOP($,(#7572));
#1203=EDGE_LOOP($,(#7573));
#1204=EDGE_LOOP($,(#7574));
#1205=EDGE_LOOP($,(#7575));
#1206=EDGE_LOOP($,(#7576,#7577,#7578,#7579));
#1207=EDGE_LOOP($,(#7580,#7581,#7582,#7583));
#1208=EDGE_LOOP($,(#7584,#7585,#7586,#7587));
#1209=EDGE_LOOP($,(#7588,#7589,#7590,#7591));
#1210=EDGE_LOOP($,(#7592,#7593,#7594,#7595));
#1211=EDGE_LOOP($,(#7596,#7597,#7598,#7599));
#1212=EDGE_LOOP($,(#7600));
#1213=EDGE_LOOP($,(#7601));
#1214=EDGE_LOOP($,(#7602));
#1215=EDGE_LOOP($,(#7603));
#1216=EDGE_LOOP($,(#7604,#7605,#7606,#7607));
#1217=EDGE_LOOP($,(#7608,#7609,#7610,#7611));
#1218=EDGE_LOOP($,(#7612,#7613,#7614,#7615));
#1219=EDGE_LOOP($,(#7616,#7617,#7618,#7619));
#1220=EDGE_LOOP($,(#7620,#7621,#7622,#7623));
#1221=EDGE_LOOP($,(#7624,#7625,#7626,#7627));
#1222=EDGE_LOOP($,(#7628,#7629,#7630,#7631));
#1223=EDGE_LOOP($,(#7632,#7633,#7634,#7635));
#1224=EDGE_LOOP($,(#7636,#7637,#7638,#7639));
#1225=EDGE_LOOP($,(#7640,#7641,#7642,#7643));
#1226=EDGE_LOOP($,(#7644,#7645,#7646,#7647));
#1227=EDGE_LOOP($,(#7648,#7649,#7650,#7651));
#1228=EDGE_LOOP($,(#7652));
#1229=EDGE_LOOP($,(#7653));
#1230=EDGE_LOOP($,(#7654));
#1231=EDGE_LOOP($,(#7655));
#1232=EDGE_LOOP($,(#7656,#7657,#7658,#7659));
#1233=EDGE_LOOP($,(#7660,#7661,#7662,#7663));
#1234=EDGE_LOOP($,(#7664,#7665,#7666,#7667));
#1235=EDGE_LOOP($,(#7668,#7669,#7670,#7671));
#1236=EDGE_LOOP($,(#7672,#7673,#7674,#7675));
#1237=EDGE_LOOP($,(#7676,#7677,#7678,#7679));
#1238=EDGE_LOOP($,(#7680,#7681,#7682,#7683));
#1239=EDGE_LOOP($,(#7684,#7685,#7686,#7687));
#1240=EDGE_LOOP($,(#7688,#7689,#7690,#7691));
#1241=EDGE_LOOP($,(#7692,#7693,#7694,#7695));
#1242=EDGE_LOOP($,(#7696,#7697,#7698,#7699));
#1243=EDGE_LOOP($,(#7700,#7701,#7702,#7703));
#1244=EDGE_LOOP($,(#7704,#7705,#7706,#7707));
#1245=EDGE_LOOP($,(#7708,#7709,#7710,#7711));
#1246=EDGE_LOOP($,(#7712,#7713,#7714,#7715));
#1247=EDGE_LOOP($,(#7716,#7717,#7718,#7719));
#1248=EDGE_LOOP($,(#7720,#7721,#7722,#7723));
#1249=EDGE_LOOP($,(#7724,#7725,#7726,#7727));
#1250=EDGE_LOOP($,(#7728,#7729,#7730,#7731));
#1251=EDGE_LOOP($,(#7732,#7733,#7734,#7735));
#1252=EDGE_LOOP($,(#7736,#7737,#7738,#7739));
#1253=EDGE_LOOP($,(#7740,#7741,#7742,#7743));
#1254=EDGE_LOOP($,(#7744,#7745,#7746,#7747));
#1255=EDGE_LOOP($,(#7748,#7749,#7750,#7751));
#1256=EDGE_LOOP($,(#7752,#7753,#7754,#7755));
#1257=EDGE_LOOP($,(#7756,#7757,#7758,#7759));
#1258=EDGE_LOOP($,(#7760,#7761,#7762,#7763));
#1259=EDGE_LOOP($,(#7764,#7765,#7766,#7767));
#1260=EDGE_LOOP($,(#7768,#7769,#7770,#7771));
#1261=EDGE_LOOP($,(#7772,#7773,#7774,#7775));
#1262=EDGE_LOOP($,(#7776,#7777,#7778,#7779));
#1263=EDGE_LOOP($,(#7780,#7781,#7782,#7783));
#1264=EDGE_LOOP($,(#7784,#7785,#7786,#7787));
#1265=EDGE_LOOP($,(#7788,#7789,#7790,#7791));
#1266=EDGE_LOOP($,(#7792,#7793,#7794,#7795));
#1267=EDGE_LOOP($,(#7796,#7797,#7798,#7799));
#1268=EDGE_LOOP($,(#7800,#7801,#7802,#7803));
#1269=EDGE_LOOP($,(#7804,#7805,#7806,#7807));
#1270=EDGE_LOOP($,(#7808,#7809,#7810,#7811));
#1271=EDGE_LOOP($,(#7812,#7813,#7814,#7815));
#1272=EDGE_LOOP($,(#7816,#7817,#7818,#7819));
#1273=EDGE_LOOP($,(#7820,#7821,#7822,#7823));
#1274=EDGE_LOOP($,(#7824));
#1275=EDGE_LOOP($,(#7825));
#1276=EDGE_LOOP($,(#7826));
#1277=EDGE_LOOP($,(#7827));
#1278=EDGE_LOOP($,(#7828));
#1279=EDGE_LOOP($,(#7829));
#1280=EDGE_LOOP($,(#7830));
#1281=EDGE_LOOP($,(#7831));
#1282=EDGE_LOOP($,(#7832));
#1283=EDGE_LOOP($,(#7833));
#1284=EDGE_LOOP($,(#7834,#7835,#7836,#7837));
#1285=EDGE_LOOP($,(#7838,#7839,#7840,#7841));
#1286=EDGE_LOOP($,(#7842,#7843,#7844,#7845));
#1287=EDGE_LOOP($,(#7846,#7847,#7848,#7849));
#1288=EDGE_LOOP($,(#7850,#7851,#7852,#7853));
#1289=EDGE_LOOP($,(#7854,#7855,#7856,#7857));
#1290=EDGE_LOOP($,(#7858,#7859,#7860,#7861));
#1291=EDGE_LOOP($,(#7862,#7863,#7864,#7865));
#1292=EDGE_LOOP($,(#7866,#7867,#7868,#7869));
#1293=EDGE_LOOP($,(#7870,#7871,#7872,#7873));
#1294=EDGE_LOOP($,(#7874,#7875,#7876,#7877));
#1295=EDGE_LOOP($,(#7878,#7879,#7880,#7881));
#1296=EDGE_LOOP($,(#7882,#7883,#7884,#7885));
#1297=EDGE_LOOP($,(#7886,#7887,#7888,#7889));
#1298=EDGE_LOOP($,(#7890,#7891,#7892,#7893));
#1299=EDGE_LOOP($,(#7894,#7895,#7896,#7897));
#1300=EDGE_LOOP($,(#7898,#7899,#7900,#7901));
#1301=EDGE_LOOP($,(#7902,#7903,#7904,#7905));
#1302=EDGE_LOOP($,(#7906,#7907,#7908,#7909));
#1303=EDGE_LOOP($,(#7910,#7911,#7912,#7913));
#1304=EDGE_LOOP($,(#7914,#7915,#7916,#7917));
#1305=EDGE_LOOP($,(#7918,#7919,#7920,#7921));
#1306=EDGE_LOOP($,(#7922,#7923,#7924,#7925));
#1307=EDGE_LOOP($,(#7926,#7927,#7928,#7929));
#1308=EDGE_LOOP($,(#7930,#7931,#7932,#7933));
#1309=EDGE_LOOP($,(#7934,#7935,#7936,#7937));
#1310=EDGE_LOOP($,(#7938,#7939,#7940,#7941));
#1311=EDGE_LOOP($,(#7942,#7943,#7944,#7945));
#1312=EDGE_LOOP($,(#7946,#7947,#7948,#7949));
#1313=EDGE_LOOP($,(#7950,#7951,#7952,#7953));
#1314=EDGE_LOOP($,(#7954,#7955,#7956,#7957));
#1315=EDGE_LOOP($,(#7958,#7959,#7960,#7961));
#1316=EDGE_LOOP($,(#7962,#7963,#7964,#7965));
#1317=EDGE_LOOP($,(#7966,#7967,#7968,#7969));
#1318=EDGE_LOOP($,(#7970,#7971,#7972,#7973));
#1319=EDGE_LOOP($,(#7974,#7975,#7976,#7977));
#1320=EDGE_LOOP($,(#7978,#7979,#7980,#7981));
#1321=EDGE_LOOP($,(#7982,#7983,#7984,#7985));
#1322=EDGE_LOOP($,(#7986,#7987,#7988,#7989));
#1323=EDGE_LOOP($,(#7990,#7991,#7992,#7993));
#1324=EDGE_LOOP($,(#7994,#7995,#7996,#7997));
#1325=EDGE_LOOP($,(#7998,#7999,#8000,#8001));
#1326=EDGE_LOOP($,(#8002,#8003,#8004,#8005));
#1327=EDGE_LOOP($,(#8006,#8007,#8008,#8009));
#1328=EDGE_LOOP($,(#8010,#8011,#8012,#8013));
#1329=EDGE_LOOP($,(#8014,#8015,#8016,#8017));
#1330=EDGE_LOOP($,(#8018,#8019,#8020,#8021));
#1331=EDGE_LOOP($,(#8022,#8023,#8024,#8025));
#1332=LINE($,#12200,#2500);
#1333=LINE($,#12202,#2501);
#1334=LINE($,#12204,#2502);
#1335=LINE($,#12205,#2503);
#1336=LINE($,#12208,#2504);
#1337=LINE($,#12210,#2505);
#1338=LINE($,#12211,#2506);
#1339=LINE($,#12214,#2507);
#1340=LINE($,#12216,#2508);
#1341=LINE($,#12217,#2509);
#1342=LINE($,#12219,#2510);
#1343=LINE($,#12220,#2511);
#1344=LINE($,#12226,#2512);
#1345=LINE($,#12228,#2513);
#1346=LINE($,#12230,#2514);
#1347=LINE($,#12231,#2515);
#1348=LINE($,#12234,#2516);
#1349=LINE($,#12236,#2517);
#1350=LINE($,#12237,#2518);
#1351=LINE($,#12240,#2519);
#1352=LINE($,#12242,#2520);
#1353=LINE($,#12243,#2521);
#1354=LINE($,#12245,#2522);
#1355=LINE($,#12246,#2523);
#1356=LINE($,#12252,#2524);
#1357=LINE($,#12254,#2525);
#1358=LINE($,#12256,#2526);
#1359=LINE($,#12257,#2527);
#1360=LINE($,#12260,#2528);
#1361=LINE($,#12262,#2529);
#1362=LINE($,#12263,#2530);
#1363=LINE($,#12266,#2531);
#1364=LINE($,#12268,#2532);
#1365=LINE($,#12269,#2533);
#1366=LINE($,#12273,#2534);
#1367=LINE($,#12275,#2535);
#1368=LINE($,#12277,#2536);
#1369=LINE($,#12278,#2537);
#1370=LINE($,#12280,#2538);
#1371=LINE($,#12281,#2539);
#1372=LINE($,#12284,#2540);
#1373=LINE($,#12286,#2541);
#1374=LINE($,#12287,#2542);
#1375=LINE($,#12291,#2543);
#1376=LINE($,#12293,#2544);
#1377=LINE($,#12294,#2545);
#1378=LINE($,#12296,#2546);
#1379=LINE($,#12297,#2547);
#1380=LINE($,#12301,#2548);
#1381=LINE($,#12303,#2549);
#1382=LINE($,#12305,#2550);
#1383=LINE($,#12306,#2551);
#1384=LINE($,#12309,#2552);
#1385=LINE($,#12311,#2553);
#1386=LINE($,#12312,#2554);
#1387=LINE($,#12315,#2555);
#1388=LINE($,#12317,#2556);
#1389=LINE($,#12318,#2557);
#1390=LINE($,#12322,#2558);
#1391=LINE($,#12324,#2559);
#1392=LINE($,#12326,#2560);
#1393=LINE($,#12327,#2561);
#1394=LINE($,#12329,#2562);
#1395=LINE($,#12330,#2563);
#1396=LINE($,#12333,#2564);
#1397=LINE($,#12335,#2565);
#1398=LINE($,#12336,#2566);
#1399=LINE($,#12340,#2567);
#1400=LINE($,#12342,#2568);
#1401=LINE($,#12343,#2569);
#1402=LINE($,#12345,#2570);
#1403=LINE($,#12346,#2571);
#1404=LINE($,#12350,#2572);
#1405=LINE($,#12352,#2573);
#1406=LINE($,#12354,#2574);
#1407=LINE($,#12355,#2575);
#1408=LINE($,#12358,#2576);
#1409=LINE($,#12360,#2577);
#1410=LINE($,#12361,#2578);
#1411=LINE($,#12364,#2579);
#1412=LINE($,#12366,#2580);
#1413=LINE($,#12367,#2581);
#1414=LINE($,#12371,#2582);
#1415=LINE($,#12373,#2583);
#1416=LINE($,#12375,#2584);
#1417=LINE($,#12376,#2585);
#1418=LINE($,#12378,#2586);
#1419=LINE($,#12379,#2587);
#1420=LINE($,#12382,#2588);
#1421=LINE($,#12384,#2589);
#1422=LINE($,#12385,#2590);
#1423=LINE($,#12389,#2591);
#1424=LINE($,#12391,#2592);
#1425=LINE($,#12392,#2593);
#1426=LINE($,#12394,#2594);
#1427=LINE($,#12395,#2595);
#1428=LINE($,#12399,#2596);
#1429=LINE($,#12401,#2597);
#1430=LINE($,#12403,#2598);
#1431=LINE($,#12404,#2599);
#1432=LINE($,#12407,#2600);
#1433=LINE($,#12409,#2601);
#1434=LINE($,#12410,#2602);
#1435=LINE($,#12413,#2603);
#1436=LINE($,#12415,#2604);
#1437=LINE($,#12416,#2605);
#1438=LINE($,#12420,#2606);
#1439=LINE($,#12422,#2607);
#1440=LINE($,#12424,#2608);
#1441=LINE($,#12425,#2609);
#1442=LINE($,#12427,#2610);
#1443=LINE($,#12428,#2611);
#1444=LINE($,#12431,#2612);
#1445=LINE($,#12433,#2613);
#1446=LINE($,#12434,#2614);
#1447=LINE($,#12438,#2615);
#1448=LINE($,#12440,#2616);
#1449=LINE($,#12441,#2617);
#1450=LINE($,#12443,#2618);
#1451=LINE($,#12444,#2619);
#1452=LINE($,#12448,#2620);
#1453=LINE($,#12450,#2621);
#1454=LINE($,#12452,#2622);
#1455=LINE($,#12453,#2623);
#1456=LINE($,#12456,#2624);
#1457=LINE($,#12458,#2625);
#1458=LINE($,#12459,#2626);
#1459=LINE($,#12462,#2627);
#1460=LINE($,#12464,#2628);
#1461=LINE($,#12465,#2629);
#1462=LINE($,#12467,#2630);
#1463=LINE($,#12468,#2631);
#1464=LINE($,#12474,#2632);
#1465=LINE($,#12476,#2633);
#1466=LINE($,#12478,#2634);
#1467=LINE($,#12479,#2635);
#1468=LINE($,#12482,#2636);
#1469=LINE($,#12484,#2637);
#1470=LINE($,#12485,#2638);
#1471=LINE($,#12488,#2639);
#1472=LINE($,#12490,#2640);
#1473=LINE($,#12491,#2641);
#1474=LINE($,#12493,#2642);
#1475=LINE($,#12494,#2643);
#1476=LINE($,#12500,#2644);
#1477=LINE($,#12502,#2645);
#1478=LINE($,#12504,#2646);
#1479=LINE($,#12505,#2647);
#1480=LINE($,#12509,#2648);
#1481=LINE($,#12511,#2649);
#1482=LINE($,#12513,#2650);
#1483=LINE($,#12514,#2651);
#1484=LINE($,#12517,#2652);
#1485=LINE($,#12518,#2653);
#1486=LINE($,#12520,#2654);
#1487=LINE($,#12522,#2655);
#1488=LINE($,#12524,#2656);
#1489=LINE($,#12525,#2657);
#1490=LINE($,#12529,#2658);
#1491=LINE($,#12530,#2659);
#1492=LINE($,#12531,#2660);
#1493=LINE($,#12534,#2661);
#1494=LINE($,#12535,#2662);
#1495=LINE($,#12537,#2663);
#1496=LINE($,#12539,#2664);
#1497=LINE($,#12541,#2665);
#1498=LINE($,#12542,#2666);
#1499=LINE($,#12544,#2667);
#1500=LINE($,#12548,#2668);
#1501=LINE($,#12550,#2669);
#1502=LINE($,#12552,#2670);
#1503=LINE($,#12553,#2671);
#1504=LINE($,#12557,#2672);
#1505=LINE($,#12559,#2673);
#1506=LINE($,#12561,#2674);
#1507=LINE($,#12562,#2675);
#1508=LINE($,#12564,#2676);
#1509=LINE($,#12565,#2677);
#1510=LINE($,#12567,#2678);
#1511=LINE($,#12569,#2679);
#1512=LINE($,#12574,#2680);
#1513=LINE($,#12576,#2681);
#1514=LINE($,#12578,#2682);
#1515=LINE($,#12579,#2683);
#1516=LINE($,#12582,#2684);
#1517=LINE($,#12584,#2685);
#1518=LINE($,#12585,#2686);
#1519=LINE($,#12588,#2687);
#1520=LINE($,#12589,#2688);
#1521=LINE($,#12592,#2689);
#1522=LINE($,#12593,#2690);
#1523=LINE($,#12595,#2691);
#1524=LINE($,#12599,#2692);
#1525=LINE($,#12601,#2693);
#1526=LINE($,#12603,#2694);
#1527=LINE($,#12604,#2695);
#1528=LINE($,#12608,#2696);
#1529=LINE($,#12610,#2697);
#1530=LINE($,#12612,#2698);
#1531=LINE($,#12613,#2699);
#1532=LINE($,#12615,#2700);
#1533=LINE($,#12616,#2701);
#1534=LINE($,#12618,#2702);
#1535=LINE($,#12620,#2703);
#1536=LINE($,#12625,#2704);
#1537=LINE($,#12627,#2705);
#1538=LINE($,#12629,#2706);
#1539=LINE($,#12630,#2707);
#1540=LINE($,#12634,#2708);
#1541=LINE($,#12636,#2709);
#1542=LINE($,#12638,#2710);
#1543=LINE($,#12639,#2711);
#1544=LINE($,#12641,#2712);
#1545=LINE($,#12642,#2713);
#1546=LINE($,#12644,#2714);
#1547=LINE($,#12646,#2715);
#1548=LINE($,#12651,#2716);
#1549=LINE($,#12653,#2717);
#1550=LINE($,#12655,#2718);
#1551=LINE($,#12656,#2719);
#1552=LINE($,#12660,#2720);
#1553=LINE($,#12662,#2721);
#1554=LINE($,#12664,#2722);
#1555=LINE($,#12665,#2723);
#1556=LINE($,#12667,#2724);
#1557=LINE($,#12668,#2725);
#1558=LINE($,#12670,#2726);
#1559=LINE($,#12672,#2727);
#1560=LINE($,#12677,#2728);
#1561=LINE($,#12679,#2729);
#1562=LINE($,#12681,#2730);
#1563=LINE($,#12682,#2731);
#1564=LINE($,#12686,#2732);
#1565=LINE($,#12688,#2733);
#1566=LINE($,#12690,#2734);
#1567=LINE($,#12691,#2735);
#1568=LINE($,#12693,#2736);
#1569=LINE($,#12694,#2737);
#1570=LINE($,#12696,#2738);
#1571=LINE($,#12698,#2739);
#1572=LINE($,#12703,#2740);
#1573=LINE($,#12705,#2741);
#1574=LINE($,#12707,#2742);
#1575=LINE($,#12708,#2743);
#1576=LINE($,#12712,#2744);
#1577=LINE($,#12714,#2745);
#1578=LINE($,#12716,#2746);
#1579=LINE($,#12717,#2747);
#1580=LINE($,#12719,#2748);
#1581=LINE($,#12720,#2749);
#1582=LINE($,#12722,#2750);
#1583=LINE($,#12724,#2751);
#1584=LINE($,#12729,#2752);
#1585=LINE($,#12731,#2753);
#1586=LINE($,#12733,#2754);
#1587=LINE($,#12734,#2755);
#1588=LINE($,#12738,#2756);
#1589=LINE($,#12740,#2757);
#1590=LINE($,#12742,#2758);
#1591=LINE($,#12743,#2759);
#1592=LINE($,#12745,#2760);
#1593=LINE($,#12746,#2761);
#1594=LINE($,#12748,#2762);
#1595=LINE($,#12750,#2763);
#1596=LINE($,#12755,#2764);
#1597=LINE($,#12757,#2765);
#1598=LINE($,#12759,#2766);
#1599=LINE($,#12760,#2767);
#1600=LINE($,#12764,#2768);
#1601=LINE($,#12766,#2769);
#1602=LINE($,#12768,#2770);
#1603=LINE($,#12769,#2771);
#1604=LINE($,#12771,#2772);
#1605=LINE($,#12772,#2773);
#1606=LINE($,#12774,#2774);
#1607=LINE($,#12776,#2775);
#1608=LINE($,#12781,#2776);
#1609=LINE($,#12783,#2777);
#1610=LINE($,#12785,#2778);
#1611=LINE($,#12786,#2779);
#1612=LINE($,#12789,#2780);
#1613=LINE($,#12791,#2781);
#1614=LINE($,#12793,#2782);
#1615=LINE($,#12794,#2783);
#1616=LINE($,#12798,#2784);
#1617=LINE($,#12800,#2785);
#1618=LINE($,#12802,#2786);
#1619=LINE($,#12803,#2787);
#1620=LINE($,#12806,#2788);
#1621=LINE($,#12808,#2789);
#1622=LINE($,#12810,#2790);
#1623=LINE($,#12811,#2791);
#1624=LINE($,#12813,#2792);
#1625=LINE($,#12814,#2793);
#1626=LINE($,#12816,#2794);
#1627=LINE($,#12818,#2795);
#1628=LINE($,#12821,#2796);
#1629=LINE($,#12822,#2797);
#1630=LINE($,#12824,#2798);
#1631=LINE($,#12826,#2799);
#1632=LINE($,#12831,#2800);
#1633=LINE($,#12833,#2801);
#1634=LINE($,#12835,#2802);
#1635=LINE($,#12836,#2803);
#1636=LINE($,#12840,#2804);
#1637=LINE($,#12842,#2805);
#1638=LINE($,#12844,#2806);
#1639=LINE($,#12845,#2807);
#1640=LINE($,#12847,#2808);
#1641=LINE($,#12848,#2809);
#1642=LINE($,#12850,#2810);
#1643=LINE($,#12852,#2811);
#1644=LINE($,#12857,#2812);
#1645=LINE($,#12859,#2813);
#1646=LINE($,#12861,#2814);
#1647=LINE($,#12862,#2815);
#1648=LINE($,#12866,#2816);
#1649=LINE($,#12868,#2817);
#1650=LINE($,#12870,#2818);
#1651=LINE($,#12871,#2819);
#1652=LINE($,#12873,#2820);
#1653=LINE($,#12874,#2821);
#1654=LINE($,#12876,#2822);
#1655=LINE($,#12878,#2823);
#1656=LINE($,#12883,#2824);
#1657=LINE($,#12885,#2825);
#1658=LINE($,#12887,#2826);
#1659=LINE($,#12888,#2827);
#1660=LINE($,#12892,#2828);
#1661=LINE($,#12894,#2829);
#1662=LINE($,#12896,#2830);
#1663=LINE($,#12897,#2831);
#1664=LINE($,#12899,#2832);
#1665=LINE($,#12900,#2833);
#1666=LINE($,#12902,#2834);
#1667=LINE($,#12904,#2835);
#1668=LINE($,#12909,#2836);
#1669=LINE($,#12911,#2837);
#1670=LINE($,#12913,#2838);
#1671=LINE($,#12914,#2839);
#1672=LINE($,#12918,#2840);
#1673=LINE($,#12920,#2841);
#1674=LINE($,#12922,#2842);
#1675=LINE($,#12923,#2843);
#1676=LINE($,#12925,#2844);
#1677=LINE($,#12926,#2845);
#1678=LINE($,#12928,#2846);
#1679=LINE($,#12930,#2847);
#1680=LINE($,#12935,#2848);
#1681=LINE($,#12937,#2849);
#1682=LINE($,#12939,#2850);
#1683=LINE($,#12940,#2851);
#1684=LINE($,#12944,#2852);
#1685=LINE($,#12946,#2853);
#1686=LINE($,#12948,#2854);
#1687=LINE($,#12949,#2855);
#1688=LINE($,#12951,#2856);
#1689=LINE($,#12952,#2857);
#1690=LINE($,#12954,#2858);
#1691=LINE($,#12956,#2859);
#1692=LINE($,#12961,#2860);
#1693=LINE($,#12963,#2861);
#1694=LINE($,#12965,#2862);
#1695=LINE($,#12966,#2863);
#1696=LINE($,#12970,#2864);
#1697=LINE($,#12972,#2865);
#1698=LINE($,#12974,#2866);
#1699=LINE($,#12975,#2867);
#1700=LINE($,#12977,#2868);
#1701=LINE($,#12978,#2869);
#1702=LINE($,#12980,#2870);
#1703=LINE($,#12982,#2871);
#1704=LINE($,#12987,#2872);
#1705=LINE($,#12989,#2873);
#1706=LINE($,#12991,#2874);
#1707=LINE($,#12992,#2875);
#1708=LINE($,#12996,#2876);
#1709=LINE($,#12998,#2877);
#1710=LINE($,#13000,#2878);
#1711=LINE($,#13001,#2879);
#1712=LINE($,#13003,#2880);
#1713=LINE($,#13004,#2881);
#1714=LINE($,#13006,#2882);
#1715=LINE($,#13008,#2883);
#1716=LINE($,#13013,#2884);
#1717=LINE($,#13015,#2885);
#1718=LINE($,#13017,#2886);
#1719=LINE($,#13018,#2887);
#1720=LINE($,#13022,#2888);
#1721=LINE($,#13024,#2889);
#1722=LINE($,#13026,#2890);
#1723=LINE($,#13027,#2891);
#1724=LINE($,#13029,#2892);
#1725=LINE($,#13030,#2893);
#1726=LINE($,#13032,#2894);
#1727=LINE($,#13034,#2895);
#1728=LINE($,#13039,#2896);
#1729=LINE($,#13041,#2897);
#1730=LINE($,#13043,#2898);
#1731=LINE($,#13044,#2899);
#1732=LINE($,#13048,#2900);
#1733=LINE($,#13050,#2901);
#1734=LINE($,#13052,#2902);
#1735=LINE($,#13053,#2903);
#1736=LINE($,#13055,#2904);
#1737=LINE($,#13056,#2905);
#1738=LINE($,#13058,#2906);
#1739=LINE($,#13060,#2907);
#1740=LINE($,#13065,#2908);
#1741=LINE($,#13067,#2909);
#1742=LINE($,#13069,#2910);
#1743=LINE($,#13070,#2911);
#1744=LINE($,#13074,#2912);
#1745=LINE($,#13076,#2913);
#1746=LINE($,#13078,#2914);
#1747=LINE($,#13079,#2915);
#1748=LINE($,#13081,#2916);
#1749=LINE($,#13082,#2917);
#1750=LINE($,#13084,#2918);
#1751=LINE($,#13086,#2919);
#1752=LINE($,#13091,#2920);
#1753=LINE($,#13093,#2921);
#1754=LINE($,#13095,#2922);
#1755=LINE($,#13096,#2923);
#1756=LINE($,#13100,#2924);
#1757=LINE($,#13102,#2925);
#1758=LINE($,#13104,#2926);
#1759=LINE($,#13105,#2927);
#1760=LINE($,#13107,#2928);
#1761=LINE($,#13108,#2929);
#1762=LINE($,#13110,#2930);
#1763=LINE($,#13112,#2931);
#1764=LINE($,#13117,#2932);
#1765=LINE($,#13119,#2933);
#1766=LINE($,#13121,#2934);
#1767=LINE($,#13122,#2935);
#1768=LINE($,#13126,#2936);
#1769=LINE($,#13128,#2937);
#1770=LINE($,#13130,#2938);
#1771=LINE($,#13131,#2939);
#1772=LINE($,#13133,#2940);
#1773=LINE($,#13134,#2941);
#1774=LINE($,#13136,#2942);
#1775=LINE($,#13138,#2943);
#1776=LINE($,#13143,#2944);
#1777=LINE($,#13145,#2945);
#1778=LINE($,#13147,#2946);
#1779=LINE($,#13148,#2947);
#1780=LINE($,#13151,#2948);
#1781=LINE($,#13153,#2949);
#1782=LINE($,#13154,#2950);
#1783=LINE($,#13157,#2951);
#1784=LINE($,#13158,#2952);
#1785=LINE($,#13161,#2953);
#1786=LINE($,#13162,#2954);
#1787=LINE($,#13164,#2955);
#1788=LINE($,#13169,#2956);
#1789=LINE($,#13171,#2957);
#1790=LINE($,#13173,#2958);
#1791=LINE($,#13174,#2959);
#1792=LINE($,#13178,#2960);
#1793=LINE($,#13180,#2961);
#1794=LINE($,#13182,#2962);
#1795=LINE($,#13183,#2963);
#1796=LINE($,#13185,#2964);
#1797=LINE($,#13186,#2965);
#1798=LINE($,#13188,#2966);
#1799=LINE($,#13190,#2967);
#1800=LINE($,#13195,#2968);
#1801=LINE($,#13197,#2969);
#1802=LINE($,#13199,#2970);
#1803=LINE($,#13200,#2971);
#1804=LINE($,#13204,#2972);
#1805=LINE($,#13206,#2973);
#1806=LINE($,#13208,#2974);
#1807=LINE($,#13209,#2975);
#1808=LINE($,#13211,#2976);
#1809=LINE($,#13212,#2977);
#1810=LINE($,#13214,#2978);
#1811=LINE($,#13216,#2979);
#1812=LINE($,#13221,#2980);
#1813=LINE($,#13223,#2981);
#1814=LINE($,#13225,#2982);
#1815=LINE($,#13226,#2983);
#1816=LINE($,#13230,#2984);
#1817=LINE($,#13232,#2985);
#1818=LINE($,#13234,#2986);
#1819=LINE($,#13235,#2987);
#1820=LINE($,#13237,#2988);
#1821=LINE($,#13238,#2989);
#1822=LINE($,#13240,#2990);
#1823=LINE($,#13242,#2991);
#1824=LINE($,#13247,#2992);
#1825=LINE($,#13249,#2993);
#1826=LINE($,#13251,#2994);
#1827=LINE($,#13252,#2995);
#1828=LINE($,#13256,#2996);
#1829=LINE($,#13258,#2997);
#1830=LINE($,#13260,#2998);
#1831=LINE($,#13261,#2999);
#1832=LINE($,#13263,#3000);
#1833=LINE($,#13264,#3001);
#1834=LINE($,#13266,#3002);
#1835=LINE($,#13268,#3003);
#1836=LINE($,#13273,#3004);
#1837=LINE($,#13275,#3005);
#1838=LINE($,#13277,#3006);
#1839=LINE($,#13278,#3007);
#1840=LINE($,#13282,#3008);
#1841=LINE($,#13284,#3009);
#1842=LINE($,#13286,#3010);
#1843=LINE($,#13287,#3011);
#1844=LINE($,#13289,#3012);
#1845=LINE($,#13290,#3013);
#1846=LINE($,#13292,#3014);
#1847=LINE($,#13294,#3015);
#1848=LINE($,#13299,#3016);
#1849=LINE($,#13301,#3017);
#1850=LINE($,#13303,#3018);
#1851=LINE($,#13304,#3019);
#1852=LINE($,#13308,#3020);
#1853=LINE($,#13310,#3021);
#1854=LINE($,#13312,#3022);
#1855=LINE($,#13313,#3023);
#1856=LINE($,#13315,#3024);
#1857=LINE($,#13316,#3025);
#1858=LINE($,#13318,#3026);
#1859=LINE($,#13320,#3027);
#1860=LINE($,#13325,#3028);
#1861=LINE($,#13327,#3029);
#1862=LINE($,#13329,#3030);
#1863=LINE($,#13330,#3031);
#1864=LINE($,#13334,#3032);
#1865=LINE($,#13336,#3033);
#1866=LINE($,#13338,#3034);
#1867=LINE($,#13339,#3035);
#1868=LINE($,#13341,#3036);
#1869=LINE($,#13342,#3037);
#1870=LINE($,#13344,#3038);
#1871=LINE($,#13346,#3039);
#1872=LINE($,#13351,#3040);
#1873=LINE($,#13353,#3041);
#1874=LINE($,#13355,#3042);
#1875=LINE($,#13356,#3043);
#1876=LINE($,#13360,#3044);
#1877=LINE($,#13362,#3045);
#1878=LINE($,#13364,#3046);
#1879=LINE($,#13365,#3047);
#1880=LINE($,#13367,#3048);
#1881=LINE($,#13368,#3049);
#1882=LINE($,#13370,#3050);
#1883=LINE($,#13372,#3051);
#1884=LINE($,#13377,#3052);
#1885=LINE($,#13379,#3053);
#1886=LINE($,#13381,#3054);
#1887=LINE($,#13382,#3055);
#1888=LINE($,#13386,#3056);
#1889=LINE($,#13388,#3057);
#1890=LINE($,#13390,#3058);
#1891=LINE($,#13391,#3059);
#1892=LINE($,#13393,#3060);
#1893=LINE($,#13394,#3061);
#1894=LINE($,#13396,#3062);
#1895=LINE($,#13398,#3063);
#1896=LINE($,#13403,#3064);
#1897=LINE($,#13405,#3065);
#1898=LINE($,#13407,#3066);
#1899=LINE($,#13408,#3067);
#1900=LINE($,#13412,#3068);
#1901=LINE($,#13414,#3069);
#1902=LINE($,#13416,#3070);
#1903=LINE($,#13417,#3071);
#1904=LINE($,#13419,#3072);
#1905=LINE($,#13420,#3073);
#1906=LINE($,#13422,#3074);
#1907=LINE($,#13424,#3075);
#1908=LINE($,#13429,#3076);
#1909=LINE($,#13431,#3077);
#1910=LINE($,#13433,#3078);
#1911=LINE($,#13434,#3079);
#1912=LINE($,#13438,#3080);
#1913=LINE($,#13440,#3081);
#1914=LINE($,#13442,#3082);
#1915=LINE($,#13443,#3083);
#1916=LINE($,#13445,#3084);
#1917=LINE($,#13446,#3085);
#1918=LINE($,#13448,#3086);
#1919=LINE($,#13450,#3087);
#1920=LINE($,#13455,#3088);
#1921=LINE($,#13457,#3089);
#1922=LINE($,#13459,#3090);
#1923=LINE($,#13460,#3091);
#1924=LINE($,#13464,#3092);
#1925=LINE($,#13466,#3093);
#1926=LINE($,#13468,#3094);
#1927=LINE($,#13469,#3095);
#1928=LINE($,#13471,#3096);
#1929=LINE($,#13472,#3097);
#1930=LINE($,#13474,#3098);
#1931=LINE($,#13476,#3099);
#1932=LINE($,#13481,#3100);
#1933=LINE($,#13483,#3101);
#1934=LINE($,#13485,#3102);
#1935=LINE($,#13486,#3103);
#1936=LINE($,#13490,#3104);
#1937=LINE($,#13492,#3105);
#1938=LINE($,#13494,#3106);
#1939=LINE($,#13495,#3107);
#1940=LINE($,#13497,#3108);
#1941=LINE($,#13498,#3109);
#1942=LINE($,#13500,#3110);
#1943=LINE($,#13502,#3111);
#1944=LINE($,#13507,#3112);
#1945=LINE($,#13509,#3113);
#1946=LINE($,#13511,#3114);
#1947=LINE($,#13512,#3115);
#1948=LINE($,#13516,#3116);
#1949=LINE($,#13518,#3117);
#1950=LINE($,#13520,#3118);
#1951=LINE($,#13521,#3119);
#1952=LINE($,#13523,#3120);
#1953=LINE($,#13524,#3121);
#1954=LINE($,#13526,#3122);
#1955=LINE($,#13528,#3123);
#1956=LINE($,#13533,#3124);
#1957=LINE($,#13535,#3125);
#1958=LINE($,#13537,#3126);
#1959=LINE($,#13538,#3127);
#1960=LINE($,#13542,#3128);
#1961=LINE($,#13544,#3129);
#1962=LINE($,#13546,#3130);
#1963=LINE($,#13547,#3131);
#1964=LINE($,#13549,#3132);
#1965=LINE($,#13550,#3133);
#1966=LINE($,#13552,#3134);
#1967=LINE($,#13554,#3135);
#1968=LINE($,#13559,#3136);
#1969=LINE($,#13561,#3137);
#1970=LINE($,#13563,#3138);
#1971=LINE($,#13564,#3139);
#1972=LINE($,#13568,#3140);
#1973=LINE($,#13570,#3141);
#1974=LINE($,#13572,#3142);
#1975=LINE($,#13573,#3143);
#1976=LINE($,#13575,#3144);
#1977=LINE($,#13576,#3145);
#1978=LINE($,#13578,#3146);
#1979=LINE($,#13580,#3147);
#1980=LINE($,#13585,#3148);
#1981=LINE($,#13587,#3149);
#1982=LINE($,#13589,#3150);
#1983=LINE($,#13590,#3151);
#1984=LINE($,#13594,#3152);
#1985=LINE($,#13596,#3153);
#1986=LINE($,#13598,#3154);
#1987=LINE($,#13599,#3155);
#1988=LINE($,#13601,#3156);
#1989=LINE($,#13602,#3157);
#1990=LINE($,#13604,#3158);
#1991=LINE($,#13606,#3159);
#1992=LINE($,#13611,#3160);
#1993=LINE($,#13613,#3161);
#1994=LINE($,#13615,#3162);
#1995=LINE($,#13616,#3163);
#1996=LINE($,#13620,#3164);
#1997=LINE($,#13622,#3165);
#1998=LINE($,#13624,#3166);
#1999=LINE($,#13625,#3167);
#2000=LINE($,#13627,#3168);
#2001=LINE($,#13628,#3169);
#2002=LINE($,#13630,#3170);
#2003=LINE($,#13632,#3171);
#2004=LINE($,#13651,#3172);
#2005=LINE($,#13653,#3173);
#2006=LINE($,#13655,#3174);
#2007=LINE($,#13656,#3175);
#2008=LINE($,#13659,#3176);
#2009=LINE($,#13661,#3177);
#2010=LINE($,#13662,#3178);
#2011=LINE($,#13665,#3179);
#2012=LINE($,#13666,#3180);
#2013=LINE($,#13669,#3181);
#2014=LINE($,#13670,#3182);
#2015=LINE($,#13672,#3183);
#2016=LINE($,#13677,#3184);
#2017=LINE($,#13679,#3185);
#2018=LINE($,#13681,#3186);
#2019=LINE($,#13682,#3187);
#2020=LINE($,#13686,#3188);
#2021=LINE($,#13688,#3189);
#2022=LINE($,#13690,#3190);
#2023=LINE($,#13691,#3191);
#2024=LINE($,#13694,#3192);
#2025=LINE($,#13696,#3193);
#2026=LINE($,#13697,#3194);
#2027=LINE($,#13701,#3195);
#2028=LINE($,#13703,#3196);
#2029=LINE($,#13705,#3197);
#2030=LINE($,#13706,#3198);
#2031=LINE($,#13709,#3199);
#2032=LINE($,#13711,#3200);
#2033=LINE($,#13712,#3201);
#2034=LINE($,#13715,#3202);
#2035=LINE($,#13717,#3203);
#2036=LINE($,#13718,#3204);
#2037=LINE($,#13719,#3205);
#2038=LINE($,#13722,#3206);
#2039=LINE($,#13723,#3207);
#2040=LINE($,#13726,#3208);
#2041=LINE($,#13727,#3209);
#2042=LINE($,#13728,#3210);
#2043=LINE($,#13730,#3211);
#2044=LINE($,#13734,#3212);
#2045=LINE($,#13736,#3213);
#2046=LINE($,#13738,#3214);
#2047=LINE($,#13739,#3215);
#2048=LINE($,#13741,#3216);
#2049=LINE($,#13742,#3217);
#2050=LINE($,#13744,#3218);
#2051=LINE($,#13746,#3219);
#2052=LINE($,#13751,#3220);
#2053=LINE($,#13753,#3221);
#2054=LINE($,#13755,#3222);
#2055=LINE($,#13756,#3223);
#2056=LINE($,#13759,#3224);
#2057=LINE($,#13761,#3225);
#2058=LINE($,#13762,#3226);
#2059=LINE($,#13765,#3227);
#2060=LINE($,#13767,#3228);
#2061=LINE($,#13768,#3229);
#2062=LINE($,#13771,#3230);
#2063=LINE($,#13773,#3231);
#2064=LINE($,#13775,#3232);
#2065=LINE($,#13777,#3233);
#2066=LINE($,#13778,#3234);
#2067=LINE($,#13781,#3235);
#2068=LINE($,#13783,#3236);
#2069=LINE($,#13785,#3237);
#2070=LINE($,#13786,#3238);
#2071=LINE($,#13789,#3239);
#2072=LINE($,#13791,#3240);
#2073=LINE($,#13793,#3241);
#2074=LINE($,#13794,#3242);
#2075=LINE($,#13797,#3243);
#2076=LINE($,#13799,#3244);
#2077=LINE($,#13801,#3245);
#2078=LINE($,#13802,#3246);
#2079=LINE($,#13805,#3247);
#2080=LINE($,#13807,#3248);
#2081=LINE($,#13809,#3249);
#2082=LINE($,#13810,#3250);
#2083=LINE($,#13813,#3251);
#2084=LINE($,#13814,#3252);
#2085=LINE($,#13817,#3253);
#2086=LINE($,#13818,#3254);
#2087=LINE($,#13821,#3255);
#2088=LINE($,#13823,#3256);
#2089=LINE($,#13824,#3257);
#2090=LINE($,#13827,#3258);
#2091=LINE($,#13828,#3259);
#2092=LINE($,#13831,#3260);
#2093=LINE($,#13832,#3261);
#2094=LINE($,#13836,#3262);
#2095=LINE($,#13838,#3263);
#2096=LINE($,#13840,#3264);
#2097=LINE($,#13841,#3265);
#2098=LINE($,#13843,#3266);
#2099=LINE($,#13846,#3267);
#2100=LINE($,#13848,#3268);
#2101=LINE($,#13849,#3269);
#2102=LINE($,#13853,#3270);
#2103=LINE($,#13855,#3271);
#2104=LINE($,#13856,#3272);
#2105=LINE($,#13858,#3273);
#2106=LINE($,#13859,#3274);
#2107=LINE($,#13862,#3275);
#2108=LINE($,#13864,#3276);
#2109=LINE($,#13865,#3277);
#2110=LINE($,#13868,#3278);
#2111=LINE($,#13869,#3279);
#2112=LINE($,#13872,#3280);
#2113=LINE($,#13873,#3281);
#2114=LINE($,#13877,#3282);
#2115=LINE($,#13879,#3283);
#2116=LINE($,#13881,#3284);
#2117=LINE($,#13882,#3285);
#2118=LINE($,#13884,#3286);
#2119=LINE($,#13887,#3287);
#2120=LINE($,#13889,#3288);
#2121=LINE($,#13890,#3289);
#2122=LINE($,#13894,#3290);
#2123=LINE($,#13896,#3291);
#2124=LINE($,#13897,#3292);
#2125=LINE($,#13899,#3293);
#2126=LINE($,#13900,#3294);
#2127=LINE($,#13903,#3295);
#2128=LINE($,#13905,#3296);
#2129=LINE($,#13906,#3297);
#2130=LINE($,#13909,#3298);
#2131=LINE($,#13910,#3299);
#2132=LINE($,#13913,#3300);
#2133=LINE($,#13914,#3301);
#2134=LINE($,#13918,#3302);
#2135=LINE($,#13920,#3303);
#2136=LINE($,#13922,#3304);
#2137=LINE($,#13923,#3305);
#2138=LINE($,#13925,#3306);
#2139=LINE($,#13928,#3307);
#2140=LINE($,#13930,#3308);
#2141=LINE($,#13931,#3309);
#2142=LINE($,#13935,#3310);
#2143=LINE($,#13937,#3311);
#2144=LINE($,#13938,#3312);
#2145=LINE($,#13940,#3313);
#2146=LINE($,#13941,#3314);
#2147=LINE($,#13944,#3315);
#2148=LINE($,#13946,#3316);
#2149=LINE($,#13947,#3317);
#2150=LINE($,#13950,#3318);
#2151=LINE($,#13951,#3319);
#2152=LINE($,#13954,#3320);
#2153=LINE($,#13955,#3321);
#2154=LINE($,#13959,#3322);
#2155=LINE($,#13961,#3323);
#2156=LINE($,#13963,#3324);
#2157=LINE($,#13964,#3325);
#2158=LINE($,#13966,#3326);
#2159=LINE($,#13969,#3327);
#2160=LINE($,#13971,#3328);
#2161=LINE($,#13972,#3329);
#2162=LINE($,#13976,#3330);
#2163=LINE($,#13978,#3331);
#2164=LINE($,#13979,#3332);
#2165=LINE($,#13981,#3333);
#2166=LINE($,#13982,#3334);
#2167=LINE($,#13986,#3335);
#2168=LINE($,#13988,#3336);
#2169=LINE($,#13990,#3337);
#2170=LINE($,#13991,#3338);
#2171=LINE($,#13994,#3339);
#2172=LINE($,#13996,#3340);
#2173=LINE($,#13997,#3341);
#2174=LINE($,#14000,#3342);
#2175=LINE($,#14002,#3343);
#2176=LINE($,#14003,#3344);
#2177=LINE($,#14005,#3345);
#2178=LINE($,#14006,#3346);
#2179=LINE($,#14011,#3347);
#2180=LINE($,#14012,#3348);
#2181=LINE($,#14015,#3349);
#2182=LINE($,#14016,#3350);
#2183=LINE($,#14018,#3351);
#2184=LINE($,#14023,#3352);
#2185=LINE($,#14025,#3353);
#2186=LINE($,#14027,#3354);
#2187=LINE($,#14028,#3355);
#2188=LINE($,#14032,#3356);
#2189=LINE($,#14034,#3357);
#2190=LINE($,#14036,#3358);
#2191=LINE($,#14037,#3359);
#2192=LINE($,#14040,#3360);
#2193=LINE($,#14042,#3361);
#2194=LINE($,#14043,#3362);
#2195=LINE($,#14045,#3363);
#2196=LINE($,#14046,#3364);
#2197=LINE($,#14049,#3365);
#2198=LINE($,#14051,#3366);
#2199=LINE($,#14052,#3367);
#2200=LINE($,#14056,#3368);
#2201=LINE($,#14058,#3369);
#2202=LINE($,#14060,#3370);
#2203=LINE($,#14061,#3371);
#2204=LINE($,#14064,#3372);
#2205=LINE($,#14066,#3373);
#2206=LINE($,#14067,#3374);
#2207=LINE($,#14070,#3375);
#2208=LINE($,#14071,#3376);
#2209=LINE($,#14074,#3377);
#2210=LINE($,#14075,#3378);
#2211=LINE($,#14077,#3379);
#2212=LINE($,#14081,#3380);
#2213=LINE($,#14083,#3381);
#2214=LINE($,#14085,#3382);
#2215=LINE($,#14086,#3383);
#2216=LINE($,#14089,#3384);
#2217=LINE($,#14091,#3385);
#2218=LINE($,#14092,#3386);
#2219=LINE($,#14095,#3387);
#2220=LINE($,#14096,#3388);
#2221=LINE($,#14099,#3389);
#2222=LINE($,#14100,#3390);
#2223=LINE($,#14102,#3391);
#2224=LINE($,#14106,#3392);
#2225=LINE($,#14108,#3393);
#2226=LINE($,#14110,#3394);
#2227=LINE($,#14111,#3395);
#2228=LINE($,#14114,#3396);
#2229=LINE($,#14116,#3397);
#2230=LINE($,#14117,#3398);
#2231=LINE($,#14120,#3399);
#2232=LINE($,#14121,#3400);
#2233=LINE($,#14124,#3401);
#2234=LINE($,#14125,#3402);
#2235=LINE($,#14127,#3403);
#2236=LINE($,#14131,#3404);
#2237=LINE($,#14133,#3405);
#2238=LINE($,#14135,#3406);
#2239=LINE($,#14136,#3407);
#2240=LINE($,#14139,#3408);
#2241=LINE($,#14141,#3409);
#2242=LINE($,#14143,#3410);
#2243=LINE($,#14144,#3411);
#2244=LINE($,#14146,#3412);
#2245=LINE($,#14147,#3413);
#2246=LINE($,#14149,#3414);
#2247=LINE($,#14151,#3415);
#2248=LINE($,#14155,#3416);
#2249=LINE($,#14157,#3417);
#2250=LINE($,#14158,#3418);
#2251=LINE($,#14161,#3419);
#2252=LINE($,#14162,#3420);
#2253=LINE($,#14165,#3421);
#2254=LINE($,#14166,#3422);
#2255=LINE($,#14168,#3423);
#2256=LINE($,#14173,#3424);
#2257=LINE($,#14175,#3425);
#2258=LINE($,#14177,#3426);
#2259=LINE($,#14178,#3427);
#2260=LINE($,#14182,#3428);
#2261=LINE($,#14184,#3429);
#2262=LINE($,#14186,#3430);
#2263=LINE($,#14187,#3431);
#2264=LINE($,#14189,#3432);
#2265=LINE($,#14190,#3433);
#2266=LINE($,#14192,#3434);
#2267=LINE($,#14194,#3435);
#2268=LINE($,#14199,#3436);
#2269=LINE($,#14203,#3437);
#2270=LINE($,#14208,#3438);
#2271=LINE($,#14211,#3439);
#2272=LINE($,#14213,#3440);
#2273=LINE($,#14215,#3441);
#2274=LINE($,#14217,#3442);
#2275=LINE($,#14218,#3443);
#2276=LINE($,#14222,#3444);
#2277=LINE($,#14224,#3445);
#2278=LINE($,#14226,#3446);
#2279=LINE($,#14227,#3447);
#2280=LINE($,#14229,#3448);
#2281=LINE($,#14230,#3449);
#2282=LINE($,#14232,#3450);
#2283=LINE($,#14234,#3451);
#2284=LINE($,#14250,#3452);
#2285=LINE($,#14252,#3453);
#2286=LINE($,#14254,#3454);
#2287=LINE($,#14255,#3455);
#2288=LINE($,#14259,#3456);
#2289=LINE($,#14261,#3457);
#2290=LINE($,#14263,#3458);
#2291=LINE($,#14264,#3459);
#2292=LINE($,#14266,#3460);
#2293=LINE($,#14267,#3461);
#2294=LINE($,#14269,#3462);
#2295=LINE($,#14271,#3463);
#2296=LINE($,#14283,#3464);
#2297=LINE($,#14285,#3465);
#2298=LINE($,#14287,#3466);
#2299=LINE($,#14288,#3467);
#2300=LINE($,#14292,#3468);
#2301=LINE($,#14294,#3469);
#2302=LINE($,#14296,#3470);
#2303=LINE($,#14297,#3471);
#2304=LINE($,#14299,#3472);
#2305=LINE($,#14300,#3473);
#2306=LINE($,#14302,#3474);
#2307=LINE($,#14304,#3475);
#2308=LINE($,#14309,#3476);
#2309=LINE($,#14311,#3477);
#2310=LINE($,#14313,#3478);
#2311=LINE($,#14314,#3479);
#2312=LINE($,#14318,#3480);
#2313=LINE($,#14320,#3481);
#2314=LINE($,#14322,#3482);
#2315=LINE($,#14323,#3483);
#2316=LINE($,#14325,#3484);
#2317=LINE($,#14326,#3485);
#2318=LINE($,#14328,#3486);
#2319=LINE($,#14330,#3487);
#2320=LINE($,#14342,#3488);
#2321=LINE($,#14344,#3489);
#2322=LINE($,#14346,#3490);
#2323=LINE($,#14347,#3491);
#2324=LINE($,#14351,#3492);
#2325=LINE($,#14353,#3493);
#2326=LINE($,#14355,#3494);
#2327=LINE($,#14356,#3495);
#2328=LINE($,#14358,#3496);
#2329=LINE($,#14359,#3497);
#2330=LINE($,#14361,#3498);
#2331=LINE($,#14363,#3499);
#2332=LINE($,#14368,#3500);
#2333=LINE($,#14370,#3501);
#2334=LINE($,#14372,#3502);
#2335=LINE($,#14373,#3503);
#2336=LINE($,#14377,#3504);
#2337=LINE($,#14379,#3505);
#2338=LINE($,#14381,#3506);
#2339=LINE($,#14382,#3507);
#2340=LINE($,#14384,#3508);
#2341=LINE($,#14385,#3509);
#2342=LINE($,#14387,#3510);
#2343=LINE($,#14389,#3511);
#2344=LINE($,#14394,#3512);
#2345=LINE($,#14396,#3513);
#2346=LINE($,#14398,#3514);
#2347=LINE($,#14399,#3515);
#2348=LINE($,#14403,#3516);
#2349=LINE($,#14405,#3517);
#2350=LINE($,#14407,#3518);
#2351=LINE($,#14408,#3519);
#2352=LINE($,#14410,#3520);
#2353=LINE($,#14411,#3521);
#2354=LINE($,#14413,#3522);
#2355=LINE($,#14415,#3523);
#2356=LINE($,#14420,#3524);
#2357=LINE($,#14422,#3525);
#2358=LINE($,#14424,#3526);
#2359=LINE($,#14425,#3527);
#2360=LINE($,#14429,#3528);
#2361=LINE($,#14431,#3529);
#2362=LINE($,#14433,#3530);
#2363=LINE($,#14434,#3531);
#2364=LINE($,#14436,#3532);
#2365=LINE($,#14437,#3533);
#2366=LINE($,#14439,#3534);
#2367=LINE($,#14441,#3535);
#2368=LINE($,#14446,#3536);
#2369=LINE($,#14448,#3537);
#2370=LINE($,#14450,#3538);
#2371=LINE($,#14451,#3539);
#2372=LINE($,#14455,#3540);
#2373=LINE($,#14457,#3541);
#2374=LINE($,#14459,#3542);
#2375=LINE($,#14460,#3543);
#2376=LINE($,#14462,#3544);
#2377=LINE($,#14463,#3545);
#2378=LINE($,#14465,#3546);
#2379=LINE($,#14467,#3547);
#2380=LINE($,#14472,#3548);
#2381=LINE($,#14474,#3549);
#2382=LINE($,#14476,#3550);
#2383=LINE($,#14477,#3551);
#2384=LINE($,#14481,#3552);
#2385=LINE($,#14483,#3553);
#2386=LINE($,#14485,#3554);
#2387=LINE($,#14486,#3555);
#2388=LINE($,#14488,#3556);
#2389=LINE($,#14489,#3557);
#2390=LINE($,#14491,#3558);
#2391=LINE($,#14493,#3559);
#2392=LINE($,#14498,#3560);
#2393=LINE($,#14500,#3561);
#2394=LINE($,#14502,#3562);
#2395=LINE($,#14503,#3563);
#2396=LINE($,#14507,#3564);
#2397=LINE($,#14509,#3565);
#2398=LINE($,#14511,#3566);
#2399=LINE($,#14512,#3567);
#2400=LINE($,#14514,#3568);
#2401=LINE($,#14515,#3569);
#2402=LINE($,#14517,#3570);
#2403=LINE($,#14519,#3571);
#2404=LINE($,#14542,#3572);
#2405=LINE($,#14544,#3573);
#2406=LINE($,#14546,#3574);
#2407=LINE($,#14547,#3575);
#2408=LINE($,#14551,#3576);
#2409=LINE($,#14553,#3577);
#2410=LINE($,#14555,#3578);
#2411=LINE($,#14556,#3579);
#2412=LINE($,#14558,#3580);
#2413=LINE($,#14559,#3581);
#2414=LINE($,#14561,#3582);
#2415=LINE($,#14563,#3583);
#2416=LINE($,#14568,#3584);
#2417=LINE($,#14570,#3585);
#2418=LINE($,#14572,#3586);
#2419=LINE($,#14573,#3587);
#2420=LINE($,#14577,#3588);
#2421=LINE($,#14579,#3589);
#2422=LINE($,#14581,#3590);
#2423=LINE($,#14582,#3591);
#2424=LINE($,#14584,#3592);
#2425=LINE($,#14585,#3593);
#2426=LINE($,#14587,#3594);
#2427=LINE($,#14589,#3595);
#2428=LINE($,#14594,#3596);
#2429=LINE($,#14596,#3597);
#2430=LINE($,#14598,#3598);
#2431=LINE($,#14599,#3599);
#2432=LINE($,#14603,#3600);
#2433=LINE($,#14605,#3601);
#2434=LINE($,#14607,#3602);
#2435=LINE($,#14608,#3603);
#2436=LINE($,#14610,#3604);
#2437=LINE($,#14611,#3605);
#2438=LINE($,#14613,#3606);
#2439=LINE($,#14615,#3607);
#2440=LINE($,#14620,#3608);
#2441=LINE($,#14622,#3609);
#2442=LINE($,#14624,#3610);
#2443=LINE($,#14625,#3611);
#2444=LINE($,#14628,#3612);
#2445=LINE($,#14630,#3613);
#2446=LINE($,#14631,#3614);
#2447=LINE($,#14634,#3615);
#2448=LINE($,#14636,#3616);
#2449=LINE($,#14637,#3617);
#2450=LINE($,#14639,#3618);
#2451=LINE($,#14640,#3619);
#2452=LINE($,#14645,#3620);
#2453=LINE($,#14647,#3621);
#2454=LINE($,#14649,#3622);
#2455=LINE($,#14650,#3623);
#2456=LINE($,#14653,#3624);
#2457=LINE($,#14655,#3625);
#2458=LINE($,#14656,#3626);
#2459=LINE($,#14659,#3627);
#2460=LINE($,#14661,#3628);
#2461=LINE($,#14662,#3629);
#2462=LINE($,#14664,#3630);
#2463=LINE($,#14665,#3631);
#2464=LINE($,#14670,#3632);
#2465=LINE($,#14672,#3633);
#2466=LINE($,#14674,#3634);
#2467=LINE($,#14675,#3635);
#2468=LINE($,#14678,#3636);
#2469=LINE($,#14680,#3637);
#2470=LINE($,#14681,#3638);
#2471=LINE($,#14684,#3639);
#2472=LINE($,#14686,#3640);
#2473=LINE($,#14687,#3641);
#2474=LINE($,#14689,#3642);
#2475=LINE($,#14690,#3643);
#2476=LINE($,#14695,#3644);
#2477=LINE($,#14697,#3645);
#2478=LINE($,#14699,#3646);
#2479=LINE($,#14700,#3647);
#2480=LINE($,#14703,#3648);
#2481=LINE($,#14705,#3649);
#2482=LINE($,#14706,#3650);
#2483=LINE($,#14709,#3651);
#2484=LINE($,#14711,#3652);
#2485=LINE($,#14712,#3653);
#2486=LINE($,#14714,#3654);
#2487=LINE($,#14715,#3655);
#2488=LINE($,#14720,#3656);
#2489=LINE($,#14722,#3657);
#2490=LINE($,#14724,#3658);
#2491=LINE($,#14725,#3659);
#2492=LINE($,#14729,#3660);
#2493=LINE($,#14730,#3661);
#2494=LINE($,#14731,#3662);
#2495=LINE($,#14734,#3663);
#2496=LINE($,#14735,#3664);
#2497=LINE($,#14738,#3665);
#2498=LINE($,#14739,#3666);
#2499=LINE($,#14741,#3667);
#2500=VECTOR($,#9868,0.5);
#2501=VECTOR($,#9869,0.899999999999994);
#2502=VECTOR($,#9870,0.5);
#2503=VECTOR($,#9871,0.899999999999994);
#2504=VECTOR($,#9874,0.75);
#2505=VECTOR($,#9875,0.75);
#2506=VECTOR($,#9876,0.899999999999994);
#2507=VECTOR($,#9879,0.5);
#2508=VECTOR($,#9880,0.5);
#2509=VECTOR($,#9881,0.899999999999994);
#2510=VECTOR($,#9884,0.75);
#2511=VECTOR($,#9885,0.75);
#2512=VECTOR($,#9892,0.85);
#2513=VECTOR($,#9893,0.1);
#2514=VECTOR($,#9894,0.85);
#2515=VECTOR($,#9895,0.1);
#2516=VECTOR($,#9898,1.4);
#2517=VECTOR($,#9899,1.4);
#2518=VECTOR($,#9900,0.1);
#2519=VECTOR($,#9903,0.85);
#2520=VECTOR($,#9904,0.85);
#2521=VECTOR($,#9905,0.1);
#2522=VECTOR($,#9908,1.4);
#2523=VECTOR($,#9909,1.4);
#2524=VECTOR($,#9916,0.0500000000000007);
#2525=VECTOR($,#9917,0.250000013351479);
#2526=VECTOR($,#9918,0.0500000000000007);
#2527=VECTOR($,#9919,0.250000013351479);
#2528=VECTOR($,#9922,0.0500000000000007);
#2529=VECTOR($,#9923,0.250000013351479);
#2530=VECTOR($,#9924,0.0500000000000007);
#2531=VECTOR($,#9927,0.0500000000000007);
#2532=VECTOR($,#9928,0.0500000000000007);
#2533=VECTOR($,#9929,0.250000013351479);
#2534=VECTOR($,#9932,0.0500000000000007);
#2535=VECTOR($,#9933,0.499999986648527);
#2536=VECTOR($,#9934,0.0500000000000007);
#2537=VECTOR($,#9935,0.499999986648527);
#2538=VECTOR($,#9938,0.0500000000000007);
#2539=VECTOR($,#9939,0.0500000000000007);
#2540=VECTOR($,#9942,0.0500000000000007);
#2541=VECTOR($,#9943,0.499999986648527);
#2542=VECTOR($,#9944,0.0500000000000007);
#2543=VECTOR($,#9949,0.0500000000000007);
#2544=VECTOR($,#9950,0.0500000000000007);
#2545=VECTOR($,#9951,0.499999986648527);
#2546=VECTOR($,#9954,0.0500000000000007);
#2547=VECTOR($,#9955,0.0500000000000007);
#2548=VECTOR($,#9958,0.0500000000000007);
#2549=VECTOR($,#9959,0.250000013351479);
#2550=VECTOR($,#9960,0.0500000000000007);
#2551=VECTOR($,#9961,0.250000013351479);
#2552=VECTOR($,#9964,0.0500000000000007);
#2553=VECTOR($,#9965,0.250000013351479);
#2554=VECTOR($,#9966,0.0500000000000007);
#2555=VECTOR($,#9969,0.0500000000000007);
#2556=VECTOR($,#9970,0.0500000000000007);
#2557=VECTOR($,#9971,0.250000013351479);
#2558=VECTOR($,#9974,0.0500000000000007);
#2559=VECTOR($,#9975,0.499999986648527);
#2560=VECTOR($,#9976,0.0500000000000007);
#2561=VECTOR($,#9977,0.499999986648527);
#2562=VECTOR($,#9980,0.0500000000000007);
#2563=VECTOR($,#9981,0.0500000000000007);
#2564=VECTOR($,#9984,0.0500000000000007);
#2565=VECTOR($,#9985,0.499999986648527);
#2566=VECTOR($,#9986,0.0500000000000007);
#2567=VECTOR($,#9991,0.0500000000000007);
#2568=VECTOR($,#9992,0.0500000000000007);
#2569=VECTOR($,#9993,0.499999986648527);
#2570=VECTOR($,#9996,0.0500000000000007);
#2571=VECTOR($,#9997,0.0500000000000007);
#2572=VECTOR($,#10000,0.0500000000000007);
#2573=VECTOR($,#10001,0.250000013351479);
#2574=VECTOR($,#10002,0.0500000000000007);
#2575=VECTOR($,#10003,0.250000013351479);
#2576=VECTOR($,#10006,0.0500000000000007);
#2577=VECTOR($,#10007,0.250000013351479);
#2578=VECTOR($,#10008,0.0500000000000007);
#2579=VECTOR($,#10011,0.0500000000000007);
#2580=VECTOR($,#10012,0.0500000000000007);
#2581=VECTOR($,#10013,0.250000013351479);
#2582=VECTOR($,#10016,0.0500000000000007);
#2583=VECTOR($,#10017,0.499999986648527);
#2584=VECTOR($,#10018,0.0500000000000007);
#2585=VECTOR($,#10019,0.499999986648527);
#2586=VECTOR($,#10022,0.0500000000000007);
#2587=VECTOR($,#10023,0.0500000000000007);
#2588=VECTOR($,#10026,0.0500000000000007);
#2589=VECTOR($,#10027,0.499999986648527);
#2590=VECTOR($,#10028,0.0500000000000007);
#2591=VECTOR($,#10033,0.0500000000000007);
#2592=VECTOR($,#10034,0.0500000000000007);
#2593=VECTOR($,#10035,0.499999986648527);
#2594=VECTOR($,#10038,0.0500000000000007);
#2595=VECTOR($,#10039,0.0500000000000007);
#2596=VECTOR($,#10042,0.0500000000000007);
#2597=VECTOR($,#10043,0.250000013351479);
#2598=VECTOR($,#10044,0.0500000000000007);
#2599=VECTOR($,#10045,0.250000013351479);
#2600=VECTOR($,#10048,0.0500000000000007);
#2601=VECTOR($,#10049,0.250000013351479);
#2602=VECTOR($,#10050,0.0500000000000007);
#2603=VECTOR($,#10053,0.0500000000000007);
#2604=VECTOR($,#10054,0.0500000000000007);
#2605=VECTOR($,#10055,0.250000013351479);
#2606=VECTOR($,#10058,0.0500000000000007);
#2607=VECTOR($,#10059,0.499999986648527);
#2608=VECTOR($,#10060,0.0500000000000007);
#2609=VECTOR($,#10061,0.499999986648527);
#2610=VECTOR($,#10064,0.0500000000000007);
#2611=VECTOR($,#10065,0.0500000000000007);
#2612=VECTOR($,#10068,0.0500000000000007);
#2613=VECTOR($,#10069,0.499999986648527);
#2614=VECTOR($,#10070,0.0500000000000007);
#2615=VECTOR($,#10075,0.0500000000000007);
#2616=VECTOR($,#10076,0.0500000000000007);
#2617=VECTOR($,#10077,0.499999986648527);
#2618=VECTOR($,#10080,0.0500000000000007);
#2619=VECTOR($,#10081,0.0500000000000007);
#2620=VECTOR($,#10084,1.);
#2621=VECTOR($,#10085,0.0499999999999943);
#2622=VECTOR($,#10086,1.);
#2623=VECTOR($,#10087,0.0499999999999943);
#2624=VECTOR($,#10090,1.3);
#2625=VECTOR($,#10091,1.29999999999998);
#2626=VECTOR($,#10092,0.0499999999999943);
#2627=VECTOR($,#10095,1.);
#2628=VECTOR($,#10096,1.);
#2629=VECTOR($,#10097,0.0499999999999943);
#2630=VECTOR($,#10100,1.3);
#2631=VECTOR($,#10101,1.29999999999998);
#2632=VECTOR($,#10108,1.);
#2633=VECTOR($,#10109,0.0499999999999943);
#2634=VECTOR($,#10110,1.);
#2635=VECTOR($,#10111,0.0499999999999943);
#2636=VECTOR($,#10114,1.3);
#2637=VECTOR($,#10115,1.29999999999998);
#2638=VECTOR($,#10116,0.0499999999999943);
#2639=VECTOR($,#10119,1.);
#2640=VECTOR($,#10120,1.);
#2641=VECTOR($,#10121,0.0499999999999943);
#2642=VECTOR($,#10124,1.3);
#2643=VECTOR($,#10125,1.29999999999998);
#2644=VECTOR($,#10132,0.0150000000000006);
#2645=VECTOR($,#10133,0.0376251602172857);
#2646=VECTOR($,#10134,0.0149999999999997);
#2647=VECTOR($,#10135,0.0376251602172857);
#2648=VECTOR($,#10138,0.0150000000000006);
#2649=VECTOR($,#10139,0.0376251602172857);
#2650=VECTOR($,#10140,0.0149999999999997);
#2651=VECTOR($,#10141,0.0376251602172857);
#2652=VECTOR($,#10144,0.0149999999999988);
#2653=VECTOR($,#10145,0.104999999999999);
#2654=VECTOR($,#10146,0.0149999999999988);
#2655=VECTOR($,#10147,0.022625160217286);
#2656=VECTOR($,#10148,0.0749999999999997);
#2657=VECTOR($,#10149,0.022625160217286);
#2658=VECTOR($,#10152,0.0749999999999997);
#2659=VECTOR($,#10153,0.0149999999999997);
#2660=VECTOR($,#10154,0.0149999999999997);
#2661=VECTOR($,#10157,0.0150000000000006);
#2662=VECTOR($,#10158,0.022625160217286);
#2663=VECTOR($,#10161,0.104999999999999);
#2664=VECTOR($,#10164,0.0149999999999988);
#2665=VECTOR($,#10165,0.022625160217286);
#2666=VECTOR($,#10166,0.0149999999999988);
#2667=VECTOR($,#10169,0.0150000000000006);
#2668=VECTOR($,#10172,0.300000000000001);
#2669=VECTOR($,#10173,0.199999999999999);
#2670=VECTOR($,#10174,0.300000000000001);
#2671=VECTOR($,#10175,0.199999999999999);
#2672=VECTOR($,#10178,0.300000000000001);
#2673=VECTOR($,#10179,0.199999999999999);
#2674=VECTOR($,#10180,0.300000000000001);
#2675=VECTOR($,#10181,0.199999999999999);
#2676=VECTOR($,#10184,0.4);
#2677=VECTOR($,#10185,0.4);
#2678=VECTOR($,#10188,0.4);
#2679=VECTOR($,#10191,0.4);
#2680=VECTOR($,#10196,0.0999999999999996);
#2681=VECTOR($,#10197,0.1);
#2682=VECTOR($,#10198,0.0999999999999996);
#2683=VECTOR($,#10199,0.1);
#2684=VECTOR($,#10202,0.00999999999999979);
#2685=VECTOR($,#10203,0.1);
#2686=VECTOR($,#10204,0.0100006675720214);
#2687=VECTOR($,#10207,0.0100006675720214);
#2688=VECTOR($,#10208,0.0999999999999996);
#2689=VECTOR($,#10211,0.00999999999999979);
#2690=VECTOR($,#10212,0.1);
#2691=VECTOR($,#10215,0.0999999999999996);
#2692=VECTOR($,#10218,0.300000000000001);
#2693=VECTOR($,#10219,0.4);
#2694=VECTOR($,#10220,0.300000000000001);
#2695=VECTOR($,#10221,0.4);
#2696=VECTOR($,#10224,0.300000000000001);
#2697=VECTOR($,#10225,0.4);
#2698=VECTOR($,#10226,0.300000000000001);
#2699=VECTOR($,#10227,0.4);
#2700=VECTOR($,#10230,0.15);
#2701=VECTOR($,#10231,0.15);
#2702=VECTOR($,#10234,0.15);
#2703=VECTOR($,#10237,0.15);
#2704=VECTOR($,#10242,0.15);
#2705=VECTOR($,#10243,0.0999999999999996);
#2706=VECTOR($,#10244,0.15);
#2707=VECTOR($,#10245,0.0999999999999996);
#2708=VECTOR($,#10248,0.15);
#2709=VECTOR($,#10249,0.0999999999999996);
#2710=VECTOR($,#10250,0.15);
#2711=VECTOR($,#10251,0.0999999999999996);
#2712=VECTOR($,#10254,0.1);
#2713=VECTOR($,#10255,0.1);
#2714=VECTOR($,#10258,0.1);
#2715=VECTOR($,#10261,0.1);
#2716=VECTOR($,#10266,0.15);
#2717=VECTOR($,#10267,0.0999999999999996);
#2718=VECTOR($,#10268,0.15);
#2719=VECTOR($,#10269,0.0999999999999996);
#2720=VECTOR($,#10272,0.15);
#2721=VECTOR($,#10273,0.0999999999999996);
#2722=VECTOR($,#10274,0.15);
#2723=VECTOR($,#10275,0.0999999999999996);
#2724=VECTOR($,#10278,0.1);
#2725=VECTOR($,#10279,0.1);
#2726=VECTOR($,#10282,0.1);
#2727=VECTOR($,#10285,0.1);
#2728=VECTOR($,#10290,0.15);
#2729=VECTOR($,#10291,0.0999999999999996);
#2730=VECTOR($,#10292,0.15);
#2731=VECTOR($,#10293,0.0999999999999996);
#2732=VECTOR($,#10296,0.15);
#2733=VECTOR($,#10297,0.0999999999999996);
#2734=VECTOR($,#10298,0.15);
#2735=VECTOR($,#10299,0.0999999999999996);
#2736=VECTOR($,#10302,0.1);
#2737=VECTOR($,#10303,0.1);
#2738=VECTOR($,#10306,0.1);
#2739=VECTOR($,#10309,0.1);
#2740=VECTOR($,#10314,0.15);
#2741=VECTOR($,#10315,0.0999999999999996);
#2742=VECTOR($,#10316,0.15);
#2743=VECTOR($,#10317,0.0999999999999996);
#2744=VECTOR($,#10320,0.15);
#2745=VECTOR($,#10321,0.0999999999999996);
#2746=VECTOR($,#10322,0.15);
#2747=VECTOR($,#10323,0.0999999999999996);
#2748=VECTOR($,#10326,0.1);
#2749=VECTOR($,#10327,0.1);
#2750=VECTOR($,#10330,0.1);
#2751=VECTOR($,#10333,0.1);
#2752=VECTOR($,#10338,0.15);
#2753=VECTOR($,#10339,0.0999999999999996);
#2754=VECTOR($,#10340,0.15);
#2755=VECTOR($,#10341,0.0999999999999996);
#2756=VECTOR($,#10344,0.15);
#2757=VECTOR($,#10345,0.0999999999999996);
#2758=VECTOR($,#10346,0.15);
#2759=VECTOR($,#10347,0.0999999999999996);
#2760=VECTOR($,#10350,0.1);
#2761=VECTOR($,#10351,0.1);
#2762=VECTOR($,#10354,0.1);
#2763=VECTOR($,#10357,0.1);
#2764=VECTOR($,#10362,0.0809999999999995);
#2765=VECTOR($,#10363,0.0810000000000002);
#2766=VECTOR($,#10364,0.0809999999999995);
#2767=VECTOR($,#10365,0.0810000000000002);
#2768=VECTOR($,#10368,0.0809999999999997);
#2769=VECTOR($,#10369,0.0810000000000001);
#2770=VECTOR($,#10370,0.0809999999999997);
#2771=VECTOR($,#10371,0.0810000000000001);
#2772=VECTOR($,#10374,0.00809999999999977);
#2773=VECTOR($,#10375,0.00809999999999977);
#2774=VECTOR($,#10378,0.00809999999999977);
#2775=VECTOR($,#10381,0.00809999999999977);
#2776=VECTOR($,#10386,0.0810000000000002);
#2777=VECTOR($,#10387,0.0809999999999995);
#2778=VECTOR($,#10388,0.0810000000000002);
#2779=VECTOR($,#10389,0.0809999999999995);
#2780=VECTOR($,#10390,0.0999999999999996);
#2781=VECTOR($,#10391,0.1);
#2782=VECTOR($,#10392,0.0999999999999996);
#2783=VECTOR($,#10393,0.1);
#2784=VECTOR($,#10396,0.0810000000000002);
#2785=VECTOR($,#10397,0.0809999999999995);
#2786=VECTOR($,#10398,0.0810000000000002);
#2787=VECTOR($,#10399,0.0809999999999995);
#2788=VECTOR($,#10400,0.0999999999999996);
#2789=VECTOR($,#10401,0.1);
#2790=VECTOR($,#10402,0.0999999999999996);
#2791=VECTOR($,#10403,0.1);
#2792=VECTOR($,#10406,0.00999999999999979);
#2793=VECTOR($,#10407,0.00999999999999979);
#2794=VECTOR($,#10410,0.00999999999999979);
#2795=VECTOR($,#10413,0.00999999999999979);
#2796=VECTOR($,#10418,0.00999999999999984);
#2797=VECTOR($,#10419,0.00999999999999984);
#2798=VECTOR($,#10422,0.00999999999999984);
#2799=VECTOR($,#10425,0.00999999999999984);
#2800=VECTOR($,#10430,0.0500000000000007);
#2801=VECTOR($,#10431,0.0500000000000007);
#2802=VECTOR($,#10432,0.0500000000000007);
#2803=VECTOR($,#10433,0.0500000000000007);
#2804=VECTOR($,#10436,0.0500000000000007);
#2805=VECTOR($,#10437,0.0500000000000007);
#2806=VECTOR($,#10438,0.0500000000000007);
#2807=VECTOR($,#10439,0.0500000000000007);
#2808=VECTOR($,#10442,0.00100000000000011);
#2809=VECTOR($,#10443,0.00100000000000011);
#2810=VECTOR($,#10446,0.00100000000000011);
#2811=VECTOR($,#10449,0.00100000000000011);
#2812=VECTOR($,#10454,0.449999999999999);
#2813=VECTOR($,#10455,0.6);
#2814=VECTOR($,#10456,0.449999999999999);
#2815=VECTOR($,#10457,0.6);
#2816=VECTOR($,#10460,0.449999999999999);
#2817=VECTOR($,#10461,0.6);
#2818=VECTOR($,#10462,0.449999999999999);
#2819=VECTOR($,#10463,0.6);
#2820=VECTOR($,#10466,0.5);
#2821=VECTOR($,#10467,0.5);
#2822=VECTOR($,#10470,0.5);
#2823=VECTOR($,#10473,0.5);
#2824=VECTOR($,#10478,0.0500000000000007);
#2825=VECTOR($,#10479,0.0500000000000007);
#2826=VECTOR($,#10480,0.0500000000000007);
#2827=VECTOR($,#10481,0.0500000000000007);
#2828=VECTOR($,#10484,0.0500000000000007);
#2829=VECTOR($,#10485,0.0500000000000007);
#2830=VECTOR($,#10486,0.0500000000000007);
#2831=VECTOR($,#10487,0.0500000000000007);
#2832=VECTOR($,#10490,0.01);
#2833=VECTOR($,#10491,0.01);
#2834=VECTOR($,#10494,0.01);
#2835=VECTOR($,#10497,0.01);
#2836=VECTOR($,#10502,0.0500000000000007);
#2837=VECTOR($,#10503,0.0500000000000007);
#2838=VECTOR($,#10504,0.0500000000000007);
#2839=VECTOR($,#10505,0.0500000000000007);
#2840=VECTOR($,#10508,0.0500000000000007);
#2841=VECTOR($,#10509,0.0500000000000007);
#2842=VECTOR($,#10510,0.0500000000000007);
#2843=VECTOR($,#10511,0.0500000000000007);
#2844=VECTOR($,#10514,0.01);
#2845=VECTOR($,#10515,0.01);
#2846=VECTOR($,#10518,0.01);
#2847=VECTOR($,#10521,0.01);
#2848=VECTOR($,#10526,0.0500000000000007);
#2849=VECTOR($,#10527,0.0500000000000007);
#2850=VECTOR($,#10528,0.0500000000000007);
#2851=VECTOR($,#10529,0.0500000000000007);
#2852=VECTOR($,#10532,0.0500000000000007);
#2853=VECTOR($,#10533,0.0500000000000007);
#2854=VECTOR($,#10534,0.0500000000000007);
#2855=VECTOR($,#10535,0.0500000000000007);
#2856=VECTOR($,#10538,0.01);
#2857=VECTOR($,#10539,0.01);
#2858=VECTOR($,#10542,0.01);
#2859=VECTOR($,#10545,0.01);
#2860=VECTOR($,#10550,0.0500000000000007);
#2861=VECTOR($,#10551,0.0500000000000007);
#2862=VECTOR($,#10552,0.0500000000000007);
#2863=VECTOR($,#10553,0.0500000000000007);
#2864=VECTOR($,#10556,0.0500000000000007);
#2865=VECTOR($,#10557,0.0500000000000007);
#2866=VECTOR($,#10558,0.0500000000000007);
#2867=VECTOR($,#10559,0.0500000000000007);
#2868=VECTOR($,#10562,0.01);
#2869=VECTOR($,#10563,0.01);
#2870=VECTOR($,#10566,0.01);
#2871=VECTOR($,#10569,0.01);
#2872=VECTOR($,#10574,0.00999999999999979);
#2873=VECTOR($,#10575,0.00999999999999979);
#2874=VECTOR($,#10576,0.00999999999999979);
#2875=VECTOR($,#10577,0.00999999999999979);
#2876=VECTOR($,#10580,0.00999999999999979);
#2877=VECTOR($,#10581,0.00999999999999979);
#2878=VECTOR($,#10582,0.00999999999999979);
#2879=VECTOR($,#10583,0.00999999999999979);
#2880=VECTOR($,#10586,0.00999999999999979);
#2881=VECTOR($,#10587,0.00999999999999979);
#2882=VECTOR($,#10590,0.00999999999999979);
#2883=VECTOR($,#10593,0.00999999999999979);
#2884=VECTOR($,#10598,0.00999999999999979);
#2885=VECTOR($,#10599,0.00999999999999979);
#2886=VECTOR($,#10600,0.00999999999999979);
#2887=VECTOR($,#10601,0.00999999999999979);
#2888=VECTOR($,#10604,0.00999999999999979);
#2889=VECTOR($,#10605,0.00999999999999979);
#2890=VECTOR($,#10606,0.00999999999999979);
#2891=VECTOR($,#10607,0.00999999999999979);
#2892=VECTOR($,#10610,0.00999999999999979);
#2893=VECTOR($,#10611,0.00999999999999979);
#2894=VECTOR($,#10614,0.00999999999999979);
#2895=VECTOR($,#10617,0.00999999999999979);
#2896=VECTOR($,#10622,0.00999999999999979);
#2897=VECTOR($,#10623,0.00999999999999979);
#2898=VECTOR($,#10624,0.00999999999999979);
#2899=VECTOR($,#10625,0.00999999999999979);
#2900=VECTOR($,#10628,0.00999999999999979);
#2901=VECTOR($,#10629,0.00999999999999979);
#2902=VECTOR($,#10630,0.00999999999999979);
#2903=VECTOR($,#10631,0.00999999999999979);
#2904=VECTOR($,#10634,0.00999999999999979);
#2905=VECTOR($,#10635,0.00999999999999979);
#2906=VECTOR($,#10638,0.00999999999999979);
#2907=VECTOR($,#10641,0.00999999999999979);
#2908=VECTOR($,#10646,0.00999999999999979);
#2909=VECTOR($,#10647,0.00999999999999979);
#2910=VECTOR($,#10648,0.00999999999999979);
#2911=VECTOR($,#10649,0.00999999999999979);
#2912=VECTOR($,#10652,0.00999999999999979);
#2913=VECTOR($,#10653,0.00999999999999979);
#2914=VECTOR($,#10654,0.00999999999999979);
#2915=VECTOR($,#10655,0.00999999999999979);
#2916=VECTOR($,#10658,0.00999999999999979);
#2917=VECTOR($,#10659,0.00999999999999979);
#2918=VECTOR($,#10662,0.00999999999999979);
#2919=VECTOR($,#10665,0.00999999999999979);
#2920=VECTOR($,#10670,0.00999999999999979);
#2921=VECTOR($,#10671,0.00999999999999979);
#2922=VECTOR($,#10672,0.00999999999999979);
#2923=VECTOR($,#10673,0.00999999999999979);
#2924=VECTOR($,#10676,0.00999999999999979);
#2925=VECTOR($,#10677,0.00999999999999979);
#2926=VECTOR($,#10678,0.00999999999999979);
#2927=VECTOR($,#10679,0.00999999999999979);
#2928=VECTOR($,#10682,0.00999999999999979);
#2929=VECTOR($,#10683,0.00999999999999979);
#2930=VECTOR($,#10686,0.00999999999999979);
#2931=VECTOR($,#10689,0.00999999999999979);
#2932=VECTOR($,#10694,0.00999999999999979);
#2933=VECTOR($,#10695,0.00999999999999979);
#2934=VECTOR($,#10696,0.00999999999999979);
#2935=VECTOR($,#10697,0.00999999999999979);
#2936=VECTOR($,#10700,0.00999999999999979);
#2937=VECTOR($,#10701,0.00999999999999979);
#2938=VECTOR($,#10702,0.00999999999999979);
#2939=VECTOR($,#10703,0.00999999999999979);
#2940=VECTOR($,#10706,0.00999999999999979);
#2941=VECTOR($,#10707,0.00999999999999979);
#2942=VECTOR($,#10710,0.00999999999999979);
#2943=VECTOR($,#10713,0.00999999999999979);
#2944=VECTOR($,#10718,0.617499999999993);
#2945=VECTOR($,#10719,0.57);
#2946=VECTOR($,#10720,0.617499999999993);
#2947=VECTOR($,#10721,0.57);
#2948=VECTOR($,#10724,0.712499999999994);
#2949=VECTOR($,#10725,0.617499999999993);
#2950=VECTOR($,#10726,0.712499999999994);
#2951=VECTOR($,#10729,0.712499999999994);
#2952=VECTOR($,#10730,0.57);
#2953=VECTOR($,#10733,0.712499999999994);
#2954=VECTOR($,#10734,0.617499999999993);
#2955=VECTOR($,#10737,0.57);
#2956=VECTOR($,#10742,0.00999999999999979);
#2957=VECTOR($,#10743,0.00999999999999979);
#2958=VECTOR($,#10744,0.00999999999999979);
#2959=VECTOR($,#10745,0.00999999999999979);
#2960=VECTOR($,#10748,0.00999999999999979);
#2961=VECTOR($,#10749,0.00999999999999979);
#2962=VECTOR($,#10750,0.00999999999999979);
#2963=VECTOR($,#10751,0.00999999999999979);
#2964=VECTOR($,#10754,0.00999999999999979);
#2965=VECTOR($,#10755,0.00999999999999979);
#2966=VECTOR($,#10758,0.00999999999999979);
#2967=VECTOR($,#10761,0.00999999999999979);
#2968=VECTOR($,#10766,0.00999999999999979);
#2969=VECTOR($,#10767,0.00999999999999979);
#2970=VECTOR($,#10768,0.00999999999999979);
#2971=VECTOR($,#10769,0.00999999999999979);
#2972=VECTOR($,#10772,0.00999999999999979);
#2973=VECTOR($,#10773,0.00999999999999979);
#2974=VECTOR($,#10774,0.00999999999999979);
#2975=VECTOR($,#10775,0.00999999999999979);
#2976=VECTOR($,#10778,0.00999999999999979);
#2977=VECTOR($,#10779,0.00999999999999979);
#2978=VECTOR($,#10782,0.00999999999999979);
#2979=VECTOR($,#10785,0.00999999999999979);
#2980=VECTOR($,#10790,0.00999999999999979);
#2981=VECTOR($,#10791,0.00999999999999979);
#2982=VECTOR($,#10792,0.00999999999999979);
#2983=VECTOR($,#10793,0.00999999999999979);
#2984=VECTOR($,#10796,0.00999999999999979);
#2985=VECTOR($,#10797,0.00999999999999979);
#2986=VECTOR($,#10798,0.00999999999999979);
#2987=VECTOR($,#10799,0.00999999999999979);
#2988=VECTOR($,#10802,0.00999999999999979);
#2989=VECTOR($,#10803,0.00999999999999979);
#2990=VECTOR($,#10806,0.00999999999999979);
#2991=VECTOR($,#10809,0.00999999999999979);
#2992=VECTOR($,#10814,0.00999999999999979);
#2993=VECTOR($,#10815,0.00999999999999979);
#2994=VECTOR($,#10816,0.00999999999999979);
#2995=VECTOR($,#10817,0.00999999999999979);
#2996=VECTOR($,#10820,0.00999999999999979);
#2997=VECTOR($,#10821,0.00999999999999979);
#2998=VECTOR($,#10822,0.00999999999999979);
#2999=VECTOR($,#10823,0.00999999999999979);
#3000=VECTOR($,#10826,0.00999999999999979);
#3001=VECTOR($,#10827,0.00999999999999979);
#3002=VECTOR($,#10830,0.00999999999999979);
#3003=VECTOR($,#10833,0.00999999999999979);
#3004=VECTOR($,#10838,0.00999999999999979);
#3005=VECTOR($,#10839,0.00999999999999979);
#3006=VECTOR($,#10840,0.00999999999999979);
#3007=VECTOR($,#10841,0.00999999999999979);
#3008=VECTOR($,#10844,0.00999999999999979);
#3009=VECTOR($,#10845,0.00999999999999979);
#3010=VECTOR($,#10846,0.00999999999999979);
#3011=VECTOR($,#10847,0.00999999999999979);
#3012=VECTOR($,#10850,0.00999999999999979);
#3013=VECTOR($,#10851,0.00999999999999979);
#3014=VECTOR($,#10854,0.00999999999999979);
#3015=VECTOR($,#10857,0.00999999999999979);
#3016=VECTOR($,#10862,0.00999999999999979);
#3017=VECTOR($,#10863,0.00999999999999979);
#3018=VECTOR($,#10864,0.00999999999999979);
#3019=VECTOR($,#10865,0.00999999999999979);
#3020=VECTOR($,#10868,0.00999999999999979);
#3021=VECTOR($,#10869,0.00999999999999979);
#3022=VECTOR($,#10870,0.00999999999999979);
#3023=VECTOR($,#10871,0.00999999999999979);
#3024=VECTOR($,#10874,0.00999999999999979);
#3025=VECTOR($,#10875,0.00999999999999979);
#3026=VECTOR($,#10878,0.00999999999999979);
#3027=VECTOR($,#10881,0.00999999999999979);
#3028=VECTOR($,#10886,0.00999999999999979);
#3029=VECTOR($,#10887,0.00999999999999979);
#3030=VECTOR($,#10888,0.00999999999999979);
#3031=VECTOR($,#10889,0.00999999999999979);
#3032=VECTOR($,#10892,0.00999999999999979);
#3033=VECTOR($,#10893,0.00999999999999979);
#3034=VECTOR($,#10894,0.00999999999999979);
#3035=VECTOR($,#10895,0.00999999999999979);
#3036=VECTOR($,#10898,0.00999999999999979);
#3037=VECTOR($,#10899,0.00999999999999979);
#3038=VECTOR($,#10902,0.00999999999999979);
#3039=VECTOR($,#10905,0.00999999999999979);
#3040=VECTOR($,#10910,0.00999999999999979);
#3041=VECTOR($,#10911,0.00999999999999979);
#3042=VECTOR($,#10912,0.00999999999999979);
#3043=VECTOR($,#10913,0.00999999999999979);
#3044=VECTOR($,#10916,0.00999999999999979);
#3045=VECTOR($,#10917,0.00999999999999979);
#3046=VECTOR($,#10918,0.00999999999999979);
#3047=VECTOR($,#10919,0.00999999999999979);
#3048=VECTOR($,#10922,0.00999999999999979);
#3049=VECTOR($,#10923,0.00999999999999979);
#3050=VECTOR($,#10926,0.00999999999999979);
#3051=VECTOR($,#10929,0.00999999999999979);
#3052=VECTOR($,#10934,0.00999999999999979);
#3053=VECTOR($,#10935,0.00999999999999979);
#3054=VECTOR($,#10936,0.00999999999999979);
#3055=VECTOR($,#10937,0.00999999999999979);
#3056=VECTOR($,#10940,0.00999999999999979);
#3057=VECTOR($,#10941,0.00999999999999979);
#3058=VECTOR($,#10942,0.00999999999999979);
#3059=VECTOR($,#10943,0.00999999999999979);
#3060=VECTOR($,#10946,0.00999999999999979);
#3061=VECTOR($,#10947,0.00999999999999979);
#3062=VECTOR($,#10950,0.00999999999999979);
#3063=VECTOR($,#10953,0.00999999999999979);
#3064=VECTOR($,#10958,0.00999999999999979);
#3065=VECTOR($,#10959,0.00999999999999979);
#3066=VECTOR($,#10960,0.00999999999999979);
#3067=VECTOR($,#10961,0.00999999999999979);
#3068=VECTOR($,#10964,0.00999999999999979);
#3069=VECTOR($,#10965,0.00999999999999979);
#3070=VECTOR($,#10966,0.00999999999999979);
#3071=VECTOR($,#10967,0.00999999999999979);
#3072=VECTOR($,#10970,0.00999999999999979);
#3073=VECTOR($,#10971,0.00999999999999979);
#3074=VECTOR($,#10974,0.00999999999999979);
#3075=VECTOR($,#10977,0.00999999999999979);
#3076=VECTOR($,#10982,0.00999999999999979);
#3077=VECTOR($,#10983,0.00999999999999979);
#3078=VECTOR($,#10984,0.00999999999999979);
#3079=VECTOR($,#10985,0.00999999999999979);
#3080=VECTOR($,#10988,0.00999999999999979);
#3081=VECTOR($,#10989,0.00999999999999979);
#3082=VECTOR($,#10990,0.00999999999999979);
#3083=VECTOR($,#10991,0.00999999999999979);
#3084=VECTOR($,#10994,0.00999999999999979);
#3085=VECTOR($,#10995,0.00999999999999979);
#3086=VECTOR($,#10998,0.00999999999999979);
#3087=VECTOR($,#11001,0.00999999999999979);
#3088=VECTOR($,#11006,0.00999999999999979);
#3089=VECTOR($,#11007,0.00999999999999979);
#3090=VECTOR($,#11008,0.00999999999999979);
#3091=VECTOR($,#11009,0.00999999999999979);
#3092=VECTOR($,#11012,0.00999999999999979);
#3093=VECTOR($,#11013,0.00999999999999979);
#3094=VECTOR($,#11014,0.00999999999999979);
#3095=VECTOR($,#11015,0.00999999999999979);
#3096=VECTOR($,#11018,0.00999999999999979);
#3097=VECTOR($,#11019,0.00999999999999979);
#3098=VECTOR($,#11022,0.00999999999999979);
#3099=VECTOR($,#11025,0.00999999999999979);
#3100=VECTOR($,#11030,0.00999999999999979);
#3101=VECTOR($,#11031,0.00999999999999979);
#3102=VECTOR($,#11032,0.00999999999999979);
#3103=VECTOR($,#11033,0.00999999999999979);
#3104=VECTOR($,#11036,0.00999999999999979);
#3105=VECTOR($,#11037,0.00999999999999979);
#3106=VECTOR($,#11038,0.00999999999999979);
#3107=VECTOR($,#11039,0.00999999999999979);
#3108=VECTOR($,#11042,0.00999999999999979);
#3109=VECTOR($,#11043,0.00999999999999979);
#3110=VECTOR($,#11046,0.00999999999999979);
#3111=VECTOR($,#11049,0.00999999999999979);
#3112=VECTOR($,#11054,0.00999999999999979);
#3113=VECTOR($,#11055,0.00999999999999979);
#3114=VECTOR($,#11056,0.00999999999999979);
#3115=VECTOR($,#11057,0.00999999999999979);
#3116=VECTOR($,#11060,0.00999999999999979);
#3117=VECTOR($,#11061,0.00999999999999979);
#3118=VECTOR($,#11062,0.00999999999999979);
#3119=VECTOR($,#11063,0.00999999999999979);
#3120=VECTOR($,#11066,0.00999999999999979);
#3121=VECTOR($,#11067,0.00999999999999979);
#3122=VECTOR($,#11070,0.00999999999999979);
#3123=VECTOR($,#11073,0.00999999999999979);
#3124=VECTOR($,#11078,0.00999999999999979);
#3125=VECTOR($,#11079,0.00999999999999979);
#3126=VECTOR($,#11080,0.00999999999999979);
#3127=VECTOR($,#11081,0.00999999999999979);
#3128=VECTOR($,#11084,0.00999999999999979);
#3129=VECTOR($,#11085,0.00999999999999979);
#3130=VECTOR($,#11086,0.00999999999999979);
#3131=VECTOR($,#11087,0.00999999999999979);
#3132=VECTOR($,#11090,0.00999999999999979);
#3133=VECTOR($,#11091,0.00999999999999979);
#3134=VECTOR($,#11094,0.00999999999999979);
#3135=VECTOR($,#11097,0.00999999999999979);
#3136=VECTOR($,#11102,0.00999999999999979);
#3137=VECTOR($,#11103,0.00999999999999979);
#3138=VECTOR($,#11104,0.00999999999999979);
#3139=VECTOR($,#11105,0.00999999999999979);
#3140=VECTOR($,#11108,0.00999999999999979);
#3141=VECTOR($,#11109,0.00999999999999979);
#3142=VECTOR($,#11110,0.00999999999999979);
#3143=VECTOR($,#11111,0.00999999999999979);
#3144=VECTOR($,#11114,0.00999999999999979);
#3145=VECTOR($,#11115,0.00999999999999979);
#3146=VECTOR($,#11118,0.00999999999999979);
#3147=VECTOR($,#11121,0.00999999999999979);
#3148=VECTOR($,#11126,0.00999999999999979);
#3149=VECTOR($,#11127,0.00999999999999979);
#3150=VECTOR($,#11128,0.00999999999999979);
#3151=VECTOR($,#11129,0.00999999999999979);
#3152=VECTOR($,#11132,0.00999999999999979);
#3153=VECTOR($,#11133,0.00999999999999979);
#3154=VECTOR($,#11134,0.00999999999999979);
#3155=VECTOR($,#11135,0.00999999999999979);
#3156=VECTOR($,#11138,0.00999999999999979);
#3157=VECTOR($,#11139,0.00999999999999979);
#3158=VECTOR($,#11142,0.00999999999999979);
#3159=VECTOR($,#11145,0.00999999999999979);
#3160=VECTOR($,#11150,0.00999999999999979);
#3161=VECTOR($,#11151,0.00999999999999979);
#3162=VECTOR($,#11152,0.00999999999999979);
#3163=VECTOR($,#11153,0.00999999999999979);
#3164=VECTOR($,#11156,0.00999999999999979);
#3165=VECTOR($,#11157,0.00999999999999979);
#3166=VECTOR($,#11158,0.00999999999999979);
#3167=VECTOR($,#11159,0.00999999999999979);
#3168=VECTOR($,#11162,0.00999999999999979);
#3169=VECTOR($,#11163,0.00999999999999979);
#3170=VECTOR($,#11166,0.00999999999999979);
#3171=VECTOR($,#11169,0.00999999999999979);
#3172=VECTOR($,#11194,0.617499999999993);
#3173=VECTOR($,#11195,0.57);
#3174=VECTOR($,#11196,0.617499999999993);
#3175=VECTOR($,#11197,0.57);
#3176=VECTOR($,#11200,0.712499999999994);
#3177=VECTOR($,#11201,0.617499999999993);
#3178=VECTOR($,#11202,0.712499999999994);
#3179=VECTOR($,#11205,0.712499999999994);
#3180=VECTOR($,#11206,0.57);
#3181=VECTOR($,#11209,0.712499999999994);
#3182=VECTOR($,#11210,0.617499999999993);
#3183=VECTOR($,#11213,0.57);
#3184=VECTOR($,#11218,0.0486000000000002);
#3185=VECTOR($,#11219,0.0809999999999995);
#3186=VECTOR($,#11220,0.0486000000000002);
#3187=VECTOR($,#11221,0.0809999999999995);
#3188=VECTOR($,#11224,0.0499999999999998);
#3189=VECTOR($,#11225,0.00999999999999979);
#3190=VECTOR($,#11226,0.0499999999999998);
#3191=VECTOR($,#11227,0.00999999999999979);
#3192=VECTOR($,#11230,0.0200000000000005);
#3193=VECTOR($,#11231,0.00999999999999979);
#3194=VECTOR($,#11232,0.0200000000000005);
#3195=VECTOR($,#11235,0.0300000000000002);
#3196=VECTOR($,#11236,0.00999999999999979);
#3197=VECTOR($,#11237,0.0300000000000002);
#3198=VECTOR($,#11238,0.00999999999999979);
#3199=VECTOR($,#11241,0.0699999999999994);
#3200=VECTOR($,#11242,0.00999999999999979);
#3201=VECTOR($,#11243,0.0699999999999994);
#3202=VECTOR($,#11246,0.0300000000000002);
#3203=VECTOR($,#11247,0.00999999999999979);
#3204=VECTOR($,#11248,0.0200000000000005);
#3205=VECTOR($,#11249,0.00999999999999979);
#3206=VECTOR($,#11252,0.0300000000000002);
#3207=VECTOR($,#11253,0.00999999999999979);
#3208=VECTOR($,#11256,0.0200000000000005);
#3209=VECTOR($,#11257,0.00999999999999979);
#3210=VECTOR($,#11258,0.00999999999999979);
#3211=VECTOR($,#11261,0.00999999999999979);
#3212=VECTOR($,#11264,0.0809999999999995);
#3213=VECTOR($,#11265,0.0486000000000002);
#3214=VECTOR($,#11266,0.0809999999999995);
#3215=VECTOR($,#11267,0.0486000000000002);
#3216=VECTOR($,#11270,0.00809999999999977);
#3217=VECTOR($,#11271,0.00809999999999977);
#3218=VECTOR($,#11274,0.00809999999999977);
#3219=VECTOR($,#11277,0.00809999999999977);
#3220=VECTOR($,#11282,0.7);
#3221=VECTOR($,#11283,0.109999999999994);
#3222=VECTOR($,#11284,0.7);
#3223=VECTOR($,#11285,0.109999999999994);
#3224=VECTOR($,#11288,1.);
#3225=VECTOR($,#11289,0.109999999999995);
#3226=VECTOR($,#11290,1.);
#3227=VECTOR($,#11293,0.7);
#3228=VECTOR($,#11294,0.109999999999994);
#3229=VECTOR($,#11295,0.7);
#3230=VECTOR($,#11298,0.19999999999998);
#3231=VECTOR($,#11299,0.85);
#3232=VECTOR($,#11300,1.39999999999996);
#3233=VECTOR($,#11301,0.85);
#3234=VECTOR($,#11302,0.199999999999982);
#3235=VECTOR($,#11303,0.0425000000000004);
#3236=VECTOR($,#11304,0.0538461538461545);
#3237=VECTOR($,#11305,0.0425000000000004);
#3238=VECTOR($,#11306,0.0538461538461545);
#3239=VECTOR($,#11307,0.0425000000000004);
#3240=VECTOR($,#11308,0.0538461538461537);
#3241=VECTOR($,#11309,0.0425000000000004);
#3242=VECTOR($,#11310,0.0538461538461537);
#3243=VECTOR($,#11311,0.0425000000000004);
#3244=VECTOR($,#11312,0.0538461538461537);
#3245=VECTOR($,#11313,0.0425000000000004);
#3246=VECTOR($,#11314,0.0538461538461537);
#3247=VECTOR($,#11315,0.0425000000000004);
#3248=VECTOR($,#11316,0.0538461538461545);
#3249=VECTOR($,#11317,0.0425000000000004);
#3250=VECTOR($,#11318,0.0538461538461545);
#3251=VECTOR($,#11321,0.19999999999998);
#3252=VECTOR($,#11322,0.109999999999994);
#3253=VECTOR($,#11325,0.109999999999994);
#3254=VECTOR($,#11326,0.199999999999982);
#3255=VECTOR($,#11329,0.240000013351479);
#3256=VECTOR($,#11330,0.0425000000000004);
#3257=VECTOR($,#11331,0.240000013351479);
#3258=VECTOR($,#11334,0.240000013351479);
#3259=VECTOR($,#11335,0.0538461538461545);
#3260=VECTOR($,#11338,0.0538461538461545);
#3261=VECTOR($,#11339,0.240000013351479);
#3262=VECTOR($,#11342,0.0538461538461545);
#3263=VECTOR($,#11343,0.449999986648527);
#3264=VECTOR($,#11344,0.0538461538461546);
#3265=VECTOR($,#11345,0.449999986648527);
#3266=VECTOR($,#11348,0.0425000000000004);
#3267=VECTOR($,#11351,0.0425000000000004);
#3268=VECTOR($,#11352,0.449999986648527);
#3269=VECTOR($,#11353,0.0425000000000004);
#3270=VECTOR($,#11358,0.0425000000000004);
#3271=VECTOR($,#11359,0.0425000000000004);
#3272=VECTOR($,#11360,0.449999986648527);
#3273=VECTOR($,#11363,0.0538461538461545);
#3274=VECTOR($,#11364,0.0538461538461546);
#3275=VECTOR($,#11367,0.240000013351479);
#3276=VECTOR($,#11368,0.0425000000000004);
#3277=VECTOR($,#11369,0.240000013351479);
#3278=VECTOR($,#11372,0.240000013351479);
#3279=VECTOR($,#11373,0.0538461538461537);
#3280=VECTOR($,#11376,0.0538461538461537);
#3281=VECTOR($,#11377,0.240000013351479);
#3282=VECTOR($,#11380,0.0538461538461537);
#3283=VECTOR($,#11381,0.449999986648527);
#3284=VECTOR($,#11382,0.0538461538461537);
#3285=VECTOR($,#11383,0.449999986648527);
#3286=VECTOR($,#11386,0.0425000000000004);
#3287=VECTOR($,#11389,0.0425000000000004);
#3288=VECTOR($,#11390,0.449999986648527);
#3289=VECTOR($,#11391,0.0425000000000004);
#3290=VECTOR($,#11396,0.0425000000000004);
#3291=VECTOR($,#11397,0.0425000000000004);
#3292=VECTOR($,#11398,0.449999986648527);
#3293=VECTOR($,#11401,0.0538461538461537);
#3294=VECTOR($,#11402,0.0538461538461537);
#3295=VECTOR($,#11405,0.240000013351479);
#3296=VECTOR($,#11406,0.0425000000000004);
#3297=VECTOR($,#11407,0.240000013351479);
#3298=VECTOR($,#11410,0.240000013351479);
#3299=VECTOR($,#11411,0.0538461538461537);
#3300=VECTOR($,#11414,0.0538461538461537);
#3301=VECTOR($,#11415,0.240000013351479);
#3302=VECTOR($,#11418,0.0538461538461537);
#3303=VECTOR($,#11419,0.449999986648527);
#3304=VECTOR($,#11420,0.0538461538461537);
#3305=VECTOR($,#11421,0.449999986648527);
#3306=VECTOR($,#11424,0.0425000000000004);
#3307=VECTOR($,#11427,0.0425000000000004);
#3308=VECTOR($,#11428,0.449999986648527);
#3309=VECTOR($,#11429,0.0425000000000004);
#3310=VECTOR($,#11434,0.0425000000000004);
#3311=VECTOR($,#11435,0.0425000000000004);
#3312=VECTOR($,#11436,0.449999986648527);
#3313=VECTOR($,#11439,0.0538461538461537);
#3314=VECTOR($,#11440,0.0538461538461537);
#3315=VECTOR($,#11443,0.240000013351479);
#3316=VECTOR($,#11444,0.0425000000000004);
#3317=VECTOR($,#11445,0.240000013351479);
#3318=VECTOR($,#11448,0.240000013351479);
#3319=VECTOR($,#11449,0.0538461538461545);
#3320=VECTOR($,#11452,0.0538461538461545);
#3321=VECTOR($,#11453,0.240000013351479);
#3322=VECTOR($,#11456,0.0538461538461545);
#3323=VECTOR($,#11457,0.449999986648527);
#3324=VECTOR($,#11458,0.0538461538461546);
#3325=VECTOR($,#11459,0.449999986648527);
#3326=VECTOR($,#11462,0.0425000000000004);
#3327=VECTOR($,#11465,0.0425000000000004);
#3328=VECTOR($,#11466,0.449999986648527);
#3329=VECTOR($,#11467,0.0425000000000004);
#3330=VECTOR($,#11472,0.0425000000000004);
#3331=VECTOR($,#11473,0.0425000000000004);
#3332=VECTOR($,#11474,0.449999986648527);
#3333=VECTOR($,#11477,0.0538461538461545);
#3334=VECTOR($,#11478,0.0538461538461546);
#3335=VECTOR($,#11481,0.85);
#3336=VECTOR($,#11482,0.0499999999999939);
#3337=VECTOR($,#11483,0.85);
#3338=VECTOR($,#11484,0.0499999999999939);
#3339=VECTOR($,#11487,1.39999999999996);
#3340=VECTOR($,#11488,1.39999999999996);
#3341=VECTOR($,#11489,0.0499999999999939);
#3342=VECTOR($,#11492,0.85);
#3343=VECTOR($,#11493,0.85);
#3344=VECTOR($,#11494,0.0499999999999939);
#3345=VECTOR($,#11497,1.39999999999996);
#3346=VECTOR($,#11498,1.39999999999996);
#3347=VECTOR($,#11505,0.85);
#3348=VECTOR($,#11506,0.109999999999994);
#3349=VECTOR($,#11509,1.39999999999996);
#3350=VECTOR($,#11510,0.109999999999994);
#3351=VECTOR($,#11513,0.85);
#3352=VECTOR($,#11518,0.4);
#3353=VECTOR($,#11519,0.00499999999999989);
#3354=VECTOR($,#11520,0.4);
#3355=VECTOR($,#11521,0.00499999999999989);
#3356=VECTOR($,#11524,0.0499999999999998);
#3357=VECTOR($,#11525,0.4);
#3358=VECTOR($,#11526,0.0499999999999998);
#3359=VECTOR($,#11527,0.4);
#3360=VECTOR($,#11530,0.4);
#3361=VECTOR($,#11531,0.4);
#3362=VECTOR($,#11532,0.4);
#3363=VECTOR($,#11535,0.4);
#3364=VECTOR($,#11536,0.4);
#3365=VECTOR($,#11539,0.355);
#3366=VECTOR($,#11540,0.399999999999999);
#3367=VECTOR($,#11541,0.355);
#3368=VECTOR($,#11544,0.0357142857142863);
#3369=VECTOR($,#11545,0.569999999685292);
#3370=VECTOR($,#11546,0.0357142857142863);
#3371=VECTOR($,#11547,0.569999999685292);
#3372=VECTOR($,#11550,0.040650406504068);
#3373=VECTOR($,#11551,0.569999999685292);
#3374=VECTOR($,#11552,0.040650406504068);
#3375=VECTOR($,#11555,0.0357142857142863);
#3376=VECTOR($,#11556,0.040650406504068);
#3377=VECTOR($,#11559,0.0357142857142863);
#3378=VECTOR($,#11560,0.569999999685292);
#3379=VECTOR($,#11563,0.040650406504068);
#3380=VECTOR($,#11566,0.0357142857142863);
#3381=VECTOR($,#11567,0.569999999685292);
#3382=VECTOR($,#11568,0.0357142857142863);
#3383=VECTOR($,#11569,0.569999999685292);
#3384=VECTOR($,#11572,0.040650406504068);
#3385=VECTOR($,#11573,0.569999999685292);
#3386=VECTOR($,#11574,0.040650406504068);
#3387=VECTOR($,#11577,0.0357142857142863);
#3388=VECTOR($,#11578,0.040650406504068);
#3389=VECTOR($,#11581,0.0357142857142863);
#3390=VECTOR($,#11582,0.569999999685292);
#3391=VECTOR($,#11585,0.040650406504068);
#3392=VECTOR($,#11588,0.0357142857142863);
#3393=VECTOR($,#11589,0.569999999685292);
#3394=VECTOR($,#11590,0.0357142857142863);
#3395=VECTOR($,#11591,0.569999999685292);
#3396=VECTOR($,#11594,0.040650406504068);
#3397=VECTOR($,#11595,0.569999999685292);
#3398=VECTOR($,#11596,0.040650406504068);
#3399=VECTOR($,#11599,0.0357142857142863);
#3400=VECTOR($,#11600,0.040650406504068);
#3401=VECTOR($,#11603,0.0357142857142863);
#3402=VECTOR($,#11604,0.569999999685292);
#3403=VECTOR($,#11607,0.040650406504068);
#3404=VECTOR($,#11610,0.4);
#3405=VECTOR($,#11611,0.4);
#3406=VECTOR($,#11612,0.4);
#3407=VECTOR($,#11613,0.4);
#3408=VECTOR($,#11614,0.040650406504068);
#3409=VECTOR($,#11615,0.0357142857142863);
#3410=VECTOR($,#11616,0.040650406504068);
#3411=VECTOR($,#11617,0.0357142857142863);
#3412=VECTOR($,#11620,0.0300000003147081);
#3413=VECTOR($,#11621,0.0300000003147081);
#3414=VECTOR($,#11624,0.0300000003147081);
#3415=VECTOR($,#11627,0.0300000003147081);
#3416=VECTOR($,#11632,0.569999999685292);
#3417=VECTOR($,#11633,0.040650406504068);
#3418=VECTOR($,#11634,0.569999999685292);
#3419=VECTOR($,#11637,0.569999999685292);
#3420=VECTOR($,#11638,0.0357142857142863);
#3421=VECTOR($,#11641,0.040650406504068);
#3422=VECTOR($,#11642,0.0357142857142863);
#3423=VECTOR($,#11645,0.569999999685292);
#3424=VECTOR($,#11650,0.2);
#3425=VECTOR($,#11651,0.300000000000001);
#3426=VECTOR($,#11652,0.2);
#3427=VECTOR($,#11653,0.300000000000001);
#3428=VECTOR($,#11656,0.2);
#3429=VECTOR($,#11657,0.300000000000001);
#3430=VECTOR($,#11658,0.2);
#3431=VECTOR($,#11659,0.300000000000001);
#3432=VECTOR($,#11662,0.05);
#3433=VECTOR($,#11663,0.05);
#3434=VECTOR($,#11666,0.05);
#3435=VECTOR($,#11669,0.05);
#3436=VECTOR($,#11674,0.15);
#3437=VECTOR($,#11677,0.15);
#3438=VECTOR($,#11684,0.0102450264299056);
#3439=VECTOR($,#11687,0.144877486785047);
#3440=VECTOR($,#11688,0.3);
#3441=VECTOR($,#11689,0.3);
#3442=VECTOR($,#11690,0.3);
#3443=VECTOR($,#11691,0.144877486785047);
#3444=VECTOR($,#11694,0.3);
#3445=VECTOR($,#11695,0.3);
#3446=VECTOR($,#11696,0.3);
#3447=VECTOR($,#11697,0.3);
#3448=VECTOR($,#11700,0.0500000000000004);
#3449=VECTOR($,#11701,0.0499999999999997);
#3450=VECTOR($,#11704,0.0499999999999997);
#3451=VECTOR($,#11707,0.0500000000000004);
#3452=VECTOR($,#11728,0.4);
#3453=VECTOR($,#11729,0.4);
#3454=VECTOR($,#11730,0.4);
#3455=VECTOR($,#11731,0.4);
#3456=VECTOR($,#11734,0.4);
#3457=VECTOR($,#11735,0.4);
#3458=VECTOR($,#11736,0.4);
#3459=VECTOR($,#11737,0.4);
#3460=VECTOR($,#11740,0.15);
#3461=VECTOR($,#11741,0.15);
#3462=VECTOR($,#11744,0.15);
#3463=VECTOR($,#11747,0.15);
#3464=VECTOR($,#11762,0.300000000000001);
#3465=VECTOR($,#11763,0.31);
#3466=VECTOR($,#11764,0.300000000000001);
#3467=VECTOR($,#11765,0.31);
#3468=VECTOR($,#11768,0.300000000000001);
#3469=VECTOR($,#11769,0.31);
#3470=VECTOR($,#11770,0.300000000000001);
#3471=VECTOR($,#11771,0.31);
#3472=VECTOR($,#11774,0.3);
#3473=VECTOR($,#11775,0.3);
#3474=VECTOR($,#11778,0.3);
#3475=VECTOR($,#11781,0.3);
#3476=VECTOR($,#11786,0.15);
#3477=VECTOR($,#11787,0.0999999999999996);
#3478=VECTOR($,#11788,0.15);
#3479=VECTOR($,#11789,0.0999999999999996);
#3480=VECTOR($,#11792,0.15);
#3481=VECTOR($,#11793,0.0999999999999996);
#3482=VECTOR($,#11794,0.15);
#3483=VECTOR($,#11795,0.0999999999999996);
#3484=VECTOR($,#11798,0.1);
#3485=VECTOR($,#11799,0.1);
#3486=VECTOR($,#11802,0.1);
#3487=VECTOR($,#11805,0.1);
#3488=VECTOR($,#11820,0.15);
#3489=VECTOR($,#11821,0.0999999999999996);
#3490=VECTOR($,#11822,0.15);
#3491=VECTOR($,#11823,0.0999999999999996);
#3492=VECTOR($,#11826,0.15);
#3493=VECTOR($,#11827,0.0999999999999996);
#3494=VECTOR($,#11828,0.15);
#3495=VECTOR($,#11829,0.0999999999999996);
#3496=VECTOR($,#11832,0.1);
#3497=VECTOR($,#11833,0.1);
#3498=VECTOR($,#11836,0.1);
#3499=VECTOR($,#11839,0.1);
#3500=VECTOR($,#11844,0.1);
#3501=VECTOR($,#11845,0.0999999999999996);
#3502=VECTOR($,#11846,0.1);
#3503=VECTOR($,#11847,0.0999999999999996);
#3504=VECTOR($,#11850,0.1);
#3505=VECTOR($,#11851,0.0999999999999996);
#3506=VECTOR($,#11852,0.1);
#3507=VECTOR($,#11853,0.0999999999999996);
#3508=VECTOR($,#11856,0.1);
#3509=VECTOR($,#11857,0.1);
#3510=VECTOR($,#11860,0.1);
#3511=VECTOR($,#11863,0.1);
#3512=VECTOR($,#11868,0.1);
#3513=VECTOR($,#11869,0.0999999999999996);
#3514=VECTOR($,#11870,0.1);
#3515=VECTOR($,#11871,0.0999999999999996);
#3516=VECTOR($,#11874,0.1);
#3517=VECTOR($,#11875,0.0999999999999996);
#3518=VECTOR($,#11876,0.1);
#3519=VECTOR($,#11877,0.0999999999999996);
#3520=VECTOR($,#11880,0.1);
#3521=VECTOR($,#11881,0.1);
#3522=VECTOR($,#11884,0.1);
#3523=VECTOR($,#11887,0.1);
#3524=VECTOR($,#11892,0.449999999999999);
#3525=VECTOR($,#11893,0.6);
#3526=VECTOR($,#11894,0.449999999999999);
#3527=VECTOR($,#11895,0.6);
#3528=VECTOR($,#11898,0.449999999999999);
#3529=VECTOR($,#11899,0.6);
#3530=VECTOR($,#11900,0.449999999999999);
#3531=VECTOR($,#11901,0.6);
#3532=VECTOR($,#11904,0.5);
#3533=VECTOR($,#11905,0.5);
#3534=VECTOR($,#11908,0.5);
#3535=VECTOR($,#11911,0.5);
#3536=VECTOR($,#11916,0.1);
#3537=VECTOR($,#11917,0.0999999999999996);
#3538=VECTOR($,#11918,0.1);
#3539=VECTOR($,#11919,0.0999999999999996);
#3540=VECTOR($,#11922,0.1);
#3541=VECTOR($,#11923,0.0999999999999996);
#3542=VECTOR($,#11924,0.1);
#3543=VECTOR($,#11925,0.0999999999999996);
#3544=VECTOR($,#11928,0.1);
#3545=VECTOR($,#11929,0.1);
#3546=VECTOR($,#11932,0.1);
#3547=VECTOR($,#11935,0.1);
#3548=VECTOR($,#11940,0.1);
#3549=VECTOR($,#11941,0.0999999999999996);
#3550=VECTOR($,#11942,0.1);
#3551=VECTOR($,#11943,0.0999999999999996);
#3552=VECTOR($,#11946,0.1);
#3553=VECTOR($,#11947,0.0999999999999996);
#3554=VECTOR($,#11948,0.1);
#3555=VECTOR($,#11949,0.0999999999999996);
#3556=VECTOR($,#11952,0.1);
#3557=VECTOR($,#11953,0.1);
#3558=VECTOR($,#11956,0.1);
#3559=VECTOR($,#11959,0.1);
#3560=VECTOR($,#11964,0.134400000000001);
#3561=VECTOR($,#11965,0.48);
#3562=VECTOR($,#11966,0.134400000000001);
#3563=VECTOR($,#11967,0.48);
#3564=VECTOR($,#11970,0.134400000000001);
#3565=VECTOR($,#11971,0.48);
#3566=VECTOR($,#11972,0.134400000000001);
#3567=VECTOR($,#11973,0.48);
#3568=VECTOR($,#11976,0.0080000000000009);
#3569=VECTOR($,#11977,0.00800000000000001);
#3570=VECTOR($,#11980,0.0080000000000009);
#3571=VECTOR($,#11983,0.00800000000000001);
#3572=VECTOR($,#12014,0.15);
#3573=VECTOR($,#12015,0.0999999999999996);
#3574=VECTOR($,#12016,0.15);
#3575=VECTOR($,#12017,0.0999999999999996);
#3576=VECTOR($,#12020,0.15);
#3577=VECTOR($,#12021,0.0999999999999996);
#3578=VECTOR($,#12022,0.15);
#3579=VECTOR($,#12023,0.0999999999999996);
#3580=VECTOR($,#12026,0.1);
#3581=VECTOR($,#12027,0.1);
#3582=VECTOR($,#12030,0.1);
#3583=VECTOR($,#12033,0.1);
#3584=VECTOR($,#12038,0.0749999999999993);
#3585=VECTOR($,#12039,0.035);
#3586=VECTOR($,#12040,0.0749999999999993);
#3587=VECTOR($,#12041,0.035);
#3588=VECTOR($,#12044,0.0749999999999993);
#3589=VECTOR($,#12045,0.035);
#3590=VECTOR($,#12046,0.0749999999999993);
#3591=VECTOR($,#12047,0.035);
#3592=VECTOR($,#12050,0.0499999999999998);
#3593=VECTOR($,#12051,0.0499999999999998);
#3594=VECTOR($,#12054,0.0499999999999998);
#3595=VECTOR($,#12057,0.0499999999999998);
#3596=VECTOR($,#12062,0.0500000000000007);
#3597=VECTOR($,#12063,0.05);
#3598=VECTOR($,#12064,0.0500000000000007);
#3599=VECTOR($,#12065,0.05);
#3600=VECTOR($,#12068,0.0500000000000007);
#3601=VECTOR($,#12069,0.05);
#3602=VECTOR($,#12070,0.0500000000000007);
#3603=VECTOR($,#12071,0.05);
#3604=VECTOR($,#12074,0.0499999999999998);
#3605=VECTOR($,#12075,0.0499999999999998);
#3606=VECTOR($,#12078,0.0499999999999998);
#3607=VECTOR($,#12081,0.0499999999999998);
#3608=VECTOR($,#12086,0.0300000000000003);
#3609=VECTOR($,#12087,0.250000013351479);
#3610=VECTOR($,#12088,0.0300000000000002);
#3611=VECTOR($,#12089,0.250000013351479);
#3612=VECTOR($,#12092,0.0500000000000007);
#3613=VECTOR($,#12093,0.250000013351479);
#3614=VECTOR($,#12094,0.0500000000000007);
#3615=VECTOR($,#12097,0.0500000000000007);
#3616=VECTOR($,#12098,0.0500000000000007);
#3617=VECTOR($,#12099,0.250000013351479);
#3618=VECTOR($,#12102,0.0300000000000003);
#3619=VECTOR($,#12103,0.0300000000000002);
#3620=VECTOR($,#12108,0.0300000000000002);
#3621=VECTOR($,#12109,0.250000013351479);
#3622=VECTOR($,#12110,0.0300000000000002);
#3623=VECTOR($,#12111,0.250000013351479);
#3624=VECTOR($,#12114,0.0500000000000007);
#3625=VECTOR($,#12115,0.250000013351479);
#3626=VECTOR($,#12116,0.0500000000000007);
#3627=VECTOR($,#12119,0.0500000000000007);
#3628=VECTOR($,#12120,0.0500000000000007);
#3629=VECTOR($,#12121,0.250000013351479);
#3630=VECTOR($,#12124,0.0300000000000002);
#3631=VECTOR($,#12125,0.0300000000000002);
#3632=VECTOR($,#12130,0.0300000000000003);
#3633=VECTOR($,#12131,0.250000013351479);
#3634=VECTOR($,#12132,0.0300000000000002);
#3635=VECTOR($,#12133,0.250000013351479);
#3636=VECTOR($,#12136,0.0500000000000007);
#3637=VECTOR($,#12137,0.250000013351479);
#3638=VECTOR($,#12138,0.0500000000000007);
#3639=VECTOR($,#12141,0.0500000000000007);
#3640=VECTOR($,#12142,0.0500000000000007);
#3641=VECTOR($,#12143,0.250000013351479);
#3642=VECTOR($,#12146,0.0300000000000003);
#3643=VECTOR($,#12147,0.0300000000000002);
#3644=VECTOR($,#12152,0.0300000000000002);
#3645=VECTOR($,#12153,0.250000013351479);
#3646=VECTOR($,#12154,0.0300000000000002);
#3647=VECTOR($,#12155,0.250000013351479);
#3648=VECTOR($,#12158,0.0500000000000007);
#3649=VECTOR($,#12159,0.250000013351479);
#3650=VECTOR($,#12160,0.0500000000000007);
#3651=VECTOR($,#12163,0.0500000000000007);
#3652=VECTOR($,#12164,0.0500000000000007);
#3653=VECTOR($,#12165,0.250000013351479);
#3654=VECTOR($,#12168,0.0300000000000002);
#3655=VECTOR($,#12169,0.0300000000000002);
#3656=VECTOR($,#12174,1.29999999999998);
#3657=VECTOR($,#12175,0.600000000000001);
#3658=VECTOR($,#12176,1.29999999999998);
#3659=VECTOR($,#12177,0.600000000000001);
#3660=VECTOR($,#12180,0.600000000000001);
#3661=VECTOR($,#12181,0.749999999999988);
#3662=VECTOR($,#12182,0.749999999999988);
#3663=VECTOR($,#12185,1.29999999999998);
#3664=VECTOR($,#12186,0.749999999999988);
#3665=VECTOR($,#12189,0.600000000000001);
#3666=VECTOR($,#12190,0.749999999999988);
#3667=VECTOR($,#12193,1.29999999999998);
#3668=VERTEX_POINT($,#12198);
#3669=VERTEX_POINT($,#12199);
#3670=VERTEX_POINT($,#12201);
#3671=VERTEX_POINT($,#12203);
#3672=VERTEX_POINT($,#12207);
#3673=VERTEX_POINT($,#12209);
#3674=VERTEX_POINT($,#12213);
#3675=VERTEX_POINT($,#12215);
#3676=VERTEX_POINT($,#12224);
#3677=VERTEX_POINT($,#12225);
#3678=VERTEX_POINT($,#12227);
#3679=VERTEX_POINT($,#12229);
#3680=VERTEX_POINT($,#12233);
#3681=VERTEX_POINT($,#12235);
#3682=VERTEX_POINT($,#12239);
#3683=VERTEX_POINT($,#12241);
#3684=VERTEX_POINT($,#12250);
#3685=VERTEX_POINT($,#12251);
#3686=VERTEX_POINT($,#12253);
#3687=VERTEX_POINT($,#12255);
#3688=VERTEX_POINT($,#12259);
#3689=VERTEX_POINT($,#12261);
#3690=VERTEX_POINT($,#12265);
#3691=VERTEX_POINT($,#12267);
#3692=VERTEX_POINT($,#12271);
#3693=VERTEX_POINT($,#12272);
#3694=VERTEX_POINT($,#12274);
#3695=VERTEX_POINT($,#12276);
#3696=VERTEX_POINT($,#12283);
#3697=VERTEX_POINT($,#12285);
#3698=VERTEX_POINT($,#12290);
#3699=VERTEX_POINT($,#12292);
#3700=VERTEX_POINT($,#12299);
#3701=VERTEX_POINT($,#12300);
#3702=VERTEX_POINT($,#12302);
#3703=VERTEX_POINT($,#12304);
#3704=VERTEX_POINT($,#12308);
#3705=VERTEX_POINT($,#12310);
#3706=VERTEX_POINT($,#12314);
#3707=VERTEX_POINT($,#12316);
#3708=VERTEX_POINT($,#12320);
#3709=VERTEX_POINT($,#12321);
#3710=VERTEX_POINT($,#12323);
#3711=VERTEX_POINT($,#12325);
#3712=VERTEX_POINT($,#12332);
#3713=VERTEX_POINT($,#12334);
#3714=VERTEX_POINT($,#12339);
#3715=VERTEX_POINT($,#12341);
#3716=VERTEX_POINT($,#12348);
#3717=VERTEX_POINT($,#12349);
#3718=VERTEX_POINT($,#12351);
#3719=VERTEX_POINT($,#12353);
#3720=VERTEX_POINT($,#12357);
#3721=VERTEX_POINT($,#12359);
#3722=VERTEX_POINT($,#12363);
#3723=VERTEX_POINT($,#12365);
#3724=VERTEX_POINT($,#12369);
#3725=VERTEX_POINT($,#12370);
#3726=VERTEX_POINT($,#12372);
#3727=VERTEX_POINT($,#12374);
#3728=VERTEX_POINT($,#12381);
#3729=VERTEX_POINT($,#12383);
#3730=VERTEX_POINT($,#12388);
#3731=VERTEX_POINT($,#12390);
#3732=VERTEX_POINT($,#12397);
#3733=VERTEX_POINT($,#12398);
#3734=VERTEX_POINT($,#12400);
#3735=VERTEX_POINT($,#12402);
#3736=VERTEX_POINT($,#12406);
#3737=VERTEX_POINT($,#12408);
#3738=VERTEX_POINT($,#12412);
#3739=VERTEX_POINT($,#12414);
#3740=VERTEX_POINT($,#12418);
#3741=VERTEX_POINT($,#12419);
#3742=VERTEX_POINT($,#12421);
#3743=VERTEX_POINT($,#12423);
#3744=VERTEX_POINT($,#12430);
#3745=VERTEX_POINT($,#12432);
#3746=VERTEX_POINT($,#12437);
#3747=VERTEX_POINT($,#12439);
#3748=VERTEX_POINT($,#12446);
#3749=VERTEX_POINT($,#12447);
#3750=VERTEX_POINT($,#12449);
#3751=VERTEX_POINT($,#12451);
#3752=VERTEX_POINT($,#12455);
#3753=VERTEX_POINT($,#12457);
#3754=VERTEX_POINT($,#12461);
#3755=VERTEX_POINT($,#12463);
#3756=VERTEX_POINT($,#12472);
#3757=VERTEX_POINT($,#12473);
#3758=VERTEX_POINT($,#12475);
#3759=VERTEX_POINT($,#12477);
#3760=VERTEX_POINT($,#12481);
#3761=VERTEX_POINT($,#12483);
#3762=VERTEX_POINT($,#12487);
#3763=VERTEX_POINT($,#12489);
#3764=VERTEX_POINT($,#12498);
#3765=VERTEX_POINT($,#12499);
#3766=VERTEX_POINT($,#12501);
#3767=VERTEX_POINT($,#12503);
#3768=VERTEX_POINT($,#12507);
#3769=VERTEX_POINT($,#12508);
#3770=VERTEX_POINT($,#12510);
#3771=VERTEX_POINT($,#12512);
#3772=VERTEX_POINT($,#12516);
#3773=VERTEX_POINT($,#12519);
#3774=VERTEX_POINT($,#12521);
#3775=VERTEX_POINT($,#12523);
#3776=VERTEX_POINT($,#12527);
#3777=VERTEX_POINT($,#12528);
#3778=VERTEX_POINT($,#12533);
#3779=VERTEX_POINT($,#12540);
#3780=VERTEX_POINT($,#12546);
#3781=VERTEX_POINT($,#12547);
#3782=VERTEX_POINT($,#12549);
#3783=VERTEX_POINT($,#12551);
#3784=VERTEX_POINT($,#12555);
#3785=VERTEX_POINT($,#12556);
#3786=VERTEX_POINT($,#12558);
#3787=VERTEX_POINT($,#12560);
#3788=VERTEX_POINT($,#12572);
#3789=VERTEX_POINT($,#12573);
#3790=VERTEX_POINT($,#12575);
#3791=VERTEX_POINT($,#12577);
#3792=VERTEX_POINT($,#12581);
#3793=VERTEX_POINT($,#12583);
#3794=VERTEX_POINT($,#12587);
#3795=VERTEX_POINT($,#12591);
#3796=VERTEX_POINT($,#12597);
#3797=VERTEX_POINT($,#12598);
#3798=VERTEX_POINT($,#12600);
#3799=VERTEX_POINT($,#12602);
#3800=VERTEX_POINT($,#12606);
#3801=VERTEX_POINT($,#12607);
#3802=VERTEX_POINT($,#12609);
#3803=VERTEX_POINT($,#12611);
#3804=VERTEX_POINT($,#12623);
#3805=VERTEX_POINT($,#12624);
#3806=VERTEX_POINT($,#12626);
#3807=VERTEX_POINT($,#12628);
#3808=VERTEX_POINT($,#12632);
#3809=VERTEX_POINT($,#12633);
#3810=VERTEX_POINT($,#12635);
#3811=VERTEX_POINT($,#12637);
#3812=VERTEX_POINT($,#12649);
#3813=VERTEX_POINT($,#12650);
#3814=VERTEX_POINT($,#12652);
#3815=VERTEX_POINT($,#12654);
#3816=VERTEX_POINT($,#12658);
#3817=VERTEX_POINT($,#12659);
#3818=VERTEX_POINT($,#12661);
#3819=VERTEX_POINT($,#12663);
#3820=VERTEX_POINT($,#12675);
#3821=VERTEX_POINT($,#12676);
#3822=VERTEX_POINT($,#12678);
#3823=VERTEX_POINT($,#12680);
#3824=VERTEX_POINT($,#12684);
#3825=VERTEX_POINT($,#12685);
#3826=VERTEX_POINT($,#12687);
#3827=VERTEX_POINT($,#12689);
#3828=VERTEX_POINT($,#12701);
#3829=VERTEX_POINT($,#12702);
#3830=VERTEX_POINT($,#12704);
#3831=VERTEX_POINT($,#12706);
#3832=VERTEX_POINT($,#12710);
#3833=VERTEX_POINT($,#12711);
#3834=VERTEX_POINT($,#12713);
#3835=VERTEX_POINT($,#12715);
#3836=VERTEX_POINT($,#12727);
#3837=VERTEX_POINT($,#12728);
#3838=VERTEX_POINT($,#12730);
#3839=VERTEX_POINT($,#12732);
#3840=VERTEX_POINT($,#12736);
#3841=VERTEX_POINT($,#12737);
#3842=VERTEX_POINT($,#12739);
#3843=VERTEX_POINT($,#12741);
#3844=VERTEX_POINT($,#12753);
#3845=VERTEX_POINT($,#12754);
#3846=VERTEX_POINT($,#12756);
#3847=VERTEX_POINT($,#12758);
#3848=VERTEX_POINT($,#12762);
#3849=VERTEX_POINT($,#12763);
#3850=VERTEX_POINT($,#12765);
#3851=VERTEX_POINT($,#12767);
#3852=VERTEX_POINT($,#12779);
#3853=VERTEX_POINT($,#12780);
#3854=VERTEX_POINT($,#12782);
#3855=VERTEX_POINT($,#12784);
#3856=VERTEX_POINT($,#12787);
#3857=VERTEX_POINT($,#12788);
#3858=VERTEX_POINT($,#12790);
#3859=VERTEX_POINT($,#12792);
#3860=VERTEX_POINT($,#12796);
#3861=VERTEX_POINT($,#12797);
#3862=VERTEX_POINT($,#12799);
#3863=VERTEX_POINT($,#12801);
#3864=VERTEX_POINT($,#12804);
#3865=VERTEX_POINT($,#12805);
#3866=VERTEX_POINT($,#12807);
#3867=VERTEX_POINT($,#12809);
#3868=VERTEX_POINT($,#12829);
#3869=VERTEX_POINT($,#12830);
#3870=VERTEX_POINT($,#12832);
#3871=VERTEX_POINT($,#12834);
#3872=VERTEX_POINT($,#12838);
#3873=VERTEX_POINT($,#12839);
#3874=VERTEX_POINT($,#12841);
#3875=VERTEX_POINT($,#12843);
#3876=VERTEX_POINT($,#12855);
#3877=VERTEX_POINT($,#12856);
#3878=VERTEX_POINT($,#12858);
#3879=VERTEX_POINT($,#12860);
#3880=VERTEX_POINT($,#12864);
#3881=VERTEX_POINT($,#12865);
#3882=VERTEX_POINT($,#12867);
#3883=VERTEX_POINT($,#12869);
#3884=VERTEX_POINT($,#12881);
#3885=VERTEX_POINT($,#12882);
#3886=VERTEX_POINT($,#12884);
#3887=VERTEX_POINT($,#12886);
#3888=VERTEX_POINT($,#12890);
#3889=VERTEX_POINT($,#12891);
#3890=VERTEX_POINT($,#12893);
#3891=VERTEX_POINT($,#12895);
#3892=VERTEX_POINT($,#12907);
#3893=VERTEX_POINT($,#12908);
#3894=VERTEX_POINT($,#12910);
#3895=VERTEX_POINT($,#12912);
#3896=VERTEX_POINT($,#12916);
#3897=VERTEX_POINT($,#12917);
#3898=VERTEX_POINT($,#12919);
#3899=VERTEX_POINT($,#12921);
#3900=VERTEX_POINT($,#12933);
#3901=VERTEX_POINT($,#12934);
#3902=VERTEX_POINT($,#12936);
#3903=VERTEX_POINT($,#12938);
#3904=VERTEX_POINT($,#12942);
#3905=VERTEX_POINT($,#12943);
#3906=VERTEX_POINT($,#12945);
#3907=VERTEX_POINT($,#12947);
#3908=VERTEX_POINT($,#12959);
#3909=VERTEX_POINT($,#12960);
#3910=VERTEX_POINT($,#12962);
#3911=VERTEX_POINT($,#12964);
#3912=VERTEX_POINT($,#12968);
#3913=VERTEX_POINT($,#12969);
#3914=VERTEX_POINT($,#12971);
#3915=VERTEX_POINT($,#12973);
#3916=VERTEX_POINT($,#12985);
#3917=VERTEX_POINT($,#12986);
#3918=VERTEX_POINT($,#12988);
#3919=VERTEX_POINT($,#12990);
#3920=VERTEX_POINT($,#12994);
#3921=VERTEX_POINT($,#12995);
#3922=VERTEX_POINT($,#12997);
#3923=VERTEX_POINT($,#12999);
#3924=VERTEX_POINT($,#13011);
#3925=VERTEX_POINT($,#13012);
#3926=VERTEX_POINT($,#13014);
#3927=VERTEX_POINT($,#13016);
#3928=VERTEX_POINT($,#13020);
#3929=VERTEX_POINT($,#13021);
#3930=VERTEX_POINT($,#13023);
#3931=VERTEX_POINT($,#13025);
#3932=VERTEX_POINT($,#13037);
#3933=VERTEX_POINT($,#13038);
#3934=VERTEX_POINT($,#13040);
#3935=VERTEX_POINT($,#13042);
#3936=VERTEX_POINT($,#13046);
#3937=VERTEX_POINT($,#13047);
#3938=VERTEX_POINT($,#13049);
#3939=VERTEX_POINT($,#13051);
#3940=VERTEX_POINT($,#13063);
#3941=VERTEX_POINT($,#13064);
#3942=VERTEX_POINT($,#13066);
#3943=VERTEX_POINT($,#13068);
#3944=VERTEX_POINT($,#13072);
#3945=VERTEX_POINT($,#13073);
#3946=VERTEX_POINT($,#13075);
#3947=VERTEX_POINT($,#13077);
#3948=VERTEX_POINT($,#13089);
#3949=VERTEX_POINT($,#13090);
#3950=VERTEX_POINT($,#13092);
#3951=VERTEX_POINT($,#13094);
#3952=VERTEX_POINT($,#13098);
#3953=VERTEX_POINT($,#13099);
#3954=VERTEX_POINT($,#13101);
#3955=VERTEX_POINT($,#13103);
#3956=VERTEX_POINT($,#13115);
#3957=VERTEX_POINT($,#13116);
#3958=VERTEX_POINT($,#13118);
#3959=VERTEX_POINT($,#13120);
#3960=VERTEX_POINT($,#13124);
#3961=VERTEX_POINT($,#13125);
#3962=VERTEX_POINT($,#13127);
#3963=VERTEX_POINT($,#13129);
#3964=VERTEX_POINT($,#13141);
#3965=VERTEX_POINT($,#13142);
#3966=VERTEX_POINT($,#13144);
#3967=VERTEX_POINT($,#13146);
#3968=VERTEX_POINT($,#13150);
#3969=VERTEX_POINT($,#13152);
#3970=VERTEX_POINT($,#13156);
#3971=VERTEX_POINT($,#13160);
#3972=VERTEX_POINT($,#13167);
#3973=VERTEX_POINT($,#13168);
#3974=VERTEX_POINT($,#13170);
#3975=VERTEX_POINT($,#13172);
#3976=VERTEX_POINT($,#13176);
#3977=VERTEX_POINT($,#13177);
#3978=VERTEX_POINT($,#13179);
#3979=VERTEX_POINT($,#13181);
#3980=VERTEX_POINT($,#13193);
#3981=VERTEX_POINT($,#13194);
#3982=VERTEX_POINT($,#13196);
#3983=VERTEX_POINT($,#13198);
#3984=VERTEX_POINT($,#13202);
#3985=VERTEX_POINT($,#13203);
#3986=VERTEX_POINT($,#13205);
#3987=VERTEX_POINT($,#13207);
#3988=VERTEX_POINT($,#13219);
#3989=VERTEX_POINT($,#13220);
#3990=VERTEX_POINT($,#13222);
#3991=VERTEX_POINT($,#13224);
#3992=VERTEX_POINT($,#13228);
#3993=VERTEX_POINT($,#13229);
#3994=VERTEX_POINT($,#13231);
#3995=VERTEX_POINT($,#13233);
#3996=VERTEX_POINT($,#13245);
#3997=VERTEX_POINT($,#13246);
#3998=VERTEX_POINT($,#13248);
#3999=VERTEX_POINT($,#13250);
#4000=VERTEX_POINT($,#13254);
#4001=VERTEX_POINT($,#13255);
#4002=VERTEX_POINT($,#13257);
#4003=VERTEX_POINT($,#13259);
#4004=VERTEX_POINT($,#13271);
#4005=VERTEX_POINT($,#13272);
#4006=VERTEX_POINT($,#13274);
#4007=VERTEX_POINT($,#13276);
#4008=VERTEX_POINT($,#13280);
#4009=VERTEX_POINT($,#13281);
#4010=VERTEX_POINT($,#13283);
#4011=VERTEX_POINT($,#13285);
#4012=VERTEX_POINT($,#13297);
#4013=VERTEX_POINT($,#13298);
#4014=VERTEX_POINT($,#13300);
#4015=VERTEX_POINT($,#13302);
#4016=VERTEX_POINT($,#13306);
#4017=VERTEX_POINT($,#13307);
#4018=VERTEX_POINT($,#13309);
#4019=VERTEX_POINT($,#13311);
#4020=VERTEX_POINT($,#13323);
#4021=VERTEX_POINT($,#13324);
#4022=VERTEX_POINT($,#13326);
#4023=VERTEX_POINT($,#13328);
#4024=VERTEX_POINT($,#13332);
#4025=VERTEX_POINT($,#13333);
#4026=VERTEX_POINT($,#13335);
#4027=VERTEX_POINT($,#13337);
#4028=VERTEX_POINT($,#13349);
#4029=VERTEX_POINT($,#13350);
#4030=VERTEX_POINT($,#13352);
#4031=VERTEX_POINT($,#13354);
#4032=VERTEX_POINT($,#13358);
#4033=VERTEX_POINT($,#13359);
#4034=VERTEX_POINT($,#13361);
#4035=VERTEX_POINT($,#13363);
#4036=VERTEX_POINT($,#13375);
#4037=VERTEX_POINT($,#13376);
#4038=VERTEX_POINT($,#13378);
#4039=VERTEX_POINT($,#13380);
#4040=VERTEX_POINT($,#13384);
#4041=VERTEX_POINT($,#13385);
#4042=VERTEX_POINT($,#13387);
#4043=VERTEX_POINT($,#13389);
#4044=VERTEX_POINT($,#13401);
#4045=VERTEX_POINT($,#13402);
#4046=VERTEX_POINT($,#13404);
#4047=VERTEX_POINT($,#13406);
#4048=VERTEX_POINT($,#13410);
#4049=VERTEX_POINT($,#13411);
#4050=VERTEX_POINT($,#13413);
#4051=VERTEX_POINT($,#13415);
#4052=VERTEX_POINT($,#13427);
#4053=VERTEX_POINT($,#13428);
#4054=VERTEX_POINT($,#13430);
#4055=VERTEX_POINT($,#13432);
#4056=VERTEX_POINT($,#13436);
#4057=VERTEX_POINT($,#13437);
#4058=VERTEX_POINT($,#13439);
#4059=VERTEX_POINT($,#13441);
#4060=VERTEX_POINT($,#13453);
#4061=VERTEX_POINT($,#13454);
#4062=VERTEX_POINT($,#13456);
#4063=VERTEX_POINT($,#13458);
#4064=VERTEX_POINT($,#13462);
#4065=VERTEX_POINT($,#13463);
#4066=VERTEX_POINT($,#13465);
#4067=VERTEX_POINT($,#13467);
#4068=VERTEX_POINT($,#13479);
#4069=VERTEX_POINT($,#13480);
#4070=VERTEX_POINT($,#13482);
#4071=VERTEX_POINT($,#13484);
#4072=VERTEX_POINT($,#13488);
#4073=VERTEX_POINT($,#13489);
#4074=VERTEX_POINT($,#13491);
#4075=VERTEX_POINT($,#13493);
#4076=VERTEX_POINT($,#13505);
#4077=VERTEX_POINT($,#13506);
#4078=VERTEX_POINT($,#13508);
#4079=VERTEX_POINT($,#13510);
#4080=VERTEX_POINT($,#13514);
#4081=VERTEX_POINT($,#13515);
#4082=VERTEX_POINT($,#13517);
#4083=VERTEX_POINT($,#13519);
#4084=VERTEX_POINT($,#13531);
#4085=VERTEX_POINT($,#13532);
#4086=VERTEX_POINT($,#13534);
#4087=VERTEX_POINT($,#13536);
#4088=VERTEX_POINT($,#13540);
#4089=VERTEX_POINT($,#13541);
#4090=VERTEX_POINT($,#13543);
#4091=VERTEX_POINT($,#13545);
#4092=VERTEX_POINT($,#13557);
#4093=VERTEX_POINT($,#13558);
#4094=VERTEX_POINT($,#13560);
#4095=VERTEX_POINT($,#13562);
#4096=VERTEX_POINT($,#13566);
#4097=VERTEX_POINT($,#13567);
#4098=VERTEX_POINT($,#13569);
#4099=VERTEX_POINT($,#13571);
#4100=VERTEX_POINT($,#13583);
#4101=VERTEX_POINT($,#13584);
#4102=VERTEX_POINT($,#13586);
#4103=VERTEX_POINT($,#13588);
#4104=VERTEX_POINT($,#13592);
#4105=VERTEX_POINT($,#13593);
#4106=VERTEX_POINT($,#13595);
#4107=VERTEX_POINT($,#13597);
#4108=VERTEX_POINT($,#13609);
#4109=VERTEX_POINT($,#13610);
#4110=VERTEX_POINT($,#13612);
#4111=VERTEX_POINT($,#13614);
#4112=VERTEX_POINT($,#13618);
#4113=VERTEX_POINT($,#13619);
#4114=VERTEX_POINT($,#13621);
#4115=VERTEX_POINT($,#13623);
#4116=VERTEX_POINT($,#13635);
#4117=VERTEX_POINT($,#13637);
#4118=VERTEX_POINT($,#13642);
#4119=VERTEX_POINT($,#13644);
#4120=VERTEX_POINT($,#13649);
#4121=VERTEX_POINT($,#13650);
#4122=VERTEX_POINT($,#13652);
#4123=VERTEX_POINT($,#13654);
#4124=VERTEX_POINT($,#13658);
#4125=VERTEX_POINT($,#13660);
#4126=VERTEX_POINT($,#13664);
#4127=VERTEX_POINT($,#13668);
#4128=VERTEX_POINT($,#13675);
#4129=VERTEX_POINT($,#13676);
#4130=VERTEX_POINT($,#13678);
#4131=VERTEX_POINT($,#13680);
#4132=VERTEX_POINT($,#13684);
#4133=VERTEX_POINT($,#13685);
#4134=VERTEX_POINT($,#13687);
#4135=VERTEX_POINT($,#13689);
#4136=VERTEX_POINT($,#13693);
#4137=VERTEX_POINT($,#13695);
#4138=VERTEX_POINT($,#13699);
#4139=VERTEX_POINT($,#13700);
#4140=VERTEX_POINT($,#13702);
#4141=VERTEX_POINT($,#13704);
#4142=VERTEX_POINT($,#13708);
#4143=VERTEX_POINT($,#13710);
#4144=VERTEX_POINT($,#13714);
#4145=VERTEX_POINT($,#13716);
#4146=VERTEX_POINT($,#13721);
#4147=VERTEX_POINT($,#13725);
#4148=VERTEX_POINT($,#13732);
#4149=VERTEX_POINT($,#13733);
#4150=VERTEX_POINT($,#13735);
#4151=VERTEX_POINT($,#13737);
#4152=VERTEX_POINT($,#13749);
#4153=VERTEX_POINT($,#13750);
#4154=VERTEX_POINT($,#13752);
#4155=VERTEX_POINT($,#13754);
#4156=VERTEX_POINT($,#13758);
#4157=VERTEX_POINT($,#13760);
#4158=VERTEX_POINT($,#13764);
#4159=VERTEX_POINT($,#13766);
#4160=VERTEX_POINT($,#13770);
#4161=VERTEX_POINT($,#13772);
#4162=VERTEX_POINT($,#13774);
#4163=VERTEX_POINT($,#13776);
#4164=VERTEX_POINT($,#13779);
#4165=VERTEX_POINT($,#13780);
#4166=VERTEX_POINT($,#13782);
#4167=VERTEX_POINT($,#13784);
#4168=VERTEX_POINT($,#13787);
#4169=VERTEX_POINT($,#13788);
#4170=VERTEX_POINT($,#13790);
#4171=VERTEX_POINT($,#13792);
#4172=VERTEX_POINT($,#13795);
#4173=VERTEX_POINT($,#13796);
#4174=VERTEX_POINT($,#13798);
#4175=VERTEX_POINT($,#13800);
#4176=VERTEX_POINT($,#13803);
#4177=VERTEX_POINT($,#13804);
#4178=VERTEX_POINT($,#13806);
#4179=VERTEX_POINT($,#13808);
#4180=VERTEX_POINT($,#13812);
#4181=VERTEX_POINT($,#13816);
#4182=VERTEX_POINT($,#13820);
#4183=VERTEX_POINT($,#13822);
#4184=VERTEX_POINT($,#13826);
#4185=VERTEX_POINT($,#13830);
#4186=VERTEX_POINT($,#13834);
#4187=VERTEX_POINT($,#13835);
#4188=VERTEX_POINT($,#13837);
#4189=VERTEX_POINT($,#13839);
#4190=VERTEX_POINT($,#13845);
#4191=VERTEX_POINT($,#13847);
#4192=VERTEX_POINT($,#13852);
#4193=VERTEX_POINT($,#13854);
#4194=VERTEX_POINT($,#13861);
#4195=VERTEX_POINT($,#13863);
#4196=VERTEX_POINT($,#13867);
#4197=VERTEX_POINT($,#13871);
#4198=VERTEX_POINT($,#13875);
#4199=VERTEX_POINT($,#13876);
#4200=VERTEX_POINT($,#13878);
#4201=VERTEX_POINT($,#13880);
#4202=VERTEX_POINT($,#13886);
#4203=VERTEX_POINT($,#13888);
#4204=VERTEX_POINT($,#13893);
#4205=VERTEX_POINT($,#13895);
#4206=VERTEX_POINT($,#13902);
#4207=VERTEX_POINT($,#13904);
#4208=VERTEX_POINT($,#13908);
#4209=VERTEX_POINT($,#13912);
#4210=VERTEX_POINT($,#13916);
#4211=VERTEX_POINT($,#13917);
#4212=VERTEX_POINT($,#13919);
#4213=VERTEX_POINT($,#13921);
#4214=VERTEX_POINT($,#13927);
#4215=VERTEX_POINT($,#13929);
#4216=VERTEX_POINT($,#13934);
#4217=VERTEX_POINT($,#13936);
#4218=VERTEX_POINT($,#13943);
#4219=VERTEX_POINT($,#13945);
#4220=VERTEX_POINT($,#13949);
#4221=VERTEX_POINT($,#13953);
#4222=VERTEX_POINT($,#13957);
#4223=VERTEX_POINT($,#13958);
#4224=VERTEX_POINT($,#13960);
#4225=VERTEX_POINT($,#13962);
#4226=VERTEX_POINT($,#13968);
#4227=VERTEX_POINT($,#13970);
#4228=VERTEX_POINT($,#13975);
#4229=VERTEX_POINT($,#13977);
#4230=VERTEX_POINT($,#13984);
#4231=VERTEX_POINT($,#13985);
#4232=VERTEX_POINT($,#13987);
#4233=VERTEX_POINT($,#13989);
#4234=VERTEX_POINT($,#13993);
#4235=VERTEX_POINT($,#13995);
#4236=VERTEX_POINT($,#13999);
#4237=VERTEX_POINT($,#14001);
#4238=VERTEX_POINT($,#14010);
#4239=VERTEX_POINT($,#14014);
#4240=VERTEX_POINT($,#14021);
#4241=VERTEX_POINT($,#14022);
#4242=VERTEX_POINT($,#14024);
#4243=VERTEX_POINT($,#14026);
#4244=VERTEX_POINT($,#14030);
#4245=VERTEX_POINT($,#14031);
#4246=VERTEX_POINT($,#14033);
#4247=VERTEX_POINT($,#14035);
#4248=VERTEX_POINT($,#14039);
#4249=VERTEX_POINT($,#14041);
#4250=VERTEX_POINT($,#14048);
#4251=VERTEX_POINT($,#14050);
#4252=VERTEX_POINT($,#14054);
#4253=VERTEX_POINT($,#14055);
#4254=VERTEX_POINT($,#14057);
#4255=VERTEX_POINT($,#14059);
#4256=VERTEX_POINT($,#14063);
#4257=VERTEX_POINT($,#14065);
#4258=VERTEX_POINT($,#14069);
#4259=VERTEX_POINT($,#14073);
#4260=VERTEX_POINT($,#14079);
#4261=VERTEX_POINT($,#14080);
#4262=VERTEX_POINT($,#14082);
#4263=VERTEX_POINT($,#14084);
#4264=VERTEX_POINT($,#14088);
#4265=VERTEX_POINT($,#14090);
#4266=VERTEX_POINT($,#14094);
#4267=VERTEX_POINT($,#14098);
#4268=VERTEX_POINT($,#14104);
#4269=VERTEX_POINT($,#14105);
#4270=VERTEX_POINT($,#14107);
#4271=VERTEX_POINT($,#14109);
#4272=VERTEX_POINT($,#14113);
#4273=VERTEX_POINT($,#14115);
#4274=VERTEX_POINT($,#14119);
#4275=VERTEX_POINT($,#14123);
#4276=VERTEX_POINT($,#14129);
#4277=VERTEX_POINT($,#14130);
#4278=VERTEX_POINT($,#14132);
#4279=VERTEX_POINT($,#14134);
#4280=VERTEX_POINT($,#14137);
#4281=VERTEX_POINT($,#14138);
#4282=VERTEX_POINT($,#14140);
#4283=VERTEX_POINT($,#14142);
#4284=VERTEX_POINT($,#14154);
#4285=VERTEX_POINT($,#14156);
#4286=VERTEX_POINT($,#14160);
#4287=VERTEX_POINT($,#14164);
#4288=VERTEX_POINT($,#14171);
#4289=VERTEX_POINT($,#14172);
#4290=VERTEX_POINT($,#14174);
#4291=VERTEX_POINT($,#14176);
#4292=VERTEX_POINT($,#14180);
#4293=VERTEX_POINT($,#14181);
#4294=VERTEX_POINT($,#14183);
#4295=VERTEX_POINT($,#14185);
#4296=VERTEX_POINT($,#14197);
#4297=VERTEX_POINT($,#14198);
#4298=VERTEX_POINT($,#14200);
#4299=VERTEX_POINT($,#14202);
#4300=VERTEX_POINT($,#14205);
#4301=VERTEX_POINT($,#14210);
#4302=VERTEX_POINT($,#14212);
#4303=VERTEX_POINT($,#14214);
#4304=VERTEX_POINT($,#14216);
#4305=VERTEX_POINT($,#14220);
#4306=VERTEX_POINT($,#14221);
#4307=VERTEX_POINT($,#14223);
#4308=VERTEX_POINT($,#14225);
#4309=VERTEX_POINT($,#14237);
#4310=VERTEX_POINT($,#14239);
#4311=VERTEX_POINT($,#14244);
#4312=VERTEX_POINT($,#14248);
#4313=VERTEX_POINT($,#14249);
#4314=VERTEX_POINT($,#14251);
#4315=VERTEX_POINT($,#14253);
#4316=VERTEX_POINT($,#14257);
#4317=VERTEX_POINT($,#14258);
#4318=VERTEX_POINT($,#14260);
#4319=VERTEX_POINT($,#14262);
#4320=VERTEX_POINT($,#14274);
#4321=VERTEX_POINT($,#14276);
#4322=VERTEX_POINT($,#14281);
#4323=VERTEX_POINT($,#14282);
#4324=VERTEX_POINT($,#14284);
#4325=VERTEX_POINT($,#14286);
#4326=VERTEX_POINT($,#14290);
#4327=VERTEX_POINT($,#14291);
#4328=VERTEX_POINT($,#14293);
#4329=VERTEX_POINT($,#14295);
#4330=VERTEX_POINT($,#14307);
#4331=VERTEX_POINT($,#14308);
#4332=VERTEX_POINT($,#14310);
#4333=VERTEX_POINT($,#14312);
#4334=VERTEX_POINT($,#14316);
#4335=VERTEX_POINT($,#14317);
#4336=VERTEX_POINT($,#14319);
#4337=VERTEX_POINT($,#14321);
#4338=VERTEX_POINT($,#14333);
#4339=VERTEX_POINT($,#14335);
#4340=VERTEX_POINT($,#14340);
#4341=VERTEX_POINT($,#14341);
#4342=VERTEX_POINT($,#14343);
#4343=VERTEX_POINT($,#14345);
#4344=VERTEX_POINT($,#14349);
#4345=VERTEX_POINT($,#14350);
#4346=VERTEX_POINT($,#14352);
#4347=VERTEX_POINT($,#14354);
#4348=VERTEX_POINT($,#14366);
#4349=VERTEX_POINT($,#14367);
#4350=VERTEX_POINT($,#14369);
#4351=VERTEX_POINT($,#14371);
#4352=VERTEX_POINT($,#14375);
#4353=VERTEX_POINT($,#14376);
#4354=VERTEX_POINT($,#14378);
#4355=VERTEX_POINT($,#14380);
#4356=VERTEX_POINT($,#14392);
#4357=VERTEX_POINT($,#14393);
#4358=VERTEX_POINT($,#14395);
#4359=VERTEX_POINT($,#14397);
#4360=VERTEX_POINT($,#14401);
#4361=VERTEX_POINT($,#14402);
#4362=VERTEX_POINT($,#14404);
#4363=VERTEX_POINT($,#14406);
#4364=VERTEX_POINT($,#14418);
#4365=VERTEX_POINT($,#14419);
#4366=VERTEX_POINT($,#14421);
#4367=VERTEX_POINT($,#14423);
#4368=VERTEX_POINT($,#14427);
#4369=VERTEX_POINT($,#14428);
#4370=VERTEX_POINT($,#14430);
#4371=VERTEX_POINT($,#14432);
#4372=VERTEX_POINT($,#14444);
#4373=VERTEX_POINT($,#14445);
#4374=VERTEX_POINT($,#14447);
#4375=VERTEX_POINT($,#14449);
#4376=VERTEX_POINT($,#14453);
#4377=VERTEX_POINT($,#14454);
#4378=VERTEX_POINT($,#14456);
#4379=VERTEX_POINT($,#14458);
#4380=VERTEX_POINT($,#14470);
#4381=VERTEX_POINT($,#14471);
#4382=VERTEX_POINT($,#14473);
#4383=VERTEX_POINT($,#14475);
#4384=VERTEX_POINT($,#14479);
#4385=VERTEX_POINT($,#14480);
#4386=VERTEX_POINT($,#14482);
#4387=VERTEX_POINT($,#14484);
#4388=VERTEX_POINT($,#14496);
#4389=VERTEX_POINT($,#14497);
#4390=VERTEX_POINT($,#14499);
#4391=VERTEX_POINT($,#14501);
#4392=VERTEX_POINT($,#14505);
#4393=VERTEX_POINT($,#14506);
#4394=VERTEX_POINT($,#14508);
#4395=VERTEX_POINT($,#14510);
#4396=VERTEX_POINT($,#14522);
#4397=VERTEX_POINT($,#14524);
#4398=VERTEX_POINT($,#14529);
#4399=VERTEX_POINT($,#14533);
#4400=VERTEX_POINT($,#14535);
#4401=VERTEX_POINT($,#14540);
#4402=VERTEX_POINT($,#14541);
#4403=VERTEX_POINT($,#14543);
#4404=VERTEX_POINT($,#14545);
#4405=VERTEX_POINT($,#14549);
#4406=VERTEX_POINT($,#14550);
#4407=VERTEX_POINT($,#14552);
#4408=VERTEX_POINT($,#14554);
#4409=VERTEX_POINT($,#14566);
#4410=VERTEX_POINT($,#14567);
#4411=VERTEX_POINT($,#14569);
#4412=VERTEX_POINT($,#14571);
#4413=VERTEX_POINT($,#14575);
#4414=VERTEX_POINT($,#14576);
#4415=VERTEX_POINT($,#14578);
#4416=VERTEX_POINT($,#14580);
#4417=VERTEX_POINT($,#14592);
#4418=VERTEX_POINT($,#14593);
#4419=VERTEX_POINT($,#14595);
#4420=VERTEX_POINT($,#14597);
#4421=VERTEX_POINT($,#14601);
#4422=VERTEX_POINT($,#14602);
#4423=VERTEX_POINT($,#14604);
#4424=VERTEX_POINT($,#14606);
#4425=VERTEX_POINT($,#14618);
#4426=VERTEX_POINT($,#14619);
#4427=VERTEX_POINT($,#14621);
#4428=VERTEX_POINT($,#14623);
#4429=VERTEX_POINT($,#14627);
#4430=VERTEX_POINT($,#14629);
#4431=VERTEX_POINT($,#14633);
#4432=VERTEX_POINT($,#14635);
#4433=VERTEX_POINT($,#14643);
#4434=VERTEX_POINT($,#14644);
#4435=VERTEX_POINT($,#14646);
#4436=VERTEX_POINT($,#14648);
#4437=VERTEX_POINT($,#14652);
#4438=VERTEX_POINT($,#14654);
#4439=VERTEX_POINT($,#14658);
#4440=VERTEX_POINT($,#14660);
#4441=VERTEX_POINT($,#14668);
#4442=VERTEX_POINT($,#14669);
#4443=VERTEX_POINT($,#14671);
#4444=VERTEX_POINT($,#14673);
#4445=VERTEX_POINT($,#14677);
#4446=VERTEX_POINT($,#14679);
#4447=VERTEX_POINT($,#14683);
#4448=VERTEX_POINT($,#14685);
#4449=VERTEX_POINT($,#14693);
#4450=VERTEX_POINT($,#14694);
#4451=VERTEX_POINT($,#14696);
#4452=VERTEX_POINT($,#14698);
#4453=VERTEX_POINT($,#14702);
#4454=VERTEX_POINT($,#14704);
#4455=VERTEX_POINT($,#14708);
#4456=VERTEX_POINT($,#14710);
#4457=VERTEX_POINT($,#14718);
#4458=VERTEX_POINT($,#14719);
#4459=VERTEX_POINT($,#14721);
#4460=VERTEX_POINT($,#14723);
#4461=VERTEX_POINT($,#14727);
#4462=VERTEX_POINT($,#14728);
#4463=VERTEX_POINT($,#14733);
#4464=VERTEX_POINT($,#14737);
#4465=EDGE_CURVE($,#3668,#3669,#1332,.F.);
#4466=EDGE_CURVE($,#3668,#3670,#1333,.T.);
#4467=EDGE_CURVE($,#3671,#3670,#1334,.T.);
#4468=EDGE_CURVE($,#3669,#3671,#1335,.T.);
#4469=EDGE_CURVE($,#3669,#3672,#1336,.F.);
#4470=EDGE_CURVE($,#3673,#3671,#1337,.T.);
#4471=EDGE_CURVE($,#3672,#3673,#1338,.T.);
#4472=EDGE_CURVE($,#3672,#3674,#1339,.F.);
#4473=EDGE_CURVE($,#3675,#3673,#1340,.T.);
#4474=EDGE_CURVE($,#3674,#3675,#1341,.T.);
#4475=EDGE_CURVE($,#3674,#3668,#1342,.F.);
#4476=EDGE_CURVE($,#3670,#3675,#1343,.T.);
#4477=EDGE_CURVE($,#3676,#3677,#1344,.T.);
#4478=EDGE_CURVE($,#3677,#3678,#1345,.T.);
#4479=EDGE_CURVE($,#3679,#3678,#1346,.T.);
#4480=EDGE_CURVE($,#3676,#3679,#1347,.T.);
#4481=EDGE_CURVE($,#3680,#3676,#1348,.T.);
#4482=EDGE_CURVE($,#3681,#3679,#1349,.T.);
#4483=EDGE_CURVE($,#3680,#3681,#1350,.T.);
#4484=EDGE_CURVE($,#3682,#3680,#1351,.T.);
#4485=EDGE_CURVE($,#3683,#3681,#1352,.T.);
#4486=EDGE_CURVE($,#3682,#3683,#1353,.T.);
#4487=EDGE_CURVE($,#3677,#3682,#1354,.T.);
#4488=EDGE_CURVE($,#3678,#3683,#1355,.T.);
#4489=EDGE_CURVE($,#3684,#3685,#1356,.T.);
#4490=EDGE_CURVE($,#3684,#3686,#1357,.T.);
#4491=EDGE_CURVE($,#3687,#3686,#1358,.T.);
#4492=EDGE_CURVE($,#3685,#3687,#1359,.T.);
#4493=EDGE_CURVE($,#3688,#3684,#1360,.T.);
#4494=EDGE_CURVE($,#3688,#3689,#1361,.T.);
#4495=EDGE_CURVE($,#3686,#3689,#1362,.T.);
#4496=EDGE_CURVE($,#3685,#3690,#1363,.T.);
#4497=EDGE_CURVE($,#3691,#3687,#1364,.T.);
#4498=EDGE_CURVE($,#3690,#3691,#1365,.T.);
#4499=EDGE_CURVE($,#3692,#3693,#1366,.T.);
#4500=EDGE_CURVE($,#3694,#3692,#1367,.T.);
#4501=EDGE_CURVE($,#3695,#3694,#1368,.T.);
#4502=EDGE_CURVE($,#3695,#3693,#1369,.T.);
#4503=EDGE_CURVE($,#3690,#3688,#1370,.T.);
#4504=EDGE_CURVE($,#3689,#3691,#1371,.T.);
#4505=EDGE_CURVE($,#3696,#3692,#1372,.T.);
#4506=EDGE_CURVE($,#3697,#3696,#1373,.T.);
#4507=EDGE_CURVE($,#3694,#3697,#1374,.T.);
#4508=EDGE_CURVE($,#3693,#3698,#1375,.T.);
#4509=EDGE_CURVE($,#3699,#3695,#1376,.T.);
#4510=EDGE_CURVE($,#3699,#3698,#1377,.T.);
#4511=EDGE_CURVE($,#3698,#3696,#1378,.T.);
#4512=EDGE_CURVE($,#3697,#3699,#1379,.T.);
#4513=EDGE_CURVE($,#3700,#3701,#1380,.T.);
#4514=EDGE_CURVE($,#3700,#3702,#1381,.T.);
#4515=EDGE_CURVE($,#3703,#3702,#1382,.T.);
#4516=EDGE_CURVE($,#3701,#3703,#1383,.T.);
#4517=EDGE_CURVE($,#3704,#3700,#1384,.T.);
#4518=EDGE_CURVE($,#3704,#3705,#1385,.T.);
#4519=EDGE_CURVE($,#3702,#3705,#1386,.T.);
#4520=EDGE_CURVE($,#3701,#3706,#1387,.T.);
#4521=EDGE_CURVE($,#3707,#3703,#1388,.T.);
#4522=EDGE_CURVE($,#3706,#3707,#1389,.T.);
#4523=EDGE_CURVE($,#3708,#3709,#1390,.T.);
#4524=EDGE_CURVE($,#3710,#3708,#1391,.T.);
#4525=EDGE_CURVE($,#3711,#3710,#1392,.T.);
#4526=EDGE_CURVE($,#3711,#3709,#1393,.T.);
#4527=EDGE_CURVE($,#3706,#3704,#1394,.T.);
#4528=EDGE_CURVE($,#3705,#3707,#1395,.T.);
#4529=EDGE_CURVE($,#3712,#3708,#1396,.T.);
#4530=EDGE_CURVE($,#3713,#3712,#1397,.T.);
#4531=EDGE_CURVE($,#3710,#3713,#1398,.T.);
#4532=EDGE_CURVE($,#3709,#3714,#1399,.T.);
#4533=EDGE_CURVE($,#3715,#3711,#1400,.T.);
#4534=EDGE_CURVE($,#3715,#3714,#1401,.T.);
#4535=EDGE_CURVE($,#3714,#3712,#1402,.T.);
#4536=EDGE_CURVE($,#3713,#3715,#1403,.T.);
#4537=EDGE_CURVE($,#3716,#3717,#1404,.T.);
#4538=EDGE_CURVE($,#3716,#3718,#1405,.T.);
#4539=EDGE_CURVE($,#3719,#3718,#1406,.T.);
#4540=EDGE_CURVE($,#3717,#3719,#1407,.T.);
#4541=EDGE_CURVE($,#3720,#3716,#1408,.T.);
#4542=EDGE_CURVE($,#3720,#3721,#1409,.T.);
#4543=EDGE_CURVE($,#3718,#3721,#1410,.T.);
#4544=EDGE_CURVE($,#3717,#3722,#1411,.T.);
#4545=EDGE_CURVE($,#3723,#3719,#1412,.T.);
#4546=EDGE_CURVE($,#3722,#3723,#1413,.T.);
#4547=EDGE_CURVE($,#3724,#3725,#1414,.T.);
#4548=EDGE_CURVE($,#3726,#3724,#1415,.T.);
#4549=EDGE_CURVE($,#3727,#3726,#1416,.T.);
#4550=EDGE_CURVE($,#3727,#3725,#1417,.T.);
#4551=EDGE_CURVE($,#3722,#3720,#1418,.T.);
#4552=EDGE_CURVE($,#3721,#3723,#1419,.T.);
#4553=EDGE_CURVE($,#3728,#3724,#1420,.T.);
#4554=EDGE_CURVE($,#3729,#3728,#1421,.T.);
#4555=EDGE_CURVE($,#3726,#3729,#1422,.T.);
#4556=EDGE_CURVE($,#3725,#3730,#1423,.T.);
#4557=EDGE_CURVE($,#3731,#3727,#1424,.T.);
#4558=EDGE_CURVE($,#3731,#3730,#1425,.T.);
#4559=EDGE_CURVE($,#3730,#3728,#1426,.T.);
#4560=EDGE_CURVE($,#3729,#3731,#1427,.T.);
#4561=EDGE_CURVE($,#3732,#3733,#1428,.T.);
#4562=EDGE_CURVE($,#3732,#3734,#1429,.T.);
#4563=EDGE_CURVE($,#3735,#3734,#1430,.T.);
#4564=EDGE_CURVE($,#3733,#3735,#1431,.T.);
#4565=EDGE_CURVE($,#3736,#3732,#1432,.T.);
#4566=EDGE_CURVE($,#3736,#3737,#1433,.T.);
#4567=EDGE_CURVE($,#3734,#3737,#1434,.T.);
#4568=EDGE_CURVE($,#3733,#3738,#1435,.T.);
#4569=EDGE_CURVE($,#3739,#3735,#1436,.T.);
#4570=EDGE_CURVE($,#3738,#3739,#1437,.T.);
#4571=EDGE_CURVE($,#3740,#3741,#1438,.T.);
#4572=EDGE_CURVE($,#3742,#3740,#1439,.T.);
#4573=EDGE_CURVE($,#3743,#3742,#1440,.T.);
#4574=EDGE_CURVE($,#3743,#3741,#1441,.T.);
#4575=EDGE_CURVE($,#3738,#3736,#1442,.T.);
#4576=EDGE_CURVE($,#3737,#3739,#1443,.T.);
#4577=EDGE_CURVE($,#3744,#3740,#1444,.T.);
#4578=EDGE_CURVE($,#3745,#3744,#1445,.T.);
#4579=EDGE_CURVE($,#3742,#3745,#1446,.T.);
#4580=EDGE_CURVE($,#3741,#3746,#1447,.T.);
#4581=EDGE_CURVE($,#3747,#3743,#1448,.T.);
#4582=EDGE_CURVE($,#3747,#3746,#1449,.T.);
#4583=EDGE_CURVE($,#3746,#3744,#1450,.T.);
#4584=EDGE_CURVE($,#3745,#3747,#1451,.T.);
#4585=EDGE_CURVE($,#3748,#3749,#1452,.T.);
#4586=EDGE_CURVE($,#3748,#3750,#1453,.T.);
#4587=EDGE_CURVE($,#3751,#3750,#1454,.T.);
#4588=EDGE_CURVE($,#3749,#3751,#1455,.T.);
#4589=EDGE_CURVE($,#3749,#3752,#1456,.T.);
#4590=EDGE_CURVE($,#3753,#3751,#1457,.T.);
#4591=EDGE_CURVE($,#3752,#3753,#1458,.T.);
#4592=EDGE_CURVE($,#3752,#3754,#1459,.T.);
#4593=EDGE_CURVE($,#3755,#3753,#1460,.T.);
#4594=EDGE_CURVE($,#3754,#3755,#1461,.T.);
#4595=EDGE_CURVE($,#3754,#3748,#1462,.T.);
#4596=EDGE_CURVE($,#3750,#3755,#1463,.T.);
#4597=EDGE_CURVE($,#3756,#3757,#1464,.T.);
#4598=EDGE_CURVE($,#3756,#3758,#1465,.T.);
#4599=EDGE_CURVE($,#3759,#3758,#1466,.T.);
#4600=EDGE_CURVE($,#3757,#3759,#1467,.T.);
#4601=EDGE_CURVE($,#3757,#3760,#1468,.T.);
#4602=EDGE_CURVE($,#3761,#3759,#1469,.T.);
#4603=EDGE_CURVE($,#3760,#3761,#1470,.T.);
#4604=EDGE_CURVE($,#3760,#3762,#1471,.T.);
#4605=EDGE_CURVE($,#3763,#3761,#1472,.T.);
#4606=EDGE_CURVE($,#3762,#3763,#1473,.T.);
#4607=EDGE_CURVE($,#3762,#3756,#1474,.T.);
#4608=EDGE_CURVE($,#3758,#3763,#1475,.T.);
#4609=EDGE_CURVE($,#3764,#3765,#1476,.T.);
#4610=EDGE_CURVE($,#3766,#3764,#1477,.T.);
#4611=EDGE_CURVE($,#3767,#3766,#1478,.T.);
#4612=EDGE_CURVE($,#3767,#3765,#1479,.T.);
#4613=EDGE_CURVE($,#3768,#3769,#1480,.T.);
#4614=EDGE_CURVE($,#3770,#3768,#1481,.T.);
#4615=EDGE_CURVE($,#3771,#3770,#1482,.T.);
#4616=EDGE_CURVE($,#3771,#3769,#1483,.T.);
#4617=EDGE_CURVE($,#3765,#3772,#1484,.T.);
#4618=EDGE_CURVE($,#3770,#3767,#1485,.T.);
#4619=EDGE_CURVE($,#3773,#3768,#1486,.T.);
#4620=EDGE_CURVE($,#3774,#3773,#1487,.T.);
#4621=EDGE_CURVE($,#3774,#3775,#1488,.T.);
#4622=EDGE_CURVE($,#3775,#3772,#1489,.T.);
#4623=EDGE_CURVE($,#3776,#3777,#1490,.T.);
#4624=EDGE_CURVE($,#3775,#3777,#1491,.T.);
#4625=EDGE_CURVE($,#3776,#3774,#1492,.T.);
#4626=EDGE_CURVE($,#3772,#3778,#1493,.T.);
#4627=EDGE_CURVE($,#3777,#3778,#1494,.T.);
#4628=EDGE_CURVE($,#3766,#3771,#1495,.T.);
#4629=EDGE_CURVE($,#3778,#3764,#1496,.T.);
#4630=EDGE_CURVE($,#3776,#3779,#1497,.T.);
#4631=EDGE_CURVE($,#3769,#3779,#1498,.T.);
#4632=EDGE_CURVE($,#3779,#3773,#1499,.T.);
#4633=EDGE_CURVE($,#3780,#3781,#1500,.T.);
#4634=EDGE_CURVE($,#3781,#3782,#1501,.T.);
#4635=EDGE_CURVE($,#3782,#3783,#1502,.T.);
#4636=EDGE_CURVE($,#3783,#3780,#1503,.T.);
#4637=EDGE_CURVE($,#3784,#3785,#1504,.T.);
#4638=EDGE_CURVE($,#3785,#3786,#1505,.T.);
#4639=EDGE_CURVE($,#3786,#3787,#1506,.T.);
#4640=EDGE_CURVE($,#3787,#3784,#1507,.T.);
#4641=EDGE_CURVE($,#3783,#3786,#1508,.T.);
#4642=EDGE_CURVE($,#3780,#3785,#1509,.T.);
#4643=EDGE_CURVE($,#3782,#3787,#1510,.T.);
#4644=EDGE_CURVE($,#3781,#3784,#1511,.T.);
#4645=EDGE_CURVE($,#3788,#3789,#1512,.T.);
#4646=EDGE_CURVE($,#3790,#3788,#1513,.F.);
#4647=EDGE_CURVE($,#3791,#3790,#1514,.T.);
#4648=EDGE_CURVE($,#3789,#3791,#1515,.F.);
#4649=EDGE_CURVE($,#3792,#3791,#1516,.T.);
#4650=EDGE_CURVE($,#3793,#3792,#1517,.T.);
#4651=EDGE_CURVE($,#3793,#3789,#1518,.F.);
#4652=EDGE_CURVE($,#3794,#3790,#1519,.F.);
#4653=EDGE_CURVE($,#3792,#3794,#1520,.T.);
#4654=EDGE_CURVE($,#3795,#3788,#1521,.T.);
#4655=EDGE_CURVE($,#3794,#3795,#1522,.T.);
#4656=EDGE_CURVE($,#3795,#3793,#1523,.T.);
#4657=EDGE_CURVE($,#3796,#3797,#1524,.T.);
#4658=EDGE_CURVE($,#3797,#3798,#1525,.T.);
#4659=EDGE_CURVE($,#3798,#3799,#1526,.T.);
#4660=EDGE_CURVE($,#3799,#3796,#1527,.T.);
#4661=EDGE_CURVE($,#3800,#3801,#1528,.T.);
#4662=EDGE_CURVE($,#3801,#3802,#1529,.T.);
#4663=EDGE_CURVE($,#3802,#3803,#1530,.T.);
#4664=EDGE_CURVE($,#3803,#3800,#1531,.T.);
#4665=EDGE_CURVE($,#3799,#3802,#1532,.T.);
#4666=EDGE_CURVE($,#3796,#3801,#1533,.T.);
#4667=EDGE_CURVE($,#3798,#3803,#1534,.T.);
#4668=EDGE_CURVE($,#3797,#3800,#1535,.T.);
#4669=EDGE_CURVE($,#3804,#3805,#1536,.T.);
#4670=EDGE_CURVE($,#3805,#3806,#1537,.T.);
#4671=EDGE_CURVE($,#3806,#3807,#1538,.T.);
#4672=EDGE_CURVE($,#3807,#3804,#1539,.T.);
#4673=EDGE_CURVE($,#3808,#3809,#1540,.T.);
#4674=EDGE_CURVE($,#3809,#3810,#1541,.T.);
#4675=EDGE_CURVE($,#3810,#3811,#1542,.T.);
#4676=EDGE_CURVE($,#3811,#3808,#1543,.T.);
#4677=EDGE_CURVE($,#3807,#3810,#1544,.T.);
#4678=EDGE_CURVE($,#3804,#3809,#1545,.T.);
#4679=EDGE_CURVE($,#3806,#3811,#1546,.T.);
#4680=EDGE_CURVE($,#3805,#3808,#1547,.T.);
#4681=EDGE_CURVE($,#3812,#3813,#1548,.T.);
#4682=EDGE_CURVE($,#3813,#3814,#1549,.T.);
#4683=EDGE_CURVE($,#3814,#3815,#1550,.T.);
#4684=EDGE_CURVE($,#3815,#3812,#1551,.T.);
#4685=EDGE_CURVE($,#3816,#3817,#1552,.T.);
#4686=EDGE_CURVE($,#3817,#3818,#1553,.T.);
#4687=EDGE_CURVE($,#3818,#3819,#1554,.T.);
#4688=EDGE_CURVE($,#3819,#3816,#1555,.T.);
#4689=EDGE_CURVE($,#3815,#3818,#1556,.T.);
#4690=EDGE_CURVE($,#3812,#3817,#1557,.T.);
#4691=EDGE_CURVE($,#3814,#3819,#1558,.T.);
#4692=EDGE_CURVE($,#3813,#3816,#1559,.T.);
#4693=EDGE_CURVE($,#3820,#3821,#1560,.T.);
#4694=EDGE_CURVE($,#3821,#3822,#1561,.T.);
#4695=EDGE_CURVE($,#3822,#3823,#1562,.T.);
#4696=EDGE_CURVE($,#3823,#3820,#1563,.T.);
#4697=EDGE_CURVE($,#3824,#3825,#1564,.T.);
#4698=EDGE_CURVE($,#3825,#3826,#1565,.T.);
#4699=EDGE_CURVE($,#3826,#3827,#1566,.T.);
#4700=EDGE_CURVE($,#3827,#3824,#1567,.T.);
#4701=EDGE_CURVE($,#3823,#3826,#1568,.T.);
#4702=EDGE_CURVE($,#3820,#3825,#1569,.T.);
#4703=EDGE_CURVE($,#3822,#3827,#1570,.T.);
#4704=EDGE_CURVE($,#3821,#3824,#1571,.T.);
#4705=EDGE_CURVE($,#3828,#3829,#1572,.T.);
#4706=EDGE_CURVE($,#3829,#3830,#1573,.T.);
#4707=EDGE_CURVE($,#3830,#3831,#1574,.T.);
#4708=EDGE_CURVE($,#3831,#3828,#1575,.T.);
#4709=EDGE_CURVE($,#3832,#3833,#1576,.T.);
#4710=EDGE_CURVE($,#3833,#3834,#1577,.T.);
#4711=EDGE_CURVE($,#3834,#3835,#1578,.T.);
#4712=EDGE_CURVE($,#3835,#3832,#1579,.T.);
#4713=EDGE_CURVE($,#3831,#3834,#1580,.T.);
#4714=EDGE_CURVE($,#3828,#3833,#1581,.T.);
#4715=EDGE_CURVE($,#3830,#3835,#1582,.T.);
#4716=EDGE_CURVE($,#3829,#3832,#1583,.T.);
#4717=EDGE_CURVE($,#3836,#3837,#1584,.T.);
#4718=EDGE_CURVE($,#3837,#3838,#1585,.T.);
#4719=EDGE_CURVE($,#3838,#3839,#1586,.T.);
#4720=EDGE_CURVE($,#3839,#3836,#1587,.T.);
#4721=EDGE_CURVE($,#3840,#3841,#1588,.T.);
#4722=EDGE_CURVE($,#3841,#3842,#1589,.T.);
#4723=EDGE_CURVE($,#3842,#3843,#1590,.T.);
#4724=EDGE_CURVE($,#3843,#3840,#1591,.T.);
#4725=EDGE_CURVE($,#3839,#3842,#1592,.T.);
#4726=EDGE_CURVE($,#3836,#3841,#1593,.T.);
#4727=EDGE_CURVE($,#3838,#3843,#1594,.T.);
#4728=EDGE_CURVE($,#3837,#3840,#1595,.T.);
#4729=EDGE_CURVE($,#3844,#3845,#1596,.F.);
#4730=EDGE_CURVE($,#3845,#3846,#1597,.F.);
#4731=EDGE_CURVE($,#3846,#3847,#1598,.F.);
#4732=EDGE_CURVE($,#3847,#3844,#1599,.F.);
#4733=EDGE_CURVE($,#3848,#3849,#1600,.T.);
#4734=EDGE_CURVE($,#3849,#3850,#1601,.T.);
#4735=EDGE_CURVE($,#3850,#3851,#1602,.T.);
#4736=EDGE_CURVE($,#3851,#3848,#1603,.T.);
#4737=EDGE_CURVE($,#3847,#3850,#1604,.T.);
#4738=EDGE_CURVE($,#3844,#3849,#1605,.T.);
#4739=EDGE_CURVE($,#3846,#3851,#1606,.T.);
#4740=EDGE_CURVE($,#3845,#3848,#1607,.T.);
#4741=EDGE_CURVE($,#3852,#3853,#1608,.T.);
#4742=EDGE_CURVE($,#3853,#3854,#1609,.T.);
#4743=EDGE_CURVE($,#3854,#3855,#1610,.T.);
#4744=EDGE_CURVE($,#3855,#3852,#1611,.T.);
#4745=EDGE_CURVE($,#3856,#3857,#1612,.T.);
#4746=EDGE_CURVE($,#3857,#3858,#1613,.T.);
#4747=EDGE_CURVE($,#3858,#3859,#1614,.T.);
#4748=EDGE_CURVE($,#3859,#3856,#1615,.T.);
#4749=EDGE_CURVE($,#3860,#3861,#1616,.T.);
#4750=EDGE_CURVE($,#3861,#3862,#1617,.T.);
#4751=EDGE_CURVE($,#3862,#3863,#1618,.T.);
#4752=EDGE_CURVE($,#3863,#3860,#1619,.T.);
#4753=EDGE_CURVE($,#3864,#3865,#1620,.T.);
#4754=EDGE_CURVE($,#3865,#3866,#1621,.T.);
#4755=EDGE_CURVE($,#3866,#3867,#1622,.T.);
#4756=EDGE_CURVE($,#3867,#3864,#1623,.T.);
#4757=EDGE_CURVE($,#3859,#3866,#1624,.T.);
#4758=EDGE_CURVE($,#3856,#3865,#1625,.T.);
#4759=EDGE_CURVE($,#3858,#3867,#1626,.T.);
#4760=EDGE_CURVE($,#3857,#3864,#1627,.T.);
#4761=EDGE_CURVE($,#3853,#3860,#1628,.T.);
#4762=EDGE_CURVE($,#3852,#3861,#1629,.T.);
#4763=EDGE_CURVE($,#3854,#3863,#1630,.T.);
#4764=EDGE_CURVE($,#3855,#3862,#1631,.T.);
#4765=EDGE_CURVE($,#3868,#3869,#1632,.F.);
#4766=EDGE_CURVE($,#3869,#3870,#1633,.F.);
#4767=EDGE_CURVE($,#3870,#3871,#1634,.F.);
#4768=EDGE_CURVE($,#3871,#3868,#1635,.F.);
#4769=EDGE_CURVE($,#3872,#3873,#1636,.T.);
#4770=EDGE_CURVE($,#3873,#3874,#1637,.T.);
#4771=EDGE_CURVE($,#3874,#3875,#1638,.T.);
#4772=EDGE_CURVE($,#3875,#3872,#1639,.T.);
#4773=EDGE_CURVE($,#3871,#3874,#1640,.T.);
#4774=EDGE_CURVE($,#3868,#3873,#1641,.T.);
#4775=EDGE_CURVE($,#3870,#3875,#1642,.T.);
#4776=EDGE_CURVE($,#3869,#3872,#1643,.T.);
#4777=EDGE_CURVE($,#3876,#3877,#1644,.T.);
#4778=EDGE_CURVE($,#3877,#3878,#1645,.T.);
#4779=EDGE_CURVE($,#3878,#3879,#1646,.T.);
#4780=EDGE_CURVE($,#3879,#3876,#1647,.T.);
#4781=EDGE_CURVE($,#3880,#3881,#1648,.F.);
#4782=EDGE_CURVE($,#3881,#3882,#1649,.F.);
#4783=EDGE_CURVE($,#3882,#3883,#1650,.T.);
#4784=EDGE_CURVE($,#3883,#3880,#1651,.T.);
#4785=EDGE_CURVE($,#3879,#3882,#1652,.T.);
#4786=EDGE_CURVE($,#3876,#3881,#1653,.F.);
#4787=EDGE_CURVE($,#3878,#3883,#1654,.T.);
#4788=EDGE_CURVE($,#3877,#3880,#1655,.F.);
#4789=EDGE_CURVE($,#3884,#3885,#1656,.T.);
#4790=EDGE_CURVE($,#3885,#3886,#1657,.T.);
#4791=EDGE_CURVE($,#3886,#3887,#1658,.T.);
#4792=EDGE_CURVE($,#3887,#3884,#1659,.T.);
#4793=EDGE_CURVE($,#3888,#3889,#1660,.T.);
#4794=EDGE_CURVE($,#3889,#3890,#1661,.T.);
#4795=EDGE_CURVE($,#3890,#3891,#1662,.T.);
#4796=EDGE_CURVE($,#3891,#3888,#1663,.T.);
#4797=EDGE_CURVE($,#3887,#3890,#1664,.T.);
#4798=EDGE_CURVE($,#3884,#3889,#1665,.T.);
#4799=EDGE_CURVE($,#3886,#3891,#1666,.T.);
#4800=EDGE_CURVE($,#3885,#3888,#1667,.T.);
#4801=EDGE_CURVE($,#3892,#3893,#1668,.T.);
#4802=EDGE_CURVE($,#3893,#3894,#1669,.T.);
#4803=EDGE_CURVE($,#3894,#3895,#1670,.T.);
#4804=EDGE_CURVE($,#3895,#3892,#1671,.T.);
#4805=EDGE_CURVE($,#3896,#3897,#1672,.T.);
#4806=EDGE_CURVE($,#3897,#3898,#1673,.T.);
#4807=EDGE_CURVE($,#3898,#3899,#1674,.T.);
#4808=EDGE_CURVE($,#3899,#3896,#1675,.T.);
#4809=EDGE_CURVE($,#3895,#3898,#1676,.T.);
#4810=EDGE_CURVE($,#3892,#3897,#1677,.T.);
#4811=EDGE_CURVE($,#3894,#3899,#1678,.T.);
#4812=EDGE_CURVE($,#3893,#3896,#1679,.T.);
#4813=EDGE_CURVE($,#3900,#3901,#1680,.T.);
#4814=EDGE_CURVE($,#3901,#3902,#1681,.T.);
#4815=EDGE_CURVE($,#3902,#3903,#1682,.T.);
#4816=EDGE_CURVE($,#3903,#3900,#1683,.T.);
#4817=EDGE_CURVE($,#3904,#3905,#1684,.T.);
#4818=EDGE_CURVE($,#3905,#3906,#1685,.T.);
#4819=EDGE_CURVE($,#3906,#3907,#1686,.T.);
#4820=EDGE_CURVE($,#3907,#3904,#1687,.T.);
#4821=EDGE_CURVE($,#3903,#3906,#1688,.T.);
#4822=EDGE_CURVE($,#3900,#3905,#1689,.T.);
#4823=EDGE_CURVE($,#3902,#3907,#1690,.T.);
#4824=EDGE_CURVE($,#3901,#3904,#1691,.T.);
#4825=EDGE_CURVE($,#3908,#3909,#1692,.T.);
#4826=EDGE_CURVE($,#3909,#3910,#1693,.T.);
#4827=EDGE_CURVE($,#3910,#3911,#1694,.T.);
#4828=EDGE_CURVE($,#3911,#3908,#1695,.T.);
#4829=EDGE_CURVE($,#3912,#3913,#1696,.T.);
#4830=EDGE_CURVE($,#3913,#3914,#1697,.T.);
#4831=EDGE_CURVE($,#3914,#3915,#1698,.T.);
#4832=EDGE_CURVE($,#3915,#3912,#1699,.T.);
#4833=EDGE_CURVE($,#3911,#3914,#1700,.T.);
#4834=EDGE_CURVE($,#3908,#3913,#1701,.T.);
#4835=EDGE_CURVE($,#3910,#3915,#1702,.T.);
#4836=EDGE_CURVE($,#3909,#3912,#1703,.T.);
#4837=EDGE_CURVE($,#3916,#3917,#1704,.T.);
#4838=EDGE_CURVE($,#3917,#3918,#1705,.T.);
#4839=EDGE_CURVE($,#3918,#3919,#1706,.T.);
#4840=EDGE_CURVE($,#3919,#3916,#1707,.T.);
#4841=EDGE_CURVE($,#3920,#3921,#1708,.T.);
#4842=EDGE_CURVE($,#3921,#3922,#1709,.T.);
#4843=EDGE_CURVE($,#3922,#3923,#1710,.T.);
#4844=EDGE_CURVE($,#3923,#3920,#1711,.T.);
#4845=EDGE_CURVE($,#3919,#3922,#1712,.T.);
#4846=EDGE_CURVE($,#3916,#3921,#1713,.T.);
#4847=EDGE_CURVE($,#3918,#3923,#1714,.T.);
#4848=EDGE_CURVE($,#3917,#3920,#1715,.T.);
#4849=EDGE_CURVE($,#3924,#3925,#1716,.T.);
#4850=EDGE_CURVE($,#3925,#3926,#1717,.T.);
#4851=EDGE_CURVE($,#3926,#3927,#1718,.T.);
#4852=EDGE_CURVE($,#3927,#3924,#1719,.T.);
#4853=EDGE_CURVE($,#3928,#3929,#1720,.T.);
#4854=EDGE_CURVE($,#3929,#3930,#1721,.T.);
#4855=EDGE_CURVE($,#3930,#3931,#1722,.T.);
#4856=EDGE_CURVE($,#3931,#3928,#1723,.T.);
#4857=EDGE_CURVE($,#3927,#3930,#1724,.T.);
#4858=EDGE_CURVE($,#3924,#3929,#1725,.T.);
#4859=EDGE_CURVE($,#3926,#3931,#1726,.T.);
#4860=EDGE_CURVE($,#3925,#3928,#1727,.T.);
#4861=EDGE_CURVE($,#3932,#3933,#1728,.T.);
#4862=EDGE_CURVE($,#3933,#3934,#1729,.T.);
#4863=EDGE_CURVE($,#3934,#3935,#1730,.T.);
#4864=EDGE_CURVE($,#3935,#3932,#1731,.T.);
#4865=EDGE_CURVE($,#3936,#3937,#1732,.T.);
#4866=EDGE_CURVE($,#3937,#3938,#1733,.T.);
#4867=EDGE_CURVE($,#3938,#3939,#1734,.T.);
#4868=EDGE_CURVE($,#3939,#3936,#1735,.T.);
#4869=EDGE_CURVE($,#3935,#3938,#1736,.T.);
#4870=EDGE_CURVE($,#3932,#3937,#1737,.T.);
#4871=EDGE_CURVE($,#3934,#3939,#1738,.T.);
#4872=EDGE_CURVE($,#3933,#3936,#1739,.T.);
#4873=EDGE_CURVE($,#3940,#3941,#1740,.T.);
#4874=EDGE_CURVE($,#3941,#3942,#1741,.T.);
#4875=EDGE_CURVE($,#3942,#3943,#1742,.T.);
#4876=EDGE_CURVE($,#3943,#3940,#1743,.T.);
#4877=EDGE_CURVE($,#3944,#3945,#1744,.T.);
#4878=EDGE_CURVE($,#3945,#3946,#1745,.T.);
#4879=EDGE_CURVE($,#3946,#3947,#1746,.T.);
#4880=EDGE_CURVE($,#3947,#3944,#1747,.T.);
#4881=EDGE_CURVE($,#3943,#3946,#1748,.T.);
#4882=EDGE_CURVE($,#3940,#3945,#1749,.T.);
#4883=EDGE_CURVE($,#3942,#3947,#1750,.T.);
#4884=EDGE_CURVE($,#3941,#3944,#1751,.T.);
#4885=EDGE_CURVE($,#3948,#3949,#1752,.T.);
#4886=EDGE_CURVE($,#3949,#3950,#1753,.T.);
#4887=EDGE_CURVE($,#3950,#3951,#1754,.T.);
#4888=EDGE_CURVE($,#3951,#3948,#1755,.T.);
#4889=EDGE_CURVE($,#3952,#3953,#1756,.T.);
#4890=EDGE_CURVE($,#3953,#3954,#1757,.T.);
#4891=EDGE_CURVE($,#3954,#3955,#1758,.T.);
#4892=EDGE_CURVE($,#3955,#3952,#1759,.T.);
#4893=EDGE_CURVE($,#3951,#3954,#1760,.T.);
#4894=EDGE_CURVE($,#3948,#3953,#1761,.T.);
#4895=EDGE_CURVE($,#3950,#3955,#1762,.T.);
#4896=EDGE_CURVE($,#3949,#3952,#1763,.T.);
#4897=EDGE_CURVE($,#3956,#3957,#1764,.T.);
#4898=EDGE_CURVE($,#3957,#3958,#1765,.T.);
#4899=EDGE_CURVE($,#3958,#3959,#1766,.T.);
#4900=EDGE_CURVE($,#3959,#3956,#1767,.T.);
#4901=EDGE_CURVE($,#3960,#3961,#1768,.T.);
#4902=EDGE_CURVE($,#3961,#3962,#1769,.T.);
#4903=EDGE_CURVE($,#3962,#3963,#1770,.T.);
#4904=EDGE_CURVE($,#3963,#3960,#1771,.T.);
#4905=EDGE_CURVE($,#3959,#3962,#1772,.T.);
#4906=EDGE_CURVE($,#3956,#3961,#1773,.T.);
#4907=EDGE_CURVE($,#3958,#3963,#1774,.T.);
#4908=EDGE_CURVE($,#3957,#3960,#1775,.T.);
#4909=EDGE_CURVE($,#3964,#3965,#1776,.T.);
#4910=EDGE_CURVE($,#3965,#3966,#1777,.T.);
#4911=EDGE_CURVE($,#3966,#3967,#1778,.T.);
#4912=EDGE_CURVE($,#3967,#3964,#1779,.T.);
#4913=EDGE_CURVE($,#3964,#3968,#1780,.T.);
#4914=EDGE_CURVE($,#3969,#3968,#1781,.T.);
#4915=EDGE_CURVE($,#3965,#3969,#1782,.T.);
#4916=EDGE_CURVE($,#3967,#3970,#1783,.T.);
#4917=EDGE_CURVE($,#3968,#3970,#1784,.T.);
#4918=EDGE_CURVE($,#3966,#3971,#1785,.T.);
#4919=EDGE_CURVE($,#3970,#3971,#1786,.T.);
#4920=EDGE_CURVE($,#3971,#3969,#1787,.T.);
#4921=EDGE_CURVE($,#3972,#3973,#1788,.T.);
#4922=EDGE_CURVE($,#3973,#3974,#1789,.T.);
#4923=EDGE_CURVE($,#3974,#3975,#1790,.T.);
#4924=EDGE_CURVE($,#3975,#3972,#1791,.T.);
#4925=EDGE_CURVE($,#3976,#3977,#1792,.T.);
#4926=EDGE_CURVE($,#3977,#3978,#1793,.T.);
#4927=EDGE_CURVE($,#3978,#3979,#1794,.T.);
#4928=EDGE_CURVE($,#3979,#3976,#1795,.T.);
#4929=EDGE_CURVE($,#3975,#3978,#1796,.T.);
#4930=EDGE_CURVE($,#3972,#3977,#1797,.T.);
#4931=EDGE_CURVE($,#3974,#3979,#1798,.T.);
#4932=EDGE_CURVE($,#3973,#3976,#1799,.T.);
#4933=EDGE_CURVE($,#3980,#3981,#1800,.T.);
#4934=EDGE_CURVE($,#3981,#3982,#1801,.T.);
#4935=EDGE_CURVE($,#3982,#3983,#1802,.T.);
#4936=EDGE_CURVE($,#3983,#3980,#1803,.T.);
#4937=EDGE_CURVE($,#3984,#3985,#1804,.T.);
#4938=EDGE_CURVE($,#3985,#3986,#1805,.T.);
#4939=EDGE_CURVE($,#3986,#3987,#1806,.T.);
#4940=EDGE_CURVE($,#3987,#3984,#1807,.T.);
#4941=EDGE_CURVE($,#3983,#3986,#1808,.T.);
#4942=EDGE_CURVE($,#3980,#3985,#1809,.T.);
#4943=EDGE_CURVE($,#3982,#3987,#1810,.T.);
#4944=EDGE_CURVE($,#3981,#3984,#1811,.T.);
#4945=EDGE_CURVE($,#3988,#3989,#1812,.T.);
#4946=EDGE_CURVE($,#3989,#3990,#1813,.T.);
#4947=EDGE_CURVE($,#3990,#3991,#1814,.T.);
#4948=EDGE_CURVE($,#3991,#3988,#1815,.T.);
#4949=EDGE_CURVE($,#3992,#3993,#1816,.T.);
#4950=EDGE_CURVE($,#3993,#3994,#1817,.T.);
#4951=EDGE_CURVE($,#3994,#3995,#1818,.T.);
#4952=EDGE_CURVE($,#3995,#3992,#1819,.T.);
#4953=EDGE_CURVE($,#3991,#3994,#1820,.T.);
#4954=EDGE_CURVE($,#3988,#3993,#1821,.T.);
#4955=EDGE_CURVE($,#3990,#3995,#1822,.T.);
#4956=EDGE_CURVE($,#3989,#3992,#1823,.T.);
#4957=EDGE_CURVE($,#3996,#3997,#1824,.T.);
#4958=EDGE_CURVE($,#3997,#3998,#1825,.T.);
#4959=EDGE_CURVE($,#3998,#3999,#1826,.T.);
#4960=EDGE_CURVE($,#3999,#3996,#1827,.T.);
#4961=EDGE_CURVE($,#4000,#4001,#1828,.T.);
#4962=EDGE_CURVE($,#4001,#4002,#1829,.T.);
#4963=EDGE_CURVE($,#4002,#4003,#1830,.T.);
#4964=EDGE_CURVE($,#4003,#4000,#1831,.T.);
#4965=EDGE_CURVE($,#3999,#4002,#1832,.T.);
#4966=EDGE_CURVE($,#3996,#4001,#1833,.T.);
#4967=EDGE_CURVE($,#3998,#4003,#1834,.T.);
#4968=EDGE_CURVE($,#3997,#4000,#1835,.T.);
#4969=EDGE_CURVE($,#4004,#4005,#1836,.T.);
#4970=EDGE_CURVE($,#4005,#4006,#1837,.T.);
#4971=EDGE_CURVE($,#4006,#4007,#1838,.T.);
#4972=EDGE_CURVE($,#4007,#4004,#1839,.T.);
#4973=EDGE_CURVE($,#4008,#4009,#1840,.T.);
#4974=EDGE_CURVE($,#4009,#4010,#1841,.T.);
#4975=EDGE_CURVE($,#4010,#4011,#1842,.T.);
#4976=EDGE_CURVE($,#4011,#4008,#1843,.T.);
#4977=EDGE_CURVE($,#4007,#4010,#1844,.T.);
#4978=EDGE_CURVE($,#4004,#4009,#1845,.T.);
#4979=EDGE_CURVE($,#4006,#4011,#1846,.T.);
#4980=EDGE_CURVE($,#4005,#4008,#1847,.T.);
#4981=EDGE_CURVE($,#4012,#4013,#1848,.T.);
#4982=EDGE_CURVE($,#4013,#4014,#1849,.T.);
#4983=EDGE_CURVE($,#4014,#4015,#1850,.T.);
#4984=EDGE_CURVE($,#4015,#4012,#1851,.T.);
#4985=EDGE_CURVE($,#4016,#4017,#1852,.T.);
#4986=EDGE_CURVE($,#4017,#4018,#1853,.T.);
#4987=EDGE_CURVE($,#4018,#4019,#1854,.T.);
#4988=EDGE_CURVE($,#4019,#4016,#1855,.T.);
#4989=EDGE_CURVE($,#4015,#4018,#1856,.T.);
#4990=EDGE_CURVE($,#4012,#4017,#1857,.T.);
#4991=EDGE_CURVE($,#4014,#4019,#1858,.T.);
#4992=EDGE_CURVE($,#4013,#4016,#1859,.T.);
#4993=EDGE_CURVE($,#4020,#4021,#1860,.T.);
#4994=EDGE_CURVE($,#4021,#4022,#1861,.T.);
#4995=EDGE_CURVE($,#4022,#4023,#1862,.T.);
#4996=EDGE_CURVE($,#4023,#4020,#1863,.T.);
#4997=EDGE_CURVE($,#4024,#4025,#1864,.T.);
#4998=EDGE_CURVE($,#4025,#4026,#1865,.T.);
#4999=EDGE_CURVE($,#4026,#4027,#1866,.T.);
#5000=EDGE_CURVE($,#4027,#4024,#1867,.T.);
#5001=EDGE_CURVE($,#4023,#4026,#1868,.T.);
#5002=EDGE_CURVE($,#4020,#4025,#1869,.T.);
#5003=EDGE_CURVE($,#4022,#4027,#1870,.T.);
#5004=EDGE_CURVE($,#4021,#4024,#1871,.T.);
#5005=EDGE_CURVE($,#4028,#4029,#1872,.T.);
#5006=EDGE_CURVE($,#4029,#4030,#1873,.T.);
#5007=EDGE_CURVE($,#4030,#4031,#1874,.T.);
#5008=EDGE_CURVE($,#4031,#4028,#1875,.T.);
#5009=EDGE_CURVE($,#4032,#4033,#1876,.T.);
#5010=EDGE_CURVE($,#4033,#4034,#1877,.T.);
#5011=EDGE_CURVE($,#4034,#4035,#1878,.T.);
#5012=EDGE_CURVE($,#4035,#4032,#1879,.T.);
#5013=EDGE_CURVE($,#4031,#4034,#1880,.T.);
#5014=EDGE_CURVE($,#4028,#4033,#1881,.T.);
#5015=EDGE_CURVE($,#4030,#4035,#1882,.T.);
#5016=EDGE_CURVE($,#4029,#4032,#1883,.T.);
#5017=EDGE_CURVE($,#4036,#4037,#1884,.T.);
#5018=EDGE_CURVE($,#4037,#4038,#1885,.T.);
#5019=EDGE_CURVE($,#4038,#4039,#1886,.T.);
#5020=EDGE_CURVE($,#4039,#4036,#1887,.T.);
#5021=EDGE_CURVE($,#4040,#4041,#1888,.T.);
#5022=EDGE_CURVE($,#4041,#4042,#1889,.T.);
#5023=EDGE_CURVE($,#4042,#4043,#1890,.T.);
#5024=EDGE_CURVE($,#4043,#4040,#1891,.T.);
#5025=EDGE_CURVE($,#4039,#4042,#1892,.T.);
#5026=EDGE_CURVE($,#4036,#4041,#1893,.T.);
#5027=EDGE_CURVE($,#4038,#4043,#1894,.T.);
#5028=EDGE_CURVE($,#4037,#4040,#1895,.T.);
#5029=EDGE_CURVE($,#4044,#4045,#1896,.T.);
#5030=EDGE_CURVE($,#4045,#4046,#1897,.T.);
#5031=EDGE_CURVE($,#4046,#4047,#1898,.T.);
#5032=EDGE_CURVE($,#4047,#4044,#1899,.T.);
#5033=EDGE_CURVE($,#4048,#4049,#1900,.T.);
#5034=EDGE_CURVE($,#4049,#4050,#1901,.T.);
#5035=EDGE_CURVE($,#4050,#4051,#1902,.T.);
#5036=EDGE_CURVE($,#4051,#4048,#1903,.T.);
#5037=EDGE_CURVE($,#4047,#4050,#1904,.T.);
#5038=EDGE_CURVE($,#4044,#4049,#1905,.T.);
#5039=EDGE_CURVE($,#4046,#4051,#1906,.T.);
#5040=EDGE_CURVE($,#4045,#4048,#1907,.T.);
#5041=EDGE_CURVE($,#4052,#4053,#1908,.T.);
#5042=EDGE_CURVE($,#4053,#4054,#1909,.T.);
#5043=EDGE_CURVE($,#4054,#4055,#1910,.T.);
#5044=EDGE_CURVE($,#4055,#4052,#1911,.T.);
#5045=EDGE_CURVE($,#4056,#4057,#1912,.T.);
#5046=EDGE_CURVE($,#4057,#4058,#1913,.T.);
#5047=EDGE_CURVE($,#4058,#4059,#1914,.T.);
#5048=EDGE_CURVE($,#4059,#4056,#1915,.T.);
#5049=EDGE_CURVE($,#4055,#4058,#1916,.T.);
#5050=EDGE_CURVE($,#4052,#4057,#1917,.T.);
#5051=EDGE_CURVE($,#4054,#4059,#1918,.T.);
#5052=EDGE_CURVE($,#4053,#4056,#1919,.T.);
#5053=EDGE_CURVE($,#4060,#4061,#1920,.T.);
#5054=EDGE_CURVE($,#4061,#4062,#1921,.T.);
#5055=EDGE_CURVE($,#4062,#4063,#1922,.T.);
#5056=EDGE_CURVE($,#4063,#4060,#1923,.T.);
#5057=EDGE_CURVE($,#4064,#4065,#1924,.T.);
#5058=EDGE_CURVE($,#4065,#4066,#1925,.T.);
#5059=EDGE_CURVE($,#4066,#4067,#1926,.T.);
#5060=EDGE_CURVE($,#4067,#4064,#1927,.T.);
#5061=EDGE_CURVE($,#4063,#4066,#1928,.T.);
#5062=EDGE_CURVE($,#4060,#4065,#1929,.T.);
#5063=EDGE_CURVE($,#4062,#4067,#1930,.T.);
#5064=EDGE_CURVE($,#4061,#4064,#1931,.T.);
#5065=EDGE_CURVE($,#4068,#4069,#1932,.T.);
#5066=EDGE_CURVE($,#4069,#4070,#1933,.T.);
#5067=EDGE_CURVE($,#4070,#4071,#1934,.T.);
#5068=EDGE_CURVE($,#4071,#4068,#1935,.T.);
#5069=EDGE_CURVE($,#4072,#4073,#1936,.T.);
#5070=EDGE_CURVE($,#4073,#4074,#1937,.T.);
#5071=EDGE_CURVE($,#4074,#4075,#1938,.T.);
#5072=EDGE_CURVE($,#4075,#4072,#1939,.T.);
#5073=EDGE_CURVE($,#4071,#4074,#1940,.T.);
#5074=EDGE_CURVE($,#4068,#4073,#1941,.T.);
#5075=EDGE_CURVE($,#4070,#4075,#1942,.T.);
#5076=EDGE_CURVE($,#4069,#4072,#1943,.T.);
#5077=EDGE_CURVE($,#4076,#4077,#1944,.T.);
#5078=EDGE_CURVE($,#4077,#4078,#1945,.T.);
#5079=EDGE_CURVE($,#4078,#4079,#1946,.T.);
#5080=EDGE_CURVE($,#4079,#4076,#1947,.T.);
#5081=EDGE_CURVE($,#4080,#4081,#1948,.T.);
#5082=EDGE_CURVE($,#4081,#4082,#1949,.T.);
#5083=EDGE_CURVE($,#4082,#4083,#1950,.T.);
#5084=EDGE_CURVE($,#4083,#4080,#1951,.T.);
#5085=EDGE_CURVE($,#4079,#4082,#1952,.T.);
#5086=EDGE_CURVE($,#4076,#4081,#1953,.T.);
#5087=EDGE_CURVE($,#4078,#4083,#1954,.T.);
#5088=EDGE_CURVE($,#4077,#4080,#1955,.T.);
#5089=EDGE_CURVE($,#4084,#4085,#1956,.T.);
#5090=EDGE_CURVE($,#4085,#4086,#1957,.T.);
#5091=EDGE_CURVE($,#4086,#4087,#1958,.T.);
#5092=EDGE_CURVE($,#4087,#4084,#1959,.T.);
#5093=EDGE_CURVE($,#4088,#4089,#1960,.T.);
#5094=EDGE_CURVE($,#4089,#4090,#1961,.T.);
#5095=EDGE_CURVE($,#4090,#4091,#1962,.T.);
#5096=EDGE_CURVE($,#4091,#4088,#1963,.T.);
#5097=EDGE_CURVE($,#4087,#4090,#1964,.T.);
#5098=EDGE_CURVE($,#4084,#4089,#1965,.T.);
#5099=EDGE_CURVE($,#4086,#4091,#1966,.T.);
#5100=EDGE_CURVE($,#4085,#4088,#1967,.T.);
#5101=EDGE_CURVE($,#4092,#4093,#1968,.T.);
#5102=EDGE_CURVE($,#4093,#4094,#1969,.T.);
#5103=EDGE_CURVE($,#4094,#4095,#1970,.T.);
#5104=EDGE_CURVE($,#4095,#4092,#1971,.T.);
#5105=EDGE_CURVE($,#4096,#4097,#1972,.T.);
#5106=EDGE_CURVE($,#4097,#4098,#1973,.T.);
#5107=EDGE_CURVE($,#4098,#4099,#1974,.T.);
#5108=EDGE_CURVE($,#4099,#4096,#1975,.T.);
#5109=EDGE_CURVE($,#4095,#4098,#1976,.T.);
#5110=EDGE_CURVE($,#4092,#4097,#1977,.T.);
#5111=EDGE_CURVE($,#4094,#4099,#1978,.T.);
#5112=EDGE_CURVE($,#4093,#4096,#1979,.T.);
#5113=EDGE_CURVE($,#4100,#4101,#1980,.T.);
#5114=EDGE_CURVE($,#4101,#4102,#1981,.T.);
#5115=EDGE_CURVE($,#4102,#4103,#1982,.T.);
#5116=EDGE_CURVE($,#4103,#4100,#1983,.T.);
#5117=EDGE_CURVE($,#4104,#4105,#1984,.T.);
#5118=EDGE_CURVE($,#4105,#4106,#1985,.T.);
#5119=EDGE_CURVE($,#4106,#4107,#1986,.T.);
#5120=EDGE_CURVE($,#4107,#4104,#1987,.T.);
#5121=EDGE_CURVE($,#4103,#4106,#1988,.T.);
#5122=EDGE_CURVE($,#4100,#4105,#1989,.T.);
#5123=EDGE_CURVE($,#4102,#4107,#1990,.T.);
#5124=EDGE_CURVE($,#4101,#4104,#1991,.T.);
#5125=EDGE_CURVE($,#4108,#4109,#1992,.T.);
#5126=EDGE_CURVE($,#4109,#4110,#1993,.T.);
#5127=EDGE_CURVE($,#4110,#4111,#1994,.T.);
#5128=EDGE_CURVE($,#4111,#4108,#1995,.T.);
#5129=EDGE_CURVE($,#4112,#4113,#1996,.T.);
#5130=EDGE_CURVE($,#4113,#4114,#1997,.T.);
#5131=EDGE_CURVE($,#4114,#4115,#1998,.T.);
#5132=EDGE_CURVE($,#4115,#4112,#1999,.T.);
#5133=EDGE_CURVE($,#4111,#4114,#2000,.T.);
#5134=EDGE_CURVE($,#4108,#4113,#2001,.T.);
#5135=EDGE_CURVE($,#4110,#4115,#2002,.T.);
#5136=EDGE_CURVE($,#4109,#4112,#2003,.T.);
#5137=EDGE_CURVE($,#4116,#4116,#12,.T.);
#5138=EDGE_CURVE($,#4117,#4117,#13,.T.);
#5139=EDGE_CURVE($,#4118,#4118,#14,.T.);
#5140=EDGE_CURVE($,#4119,#4119,#15,.T.);
#5141=EDGE_CURVE($,#4120,#4121,#2004,.T.);
#5142=EDGE_CURVE($,#4121,#4122,#2005,.T.);
#5143=EDGE_CURVE($,#4122,#4123,#2006,.T.);
#5144=EDGE_CURVE($,#4123,#4120,#2007,.T.);
#5145=EDGE_CURVE($,#4120,#4124,#2008,.T.);
#5146=EDGE_CURVE($,#4125,#4124,#2009,.T.);
#5147=EDGE_CURVE($,#4121,#4125,#2010,.T.);
#5148=EDGE_CURVE($,#4123,#4126,#2011,.T.);
#5149=EDGE_CURVE($,#4124,#4126,#2012,.T.);
#5150=EDGE_CURVE($,#4122,#4127,#2013,.T.);
#5151=EDGE_CURVE($,#4126,#4127,#2014,.T.);
#5152=EDGE_CURVE($,#4127,#4125,#2015,.T.);
#5153=EDGE_CURVE($,#4128,#4129,#2016,.T.);
#5154=EDGE_CURVE($,#4129,#4130,#2017,.T.);
#5155=EDGE_CURVE($,#4130,#4131,#2018,.T.);
#5156=EDGE_CURVE($,#4131,#4128,#2019,.T.);
#5157=EDGE_CURVE($,#4132,#4133,#2020,.T.);
#5158=EDGE_CURVE($,#4134,#4133,#2021,.T.);
#5159=EDGE_CURVE($,#4135,#4134,#2022,.T.);
#5160=EDGE_CURVE($,#4132,#4135,#2023,.T.);
#5161=EDGE_CURVE($,#4133,#4136,#2024,.T.);
#5162=EDGE_CURVE($,#4137,#4136,#2025,.T.);
#5163=EDGE_CURVE($,#4134,#4137,#2026,.T.);
#5164=EDGE_CURVE($,#4138,#4139,#2027,.T.);
#5165=EDGE_CURVE($,#4140,#4139,#2028,.T.);
#5166=EDGE_CURVE($,#4141,#4140,#2029,.T.);
#5167=EDGE_CURVE($,#4138,#4141,#2030,.T.);
#5168=EDGE_CURVE($,#4141,#4142,#2031,.T.);
#5169=EDGE_CURVE($,#4142,#4143,#2032,.T.);
#5170=EDGE_CURVE($,#4143,#4138,#2033,.T.);
#5171=EDGE_CURVE($,#4143,#4144,#2034,.T.);
#5172=EDGE_CURVE($,#4145,#4144,#2035,.T.);
#5173=EDGE_CURVE($,#4135,#4145,#2036,.T.);
#5174=EDGE_CURVE($,#4139,#4137,#2037,.T.);
#5175=EDGE_CURVE($,#4142,#4146,#2038,.T.);
#5176=EDGE_CURVE($,#4144,#4146,#2039,.T.);
#5177=EDGE_CURVE($,#4132,#4147,#2040,.T.);
#5178=EDGE_CURVE($,#4146,#4147,#2041,.T.);
#5179=EDGE_CURVE($,#4136,#4140,#2042,.T.);
#5180=EDGE_CURVE($,#4147,#4145,#2043,.T.);
#5181=EDGE_CURVE($,#4148,#4149,#2044,.T.);
#5182=EDGE_CURVE($,#4149,#4150,#2045,.T.);
#5183=EDGE_CURVE($,#4150,#4151,#2046,.T.);
#5184=EDGE_CURVE($,#4151,#4148,#2047,.T.);
#5185=EDGE_CURVE($,#4128,#4150,#2048,.T.);
#5186=EDGE_CURVE($,#4129,#4149,#2049,.T.);
#5187=EDGE_CURVE($,#4131,#4151,#2050,.T.);
#5188=EDGE_CURVE($,#4130,#4148,#2051,.T.);
#5189=EDGE_CURVE($,#4152,#4153,#2052,.F.);
#5190=EDGE_CURVE($,#4152,#4154,#2053,.T.);
#5191=EDGE_CURVE($,#4155,#4154,#2054,.T.);
#5192=EDGE_CURVE($,#4153,#4155,#2055,.T.);
#5193=EDGE_CURVE($,#4156,#4152,#2056,.F.);
#5194=EDGE_CURVE($,#4156,#4157,#2057,.T.);
#5195=EDGE_CURVE($,#4154,#4157,#2058,.T.);
#5196=EDGE_CURVE($,#4158,#4156,#2059,.F.);
#5197=EDGE_CURVE($,#4159,#4158,#2060,.T.);
#5198=EDGE_CURVE($,#4157,#4159,#2061,.T.);
#5199=EDGE_CURVE($,#4159,#4160,#2062,.F.);
#5200=EDGE_CURVE($,#4160,#4161,#2063,.F.);
#5201=EDGE_CURVE($,#4161,#4162,#2064,.F.);
#5202=EDGE_CURVE($,#4162,#4163,#2065,.F.);
#5203=EDGE_CURVE($,#4163,#4155,#2066,.F.);
#5204=EDGE_CURVE($,#4164,#4165,#2067,.F.);
#5205=EDGE_CURVE($,#4165,#4166,#2068,.F.);
#5206=EDGE_CURVE($,#4166,#4167,#2069,.F.);
#5207=EDGE_CURVE($,#4167,#4164,#2070,.F.);
#5208=EDGE_CURVE($,#4168,#4169,#2071,.F.);
#5209=EDGE_CURVE($,#4169,#4170,#2072,.F.);
#5210=EDGE_CURVE($,#4170,#4171,#2073,.F.);
#5211=EDGE_CURVE($,#4171,#4168,#2074,.F.);
#5212=EDGE_CURVE($,#4172,#4173,#2075,.F.);
#5213=EDGE_CURVE($,#4173,#4174,#2076,.F.);
#5214=EDGE_CURVE($,#4174,#4175,#2077,.F.);
#5215=EDGE_CURVE($,#4175,#4172,#2078,.F.);
#5216=EDGE_CURVE($,#4176,#4177,#2079,.F.);
#5217=EDGE_CURVE($,#4177,#4178,#2080,.F.);
#5218=EDGE_CURVE($,#4178,#4179,#2081,.F.);
#5219=EDGE_CURVE($,#4179,#4176,#2082,.F.);
#5220=EDGE_CURVE($,#4180,#4158,#2083,.T.);
#5221=EDGE_CURVE($,#4160,#4180,#2084,.T.);
#5222=EDGE_CURVE($,#4163,#4181,#2085,.T.);
#5223=EDGE_CURVE($,#4153,#4181,#2086,.T.);
#5224=EDGE_CURVE($,#4178,#4182,#2087,.T.);
#5225=EDGE_CURVE($,#4183,#4182,#2088,.T.);
#5226=EDGE_CURVE($,#4179,#4183,#2089,.T.);
#5227=EDGE_CURVE($,#4177,#4184,#2090,.T.);
#5228=EDGE_CURVE($,#4182,#4184,#2091,.T.);
#5229=EDGE_CURVE($,#4185,#4183,#2092,.T.);
#5230=EDGE_CURVE($,#4176,#4185,#2093,.T.);
#5231=EDGE_CURVE($,#4186,#4187,#2094,.T.);
#5232=EDGE_CURVE($,#4188,#4186,#2095,.T.);
#5233=EDGE_CURVE($,#4189,#4188,#2096,.T.);
#5234=EDGE_CURVE($,#4189,#4187,#2097,.T.);
#5235=EDGE_CURVE($,#4184,#4185,#2098,.T.);
#5236=EDGE_CURVE($,#4190,#4186,#2099,.T.);
#5237=EDGE_CURVE($,#4191,#4190,#2100,.T.);
#5238=EDGE_CURVE($,#4188,#4191,#2101,.T.);
#5239=EDGE_CURVE($,#4187,#4192,#2102,.T.);
#5240=EDGE_CURVE($,#4193,#4189,#2103,.T.);
#5241=EDGE_CURVE($,#4193,#4192,#2104,.T.);
#5242=EDGE_CURVE($,#4192,#4190,#2105,.T.);
#5243=EDGE_CURVE($,#4191,#4193,#2106,.T.);
#5244=EDGE_CURVE($,#4174,#4194,#2107,.T.);
#5245=EDGE_CURVE($,#4195,#4194,#2108,.T.);
#5246=EDGE_CURVE($,#4175,#4195,#2109,.T.);
#5247=EDGE_CURVE($,#4173,#4196,#2110,.T.);
#5248=EDGE_CURVE($,#4194,#4196,#2111,.T.);
#5249=EDGE_CURVE($,#4197,#4195,#2112,.T.);
#5250=EDGE_CURVE($,#4172,#4197,#2113,.T.);
#5251=EDGE_CURVE($,#4198,#4199,#2114,.T.);
#5252=EDGE_CURVE($,#4200,#4198,#2115,.T.);
#5253=EDGE_CURVE($,#4201,#4200,#2116,.T.);
#5254=EDGE_CURVE($,#4201,#4199,#2117,.T.);
#5255=EDGE_CURVE($,#4196,#4197,#2118,.T.);
#5256=EDGE_CURVE($,#4202,#4198,#2119,.T.);
#5257=EDGE_CURVE($,#4203,#4202,#2120,.T.);
#5258=EDGE_CURVE($,#4200,#4203,#2121,.T.);
#5259=EDGE_CURVE($,#4199,#4204,#2122,.T.);
#5260=EDGE_CURVE($,#4205,#4201,#2123,.T.);
#5261=EDGE_CURVE($,#4205,#4204,#2124,.T.);
#5262=EDGE_CURVE($,#4204,#4202,#2125,.T.);
#5263=EDGE_CURVE($,#4203,#4205,#2126,.T.);
#5264=EDGE_CURVE($,#4170,#4206,#2127,.T.);
#5265=EDGE_CURVE($,#4207,#4206,#2128,.T.);
#5266=EDGE_CURVE($,#4171,#4207,#2129,.T.);
#5267=EDGE_CURVE($,#4169,#4208,#2130,.T.);
#5268=EDGE_CURVE($,#4206,#4208,#2131,.T.);
#5269=EDGE_CURVE($,#4209,#4207,#2132,.T.);
#5270=EDGE_CURVE($,#4168,#4209,#2133,.T.);
#5271=EDGE_CURVE($,#4210,#4211,#2134,.T.);
#5272=EDGE_CURVE($,#4212,#4210,#2135,.T.);
#5273=EDGE_CURVE($,#4213,#4212,#2136,.T.);
#5274=EDGE_CURVE($,#4213,#4211,#2137,.T.);
#5275=EDGE_CURVE($,#4208,#4209,#2138,.T.);
#5276=EDGE_CURVE($,#4214,#4210,#2139,.T.);
#5277=EDGE_CURVE($,#4215,#4214,#2140,.T.);
#5278=EDGE_CURVE($,#4212,#4215,#2141,.T.);
#5279=EDGE_CURVE($,#4211,#4216,#2142,.T.);
#5280=EDGE_CURVE($,#4217,#4213,#2143,.T.);
#5281=EDGE_CURVE($,#4217,#4216,#2144,.T.);
#5282=EDGE_CURVE($,#4216,#4214,#2145,.T.);
#5283=EDGE_CURVE($,#4215,#4217,#2146,.T.);
#5284=EDGE_CURVE($,#4166,#4218,#2147,.T.);
#5285=EDGE_CURVE($,#4219,#4218,#2148,.T.);
#5286=EDGE_CURVE($,#4167,#4219,#2149,.T.);
#5287=EDGE_CURVE($,#4165,#4220,#2150,.T.);
#5288=EDGE_CURVE($,#4218,#4220,#2151,.T.);
#5289=EDGE_CURVE($,#4221,#4219,#2152,.T.);
#5290=EDGE_CURVE($,#4164,#4221,#2153,.T.);
#5291=EDGE_CURVE($,#4222,#4223,#2154,.T.);
#5292=EDGE_CURVE($,#4224,#4222,#2155,.T.);
#5293=EDGE_CURVE($,#4225,#4224,#2156,.T.);
#5294=EDGE_CURVE($,#4225,#4223,#2157,.T.);
#5295=EDGE_CURVE($,#4220,#4221,#2158,.T.);
#5296=EDGE_CURVE($,#4226,#4222,#2159,.T.);
#5297=EDGE_CURVE($,#4227,#4226,#2160,.T.);
#5298=EDGE_CURVE($,#4224,#4227,#2161,.T.);
#5299=EDGE_CURVE($,#4223,#4228,#2162,.T.);
#5300=EDGE_CURVE($,#4229,#4225,#2163,.T.);
#5301=EDGE_CURVE($,#4229,#4228,#2164,.T.);
#5302=EDGE_CURVE($,#4228,#4226,#2165,.T.);
#5303=EDGE_CURVE($,#4227,#4229,#2166,.T.);
#5304=EDGE_CURVE($,#4230,#4231,#2167,.T.);
#5305=EDGE_CURVE($,#4230,#4232,#2168,.T.);
#5306=EDGE_CURVE($,#4233,#4232,#2169,.T.);
#5307=EDGE_CURVE($,#4231,#4233,#2170,.T.);
#5308=EDGE_CURVE($,#4231,#4234,#2171,.T.);
#5309=EDGE_CURVE($,#4235,#4233,#2172,.T.);
#5310=EDGE_CURVE($,#4234,#4235,#2173,.T.);
#5311=EDGE_CURVE($,#4234,#4236,#2174,.T.);
#5312=EDGE_CURVE($,#4237,#4235,#2175,.T.);
#5313=EDGE_CURVE($,#4236,#4237,#2176,.T.);
#5314=EDGE_CURVE($,#4236,#4230,#2177,.T.);
#5315=EDGE_CURVE($,#4232,#4237,#2178,.T.);
#5316=EDGE_CURVE($,#4238,#4180,#2179,.T.);
#5317=EDGE_CURVE($,#4161,#4238,#2180,.T.);
#5318=EDGE_CURVE($,#4239,#4238,#2181,.T.);
#5319=EDGE_CURVE($,#4162,#4239,#2182,.T.);
#5320=EDGE_CURVE($,#4181,#4239,#2183,.T.);
#5321=EDGE_CURVE($,#4240,#4241,#2184,.T.);
#5322=EDGE_CURVE($,#4241,#4242,#2185,.T.);
#5323=EDGE_CURVE($,#4242,#4243,#2186,.T.);
#5324=EDGE_CURVE($,#4243,#4240,#2187,.T.);
#5325=EDGE_CURVE($,#4244,#4245,#2188,.T.);
#5326=EDGE_CURVE($,#4245,#4246,#2189,.T.);
#5327=EDGE_CURVE($,#4246,#4247,#2190,.T.);
#5328=EDGE_CURVE($,#4247,#4244,#2191,.T.);
#5329=EDGE_CURVE($,#4247,#4248,#2192,.T.);
#5330=EDGE_CURVE($,#4249,#4248,#2193,.T.);
#5331=EDGE_CURVE($,#4244,#4249,#2194,.T.);
#5332=EDGE_CURVE($,#4245,#4243,#2195,.T.);
#5333=EDGE_CURVE($,#4246,#4242,#2196,.T.);
#5334=EDGE_CURVE($,#4248,#4250,#2197,.T.);
#5335=EDGE_CURVE($,#4250,#4251,#2198,.T.);
#5336=EDGE_CURVE($,#4251,#4249,#2199,.T.);
#5337=EDGE_CURVE($,#4252,#4253,#2200,.T.);
#5338=EDGE_CURVE($,#4252,#4254,#2201,.T.);
#5339=EDGE_CURVE($,#4255,#4254,#2202,.T.);
#5340=EDGE_CURVE($,#4253,#4255,#2203,.T.);
#5341=EDGE_CURVE($,#4256,#4252,#2204,.T.);
#5342=EDGE_CURVE($,#4256,#4257,#2205,.T.);
#5343=EDGE_CURVE($,#4254,#4257,#2206,.T.);
#5344=EDGE_CURVE($,#4257,#4258,#2207,.T.);
#5345=EDGE_CURVE($,#4258,#4255,#2208,.T.);
#5346=EDGE_CURVE($,#4259,#4256,#2209,.T.);
#5347=EDGE_CURVE($,#4259,#4258,#2210,.T.);
#5348=EDGE_CURVE($,#4253,#4259,#2211,.T.);
#5349=EDGE_CURVE($,#4260,#4261,#2212,.T.);
#5350=EDGE_CURVE($,#4260,#4262,#2213,.T.);
#5351=EDGE_CURVE($,#4263,#4262,#2214,.T.);
#5352=EDGE_CURVE($,#4261,#4263,#2215,.T.);
#5353=EDGE_CURVE($,#4264,#4260,#2216,.T.);
#5354=EDGE_CURVE($,#4264,#4265,#2217,.T.);
#5355=EDGE_CURVE($,#4262,#4265,#2218,.T.);
#5356=EDGE_CURVE($,#4265,#4266,#2219,.T.);
#5357=EDGE_CURVE($,#4266,#4263,#2220,.T.);
#5358=EDGE_CURVE($,#4267,#4264,#2221,.T.);
#5359=EDGE_CURVE($,#4267,#4266,#2222,.T.);
#5360=EDGE_CURVE($,#4261,#4267,#2223,.T.);
#5361=EDGE_CURVE($,#4268,#4269,#2224,.T.);
#5362=EDGE_CURVE($,#4268,#4270,#2225,.T.);
#5363=EDGE_CURVE($,#4271,#4270,#2226,.T.);
#5364=EDGE_CURVE($,#4269,#4271,#2227,.T.);
#5365=EDGE_CURVE($,#4272,#4268,#2228,.T.);
#5366=EDGE_CURVE($,#4272,#4273,#2229,.T.);
#5367=EDGE_CURVE($,#4270,#4273,#2230,.T.);
#5368=EDGE_CURVE($,#4273,#4274,#2231,.T.);
#5369=EDGE_CURVE($,#4274,#4271,#2232,.T.);
#5370=EDGE_CURVE($,#4275,#4272,#2233,.T.);
#5371=EDGE_CURVE($,#4275,#4274,#2234,.T.);
#5372=EDGE_CURVE($,#4269,#4275,#2235,.T.);
#5373=EDGE_CURVE($,#4276,#4277,#2236,.T.);
#5374=EDGE_CURVE($,#4277,#4278,#2237,.T.);
#5375=EDGE_CURVE($,#4278,#4279,#2238,.T.);
#5376=EDGE_CURVE($,#4279,#4276,#2239,.T.);
#5377=EDGE_CURVE($,#4280,#4281,#2240,.T.);
#5378=EDGE_CURVE($,#4282,#4280,#2241,.T.);
#5379=EDGE_CURVE($,#4283,#4282,#2242,.T.);
#5380=EDGE_CURVE($,#4281,#4283,#2243,.T.);
#5381=EDGE_CURVE($,#4277,#4250,#2244,.T.);
#5382=EDGE_CURVE($,#4278,#4241,#2245,.T.);
#5383=EDGE_CURVE($,#4279,#4240,#2246,.T.);
#5384=EDGE_CURVE($,#4276,#4251,#2247,.F.);
#5385=EDGE_CURVE($,#4282,#4284,#2248,.T.);
#5386=EDGE_CURVE($,#4285,#4284,#2249,.T.);
#5387=EDGE_CURVE($,#4283,#4285,#2250,.T.);
#5388=EDGE_CURVE($,#4280,#4286,#2251,.T.);
#5389=EDGE_CURVE($,#4284,#4286,#2252,.T.);
#5390=EDGE_CURVE($,#4286,#4287,#2253,.T.);
#5391=EDGE_CURVE($,#4287,#4285,#2254,.T.);
#5392=EDGE_CURVE($,#4281,#4287,#2255,.T.);
#5393=EDGE_CURVE($,#4288,#4289,#2256,.T.);
#5394=EDGE_CURVE($,#4289,#4290,#2257,.T.);
#5395=EDGE_CURVE($,#4290,#4291,#2258,.T.);
#5396=EDGE_CURVE($,#4291,#4288,#2259,.T.);
#5397=EDGE_CURVE($,#4292,#4293,#2260,.T.);
#5398=EDGE_CURVE($,#4293,#4294,#2261,.T.);
#5399=EDGE_CURVE($,#4294,#4295,#2262,.T.);
#5400=EDGE_CURVE($,#4295,#4292,#2263,.T.);
#5401=EDGE_CURVE($,#4291,#4294,#2264,.T.);
#5402=EDGE_CURVE($,#4288,#4293,#2265,.T.);
#5403=EDGE_CURVE($,#4290,#4295,#2266,.T.);
#5404=EDGE_CURVE($,#4289,#4292,#2267,.T.);
#5405=EDGE_CURVE($,#4296,#4297,#2268,.T.);
#5406=EDGE_CURVE($,#4298,#4296,#16,.T.);
#5407=EDGE_CURVE($,#4299,#4298,#2269,.T.);
#5408=EDGE_CURVE($,#4297,#4299,#17,.T.);
#5409=EDGE_CURVE($,#4300,#4300,#18,.T.);
#5410=EDGE_CURVE($,#4297,#4299,#2270,.T.);
#5411=EDGE_CURVE($,#4298,#4301,#2271,.T.);
#5412=EDGE_CURVE($,#4301,#4302,#2272,.T.);
#5413=EDGE_CURVE($,#4302,#4303,#2273,.T.);
#5414=EDGE_CURVE($,#4303,#4304,#2274,.T.);
#5415=EDGE_CURVE($,#4304,#4296,#2275,.T.);
#5416=EDGE_CURVE($,#4305,#4306,#2276,.T.);
#5417=EDGE_CURVE($,#4306,#4307,#2277,.T.);
#5418=EDGE_CURVE($,#4307,#4308,#2278,.T.);
#5419=EDGE_CURVE($,#4308,#4305,#2279,.T.);
#5420=EDGE_CURVE($,#4305,#4304,#2280,.T.);
#5421=EDGE_CURVE($,#4308,#4301,#2281,.T.);
#5422=EDGE_CURVE($,#4307,#4302,#2282,.T.);
#5423=EDGE_CURVE($,#4306,#4303,#2283,.T.);
#5424=EDGE_CURVE($,#4309,#4309,#19,.T.);
#5425=EDGE_CURVE($,#4310,#4310,#20,.T.);
#5426=EDGE_CURVE($,#4311,#4311,#21,.T.);
#5427=EDGE_CURVE($,#4312,#4313,#2284,.T.);
#5428=EDGE_CURVE($,#4313,#4314,#2285,.T.);
#5429=EDGE_CURVE($,#4314,#4315,#2286,.T.);
#5430=EDGE_CURVE($,#4315,#4312,#2287,.T.);
#5431=EDGE_CURVE($,#4316,#4317,#2288,.T.);
#5432=EDGE_CURVE($,#4317,#4318,#2289,.T.);
#5433=EDGE_CURVE($,#4318,#4319,#2290,.T.);
#5434=EDGE_CURVE($,#4319,#4316,#2291,.T.);
#5435=EDGE_CURVE($,#4315,#4318,#2292,.T.);
#5436=EDGE_CURVE($,#4312,#4317,#2293,.T.);
#5437=EDGE_CURVE($,#4314,#4319,#2294,.T.);
#5438=EDGE_CURVE($,#4313,#4316,#2295,.T.);
#5439=EDGE_CURVE($,#4320,#4320,#22,.T.);
#5440=EDGE_CURVE($,#4321,#4321,#23,.T.);
#5441=EDGE_CURVE($,#4322,#4323,#2296,.T.);
#5442=EDGE_CURVE($,#4323,#4324,#2297,.T.);
#5443=EDGE_CURVE($,#4324,#4325,#2298,.T.);
#5444=EDGE_CURVE($,#4325,#4322,#2299,.T.);
#5445=EDGE_CURVE($,#4326,#4327,#2300,.F.);
#5446=EDGE_CURVE($,#4327,#4328,#2301,.T.);
#5447=EDGE_CURVE($,#4328,#4329,#2302,.T.);
#5448=EDGE_CURVE($,#4329,#4326,#2303,.T.);
#5449=EDGE_CURVE($,#4325,#4328,#2304,.T.);
#5450=EDGE_CURVE($,#4322,#4327,#2305,.T.);
#5451=EDGE_CURVE($,#4324,#4329,#2306,.F.);
#5452=EDGE_CURVE($,#4323,#4326,#2307,.F.);
#5453=EDGE_CURVE($,#4330,#4331,#2308,.T.);
#5454=EDGE_CURVE($,#4331,#4332,#2309,.T.);
#5455=EDGE_CURVE($,#4332,#4333,#2310,.T.);
#5456=EDGE_CURVE($,#4333,#4330,#2311,.T.);
#5457=EDGE_CURVE($,#4334,#4335,#2312,.T.);
#5458=EDGE_CURVE($,#4335,#4336,#2313,.T.);
#5459=EDGE_CURVE($,#4336,#4337,#2314,.T.);
#5460=EDGE_CURVE($,#4337,#4334,#2315,.T.);
#5461=EDGE_CURVE($,#4333,#4336,#2316,.T.);
#5462=EDGE_CURVE($,#4330,#4335,#2317,.T.);
#5463=EDGE_CURVE($,#4332,#4337,#2318,.T.);
#5464=EDGE_CURVE($,#4331,#4334,#2319,.T.);
#5465=EDGE_CURVE($,#4338,#4338,#24,.T.);
#5466=EDGE_CURVE($,#4339,#4339,#25,.T.);
#5467=EDGE_CURVE($,#4340,#4341,#2320,.T.);
#5468=EDGE_CURVE($,#4341,#4342,#2321,.T.);
#5469=EDGE_CURVE($,#4342,#4343,#2322,.T.);
#5470=EDGE_CURVE($,#4343,#4340,#2323,.T.);
#5471=EDGE_CURVE($,#4344,#4345,#2324,.T.);
#5472=EDGE_CURVE($,#4345,#4346,#2325,.T.);
#5473=EDGE_CURVE($,#4346,#4347,#2326,.T.);
#5474=EDGE_CURVE($,#4347,#4344,#2327,.T.);
#5475=EDGE_CURVE($,#4343,#4346,#2328,.T.);
#5476=EDGE_CURVE($,#4340,#4345,#2329,.T.);
#5477=EDGE_CURVE($,#4342,#4347,#2330,.T.);
#5478=EDGE_CURVE($,#4341,#4344,#2331,.T.);
#5479=EDGE_CURVE($,#4348,#4349,#2332,.T.);
#5480=EDGE_CURVE($,#4349,#4350,#2333,.T.);
#5481=EDGE_CURVE($,#4350,#4351,#2334,.T.);
#5482=EDGE_CURVE($,#4351,#4348,#2335,.T.);
#5483=EDGE_CURVE($,#4352,#4353,#2336,.T.);
#5484=EDGE_CURVE($,#4353,#4354,#2337,.T.);
#5485=EDGE_CURVE($,#4354,#4355,#2338,.T.);
#5486=EDGE_CURVE($,#4355,#4352,#2339,.T.);
#5487=EDGE_CURVE($,#4351,#4354,#2340,.T.);
#5488=EDGE_CURVE($,#4348,#4353,#2341,.T.);
#5489=EDGE_CURVE($,#4350,#4355,#2342,.T.);
#5490=EDGE_CURVE($,#4349,#4352,#2343,.T.);
#5491=EDGE_CURVE($,#4356,#4357,#2344,.T.);
#5492=EDGE_CURVE($,#4357,#4358,#2345,.T.);
#5493=EDGE_CURVE($,#4358,#4359,#2346,.T.);
#5494=EDGE_CURVE($,#4359,#4356,#2347,.T.);
#5495=EDGE_CURVE($,#4360,#4361,#2348,.T.);
#5496=EDGE_CURVE($,#4361,#4362,#2349,.T.);
#5497=EDGE_CURVE($,#4362,#4363,#2350,.T.);
#5498=EDGE_CURVE($,#4363,#4360,#2351,.T.);
#5499=EDGE_CURVE($,#4359,#4362,#2352,.T.);
#5500=EDGE_CURVE($,#4356,#4361,#2353,.T.);
#5501=EDGE_CURVE($,#4358,#4363,#2354,.T.);
#5502=EDGE_CURVE($,#4357,#4360,#2355,.T.);
#5503=EDGE_CURVE($,#4364,#4365,#2356,.T.);
#5504=EDGE_CURVE($,#4365,#4366,#2357,.T.);
#5505=EDGE_CURVE($,#4366,#4367,#2358,.T.);
#5506=EDGE_CURVE($,#4367,#4364,#2359,.T.);
#5507=EDGE_CURVE($,#4368,#4369,#2360,.F.);
#5508=EDGE_CURVE($,#4369,#4370,#2361,.F.);
#5509=EDGE_CURVE($,#4370,#4371,#2362,.T.);
#5510=EDGE_CURVE($,#4371,#4368,#2363,.T.);
#5511=EDGE_CURVE($,#4367,#4370,#2364,.T.);
#5512=EDGE_CURVE($,#4364,#4369,#2365,.F.);
#5513=EDGE_CURVE($,#4366,#4371,#2366,.T.);
#5514=EDGE_CURVE($,#4365,#4368,#2367,.F.);
#5515=EDGE_CURVE($,#4372,#4373,#2368,.T.);
#5516=EDGE_CURVE($,#4373,#4374,#2369,.T.);
#5517=EDGE_CURVE($,#4374,#4375,#2370,.T.);
#5518=EDGE_CURVE($,#4375,#4372,#2371,.T.);
#5519=EDGE_CURVE($,#4376,#4377,#2372,.T.);
#5520=EDGE_CURVE($,#4377,#4378,#2373,.T.);
#5521=EDGE_CURVE($,#4378,#4379,#2374,.T.);
#5522=EDGE_CURVE($,#4379,#4376,#2375,.T.);
#5523=EDGE_CURVE($,#4375,#4378,#2376,.T.);
#5524=EDGE_CURVE($,#4372,#4377,#2377,.T.);
#5525=EDGE_CURVE($,#4374,#4379,#2378,.T.);
#5526=EDGE_CURVE($,#4373,#4376,#2379,.T.);
#5527=EDGE_CURVE($,#4380,#4381,#2380,.T.);
#5528=EDGE_CURVE($,#4381,#4382,#2381,.T.);
#5529=EDGE_CURVE($,#4382,#4383,#2382,.T.);
#5530=EDGE_CURVE($,#4383,#4380,#2383,.T.);
#5531=EDGE_CURVE($,#4384,#4385,#2384,.T.);
#5532=EDGE_CURVE($,#4385,#4386,#2385,.T.);
#5533=EDGE_CURVE($,#4386,#4387,#2386,.T.);
#5534=EDGE_CURVE($,#4387,#4384,#2387,.T.);
#5535=EDGE_CURVE($,#4383,#4386,#2388,.T.);
#5536=EDGE_CURVE($,#4380,#4385,#2389,.T.);
#5537=EDGE_CURVE($,#4382,#4387,#2390,.T.);
#5538=EDGE_CURVE($,#4381,#4384,#2391,.T.);
#5539=EDGE_CURVE($,#4388,#4389,#2392,.F.);
#5540=EDGE_CURVE($,#4389,#4390,#2393,.F.);
#5541=EDGE_CURVE($,#4390,#4391,#2394,.F.);
#5542=EDGE_CURVE($,#4391,#4388,#2395,.F.);
#5543=EDGE_CURVE($,#4392,#4393,#2396,.T.);
#5544=EDGE_CURVE($,#4393,#4394,#2397,.F.);
#5545=EDGE_CURVE($,#4394,#4395,#2398,.T.);
#5546=EDGE_CURVE($,#4395,#4392,#2399,.F.);
#5547=EDGE_CURVE($,#4391,#4394,#2400,.T.);
#5548=EDGE_CURVE($,#4388,#4393,#2401,.F.);
#5549=EDGE_CURVE($,#4390,#4395,#2402,.F.);
#5550=EDGE_CURVE($,#4389,#4392,#2403,.T.);
#5551=EDGE_CURVE($,#4396,#4396,#26,.T.);
#5552=EDGE_CURVE($,#4397,#4397,#27,.T.);
#5553=EDGE_CURVE($,#4398,#4398,#28,.T.);
#5554=EDGE_CURVE($,#4399,#4399,#29,.T.);
#5555=EDGE_CURVE($,#4400,#4400,#30,.T.);
#5556=EDGE_CURVE($,#4401,#4402,#2404,.T.);
#5557=EDGE_CURVE($,#4402,#4403,#2405,.T.);
#5558=EDGE_CURVE($,#4403,#4404,#2406,.T.);
#5559=EDGE_CURVE($,#4404,#4401,#2407,.T.);
#5560=EDGE_CURVE($,#4405,#4406,#2408,.T.);
#5561=EDGE_CURVE($,#4406,#4407,#2409,.T.);
#5562=EDGE_CURVE($,#4407,#4408,#2410,.T.);
#5563=EDGE_CURVE($,#4408,#4405,#2411,.T.);
#5564=EDGE_CURVE($,#4404,#4407,#2412,.T.);
#5565=EDGE_CURVE($,#4401,#4406,#2413,.T.);
#5566=EDGE_CURVE($,#4403,#4408,#2414,.T.);
#5567=EDGE_CURVE($,#4402,#4405,#2415,.T.);
#5568=EDGE_CURVE($,#4409,#4410,#2416,.T.);
#5569=EDGE_CURVE($,#4410,#4411,#2417,.T.);
#5570=EDGE_CURVE($,#4411,#4412,#2418,.T.);
#5571=EDGE_CURVE($,#4412,#4409,#2419,.T.);
#5572=EDGE_CURVE($,#4413,#4414,#2420,.T.);
#5573=EDGE_CURVE($,#4414,#4415,#2421,.T.);
#5574=EDGE_CURVE($,#4415,#4416,#2422,.T.);
#5575=EDGE_CURVE($,#4416,#4413,#2423,.T.);
#5576=EDGE_CURVE($,#4412,#4415,#2424,.T.);
#5577=EDGE_CURVE($,#4409,#4414,#2425,.T.);
#5578=EDGE_CURVE($,#4411,#4416,#2426,.T.);
#5579=EDGE_CURVE($,#4410,#4413,#2427,.T.);
#5580=EDGE_CURVE($,#4417,#4418,#2428,.T.);
#5581=EDGE_CURVE($,#4418,#4419,#2429,.T.);
#5582=EDGE_CURVE($,#4419,#4420,#2430,.T.);
#5583=EDGE_CURVE($,#4420,#4417,#2431,.T.);
#5584=EDGE_CURVE($,#4421,#4422,#2432,.T.);
#5585=EDGE_CURVE($,#4422,#4423,#2433,.T.);
#5586=EDGE_CURVE($,#4423,#4424,#2434,.T.);
#5587=EDGE_CURVE($,#4424,#4421,#2435,.T.);
#5588=EDGE_CURVE($,#4420,#4423,#2436,.T.);
#5589=EDGE_CURVE($,#4417,#4422,#2437,.T.);
#5590=EDGE_CURVE($,#4419,#4424,#2438,.T.);
#5591=EDGE_CURVE($,#4418,#4421,#2439,.T.);
#5592=EDGE_CURVE($,#4425,#4426,#2440,.T.);
#5593=EDGE_CURVE($,#4425,#4427,#2441,.T.);
#5594=EDGE_CURVE($,#4428,#4427,#2442,.T.);
#5595=EDGE_CURVE($,#4426,#4428,#2443,.T.);
#5596=EDGE_CURVE($,#4429,#4425,#2444,.T.);
#5597=EDGE_CURVE($,#4429,#4430,#2445,.T.);
#5598=EDGE_CURVE($,#4427,#4430,#2446,.T.);
#5599=EDGE_CURVE($,#4426,#4431,#2447,.T.);
#5600=EDGE_CURVE($,#4432,#4428,#2448,.T.);
#5601=EDGE_CURVE($,#4431,#4432,#2449,.T.);
#5602=EDGE_CURVE($,#4431,#4429,#2450,.T.);
#5603=EDGE_CURVE($,#4430,#4432,#2451,.T.);
#5604=EDGE_CURVE($,#4433,#4434,#2452,.T.);
#5605=EDGE_CURVE($,#4433,#4435,#2453,.T.);
#5606=EDGE_CURVE($,#4436,#4435,#2454,.T.);
#5607=EDGE_CURVE($,#4434,#4436,#2455,.T.);
#5608=EDGE_CURVE($,#4437,#4433,#2456,.T.);
#5609=EDGE_CURVE($,#4437,#4438,#2457,.T.);
#5610=EDGE_CURVE($,#4435,#4438,#2458,.T.);
#5611=EDGE_CURVE($,#4434,#4439,#2459,.T.);
#5612=EDGE_CURVE($,#4440,#4436,#2460,.T.);
#5613=EDGE_CURVE($,#4439,#4440,#2461,.T.);
#5614=EDGE_CURVE($,#4439,#4437,#2462,.T.);
#5615=EDGE_CURVE($,#4438,#4440,#2463,.T.);
#5616=EDGE_CURVE($,#4441,#4442,#2464,.T.);
#5617=EDGE_CURVE($,#4441,#4443,#2465,.T.);
#5618=EDGE_CURVE($,#4444,#4443,#2466,.T.);
#5619=EDGE_CURVE($,#4442,#4444,#2467,.T.);
#5620=EDGE_CURVE($,#4445,#4441,#2468,.T.);
#5621=EDGE_CURVE($,#4445,#4446,#2469,.T.);
#5622=EDGE_CURVE($,#4443,#4446,#2470,.T.);
#5623=EDGE_CURVE($,#4442,#4447,#2471,.T.);
#5624=EDGE_CURVE($,#4448,#4444,#2472,.T.);
#5625=EDGE_CURVE($,#4447,#4448,#2473,.T.);
#5626=EDGE_CURVE($,#4447,#4445,#2474,.T.);
#5627=EDGE_CURVE($,#4446,#4448,#2475,.T.);
#5628=EDGE_CURVE($,#4449,#4450,#2476,.T.);
#5629=EDGE_CURVE($,#4449,#4451,#2477,.T.);
#5630=EDGE_CURVE($,#4452,#4451,#2478,.T.);
#5631=EDGE_CURVE($,#4450,#4452,#2479,.T.);
#5632=EDGE_CURVE($,#4453,#4449,#2480,.T.);
#5633=EDGE_CURVE($,#4453,#4454,#2481,.T.);
#5634=EDGE_CURVE($,#4451,#4454,#2482,.T.);
#5635=EDGE_CURVE($,#4450,#4455,#2483,.T.);
#5636=EDGE_CURVE($,#4456,#4452,#2484,.T.);
#5637=EDGE_CURVE($,#4455,#4456,#2485,.T.);
#5638=EDGE_CURVE($,#4455,#4453,#2486,.T.);
#5639=EDGE_CURVE($,#4454,#4456,#2487,.T.);
#5640=EDGE_CURVE($,#4457,#4458,#2488,.T.);
#5641=EDGE_CURVE($,#4458,#4459,#2489,.T.);
#5642=EDGE_CURVE($,#4459,#4460,#2490,.T.);
#5643=EDGE_CURVE($,#4460,#4457,#2491,.T.);
#5644=EDGE_CURVE($,#4461,#4462,#2492,.T.);
#5645=EDGE_CURVE($,#4461,#4457,#2493,.T.);
#5646=EDGE_CURVE($,#4462,#4460,#2494,.T.);
#5647=EDGE_CURVE($,#4462,#4463,#2495,.T.);
#5648=EDGE_CURVE($,#4463,#4459,#2496,.T.);
#5649=EDGE_CURVE($,#4463,#4464,#2497,.T.);
#5650=EDGE_CURVE($,#4464,#4458,#2498,.T.);
#5651=EDGE_CURVE($,#4464,#4461,#2499,.T.);
#5652=ORIENTED_EDGE($,*,*,#4465,.F.);
#5653=ORIENTED_EDGE($,*,*,#4466,.T.);
#5654=ORIENTED_EDGE($,*,*,#4467,.F.);
#5655=ORIENTED_EDGE($,*,*,#4468,.F.);
#5656=ORIENTED_EDGE($,*,*,#4469,.F.);
#5657=ORIENTED_EDGE($,*,*,#4468,.T.);
#5658=ORIENTED_EDGE($,*,*,#4470,.F.);
#5659=ORIENTED_EDGE($,*,*,#4471,.F.);
#5660=ORIENTED_EDGE($,*,*,#4472,.F.);
#5661=ORIENTED_EDGE($,*,*,#4471,.T.);
#5662=ORIENTED_EDGE($,*,*,#4473,.F.);
#5663=ORIENTED_EDGE($,*,*,#4474,.F.);
#5664=ORIENTED_EDGE($,*,*,#4475,.F.);
#5665=ORIENTED_EDGE($,*,*,#4474,.T.);
#5666=ORIENTED_EDGE($,*,*,#4476,.F.);
#5667=ORIENTED_EDGE($,*,*,#4466,.F.);
#5668=ORIENTED_EDGE($,*,*,#4476,.T.);
#5669=ORIENTED_EDGE($,*,*,#4473,.T.);
#5670=ORIENTED_EDGE($,*,*,#4470,.T.);
#5671=ORIENTED_EDGE($,*,*,#4467,.T.);
#5672=ORIENTED_EDGE($,*,*,#4475,.T.);
#5673=ORIENTED_EDGE($,*,*,#4465,.T.);
#5674=ORIENTED_EDGE($,*,*,#4469,.T.);
#5675=ORIENTED_EDGE($,*,*,#4472,.T.);
#5676=ORIENTED_EDGE($,*,*,#4477,.T.);
#5677=ORIENTED_EDGE($,*,*,#4478,.T.);
#5678=ORIENTED_EDGE($,*,*,#4479,.F.);
#5679=ORIENTED_EDGE($,*,*,#4480,.F.);
#5680=ORIENTED_EDGE($,*,*,#4481,.T.);
#5681=ORIENTED_EDGE($,*,*,#4480,.T.);
#5682=ORIENTED_EDGE($,*,*,#4482,.F.);
#5683=ORIENTED_EDGE($,*,*,#4483,.F.);
#5684=ORIENTED_EDGE($,*,*,#4484,.T.);
#5685=ORIENTED_EDGE($,*,*,#4483,.T.);
#5686=ORIENTED_EDGE($,*,*,#4485,.F.);
#5687=ORIENTED_EDGE($,*,*,#4486,.F.);
#5688=ORIENTED_EDGE($,*,*,#4487,.T.);
#5689=ORIENTED_EDGE($,*,*,#4486,.T.);
#5690=ORIENTED_EDGE($,*,*,#4488,.F.);
#5691=ORIENTED_EDGE($,*,*,#4478,.F.);
#5692=ORIENTED_EDGE($,*,*,#4488,.T.);
#5693=ORIENTED_EDGE($,*,*,#4485,.T.);
#5694=ORIENTED_EDGE($,*,*,#4482,.T.);
#5695=ORIENTED_EDGE($,*,*,#4479,.T.);
#5696=ORIENTED_EDGE($,*,*,#4487,.F.);
#5697=ORIENTED_EDGE($,*,*,#4477,.F.);
#5698=ORIENTED_EDGE($,*,*,#4481,.F.);
#5699=ORIENTED_EDGE($,*,*,#4484,.F.);
#5700=ORIENTED_EDGE($,*,*,#4489,.F.);
#5701=ORIENTED_EDGE($,*,*,#4490,.T.);
#5702=ORIENTED_EDGE($,*,*,#4491,.F.);
#5703=ORIENTED_EDGE($,*,*,#4492,.F.);
#5704=ORIENTED_EDGE($,*,*,#4493,.F.);
#5705=ORIENTED_EDGE($,*,*,#4494,.T.);
#5706=ORIENTED_EDGE($,*,*,#4495,.F.);
#5707=ORIENTED_EDGE($,*,*,#4490,.F.);
#5708=ORIENTED_EDGE($,*,*,#4496,.F.);
#5709=ORIENTED_EDGE($,*,*,#4492,.T.);
#5710=ORIENTED_EDGE($,*,*,#4497,.F.);
#5711=ORIENTED_EDGE($,*,*,#4498,.F.);
#5712=ORIENTED_EDGE($,*,*,#4499,.F.);
#5713=ORIENTED_EDGE($,*,*,#4500,.F.);
#5714=ORIENTED_EDGE($,*,*,#4501,.F.);
#5715=ORIENTED_EDGE($,*,*,#4502,.T.);
#5716=ORIENTED_EDGE($,*,*,#4503,.F.);
#5717=ORIENTED_EDGE($,*,*,#4498,.T.);
#5718=ORIENTED_EDGE($,*,*,#4504,.F.);
#5719=ORIENTED_EDGE($,*,*,#4494,.F.);
#5720=ORIENTED_EDGE($,*,*,#4505,.F.);
#5721=ORIENTED_EDGE($,*,*,#4506,.F.);
#5722=ORIENTED_EDGE($,*,*,#4507,.F.);
#5723=ORIENTED_EDGE($,*,*,#4500,.T.);
#5724=ORIENTED_EDGE($,*,*,#4495,.T.);
#5725=ORIENTED_EDGE($,*,*,#4504,.T.);
#5726=ORIENTED_EDGE($,*,*,#4497,.T.);
#5727=ORIENTED_EDGE($,*,*,#4491,.T.);
#5728=ORIENTED_EDGE($,*,*,#4508,.F.);
#5729=ORIENTED_EDGE($,*,*,#4502,.F.);
#5730=ORIENTED_EDGE($,*,*,#4509,.F.);
#5731=ORIENTED_EDGE($,*,*,#4510,.T.);
#5732=ORIENTED_EDGE($,*,*,#4511,.F.);
#5733=ORIENTED_EDGE($,*,*,#4510,.F.);
#5734=ORIENTED_EDGE($,*,*,#4512,.F.);
#5735=ORIENTED_EDGE($,*,*,#4506,.T.);
#5736=ORIENTED_EDGE($,*,*,#4513,.F.);
#5737=ORIENTED_EDGE($,*,*,#4514,.T.);
#5738=ORIENTED_EDGE($,*,*,#4515,.F.);
#5739=ORIENTED_EDGE($,*,*,#4516,.F.);
#5740=ORIENTED_EDGE($,*,*,#4517,.F.);
#5741=ORIENTED_EDGE($,*,*,#4518,.T.);
#5742=ORIENTED_EDGE($,*,*,#4519,.F.);
#5743=ORIENTED_EDGE($,*,*,#4514,.F.);
#5744=ORIENTED_EDGE($,*,*,#4520,.F.);
#5745=ORIENTED_EDGE($,*,*,#4516,.T.);
#5746=ORIENTED_EDGE($,*,*,#4521,.F.);
#5747=ORIENTED_EDGE($,*,*,#4522,.F.);
#5748=ORIENTED_EDGE($,*,*,#4523,.F.);
#5749=ORIENTED_EDGE($,*,*,#4524,.F.);
#5750=ORIENTED_EDGE($,*,*,#4525,.F.);
#5751=ORIENTED_EDGE($,*,*,#4526,.T.);
#5752=ORIENTED_EDGE($,*,*,#4527,.F.);
#5753=ORIENTED_EDGE($,*,*,#4522,.T.);
#5754=ORIENTED_EDGE($,*,*,#4528,.F.);
#5755=ORIENTED_EDGE($,*,*,#4518,.F.);
#5756=ORIENTED_EDGE($,*,*,#4529,.F.);
#5757=ORIENTED_EDGE($,*,*,#4530,.F.);
#5758=ORIENTED_EDGE($,*,*,#4531,.F.);
#5759=ORIENTED_EDGE($,*,*,#4524,.T.);
#5760=ORIENTED_EDGE($,*,*,#4519,.T.);
#5761=ORIENTED_EDGE($,*,*,#4528,.T.);
#5762=ORIENTED_EDGE($,*,*,#4521,.T.);
#5763=ORIENTED_EDGE($,*,*,#4515,.T.);
#5764=ORIENTED_EDGE($,*,*,#4532,.F.);
#5765=ORIENTED_EDGE($,*,*,#4526,.F.);
#5766=ORIENTED_EDGE($,*,*,#4533,.F.);
#5767=ORIENTED_EDGE($,*,*,#4534,.T.);
#5768=ORIENTED_EDGE($,*,*,#4535,.F.);
#5769=ORIENTED_EDGE($,*,*,#4534,.F.);
#5770=ORIENTED_EDGE($,*,*,#4536,.F.);
#5771=ORIENTED_EDGE($,*,*,#4530,.T.);
#5772=ORIENTED_EDGE($,*,*,#4537,.F.);
#5773=ORIENTED_EDGE($,*,*,#4538,.T.);
#5774=ORIENTED_EDGE($,*,*,#4539,.F.);
#5775=ORIENTED_EDGE($,*,*,#4540,.F.);
#5776=ORIENTED_EDGE($,*,*,#4541,.F.);
#5777=ORIENTED_EDGE($,*,*,#4542,.T.);
#5778=ORIENTED_EDGE($,*,*,#4543,.F.);
#5779=ORIENTED_EDGE($,*,*,#4538,.F.);
#5780=ORIENTED_EDGE($,*,*,#4544,.F.);
#5781=ORIENTED_EDGE($,*,*,#4540,.T.);
#5782=ORIENTED_EDGE($,*,*,#4545,.F.);
#5783=ORIENTED_EDGE($,*,*,#4546,.F.);
#5784=ORIENTED_EDGE($,*,*,#4547,.F.);
#5785=ORIENTED_EDGE($,*,*,#4548,.F.);
#5786=ORIENTED_EDGE($,*,*,#4549,.F.);
#5787=ORIENTED_EDGE($,*,*,#4550,.T.);
#5788=ORIENTED_EDGE($,*,*,#4551,.F.);
#5789=ORIENTED_EDGE($,*,*,#4546,.T.);
#5790=ORIENTED_EDGE($,*,*,#4552,.F.);
#5791=ORIENTED_EDGE($,*,*,#4542,.F.);
#5792=ORIENTED_EDGE($,*,*,#4553,.F.);
#5793=ORIENTED_EDGE($,*,*,#4554,.F.);
#5794=ORIENTED_EDGE($,*,*,#4555,.F.);
#5795=ORIENTED_EDGE($,*,*,#4548,.T.);
#5796=ORIENTED_EDGE($,*,*,#4543,.T.);
#5797=ORIENTED_EDGE($,*,*,#4552,.T.);
#5798=ORIENTED_EDGE($,*,*,#4545,.T.);
#5799=ORIENTED_EDGE($,*,*,#4539,.T.);
#5800=ORIENTED_EDGE($,*,*,#4556,.F.);
#5801=ORIENTED_EDGE($,*,*,#4550,.F.);
#5802=ORIENTED_EDGE($,*,*,#4557,.F.);
#5803=ORIENTED_EDGE($,*,*,#4558,.T.);
#5804=ORIENTED_EDGE($,*,*,#4559,.F.);
#5805=ORIENTED_EDGE($,*,*,#4558,.F.);
#5806=ORIENTED_EDGE($,*,*,#4560,.F.);
#5807=ORIENTED_EDGE($,*,*,#4554,.T.);
#5808=ORIENTED_EDGE($,*,*,#4561,.F.);
#5809=ORIENTED_EDGE($,*,*,#4562,.T.);
#5810=ORIENTED_EDGE($,*,*,#4563,.F.);
#5811=ORIENTED_EDGE($,*,*,#4564,.F.);
#5812=ORIENTED_EDGE($,*,*,#4565,.F.);
#5813=ORIENTED_EDGE($,*,*,#4566,.T.);
#5814=ORIENTED_EDGE($,*,*,#4567,.F.);
#5815=ORIENTED_EDGE($,*,*,#4562,.F.);
#5816=ORIENTED_EDGE($,*,*,#4568,.F.);
#5817=ORIENTED_EDGE($,*,*,#4564,.T.);
#5818=ORIENTED_EDGE($,*,*,#4569,.F.);
#5819=ORIENTED_EDGE($,*,*,#4570,.F.);
#5820=ORIENTED_EDGE($,*,*,#4571,.F.);
#5821=ORIENTED_EDGE($,*,*,#4572,.F.);
#5822=ORIENTED_EDGE($,*,*,#4573,.F.);
#5823=ORIENTED_EDGE($,*,*,#4574,.T.);
#5824=ORIENTED_EDGE($,*,*,#4575,.F.);
#5825=ORIENTED_EDGE($,*,*,#4570,.T.);
#5826=ORIENTED_EDGE($,*,*,#4576,.F.);
#5827=ORIENTED_EDGE($,*,*,#4566,.F.);
#5828=ORIENTED_EDGE($,*,*,#4577,.F.);
#5829=ORIENTED_EDGE($,*,*,#4578,.F.);
#5830=ORIENTED_EDGE($,*,*,#4579,.F.);
#5831=ORIENTED_EDGE($,*,*,#4572,.T.);
#5832=ORIENTED_EDGE($,*,*,#4567,.T.);
#5833=ORIENTED_EDGE($,*,*,#4576,.T.);
#5834=ORIENTED_EDGE($,*,*,#4569,.T.);
#5835=ORIENTED_EDGE($,*,*,#4563,.T.);
#5836=ORIENTED_EDGE($,*,*,#4580,.F.);
#5837=ORIENTED_EDGE($,*,*,#4574,.F.);
#5838=ORIENTED_EDGE($,*,*,#4581,.F.);
#5839=ORIENTED_EDGE($,*,*,#4582,.T.);
#5840=ORIENTED_EDGE($,*,*,#4583,.F.);
#5841=ORIENTED_EDGE($,*,*,#4582,.F.);
#5842=ORIENTED_EDGE($,*,*,#4584,.F.);
#5843=ORIENTED_EDGE($,*,*,#4578,.T.);
#5844=ORIENTED_EDGE($,*,*,#4585,.F.);
#5845=ORIENTED_EDGE($,*,*,#4586,.T.);
#5846=ORIENTED_EDGE($,*,*,#4587,.F.);
#5847=ORIENTED_EDGE($,*,*,#4588,.F.);
#5848=ORIENTED_EDGE($,*,*,#4589,.F.);
#5849=ORIENTED_EDGE($,*,*,#4588,.T.);
#5850=ORIENTED_EDGE($,*,*,#4590,.F.);
#5851=ORIENTED_EDGE($,*,*,#4591,.F.);
#5852=ORIENTED_EDGE($,*,*,#4592,.F.);
#5853=ORIENTED_EDGE($,*,*,#4591,.T.);
#5854=ORIENTED_EDGE($,*,*,#4593,.F.);
#5855=ORIENTED_EDGE($,*,*,#4594,.F.);
#5856=ORIENTED_EDGE($,*,*,#4595,.F.);
#5857=ORIENTED_EDGE($,*,*,#4594,.T.);
#5858=ORIENTED_EDGE($,*,*,#4596,.F.);
#5859=ORIENTED_EDGE($,*,*,#4586,.F.);
#5860=ORIENTED_EDGE($,*,*,#4596,.T.);
#5861=ORIENTED_EDGE($,*,*,#4593,.T.);
#5862=ORIENTED_EDGE($,*,*,#4590,.T.);
#5863=ORIENTED_EDGE($,*,*,#4587,.T.);
#5864=ORIENTED_EDGE($,*,*,#4507,.T.);
#5865=ORIENTED_EDGE($,*,*,#4512,.T.);
#5866=ORIENTED_EDGE($,*,*,#4509,.T.);
#5867=ORIENTED_EDGE($,*,*,#4501,.T.);
#5868=ORIENTED_EDGE($,*,*,#4531,.T.);
#5869=ORIENTED_EDGE($,*,*,#4536,.T.);
#5870=ORIENTED_EDGE($,*,*,#4533,.T.);
#5871=ORIENTED_EDGE($,*,*,#4525,.T.);
#5872=ORIENTED_EDGE($,*,*,#4555,.T.);
#5873=ORIENTED_EDGE($,*,*,#4560,.T.);
#5874=ORIENTED_EDGE($,*,*,#4557,.T.);
#5875=ORIENTED_EDGE($,*,*,#4549,.T.);
#5876=ORIENTED_EDGE($,*,*,#4579,.T.);
#5877=ORIENTED_EDGE($,*,*,#4584,.T.);
#5878=ORIENTED_EDGE($,*,*,#4581,.T.);
#5879=ORIENTED_EDGE($,*,*,#4573,.T.);
#5880=ORIENTED_EDGE($,*,*,#4595,.T.);
#5881=ORIENTED_EDGE($,*,*,#4585,.T.);
#5882=ORIENTED_EDGE($,*,*,#4589,.T.);
#5883=ORIENTED_EDGE($,*,*,#4592,.T.);
#5884=ORIENTED_EDGE($,*,*,#4597,.F.);
#5885=ORIENTED_EDGE($,*,*,#4598,.T.);
#5886=ORIENTED_EDGE($,*,*,#4599,.F.);
#5887=ORIENTED_EDGE($,*,*,#4600,.F.);
#5888=ORIENTED_EDGE($,*,*,#4601,.F.);
#5889=ORIENTED_EDGE($,*,*,#4600,.T.);
#5890=ORIENTED_EDGE($,*,*,#4602,.F.);
#5891=ORIENTED_EDGE($,*,*,#4603,.F.);
#5892=ORIENTED_EDGE($,*,*,#4604,.F.);
#5893=ORIENTED_EDGE($,*,*,#4603,.T.);
#5894=ORIENTED_EDGE($,*,*,#4605,.F.);
#5895=ORIENTED_EDGE($,*,*,#4606,.F.);
#5896=ORIENTED_EDGE($,*,*,#4607,.F.);
#5897=ORIENTED_EDGE($,*,*,#4606,.T.);
#5898=ORIENTED_EDGE($,*,*,#4608,.F.);
#5899=ORIENTED_EDGE($,*,*,#4598,.F.);
#5900=ORIENTED_EDGE($,*,*,#4505,.T.);
#5901=ORIENTED_EDGE($,*,*,#4499,.T.);
#5902=ORIENTED_EDGE($,*,*,#4508,.T.);
#5903=ORIENTED_EDGE($,*,*,#4511,.T.);
#5904=ORIENTED_EDGE($,*,*,#4529,.T.);
#5905=ORIENTED_EDGE($,*,*,#4523,.T.);
#5906=ORIENTED_EDGE($,*,*,#4532,.T.);
#5907=ORIENTED_EDGE($,*,*,#4535,.T.);
#5908=ORIENTED_EDGE($,*,*,#4553,.T.);
#5909=ORIENTED_EDGE($,*,*,#4547,.T.);
#5910=ORIENTED_EDGE($,*,*,#4556,.T.);
#5911=ORIENTED_EDGE($,*,*,#4559,.T.);
#5912=ORIENTED_EDGE($,*,*,#4577,.T.);
#5913=ORIENTED_EDGE($,*,*,#4571,.T.);
#5914=ORIENTED_EDGE($,*,*,#4580,.T.);
#5915=ORIENTED_EDGE($,*,*,#4583,.T.);
#5916=ORIENTED_EDGE($,*,*,#4608,.T.);
#5917=ORIENTED_EDGE($,*,*,#4605,.T.);
#5918=ORIENTED_EDGE($,*,*,#4602,.T.);
#5919=ORIENTED_EDGE($,*,*,#4599,.T.);
#5920=ORIENTED_EDGE($,*,*,#4503,.T.);
#5921=ORIENTED_EDGE($,*,*,#4493,.T.);
#5922=ORIENTED_EDGE($,*,*,#4489,.T.);
#5923=ORIENTED_EDGE($,*,*,#4496,.T.);
#5924=ORIENTED_EDGE($,*,*,#4527,.T.);
#5925=ORIENTED_EDGE($,*,*,#4517,.T.);
#5926=ORIENTED_EDGE($,*,*,#4513,.T.);
#5927=ORIENTED_EDGE($,*,*,#4520,.T.);
#5928=ORIENTED_EDGE($,*,*,#4551,.T.);
#5929=ORIENTED_EDGE($,*,*,#4541,.T.);
#5930=ORIENTED_EDGE($,*,*,#4537,.T.);
#5931=ORIENTED_EDGE($,*,*,#4544,.T.);
#5932=ORIENTED_EDGE($,*,*,#4575,.T.);
#5933=ORIENTED_EDGE($,*,*,#4565,.T.);
#5934=ORIENTED_EDGE($,*,*,#4561,.T.);
#5935=ORIENTED_EDGE($,*,*,#4568,.T.);
#5936=ORIENTED_EDGE($,*,*,#4607,.T.);
#5937=ORIENTED_EDGE($,*,*,#4597,.T.);
#5938=ORIENTED_EDGE($,*,*,#4601,.T.);
#5939=ORIENTED_EDGE($,*,*,#4604,.T.);
#5940=ORIENTED_EDGE($,*,*,#4609,.F.);
#5941=ORIENTED_EDGE($,*,*,#4610,.F.);
#5942=ORIENTED_EDGE($,*,*,#4611,.F.);
#5943=ORIENTED_EDGE($,*,*,#4612,.T.);
#5944=ORIENTED_EDGE($,*,*,#4613,.F.);
#5945=ORIENTED_EDGE($,*,*,#4614,.F.);
#5946=ORIENTED_EDGE($,*,*,#4615,.F.);
#5947=ORIENTED_EDGE($,*,*,#4616,.T.);
#5948=ORIENTED_EDGE($,*,*,#4617,.F.);
#5949=ORIENTED_EDGE($,*,*,#4612,.F.);
#5950=ORIENTED_EDGE($,*,*,#4618,.F.);
#5951=ORIENTED_EDGE($,*,*,#4614,.T.);
#5952=ORIENTED_EDGE($,*,*,#4619,.F.);
#5953=ORIENTED_EDGE($,*,*,#4620,.F.);
#5954=ORIENTED_EDGE($,*,*,#4621,.T.);
#5955=ORIENTED_EDGE($,*,*,#4622,.T.);
#5956=ORIENTED_EDGE($,*,*,#4623,.T.);
#5957=ORIENTED_EDGE($,*,*,#4624,.F.);
#5958=ORIENTED_EDGE($,*,*,#4621,.F.);
#5959=ORIENTED_EDGE($,*,*,#4625,.F.);
#5960=ORIENTED_EDGE($,*,*,#4626,.F.);
#5961=ORIENTED_EDGE($,*,*,#4622,.F.);
#5962=ORIENTED_EDGE($,*,*,#4624,.T.);
#5963=ORIENTED_EDGE($,*,*,#4627,.T.);
#5964=ORIENTED_EDGE($,*,*,#4628,.T.);
#5965=ORIENTED_EDGE($,*,*,#4615,.T.);
#5966=ORIENTED_EDGE($,*,*,#4618,.T.);
#5967=ORIENTED_EDGE($,*,*,#4611,.T.);
#5968=ORIENTED_EDGE($,*,*,#4629,.F.);
#5969=ORIENTED_EDGE($,*,*,#4627,.F.);
#5970=ORIENTED_EDGE($,*,*,#4623,.F.);
#5971=ORIENTED_EDGE($,*,*,#4630,.T.);
#5972=ORIENTED_EDGE($,*,*,#4631,.F.);
#5973=ORIENTED_EDGE($,*,*,#4616,.F.);
#5974=ORIENTED_EDGE($,*,*,#4628,.F.);
#5975=ORIENTED_EDGE($,*,*,#4610,.T.);
#5976=ORIENTED_EDGE($,*,*,#4632,.F.);
#5977=ORIENTED_EDGE($,*,*,#4630,.F.);
#5978=ORIENTED_EDGE($,*,*,#4625,.T.);
#5979=ORIENTED_EDGE($,*,*,#4620,.T.);
#5980=ORIENTED_EDGE($,*,*,#4609,.T.);
#5981=ORIENTED_EDGE($,*,*,#4617,.T.);
#5982=ORIENTED_EDGE($,*,*,#4626,.T.);
#5983=ORIENTED_EDGE($,*,*,#4629,.T.);
#5984=ORIENTED_EDGE($,*,*,#4619,.T.);
#5985=ORIENTED_EDGE($,*,*,#4613,.T.);
#5986=ORIENTED_EDGE($,*,*,#4631,.T.);
#5987=ORIENTED_EDGE($,*,*,#4632,.T.);
#5988=ORIENTED_EDGE($,*,*,#4633,.T.);
#5989=ORIENTED_EDGE($,*,*,#4634,.T.);
#5990=ORIENTED_EDGE($,*,*,#4635,.T.);
#5991=ORIENTED_EDGE($,*,*,#4636,.T.);
#5992=ORIENTED_EDGE($,*,*,#4637,.T.);
#5993=ORIENTED_EDGE($,*,*,#4638,.T.);
#5994=ORIENTED_EDGE($,*,*,#4639,.T.);
#5995=ORIENTED_EDGE($,*,*,#4640,.T.);
#5996=ORIENTED_EDGE($,*,*,#4641,.T.);
#5997=ORIENTED_EDGE($,*,*,#4638,.F.);
#5998=ORIENTED_EDGE($,*,*,#4642,.F.);
#5999=ORIENTED_EDGE($,*,*,#4636,.F.);
#6000=ORIENTED_EDGE($,*,*,#4643,.T.);
#6001=ORIENTED_EDGE($,*,*,#4639,.F.);
#6002=ORIENTED_EDGE($,*,*,#4641,.F.);
#6003=ORIENTED_EDGE($,*,*,#4635,.F.);
#6004=ORIENTED_EDGE($,*,*,#4644,.T.);
#6005=ORIENTED_EDGE($,*,*,#4640,.F.);
#6006=ORIENTED_EDGE($,*,*,#4643,.F.);
#6007=ORIENTED_EDGE($,*,*,#4634,.F.);
#6008=ORIENTED_EDGE($,*,*,#4642,.T.);
#6009=ORIENTED_EDGE($,*,*,#4637,.F.);
#6010=ORIENTED_EDGE($,*,*,#4644,.F.);
#6011=ORIENTED_EDGE($,*,*,#4633,.F.);
#6012=ORIENTED_EDGE($,*,*,#4645,.F.);
#6013=ORIENTED_EDGE($,*,*,#4646,.F.);
#6014=ORIENTED_EDGE($,*,*,#4647,.F.);
#6015=ORIENTED_EDGE($,*,*,#4648,.F.);
#6016=ORIENTED_EDGE($,*,*,#4649,.F.);
#6017=ORIENTED_EDGE($,*,*,#4650,.F.);
#6018=ORIENTED_EDGE($,*,*,#4651,.T.);
#6019=ORIENTED_EDGE($,*,*,#4648,.T.);
#6020=ORIENTED_EDGE($,*,*,#4652,.F.);
#6021=ORIENTED_EDGE($,*,*,#4653,.F.);
#6022=ORIENTED_EDGE($,*,*,#4649,.T.);
#6023=ORIENTED_EDGE($,*,*,#4647,.T.);
#6024=ORIENTED_EDGE($,*,*,#4654,.F.);
#6025=ORIENTED_EDGE($,*,*,#4655,.F.);
#6026=ORIENTED_EDGE($,*,*,#4652,.T.);
#6027=ORIENTED_EDGE($,*,*,#4646,.T.);
#6028=ORIENTED_EDGE($,*,*,#4651,.F.);
#6029=ORIENTED_EDGE($,*,*,#4656,.F.);
#6030=ORIENTED_EDGE($,*,*,#4654,.T.);
#6031=ORIENTED_EDGE($,*,*,#4645,.T.);
#6032=ORIENTED_EDGE($,*,*,#4657,.T.);
#6033=ORIENTED_EDGE($,*,*,#4658,.T.);
#6034=ORIENTED_EDGE($,*,*,#4659,.T.);
#6035=ORIENTED_EDGE($,*,*,#4660,.T.);
#6036=ORIENTED_EDGE($,*,*,#4661,.T.);
#6037=ORIENTED_EDGE($,*,*,#4662,.T.);
#6038=ORIENTED_EDGE($,*,*,#4663,.T.);
#6039=ORIENTED_EDGE($,*,*,#4664,.T.);
#6040=ORIENTED_EDGE($,*,*,#4665,.T.);
#6041=ORIENTED_EDGE($,*,*,#4662,.F.);
#6042=ORIENTED_EDGE($,*,*,#4666,.F.);
#6043=ORIENTED_EDGE($,*,*,#4660,.F.);
#6044=ORIENTED_EDGE($,*,*,#4667,.T.);
#6045=ORIENTED_EDGE($,*,*,#4663,.F.);
#6046=ORIENTED_EDGE($,*,*,#4665,.F.);
#6047=ORIENTED_EDGE($,*,*,#4659,.F.);
#6048=ORIENTED_EDGE($,*,*,#4668,.T.);
#6049=ORIENTED_EDGE($,*,*,#4664,.F.);
#6050=ORIENTED_EDGE($,*,*,#4667,.F.);
#6051=ORIENTED_EDGE($,*,*,#4658,.F.);
#6052=ORIENTED_EDGE($,*,*,#4650,.T.);
#6053=ORIENTED_EDGE($,*,*,#4653,.T.);
#6054=ORIENTED_EDGE($,*,*,#4655,.T.);
#6055=ORIENTED_EDGE($,*,*,#4656,.T.);
#6056=ORIENTED_EDGE($,*,*,#4666,.T.);
#6057=ORIENTED_EDGE($,*,*,#4661,.F.);
#6058=ORIENTED_EDGE($,*,*,#4668,.F.);
#6059=ORIENTED_EDGE($,*,*,#4657,.F.);
#6060=ORIENTED_EDGE($,*,*,#4669,.T.);
#6061=ORIENTED_EDGE($,*,*,#4670,.T.);
#6062=ORIENTED_EDGE($,*,*,#4671,.T.);
#6063=ORIENTED_EDGE($,*,*,#4672,.T.);
#6064=ORIENTED_EDGE($,*,*,#4673,.T.);
#6065=ORIENTED_EDGE($,*,*,#4674,.T.);
#6066=ORIENTED_EDGE($,*,*,#4675,.T.);
#6067=ORIENTED_EDGE($,*,*,#4676,.T.);
#6068=ORIENTED_EDGE($,*,*,#4677,.T.);
#6069=ORIENTED_EDGE($,*,*,#4674,.F.);
#6070=ORIENTED_EDGE($,*,*,#4678,.F.);
#6071=ORIENTED_EDGE($,*,*,#4672,.F.);
#6072=ORIENTED_EDGE($,*,*,#4679,.T.);
#6073=ORIENTED_EDGE($,*,*,#4675,.F.);
#6074=ORIENTED_EDGE($,*,*,#4677,.F.);
#6075=ORIENTED_EDGE($,*,*,#4671,.F.);
#6076=ORIENTED_EDGE($,*,*,#4680,.T.);
#6077=ORIENTED_EDGE($,*,*,#4676,.F.);
#6078=ORIENTED_EDGE($,*,*,#4679,.F.);
#6079=ORIENTED_EDGE($,*,*,#4670,.F.);
#6080=ORIENTED_EDGE($,*,*,#4678,.T.);
#6081=ORIENTED_EDGE($,*,*,#4673,.F.);
#6082=ORIENTED_EDGE($,*,*,#4680,.F.);
#6083=ORIENTED_EDGE($,*,*,#4669,.F.);
#6084=ORIENTED_EDGE($,*,*,#4681,.T.);
#6085=ORIENTED_EDGE($,*,*,#4682,.T.);
#6086=ORIENTED_EDGE($,*,*,#4683,.T.);
#6087=ORIENTED_EDGE($,*,*,#4684,.T.);
#6088=ORIENTED_EDGE($,*,*,#4685,.T.);
#6089=ORIENTED_EDGE($,*,*,#4686,.T.);
#6090=ORIENTED_EDGE($,*,*,#4687,.T.);
#6091=ORIENTED_EDGE($,*,*,#4688,.T.);
#6092=ORIENTED_EDGE($,*,*,#4689,.T.);
#6093=ORIENTED_EDGE($,*,*,#4686,.F.);
#6094=ORIENTED_EDGE($,*,*,#4690,.F.);
#6095=ORIENTED_EDGE($,*,*,#4684,.F.);
#6096=ORIENTED_EDGE($,*,*,#4691,.T.);
#6097=ORIENTED_EDGE($,*,*,#4687,.F.);
#6098=ORIENTED_EDGE($,*,*,#4689,.F.);
#6099=ORIENTED_EDGE($,*,*,#4683,.F.);
#6100=ORIENTED_EDGE($,*,*,#4692,.T.);
#6101=ORIENTED_EDGE($,*,*,#4688,.F.);
#6102=ORIENTED_EDGE($,*,*,#4691,.F.);
#6103=ORIENTED_EDGE($,*,*,#4682,.F.);
#6104=ORIENTED_EDGE($,*,*,#4690,.T.);
#6105=ORIENTED_EDGE($,*,*,#4685,.F.);
#6106=ORIENTED_EDGE($,*,*,#4692,.F.);
#6107=ORIENTED_EDGE($,*,*,#4681,.F.);
#6108=ORIENTED_EDGE($,*,*,#4693,.T.);
#6109=ORIENTED_EDGE($,*,*,#4694,.T.);
#6110=ORIENTED_EDGE($,*,*,#4695,.T.);
#6111=ORIENTED_EDGE($,*,*,#4696,.T.);
#6112=ORIENTED_EDGE($,*,*,#4697,.T.);
#6113=ORIENTED_EDGE($,*,*,#4698,.T.);
#6114=ORIENTED_EDGE($,*,*,#4699,.T.);
#6115=ORIENTED_EDGE($,*,*,#4700,.T.);
#6116=ORIENTED_EDGE($,*,*,#4701,.T.);
#6117=ORIENTED_EDGE($,*,*,#4698,.F.);
#6118=ORIENTED_EDGE($,*,*,#4702,.F.);
#6119=ORIENTED_EDGE($,*,*,#4696,.F.);
#6120=ORIENTED_EDGE($,*,*,#4703,.T.);
#6121=ORIENTED_EDGE($,*,*,#4699,.F.);
#6122=ORIENTED_EDGE($,*,*,#4701,.F.);
#6123=ORIENTED_EDGE($,*,*,#4695,.F.);
#6124=ORIENTED_EDGE($,*,*,#4704,.T.);
#6125=ORIENTED_EDGE($,*,*,#4700,.F.);
#6126=ORIENTED_EDGE($,*,*,#4703,.F.);
#6127=ORIENTED_EDGE($,*,*,#4694,.F.);
#6128=ORIENTED_EDGE($,*,*,#4702,.T.);
#6129=ORIENTED_EDGE($,*,*,#4697,.F.);
#6130=ORIENTED_EDGE($,*,*,#4704,.F.);
#6131=ORIENTED_EDGE($,*,*,#4693,.F.);
#6132=ORIENTED_EDGE($,*,*,#4705,.T.);
#6133=ORIENTED_EDGE($,*,*,#4706,.T.);
#6134=ORIENTED_EDGE($,*,*,#4707,.T.);
#6135=ORIENTED_EDGE($,*,*,#4708,.T.);
#6136=ORIENTED_EDGE($,*,*,#4709,.T.);
#6137=ORIENTED_EDGE($,*,*,#4710,.T.);
#6138=ORIENTED_EDGE($,*,*,#4711,.T.);
#6139=ORIENTED_EDGE($,*,*,#4712,.T.);
#6140=ORIENTED_EDGE($,*,*,#4713,.T.);
#6141=ORIENTED_EDGE($,*,*,#4710,.F.);
#6142=ORIENTED_EDGE($,*,*,#4714,.F.);
#6143=ORIENTED_EDGE($,*,*,#4708,.F.);
#6144=ORIENTED_EDGE($,*,*,#4715,.T.);
#6145=ORIENTED_EDGE($,*,*,#4711,.F.);
#6146=ORIENTED_EDGE($,*,*,#4713,.F.);
#6147=ORIENTED_EDGE($,*,*,#4707,.F.);
#6148=ORIENTED_EDGE($,*,*,#4716,.T.);
#6149=ORIENTED_EDGE($,*,*,#4712,.F.);
#6150=ORIENTED_EDGE($,*,*,#4715,.F.);
#6151=ORIENTED_EDGE($,*,*,#4706,.F.);
#6152=ORIENTED_EDGE($,*,*,#4714,.T.);
#6153=ORIENTED_EDGE($,*,*,#4709,.F.);
#6154=ORIENTED_EDGE($,*,*,#4716,.F.);
#6155=ORIENTED_EDGE($,*,*,#4705,.F.);
#6156=ORIENTED_EDGE($,*,*,#4717,.T.);
#6157=ORIENTED_EDGE($,*,*,#4718,.T.);
#6158=ORIENTED_EDGE($,*,*,#4719,.T.);
#6159=ORIENTED_EDGE($,*,*,#4720,.T.);
#6160=ORIENTED_EDGE($,*,*,#4721,.T.);
#6161=ORIENTED_EDGE($,*,*,#4722,.T.);
#6162=ORIENTED_EDGE($,*,*,#4723,.T.);
#6163=ORIENTED_EDGE($,*,*,#4724,.T.);
#6164=ORIENTED_EDGE($,*,*,#4725,.T.);
#6165=ORIENTED_EDGE($,*,*,#4722,.F.);
#6166=ORIENTED_EDGE($,*,*,#4726,.F.);
#6167=ORIENTED_EDGE($,*,*,#4720,.F.);
#6168=ORIENTED_EDGE($,*,*,#4727,.T.);
#6169=ORIENTED_EDGE($,*,*,#4723,.F.);
#6170=ORIENTED_EDGE($,*,*,#4725,.F.);
#6171=ORIENTED_EDGE($,*,*,#4719,.F.);
#6172=ORIENTED_EDGE($,*,*,#4728,.T.);
#6173=ORIENTED_EDGE($,*,*,#4724,.F.);
#6174=ORIENTED_EDGE($,*,*,#4727,.F.);
#6175=ORIENTED_EDGE($,*,*,#4718,.F.);
#6176=ORIENTED_EDGE($,*,*,#4726,.T.);
#6177=ORIENTED_EDGE($,*,*,#4721,.F.);
#6178=ORIENTED_EDGE($,*,*,#4728,.F.);
#6179=ORIENTED_EDGE($,*,*,#4717,.F.);
#6180=ORIENTED_EDGE($,*,*,#4729,.T.);
#6181=ORIENTED_EDGE($,*,*,#4730,.T.);
#6182=ORIENTED_EDGE($,*,*,#4731,.T.);
#6183=ORIENTED_EDGE($,*,*,#4732,.T.);
#6184=ORIENTED_EDGE($,*,*,#4733,.T.);
#6185=ORIENTED_EDGE($,*,*,#4734,.T.);
#6186=ORIENTED_EDGE($,*,*,#4735,.T.);
#6187=ORIENTED_EDGE($,*,*,#4736,.T.);
#6188=ORIENTED_EDGE($,*,*,#4737,.T.);
#6189=ORIENTED_EDGE($,*,*,#4734,.F.);
#6190=ORIENTED_EDGE($,*,*,#4738,.F.);
#6191=ORIENTED_EDGE($,*,*,#4732,.F.);
#6192=ORIENTED_EDGE($,*,*,#4739,.T.);
#6193=ORIENTED_EDGE($,*,*,#4735,.F.);
#6194=ORIENTED_EDGE($,*,*,#4737,.F.);
#6195=ORIENTED_EDGE($,*,*,#4731,.F.);
#6196=ORIENTED_EDGE($,*,*,#4740,.T.);
#6197=ORIENTED_EDGE($,*,*,#4736,.F.);
#6198=ORIENTED_EDGE($,*,*,#4739,.F.);
#6199=ORIENTED_EDGE($,*,*,#4730,.F.);
#6200=ORIENTED_EDGE($,*,*,#4738,.T.);
#6201=ORIENTED_EDGE($,*,*,#4733,.F.);
#6202=ORIENTED_EDGE($,*,*,#4740,.F.);
#6203=ORIENTED_EDGE($,*,*,#4729,.F.);
#6204=ORIENTED_EDGE($,*,*,#4741,.T.);
#6205=ORIENTED_EDGE($,*,*,#4742,.T.);
#6206=ORIENTED_EDGE($,*,*,#4743,.T.);
#6207=ORIENTED_EDGE($,*,*,#4744,.T.);
#6208=ORIENTED_EDGE($,*,*,#4745,.T.);
#6209=ORIENTED_EDGE($,*,*,#4746,.T.);
#6210=ORIENTED_EDGE($,*,*,#4747,.T.);
#6211=ORIENTED_EDGE($,*,*,#4748,.T.);
#6212=ORIENTED_EDGE($,*,*,#4749,.T.);
#6213=ORIENTED_EDGE($,*,*,#4750,.T.);
#6214=ORIENTED_EDGE($,*,*,#4751,.T.);
#6215=ORIENTED_EDGE($,*,*,#4752,.T.);
#6216=ORIENTED_EDGE($,*,*,#4753,.T.);
#6217=ORIENTED_EDGE($,*,*,#4754,.T.);
#6218=ORIENTED_EDGE($,*,*,#4755,.T.);
#6219=ORIENTED_EDGE($,*,*,#4756,.T.);
#6220=ORIENTED_EDGE($,*,*,#4757,.T.);
#6221=ORIENTED_EDGE($,*,*,#4754,.F.);
#6222=ORIENTED_EDGE($,*,*,#4758,.F.);
#6223=ORIENTED_EDGE($,*,*,#4748,.F.);
#6224=ORIENTED_EDGE($,*,*,#4759,.T.);
#6225=ORIENTED_EDGE($,*,*,#4755,.F.);
#6226=ORIENTED_EDGE($,*,*,#4757,.F.);
#6227=ORIENTED_EDGE($,*,*,#4747,.F.);
#6228=ORIENTED_EDGE($,*,*,#4760,.T.);
#6229=ORIENTED_EDGE($,*,*,#4756,.F.);
#6230=ORIENTED_EDGE($,*,*,#4759,.F.);
#6231=ORIENTED_EDGE($,*,*,#4746,.F.);
#6232=ORIENTED_EDGE($,*,*,#4758,.T.);
#6233=ORIENTED_EDGE($,*,*,#4753,.F.);
#6234=ORIENTED_EDGE($,*,*,#4760,.F.);
#6235=ORIENTED_EDGE($,*,*,#4745,.F.);
#6236=ORIENTED_EDGE($,*,*,#4761,.F.);
#6237=ORIENTED_EDGE($,*,*,#4741,.F.);
#6238=ORIENTED_EDGE($,*,*,#4762,.T.);
#6239=ORIENTED_EDGE($,*,*,#4749,.F.);
#6240=ORIENTED_EDGE($,*,*,#4763,.F.);
#6241=ORIENTED_EDGE($,*,*,#4742,.F.);
#6242=ORIENTED_EDGE($,*,*,#4761,.T.);
#6243=ORIENTED_EDGE($,*,*,#4752,.F.);
#6244=ORIENTED_EDGE($,*,*,#4764,.F.);
#6245=ORIENTED_EDGE($,*,*,#4743,.F.);
#6246=ORIENTED_EDGE($,*,*,#4763,.T.);
#6247=ORIENTED_EDGE($,*,*,#4751,.F.);
#6248=ORIENTED_EDGE($,*,*,#4762,.F.);
#6249=ORIENTED_EDGE($,*,*,#4744,.F.);
#6250=ORIENTED_EDGE($,*,*,#4764,.T.);
#6251=ORIENTED_EDGE($,*,*,#4750,.F.);
#6252=ORIENTED_EDGE($,*,*,#4765,.T.);
#6253=ORIENTED_EDGE($,*,*,#4766,.T.);
#6254=ORIENTED_EDGE($,*,*,#4767,.T.);
#6255=ORIENTED_EDGE($,*,*,#4768,.T.);
#6256=ORIENTED_EDGE($,*,*,#4769,.T.);
#6257=ORIENTED_EDGE($,*,*,#4770,.T.);
#6258=ORIENTED_EDGE($,*,*,#4771,.T.);
#6259=ORIENTED_EDGE($,*,*,#4772,.T.);
#6260=ORIENTED_EDGE($,*,*,#4773,.T.);
#6261=ORIENTED_EDGE($,*,*,#4770,.F.);
#6262=ORIENTED_EDGE($,*,*,#4774,.F.);
#6263=ORIENTED_EDGE($,*,*,#4768,.F.);
#6264=ORIENTED_EDGE($,*,*,#4775,.T.);
#6265=ORIENTED_EDGE($,*,*,#4771,.F.);
#6266=ORIENTED_EDGE($,*,*,#4773,.F.);
#6267=ORIENTED_EDGE($,*,*,#4767,.F.);
#6268=ORIENTED_EDGE($,*,*,#4776,.T.);
#6269=ORIENTED_EDGE($,*,*,#4772,.F.);
#6270=ORIENTED_EDGE($,*,*,#4775,.F.);
#6271=ORIENTED_EDGE($,*,*,#4766,.F.);
#6272=ORIENTED_EDGE($,*,*,#4774,.T.);
#6273=ORIENTED_EDGE($,*,*,#4769,.F.);
#6274=ORIENTED_EDGE($,*,*,#4776,.F.);
#6275=ORIENTED_EDGE($,*,*,#4765,.F.);
#6276=ORIENTED_EDGE($,*,*,#4777,.T.);
#6277=ORIENTED_EDGE($,*,*,#4778,.T.);
#6278=ORIENTED_EDGE($,*,*,#4779,.T.);
#6279=ORIENTED_EDGE($,*,*,#4780,.T.);
#6280=ORIENTED_EDGE($,*,*,#4781,.T.);
#6281=ORIENTED_EDGE($,*,*,#4782,.T.);
#6282=ORIENTED_EDGE($,*,*,#4783,.T.);
#6283=ORIENTED_EDGE($,*,*,#4784,.T.);
#6284=ORIENTED_EDGE($,*,*,#4785,.T.);
#6285=ORIENTED_EDGE($,*,*,#4782,.F.);
#6286=ORIENTED_EDGE($,*,*,#4786,.F.);
#6287=ORIENTED_EDGE($,*,*,#4780,.F.);
#6288=ORIENTED_EDGE($,*,*,#4787,.T.);
#6289=ORIENTED_EDGE($,*,*,#4783,.F.);
#6290=ORIENTED_EDGE($,*,*,#4785,.F.);
#6291=ORIENTED_EDGE($,*,*,#4779,.F.);
#6292=ORIENTED_EDGE($,*,*,#4788,.T.);
#6293=ORIENTED_EDGE($,*,*,#4784,.F.);
#6294=ORIENTED_EDGE($,*,*,#4787,.F.);
#6295=ORIENTED_EDGE($,*,*,#4778,.F.);
#6296=ORIENTED_EDGE($,*,*,#4786,.T.);
#6297=ORIENTED_EDGE($,*,*,#4781,.F.);
#6298=ORIENTED_EDGE($,*,*,#4788,.F.);
#6299=ORIENTED_EDGE($,*,*,#4777,.F.);
#6300=ORIENTED_EDGE($,*,*,#4789,.T.);
#6301=ORIENTED_EDGE($,*,*,#4790,.T.);
#6302=ORIENTED_EDGE($,*,*,#4791,.T.);
#6303=ORIENTED_EDGE($,*,*,#4792,.T.);
#6304=ORIENTED_EDGE($,*,*,#4793,.T.);
#6305=ORIENTED_EDGE($,*,*,#4794,.T.);
#6306=ORIENTED_EDGE($,*,*,#4795,.T.);
#6307=ORIENTED_EDGE($,*,*,#4796,.T.);
#6308=ORIENTED_EDGE($,*,*,#4797,.T.);
#6309=ORIENTED_EDGE($,*,*,#4794,.F.);
#6310=ORIENTED_EDGE($,*,*,#4798,.F.);
#6311=ORIENTED_EDGE($,*,*,#4792,.F.);
#6312=ORIENTED_EDGE($,*,*,#4799,.T.);
#6313=ORIENTED_EDGE($,*,*,#4795,.F.);
#6314=ORIENTED_EDGE($,*,*,#4797,.F.);
#6315=ORIENTED_EDGE($,*,*,#4791,.F.);
#6316=ORIENTED_EDGE($,*,*,#4800,.T.);
#6317=ORIENTED_EDGE($,*,*,#4796,.F.);
#6318=ORIENTED_EDGE($,*,*,#4799,.F.);
#6319=ORIENTED_EDGE($,*,*,#4790,.F.);
#6320=ORIENTED_EDGE($,*,*,#4798,.T.);
#6321=ORIENTED_EDGE($,*,*,#4793,.F.);
#6322=ORIENTED_EDGE($,*,*,#4800,.F.);
#6323=ORIENTED_EDGE($,*,*,#4789,.F.);
#6324=ORIENTED_EDGE($,*,*,#4801,.T.);
#6325=ORIENTED_EDGE($,*,*,#4802,.T.);
#6326=ORIENTED_EDGE($,*,*,#4803,.T.);
#6327=ORIENTED_EDGE($,*,*,#4804,.T.);
#6328=ORIENTED_EDGE($,*,*,#4805,.T.);
#6329=ORIENTED_EDGE($,*,*,#4806,.T.);
#6330=ORIENTED_EDGE($,*,*,#4807,.T.);
#6331=ORIENTED_EDGE($,*,*,#4808,.T.);
#6332=ORIENTED_EDGE($,*,*,#4809,.T.);
#6333=ORIENTED_EDGE($,*,*,#4806,.F.);
#6334=ORIENTED_EDGE($,*,*,#4810,.F.);
#6335=ORIENTED_EDGE($,*,*,#4804,.F.);
#6336=ORIENTED_EDGE($,*,*,#4811,.T.);
#6337=ORIENTED_EDGE($,*,*,#4807,.F.);
#6338=ORIENTED_EDGE($,*,*,#4809,.F.);
#6339=ORIENTED_EDGE($,*,*,#4803,.F.);
#6340=ORIENTED_EDGE($,*,*,#4812,.T.);
#6341=ORIENTED_EDGE($,*,*,#4808,.F.);
#6342=ORIENTED_EDGE($,*,*,#4811,.F.);
#6343=ORIENTED_EDGE($,*,*,#4802,.F.);
#6344=ORIENTED_EDGE($,*,*,#4810,.T.);
#6345=ORIENTED_EDGE($,*,*,#4805,.F.);
#6346=ORIENTED_EDGE($,*,*,#4812,.F.);
#6347=ORIENTED_EDGE($,*,*,#4801,.F.);
#6348=ORIENTED_EDGE($,*,*,#4813,.T.);
#6349=ORIENTED_EDGE($,*,*,#4814,.T.);
#6350=ORIENTED_EDGE($,*,*,#4815,.T.);
#6351=ORIENTED_EDGE($,*,*,#4816,.T.);
#6352=ORIENTED_EDGE($,*,*,#4817,.T.);
#6353=ORIENTED_EDGE($,*,*,#4818,.T.);
#6354=ORIENTED_EDGE($,*,*,#4819,.T.);
#6355=ORIENTED_EDGE($,*,*,#4820,.T.);
#6356=ORIENTED_EDGE($,*,*,#4821,.T.);
#6357=ORIENTED_EDGE($,*,*,#4818,.F.);
#6358=ORIENTED_EDGE($,*,*,#4822,.F.);
#6359=ORIENTED_EDGE($,*,*,#4816,.F.);
#6360=ORIENTED_EDGE($,*,*,#4823,.T.);
#6361=ORIENTED_EDGE($,*,*,#4819,.F.);
#6362=ORIENTED_EDGE($,*,*,#4821,.F.);
#6363=ORIENTED_EDGE($,*,*,#4815,.F.);
#6364=ORIENTED_EDGE($,*,*,#4824,.T.);
#6365=ORIENTED_EDGE($,*,*,#4820,.F.);
#6366=ORIENTED_EDGE($,*,*,#4823,.F.);
#6367=ORIENTED_EDGE($,*,*,#4814,.F.);
#6368=ORIENTED_EDGE($,*,*,#4822,.T.);
#6369=ORIENTED_EDGE($,*,*,#4817,.F.);
#6370=ORIENTED_EDGE($,*,*,#4824,.F.);
#6371=ORIENTED_EDGE($,*,*,#4813,.F.);
#6372=ORIENTED_EDGE($,*,*,#4825,.T.);
#6373=ORIENTED_EDGE($,*,*,#4826,.T.);
#6374=ORIENTED_EDGE($,*,*,#4827,.T.);
#6375=ORIENTED_EDGE($,*,*,#4828,.T.);
#6376=ORIENTED_EDGE($,*,*,#4829,.T.);
#6377=ORIENTED_EDGE($,*,*,#4830,.T.);
#6378=ORIENTED_EDGE($,*,*,#4831,.T.);
#6379=ORIENTED_EDGE($,*,*,#4832,.T.);
#6380=ORIENTED_EDGE($,*,*,#4833,.T.);
#6381=ORIENTED_EDGE($,*,*,#4830,.F.);
#6382=ORIENTED_EDGE($,*,*,#4834,.F.);
#6383=ORIENTED_EDGE($,*,*,#4828,.F.);
#6384=ORIENTED_EDGE($,*,*,#4835,.T.);
#6385=ORIENTED_EDGE($,*,*,#4831,.F.);
#6386=ORIENTED_EDGE($,*,*,#4833,.F.);
#6387=ORIENTED_EDGE($,*,*,#4827,.F.);
#6388=ORIENTED_EDGE($,*,*,#4836,.T.);
#6389=ORIENTED_EDGE($,*,*,#4832,.F.);
#6390=ORIENTED_EDGE($,*,*,#4835,.F.);
#6391=ORIENTED_EDGE($,*,*,#4826,.F.);
#6392=ORIENTED_EDGE($,*,*,#4834,.T.);
#6393=ORIENTED_EDGE($,*,*,#4829,.F.);
#6394=ORIENTED_EDGE($,*,*,#4836,.F.);
#6395=ORIENTED_EDGE($,*,*,#4825,.F.);
#6396=ORIENTED_EDGE($,*,*,#4837,.T.);
#6397=ORIENTED_EDGE($,*,*,#4838,.T.);
#6398=ORIENTED_EDGE($,*,*,#4839,.T.);
#6399=ORIENTED_EDGE($,*,*,#4840,.T.);
#6400=ORIENTED_EDGE($,*,*,#4841,.T.);
#6401=ORIENTED_EDGE($,*,*,#4842,.T.);
#6402=ORIENTED_EDGE($,*,*,#4843,.T.);
#6403=ORIENTED_EDGE($,*,*,#4844,.T.);
#6404=ORIENTED_EDGE($,*,*,#4845,.T.);
#6405=ORIENTED_EDGE($,*,*,#4842,.F.);
#6406=ORIENTED_EDGE($,*,*,#4846,.F.);
#6407=ORIENTED_EDGE($,*,*,#4840,.F.);
#6408=ORIENTED_EDGE($,*,*,#4847,.T.);
#6409=ORIENTED_EDGE($,*,*,#4843,.F.);
#6410=ORIENTED_EDGE($,*,*,#4845,.F.);
#6411=ORIENTED_EDGE($,*,*,#4839,.F.);
#6412=ORIENTED_EDGE($,*,*,#4848,.T.);
#6413=ORIENTED_EDGE($,*,*,#4844,.F.);
#6414=ORIENTED_EDGE($,*,*,#4847,.F.);
#6415=ORIENTED_EDGE($,*,*,#4838,.F.);
#6416=ORIENTED_EDGE($,*,*,#4846,.T.);
#6417=ORIENTED_EDGE($,*,*,#4841,.F.);
#6418=ORIENTED_EDGE($,*,*,#4848,.F.);
#6419=ORIENTED_EDGE($,*,*,#4837,.F.);
#6420=ORIENTED_EDGE($,*,*,#4849,.T.);
#6421=ORIENTED_EDGE($,*,*,#4850,.T.);
#6422=ORIENTED_EDGE($,*,*,#4851,.T.);
#6423=ORIENTED_EDGE($,*,*,#4852,.T.);
#6424=ORIENTED_EDGE($,*,*,#4853,.T.);
#6425=ORIENTED_EDGE($,*,*,#4854,.T.);
#6426=ORIENTED_EDGE($,*,*,#4855,.T.);
#6427=ORIENTED_EDGE($,*,*,#4856,.T.);
#6428=ORIENTED_EDGE($,*,*,#4857,.T.);
#6429=ORIENTED_EDGE($,*,*,#4854,.F.);
#6430=ORIENTED_EDGE($,*,*,#4858,.F.);
#6431=ORIENTED_EDGE($,*,*,#4852,.F.);
#6432=ORIENTED_EDGE($,*,*,#4859,.T.);
#6433=ORIENTED_EDGE($,*,*,#4855,.F.);
#6434=ORIENTED_EDGE($,*,*,#4857,.F.);
#6435=ORIENTED_EDGE($,*,*,#4851,.F.);
#6436=ORIENTED_EDGE($,*,*,#4860,.T.);
#6437=ORIENTED_EDGE($,*,*,#4856,.F.);
#6438=ORIENTED_EDGE($,*,*,#4859,.F.);
#6439=ORIENTED_EDGE($,*,*,#4850,.F.);
#6440=ORIENTED_EDGE($,*,*,#4858,.T.);
#6441=ORIENTED_EDGE($,*,*,#4853,.F.);
#6442=ORIENTED_EDGE($,*,*,#4860,.F.);
#6443=ORIENTED_EDGE($,*,*,#4849,.F.);
#6444=ORIENTED_EDGE($,*,*,#4861,.T.);
#6445=ORIENTED_EDGE($,*,*,#4862,.T.);
#6446=ORIENTED_EDGE($,*,*,#4863,.T.);
#6447=ORIENTED_EDGE($,*,*,#4864,.T.);
#6448=ORIENTED_EDGE($,*,*,#4865,.T.);
#6449=ORIENTED_EDGE($,*,*,#4866,.T.);
#6450=ORIENTED_EDGE($,*,*,#4867,.T.);
#6451=ORIENTED_EDGE($,*,*,#4868,.T.);
#6452=ORIENTED_EDGE($,*,*,#4869,.T.);
#6453=ORIENTED_EDGE($,*,*,#4866,.F.);
#6454=ORIENTED_EDGE($,*,*,#4870,.F.);
#6455=ORIENTED_EDGE($,*,*,#4864,.F.);
#6456=ORIENTED_EDGE($,*,*,#4871,.T.);
#6457=ORIENTED_EDGE($,*,*,#4867,.F.);
#6458=ORIENTED_EDGE($,*,*,#4869,.F.);
#6459=ORIENTED_EDGE($,*,*,#4863,.F.);
#6460=ORIENTED_EDGE($,*,*,#4872,.T.);
#6461=ORIENTED_EDGE($,*,*,#4868,.F.);
#6462=ORIENTED_EDGE($,*,*,#4871,.F.);
#6463=ORIENTED_EDGE($,*,*,#4862,.F.);
#6464=ORIENTED_EDGE($,*,*,#4870,.T.);
#6465=ORIENTED_EDGE($,*,*,#4865,.F.);
#6466=ORIENTED_EDGE($,*,*,#4872,.F.);
#6467=ORIENTED_EDGE($,*,*,#4861,.F.);
#6468=ORIENTED_EDGE($,*,*,#4873,.T.);
#6469=ORIENTED_EDGE($,*,*,#4874,.T.);
#6470=ORIENTED_EDGE($,*,*,#4875,.T.);
#6471=ORIENTED_EDGE($,*,*,#4876,.T.);
#6472=ORIENTED_EDGE($,*,*,#4877,.T.);
#6473=ORIENTED_EDGE($,*,*,#4878,.T.);
#6474=ORIENTED_EDGE($,*,*,#4879,.T.);
#6475=ORIENTED_EDGE($,*,*,#4880,.T.);
#6476=ORIENTED_EDGE($,*,*,#4881,.T.);
#6477=ORIENTED_EDGE($,*,*,#4878,.F.);
#6478=ORIENTED_EDGE($,*,*,#4882,.F.);
#6479=ORIENTED_EDGE($,*,*,#4876,.F.);
#6480=ORIENTED_EDGE($,*,*,#4883,.T.);
#6481=ORIENTED_EDGE($,*,*,#4879,.F.);
#6482=ORIENTED_EDGE($,*,*,#4881,.F.);
#6483=ORIENTED_EDGE($,*,*,#4875,.F.);
#6484=ORIENTED_EDGE($,*,*,#4884,.T.);
#6485=ORIENTED_EDGE($,*,*,#4880,.F.);
#6486=ORIENTED_EDGE($,*,*,#4883,.F.);
#6487=ORIENTED_EDGE($,*,*,#4874,.F.);
#6488=ORIENTED_EDGE($,*,*,#4882,.T.);
#6489=ORIENTED_EDGE($,*,*,#4877,.F.);
#6490=ORIENTED_EDGE($,*,*,#4884,.F.);
#6491=ORIENTED_EDGE($,*,*,#4873,.F.);
#6492=ORIENTED_EDGE($,*,*,#4885,.T.);
#6493=ORIENTED_EDGE($,*,*,#4886,.T.);
#6494=ORIENTED_EDGE($,*,*,#4887,.T.);
#6495=ORIENTED_EDGE($,*,*,#4888,.T.);
#6496=ORIENTED_EDGE($,*,*,#4889,.T.);
#6497=ORIENTED_EDGE($,*,*,#4890,.T.);
#6498=ORIENTED_EDGE($,*,*,#4891,.T.);
#6499=ORIENTED_EDGE($,*,*,#4892,.T.);
#6500=ORIENTED_EDGE($,*,*,#4893,.T.);
#6501=ORIENTED_EDGE($,*,*,#4890,.F.);
#6502=ORIENTED_EDGE($,*,*,#4894,.F.);
#6503=ORIENTED_EDGE($,*,*,#4888,.F.);
#6504=ORIENTED_EDGE($,*,*,#4895,.T.);
#6505=ORIENTED_EDGE($,*,*,#4891,.F.);
#6506=ORIENTED_EDGE($,*,*,#4893,.F.);
#6507=ORIENTED_EDGE($,*,*,#4887,.F.);
#6508=ORIENTED_EDGE($,*,*,#4896,.T.);
#6509=ORIENTED_EDGE($,*,*,#4892,.F.);
#6510=ORIENTED_EDGE($,*,*,#4895,.F.);
#6511=ORIENTED_EDGE($,*,*,#4886,.F.);
#6512=ORIENTED_EDGE($,*,*,#4894,.T.);
#6513=ORIENTED_EDGE($,*,*,#4889,.F.);
#6514=ORIENTED_EDGE($,*,*,#4896,.F.);
#6515=ORIENTED_EDGE($,*,*,#4885,.F.);
#6516=ORIENTED_EDGE($,*,*,#4897,.T.);
#6517=ORIENTED_EDGE($,*,*,#4898,.T.);
#6518=ORIENTED_EDGE($,*,*,#4899,.T.);
#6519=ORIENTED_EDGE($,*,*,#4900,.T.);
#6520=ORIENTED_EDGE($,*,*,#4901,.T.);
#6521=ORIENTED_EDGE($,*,*,#4902,.T.);
#6522=ORIENTED_EDGE($,*,*,#4903,.T.);
#6523=ORIENTED_EDGE($,*,*,#4904,.T.);
#6524=ORIENTED_EDGE($,*,*,#4905,.T.);
#6525=ORIENTED_EDGE($,*,*,#4902,.F.);
#6526=ORIENTED_EDGE($,*,*,#4906,.F.);
#6527=ORIENTED_EDGE($,*,*,#4900,.F.);
#6528=ORIENTED_EDGE($,*,*,#4907,.T.);
#6529=ORIENTED_EDGE($,*,*,#4903,.F.);
#6530=ORIENTED_EDGE($,*,*,#4905,.F.);
#6531=ORIENTED_EDGE($,*,*,#4899,.F.);
#6532=ORIENTED_EDGE($,*,*,#4908,.T.);
#6533=ORIENTED_EDGE($,*,*,#4904,.F.);
#6534=ORIENTED_EDGE($,*,*,#4907,.F.);
#6535=ORIENTED_EDGE($,*,*,#4898,.F.);
#6536=ORIENTED_EDGE($,*,*,#4906,.T.);
#6537=ORIENTED_EDGE($,*,*,#4901,.F.);
#6538=ORIENTED_EDGE($,*,*,#4908,.F.);
#6539=ORIENTED_EDGE($,*,*,#4897,.F.);
#6540=ORIENTED_EDGE($,*,*,#4909,.T.);
#6541=ORIENTED_EDGE($,*,*,#4910,.T.);
#6542=ORIENTED_EDGE($,*,*,#4911,.T.);
#6543=ORIENTED_EDGE($,*,*,#4912,.T.);
#6544=ORIENTED_EDGE($,*,*,#4909,.F.);
#6545=ORIENTED_EDGE($,*,*,#4913,.T.);
#6546=ORIENTED_EDGE($,*,*,#4914,.F.);
#6547=ORIENTED_EDGE($,*,*,#4915,.F.);
#6548=ORIENTED_EDGE($,*,*,#4912,.F.);
#6549=ORIENTED_EDGE($,*,*,#4916,.T.);
#6550=ORIENTED_EDGE($,*,*,#4917,.F.);
#6551=ORIENTED_EDGE($,*,*,#4913,.F.);
#6552=ORIENTED_EDGE($,*,*,#4911,.F.);
#6553=ORIENTED_EDGE($,*,*,#4918,.T.);
#6554=ORIENTED_EDGE($,*,*,#4919,.F.);
#6555=ORIENTED_EDGE($,*,*,#4916,.F.);
#6556=ORIENTED_EDGE($,*,*,#4910,.F.);
#6557=ORIENTED_EDGE($,*,*,#4915,.T.);
#6558=ORIENTED_EDGE($,*,*,#4920,.F.);
#6559=ORIENTED_EDGE($,*,*,#4918,.F.);
#6560=ORIENTED_EDGE($,*,*,#4914,.T.);
#6561=ORIENTED_EDGE($,*,*,#4917,.T.);
#6562=ORIENTED_EDGE($,*,*,#4919,.T.);
#6563=ORIENTED_EDGE($,*,*,#4920,.T.);
#6564=ORIENTED_EDGE($,*,*,#4921,.T.);
#6565=ORIENTED_EDGE($,*,*,#4922,.T.);
#6566=ORIENTED_EDGE($,*,*,#4923,.T.);
#6567=ORIENTED_EDGE($,*,*,#4924,.T.);
#6568=ORIENTED_EDGE($,*,*,#4925,.T.);
#6569=ORIENTED_EDGE($,*,*,#4926,.T.);
#6570=ORIENTED_EDGE($,*,*,#4927,.T.);
#6571=ORIENTED_EDGE($,*,*,#4928,.T.);
#6572=ORIENTED_EDGE($,*,*,#4929,.T.);
#6573=ORIENTED_EDGE($,*,*,#4926,.F.);
#6574=ORIENTED_EDGE($,*,*,#4930,.F.);
#6575=ORIENTED_EDGE($,*,*,#4924,.F.);
#6576=ORIENTED_EDGE($,*,*,#4931,.T.);
#6577=ORIENTED_EDGE($,*,*,#4927,.F.);
#6578=ORIENTED_EDGE($,*,*,#4929,.F.);
#6579=ORIENTED_EDGE($,*,*,#4923,.F.);
#6580=ORIENTED_EDGE($,*,*,#4932,.T.);
#6581=ORIENTED_EDGE($,*,*,#4928,.F.);
#6582=ORIENTED_EDGE($,*,*,#4931,.F.);
#6583=ORIENTED_EDGE($,*,*,#4922,.F.);
#6584=ORIENTED_EDGE($,*,*,#4930,.T.);
#6585=ORIENTED_EDGE($,*,*,#4925,.F.);
#6586=ORIENTED_EDGE($,*,*,#4932,.F.);
#6587=ORIENTED_EDGE($,*,*,#4921,.F.);
#6588=ORIENTED_EDGE($,*,*,#4933,.T.);
#6589=ORIENTED_EDGE($,*,*,#4934,.T.);
#6590=ORIENTED_EDGE($,*,*,#4935,.T.);
#6591=ORIENTED_EDGE($,*,*,#4936,.T.);
#6592=ORIENTED_EDGE($,*,*,#4937,.T.);
#6593=ORIENTED_EDGE($,*,*,#4938,.T.);
#6594=ORIENTED_EDGE($,*,*,#4939,.T.);
#6595=ORIENTED_EDGE($,*,*,#4940,.T.);
#6596=ORIENTED_EDGE($,*,*,#4941,.T.);
#6597=ORIENTED_EDGE($,*,*,#4938,.F.);
#6598=ORIENTED_EDGE($,*,*,#4942,.F.);
#6599=ORIENTED_EDGE($,*,*,#4936,.F.);
#6600=ORIENTED_EDGE($,*,*,#4943,.T.);
#6601=ORIENTED_EDGE($,*,*,#4939,.F.);
#6602=ORIENTED_EDGE($,*,*,#4941,.F.);
#6603=ORIENTED_EDGE($,*,*,#4935,.F.);
#6604=ORIENTED_EDGE($,*,*,#4944,.T.);
#6605=ORIENTED_EDGE($,*,*,#4940,.F.);
#6606=ORIENTED_EDGE($,*,*,#4943,.F.);
#6607=ORIENTED_EDGE($,*,*,#4934,.F.);
#6608=ORIENTED_EDGE($,*,*,#4942,.T.);
#6609=ORIENTED_EDGE($,*,*,#4937,.F.);
#6610=ORIENTED_EDGE($,*,*,#4944,.F.);
#6611=ORIENTED_EDGE($,*,*,#4933,.F.);
#6612=ORIENTED_EDGE($,*,*,#4945,.T.);
#6613=ORIENTED_EDGE($,*,*,#4946,.T.);
#6614=ORIENTED_EDGE($,*,*,#4947,.T.);
#6615=ORIENTED_EDGE($,*,*,#4948,.T.);
#6616=ORIENTED_EDGE($,*,*,#4949,.T.);
#6617=ORIENTED_EDGE($,*,*,#4950,.T.);
#6618=ORIENTED_EDGE($,*,*,#4951,.T.);
#6619=ORIENTED_EDGE($,*,*,#4952,.T.);
#6620=ORIENTED_EDGE($,*,*,#4953,.T.);
#6621=ORIENTED_EDGE($,*,*,#4950,.F.);
#6622=ORIENTED_EDGE($,*,*,#4954,.F.);
#6623=ORIENTED_EDGE($,*,*,#4948,.F.);
#6624=ORIENTED_EDGE($,*,*,#4955,.T.);
#6625=ORIENTED_EDGE($,*,*,#4951,.F.);
#6626=ORIENTED_EDGE($,*,*,#4953,.F.);
#6627=ORIENTED_EDGE($,*,*,#4947,.F.);
#6628=ORIENTED_EDGE($,*,*,#4956,.T.);
#6629=ORIENTED_EDGE($,*,*,#4952,.F.);
#6630=ORIENTED_EDGE($,*,*,#4955,.F.);
#6631=ORIENTED_EDGE($,*,*,#4946,.F.);
#6632=ORIENTED_EDGE($,*,*,#4954,.T.);
#6633=ORIENTED_EDGE($,*,*,#4949,.F.);
#6634=ORIENTED_EDGE($,*,*,#4956,.F.);
#6635=ORIENTED_EDGE($,*,*,#4945,.F.);
#6636=ORIENTED_EDGE($,*,*,#4957,.T.);
#6637=ORIENTED_EDGE($,*,*,#4958,.T.);
#6638=ORIENTED_EDGE($,*,*,#4959,.T.);
#6639=ORIENTED_EDGE($,*,*,#4960,.T.);
#6640=ORIENTED_EDGE($,*,*,#4961,.T.);
#6641=ORIENTED_EDGE($,*,*,#4962,.T.);
#6642=ORIENTED_EDGE($,*,*,#4963,.T.);
#6643=ORIENTED_EDGE($,*,*,#4964,.T.);
#6644=ORIENTED_EDGE($,*,*,#4965,.T.);
#6645=ORIENTED_EDGE($,*,*,#4962,.F.);
#6646=ORIENTED_EDGE($,*,*,#4966,.F.);
#6647=ORIENTED_EDGE($,*,*,#4960,.F.);
#6648=ORIENTED_EDGE($,*,*,#4967,.T.);
#6649=ORIENTED_EDGE($,*,*,#4963,.F.);
#6650=ORIENTED_EDGE($,*,*,#4965,.F.);
#6651=ORIENTED_EDGE($,*,*,#4959,.F.);
#6652=ORIENTED_EDGE($,*,*,#4968,.T.);
#6653=ORIENTED_EDGE($,*,*,#4964,.F.);
#6654=ORIENTED_EDGE($,*,*,#4967,.F.);
#6655=ORIENTED_EDGE($,*,*,#4958,.F.);
#6656=ORIENTED_EDGE($,*,*,#4966,.T.);
#6657=ORIENTED_EDGE($,*,*,#4961,.F.);
#6658=ORIENTED_EDGE($,*,*,#4968,.F.);
#6659=ORIENTED_EDGE($,*,*,#4957,.F.);
#6660=ORIENTED_EDGE($,*,*,#4969,.T.);
#6661=ORIENTED_EDGE($,*,*,#4970,.T.);
#6662=ORIENTED_EDGE($,*,*,#4971,.T.);
#6663=ORIENTED_EDGE($,*,*,#4972,.T.);
#6664=ORIENTED_EDGE($,*,*,#4973,.T.);
#6665=ORIENTED_EDGE($,*,*,#4974,.T.);
#6666=ORIENTED_EDGE($,*,*,#4975,.T.);
#6667=ORIENTED_EDGE($,*,*,#4976,.T.);
#6668=ORIENTED_EDGE($,*,*,#4977,.T.);
#6669=ORIENTED_EDGE($,*,*,#4974,.F.);
#6670=ORIENTED_EDGE($,*,*,#4978,.F.);
#6671=ORIENTED_EDGE($,*,*,#4972,.F.);
#6672=ORIENTED_EDGE($,*,*,#4979,.T.);
#6673=ORIENTED_EDGE($,*,*,#4975,.F.);
#6674=ORIENTED_EDGE($,*,*,#4977,.F.);
#6675=ORIENTED_EDGE($,*,*,#4971,.F.);
#6676=ORIENTED_EDGE($,*,*,#4980,.T.);
#6677=ORIENTED_EDGE($,*,*,#4976,.F.);
#6678=ORIENTED_EDGE($,*,*,#4979,.F.);
#6679=ORIENTED_EDGE($,*,*,#4970,.F.);
#6680=ORIENTED_EDGE($,*,*,#4978,.T.);
#6681=ORIENTED_EDGE($,*,*,#4973,.F.);
#6682=ORIENTED_EDGE($,*,*,#4980,.F.);
#6683=ORIENTED_EDGE($,*,*,#4969,.F.);
#6684=ORIENTED_EDGE($,*,*,#4981,.T.);
#6685=ORIENTED_EDGE($,*,*,#4982,.T.);
#6686=ORIENTED_EDGE($,*,*,#4983,.T.);
#6687=ORIENTED_EDGE($,*,*,#4984,.T.);
#6688=ORIENTED_EDGE($,*,*,#4985,.T.);
#6689=ORIENTED_EDGE($,*,*,#4986,.T.);
#6690=ORIENTED_EDGE($,*,*,#4987,.T.);
#6691=ORIENTED_EDGE($,*,*,#4988,.T.);
#6692=ORIENTED_EDGE($,*,*,#4989,.T.);
#6693=ORIENTED_EDGE($,*,*,#4986,.F.);
#6694=ORIENTED_EDGE($,*,*,#4990,.F.);
#6695=ORIENTED_EDGE($,*,*,#4984,.F.);
#6696=ORIENTED_EDGE($,*,*,#4991,.T.);
#6697=ORIENTED_EDGE($,*,*,#4987,.F.);
#6698=ORIENTED_EDGE($,*,*,#4989,.F.);
#6699=ORIENTED_EDGE($,*,*,#4983,.F.);
#6700=ORIENTED_EDGE($,*,*,#4992,.T.);
#6701=ORIENTED_EDGE($,*,*,#4988,.F.);
#6702=ORIENTED_EDGE($,*,*,#4991,.F.);
#6703=ORIENTED_EDGE($,*,*,#4982,.F.);
#6704=ORIENTED_EDGE($,*,*,#4990,.T.);
#6705=ORIENTED_EDGE($,*,*,#4985,.F.);
#6706=ORIENTED_EDGE($,*,*,#4992,.F.);
#6707=ORIENTED_EDGE($,*,*,#4981,.F.);
#6708=ORIENTED_EDGE($,*,*,#4993,.T.);
#6709=ORIENTED_EDGE($,*,*,#4994,.T.);
#6710=ORIENTED_EDGE($,*,*,#4995,.T.);
#6711=ORIENTED_EDGE($,*,*,#4996,.T.);
#6712=ORIENTED_EDGE($,*,*,#4997,.T.);
#6713=ORIENTED_EDGE($,*,*,#4998,.T.);
#6714=ORIENTED_EDGE($,*,*,#4999,.T.);
#6715=ORIENTED_EDGE($,*,*,#5000,.T.);
#6716=ORIENTED_EDGE($,*,*,#5001,.T.);
#6717=ORIENTED_EDGE($,*,*,#4998,.F.);
#6718=ORIENTED_EDGE($,*,*,#5002,.F.);
#6719=ORIENTED_EDGE($,*,*,#4996,.F.);
#6720=ORIENTED_EDGE($,*,*,#5003,.T.);
#6721=ORIENTED_EDGE($,*,*,#4999,.F.);
#6722=ORIENTED_EDGE($,*,*,#5001,.F.);
#6723=ORIENTED_EDGE($,*,*,#4995,.F.);
#6724=ORIENTED_EDGE($,*,*,#5004,.T.);
#6725=ORIENTED_EDGE($,*,*,#5000,.F.);
#6726=ORIENTED_EDGE($,*,*,#5003,.F.);
#6727=ORIENTED_EDGE($,*,*,#4994,.F.);
#6728=ORIENTED_EDGE($,*,*,#5002,.T.);
#6729=ORIENTED_EDGE($,*,*,#4997,.F.);
#6730=ORIENTED_EDGE($,*,*,#5004,.F.);
#6731=ORIENTED_EDGE($,*,*,#4993,.F.);
#6732=ORIENTED_EDGE($,*,*,#5005,.T.);
#6733=ORIENTED_EDGE($,*,*,#5006,.T.);
#6734=ORIENTED_EDGE($,*,*,#5007,.T.);
#6735=ORIENTED_EDGE($,*,*,#5008,.T.);
#6736=ORIENTED_EDGE($,*,*,#5009,.T.);
#6737=ORIENTED_EDGE($,*,*,#5010,.T.);
#6738=ORIENTED_EDGE($,*,*,#5011,.T.);
#6739=ORIENTED_EDGE($,*,*,#5012,.T.);
#6740=ORIENTED_EDGE($,*,*,#5013,.T.);
#6741=ORIENTED_EDGE($,*,*,#5010,.F.);
#6742=ORIENTED_EDGE($,*,*,#5014,.F.);
#6743=ORIENTED_EDGE($,*,*,#5008,.F.);
#6744=ORIENTED_EDGE($,*,*,#5015,.T.);
#6745=ORIENTED_EDGE($,*,*,#5011,.F.);
#6746=ORIENTED_EDGE($,*,*,#5013,.F.);
#6747=ORIENTED_EDGE($,*,*,#5007,.F.);
#6748=ORIENTED_EDGE($,*,*,#5016,.T.);
#6749=ORIENTED_EDGE($,*,*,#5012,.F.);
#6750=ORIENTED_EDGE($,*,*,#5015,.F.);
#6751=ORIENTED_EDGE($,*,*,#5006,.F.);
#6752=ORIENTED_EDGE($,*,*,#5014,.T.);
#6753=ORIENTED_EDGE($,*,*,#5009,.F.);
#6754=ORIENTED_EDGE($,*,*,#5016,.F.);
#6755=ORIENTED_EDGE($,*,*,#5005,.F.);
#6756=ORIENTED_EDGE($,*,*,#5017,.T.);
#6757=ORIENTED_EDGE($,*,*,#5018,.T.);
#6758=ORIENTED_EDGE($,*,*,#5019,.T.);
#6759=ORIENTED_EDGE($,*,*,#5020,.T.);
#6760=ORIENTED_EDGE($,*,*,#5021,.T.);
#6761=ORIENTED_EDGE($,*,*,#5022,.T.);
#6762=ORIENTED_EDGE($,*,*,#5023,.T.);
#6763=ORIENTED_EDGE($,*,*,#5024,.T.);
#6764=ORIENTED_EDGE($,*,*,#5025,.T.);
#6765=ORIENTED_EDGE($,*,*,#5022,.F.);
#6766=ORIENTED_EDGE($,*,*,#5026,.F.);
#6767=ORIENTED_EDGE($,*,*,#5020,.F.);
#6768=ORIENTED_EDGE($,*,*,#5027,.T.);
#6769=ORIENTED_EDGE($,*,*,#5023,.F.);
#6770=ORIENTED_EDGE($,*,*,#5025,.F.);
#6771=ORIENTED_EDGE($,*,*,#5019,.F.);
#6772=ORIENTED_EDGE($,*,*,#5028,.T.);
#6773=ORIENTED_EDGE($,*,*,#5024,.F.);
#6774=ORIENTED_EDGE($,*,*,#5027,.F.);
#6775=ORIENTED_EDGE($,*,*,#5018,.F.);
#6776=ORIENTED_EDGE($,*,*,#5026,.T.);
#6777=ORIENTED_EDGE($,*,*,#5021,.F.);
#6778=ORIENTED_EDGE($,*,*,#5028,.F.);
#6779=ORIENTED_EDGE($,*,*,#5017,.F.);
#6780=ORIENTED_EDGE($,*,*,#5029,.T.);
#6781=ORIENTED_EDGE($,*,*,#5030,.T.);
#6782=ORIENTED_EDGE($,*,*,#5031,.T.);
#6783=ORIENTED_EDGE($,*,*,#5032,.T.);
#6784=ORIENTED_EDGE($,*,*,#5033,.T.);
#6785=ORIENTED_EDGE($,*,*,#5034,.T.);
#6786=ORIENTED_EDGE($,*,*,#5035,.T.);
#6787=ORIENTED_EDGE($,*,*,#5036,.T.);
#6788=ORIENTED_EDGE($,*,*,#5037,.T.);
#6789=ORIENTED_EDGE($,*,*,#5034,.F.);
#6790=ORIENTED_EDGE($,*,*,#5038,.F.);
#6791=ORIENTED_EDGE($,*,*,#5032,.F.);
#6792=ORIENTED_EDGE($,*,*,#5039,.T.);
#6793=ORIENTED_EDGE($,*,*,#5035,.F.);
#6794=ORIENTED_EDGE($,*,*,#5037,.F.);
#6795=ORIENTED_EDGE($,*,*,#5031,.F.);
#6796=ORIENTED_EDGE($,*,*,#5040,.T.);
#6797=ORIENTED_EDGE($,*,*,#5036,.F.);
#6798=ORIENTED_EDGE($,*,*,#5039,.F.);
#6799=ORIENTED_EDGE($,*,*,#5030,.F.);
#6800=ORIENTED_EDGE($,*,*,#5038,.T.);
#6801=ORIENTED_EDGE($,*,*,#5033,.F.);
#6802=ORIENTED_EDGE($,*,*,#5040,.F.);
#6803=ORIENTED_EDGE($,*,*,#5029,.F.);
#6804=ORIENTED_EDGE($,*,*,#5041,.T.);
#6805=ORIENTED_EDGE($,*,*,#5042,.T.);
#6806=ORIENTED_EDGE($,*,*,#5043,.T.);
#6807=ORIENTED_EDGE($,*,*,#5044,.T.);
#6808=ORIENTED_EDGE($,*,*,#5045,.T.);
#6809=ORIENTED_EDGE($,*,*,#5046,.T.);
#6810=ORIENTED_EDGE($,*,*,#5047,.T.);
#6811=ORIENTED_EDGE($,*,*,#5048,.T.);
#6812=ORIENTED_EDGE($,*,*,#5049,.T.);
#6813=ORIENTED_EDGE($,*,*,#5046,.F.);
#6814=ORIENTED_EDGE($,*,*,#5050,.F.);
#6815=ORIENTED_EDGE($,*,*,#5044,.F.);
#6816=ORIENTED_EDGE($,*,*,#5051,.T.);
#6817=ORIENTED_EDGE($,*,*,#5047,.F.);
#6818=ORIENTED_EDGE($,*,*,#5049,.F.);
#6819=ORIENTED_EDGE($,*,*,#5043,.F.);
#6820=ORIENTED_EDGE($,*,*,#5052,.T.);
#6821=ORIENTED_EDGE($,*,*,#5048,.F.);
#6822=ORIENTED_EDGE($,*,*,#5051,.F.);
#6823=ORIENTED_EDGE($,*,*,#5042,.F.);
#6824=ORIENTED_EDGE($,*,*,#5050,.T.);
#6825=ORIENTED_EDGE($,*,*,#5045,.F.);
#6826=ORIENTED_EDGE($,*,*,#5052,.F.);
#6827=ORIENTED_EDGE($,*,*,#5041,.F.);
#6828=ORIENTED_EDGE($,*,*,#5053,.T.);
#6829=ORIENTED_EDGE($,*,*,#5054,.T.);
#6830=ORIENTED_EDGE($,*,*,#5055,.T.);
#6831=ORIENTED_EDGE($,*,*,#5056,.T.);
#6832=ORIENTED_EDGE($,*,*,#5057,.T.);
#6833=ORIENTED_EDGE($,*,*,#5058,.T.);
#6834=ORIENTED_EDGE($,*,*,#5059,.T.);
#6835=ORIENTED_EDGE($,*,*,#5060,.T.);
#6836=ORIENTED_EDGE($,*,*,#5061,.T.);
#6837=ORIENTED_EDGE($,*,*,#5058,.F.);
#6838=ORIENTED_EDGE($,*,*,#5062,.F.);
#6839=ORIENTED_EDGE($,*,*,#5056,.F.);
#6840=ORIENTED_EDGE($,*,*,#5063,.T.);
#6841=ORIENTED_EDGE($,*,*,#5059,.F.);
#6842=ORIENTED_EDGE($,*,*,#5061,.F.);
#6843=ORIENTED_EDGE($,*,*,#5055,.F.);
#6844=ORIENTED_EDGE($,*,*,#5064,.T.);
#6845=ORIENTED_EDGE($,*,*,#5060,.F.);
#6846=ORIENTED_EDGE($,*,*,#5063,.F.);
#6847=ORIENTED_EDGE($,*,*,#5054,.F.);
#6848=ORIENTED_EDGE($,*,*,#5062,.T.);
#6849=ORIENTED_EDGE($,*,*,#5057,.F.);
#6850=ORIENTED_EDGE($,*,*,#5064,.F.);
#6851=ORIENTED_EDGE($,*,*,#5053,.F.);
#6852=ORIENTED_EDGE($,*,*,#5065,.T.);
#6853=ORIENTED_EDGE($,*,*,#5066,.T.);
#6854=ORIENTED_EDGE($,*,*,#5067,.T.);
#6855=ORIENTED_EDGE($,*,*,#5068,.T.);
#6856=ORIENTED_EDGE($,*,*,#5069,.T.);
#6857=ORIENTED_EDGE($,*,*,#5070,.T.);
#6858=ORIENTED_EDGE($,*,*,#5071,.T.);
#6859=ORIENTED_EDGE($,*,*,#5072,.T.);
#6860=ORIENTED_EDGE($,*,*,#5073,.T.);
#6861=ORIENTED_EDGE($,*,*,#5070,.F.);
#6862=ORIENTED_EDGE($,*,*,#5074,.F.);
#6863=ORIENTED_EDGE($,*,*,#5068,.F.);
#6864=ORIENTED_EDGE($,*,*,#5075,.T.);
#6865=ORIENTED_EDGE($,*,*,#5071,.F.);
#6866=ORIENTED_EDGE($,*,*,#5073,.F.);
#6867=ORIENTED_EDGE($,*,*,#5067,.F.);
#6868=ORIENTED_EDGE($,*,*,#5076,.T.);
#6869=ORIENTED_EDGE($,*,*,#5072,.F.);
#6870=ORIENTED_EDGE($,*,*,#5075,.F.);
#6871=ORIENTED_EDGE($,*,*,#5066,.F.);
#6872=ORIENTED_EDGE($,*,*,#5074,.T.);
#6873=ORIENTED_EDGE($,*,*,#5069,.F.);
#6874=ORIENTED_EDGE($,*,*,#5076,.F.);
#6875=ORIENTED_EDGE($,*,*,#5065,.F.);
#6876=ORIENTED_EDGE($,*,*,#5077,.T.);
#6877=ORIENTED_EDGE($,*,*,#5078,.T.);
#6878=ORIENTED_EDGE($,*,*,#5079,.T.);
#6879=ORIENTED_EDGE($,*,*,#5080,.T.);
#6880=ORIENTED_EDGE($,*,*,#5081,.T.);
#6881=ORIENTED_EDGE($,*,*,#5082,.T.);
#6882=ORIENTED_EDGE($,*,*,#5083,.T.);
#6883=ORIENTED_EDGE($,*,*,#5084,.T.);
#6884=ORIENTED_EDGE($,*,*,#5085,.T.);
#6885=ORIENTED_EDGE($,*,*,#5082,.F.);
#6886=ORIENTED_EDGE($,*,*,#5086,.F.);
#6887=ORIENTED_EDGE($,*,*,#5080,.F.);
#6888=ORIENTED_EDGE($,*,*,#5087,.T.);
#6889=ORIENTED_EDGE($,*,*,#5083,.F.);
#6890=ORIENTED_EDGE($,*,*,#5085,.F.);
#6891=ORIENTED_EDGE($,*,*,#5079,.F.);
#6892=ORIENTED_EDGE($,*,*,#5088,.T.);
#6893=ORIENTED_EDGE($,*,*,#5084,.F.);
#6894=ORIENTED_EDGE($,*,*,#5087,.F.);
#6895=ORIENTED_EDGE($,*,*,#5078,.F.);
#6896=ORIENTED_EDGE($,*,*,#5086,.T.);
#6897=ORIENTED_EDGE($,*,*,#5081,.F.);
#6898=ORIENTED_EDGE($,*,*,#5088,.F.);
#6899=ORIENTED_EDGE($,*,*,#5077,.F.);
#6900=ORIENTED_EDGE($,*,*,#5089,.T.);
#6901=ORIENTED_EDGE($,*,*,#5090,.T.);
#6902=ORIENTED_EDGE($,*,*,#5091,.T.);
#6903=ORIENTED_EDGE($,*,*,#5092,.T.);
#6904=ORIENTED_EDGE($,*,*,#5093,.T.);
#6905=ORIENTED_EDGE($,*,*,#5094,.T.);
#6906=ORIENTED_EDGE($,*,*,#5095,.T.);
#6907=ORIENTED_EDGE($,*,*,#5096,.T.);
#6908=ORIENTED_EDGE($,*,*,#5097,.T.);
#6909=ORIENTED_EDGE($,*,*,#5094,.F.);
#6910=ORIENTED_EDGE($,*,*,#5098,.F.);
#6911=ORIENTED_EDGE($,*,*,#5092,.F.);
#6912=ORIENTED_EDGE($,*,*,#5099,.T.);
#6913=ORIENTED_EDGE($,*,*,#5095,.F.);
#6914=ORIENTED_EDGE($,*,*,#5097,.F.);
#6915=ORIENTED_EDGE($,*,*,#5091,.F.);
#6916=ORIENTED_EDGE($,*,*,#5100,.T.);
#6917=ORIENTED_EDGE($,*,*,#5096,.F.);
#6918=ORIENTED_EDGE($,*,*,#5099,.F.);
#6919=ORIENTED_EDGE($,*,*,#5090,.F.);
#6920=ORIENTED_EDGE($,*,*,#5098,.T.);
#6921=ORIENTED_EDGE($,*,*,#5093,.F.);
#6922=ORIENTED_EDGE($,*,*,#5100,.F.);
#6923=ORIENTED_EDGE($,*,*,#5089,.F.);
#6924=ORIENTED_EDGE($,*,*,#5101,.T.);
#6925=ORIENTED_EDGE($,*,*,#5102,.T.);
#6926=ORIENTED_EDGE($,*,*,#5103,.T.);
#6927=ORIENTED_EDGE($,*,*,#5104,.T.);
#6928=ORIENTED_EDGE($,*,*,#5105,.T.);
#6929=ORIENTED_EDGE($,*,*,#5106,.T.);
#6930=ORIENTED_EDGE($,*,*,#5107,.T.);
#6931=ORIENTED_EDGE($,*,*,#5108,.T.);
#6932=ORIENTED_EDGE($,*,*,#5109,.T.);
#6933=ORIENTED_EDGE($,*,*,#5106,.F.);
#6934=ORIENTED_EDGE($,*,*,#5110,.F.);
#6935=ORIENTED_EDGE($,*,*,#5104,.F.);
#6936=ORIENTED_EDGE($,*,*,#5111,.T.);
#6937=ORIENTED_EDGE($,*,*,#5107,.F.);
#6938=ORIENTED_EDGE($,*,*,#5109,.F.);
#6939=ORIENTED_EDGE($,*,*,#5103,.F.);
#6940=ORIENTED_EDGE($,*,*,#5112,.T.);
#6941=ORIENTED_EDGE($,*,*,#5108,.F.);
#6942=ORIENTED_EDGE($,*,*,#5111,.F.);
#6943=ORIENTED_EDGE($,*,*,#5102,.F.);
#6944=ORIENTED_EDGE($,*,*,#5110,.T.);
#6945=ORIENTED_EDGE($,*,*,#5105,.F.);
#6946=ORIENTED_EDGE($,*,*,#5112,.F.);
#6947=ORIENTED_EDGE($,*,*,#5101,.F.);
#6948=ORIENTED_EDGE($,*,*,#5113,.T.);
#6949=ORIENTED_EDGE($,*,*,#5114,.T.);
#6950=ORIENTED_EDGE($,*,*,#5115,.T.);
#6951=ORIENTED_EDGE($,*,*,#5116,.T.);
#6952=ORIENTED_EDGE($,*,*,#5117,.T.);
#6953=ORIENTED_EDGE($,*,*,#5118,.T.);
#6954=ORIENTED_EDGE($,*,*,#5119,.T.);
#6955=ORIENTED_EDGE($,*,*,#5120,.T.);
#6956=ORIENTED_EDGE($,*,*,#5121,.T.);
#6957=ORIENTED_EDGE($,*,*,#5118,.F.);
#6958=ORIENTED_EDGE($,*,*,#5122,.F.);
#6959=ORIENTED_EDGE($,*,*,#5116,.F.);
#6960=ORIENTED_EDGE($,*,*,#5123,.T.);
#6961=ORIENTED_EDGE($,*,*,#5119,.F.);
#6962=ORIENTED_EDGE($,*,*,#5121,.F.);
#6963=ORIENTED_EDGE($,*,*,#5115,.F.);
#6964=ORIENTED_EDGE($,*,*,#5124,.T.);
#6965=ORIENTED_EDGE($,*,*,#5120,.F.);
#6966=ORIENTED_EDGE($,*,*,#5123,.F.);
#6967=ORIENTED_EDGE($,*,*,#5114,.F.);
#6968=ORIENTED_EDGE($,*,*,#5122,.T.);
#6969=ORIENTED_EDGE($,*,*,#5117,.F.);
#6970=ORIENTED_EDGE($,*,*,#5124,.F.);
#6971=ORIENTED_EDGE($,*,*,#5113,.F.);
#6972=ORIENTED_EDGE($,*,*,#5125,.T.);
#6973=ORIENTED_EDGE($,*,*,#5126,.T.);
#6974=ORIENTED_EDGE($,*,*,#5127,.T.);
#6975=ORIENTED_EDGE($,*,*,#5128,.T.);
#6976=ORIENTED_EDGE($,*,*,#5129,.T.);
#6977=ORIENTED_EDGE($,*,*,#5130,.T.);
#6978=ORIENTED_EDGE($,*,*,#5131,.T.);
#6979=ORIENTED_EDGE($,*,*,#5132,.T.);
#6980=ORIENTED_EDGE($,*,*,#5133,.T.);
#6981=ORIENTED_EDGE($,*,*,#5130,.F.);
#6982=ORIENTED_EDGE($,*,*,#5134,.F.);
#6983=ORIENTED_EDGE($,*,*,#5128,.F.);
#6984=ORIENTED_EDGE($,*,*,#5135,.T.);
#6985=ORIENTED_EDGE($,*,*,#5131,.F.);
#6986=ORIENTED_EDGE($,*,*,#5133,.F.);
#6987=ORIENTED_EDGE($,*,*,#5127,.F.);
#6988=ORIENTED_EDGE($,*,*,#5136,.T.);
#6989=ORIENTED_EDGE($,*,*,#5132,.F.);
#6990=ORIENTED_EDGE($,*,*,#5135,.F.);
#6991=ORIENTED_EDGE($,*,*,#5126,.F.);
#6992=ORIENTED_EDGE($,*,*,#5134,.T.);
#6993=ORIENTED_EDGE($,*,*,#5129,.F.);
#6994=ORIENTED_EDGE($,*,*,#5136,.F.);
#6995=ORIENTED_EDGE($,*,*,#5125,.F.);
#6996=ORIENTED_EDGE($,*,*,#5137,.F.);
#6997=ORIENTED_EDGE($,*,*,#5138,.F.);
#6998=ORIENTED_EDGE($,*,*,#5137,.T.);
#6999=ORIENTED_EDGE($,*,*,#5138,.T.);
#7000=ORIENTED_EDGE($,*,*,#5139,.F.);
#7001=ORIENTED_EDGE($,*,*,#5140,.F.);
#7002=ORIENTED_EDGE($,*,*,#5139,.T.);
#7003=ORIENTED_EDGE($,*,*,#5140,.T.);
#7004=ORIENTED_EDGE($,*,*,#5141,.T.);
#7005=ORIENTED_EDGE($,*,*,#5142,.T.);
#7006=ORIENTED_EDGE($,*,*,#5143,.T.);
#7007=ORIENTED_EDGE($,*,*,#5144,.T.);
#7008=ORIENTED_EDGE($,*,*,#5141,.F.);
#7009=ORIENTED_EDGE($,*,*,#5145,.T.);
#7010=ORIENTED_EDGE($,*,*,#5146,.F.);
#7011=ORIENTED_EDGE($,*,*,#5147,.F.);
#7012=ORIENTED_EDGE($,*,*,#5144,.F.);
#7013=ORIENTED_EDGE($,*,*,#5148,.T.);
#7014=ORIENTED_EDGE($,*,*,#5149,.F.);
#7015=ORIENTED_EDGE($,*,*,#5145,.F.);
#7016=ORIENTED_EDGE($,*,*,#5143,.F.);
#7017=ORIENTED_EDGE($,*,*,#5150,.T.);
#7018=ORIENTED_EDGE($,*,*,#5151,.F.);
#7019=ORIENTED_EDGE($,*,*,#5148,.F.);
#7020=ORIENTED_EDGE($,*,*,#5142,.F.);
#7021=ORIENTED_EDGE($,*,*,#5147,.T.);
#7022=ORIENTED_EDGE($,*,*,#5152,.F.);
#7023=ORIENTED_EDGE($,*,*,#5150,.F.);
#7024=ORIENTED_EDGE($,*,*,#5146,.T.);
#7025=ORIENTED_EDGE($,*,*,#5149,.T.);
#7026=ORIENTED_EDGE($,*,*,#5151,.T.);
#7027=ORIENTED_EDGE($,*,*,#5152,.T.);
#7028=ORIENTED_EDGE($,*,*,#5153,.T.);
#7029=ORIENTED_EDGE($,*,*,#5154,.T.);
#7030=ORIENTED_EDGE($,*,*,#5155,.T.);
#7031=ORIENTED_EDGE($,*,*,#5156,.T.);
#7032=ORIENTED_EDGE($,*,*,#5157,.T.);
#7033=ORIENTED_EDGE($,*,*,#5158,.F.);
#7034=ORIENTED_EDGE($,*,*,#5159,.F.);
#7035=ORIENTED_EDGE($,*,*,#5160,.F.);
#7036=ORIENTED_EDGE($,*,*,#5158,.T.);
#7037=ORIENTED_EDGE($,*,*,#5161,.T.);
#7038=ORIENTED_EDGE($,*,*,#5162,.F.);
#7039=ORIENTED_EDGE($,*,*,#5163,.F.);
#7040=ORIENTED_EDGE($,*,*,#5164,.T.);
#7041=ORIENTED_EDGE($,*,*,#5165,.F.);
#7042=ORIENTED_EDGE($,*,*,#5166,.F.);
#7043=ORIENTED_EDGE($,*,*,#5167,.F.);
#7044=ORIENTED_EDGE($,*,*,#5168,.T.);
#7045=ORIENTED_EDGE($,*,*,#5169,.T.);
#7046=ORIENTED_EDGE($,*,*,#5170,.T.);
#7047=ORIENTED_EDGE($,*,*,#5167,.T.);
#7048=ORIENTED_EDGE($,*,*,#5171,.T.);
#7049=ORIENTED_EDGE($,*,*,#5172,.F.);
#7050=ORIENTED_EDGE($,*,*,#5173,.F.);
#7051=ORIENTED_EDGE($,*,*,#5159,.T.);
#7052=ORIENTED_EDGE($,*,*,#5163,.T.);
#7053=ORIENTED_EDGE($,*,*,#5174,.F.);
#7054=ORIENTED_EDGE($,*,*,#5164,.F.);
#7055=ORIENTED_EDGE($,*,*,#5170,.F.);
#7056=ORIENTED_EDGE($,*,*,#5175,.T.);
#7057=ORIENTED_EDGE($,*,*,#5176,.F.);
#7058=ORIENTED_EDGE($,*,*,#5171,.F.);
#7059=ORIENTED_EDGE($,*,*,#5169,.F.);
#7060=ORIENTED_EDGE($,*,*,#5177,.T.);
#7061=ORIENTED_EDGE($,*,*,#5178,.F.);
#7062=ORIENTED_EDGE($,*,*,#5175,.F.);
#7063=ORIENTED_EDGE($,*,*,#5168,.F.);
#7064=ORIENTED_EDGE($,*,*,#5166,.T.);
#7065=ORIENTED_EDGE($,*,*,#5179,.F.);
#7066=ORIENTED_EDGE($,*,*,#5161,.F.);
#7067=ORIENTED_EDGE($,*,*,#5157,.F.);
#7068=ORIENTED_EDGE($,*,*,#5160,.T.);
#7069=ORIENTED_EDGE($,*,*,#5173,.T.);
#7070=ORIENTED_EDGE($,*,*,#5180,.F.);
#7071=ORIENTED_EDGE($,*,*,#5177,.F.);
#7072=ORIENTED_EDGE($,*,*,#5174,.T.);
#7073=ORIENTED_EDGE($,*,*,#5162,.T.);
#7074=ORIENTED_EDGE($,*,*,#5179,.T.);
#7075=ORIENTED_EDGE($,*,*,#5165,.T.);
#7076=ORIENTED_EDGE($,*,*,#5172,.T.);
#7077=ORIENTED_EDGE($,*,*,#5176,.T.);
#7078=ORIENTED_EDGE($,*,*,#5178,.T.);
#7079=ORIENTED_EDGE($,*,*,#5180,.T.);
#7080=ORIENTED_EDGE($,*,*,#5181,.T.);
#7081=ORIENTED_EDGE($,*,*,#5182,.T.);
#7082=ORIENTED_EDGE($,*,*,#5183,.T.);
#7083=ORIENTED_EDGE($,*,*,#5184,.T.);
#7084=ORIENTED_EDGE($,*,*,#5185,.T.);
#7085=ORIENTED_EDGE($,*,*,#5182,.F.);
#7086=ORIENTED_EDGE($,*,*,#5186,.F.);
#7087=ORIENTED_EDGE($,*,*,#5153,.F.);
#7088=ORIENTED_EDGE($,*,*,#5187,.T.);
#7089=ORIENTED_EDGE($,*,*,#5183,.F.);
#7090=ORIENTED_EDGE($,*,*,#5185,.F.);
#7091=ORIENTED_EDGE($,*,*,#5156,.F.);
#7092=ORIENTED_EDGE($,*,*,#5188,.T.);
#7093=ORIENTED_EDGE($,*,*,#5184,.F.);
#7094=ORIENTED_EDGE($,*,*,#5187,.F.);
#7095=ORIENTED_EDGE($,*,*,#5155,.F.);
#7096=ORIENTED_EDGE($,*,*,#5186,.T.);
#7097=ORIENTED_EDGE($,*,*,#5181,.F.);
#7098=ORIENTED_EDGE($,*,*,#5188,.F.);
#7099=ORIENTED_EDGE($,*,*,#5154,.F.);
#7100=ORIENTED_EDGE($,*,*,#5189,.F.);
#7101=ORIENTED_EDGE($,*,*,#5190,.T.);
#7102=ORIENTED_EDGE($,*,*,#5191,.F.);
#7103=ORIENTED_EDGE($,*,*,#5192,.F.);
#7104=ORIENTED_EDGE($,*,*,#5193,.F.);
#7105=ORIENTED_EDGE($,*,*,#5194,.T.);
#7106=ORIENTED_EDGE($,*,*,#5195,.F.);
#7107=ORIENTED_EDGE($,*,*,#5190,.F.);
#7108=ORIENTED_EDGE($,*,*,#5196,.F.);
#7109=ORIENTED_EDGE($,*,*,#5197,.F.);
#7110=ORIENTED_EDGE($,*,*,#5198,.F.);
#7111=ORIENTED_EDGE($,*,*,#5194,.F.);
#7112=ORIENTED_EDGE($,*,*,#5191,.T.);
#7113=ORIENTED_EDGE($,*,*,#5195,.T.);
#7114=ORIENTED_EDGE($,*,*,#5198,.T.);
#7115=ORIENTED_EDGE($,*,*,#5199,.T.);
#7116=ORIENTED_EDGE($,*,*,#5200,.T.);
#7117=ORIENTED_EDGE($,*,*,#5201,.T.);
#7118=ORIENTED_EDGE($,*,*,#5202,.T.);
#7119=ORIENTED_EDGE($,*,*,#5203,.T.);
#7120=ORIENTED_EDGE($,*,*,#5204,.T.);
#7121=ORIENTED_EDGE($,*,*,#5205,.T.);
#7122=ORIENTED_EDGE($,*,*,#5206,.T.);
#7123=ORIENTED_EDGE($,*,*,#5207,.T.);
#7124=ORIENTED_EDGE($,*,*,#5208,.T.);
#7125=ORIENTED_EDGE($,*,*,#5209,.T.);
#7126=ORIENTED_EDGE($,*,*,#5210,.T.);
#7127=ORIENTED_EDGE($,*,*,#5211,.T.);
#7128=ORIENTED_EDGE($,*,*,#5212,.T.);
#7129=ORIENTED_EDGE($,*,*,#5213,.T.);
#7130=ORIENTED_EDGE($,*,*,#5214,.T.);
#7131=ORIENTED_EDGE($,*,*,#5215,.T.);
#7132=ORIENTED_EDGE($,*,*,#5216,.T.);
#7133=ORIENTED_EDGE($,*,*,#5217,.T.);
#7134=ORIENTED_EDGE($,*,*,#5218,.T.);
#7135=ORIENTED_EDGE($,*,*,#5219,.T.);
#7136=ORIENTED_EDGE($,*,*,#5197,.T.);
#7137=ORIENTED_EDGE($,*,*,#5220,.F.);
#7138=ORIENTED_EDGE($,*,*,#5221,.F.);
#7139=ORIENTED_EDGE($,*,*,#5199,.F.);
#7140=ORIENTED_EDGE($,*,*,#5192,.T.);
#7141=ORIENTED_EDGE($,*,*,#5203,.F.);
#7142=ORIENTED_EDGE($,*,*,#5222,.T.);
#7143=ORIENTED_EDGE($,*,*,#5223,.F.);
#7144=ORIENTED_EDGE($,*,*,#5218,.F.);
#7145=ORIENTED_EDGE($,*,*,#5224,.T.);
#7146=ORIENTED_EDGE($,*,*,#5225,.F.);
#7147=ORIENTED_EDGE($,*,*,#5226,.F.);
#7148=ORIENTED_EDGE($,*,*,#5217,.F.);
#7149=ORIENTED_EDGE($,*,*,#5227,.T.);
#7150=ORIENTED_EDGE($,*,*,#5228,.F.);
#7151=ORIENTED_EDGE($,*,*,#5224,.F.);
#7152=ORIENTED_EDGE($,*,*,#5219,.F.);
#7153=ORIENTED_EDGE($,*,*,#5226,.T.);
#7154=ORIENTED_EDGE($,*,*,#5229,.F.);
#7155=ORIENTED_EDGE($,*,*,#5230,.F.);
#7156=ORIENTED_EDGE($,*,*,#5231,.F.);
#7157=ORIENTED_EDGE($,*,*,#5232,.F.);
#7158=ORIENTED_EDGE($,*,*,#5233,.F.);
#7159=ORIENTED_EDGE($,*,*,#5234,.T.);
#7160=ORIENTED_EDGE($,*,*,#5216,.F.);
#7161=ORIENTED_EDGE($,*,*,#5230,.T.);
#7162=ORIENTED_EDGE($,*,*,#5235,.F.);
#7163=ORIENTED_EDGE($,*,*,#5227,.F.);
#7164=ORIENTED_EDGE($,*,*,#5236,.F.);
#7165=ORIENTED_EDGE($,*,*,#5237,.F.);
#7166=ORIENTED_EDGE($,*,*,#5238,.F.);
#7167=ORIENTED_EDGE($,*,*,#5232,.T.);
#7168=ORIENTED_EDGE($,*,*,#5228,.T.);
#7169=ORIENTED_EDGE($,*,*,#5235,.T.);
#7170=ORIENTED_EDGE($,*,*,#5229,.T.);
#7171=ORIENTED_EDGE($,*,*,#5225,.T.);
#7172=ORIENTED_EDGE($,*,*,#5239,.F.);
#7173=ORIENTED_EDGE($,*,*,#5234,.F.);
#7174=ORIENTED_EDGE($,*,*,#5240,.F.);
#7175=ORIENTED_EDGE($,*,*,#5241,.T.);
#7176=ORIENTED_EDGE($,*,*,#5242,.F.);
#7177=ORIENTED_EDGE($,*,*,#5241,.F.);
#7178=ORIENTED_EDGE($,*,*,#5243,.F.);
#7179=ORIENTED_EDGE($,*,*,#5237,.T.);
#7180=ORIENTED_EDGE($,*,*,#5214,.F.);
#7181=ORIENTED_EDGE($,*,*,#5244,.T.);
#7182=ORIENTED_EDGE($,*,*,#5245,.F.);
#7183=ORIENTED_EDGE($,*,*,#5246,.F.);
#7184=ORIENTED_EDGE($,*,*,#5213,.F.);
#7185=ORIENTED_EDGE($,*,*,#5247,.T.);
#7186=ORIENTED_EDGE($,*,*,#5248,.F.);
#7187=ORIENTED_EDGE($,*,*,#5244,.F.);
#7188=ORIENTED_EDGE($,*,*,#5215,.F.);
#7189=ORIENTED_EDGE($,*,*,#5246,.T.);
#7190=ORIENTED_EDGE($,*,*,#5249,.F.);
#7191=ORIENTED_EDGE($,*,*,#5250,.F.);
#7192=ORIENTED_EDGE($,*,*,#5251,.F.);
#7193=ORIENTED_EDGE($,*,*,#5252,.F.);
#7194=ORIENTED_EDGE($,*,*,#5253,.F.);
#7195=ORIENTED_EDGE($,*,*,#5254,.T.);
#7196=ORIENTED_EDGE($,*,*,#5212,.F.);
#7197=ORIENTED_EDGE($,*,*,#5250,.T.);
#7198=ORIENTED_EDGE($,*,*,#5255,.F.);
#7199=ORIENTED_EDGE($,*,*,#5247,.F.);
#7200=ORIENTED_EDGE($,*,*,#5256,.F.);
#7201=ORIENTED_EDGE($,*,*,#5257,.F.);
#7202=ORIENTED_EDGE($,*,*,#5258,.F.);
#7203=ORIENTED_EDGE($,*,*,#5252,.T.);
#7204=ORIENTED_EDGE($,*,*,#5248,.T.);
#7205=ORIENTED_EDGE($,*,*,#5255,.T.);
#7206=ORIENTED_EDGE($,*,*,#5249,.T.);
#7207=ORIENTED_EDGE($,*,*,#5245,.T.);
#7208=ORIENTED_EDGE($,*,*,#5259,.F.);
#7209=ORIENTED_EDGE($,*,*,#5254,.F.);
#7210=ORIENTED_EDGE($,*,*,#5260,.F.);
#7211=ORIENTED_EDGE($,*,*,#5261,.T.);
#7212=ORIENTED_EDGE($,*,*,#5262,.F.);
#7213=ORIENTED_EDGE($,*,*,#5261,.F.);
#7214=ORIENTED_EDGE($,*,*,#5263,.F.);
#7215=ORIENTED_EDGE($,*,*,#5257,.T.);
#7216=ORIENTED_EDGE($,*,*,#5210,.F.);
#7217=ORIENTED_EDGE($,*,*,#5264,.T.);
#7218=ORIENTED_EDGE($,*,*,#5265,.F.);
#7219=ORIENTED_EDGE($,*,*,#5266,.F.);
#7220=ORIENTED_EDGE($,*,*,#5209,.F.);
#7221=ORIENTED_EDGE($,*,*,#5267,.T.);
#7222=ORIENTED_EDGE($,*,*,#5268,.F.);
#7223=ORIENTED_EDGE($,*,*,#5264,.F.);
#7224=ORIENTED_EDGE($,*,*,#5211,.F.);
#7225=ORIENTED_EDGE($,*,*,#5266,.T.);
#7226=ORIENTED_EDGE($,*,*,#5269,.F.);
#7227=ORIENTED_EDGE($,*,*,#5270,.F.);
#7228=ORIENTED_EDGE($,*,*,#5271,.F.);
#7229=ORIENTED_EDGE($,*,*,#5272,.F.);
#7230=ORIENTED_EDGE($,*,*,#5273,.F.);
#7231=ORIENTED_EDGE($,*,*,#5274,.T.);
#7232=ORIENTED_EDGE($,*,*,#5208,.F.);
#7233=ORIENTED_EDGE($,*,*,#5270,.T.);
#7234=ORIENTED_EDGE($,*,*,#5275,.F.);
#7235=ORIENTED_EDGE($,*,*,#5267,.F.);
#7236=ORIENTED_EDGE($,*,*,#5276,.F.);
#7237=ORIENTED_EDGE($,*,*,#5277,.F.);
#7238=ORIENTED_EDGE($,*,*,#5278,.F.);
#7239=ORIENTED_EDGE($,*,*,#5272,.T.);
#7240=ORIENTED_EDGE($,*,*,#5268,.T.);
#7241=ORIENTED_EDGE($,*,*,#5275,.T.);
#7242=ORIENTED_EDGE($,*,*,#5269,.T.);
#7243=ORIENTED_EDGE($,*,*,#5265,.T.);
#7244=ORIENTED_EDGE($,*,*,#5279,.F.);
#7245=ORIENTED_EDGE($,*,*,#5274,.F.);
#7246=ORIENTED_EDGE($,*,*,#5280,.F.);
#7247=ORIENTED_EDGE($,*,*,#5281,.T.);
#7248=ORIENTED_EDGE($,*,*,#5282,.F.);
#7249=ORIENTED_EDGE($,*,*,#5281,.F.);
#7250=ORIENTED_EDGE($,*,*,#5283,.F.);
#7251=ORIENTED_EDGE($,*,*,#5277,.T.);
#7252=ORIENTED_EDGE($,*,*,#5206,.F.);
#7253=ORIENTED_EDGE($,*,*,#5284,.T.);
#7254=ORIENTED_EDGE($,*,*,#5285,.F.);
#7255=ORIENTED_EDGE($,*,*,#5286,.F.);
#7256=ORIENTED_EDGE($,*,*,#5205,.F.);
#7257=ORIENTED_EDGE($,*,*,#5287,.T.);
#7258=ORIENTED_EDGE($,*,*,#5288,.F.);
#7259=ORIENTED_EDGE($,*,*,#5284,.F.);
#7260=ORIENTED_EDGE($,*,*,#5207,.F.);
#7261=ORIENTED_EDGE($,*,*,#5286,.T.);
#7262=ORIENTED_EDGE($,*,*,#5289,.F.);
#7263=ORIENTED_EDGE($,*,*,#5290,.F.);
#7264=ORIENTED_EDGE($,*,*,#5291,.F.);
#7265=ORIENTED_EDGE($,*,*,#5292,.F.);
#7266=ORIENTED_EDGE($,*,*,#5293,.F.);
#7267=ORIENTED_EDGE($,*,*,#5294,.T.);
#7268=ORIENTED_EDGE($,*,*,#5204,.F.);
#7269=ORIENTED_EDGE($,*,*,#5290,.T.);
#7270=ORIENTED_EDGE($,*,*,#5295,.F.);
#7271=ORIENTED_EDGE($,*,*,#5287,.F.);
#7272=ORIENTED_EDGE($,*,*,#5296,.F.);
#7273=ORIENTED_EDGE($,*,*,#5297,.F.);
#7274=ORIENTED_EDGE($,*,*,#5298,.F.);
#7275=ORIENTED_EDGE($,*,*,#5292,.T.);
#7276=ORIENTED_EDGE($,*,*,#5288,.T.);
#7277=ORIENTED_EDGE($,*,*,#5295,.T.);
#7278=ORIENTED_EDGE($,*,*,#5289,.T.);
#7279=ORIENTED_EDGE($,*,*,#5285,.T.);
#7280=ORIENTED_EDGE($,*,*,#5299,.F.);
#7281=ORIENTED_EDGE($,*,*,#5294,.F.);
#7282=ORIENTED_EDGE($,*,*,#5300,.F.);
#7283=ORIENTED_EDGE($,*,*,#5301,.T.);
#7284=ORIENTED_EDGE($,*,*,#5302,.F.);
#7285=ORIENTED_EDGE($,*,*,#5301,.F.);
#7286=ORIENTED_EDGE($,*,*,#5303,.F.);
#7287=ORIENTED_EDGE($,*,*,#5297,.T.);
#7288=ORIENTED_EDGE($,*,*,#5304,.F.);
#7289=ORIENTED_EDGE($,*,*,#5305,.T.);
#7290=ORIENTED_EDGE($,*,*,#5306,.F.);
#7291=ORIENTED_EDGE($,*,*,#5307,.F.);
#7292=ORIENTED_EDGE($,*,*,#5308,.F.);
#7293=ORIENTED_EDGE($,*,*,#5307,.T.);
#7294=ORIENTED_EDGE($,*,*,#5309,.F.);
#7295=ORIENTED_EDGE($,*,*,#5310,.F.);
#7296=ORIENTED_EDGE($,*,*,#5311,.F.);
#7297=ORIENTED_EDGE($,*,*,#5310,.T.);
#7298=ORIENTED_EDGE($,*,*,#5312,.F.);
#7299=ORIENTED_EDGE($,*,*,#5313,.F.);
#7300=ORIENTED_EDGE($,*,*,#5314,.F.);
#7301=ORIENTED_EDGE($,*,*,#5313,.T.);
#7302=ORIENTED_EDGE($,*,*,#5315,.F.);
#7303=ORIENTED_EDGE($,*,*,#5305,.F.);
#7304=ORIENTED_EDGE($,*,*,#5315,.T.);
#7305=ORIENTED_EDGE($,*,*,#5312,.T.);
#7306=ORIENTED_EDGE($,*,*,#5309,.T.);
#7307=ORIENTED_EDGE($,*,*,#5306,.T.);
#7308=ORIENTED_EDGE($,*,*,#5238,.T.);
#7309=ORIENTED_EDGE($,*,*,#5243,.T.);
#7310=ORIENTED_EDGE($,*,*,#5240,.T.);
#7311=ORIENTED_EDGE($,*,*,#5233,.T.);
#7312=ORIENTED_EDGE($,*,*,#5258,.T.);
#7313=ORIENTED_EDGE($,*,*,#5263,.T.);
#7314=ORIENTED_EDGE($,*,*,#5260,.T.);
#7315=ORIENTED_EDGE($,*,*,#5253,.T.);
#7316=ORIENTED_EDGE($,*,*,#5278,.T.);
#7317=ORIENTED_EDGE($,*,*,#5283,.T.);
#7318=ORIENTED_EDGE($,*,*,#5280,.T.);
#7319=ORIENTED_EDGE($,*,*,#5273,.T.);
#7320=ORIENTED_EDGE($,*,*,#5298,.T.);
#7321=ORIENTED_EDGE($,*,*,#5303,.T.);
#7322=ORIENTED_EDGE($,*,*,#5300,.T.);
#7323=ORIENTED_EDGE($,*,*,#5293,.T.);
#7324=ORIENTED_EDGE($,*,*,#5314,.T.);
#7325=ORIENTED_EDGE($,*,*,#5304,.T.);
#7326=ORIENTED_EDGE($,*,*,#5308,.T.);
#7327=ORIENTED_EDGE($,*,*,#5311,.T.);
#7328=ORIENTED_EDGE($,*,*,#5200,.F.);
#7329=ORIENTED_EDGE($,*,*,#5221,.T.);
#7330=ORIENTED_EDGE($,*,*,#5316,.F.);
#7331=ORIENTED_EDGE($,*,*,#5317,.F.);
#7332=ORIENTED_EDGE($,*,*,#5201,.F.);
#7333=ORIENTED_EDGE($,*,*,#5317,.T.);
#7334=ORIENTED_EDGE($,*,*,#5318,.F.);
#7335=ORIENTED_EDGE($,*,*,#5319,.F.);
#7336=ORIENTED_EDGE($,*,*,#5202,.F.);
#7337=ORIENTED_EDGE($,*,*,#5319,.T.);
#7338=ORIENTED_EDGE($,*,*,#5320,.F.);
#7339=ORIENTED_EDGE($,*,*,#5222,.F.);
#7340=ORIENTED_EDGE($,*,*,#5189,.T.);
#7341=ORIENTED_EDGE($,*,*,#5223,.T.);
#7342=ORIENTED_EDGE($,*,*,#5320,.T.);
#7343=ORIENTED_EDGE($,*,*,#5318,.T.);
#7344=ORIENTED_EDGE($,*,*,#5316,.T.);
#7345=ORIENTED_EDGE($,*,*,#5220,.T.);
#7346=ORIENTED_EDGE($,*,*,#5196,.T.);
#7347=ORIENTED_EDGE($,*,*,#5193,.T.);
#7348=ORIENTED_EDGE($,*,*,#5236,.T.);
#7349=ORIENTED_EDGE($,*,*,#5231,.T.);
#7350=ORIENTED_EDGE($,*,*,#5239,.T.);
#7351=ORIENTED_EDGE($,*,*,#5242,.T.);
#7352=ORIENTED_EDGE($,*,*,#5256,.T.);
#7353=ORIENTED_EDGE($,*,*,#5251,.T.);
#7354=ORIENTED_EDGE($,*,*,#5259,.T.);
#7355=ORIENTED_EDGE($,*,*,#5262,.T.);
#7356=ORIENTED_EDGE($,*,*,#5276,.T.);
#7357=ORIENTED_EDGE($,*,*,#5271,.T.);
#7358=ORIENTED_EDGE($,*,*,#5279,.T.);
#7359=ORIENTED_EDGE($,*,*,#5282,.T.);
#7360=ORIENTED_EDGE($,*,*,#5296,.T.);
#7361=ORIENTED_EDGE($,*,*,#5291,.T.);
#7362=ORIENTED_EDGE($,*,*,#5299,.T.);
#7363=ORIENTED_EDGE($,*,*,#5302,.T.);
#7364=ORIENTED_EDGE($,*,*,#5321,.T.);
#7365=ORIENTED_EDGE($,*,*,#5322,.T.);
#7366=ORIENTED_EDGE($,*,*,#5323,.T.);
#7367=ORIENTED_EDGE($,*,*,#5324,.T.);
#7368=ORIENTED_EDGE($,*,*,#5325,.T.);
#7369=ORIENTED_EDGE($,*,*,#5326,.T.);
#7370=ORIENTED_EDGE($,*,*,#5327,.T.);
#7371=ORIENTED_EDGE($,*,*,#5328,.T.);
#7372=ORIENTED_EDGE($,*,*,#5329,.T.);
#7373=ORIENTED_EDGE($,*,*,#5330,.F.);
#7374=ORIENTED_EDGE($,*,*,#5331,.F.);
#7375=ORIENTED_EDGE($,*,*,#5328,.F.);
#7376=ORIENTED_EDGE($,*,*,#5332,.T.);
#7377=ORIENTED_EDGE($,*,*,#5323,.F.);
#7378=ORIENTED_EDGE($,*,*,#5333,.F.);
#7379=ORIENTED_EDGE($,*,*,#5326,.F.);
#7380=ORIENTED_EDGE($,*,*,#5330,.T.);
#7381=ORIENTED_EDGE($,*,*,#5334,.T.);
#7382=ORIENTED_EDGE($,*,*,#5335,.T.);
#7383=ORIENTED_EDGE($,*,*,#5336,.T.);
#7384=ORIENTED_EDGE($,*,*,#5337,.F.);
#7385=ORIENTED_EDGE($,*,*,#5338,.T.);
#7386=ORIENTED_EDGE($,*,*,#5339,.F.);
#7387=ORIENTED_EDGE($,*,*,#5340,.F.);
#7388=ORIENTED_EDGE($,*,*,#5341,.F.);
#7389=ORIENTED_EDGE($,*,*,#5342,.T.);
#7390=ORIENTED_EDGE($,*,*,#5343,.F.);
#7391=ORIENTED_EDGE($,*,*,#5338,.F.);
#7392=ORIENTED_EDGE($,*,*,#5339,.T.);
#7393=ORIENTED_EDGE($,*,*,#5343,.T.);
#7394=ORIENTED_EDGE($,*,*,#5344,.T.);
#7395=ORIENTED_EDGE($,*,*,#5345,.T.);
#7396=ORIENTED_EDGE($,*,*,#5346,.F.);
#7397=ORIENTED_EDGE($,*,*,#5347,.T.);
#7398=ORIENTED_EDGE($,*,*,#5344,.F.);
#7399=ORIENTED_EDGE($,*,*,#5342,.F.);
#7400=ORIENTED_EDGE($,*,*,#5348,.F.);
#7401=ORIENTED_EDGE($,*,*,#5340,.T.);
#7402=ORIENTED_EDGE($,*,*,#5345,.F.);
#7403=ORIENTED_EDGE($,*,*,#5347,.F.);
#7404=ORIENTED_EDGE($,*,*,#5349,.F.);
#7405=ORIENTED_EDGE($,*,*,#5350,.T.);
#7406=ORIENTED_EDGE($,*,*,#5351,.F.);
#7407=ORIENTED_EDGE($,*,*,#5352,.F.);
#7408=ORIENTED_EDGE($,*,*,#5353,.F.);
#7409=ORIENTED_EDGE($,*,*,#5354,.T.);
#7410=ORIENTED_EDGE($,*,*,#5355,.F.);
#7411=ORIENTED_EDGE($,*,*,#5350,.F.);
#7412=ORIENTED_EDGE($,*,*,#5351,.T.);
#7413=ORIENTED_EDGE($,*,*,#5355,.T.);
#7414=ORIENTED_EDGE($,*,*,#5356,.T.);
#7415=ORIENTED_EDGE($,*,*,#5357,.T.);
#7416=ORIENTED_EDGE($,*,*,#5358,.F.);
#7417=ORIENTED_EDGE($,*,*,#5359,.T.);
#7418=ORIENTED_EDGE($,*,*,#5356,.F.);
#7419=ORIENTED_EDGE($,*,*,#5354,.F.);
#7420=ORIENTED_EDGE($,*,*,#5360,.F.);
#7421=ORIENTED_EDGE($,*,*,#5352,.T.);
#7422=ORIENTED_EDGE($,*,*,#5357,.F.);
#7423=ORIENTED_EDGE($,*,*,#5359,.F.);
#7424=ORIENTED_EDGE($,*,*,#5361,.F.);
#7425=ORIENTED_EDGE($,*,*,#5362,.T.);
#7426=ORIENTED_EDGE($,*,*,#5363,.F.);
#7427=ORIENTED_EDGE($,*,*,#5364,.F.);
#7428=ORIENTED_EDGE($,*,*,#5365,.F.);
#7429=ORIENTED_EDGE($,*,*,#5366,.T.);
#7430=ORIENTED_EDGE($,*,*,#5367,.F.);
#7431=ORIENTED_EDGE($,*,*,#5362,.F.);
#7432=ORIENTED_EDGE($,*,*,#5363,.T.);
#7433=ORIENTED_EDGE($,*,*,#5367,.T.);
#7434=ORIENTED_EDGE($,*,*,#5368,.T.);
#7435=ORIENTED_EDGE($,*,*,#5369,.T.);
#7436=ORIENTED_EDGE($,*,*,#5370,.F.);
#7437=ORIENTED_EDGE($,*,*,#5371,.T.);
#7438=ORIENTED_EDGE($,*,*,#5368,.F.);
#7439=ORIENTED_EDGE($,*,*,#5366,.F.);
#7440=ORIENTED_EDGE($,*,*,#5372,.F.);
#7441=ORIENTED_EDGE($,*,*,#5364,.T.);
#7442=ORIENTED_EDGE($,*,*,#5369,.F.);
#7443=ORIENTED_EDGE($,*,*,#5371,.F.);
#7444=ORIENTED_EDGE($,*,*,#5341,.T.);
#7445=ORIENTED_EDGE($,*,*,#5337,.T.);
#7446=ORIENTED_EDGE($,*,*,#5348,.T.);
#7447=ORIENTED_EDGE($,*,*,#5346,.T.);
#7448=ORIENTED_EDGE($,*,*,#5353,.T.);
#7449=ORIENTED_EDGE($,*,*,#5349,.T.);
#7450=ORIENTED_EDGE($,*,*,#5360,.T.);
#7451=ORIENTED_EDGE($,*,*,#5358,.T.);
#7452=ORIENTED_EDGE($,*,*,#5365,.T.);
#7453=ORIENTED_EDGE($,*,*,#5361,.T.);
#7454=ORIENTED_EDGE($,*,*,#5372,.T.);
#7455=ORIENTED_EDGE($,*,*,#5370,.T.);
#7456=ORIENTED_EDGE($,*,*,#5373,.T.);
#7457=ORIENTED_EDGE($,*,*,#5374,.T.);
#7458=ORIENTED_EDGE($,*,*,#5375,.T.);
#7459=ORIENTED_EDGE($,*,*,#5376,.T.);
#7460=ORIENTED_EDGE($,*,*,#5377,.F.);
#7461=ORIENTED_EDGE($,*,*,#5378,.F.);
#7462=ORIENTED_EDGE($,*,*,#5379,.F.);
#7463=ORIENTED_EDGE($,*,*,#5380,.F.);
#7464=ORIENTED_EDGE($,*,*,#5374,.F.);
#7465=ORIENTED_EDGE($,*,*,#5381,.T.);
#7466=ORIENTED_EDGE($,*,*,#5334,.F.);
#7467=ORIENTED_EDGE($,*,*,#5329,.F.);
#7468=ORIENTED_EDGE($,*,*,#5327,.F.);
#7469=ORIENTED_EDGE($,*,*,#5333,.T.);
#7470=ORIENTED_EDGE($,*,*,#5322,.F.);
#7471=ORIENTED_EDGE($,*,*,#5382,.F.);
#7472=ORIENTED_EDGE($,*,*,#5375,.F.);
#7473=ORIENTED_EDGE($,*,*,#5382,.T.);
#7474=ORIENTED_EDGE($,*,*,#5321,.F.);
#7475=ORIENTED_EDGE($,*,*,#5383,.F.);
#7476=ORIENTED_EDGE($,*,*,#5376,.F.);
#7477=ORIENTED_EDGE($,*,*,#5383,.T.);
#7478=ORIENTED_EDGE($,*,*,#5324,.F.);
#7479=ORIENTED_EDGE($,*,*,#5332,.F.);
#7480=ORIENTED_EDGE($,*,*,#5325,.F.);
#7481=ORIENTED_EDGE($,*,*,#5331,.T.);
#7482=ORIENTED_EDGE($,*,*,#5336,.F.);
#7483=ORIENTED_EDGE($,*,*,#5384,.F.);
#7484=ORIENTED_EDGE($,*,*,#5373,.F.);
#7485=ORIENTED_EDGE($,*,*,#5384,.T.);
#7486=ORIENTED_EDGE($,*,*,#5335,.F.);
#7487=ORIENTED_EDGE($,*,*,#5381,.F.);
#7488=ORIENTED_EDGE($,*,*,#5379,.T.);
#7489=ORIENTED_EDGE($,*,*,#5385,.T.);
#7490=ORIENTED_EDGE($,*,*,#5386,.F.);
#7491=ORIENTED_EDGE($,*,*,#5387,.F.);
#7492=ORIENTED_EDGE($,*,*,#5378,.T.);
#7493=ORIENTED_EDGE($,*,*,#5388,.T.);
#7494=ORIENTED_EDGE($,*,*,#5389,.F.);
#7495=ORIENTED_EDGE($,*,*,#5385,.F.);
#7496=ORIENTED_EDGE($,*,*,#5389,.T.);
#7497=ORIENTED_EDGE($,*,*,#5390,.T.);
#7498=ORIENTED_EDGE($,*,*,#5391,.T.);
#7499=ORIENTED_EDGE($,*,*,#5386,.T.);
#7500=ORIENTED_EDGE($,*,*,#5377,.T.);
#7501=ORIENTED_EDGE($,*,*,#5392,.T.);
#7502=ORIENTED_EDGE($,*,*,#5390,.F.);
#7503=ORIENTED_EDGE($,*,*,#5388,.F.);
#7504=ORIENTED_EDGE($,*,*,#5380,.T.);
#7505=ORIENTED_EDGE($,*,*,#5387,.T.);
#7506=ORIENTED_EDGE($,*,*,#5391,.F.);
#7507=ORIENTED_EDGE($,*,*,#5392,.F.);
#7508=ORIENTED_EDGE($,*,*,#5393,.T.);
#7509=ORIENTED_EDGE($,*,*,#5394,.T.);
#7510=ORIENTED_EDGE($,*,*,#5395,.T.);
#7511=ORIENTED_EDGE($,*,*,#5396,.T.);
#7512=ORIENTED_EDGE($,*,*,#5397,.T.);
#7513=ORIENTED_EDGE($,*,*,#5398,.T.);
#7514=ORIENTED_EDGE($,*,*,#5399,.T.);
#7515=ORIENTED_EDGE($,*,*,#5400,.T.);
#7516=ORIENTED_EDGE($,*,*,#5401,.T.);
#7517=ORIENTED_EDGE($,*,*,#5398,.F.);
#7518=ORIENTED_EDGE($,*,*,#5402,.F.);
#7519=ORIENTED_EDGE($,*,*,#5396,.F.);
#7520=ORIENTED_EDGE($,*,*,#5403,.T.);
#7521=ORIENTED_EDGE($,*,*,#5399,.F.);
#7522=ORIENTED_EDGE($,*,*,#5401,.F.);
#7523=ORIENTED_EDGE($,*,*,#5395,.F.);
#7524=ORIENTED_EDGE($,*,*,#5404,.T.);
#7525=ORIENTED_EDGE($,*,*,#5400,.F.);
#7526=ORIENTED_EDGE($,*,*,#5403,.F.);
#7527=ORIENTED_EDGE($,*,*,#5394,.F.);
#7528=ORIENTED_EDGE($,*,*,#5402,.T.);
#7529=ORIENTED_EDGE($,*,*,#5397,.F.);
#7530=ORIENTED_EDGE($,*,*,#5404,.F.);
#7531=ORIENTED_EDGE($,*,*,#5393,.F.);
#7532=ORIENTED_EDGE($,*,*,#5405,.F.);
#7533=ORIENTED_EDGE($,*,*,#5406,.F.);
#7534=ORIENTED_EDGE($,*,*,#5407,.F.);
#7535=ORIENTED_EDGE($,*,*,#5408,.F.);
#7536=ORIENTED_EDGE($,*,*,#5409,.F.);
#7537=ORIENTED_EDGE($,*,*,#5410,.F.);
#7538=ORIENTED_EDGE($,*,*,#5408,.T.);
#7539=ORIENTED_EDGE($,*,*,#5405,.T.);
#7540=ORIENTED_EDGE($,*,*,#5410,.T.);
#7541=ORIENTED_EDGE($,*,*,#5407,.T.);
#7542=ORIENTED_EDGE($,*,*,#5411,.T.);
#7543=ORIENTED_EDGE($,*,*,#5412,.T.);
#7544=ORIENTED_EDGE($,*,*,#5413,.T.);
#7545=ORIENTED_EDGE($,*,*,#5414,.T.);
#7546=ORIENTED_EDGE($,*,*,#5415,.T.);
#7547=ORIENTED_EDGE($,*,*,#5416,.T.);
#7548=ORIENTED_EDGE($,*,*,#5417,.T.);
#7549=ORIENTED_EDGE($,*,*,#5418,.T.);
#7550=ORIENTED_EDGE($,*,*,#5419,.T.);
#7551=ORIENTED_EDGE($,*,*,#5406,.T.);
#7552=ORIENTED_EDGE($,*,*,#5415,.F.);
#7553=ORIENTED_EDGE($,*,*,#5420,.F.);
#7554=ORIENTED_EDGE($,*,*,#5419,.F.);
#7555=ORIENTED_EDGE($,*,*,#5421,.T.);
#7556=ORIENTED_EDGE($,*,*,#5411,.F.);
#7557=ORIENTED_EDGE($,*,*,#5422,.T.);
#7558=ORIENTED_EDGE($,*,*,#5412,.F.);
#7559=ORIENTED_EDGE($,*,*,#5421,.F.);
#7560=ORIENTED_EDGE($,*,*,#5418,.F.);
#7561=ORIENTED_EDGE($,*,*,#5423,.T.);
#7562=ORIENTED_EDGE($,*,*,#5413,.F.);
#7563=ORIENTED_EDGE($,*,*,#5422,.F.);
#7564=ORIENTED_EDGE($,*,*,#5417,.F.);
#7565=ORIENTED_EDGE($,*,*,#5420,.T.);
#7566=ORIENTED_EDGE($,*,*,#5414,.F.);
#7567=ORIENTED_EDGE($,*,*,#5423,.F.);
#7568=ORIENTED_EDGE($,*,*,#5416,.F.);
#7569=ORIENTED_EDGE($,*,*,#5424,.F.);
#7570=ORIENTED_EDGE($,*,*,#5425,.F.);
#7571=ORIENTED_EDGE($,*,*,#5424,.T.);
#7572=ORIENTED_EDGE($,*,*,#5409,.T.);
#7573=ORIENTED_EDGE($,*,*,#5425,.T.);
#7574=ORIENTED_EDGE($,*,*,#5426,.F.);
#7575=ORIENTED_EDGE($,*,*,#5426,.T.);
#7576=ORIENTED_EDGE($,*,*,#5427,.T.);
#7577=ORIENTED_EDGE($,*,*,#5428,.T.);
#7578=ORIENTED_EDGE($,*,*,#5429,.T.);
#7579=ORIENTED_EDGE($,*,*,#5430,.T.);
#7580=ORIENTED_EDGE($,*,*,#5431,.T.);
#7581=ORIENTED_EDGE($,*,*,#5432,.T.);
#7582=ORIENTED_EDGE($,*,*,#5433,.T.);
#7583=ORIENTED_EDGE($,*,*,#5434,.T.);
#7584=ORIENTED_EDGE($,*,*,#5435,.T.);
#7585=ORIENTED_EDGE($,*,*,#5432,.F.);
#7586=ORIENTED_EDGE($,*,*,#5436,.F.);
#7587=ORIENTED_EDGE($,*,*,#5430,.F.);
#7588=ORIENTED_EDGE($,*,*,#5437,.T.);
#7589=ORIENTED_EDGE($,*,*,#5433,.F.);
#7590=ORIENTED_EDGE($,*,*,#5435,.F.);
#7591=ORIENTED_EDGE($,*,*,#5429,.F.);
#7592=ORIENTED_EDGE($,*,*,#5438,.T.);
#7593=ORIENTED_EDGE($,*,*,#5434,.F.);
#7594=ORIENTED_EDGE($,*,*,#5437,.F.);
#7595=ORIENTED_EDGE($,*,*,#5428,.F.);
#7596=ORIENTED_EDGE($,*,*,#5436,.T.);
#7597=ORIENTED_EDGE($,*,*,#5431,.F.);
#7598=ORIENTED_EDGE($,*,*,#5438,.F.);
#7599=ORIENTED_EDGE($,*,*,#5427,.F.);
#7600=ORIENTED_EDGE($,*,*,#5439,.F.);
#7601=ORIENTED_EDGE($,*,*,#5440,.F.);
#7602=ORIENTED_EDGE($,*,*,#5439,.T.);
#7603=ORIENTED_EDGE($,*,*,#5440,.T.);
#7604=ORIENTED_EDGE($,*,*,#5441,.T.);
#7605=ORIENTED_EDGE($,*,*,#5442,.T.);
#7606=ORIENTED_EDGE($,*,*,#5443,.T.);
#7607=ORIENTED_EDGE($,*,*,#5444,.T.);
#7608=ORIENTED_EDGE($,*,*,#5445,.T.);
#7609=ORIENTED_EDGE($,*,*,#5446,.T.);
#7610=ORIENTED_EDGE($,*,*,#5447,.T.);
#7611=ORIENTED_EDGE($,*,*,#5448,.T.);
#7612=ORIENTED_EDGE($,*,*,#5449,.T.);
#7613=ORIENTED_EDGE($,*,*,#5446,.F.);
#7614=ORIENTED_EDGE($,*,*,#5450,.F.);
#7615=ORIENTED_EDGE($,*,*,#5444,.F.);
#7616=ORIENTED_EDGE($,*,*,#5451,.T.);
#7617=ORIENTED_EDGE($,*,*,#5447,.F.);
#7618=ORIENTED_EDGE($,*,*,#5449,.F.);
#7619=ORIENTED_EDGE($,*,*,#5443,.F.);
#7620=ORIENTED_EDGE($,*,*,#5452,.T.);
#7621=ORIENTED_EDGE($,*,*,#5448,.F.);
#7622=ORIENTED_EDGE($,*,*,#5451,.F.);
#7623=ORIENTED_EDGE($,*,*,#5442,.F.);
#7624=ORIENTED_EDGE($,*,*,#5450,.T.);
#7625=ORIENTED_EDGE($,*,*,#5445,.F.);
#7626=ORIENTED_EDGE($,*,*,#5452,.F.);
#7627=ORIENTED_EDGE($,*,*,#5441,.F.);
#7628=ORIENTED_EDGE($,*,*,#5453,.T.);
#7629=ORIENTED_EDGE($,*,*,#5454,.T.);
#7630=ORIENTED_EDGE($,*,*,#5455,.T.);
#7631=ORIENTED_EDGE($,*,*,#5456,.T.);
#7632=ORIENTED_EDGE($,*,*,#5457,.T.);
#7633=ORIENTED_EDGE($,*,*,#5458,.T.);
#7634=ORIENTED_EDGE($,*,*,#5459,.T.);
#7635=ORIENTED_EDGE($,*,*,#5460,.T.);
#7636=ORIENTED_EDGE($,*,*,#5461,.T.);
#7637=ORIENTED_EDGE($,*,*,#5458,.F.);
#7638=ORIENTED_EDGE($,*,*,#5462,.F.);
#7639=ORIENTED_EDGE($,*,*,#5456,.F.);
#7640=ORIENTED_EDGE($,*,*,#5463,.T.);
#7641=ORIENTED_EDGE($,*,*,#5459,.F.);
#7642=ORIENTED_EDGE($,*,*,#5461,.F.);
#7643=ORIENTED_EDGE($,*,*,#5455,.F.);
#7644=ORIENTED_EDGE($,*,*,#5464,.T.);
#7645=ORIENTED_EDGE($,*,*,#5460,.F.);
#7646=ORIENTED_EDGE($,*,*,#5463,.F.);
#7647=ORIENTED_EDGE($,*,*,#5454,.F.);
#7648=ORIENTED_EDGE($,*,*,#5462,.T.);
#7649=ORIENTED_EDGE($,*,*,#5457,.F.);
#7650=ORIENTED_EDGE($,*,*,#5464,.F.);
#7651=ORIENTED_EDGE($,*,*,#5453,.F.);
#7652=ORIENTED_EDGE($,*,*,#5465,.F.);
#7653=ORIENTED_EDGE($,*,*,#5466,.F.);
#7654=ORIENTED_EDGE($,*,*,#5465,.T.);
#7655=ORIENTED_EDGE($,*,*,#5466,.T.);
#7656=ORIENTED_EDGE($,*,*,#5467,.T.);
#7657=ORIENTED_EDGE($,*,*,#5468,.T.);
#7658=ORIENTED_EDGE($,*,*,#5469,.T.);
#7659=ORIENTED_EDGE($,*,*,#5470,.T.);
#7660=ORIENTED_EDGE($,*,*,#5471,.T.);
#7661=ORIENTED_EDGE($,*,*,#5472,.T.);
#7662=ORIENTED_EDGE($,*,*,#5473,.T.);
#7663=ORIENTED_EDGE($,*,*,#5474,.T.);
#7664=ORIENTED_EDGE($,*,*,#5475,.T.);
#7665=ORIENTED_EDGE($,*,*,#5472,.F.);
#7666=ORIENTED_EDGE($,*,*,#5476,.F.);
#7667=ORIENTED_EDGE($,*,*,#5470,.F.);
#7668=ORIENTED_EDGE($,*,*,#5477,.T.);
#7669=ORIENTED_EDGE($,*,*,#5473,.F.);
#7670=ORIENTED_EDGE($,*,*,#5475,.F.);
#7671=ORIENTED_EDGE($,*,*,#5469,.F.);
#7672=ORIENTED_EDGE($,*,*,#5478,.T.);
#7673=ORIENTED_EDGE($,*,*,#5474,.F.);
#7674=ORIENTED_EDGE($,*,*,#5477,.F.);
#7675=ORIENTED_EDGE($,*,*,#5468,.F.);
#7676=ORIENTED_EDGE($,*,*,#5476,.T.);
#7677=ORIENTED_EDGE($,*,*,#5471,.F.);
#7678=ORIENTED_EDGE($,*,*,#5478,.F.);
#7679=ORIENTED_EDGE($,*,*,#5467,.F.);
#7680=ORIENTED_EDGE($,*,*,#5479,.T.);
#7681=ORIENTED_EDGE($,*,*,#5480,.T.);
#7682=ORIENTED_EDGE($,*,*,#5481,.T.);
#7683=ORIENTED_EDGE($,*,*,#5482,.T.);
#7684=ORIENTED_EDGE($,*,*,#5483,.T.);
#7685=ORIENTED_EDGE($,*,*,#5484,.T.);
#7686=ORIENTED_EDGE($,*,*,#5485,.T.);
#7687=ORIENTED_EDGE($,*,*,#5486,.T.);
#7688=ORIENTED_EDGE($,*,*,#5487,.T.);
#7689=ORIENTED_EDGE($,*,*,#5484,.F.);
#7690=ORIENTED_EDGE($,*,*,#5488,.F.);
#7691=ORIENTED_EDGE($,*,*,#5482,.F.);
#7692=ORIENTED_EDGE($,*,*,#5489,.T.);
#7693=ORIENTED_EDGE($,*,*,#5485,.F.);
#7694=ORIENTED_EDGE($,*,*,#5487,.F.);
#7695=ORIENTED_EDGE($,*,*,#5481,.F.);
#7696=ORIENTED_EDGE($,*,*,#5490,.T.);
#7697=ORIENTED_EDGE($,*,*,#5486,.F.);
#7698=ORIENTED_EDGE($,*,*,#5489,.F.);
#7699=ORIENTED_EDGE($,*,*,#5480,.F.);
#7700=ORIENTED_EDGE($,*,*,#5488,.T.);
#7701=ORIENTED_EDGE($,*,*,#5483,.F.);
#7702=ORIENTED_EDGE($,*,*,#5490,.F.);
#7703=ORIENTED_EDGE($,*,*,#5479,.F.);
#7704=ORIENTED_EDGE($,*,*,#5491,.T.);
#7705=ORIENTED_EDGE($,*,*,#5492,.T.);
#7706=ORIENTED_EDGE($,*,*,#5493,.T.);
#7707=ORIENTED_EDGE($,*,*,#5494,.T.);
#7708=ORIENTED_EDGE($,*,*,#5495,.T.);
#7709=ORIENTED_EDGE($,*,*,#5496,.T.);
#7710=ORIENTED_EDGE($,*,*,#5497,.T.);
#7711=ORIENTED_EDGE($,*,*,#5498,.T.);
#7712=ORIENTED_EDGE($,*,*,#5499,.T.);
#7713=ORIENTED_EDGE($,*,*,#5496,.F.);
#7714=ORIENTED_EDGE($,*,*,#5500,.F.);
#7715=ORIENTED_EDGE($,*,*,#5494,.F.);
#7716=ORIENTED_EDGE($,*,*,#5501,.T.);
#7717=ORIENTED_EDGE($,*,*,#5497,.F.);
#7718=ORIENTED_EDGE($,*,*,#5499,.F.);
#7719=ORIENTED_EDGE($,*,*,#5493,.F.);
#7720=ORIENTED_EDGE($,*,*,#5502,.T.);
#7721=ORIENTED_EDGE($,*,*,#5498,.F.);
#7722=ORIENTED_EDGE($,*,*,#5501,.F.);
#7723=ORIENTED_EDGE($,*,*,#5492,.F.);
#7724=ORIENTED_EDGE($,*,*,#5500,.T.);
#7725=ORIENTED_EDGE($,*,*,#5495,.F.);
#7726=ORIENTED_EDGE($,*,*,#5502,.F.);
#7727=ORIENTED_EDGE($,*,*,#5491,.F.);
#7728=ORIENTED_EDGE($,*,*,#5503,.T.);
#7729=ORIENTED_EDGE($,*,*,#5504,.T.);
#7730=ORIENTED_EDGE($,*,*,#5505,.T.);
#7731=ORIENTED_EDGE($,*,*,#5506,.T.);
#7732=ORIENTED_EDGE($,*,*,#5507,.T.);
#7733=ORIENTED_EDGE($,*,*,#5508,.T.);
#7734=ORIENTED_EDGE($,*,*,#5509,.T.);
#7735=ORIENTED_EDGE($,*,*,#5510,.T.);
#7736=ORIENTED_EDGE($,*,*,#5511,.T.);
#7737=ORIENTED_EDGE($,*,*,#5508,.F.);
#7738=ORIENTED_EDGE($,*,*,#5512,.F.);
#7739=ORIENTED_EDGE($,*,*,#5506,.F.);
#7740=ORIENTED_EDGE($,*,*,#5513,.T.);
#7741=ORIENTED_EDGE($,*,*,#5509,.F.);
#7742=ORIENTED_EDGE($,*,*,#5511,.F.);
#7743=ORIENTED_EDGE($,*,*,#5505,.F.);
#7744=ORIENTED_EDGE($,*,*,#5514,.T.);
#7745=ORIENTED_EDGE($,*,*,#5510,.F.);
#7746=ORIENTED_EDGE($,*,*,#5513,.F.);
#7747=ORIENTED_EDGE($,*,*,#5504,.F.);
#7748=ORIENTED_EDGE($,*,*,#5512,.T.);
#7749=ORIENTED_EDGE($,*,*,#5507,.F.);
#7750=ORIENTED_EDGE($,*,*,#5514,.F.);
#7751=ORIENTED_EDGE($,*,*,#5503,.F.);
#7752=ORIENTED_EDGE($,*,*,#5515,.T.);
#7753=ORIENTED_EDGE($,*,*,#5516,.T.);
#7754=ORIENTED_EDGE($,*,*,#5517,.T.);
#7755=ORIENTED_EDGE($,*,*,#5518,.T.);
#7756=ORIENTED_EDGE($,*,*,#5519,.T.);
#7757=ORIENTED_EDGE($,*,*,#5520,.T.);
#7758=ORIENTED_EDGE($,*,*,#5521,.T.);
#7759=ORIENTED_EDGE($,*,*,#5522,.T.);
#7760=ORIENTED_EDGE($,*,*,#5523,.T.);
#7761=ORIENTED_EDGE($,*,*,#5520,.F.);
#7762=ORIENTED_EDGE($,*,*,#5524,.F.);
#7763=ORIENTED_EDGE($,*,*,#5518,.F.);
#7764=ORIENTED_EDGE($,*,*,#5525,.T.);
#7765=ORIENTED_EDGE($,*,*,#5521,.F.);
#7766=ORIENTED_EDGE($,*,*,#5523,.F.);
#7767=ORIENTED_EDGE($,*,*,#5517,.F.);
#7768=ORIENTED_EDGE($,*,*,#5526,.T.);
#7769=ORIENTED_EDGE($,*,*,#5522,.F.);
#7770=ORIENTED_EDGE($,*,*,#5525,.F.);
#7771=ORIENTED_EDGE($,*,*,#5516,.F.);
#7772=ORIENTED_EDGE($,*,*,#5524,.T.);
#7773=ORIENTED_EDGE($,*,*,#5519,.F.);
#7774=ORIENTED_EDGE($,*,*,#5526,.F.);
#7775=ORIENTED_EDGE($,*,*,#5515,.F.);
#7776=ORIENTED_EDGE($,*,*,#5527,.T.);
#7777=ORIENTED_EDGE($,*,*,#5528,.T.);
#7778=ORIENTED_EDGE($,*,*,#5529,.T.);
#7779=ORIENTED_EDGE($,*,*,#5530,.T.);
#7780=ORIENTED_EDGE($,*,*,#5531,.T.);
#7781=ORIENTED_EDGE($,*,*,#5532,.T.);
#7782=ORIENTED_EDGE($,*,*,#5533,.T.);
#7783=ORIENTED_EDGE($,*,*,#5534,.T.);
#7784=ORIENTED_EDGE($,*,*,#5535,.T.);
#7785=ORIENTED_EDGE($,*,*,#5532,.F.);
#7786=ORIENTED_EDGE($,*,*,#5536,.F.);
#7787=ORIENTED_EDGE($,*,*,#5530,.F.);
#7788=ORIENTED_EDGE($,*,*,#5537,.T.);
#7789=ORIENTED_EDGE($,*,*,#5533,.F.);
#7790=ORIENTED_EDGE($,*,*,#5535,.F.);
#7791=ORIENTED_EDGE($,*,*,#5529,.F.);
#7792=ORIENTED_EDGE($,*,*,#5538,.T.);
#7793=ORIENTED_EDGE($,*,*,#5534,.F.);
#7794=ORIENTED_EDGE($,*,*,#5537,.F.);
#7795=ORIENTED_EDGE($,*,*,#5528,.F.);
#7796=ORIENTED_EDGE($,*,*,#5536,.T.);
#7797=ORIENTED_EDGE($,*,*,#5531,.F.);
#7798=ORIENTED_EDGE($,*,*,#5538,.F.);
#7799=ORIENTED_EDGE($,*,*,#5527,.F.);
#7800=ORIENTED_EDGE($,*,*,#5539,.T.);
#7801=ORIENTED_EDGE($,*,*,#5540,.T.);
#7802=ORIENTED_EDGE($,*,*,#5541,.T.);
#7803=ORIENTED_EDGE($,*,*,#5542,.T.);
#7804=ORIENTED_EDGE($,*,*,#5543,.T.);
#7805=ORIENTED_EDGE($,*,*,#5544,.T.);
#7806=ORIENTED_EDGE($,*,*,#5545,.T.);
#7807=ORIENTED_EDGE($,*,*,#5546,.T.);
#7808=ORIENTED_EDGE($,*,*,#5547,.T.);
#7809=ORIENTED_EDGE($,*,*,#5544,.F.);
#7810=ORIENTED_EDGE($,*,*,#5548,.F.);
#7811=ORIENTED_EDGE($,*,*,#5542,.F.);
#7812=ORIENTED_EDGE($,*,*,#5549,.T.);
#7813=ORIENTED_EDGE($,*,*,#5545,.F.);
#7814=ORIENTED_EDGE($,*,*,#5547,.F.);
#7815=ORIENTED_EDGE($,*,*,#5541,.F.);
#7816=ORIENTED_EDGE($,*,*,#5550,.T.);
#7817=ORIENTED_EDGE($,*,*,#5546,.F.);
#7818=ORIENTED_EDGE($,*,*,#5549,.F.);
#7819=ORIENTED_EDGE($,*,*,#5540,.F.);
#7820=ORIENTED_EDGE($,*,*,#5548,.T.);
#7821=ORIENTED_EDGE($,*,*,#5543,.F.);
#7822=ORIENTED_EDGE($,*,*,#5550,.F.);
#7823=ORIENTED_EDGE($,*,*,#5539,.F.);
#7824=ORIENTED_EDGE($,*,*,#5551,.F.);
#7825=ORIENTED_EDGE($,*,*,#5552,.F.);
#7826=ORIENTED_EDGE($,*,*,#5551,.T.);
#7827=ORIENTED_EDGE($,*,*,#5552,.T.);
#7828=ORIENTED_EDGE($,*,*,#5553,.F.);
#7829=ORIENTED_EDGE($,*,*,#5553,.T.);
#7830=ORIENTED_EDGE($,*,*,#5554,.F.);
#7831=ORIENTED_EDGE($,*,*,#5555,.F.);
#7832=ORIENTED_EDGE($,*,*,#5554,.T.);
#7833=ORIENTED_EDGE($,*,*,#5555,.T.);
#7834=ORIENTED_EDGE($,*,*,#5556,.T.);
#7835=ORIENTED_EDGE($,*,*,#5557,.T.);
#7836=ORIENTED_EDGE($,*,*,#5558,.T.);
#7837=ORIENTED_EDGE($,*,*,#5559,.T.);
#7838=ORIENTED_EDGE($,*,*,#5560,.T.);
#7839=ORIENTED_EDGE($,*,*,#5561,.T.);
#7840=ORIENTED_EDGE($,*,*,#5562,.T.);
#7841=ORIENTED_EDGE($,*,*,#5563,.T.);
#7842=ORIENTED_EDGE($,*,*,#5564,.T.);
#7843=ORIENTED_EDGE($,*,*,#5561,.F.);
#7844=ORIENTED_EDGE($,*,*,#5565,.F.);
#7845=ORIENTED_EDGE($,*,*,#5559,.F.);
#7846=ORIENTED_EDGE($,*,*,#5566,.T.);
#7847=ORIENTED_EDGE($,*,*,#5562,.F.);
#7848=ORIENTED_EDGE($,*,*,#5564,.F.);
#7849=ORIENTED_EDGE($,*,*,#5558,.F.);
#7850=ORIENTED_EDGE($,*,*,#5567,.T.);
#7851=ORIENTED_EDGE($,*,*,#5563,.F.);
#7852=ORIENTED_EDGE($,*,*,#5566,.F.);
#7853=ORIENTED_EDGE($,*,*,#5557,.F.);
#7854=ORIENTED_EDGE($,*,*,#5565,.T.);
#7855=ORIENTED_EDGE($,*,*,#5560,.F.);
#7856=ORIENTED_EDGE($,*,*,#5567,.F.);
#7857=ORIENTED_EDGE($,*,*,#5556,.F.);
#7858=ORIENTED_EDGE($,*,*,#5568,.T.);
#7859=ORIENTED_EDGE($,*,*,#5569,.T.);
#7860=ORIENTED_EDGE($,*,*,#5570,.T.);
#7861=ORIENTED_EDGE($,*,*,#5571,.T.);
#7862=ORIENTED_EDGE($,*,*,#5572,.T.);
#7863=ORIENTED_EDGE($,*,*,#5573,.T.);
#7864=ORIENTED_EDGE($,*,*,#5574,.T.);
#7865=ORIENTED_EDGE($,*,*,#5575,.T.);
#7866=ORIENTED_EDGE($,*,*,#5576,.T.);
#7867=ORIENTED_EDGE($,*,*,#5573,.F.);
#7868=ORIENTED_EDGE($,*,*,#5577,.F.);
#7869=ORIENTED_EDGE($,*,*,#5571,.F.);
#7870=ORIENTED_EDGE($,*,*,#5578,.T.);
#7871=ORIENTED_EDGE($,*,*,#5574,.F.);
#7872=ORIENTED_EDGE($,*,*,#5576,.F.);
#7873=ORIENTED_EDGE($,*,*,#5570,.F.);
#7874=ORIENTED_EDGE($,*,*,#5579,.T.);
#7875=ORIENTED_EDGE($,*,*,#5575,.F.);
#7876=ORIENTED_EDGE($,*,*,#5578,.F.);
#7877=ORIENTED_EDGE($,*,*,#5569,.F.);
#7878=ORIENTED_EDGE($,*,*,#5577,.T.);
#7879=ORIENTED_EDGE($,*,*,#5572,.F.);
#7880=ORIENTED_EDGE($,*,*,#5579,.F.);
#7881=ORIENTED_EDGE($,*,*,#5568,.F.);
#7882=ORIENTED_EDGE($,*,*,#5580,.T.);
#7883=ORIENTED_EDGE($,*,*,#5581,.T.);
#7884=ORIENTED_EDGE($,*,*,#5582,.T.);
#7885=ORIENTED_EDGE($,*,*,#5583,.T.);
#7886=ORIENTED_EDGE($,*,*,#5584,.T.);
#7887=ORIENTED_EDGE($,*,*,#5585,.T.);
#7888=ORIENTED_EDGE($,*,*,#5586,.T.);
#7889=ORIENTED_EDGE($,*,*,#5587,.T.);
#7890=ORIENTED_EDGE($,*,*,#5588,.T.);
#7891=ORIENTED_EDGE($,*,*,#5585,.F.);
#7892=ORIENTED_EDGE($,*,*,#5589,.F.);
#7893=ORIENTED_EDGE($,*,*,#5583,.F.);
#7894=ORIENTED_EDGE($,*,*,#5590,.T.);
#7895=ORIENTED_EDGE($,*,*,#5586,.F.);
#7896=ORIENTED_EDGE($,*,*,#5588,.F.);
#7897=ORIENTED_EDGE($,*,*,#5582,.F.);
#7898=ORIENTED_EDGE($,*,*,#5591,.T.);
#7899=ORIENTED_EDGE($,*,*,#5587,.F.);
#7900=ORIENTED_EDGE($,*,*,#5590,.F.);
#7901=ORIENTED_EDGE($,*,*,#5581,.F.);
#7902=ORIENTED_EDGE($,*,*,#5589,.T.);
#7903=ORIENTED_EDGE($,*,*,#5584,.F.);
#7904=ORIENTED_EDGE($,*,*,#5591,.F.);
#7905=ORIENTED_EDGE($,*,*,#5580,.F.);
#7906=ORIENTED_EDGE($,*,*,#5592,.F.);
#7907=ORIENTED_EDGE($,*,*,#5593,.T.);
#7908=ORIENTED_EDGE($,*,*,#5594,.F.);
#7909=ORIENTED_EDGE($,*,*,#5595,.F.);
#7910=ORIENTED_EDGE($,*,*,#5596,.F.);
#7911=ORIENTED_EDGE($,*,*,#5597,.T.);
#7912=ORIENTED_EDGE($,*,*,#5598,.F.);
#7913=ORIENTED_EDGE($,*,*,#5593,.F.);
#7914=ORIENTED_EDGE($,*,*,#5599,.F.);
#7915=ORIENTED_EDGE($,*,*,#5595,.T.);
#7916=ORIENTED_EDGE($,*,*,#5600,.F.);
#7917=ORIENTED_EDGE($,*,*,#5601,.F.);
#7918=ORIENTED_EDGE($,*,*,#5602,.F.);
#7919=ORIENTED_EDGE($,*,*,#5601,.T.);
#7920=ORIENTED_EDGE($,*,*,#5603,.F.);
#7921=ORIENTED_EDGE($,*,*,#5597,.F.);
#7922=ORIENTED_EDGE($,*,*,#5598,.T.);
#7923=ORIENTED_EDGE($,*,*,#5603,.T.);
#7924=ORIENTED_EDGE($,*,*,#5600,.T.);
#7925=ORIENTED_EDGE($,*,*,#5594,.T.);
#7926=ORIENTED_EDGE($,*,*,#5604,.F.);
#7927=ORIENTED_EDGE($,*,*,#5605,.T.);
#7928=ORIENTED_EDGE($,*,*,#5606,.F.);
#7929=ORIENTED_EDGE($,*,*,#5607,.F.);
#7930=ORIENTED_EDGE($,*,*,#5608,.F.);
#7931=ORIENTED_EDGE($,*,*,#5609,.T.);
#7932=ORIENTED_EDGE($,*,*,#5610,.F.);
#7933=ORIENTED_EDGE($,*,*,#5605,.F.);
#7934=ORIENTED_EDGE($,*,*,#5611,.F.);
#7935=ORIENTED_EDGE($,*,*,#5607,.T.);
#7936=ORIENTED_EDGE($,*,*,#5612,.F.);
#7937=ORIENTED_EDGE($,*,*,#5613,.F.);
#7938=ORIENTED_EDGE($,*,*,#5614,.F.);
#7939=ORIENTED_EDGE($,*,*,#5613,.T.);
#7940=ORIENTED_EDGE($,*,*,#5615,.F.);
#7941=ORIENTED_EDGE($,*,*,#5609,.F.);
#7942=ORIENTED_EDGE($,*,*,#5610,.T.);
#7943=ORIENTED_EDGE($,*,*,#5615,.T.);
#7944=ORIENTED_EDGE($,*,*,#5612,.T.);
#7945=ORIENTED_EDGE($,*,*,#5606,.T.);
#7946=ORIENTED_EDGE($,*,*,#5616,.F.);
#7947=ORIENTED_EDGE($,*,*,#5617,.T.);
#7948=ORIENTED_EDGE($,*,*,#5618,.F.);
#7949=ORIENTED_EDGE($,*,*,#5619,.F.);
#7950=ORIENTED_EDGE($,*,*,#5620,.F.);
#7951=ORIENTED_EDGE($,*,*,#5621,.T.);
#7952=ORIENTED_EDGE($,*,*,#5622,.F.);
#7953=ORIENTED_EDGE($,*,*,#5617,.F.);
#7954=ORIENTED_EDGE($,*,*,#5623,.F.);
#7955=ORIENTED_EDGE($,*,*,#5619,.T.);
#7956=ORIENTED_EDGE($,*,*,#5624,.F.);
#7957=ORIENTED_EDGE($,*,*,#5625,.F.);
#7958=ORIENTED_EDGE($,*,*,#5626,.F.);
#7959=ORIENTED_EDGE($,*,*,#5625,.T.);
#7960=ORIENTED_EDGE($,*,*,#5627,.F.);
#7961=ORIENTED_EDGE($,*,*,#5621,.F.);
#7962=ORIENTED_EDGE($,*,*,#5622,.T.);
#7963=ORIENTED_EDGE($,*,*,#5627,.T.);
#7964=ORIENTED_EDGE($,*,*,#5624,.T.);
#7965=ORIENTED_EDGE($,*,*,#5618,.T.);
#7966=ORIENTED_EDGE($,*,*,#5628,.F.);
#7967=ORIENTED_EDGE($,*,*,#5629,.T.);
#7968=ORIENTED_EDGE($,*,*,#5630,.F.);
#7969=ORIENTED_EDGE($,*,*,#5631,.F.);
#7970=ORIENTED_EDGE($,*,*,#5632,.F.);
#7971=ORIENTED_EDGE($,*,*,#5633,.T.);
#7972=ORIENTED_EDGE($,*,*,#5634,.F.);
#7973=ORIENTED_EDGE($,*,*,#5629,.F.);
#7974=ORIENTED_EDGE($,*,*,#5635,.F.);
#7975=ORIENTED_EDGE($,*,*,#5631,.T.);
#7976=ORIENTED_EDGE($,*,*,#5636,.F.);
#7977=ORIENTED_EDGE($,*,*,#5637,.F.);
#7978=ORIENTED_EDGE($,*,*,#5638,.F.);
#7979=ORIENTED_EDGE($,*,*,#5637,.T.);
#7980=ORIENTED_EDGE($,*,*,#5639,.F.);
#7981=ORIENTED_EDGE($,*,*,#5633,.F.);
#7982=ORIENTED_EDGE($,*,*,#5634,.T.);
#7983=ORIENTED_EDGE($,*,*,#5639,.T.);
#7984=ORIENTED_EDGE($,*,*,#5636,.T.);
#7985=ORIENTED_EDGE($,*,*,#5630,.T.);
#7986=ORIENTED_EDGE($,*,*,#5640,.T.);
#7987=ORIENTED_EDGE($,*,*,#5641,.T.);
#7988=ORIENTED_EDGE($,*,*,#5642,.T.);
#7989=ORIENTED_EDGE($,*,*,#5643,.T.);
#7990=ORIENTED_EDGE($,*,*,#5644,.F.);
#7991=ORIENTED_EDGE($,*,*,#5645,.T.);
#7992=ORIENTED_EDGE($,*,*,#5643,.F.);
#7993=ORIENTED_EDGE($,*,*,#5646,.F.);
#7994=ORIENTED_EDGE($,*,*,#5647,.F.);
#7995=ORIENTED_EDGE($,*,*,#5646,.T.);
#7996=ORIENTED_EDGE($,*,*,#5642,.F.);
#7997=ORIENTED_EDGE($,*,*,#5648,.F.);
#7998=ORIENTED_EDGE($,*,*,#5649,.F.);
#7999=ORIENTED_EDGE($,*,*,#5648,.T.);
#8000=ORIENTED_EDGE($,*,*,#5641,.F.);
#8001=ORIENTED_EDGE($,*,*,#5650,.F.);
#8002=ORIENTED_EDGE($,*,*,#5651,.F.);
#8003=ORIENTED_EDGE($,*,*,#5650,.T.);
#8004=ORIENTED_EDGE($,*,*,#5640,.F.);
#8005=ORIENTED_EDGE($,*,*,#5645,.F.);
#8006=ORIENTED_EDGE($,*,*,#5602,.T.);
#8007=ORIENTED_EDGE($,*,*,#5596,.T.);
#8008=ORIENTED_EDGE($,*,*,#5592,.T.);
#8009=ORIENTED_EDGE($,*,*,#5599,.T.);
#8010=ORIENTED_EDGE($,*,*,#5614,.T.);
#8011=ORIENTED_EDGE($,*,*,#5608,.T.);
#8012=ORIENTED_EDGE($,*,*,#5604,.T.);
#8013=ORIENTED_EDGE($,*,*,#5611,.T.);
#8014=ORIENTED_EDGE($,*,*,#5626,.T.);
#8015=ORIENTED_EDGE($,*,*,#5620,.T.);
#8016=ORIENTED_EDGE($,*,*,#5616,.T.);
#8017=ORIENTED_EDGE($,*,*,#5623,.T.);
#8018=ORIENTED_EDGE($,*,*,#5638,.T.);
#8019=ORIENTED_EDGE($,*,*,#5632,.T.);
#8020=ORIENTED_EDGE($,*,*,#5628,.T.);
#8021=ORIENTED_EDGE($,*,*,#5635,.T.);
#8022=ORIENTED_EDGE($,*,*,#5651,.T.);
#8023=ORIENTED_EDGE($,*,*,#5644,.T.);
#8024=ORIENTED_EDGE($,*,*,#5647,.T.);
#8025=ORIENTED_EDGE($,*,*,#5649,.T.);
#8026=PLANE($,#9283);
#8027=PLANE($,#9284);
#8028=PLANE($,#9285);
#8029=PLANE($,#9286);
#8030=PLANE($,#9287);
#8031=PLANE($,#9288);
#8032=PLANE($,#9289);
#8033=PLANE($,#9290);
#8034=PLANE($,#9291);
#8035=PLANE($,#9292);
#8036=PLANE($,#9293);
#8037=PLANE($,#9294);
#8038=PLANE($,#9295);
#8039=PLANE($,#9296);
#8040=PLANE($,#9297);
#8041=PLANE($,#9298);
#8042=PLANE($,#9299);
#8043=PLANE($,#9300);
#8044=PLANE($,#9301);
#8045=PLANE($,#9302);
#8046=PLANE($,#9303);
#8047=PLANE($,#9304);
#8048=PLANE($,#9305);
#8049=PLANE($,#9306);
#8050=PLANE($,#9307);
#8051=PLANE($,#9308);
#8052=PLANE($,#9309);
#8053=PLANE($,#9310);
#8054=PLANE($,#9311);
#8055=PLANE($,#9312);
#8056=PLANE($,#9313);
#8057=PLANE($,#9314);
#8058=PLANE($,#9315);
#8059=PLANE($,#9316);
#8060=PLANE($,#9317);
#8061=PLANE($,#9318);
#8062=PLANE($,#9319);
#8063=PLANE($,#9320);
#8064=PLANE($,#9321);
#8065=PLANE($,#9322);
#8066=PLANE($,#9323);
#8067=PLANE($,#9324);
#8068=PLANE($,#9325);
#8069=PLANE($,#9326);
#8070=PLANE($,#9327);
#8071=PLANE($,#9328);
#8072=PLANE($,#9329);
#8073=PLANE($,#9330);
#8074=PLANE($,#9331);
#8075=PLANE($,#9332);
#8076=PLANE($,#9333);
#8077=PLANE($,#9334);
#8078=PLANE($,#9335);
#8079=PLANE($,#9336);
#8080=PLANE($,#9337);
#8081=PLANE($,#9338);
#8082=PLANE($,#9339);
#8083=PLANE($,#9340);
#8084=PLANE($,#9341);
#8085=PLANE($,#9342);
#8086=PLANE($,#9343);
#8087=PLANE($,#9344);
#8088=PLANE($,#9345);
#8089=PLANE($,#9346);
#8090=PLANE($,#9347);
#8091=PLANE($,#9348);
#8092=PLANE($,#9349);
#8093=PLANE($,#9350);
#8094=PLANE($,#9351);
#8095=PLANE($,#9352);
#8096=PLANE($,#9353);
#8097=PLANE($,#9354);
#8098=PLANE($,#9355);
#8099=PLANE($,#9356);
#8100=PLANE($,#9357);
#8101=PLANE($,#9358);
#8102=PLANE($,#9359);
#8103=PLANE($,#9360);
#8104=PLANE($,#9361);
#8105=PLANE($,#9362);
#8106=PLANE($,#9363);
#8107=PLANE($,#9364);
#8108=PLANE($,#9365);
#8109=PLANE($,#9366);
#8110=PLANE($,#9367);
#8111=PLANE($,#9368);
#8112=PLANE($,#9369);
#8113=PLANE($,#9370);
#8114=PLANE($,#9371);
#8115=PLANE($,#9372);
#8116=PLANE($,#9373);
#8117=PLANE($,#9374);
#8118=PLANE($,#9375);
#8119=PLANE($,#9376);
#8120=PLANE($,#9377);
#8121=PLANE($,#9378);
#8122=PLANE($,#9379);
#8123=PLANE($,#9380);
#8124=PLANE($,#9381);
#8125=PLANE($,#9382);
#8126=PLANE($,#9383);
#8127=PLANE($,#9384);
#8128=PLANE($,#9385);
#8129=PLANE($,#9386);
#8130=PLANE($,#9387);
#8131=PLANE($,#9388);
#8132=PLANE($,#9389);
#8133=PLANE($,#9390);
#8134=PLANE($,#9391);
#8135=PLANE($,#9392);
#8136=PLANE($,#9393);
#8137=PLANE($,#9394);
#8138=PLANE($,#9395);
#8139=PLANE($,#9396);
#8140=PLANE($,#9397);
#8141=PLANE($,#9398);
#8142=PLANE($,#9399);
#8143=PLANE($,#9400);
#8144=PLANE($,#9401);
#8145=PLANE($,#9402);
#8146=PLANE($,#9403);
#8147=PLANE($,#9404);
#8148=PLANE($,#9405);
#8149=PLANE($,#9406);
#8150=PLANE($,#9407);
#8151=PLANE($,#9408);
#8152=PLANE($,#9409);
#8153=PLANE($,#9410);
#8154=PLANE($,#9411);
#8155=PLANE($,#9412);
#8156=PLANE($,#9413);
#8157=PLANE($,#9414);
#8158=PLANE($,#9415);
#8159=PLANE($,#9416);
#8160=PLANE($,#9417);
#8161=PLANE($,#9418);
#8162=PLANE($,#9419);
#8163=PLANE($,#9420);
#8164=PLANE($,#9421);
#8165=PLANE($,#9422);
#8166=PLANE($,#9423);
#8167=PLANE($,#9424);
#8168=PLANE($,#9425);
#8169=PLANE($,#9426);
#8170=PLANE($,#9427);
#8171=PLANE($,#9428);
#8172=PLANE($,#9429);
#8173=PLANE($,#9430);
#8174=PLANE($,#9431);
#8175=PLANE($,#9432);
#8176=PLANE($,#9433);
#8177=PLANE($,#9434);
#8178=PLANE($,#9435);
#8179=PLANE($,#9436);
#8180=PLANE($,#9437);
#8181=PLANE($,#9438);
#8182=PLANE($,#9439);
#8183=PLANE($,#9440);
#8184=PLANE($,#9441);
#8185=PLANE($,#9442);
#8186=PLANE($,#9443);
#8187=PLANE($,#9444);
#8188=PLANE($,#9445);
#8189=PLANE($,#9446);
#8190=PLANE($,#9447);
#8191=PLANE($,#9448);
#8192=PLANE($,#9449);
#8193=PLANE($,#9450);
#8194=PLANE($,#9451);
#8195=PLANE($,#9452);
#8196=PLANE($,#9453);
#8197=PLANE($,#9454);
#8198=PLANE($,#9455);
#8199=PLANE($,#9456);
#8200=PLANE($,#9457);
#8201=PLANE($,#9458);
#8202=PLANE($,#9459);
#8203=PLANE($,#9460);
#8204=PLANE($,#9461);
#8205=PLANE($,#9462);
#8206=PLANE($,#9463);
#8207=PLANE($,#9464);
#8208=PLANE($,#9465);
#8209=PLANE($,#9466);
#8210=PLANE($,#9467);
#8211=PLANE($,#9468);
#8212=PLANE($,#9469);
#8213=PLANE($,#9470);
#8214=PLANE($,#9471);
#8215=PLANE($,#9472);
#8216=PLANE($,#9473);
#8217=PLANE($,#9474);
#8218=PLANE($,#9475);
#8219=PLANE($,#9476);
#8220=PLANE($,#9477);
#8221=PLANE($,#9478);
#8222=PLANE($,#9479);
#8223=PLANE($,#9480);
#8224=PLANE($,#9481);
#8225=PLANE($,#9482);
#8226=PLANE($,#9483);
#8227=PLANE($,#9484);
#8228=PLANE($,#9485);
#8229=PLANE($,#9486);
#8230=PLANE($,#9487);
#8231=PLANE($,#9488);
#8232=PLANE($,#9489);
#8233=PLANE($,#9490);
#8234=PLANE($,#9491);
#8235=PLANE($,#9492);
#8236=PLANE($,#9493);
#8237=PLANE($,#9494);
#8238=PLANE($,#9495);
#8239=PLANE($,#9496);
#8240=PLANE($,#9497);
#8241=PLANE($,#9498);
#8242=PLANE($,#9499);
#8243=PLANE($,#9500);
#8244=PLANE($,#9501);
#8245=PLANE($,#9502);
#8246=PLANE($,#9503);
#8247=PLANE($,#9504);
#8248=PLANE($,#9505);
#8249=PLANE($,#9506);
#8250=PLANE($,#9507);
#8251=PLANE($,#9508);
#8252=PLANE($,#9509);
#8253=PLANE($,#9510);
#8254=PLANE($,#9511);
#8255=PLANE($,#9512);
#8256=PLANE($,#9513);
#8257=PLANE($,#9514);
#8258=PLANE($,#9515);
#8259=PLANE($,#9516);
#8260=PLANE($,#9517);
#8261=PLANE($,#9518);
#8262=PLANE($,#9519);
#8263=PLANE($,#9520);
#8264=PLANE($,#9521);
#8265=PLANE($,#9522);
#8266=PLANE($,#9523);
#8267=PLANE($,#9524);
#8268=PLANE($,#9525);
#8269=PLANE($,#9526);
#8270=PLANE($,#9527);
#8271=PLANE($,#9528);
#8272=PLANE($,#9529);
#8273=PLANE($,#9530);
#8274=PLANE($,#9531);
#8275=PLANE($,#9532);
#8276=PLANE($,#9533);
#8277=PLANE($,#9534);
#8278=PLANE($,#9535);
#8279=PLANE($,#9536);
#8280=PLANE($,#9537);
#8281=PLANE($,#9538);
#8282=PLANE($,#9539);
#8283=PLANE($,#9540);
#8284=PLANE($,#9541);
#8285=PLANE($,#9542);
#8286=PLANE($,#9543);
#8287=PLANE($,#9544);
#8288=PLANE($,#9545);
#8289=PLANE($,#9546);
#8290=PLANE($,#9547);
#8291=PLANE($,#9548);
#8292=PLANE($,#9549);
#8293=PLANE($,#9550);
#8294=PLANE($,#9551);
#8295=PLANE($,#9552);
#8296=PLANE($,#9553);
#8297=PLANE($,#9554);
#8298=PLANE($,#9555);
#8299=PLANE($,#9556);
#8300=PLANE($,#9557);
#8301=PLANE($,#9558);
#8302=PLANE($,#9559);
#8303=PLANE($,#9560);
#8304=PLANE($,#9561);
#8305=PLANE($,#9562);
#8306=PLANE($,#9563);
#8307=PLANE($,#9564);
#8308=PLANE($,#9565);
#8309=PLANE($,#9566);
#8310=PLANE($,#9567);
#8311=PLANE($,#9568);
#8312=PLANE($,#9569);
#8313=PLANE($,#9570);
#8314=PLANE($,#9571);
#8315=PLANE($,#9572);
#8316=PLANE($,#9573);
#8317=PLANE($,#9574);
#8318=PLANE($,#9575);
#8319=PLANE($,#9576);
#8320=PLANE($,#9577);
#8321=PLANE($,#9578);
#8322=PLANE($,#9579);
#8323=PLANE($,#9580);
#8324=PLANE($,#9581);
#8325=PLANE($,#9582);
#8326=PLANE($,#9583);
#8327=PLANE($,#9584);
#8328=PLANE($,#9585);
#8329=PLANE($,#9586);
#8330=PLANE($,#9587);
#8331=PLANE($,#9588);
#8332=PLANE($,#9589);
#8333=PLANE($,#9590);
#8334=PLANE($,#9591);
#8335=PLANE($,#9592);
#8336=PLANE($,#9593);
#8337=PLANE($,#9594);
#8338=PLANE($,#9595);
#8339=PLANE($,#9596);
#8340=PLANE($,#9597);
#8341=PLANE($,#9598);
#8342=PLANE($,#9599);
#8343=PLANE($,#9603);
#8344=PLANE($,#9604);
#8345=PLANE($,#9608);
#8346=PLANE($,#9609);
#8347=PLANE($,#9610);
#8348=PLANE($,#9611);
#8349=PLANE($,#9612);
#8350=PLANE($,#9613);
#8351=PLANE($,#9614);
#8352=PLANE($,#9615);
#8353=PLANE($,#9616);
#8354=PLANE($,#9617);
#8355=PLANE($,#9618);
#8356=PLANE($,#9619);
#8357=PLANE($,#9620);
#8358=PLANE($,#9621);
#8359=PLANE($,#9622);
#8360=PLANE($,#9623);
#8361=PLANE($,#9624);
#8362=PLANE($,#9625);
#8363=PLANE($,#9626);
#8364=PLANE($,#9627);
#8365=PLANE($,#9628);
#8366=PLANE($,#9629);
#8367=PLANE($,#9630);
#8368=PLANE($,#9631);
#8369=PLANE($,#9632);
#8370=PLANE($,#9633);
#8371=PLANE($,#9634);
#8372=PLANE($,#9635);
#8373=PLANE($,#9636);
#8374=PLANE($,#9637);
#8375=PLANE($,#9638);
#8376=PLANE($,#9639);
#8377=PLANE($,#9640);
#8378=PLANE($,#9641);
#8379=PLANE($,#9642);
#8380=PLANE($,#9643);
#8381=PLANE($,#9644);
#8382=PLANE($,#9645);
#8383=PLANE($,#9646);
#8384=PLANE($,#9647);
#8385=PLANE($,#9648);
#8386=PLANE($,#9649);
#8387=PLANE($,#9650);
#8388=PLANE($,#9651);
#8389=PLANE($,#9652);
#8390=PLANE($,#9653);
#8391=PLANE($,#9654);
#8392=PLANE($,#9655);
#8393=PLANE($,#9656);
#8394=PLANE($,#9657);
#8395=PLANE($,#9658);
#8396=PLANE($,#9659);
#8397=PLANE($,#9660);
#8398=PLANE($,#9661);
#8399=PLANE($,#9662);
#8400=PLANE($,#9663);
#8401=PLANE($,#9664);
#8402=PLANE($,#9665);
#8403=PLANE($,#9666);
#8404=PLANE($,#9667);
#8405=PLANE($,#9668);
#8406=PLANE($,#9669);
#8407=PLANE($,#9670);
#8408=PLANE($,#9671);
#8409=PLANE($,#9672);
#8410=PLANE($,#9673);
#8411=PLANE($,#9674);
#8412=PLANE($,#9675);
#8413=PLANE($,#9676);
#8414=PLANE($,#9677);
#8415=PLANE($,#9678);
#8416=PLANE($,#9679);
#8417=PLANE($,#9680);
#8418=PLANE($,#9681);
#8419=PLANE($,#9682);
#8420=PLANE($,#9683);
#8421=PLANE($,#9684);
#8422=PLANE($,#9685);
#8423=PLANE($,#9686);
#8424=PLANE($,#9687);
#8425=PLANE($,#9688);
#8426=PLANE($,#9689);
#8427=PLANE($,#9690);
#8428=PLANE($,#9691);
#8429=PLANE($,#9692);
#8430=PLANE($,#9693);
#8431=PLANE($,#9694);
#8432=PLANE($,#9695);
#8433=PLANE($,#9696);
#8434=PLANE($,#9697);
#8435=PLANE($,#9698);
#8436=PLANE($,#9699);
#8437=PLANE($,#9700);
#8438=PLANE($,#9701);
#8439=PLANE($,#9702);
#8440=PLANE($,#9703);
#8441=PLANE($,#9704);
#8442=PLANE($,#9705);
#8443=PLANE($,#9706);
#8444=PLANE($,#9707);
#8445=PLANE($,#9708);
#8446=PLANE($,#9709);
#8447=PLANE($,#9710);
#8448=PLANE($,#9711);
#8449=PLANE($,#9712);
#8450=PLANE($,#9713);
#8451=PLANE($,#9714);
#8452=PLANE($,#9715);
#8453=PLANE($,#9716);
#8454=PLANE($,#9717);
#8455=PLANE($,#9722);
#8456=PLANE($,#9723);
#8457=PLANE($,#9724);
#8458=PLANE($,#9725);
#8459=PLANE($,#9726);
#8460=PLANE($,#9727);
#8461=PLANE($,#9728);
#8462=PLANE($,#9732);
#8463=PLANE($,#9733);
#8464=PLANE($,#9734);
#8465=PLANE($,#9737);
#8466=PLANE($,#9738);
#8467=PLANE($,#9739);
#8468=PLANE($,#9740);
#8469=PLANE($,#9741);
#8470=PLANE($,#9742);
#8471=PLANE($,#9746);
#8472=PLANE($,#9747);
#8473=PLANE($,#9748);
#8474=PLANE($,#9749);
#8475=PLANE($,#9750);
#8476=PLANE($,#9751);
#8477=PLANE($,#9752);
#8478=PLANE($,#9753);
#8479=PLANE($,#9754);
#8480=PLANE($,#9755);
#8481=PLANE($,#9756);
#8482=PLANE($,#9757);
#8483=PLANE($,#9758);
#8484=PLANE($,#9759);
#8485=PLANE($,#9763);
#8486=PLANE($,#9764);
#8487=PLANE($,#9765);
#8488=PLANE($,#9766);
#8489=PLANE($,#9767);
#8490=PLANE($,#9768);
#8491=PLANE($,#9769);
#8492=PLANE($,#9770);
#8493=PLANE($,#9771);
#8494=PLANE($,#9772);
#8495=PLANE($,#9773);
#8496=PLANE($,#9774);
#8497=PLANE($,#9775);
#8498=PLANE($,#9776);
#8499=PLANE($,#9777);
#8500=PLANE($,#9778);
#8501=PLANE($,#9779);
#8502=PLANE($,#9780);
#8503=PLANE($,#9781);
#8504=PLANE($,#9782);
#8505=PLANE($,#9783);
#8506=PLANE($,#9784);
#8507=PLANE($,#9785);
#8508=PLANE($,#9786);
#8509=PLANE($,#9787);
#8510=PLANE($,#9788);
#8511=PLANE($,#9789);
#8512=PLANE($,#9790);
#8513=PLANE($,#9791);
#8514=PLANE($,#9792);
#8515=PLANE($,#9793);
#8516=PLANE($,#9794);
#8517=PLANE($,#9795);
#8518=PLANE($,#9796);
#8519=PLANE($,#9797);
#8520=PLANE($,#9798);
#8521=PLANE($,#9799);
#8522=PLANE($,#9800);
#8523=PLANE($,#9801);
#8524=PLANE($,#9802);
#8525=PLANE($,#9803);
#8526=PLANE($,#9804);
#8527=PLANE($,#9805);
#8528=PLANE($,#9806);
#8529=PLANE($,#9810);
#8530=PLANE($,#9811);
#8531=PLANE($,#9812);
#8532=PLANE($,#9818);
#8533=PLANE($,#9819);
#8534=PLANE($,#9820);
#8535=PLANE($,#9821);
#8536=PLANE($,#9822);
#8537=PLANE($,#9823);
#8538=PLANE($,#9824);
#8539=PLANE($,#9825);
#8540=PLANE($,#9826);
#8541=PLANE($,#9827);
#8542=PLANE($,#9828);
#8543=PLANE($,#9829);
#8544=PLANE($,#9830);
#8545=PLANE($,#9831);
#8546=PLANE($,#9832);
#8547=PLANE($,#9833);
#8548=PLANE($,#9834);
#8549=PLANE($,#9835);
#8550=PLANE($,#9836);
#8551=PLANE($,#9837);
#8552=PLANE($,#9838);
#8553=PLANE($,#9839);
#8554=PLANE($,#9840);
#8555=PLANE($,#9841);
#8556=PLANE($,#9842);
#8557=PLANE($,#9843);
#8558=PLANE($,#9844);
#8559=PLANE($,#9845);
#8560=PLANE($,#9846);
#8561=PLANE($,#9847);
#8562=PLANE($,#9848);
#8563=PLANE($,#9849);
#8564=PLANE($,#9850);
#8565=PLANE($,#9851);
#8566=PLANE($,#9852);
#8567=PLANE($,#9853);
#8568=PLANE($,#9854);
#8569=PLANE($,#9855);
#8570=PLANE($,#9856);
#8571=PLANE($,#9857);
#8572=PLANE($,#9858);
#8573=PLANE($,#9859);
#8574=PLANE($,#9860);
#8575=PLANE($,#9861);
#8576=PLANE($,#9862);
#8577=PLANE($,#9863);
#8578=ADVANCED_FACE($,(#172),#8026,.T.);
#8579=ADVANCED_FACE($,(#173),#8027,.T.);
#8580=ADVANCED_FACE($,(#174),#8028,.T.);
#8581=ADVANCED_FACE($,(#175),#8029,.T.);
#8582=ADVANCED_FACE($,(#176),#8030,.T.);
#8583=ADVANCED_FACE($,(#177),#8031,.F.);
#8584=ADVANCED_FACE($,(#178),#8032,.T.);
#8585=ADVANCED_FACE($,(#179),#8033,.T.);
#8586=ADVANCED_FACE($,(#180),#8034,.T.);
#8587=ADVANCED_FACE($,(#181),#8035,.T.);
#8588=ADVANCED_FACE($,(#182),#8036,.T.);
#8589=ADVANCED_FACE($,(#183),#8037,.F.);
#8590=ADVANCED_FACE($,(#184),#8038,.F.);
#8591=ADVANCED_FACE($,(#185),#8039,.F.);
#8592=ADVANCED_FACE($,(#186),#8040,.F.);
#8593=ADVANCED_FACE($,(#187),#8041,.F.);
#8594=ADVANCED_FACE($,(#188),#8042,.F.);
#8595=ADVANCED_FACE($,(#189),#8043,.F.);
#8596=ADVANCED_FACE($,(#190),#8044,.F.);
#8597=ADVANCED_FACE($,(#191),#8045,.F.);
#8598=ADVANCED_FACE($,(#192),#8046,.F.);
#8599=ADVANCED_FACE($,(#193),#8047,.F.);
#8600=ADVANCED_FACE($,(#194),#8048,.F.);
#8601=ADVANCED_FACE($,(#195),#8049,.F.);
#8602=ADVANCED_FACE($,(#196),#8050,.F.);
#8603=ADVANCED_FACE($,(#197),#8051,.F.);
#8604=ADVANCED_FACE($,(#198),#8052,.F.);
#8605=ADVANCED_FACE($,(#199),#8053,.F.);
#8606=ADVANCED_FACE($,(#200),#8054,.F.);
#8607=ADVANCED_FACE($,(#201),#8055,.F.);
#8608=ADVANCED_FACE($,(#202),#8056,.F.);
#8609=ADVANCED_FACE($,(#203),#8057,.F.);
#8610=ADVANCED_FACE($,(#204),#8058,.F.);
#8611=ADVANCED_FACE($,(#205),#8059,.F.);
#8612=ADVANCED_FACE($,(#206),#8060,.F.);
#8613=ADVANCED_FACE($,(#207),#8061,.F.);
#8614=ADVANCED_FACE($,(#208),#8062,.F.);
#8615=ADVANCED_FACE($,(#209),#8063,.F.);
#8616=ADVANCED_FACE($,(#210),#8064,.F.);
#8617=ADVANCED_FACE($,(#211),#8065,.F.);
#8618=ADVANCED_FACE($,(#212),#8066,.F.);
#8619=ADVANCED_FACE($,(#213),#8067,.F.);
#8620=ADVANCED_FACE($,(#214),#8068,.F.);
#8621=ADVANCED_FACE($,(#215),#8069,.F.);
#8622=ADVANCED_FACE($,(#216),#8070,.F.);
#8623=ADVANCED_FACE($,(#217),#8071,.F.);
#8624=ADVANCED_FACE($,(#218),#8072,.F.);
#8625=ADVANCED_FACE($,(#219),#8073,.F.);
#8626=ADVANCED_FACE($,(#220),#8074,.T.);
#8627=ADVANCED_FACE($,(#221),#8075,.T.);
#8628=ADVANCED_FACE($,(#222),#8076,.T.);
#8629=ADVANCED_FACE($,(#223),#8077,.T.);
#8630=ADVANCED_FACE($,(#224),#8078,.T.);
#8631=ADVANCED_FACE($,(#39,#40,#41,#42,#43),#8079,.F.);
#8632=ADVANCED_FACE($,(#225),#8080,.T.);
#8633=ADVANCED_FACE($,(#226),#8081,.T.);
#8634=ADVANCED_FACE($,(#227),#8082,.T.);
#8635=ADVANCED_FACE($,(#228),#8083,.T.);
#8636=ADVANCED_FACE($,(#44,#45,#46,#47,#48),#8084,.T.);
#8637=ADVANCED_FACE($,(#49,#50,#51,#52,#53),#8085,.F.);
#8638=ADVANCED_FACE($,(#229),#8086,.F.);
#8639=ADVANCED_FACE($,(#230),#8087,.F.);
#8640=ADVANCED_FACE($,(#231),#8088,.F.);
#8641=ADVANCED_FACE($,(#232),#8089,.F.);
#8642=ADVANCED_FACE($,(#233),#8090,.F.);
#8643=ADVANCED_FACE($,(#234),#8091,.T.);
#8644=ADVANCED_FACE($,(#235),#8092,.F.);
#8645=ADVANCED_FACE($,(#236),#8093,.F.);
#8646=ADVANCED_FACE($,(#54,#55,#56),#8094,.T.);
#8647=ADVANCED_FACE($,(#237),#8095,.F.);
#8648=ADVANCED_FACE($,(#238),#8096,.F.);
#8649=ADVANCED_FACE($,(#239),#8097,.F.);
#8650=ADVANCED_FACE($,(#240),#8098,.F.);
#8651=ADVANCED_FACE($,(#241),#8099,.F.);
#8652=ADVANCED_FACE($,(#242),#8100,.T.);
#8653=ADVANCED_FACE($,(#243),#8101,.T.);
#8654=ADVANCED_FACE($,(#244),#8102,.T.);
#8655=ADVANCED_FACE($,(#245),#8103,.T.);
#8656=ADVANCED_FACE($,(#246),#8104,.T.);
#8657=ADVANCED_FACE($,(#247),#8105,.T.);
#8658=ADVANCED_FACE($,(#248),#8106,.F.);
#8659=ADVANCED_FACE($,(#249),#8107,.F.);
#8660=ADVANCED_FACE($,(#250),#8108,.F.);
#8661=ADVANCED_FACE($,(#251),#8109,.F.);
#8662=ADVANCED_FACE($,(#57,#58),#8110,.F.);
#8663=ADVANCED_FACE($,(#252),#8111,.T.);
#8664=ADVANCED_FACE($,(#253),#8112,.F.);
#8665=ADVANCED_FACE($,(#254),#8113,.F.);
#8666=ADVANCED_FACE($,(#255),#8114,.F.);
#8667=ADVANCED_FACE($,(#256),#8115,.F.);
#8668=ADVANCED_FACE($,(#257),#8116,.F.);
#8669=ADVANCED_FACE($,(#258),#8117,.T.);
#8670=ADVANCED_FACE($,(#259),#8118,.F.);
#8671=ADVANCED_FACE($,(#260),#8119,.F.);
#8672=ADVANCED_FACE($,(#261),#8120,.F.);
#8673=ADVANCED_FACE($,(#262),#8121,.F.);
#8674=ADVANCED_FACE($,(#263),#8122,.F.);
#8675=ADVANCED_FACE($,(#264),#8123,.T.);
#8676=ADVANCED_FACE($,(#265),#8124,.F.);
#8677=ADVANCED_FACE($,(#266),#8125,.F.);
#8678=ADVANCED_FACE($,(#267),#8126,.F.);
#8679=ADVANCED_FACE($,(#268),#8127,.F.);
#8680=ADVANCED_FACE($,(#269),#8128,.F.);
#8681=ADVANCED_FACE($,(#270),#8129,.T.);
#8682=ADVANCED_FACE($,(#271),#8130,.F.);
#8683=ADVANCED_FACE($,(#272),#8131,.F.);
#8684=ADVANCED_FACE($,(#273),#8132,.F.);
#8685=ADVANCED_FACE($,(#274),#8133,.F.);
#8686=ADVANCED_FACE($,(#275),#8134,.F.);
#8687=ADVANCED_FACE($,(#276),#8135,.T.);
#8688=ADVANCED_FACE($,(#277),#8136,.F.);
#8689=ADVANCED_FACE($,(#278),#8137,.F.);
#8690=ADVANCED_FACE($,(#279),#8138,.F.);
#8691=ADVANCED_FACE($,(#280),#8139,.F.);
#8692=ADVANCED_FACE($,(#281),#8140,.F.);
#8693=ADVANCED_FACE($,(#282),#8141,.T.);
#8694=ADVANCED_FACE($,(#283),#8142,.F.);
#8695=ADVANCED_FACE($,(#284),#8143,.F.);
#8696=ADVANCED_FACE($,(#285),#8144,.F.);
#8697=ADVANCED_FACE($,(#286),#8145,.F.);
#8698=ADVANCED_FACE($,(#287),#8146,.F.);
#8699=ADVANCED_FACE($,(#59,#60),#8147,.T.);
#8700=ADVANCED_FACE($,(#61,#62),#8148,.F.);
#8701=ADVANCED_FACE($,(#288),#8149,.F.);
#8702=ADVANCED_FACE($,(#289),#8150,.F.);
#8703=ADVANCED_FACE($,(#290),#8151,.F.);
#8704=ADVANCED_FACE($,(#291),#8152,.F.);
#8705=ADVANCED_FACE($,(#292),#8153,.T.);
#8706=ADVANCED_FACE($,(#293),#8154,.T.);
#8707=ADVANCED_FACE($,(#294),#8155,.T.);
#8708=ADVANCED_FACE($,(#295),#8156,.T.);
#8709=ADVANCED_FACE($,(#296),#8157,.T.);
#8710=ADVANCED_FACE($,(#297),#8158,.F.);
#8711=ADVANCED_FACE($,(#298),#8159,.F.);
#8712=ADVANCED_FACE($,(#299),#8160,.F.);
#8713=ADVANCED_FACE($,(#300),#8161,.F.);
#8714=ADVANCED_FACE($,(#301),#8162,.F.);
#8715=ADVANCED_FACE($,(#302),#8163,.T.);
#8716=ADVANCED_FACE($,(#303),#8164,.F.);
#8717=ADVANCED_FACE($,(#304),#8165,.F.);
#8718=ADVANCED_FACE($,(#305),#8166,.F.);
#8719=ADVANCED_FACE($,(#306),#8167,.F.);
#8720=ADVANCED_FACE($,(#307),#8168,.F.);
#8721=ADVANCED_FACE($,(#308),#8169,.T.);
#8722=ADVANCED_FACE($,(#309),#8170,.F.);
#8723=ADVANCED_FACE($,(#310),#8171,.F.);
#8724=ADVANCED_FACE($,(#311),#8172,.F.);
#8725=ADVANCED_FACE($,(#312),#8173,.F.);
#8726=ADVANCED_FACE($,(#313),#8174,.F.);
#8727=ADVANCED_FACE($,(#314),#8175,.T.);
#8728=ADVANCED_FACE($,(#315),#8176,.F.);
#8729=ADVANCED_FACE($,(#316),#8177,.F.);
#8730=ADVANCED_FACE($,(#317),#8178,.F.);
#8731=ADVANCED_FACE($,(#318),#8179,.F.);
#8732=ADVANCED_FACE($,(#319),#8180,.F.);
#8733=ADVANCED_FACE($,(#320),#8181,.T.);
#8734=ADVANCED_FACE($,(#321),#8182,.F.);
#8735=ADVANCED_FACE($,(#322),#8183,.F.);
#8736=ADVANCED_FACE($,(#323),#8184,.F.);
#8737=ADVANCED_FACE($,(#324),#8185,.F.);
#8738=ADVANCED_FACE($,(#325),#8186,.F.);
#8739=ADVANCED_FACE($,(#326),#8187,.T.);
#8740=ADVANCED_FACE($,(#327),#8188,.F.);
#8741=ADVANCED_FACE($,(#328),#8189,.F.);
#8742=ADVANCED_FACE($,(#329),#8190,.F.);
#8743=ADVANCED_FACE($,(#330),#8191,.F.);
#8744=ADVANCED_FACE($,(#331),#8192,.F.);
#8745=ADVANCED_FACE($,(#332),#8193,.T.);
#8746=ADVANCED_FACE($,(#333),#8194,.F.);
#8747=ADVANCED_FACE($,(#334),#8195,.F.);
#8748=ADVANCED_FACE($,(#335),#8196,.F.);
#8749=ADVANCED_FACE($,(#336),#8197,.F.);
#8750=ADVANCED_FACE($,(#337),#8198,.F.);
#8751=ADVANCED_FACE($,(#338),#8199,.T.);
#8752=ADVANCED_FACE($,(#339),#8200,.F.);
#8753=ADVANCED_FACE($,(#340),#8201,.F.);
#8754=ADVANCED_FACE($,(#341),#8202,.F.);
#8755=ADVANCED_FACE($,(#342),#8203,.F.);
#8756=ADVANCED_FACE($,(#343),#8204,.F.);
#8757=ADVANCED_FACE($,(#344),#8205,.T.);
#8758=ADVANCED_FACE($,(#345),#8206,.F.);
#8759=ADVANCED_FACE($,(#346),#8207,.F.);
#8760=ADVANCED_FACE($,(#347),#8208,.F.);
#8761=ADVANCED_FACE($,(#348),#8209,.F.);
#8762=ADVANCED_FACE($,(#349),#8210,.F.);
#8763=ADVANCED_FACE($,(#350),#8211,.T.);
#8764=ADVANCED_FACE($,(#351),#8212,.F.);
#8765=ADVANCED_FACE($,(#352),#8213,.F.);
#8766=ADVANCED_FACE($,(#353),#8214,.F.);
#8767=ADVANCED_FACE($,(#354),#8215,.F.);
#8768=ADVANCED_FACE($,(#355),#8216,.F.);
#8769=ADVANCED_FACE($,(#356),#8217,.T.);
#8770=ADVANCED_FACE($,(#357),#8218,.F.);
#8771=ADVANCED_FACE($,(#358),#8219,.F.);
#8772=ADVANCED_FACE($,(#359),#8220,.F.);
#8773=ADVANCED_FACE($,(#360),#8221,.F.);
#8774=ADVANCED_FACE($,(#361),#8222,.F.);
#8775=ADVANCED_FACE($,(#362),#8223,.T.);
#8776=ADVANCED_FACE($,(#363),#8224,.F.);
#8777=ADVANCED_FACE($,(#364),#8225,.F.);
#8778=ADVANCED_FACE($,(#365),#8226,.F.);
#8779=ADVANCED_FACE($,(#366),#8227,.F.);
#8780=ADVANCED_FACE($,(#367),#8228,.F.);
#8781=ADVANCED_FACE($,(#368),#8229,.F.);
#8782=ADVANCED_FACE($,(#369),#8230,.T.);
#8783=ADVANCED_FACE($,(#370),#8231,.T.);
#8784=ADVANCED_FACE($,(#371),#8232,.T.);
#8785=ADVANCED_FACE($,(#372),#8233,.T.);
#8786=ADVANCED_FACE($,(#373),#8234,.T.);
#8787=ADVANCED_FACE($,(#374),#8235,.T.);
#8788=ADVANCED_FACE($,(#375),#8236,.F.);
#8789=ADVANCED_FACE($,(#376),#8237,.F.);
#8790=ADVANCED_FACE($,(#377),#8238,.F.);
#8791=ADVANCED_FACE($,(#378),#8239,.F.);
#8792=ADVANCED_FACE($,(#379),#8240,.F.);
#8793=ADVANCED_FACE($,(#380),#8241,.T.);
#8794=ADVANCED_FACE($,(#381),#8242,.F.);
#8795=ADVANCED_FACE($,(#382),#8243,.F.);
#8796=ADVANCED_FACE($,(#383),#8244,.F.);
#8797=ADVANCED_FACE($,(#384),#8245,.F.);
#8798=ADVANCED_FACE($,(#385),#8246,.F.);
#8799=ADVANCED_FACE($,(#386),#8247,.T.);
#8800=ADVANCED_FACE($,(#387),#8248,.F.);
#8801=ADVANCED_FACE($,(#388),#8249,.F.);
#8802=ADVANCED_FACE($,(#389),#8250,.F.);
#8803=ADVANCED_FACE($,(#390),#8251,.F.);
#8804=ADVANCED_FACE($,(#391),#8252,.F.);
#8805=ADVANCED_FACE($,(#392),#8253,.T.);
#8806=ADVANCED_FACE($,(#393),#8254,.F.);
#8807=ADVANCED_FACE($,(#394),#8255,.F.);
#8808=ADVANCED_FACE($,(#395),#8256,.F.);
#8809=ADVANCED_FACE($,(#396),#8257,.F.);
#8810=ADVANCED_FACE($,(#397),#8258,.F.);
#8811=ADVANCED_FACE($,(#398),#8259,.T.);
#8812=ADVANCED_FACE($,(#399),#8260,.F.);
#8813=ADVANCED_FACE($,(#400),#8261,.F.);
#8814=ADVANCED_FACE($,(#401),#8262,.F.);
#8815=ADVANCED_FACE($,(#402),#8263,.F.);
#8816=ADVANCED_FACE($,(#403),#8264,.F.);
#8817=ADVANCED_FACE($,(#404),#8265,.T.);
#8818=ADVANCED_FACE($,(#405),#8266,.F.);
#8819=ADVANCED_FACE($,(#406),#8267,.F.);
#8820=ADVANCED_FACE($,(#407),#8268,.F.);
#8821=ADVANCED_FACE($,(#408),#8269,.F.);
#8822=ADVANCED_FACE($,(#409),#8270,.F.);
#8823=ADVANCED_FACE($,(#410),#8271,.T.);
#8824=ADVANCED_FACE($,(#411),#8272,.F.);
#8825=ADVANCED_FACE($,(#412),#8273,.F.);
#8826=ADVANCED_FACE($,(#413),#8274,.F.);
#8827=ADVANCED_FACE($,(#414),#8275,.F.);
#8828=ADVANCED_FACE($,(#415),#8276,.F.);
#8829=ADVANCED_FACE($,(#416),#8277,.T.);
#8830=ADVANCED_FACE($,(#417),#8278,.F.);
#8831=ADVANCED_FACE($,(#418),#8279,.F.);
#8832=ADVANCED_FACE($,(#419),#8280,.F.);
#8833=ADVANCED_FACE($,(#420),#8281,.F.);
#8834=ADVANCED_FACE($,(#421),#8282,.F.);
#8835=ADVANCED_FACE($,(#422),#8283,.T.);
#8836=ADVANCED_FACE($,(#423),#8284,.F.);
#8837=ADVANCED_FACE($,(#424),#8285,.F.);
#8838=ADVANCED_FACE($,(#425),#8286,.F.);
#8839=ADVANCED_FACE($,(#426),#8287,.F.);
#8840=ADVANCED_FACE($,(#427),#8288,.F.);
#8841=ADVANCED_FACE($,(#428),#8289,.T.);
#8842=ADVANCED_FACE($,(#429),#8290,.F.);
#8843=ADVANCED_FACE($,(#430),#8291,.F.);
#8844=ADVANCED_FACE($,(#431),#8292,.F.);
#8845=ADVANCED_FACE($,(#432),#8293,.F.);
#8846=ADVANCED_FACE($,(#433),#8294,.F.);
#8847=ADVANCED_FACE($,(#434),#8295,.T.);
#8848=ADVANCED_FACE($,(#435),#8296,.F.);
#8849=ADVANCED_FACE($,(#436),#8297,.F.);
#8850=ADVANCED_FACE($,(#437),#8298,.F.);
#8851=ADVANCED_FACE($,(#438),#8299,.F.);
#8852=ADVANCED_FACE($,(#439),#8300,.F.);
#8853=ADVANCED_FACE($,(#440),#8301,.T.);
#8854=ADVANCED_FACE($,(#441),#8302,.F.);
#8855=ADVANCED_FACE($,(#442),#8303,.F.);
#8856=ADVANCED_FACE($,(#443),#8304,.F.);
#8857=ADVANCED_FACE($,(#444),#8305,.F.);
#8858=ADVANCED_FACE($,(#445),#8306,.F.);
#8859=ADVANCED_FACE($,(#446),#8307,.T.);
#8860=ADVANCED_FACE($,(#447),#8308,.F.);
#8861=ADVANCED_FACE($,(#448),#8309,.F.);
#8862=ADVANCED_FACE($,(#449),#8310,.F.);
#8863=ADVANCED_FACE($,(#450),#8311,.F.);
#8864=ADVANCED_FACE($,(#451),#8312,.F.);
#8865=ADVANCED_FACE($,(#452),#8313,.T.);
#8866=ADVANCED_FACE($,(#453),#8314,.F.);
#8867=ADVANCED_FACE($,(#454),#8315,.F.);
#8868=ADVANCED_FACE($,(#455),#8316,.F.);
#8869=ADVANCED_FACE($,(#456),#8317,.F.);
#8870=ADVANCED_FACE($,(#457),#8318,.F.);
#8871=ADVANCED_FACE($,(#458),#8319,.T.);
#8872=ADVANCED_FACE($,(#459),#8320,.F.);
#8873=ADVANCED_FACE($,(#460),#8321,.F.);
#8874=ADVANCED_FACE($,(#461),#8322,.F.);
#8875=ADVANCED_FACE($,(#462),#8323,.F.);
#8876=ADVANCED_FACE($,(#463),#8324,.F.);
#8877=ADVANCED_FACE($,(#464),#8325,.T.);
#8878=ADVANCED_FACE($,(#465),#8326,.F.);
#8879=ADVANCED_FACE($,(#466),#8327,.F.);
#8880=ADVANCED_FACE($,(#467),#8328,.F.);
#8881=ADVANCED_FACE($,(#468),#8329,.F.);
#8882=ADVANCED_FACE($,(#469),#8330,.F.);
#8883=ADVANCED_FACE($,(#470),#8331,.T.);
#8884=ADVANCED_FACE($,(#471),#8332,.F.);
#8885=ADVANCED_FACE($,(#472),#8333,.F.);
#8886=ADVANCED_FACE($,(#473),#8334,.F.);
#8887=ADVANCED_FACE($,(#474),#8335,.F.);
#8888=ADVANCED_FACE($,(#475),#8336,.F.);
#8889=ADVANCED_FACE($,(#476),#8337,.T.);
#8890=ADVANCED_FACE($,(#477),#8338,.F.);
#8891=ADVANCED_FACE($,(#478),#8339,.F.);
#8892=ADVANCED_FACE($,(#479),#8340,.F.);
#8893=ADVANCED_FACE($,(#480),#8341,.F.);
#8894=ADVANCED_FACE($,(#481),#8342,.F.);
#8895=ADVANCED_FACE($,(#482,#63),#31,.T.);
#8896=ADVANCED_FACE($,(#483),#8343,.T.);
#8897=ADVANCED_FACE($,(#484),#8344,.T.);
#8898=ADVANCED_FACE($,(#485,#64),#32,.T.);
#8899=ADVANCED_FACE($,(#486),#8345,.T.);
#8900=ADVANCED_FACE($,(#487),#8346,.T.);
#8901=ADVANCED_FACE($,(#488),#8347,.F.);
#8902=ADVANCED_FACE($,(#489),#8348,.T.);
#8903=ADVANCED_FACE($,(#490),#8349,.T.);
#8904=ADVANCED_FACE($,(#491),#8350,.T.);
#8905=ADVANCED_FACE($,(#492),#8351,.T.);
#8906=ADVANCED_FACE($,(#493),#8352,.T.);
#8907=ADVANCED_FACE($,(#494),#8353,.F.);
#8908=ADVANCED_FACE($,(#495),#8354,.F.);
#8909=ADVANCED_FACE($,(#496),#8355,.F.);
#8910=ADVANCED_FACE($,(#497),#8356,.F.);
#8911=ADVANCED_FACE($,(#498),#8357,.T.);
#8912=ADVANCED_FACE($,(#499),#8358,.F.);
#8913=ADVANCED_FACE($,(#500),#8359,.F.);
#8914=ADVANCED_FACE($,(#501),#8360,.F.);
#8915=ADVANCED_FACE($,(#502),#8361,.F.);
#8916=ADVANCED_FACE($,(#65,#66,#67),#8362,.F.);
#8917=ADVANCED_FACE($,(#503),#8363,.F.);
#8918=ADVANCED_FACE($,(#504),#8364,.F.);
#8919=ADVANCED_FACE($,(#505),#8365,.F.);
#8920=ADVANCED_FACE($,(#506),#8366,.F.);
#8921=ADVANCED_FACE($,(#507),#8367,.F.);
#8922=ADVANCED_FACE($,(#508),#8368,.F.);
#8923=ADVANCED_FACE($,(#509),#8369,.F.);
#8924=ADVANCED_FACE($,(#510,#68,#69,#70,#71),#8370,.F.);
#8925=ADVANCED_FACE($,(#511),#8371,.T.);
#8926=ADVANCED_FACE($,(#512),#8372,.T.);
#8927=ADVANCED_FACE($,(#513),#8373,.F.);
#8928=ADVANCED_FACE($,(#514),#8374,.F.);
#8929=ADVANCED_FACE($,(#515),#8375,.F.);
#8930=ADVANCED_FACE($,(#516),#8376,.F.);
#8931=ADVANCED_FACE($,(#517),#8377,.F.);
#8932=ADVANCED_FACE($,(#518),#8378,.F.);
#8933=ADVANCED_FACE($,(#519),#8379,.F.);
#8934=ADVANCED_FACE($,(#520),#8380,.F.);
#8935=ADVANCED_FACE($,(#521),#8381,.F.);
#8936=ADVANCED_FACE($,(#522),#8382,.F.);
#8937=ADVANCED_FACE($,(#523),#8383,.F.);
#8938=ADVANCED_FACE($,(#524),#8384,.F.);
#8939=ADVANCED_FACE($,(#525),#8385,.F.);
#8940=ADVANCED_FACE($,(#526),#8386,.F.);
#8941=ADVANCED_FACE($,(#527),#8387,.F.);
#8942=ADVANCED_FACE($,(#528),#8388,.F.);
#8943=ADVANCED_FACE($,(#529),#8389,.F.);
#8944=ADVANCED_FACE($,(#530),#8390,.F.);
#8945=ADVANCED_FACE($,(#531),#8391,.F.);
#8946=ADVANCED_FACE($,(#532),#8392,.F.);
#8947=ADVANCED_FACE($,(#533),#8393,.F.);
#8948=ADVANCED_FACE($,(#534),#8394,.F.);
#8949=ADVANCED_FACE($,(#535),#8395,.F.);
#8950=ADVANCED_FACE($,(#536),#8396,.F.);
#8951=ADVANCED_FACE($,(#537),#8397,.F.);
#8952=ADVANCED_FACE($,(#538),#8398,.F.);
#8953=ADVANCED_FACE($,(#539),#8399,.F.);
#8954=ADVANCED_FACE($,(#540),#8400,.F.);
#8955=ADVANCED_FACE($,(#541),#8401,.F.);
#8956=ADVANCED_FACE($,(#542),#8402,.F.);
#8957=ADVANCED_FACE($,(#543),#8403,.F.);
#8958=ADVANCED_FACE($,(#544),#8404,.F.);
#8959=ADVANCED_FACE($,(#545),#8405,.F.);
#8960=ADVANCED_FACE($,(#546),#8406,.F.);
#8961=ADVANCED_FACE($,(#547),#8407,.F.);
#8962=ADVANCED_FACE($,(#548),#8408,.F.);
#8963=ADVANCED_FACE($,(#549),#8409,.T.);
#8964=ADVANCED_FACE($,(#550),#8410,.T.);
#8965=ADVANCED_FACE($,(#551),#8411,.T.);
#8966=ADVANCED_FACE($,(#552),#8412,.T.);
#8967=ADVANCED_FACE($,(#553),#8413,.T.);
#8968=ADVANCED_FACE($,(#72,#73,#74,#75,#76),#8414,.F.);
#8969=ADVANCED_FACE($,(#554),#8415,.T.);
#8970=ADVANCED_FACE($,(#555),#8416,.T.);
#8971=ADVANCED_FACE($,(#556),#8417,.T.);
#8972=ADVANCED_FACE($,(#557,#77,#78,#79,#80),#8418,.T.);
#8973=ADVANCED_FACE($,(#558),#8419,.F.);
#8974=ADVANCED_FACE($,(#559),#8420,.T.);
#8975=ADVANCED_FACE($,(#560),#8421,.F.);
#8976=ADVANCED_FACE($,(#561),#8422,.F.);
#8977=ADVANCED_FACE($,(#562),#8423,.T.);
#8978=ADVANCED_FACE($,(#563),#8424,.F.);
#8979=ADVANCED_FACE($,(#564),#8425,.F.);
#8980=ADVANCED_FACE($,(#565),#8426,.F.);
#8981=ADVANCED_FACE($,(#566),#8427,.F.);
#8982=ADVANCED_FACE($,(#567),#8428,.F.);
#8983=ADVANCED_FACE($,(#568),#8429,.F.);
#8984=ADVANCED_FACE($,(#569),#8430,.F.);
#8985=ADVANCED_FACE($,(#570),#8431,.F.);
#8986=ADVANCED_FACE($,(#571),#8432,.F.);
#8987=ADVANCED_FACE($,(#572),#8433,.F.);
#8988=ADVANCED_FACE($,(#573),#8434,.F.);
#8989=ADVANCED_FACE($,(#574),#8435,.F.);
#8990=ADVANCED_FACE($,(#575),#8436,.F.);
#8991=ADVANCED_FACE($,(#576),#8437,.F.);
#8992=ADVANCED_FACE($,(#577),#8438,.F.);
#8993=ADVANCED_FACE($,(#81,#82,#83,#84,#85),#8439,.F.);
#8994=ADVANCED_FACE($,(#578),#8440,.T.);
#8995=ADVANCED_FACE($,(#579),#8441,.T.);
#8996=ADVANCED_FACE($,(#580),#8442,.T.);
#8997=ADVANCED_FACE($,(#581),#8443,.T.);
#8998=ADVANCED_FACE($,(#582),#8444,.F.);
#8999=ADVANCED_FACE($,(#583),#8445,.F.);
#9000=ADVANCED_FACE($,(#584),#8446,.F.);
#9001=ADVANCED_FACE($,(#585),#8447,.F.);
#9002=ADVANCED_FACE($,(#586),#8448,.F.);
#9003=ADVANCED_FACE($,(#587),#8449,.T.);
#9004=ADVANCED_FACE($,(#588),#8450,.F.);
#9005=ADVANCED_FACE($,(#589),#8451,.F.);
#9006=ADVANCED_FACE($,(#590),#8452,.F.);
#9007=ADVANCED_FACE($,(#591),#8453,.F.);
#9008=ADVANCED_FACE($,(#592),#8454,.F.);
#9009=ADVANCED_FACE($,(#593,#86),#33,.T.);
#9010=ADVANCED_FACE($,(#594),#8455,.T.);
#9011=ADVANCED_FACE($,(#595),#8456,.F.);
#9012=ADVANCED_FACE($,(#596),#8457,.T.);
#9013=ADVANCED_FACE($,(#597),#8458,.F.);
#9014=ADVANCED_FACE($,(#598),#8459,.F.);
#9015=ADVANCED_FACE($,(#599),#8460,.F.);
#9016=ADVANCED_FACE($,(#600),#8461,.F.);
#9017=ADVANCED_FACE($,(#601,#87),#34,.T.);
#9018=ADVANCED_FACE($,(#602),#8462,.T.);
#9019=ADVANCED_FACE($,(#88,#89),#8463,.T.);
#9020=ADVANCED_FACE($,(#603),#8464,.T.);
#9021=ADVANCED_FACE($,(#604),#10,.T.);
#9022=ADVANCED_FACE($,(#605),#8465,.T.);
#9023=ADVANCED_FACE($,(#606),#8466,.F.);
#9024=ADVANCED_FACE($,(#607),#8467,.F.);
#9025=ADVANCED_FACE($,(#608),#8468,.F.);
#9026=ADVANCED_FACE($,(#609),#8469,.F.);
#9027=ADVANCED_FACE($,(#610),#8470,.F.);
#9028=ADVANCED_FACE($,(#611,#90),#35,.T.);
#9029=ADVANCED_FACE($,(#612),#8471,.T.);
#9030=ADVANCED_FACE($,(#613),#8472,.T.);
#9031=ADVANCED_FACE($,(#614),#8473,.T.);
#9032=ADVANCED_FACE($,(#615),#8474,.F.);
#9033=ADVANCED_FACE($,(#616),#8475,.F.);
#9034=ADVANCED_FACE($,(#617),#8476,.F.);
#9035=ADVANCED_FACE($,(#618),#8477,.F.);
#9036=ADVANCED_FACE($,(#619),#8478,.F.);
#9037=ADVANCED_FACE($,(#620),#8479,.T.);
#9038=ADVANCED_FACE($,(#621),#8480,.F.);
#9039=ADVANCED_FACE($,(#622),#8481,.F.);
#9040=ADVANCED_FACE($,(#623),#8482,.F.);
#9041=ADVANCED_FACE($,(#624),#8483,.F.);
#9042=ADVANCED_FACE($,(#625),#8484,.F.);
#9043=ADVANCED_FACE($,(#626,#91),#36,.T.);
#9044=ADVANCED_FACE($,(#627),#8485,.T.);
#9045=ADVANCED_FACE($,(#628),#8486,.T.);
#9046=ADVANCED_FACE($,(#629),#8487,.T.);
#9047=ADVANCED_FACE($,(#630),#8488,.F.);
#9048=ADVANCED_FACE($,(#631),#8489,.F.);
#9049=ADVANCED_FACE($,(#632),#8490,.F.);
#9050=ADVANCED_FACE($,(#633),#8491,.F.);
#9051=ADVANCED_FACE($,(#634),#8492,.F.);
#9052=ADVANCED_FACE($,(#635),#8493,.T.);
#9053=ADVANCED_FACE($,(#636),#8494,.F.);
#9054=ADVANCED_FACE($,(#637),#8495,.F.);
#9055=ADVANCED_FACE($,(#638),#8496,.F.);
#9056=ADVANCED_FACE($,(#639),#8497,.F.);
#9057=ADVANCED_FACE($,(#640),#8498,.F.);
#9058=ADVANCED_FACE($,(#641),#8499,.T.);
#9059=ADVANCED_FACE($,(#642),#8500,.F.);
#9060=ADVANCED_FACE($,(#643),#8501,.F.);
#9061=ADVANCED_FACE($,(#644),#8502,.F.);
#9062=ADVANCED_FACE($,(#645),#8503,.F.);
#9063=ADVANCED_FACE($,(#646),#8504,.F.);
#9064=ADVANCED_FACE($,(#647),#8505,.T.);
#9065=ADVANCED_FACE($,(#648),#8506,.F.);
#9066=ADVANCED_FACE($,(#649),#8507,.F.);
#9067=ADVANCED_FACE($,(#650),#8508,.F.);
#9068=ADVANCED_FACE($,(#651),#8509,.F.);
#9069=ADVANCED_FACE($,(#652),#8510,.F.);
#9070=ADVANCED_FACE($,(#653),#8511,.T.);
#9071=ADVANCED_FACE($,(#654),#8512,.F.);
#9072=ADVANCED_FACE($,(#655),#8513,.F.);
#9073=ADVANCED_FACE($,(#656),#8514,.F.);
#9074=ADVANCED_FACE($,(#657),#8515,.F.);
#9075=ADVANCED_FACE($,(#658),#8516,.F.);
#9076=ADVANCED_FACE($,(#659),#8517,.T.);
#9077=ADVANCED_FACE($,(#660),#8518,.F.);
#9078=ADVANCED_FACE($,(#661),#8519,.F.);
#9079=ADVANCED_FACE($,(#662),#8520,.F.);
#9080=ADVANCED_FACE($,(#663),#8521,.F.);
#9081=ADVANCED_FACE($,(#664),#8522,.F.);
#9082=ADVANCED_FACE($,(#665),#8523,.T.);
#9083=ADVANCED_FACE($,(#666),#8524,.F.);
#9084=ADVANCED_FACE($,(#667),#8525,.F.);
#9085=ADVANCED_FACE($,(#668),#8526,.F.);
#9086=ADVANCED_FACE($,(#669),#8527,.F.);
#9087=ADVANCED_FACE($,(#670),#8528,.F.);
#9088=ADVANCED_FACE($,(#671,#92),#37,.T.);
#9089=ADVANCED_FACE($,(#672),#8529,.T.);
#9090=ADVANCED_FACE($,(#673),#8530,.T.);
#9091=ADVANCED_FACE($,(#674),#8531,.T.);
#9092=ADVANCED_FACE($,(#675),#11,.T.);
#9093=ADVANCED_FACE($,(#676,#93),#38,.T.);
#9094=ADVANCED_FACE($,(#677),#8532,.T.);
#9095=ADVANCED_FACE($,(#678),#8533,.T.);
#9096=ADVANCED_FACE($,(#679),#8534,.T.);
#9097=ADVANCED_FACE($,(#680),#8535,.F.);
#9098=ADVANCED_FACE($,(#681),#8536,.F.);
#9099=ADVANCED_FACE($,(#682),#8537,.F.);
#9100=ADVANCED_FACE($,(#683),#8538,.F.);
#9101=ADVANCED_FACE($,(#684),#8539,.F.);
#9102=ADVANCED_FACE($,(#685),#8540,.T.);
#9103=ADVANCED_FACE($,(#686),#8541,.F.);
#9104=ADVANCED_FACE($,(#687),#8542,.F.);
#9105=ADVANCED_FACE($,(#688),#8543,.F.);
#9106=ADVANCED_FACE($,(#689),#8544,.F.);
#9107=ADVANCED_FACE($,(#690),#8545,.F.);
#9108=ADVANCED_FACE($,(#691),#8546,.T.);
#9109=ADVANCED_FACE($,(#692),#8547,.F.);
#9110=ADVANCED_FACE($,(#693),#8548,.F.);
#9111=ADVANCED_FACE($,(#694),#8549,.F.);
#9112=ADVANCED_FACE($,(#695),#8550,.F.);
#9113=ADVANCED_FACE($,(#696),#8551,.F.);
#9114=ADVANCED_FACE($,(#697),#8552,.F.);
#9115=ADVANCED_FACE($,(#698),#8553,.F.);
#9116=ADVANCED_FACE($,(#699),#8554,.F.);
#9117=ADVANCED_FACE($,(#700),#8555,.F.);
#9118=ADVANCED_FACE($,(#701),#8556,.F.);
#9119=ADVANCED_FACE($,(#702),#8557,.F.);
#9120=ADVANCED_FACE($,(#703),#8558,.F.);
#9121=ADVANCED_FACE($,(#704),#8559,.F.);
#9122=ADVANCED_FACE($,(#705),#8560,.F.);
#9123=ADVANCED_FACE($,(#706),#8561,.F.);
#9124=ADVANCED_FACE($,(#707),#8562,.F.);
#9125=ADVANCED_FACE($,(#708),#8563,.F.);
#9126=ADVANCED_FACE($,(#709),#8564,.F.);
#9127=ADVANCED_FACE($,(#710),#8565,.F.);
#9128=ADVANCED_FACE($,(#711),#8566,.F.);
#9129=ADVANCED_FACE($,(#712),#8567,.F.);
#9130=ADVANCED_FACE($,(#713),#8568,.F.);
#9131=ADVANCED_FACE($,(#714),#8569,.F.);
#9132=ADVANCED_FACE($,(#715),#8570,.F.);
#9133=ADVANCED_FACE($,(#716),#8571,.F.);
#9134=ADVANCED_FACE($,(#717),#8572,.T.);
#9135=ADVANCED_FACE($,(#718),#8573,.T.);
#9136=ADVANCED_FACE($,(#719),#8574,.T.);
#9137=ADVANCED_FACE($,(#720),#8575,.T.);
#9138=ADVANCED_FACE($,(#721),#8576,.T.);
#9139=ADVANCED_FACE($,(#94,#95,#96,#97,#98),#8577,.F.);
#9140=CLOSED_SHELL($,(#8578,#8579,#8580,#8581,#8582,#8583));
#9141=CLOSED_SHELL($,(#8584,#8585,#8586,#8587,#8588,#8589));
#9142=CLOSED_SHELL($,(#8590,#8591,#8592,#8593,#8594,#8595,#8596,#8597,#8598,
#8599,#8600,#8601,#8602,#8603,#8604,#8605,#8606,#8607,#8608,#8609,#8610,
#8611,#8612,#8613,#8614,#8615,#8616,#8617,#8618,#8619,#8620,#8621,#8622,
#8623,#8624,#8625,#8626,#8627,#8628,#8629,#8630,#8631,#8632,#8633,#8634,
#8635,#8636,#8637));
#9143=CLOSED_SHELL($,(#8638,#8639,#8640,#8641,#8642,#8643,#8644,#8645,#8646,
#8647,#8648,#8649,#8650,#8651));
#9144=CLOSED_SHELL($,(#8652,#8653,#8654,#8655,#8656,#8657,#8658,#8659,#8660,
#8661,#8662));
#9145=CLOSED_SHELL($,(#8663,#8664,#8665,#8666,#8667,#8668));
#9146=CLOSED_SHELL($,(#8669,#8670,#8671,#8672,#8673,#8674));
#9147=CLOSED_SHELL($,(#8675,#8676,#8677,#8678,#8679,#8680));
#9148=CLOSED_SHELL($,(#8681,#8682,#8683,#8684,#8685,#8686));
#9149=CLOSED_SHELL($,(#8687,#8688,#8689,#8690,#8691,#8692));
#9150=CLOSED_SHELL($,(#8693,#8694,#8695,#8696,#8697,#8698));
#9151=CLOSED_SHELL($,(#8699,#8700,#8701,#8702,#8703,#8704,#8705,#8706,#8707,
#8708));
#9152=CLOSED_SHELL($,(#8709,#8710,#8711,#8712,#8713,#8714));
#9153=CLOSED_SHELL($,(#8715,#8716,#8717,#8718,#8719,#8720));
#9154=CLOSED_SHELL($,(#8721,#8722,#8723,#8724,#8725,#8726));
#9155=CLOSED_SHELL($,(#8727,#8728,#8729,#8730,#8731,#8732));
#9156=CLOSED_SHELL($,(#8733,#8734,#8735,#8736,#8737,#8738));
#9157=CLOSED_SHELL($,(#8739,#8740,#8741,#8742,#8743,#8744));
#9158=CLOSED_SHELL($,(#8745,#8746,#8747,#8748,#8749,#8750));
#9159=CLOSED_SHELL($,(#8751,#8752,#8753,#8754,#8755,#8756));
#9160=CLOSED_SHELL($,(#8757,#8758,#8759,#8760,#8761,#8762));
#9161=CLOSED_SHELL($,(#8763,#8764,#8765,#8766,#8767,#8768));
#9162=CLOSED_SHELL($,(#8769,#8770,#8771,#8772,#8773,#8774));
#9163=CLOSED_SHELL($,(#8775,#8776,#8777,#8778,#8779,#8780));
#9164=CLOSED_SHELL($,(#8781,#8782,#8783,#8784,#8785,#8786));
#9165=CLOSED_SHELL($,(#8787,#8788,#8789,#8790,#8791,#8792));
#9166=CLOSED_SHELL($,(#8793,#8794,#8795,#8796,#8797,#8798));
#9167=CLOSED_SHELL($,(#8799,#8800,#8801,#8802,#8803,#8804));
#9168=CLOSED_SHELL($,(#8805,#8806,#8807,#8808,#8809,#8810));
#9169=CLOSED_SHELL($,(#8811,#8812,#8813,#8814,#8815,#8816));
#9170=CLOSED_SHELL($,(#8817,#8818,#8819,#8820,#8821,#8822));
#9171=CLOSED_SHELL($,(#8823,#8824,#8825,#8826,#8827,#8828));
#9172=CLOSED_SHELL($,(#8829,#8830,#8831,#8832,#8833,#8834));
#9173=CLOSED_SHELL($,(#8835,#8836,#8837,#8838,#8839,#8840));
#9174=CLOSED_SHELL($,(#8841,#8842,#8843,#8844,#8845,#8846));
#9175=CLOSED_SHELL($,(#8847,#8848,#8849,#8850,#8851,#8852));
#9176=CLOSED_SHELL($,(#8853,#8854,#8855,#8856,#8857,#8858));
#9177=CLOSED_SHELL($,(#8859,#8860,#8861,#8862,#8863,#8864));
#9178=CLOSED_SHELL($,(#8865,#8866,#8867,#8868,#8869,#8870));
#9179=CLOSED_SHELL($,(#8871,#8872,#8873,#8874,#8875,#8876));
#9180=CLOSED_SHELL($,(#8877,#8878,#8879,#8880,#8881,#8882));
#9181=CLOSED_SHELL($,(#8883,#8884,#8885,#8886,#8887,#8888));
#9182=CLOSED_SHELL($,(#8889,#8890,#8891,#8892,#8893,#8894));
#9183=CLOSED_SHELL($,(#8895,#8896,#8897));
#9184=CLOSED_SHELL($,(#8898,#8899,#8900));
#9185=CLOSED_SHELL($,(#8901,#8902,#8903,#8904,#8905,#8906));
#9186=CLOSED_SHELL($,(#8907,#8908,#8909,#8910,#8911,#8912,#8913,#8914,#8915,
#8916,#8917,#8918,#8919,#8920));
#9187=CLOSED_SHELL($,(#8921,#8922,#8923,#8924,#8925,#8926,#8927,#8928,#8929,
#8930,#8931,#8932,#8933,#8934,#8935,#8936,#8937,#8938,#8939,#8940,#8941,
#8942,#8943,#8944,#8945,#8946,#8947,#8948,#8949,#8950,#8951,#8952,#8953,
#8954,#8955,#8956,#8957,#8958,#8959,#8960,#8961,#8962,#8963,#8964,#8965,
#8966,#8967,#8968,#8969,#8970,#8971,#8972));
#9188=CLOSED_SHELL($,(#8973,#8974,#8975,#8976,#8977,#8978,#8979,#8980,#8981,
#8982,#8983,#8984,#8985,#8986,#8987,#8988,#8989,#8990,#8991,#8992,#8993,
#8994,#8995,#8996,#8997,#8998,#8999,#9000,#9001,#9002));
#9189=CLOSED_SHELL($,(#9003,#9004,#9005,#9006,#9007,#9008));
#9190=CLOSED_SHELL($,(#9009,#9010,#9011,#9012,#9013,#9014,#9015,#9016,#9017,
#9018,#9019));
#9191=CLOSED_SHELL($,(#9020,#9021));
#9192=CLOSED_SHELL($,(#9022,#9023,#9024,#9025,#9026,#9027));
#9193=CLOSED_SHELL($,(#9028,#9029,#9030));
#9194=CLOSED_SHELL($,(#9031,#9032,#9033,#9034,#9035,#9036));
#9195=CLOSED_SHELL($,(#9037,#9038,#9039,#9040,#9041,#9042));
#9196=CLOSED_SHELL($,(#9043,#9044,#9045));
#9197=CLOSED_SHELL($,(#9046,#9047,#9048,#9049,#9050,#9051));
#9198=CLOSED_SHELL($,(#9052,#9053,#9054,#9055,#9056,#9057));
#9199=CLOSED_SHELL($,(#9058,#9059,#9060,#9061,#9062,#9063));
#9200=CLOSED_SHELL($,(#9064,#9065,#9066,#9067,#9068,#9069));
#9201=CLOSED_SHELL($,(#9070,#9071,#9072,#9073,#9074,#9075));
#9202=CLOSED_SHELL($,(#9076,#9077,#9078,#9079,#9080,#9081));
#9203=CLOSED_SHELL($,(#9082,#9083,#9084,#9085,#9086,#9087));
#9204=CLOSED_SHELL($,(#9088,#9089,#9090));
#9205=CLOSED_SHELL($,(#9091,#9092));
#9206=CLOSED_SHELL($,(#9093,#9094,#9095));
#9207=CLOSED_SHELL($,(#9096,#9097,#9098,#9099,#9100,#9101));
#9208=CLOSED_SHELL($,(#9102,#9103,#9104,#9105,#9106,#9107));
#9209=CLOSED_SHELL($,(#9108,#9109,#9110,#9111,#9112,#9113));
#9210=CLOSED_SHELL($,(#9114,#9115,#9116,#9117,#9118,#9119,#9120,#9121,#9122,
#9123,#9124,#9125,#9126,#9127,#9128,#9129,#9130,#9131,#9132,#9133,#9134,
#9135,#9136,#9137,#9138,#9139));
#9211=MANIFOLD_SOLID_BREP('ASM Body',#9140);
#9212=MANIFOLD_SOLID_BREP('ASM Body',#9141);
#9213=MANIFOLD_SOLID_BREP('ASM Body',#9142);
#9214=MANIFOLD_SOLID_BREP('ASM Body',#9143);
#9215=MANIFOLD_SOLID_BREP('ASM Body',#9144);
#9216=MANIFOLD_SOLID_BREP('ASM Body',#9145);
#9217=MANIFOLD_SOLID_BREP('ASM Body',#9146);
#9218=MANIFOLD_SOLID_BREP('ASM Body',#9147);
#9219=MANIFOLD_SOLID_BREP('ASM Body',#9148);
#9220=MANIFOLD_SOLID_BREP('ASM Body',#9149);
#9221=MANIFOLD_SOLID_BREP('ASM Body',#9150);
#9222=MANIFOLD_SOLID_BREP('ASM Body',#9151);
#9223=MANIFOLD_SOLID_BREP('ASM Body',#9152);
#9224=MANIFOLD_SOLID_BREP('ASM Body',#9153);
#9225=MANIFOLD_SOLID_BREP('ASM Body',#9154);
#9226=MANIFOLD_SOLID_BREP('ASM Body',#9155);
#9227=MANIFOLD_SOLID_BREP('ASM Body',#9156);
#9228=MANIFOLD_SOLID_BREP('ASM Body',#9157);
#9229=MANIFOLD_SOLID_BREP('ASM Body',#9158);
#9230=MANIFOLD_SOLID_BREP('ASM Body',#9159);
#9231=MANIFOLD_SOLID_BREP('ASM Body',#9160);
#9232=MANIFOLD_SOLID_BREP('ASM Body',#9161);
#9233=MANIFOLD_SOLID_BREP('ASM Body',#9162);
#9234=MANIFOLD_SOLID_BREP('ASM Body',#9163);
#9235=MANIFOLD_SOLID_BREP('ASM Body',#9164);
#9236=MANIFOLD_SOLID_BREP('ASM Body',#9165);
#9237=MANIFOLD_SOLID_BREP('ASM Body',#9166);
#9238=MANIFOLD_SOLID_BREP('ASM Body',#9167);
#9239=MANIFOLD_SOLID_BREP('ASM Body',#9168);
#9240=MANIFOLD_SOLID_BREP('ASM Body',#9169);
#9241=MANIFOLD_SOLID_BREP('ASM Body',#9170);
#9242=MANIFOLD_SOLID_BREP('ASM Body',#9171);
#9243=MANIFOLD_SOLID_BREP('ASM Body',#9172);
#9244=MANIFOLD_SOLID_BREP('ASM Body',#9173);
#9245=MANIFOLD_SOLID_BREP('ASM Body',#9174);
#9246=MANIFOLD_SOLID_BREP('ASM Body',#9175);
#9247=MANIFOLD_SOLID_BREP('ASM Body',#9176);
#9248=MANIFOLD_SOLID_BREP('ASM Body',#9177);
#9249=MANIFOLD_SOLID_BREP('ASM Body',#9178);
#9250=MANIFOLD_SOLID_BREP('ASM Body',#9179);
#9251=MANIFOLD_SOLID_BREP('ASM Body',#9180);
#9252=MANIFOLD_SOLID_BREP('ASM Body',#9181);
#9253=MANIFOLD_SOLID_BREP('ASM Body',#9182);
#9254=MANIFOLD_SOLID_BREP('ASM Body',#9183);
#9255=MANIFOLD_SOLID_BREP('ASM Body',#9184);
#9256=MANIFOLD_SOLID_BREP('ASM Body',#9185);
#9257=MANIFOLD_SOLID_BREP('ASM Body',#9186);
#9258=MANIFOLD_SOLID_BREP('ASM Body',#9187);
#9259=MANIFOLD_SOLID_BREP('ASM Body',#9188);
#9260=MANIFOLD_SOLID_BREP('ASM Body',#9189);
#9261=MANIFOLD_SOLID_BREP('ASM Body',#9190);
#9262=MANIFOLD_SOLID_BREP('ASM Body',#9191);
#9263=MANIFOLD_SOLID_BREP('ASM Body',#9192);
#9264=MANIFOLD_SOLID_BREP('ASM Body',#9193);
#9265=MANIFOLD_SOLID_BREP('ASM Body',#9194);
#9266=MANIFOLD_SOLID_BREP('ASM Body',#9195);
#9267=MANIFOLD_SOLID_BREP('ASM Body',#9196);
#9268=MANIFOLD_SOLID_BREP('ASM Body',#9197);
#9269=MANIFOLD_SOLID_BREP('ASM Body',#9198);
#9270=MANIFOLD_SOLID_BREP('ASM Body',#9199);
#9271=MANIFOLD_SOLID_BREP('ASM Body',#9200);
#9272=MANIFOLD_SOLID_BREP('ASM Body',#9201);
#9273=MANIFOLD_SOLID_BREP('ASM Body',#9202);
#9274=MANIFOLD_SOLID_BREP('ASM Body',#9203);
#9275=MANIFOLD_SOLID_BREP('ASM Body',#9204);
#9276=MANIFOLD_SOLID_BREP('ASM Body',#9205);
#9277=MANIFOLD_SOLID_BREP('ASM Body',#9206);
#9278=MANIFOLD_SOLID_BREP('ASM Body',#9207);
#9279=MANIFOLD_SOLID_BREP('ASM Body',#9208);
#9280=MANIFOLD_SOLID_BREP('ASM Body',#9209);
#9281=MANIFOLD_SOLID_BREP('ASM Body',#9210);
#9282=AXIS2_PLACEMENT_3D('placement',#12196,#9864,#9865);
#9283=AXIS2_PLACEMENT_3D($,#12197,#9866,#9867);
#9284=AXIS2_PLACEMENT_3D($,#12206,#9872,#9873);
#9285=AXIS2_PLACEMENT_3D($,#12212,#9877,#9878);
#9286=AXIS2_PLACEMENT_3D($,#12218,#9882,#9883);
#9287=AXIS2_PLACEMENT_3D($,#12221,#9886,#9887);
#9288=AXIS2_PLACEMENT_3D($,#12222,#9888,#9889);
#9289=AXIS2_PLACEMENT_3D($,#12223,#9890,#9891);
#9290=AXIS2_PLACEMENT_3D($,#12232,#9896,#9897);
#9291=AXIS2_PLACEMENT_3D($,#12238,#9901,#9902);
#9292=AXIS2_PLACEMENT_3D($,#12244,#9906,#9907);
#9293=AXIS2_PLACEMENT_3D($,#12247,#9910,#9911);
#9294=AXIS2_PLACEMENT_3D($,#12248,#9912,#9913);
#9295=AXIS2_PLACEMENT_3D($,#12249,#9914,#9915);
#9296=AXIS2_PLACEMENT_3D($,#12258,#9920,#9921);
#9297=AXIS2_PLACEMENT_3D($,#12264,#9925,#9926);
#9298=AXIS2_PLACEMENT_3D($,#12270,#9930,#9931);
#9299=AXIS2_PLACEMENT_3D($,#12279,#9936,#9937);
#9300=AXIS2_PLACEMENT_3D($,#12282,#9940,#9941);
#9301=AXIS2_PLACEMENT_3D($,#12288,#9945,#9946);
#9302=AXIS2_PLACEMENT_3D($,#12289,#9947,#9948);
#9303=AXIS2_PLACEMENT_3D($,#12295,#9952,#9953);
#9304=AXIS2_PLACEMENT_3D($,#12298,#9956,#9957);
#9305=AXIS2_PLACEMENT_3D($,#12307,#9962,#9963);
#9306=AXIS2_PLACEMENT_3D($,#12313,#9967,#9968);
#9307=AXIS2_PLACEMENT_3D($,#12319,#9972,#9973);
#9308=AXIS2_PLACEMENT_3D($,#12328,#9978,#9979);
#9309=AXIS2_PLACEMENT_3D($,#12331,#9982,#9983);
#9310=AXIS2_PLACEMENT_3D($,#12337,#9987,#9988);
#9311=AXIS2_PLACEMENT_3D($,#12338,#9989,#9990);
#9312=AXIS2_PLACEMENT_3D($,#12344,#9994,#9995);
#9313=AXIS2_PLACEMENT_3D($,#12347,#9998,#9999);
#9314=AXIS2_PLACEMENT_3D($,#12356,#10004,#10005);
#9315=AXIS2_PLACEMENT_3D($,#12362,#10009,#10010);
#9316=AXIS2_PLACEMENT_3D($,#12368,#10014,#10015);
#9317=AXIS2_PLACEMENT_3D($,#12377,#10020,#10021);
#9318=AXIS2_PLACEMENT_3D($,#12380,#10024,#10025);
#9319=AXIS2_PLACEMENT_3D($,#12386,#10029,#10030);
#9320=AXIS2_PLACEMENT_3D($,#12387,#10031,#10032);
#9321=AXIS2_PLACEMENT_3D($,#12393,#10036,#10037);
#9322=AXIS2_PLACEMENT_3D($,#12396,#10040,#10041);
#9323=AXIS2_PLACEMENT_3D($,#12405,#10046,#10047);
#9324=AXIS2_PLACEMENT_3D($,#12411,#10051,#10052);
#9325=AXIS2_PLACEMENT_3D($,#12417,#10056,#10057);
#9326=AXIS2_PLACEMENT_3D($,#12426,#10062,#10063);
#9327=AXIS2_PLACEMENT_3D($,#12429,#10066,#10067);
#9328=AXIS2_PLACEMENT_3D($,#12435,#10071,#10072);
#9329=AXIS2_PLACEMENT_3D($,#12436,#10073,#10074);
#9330=AXIS2_PLACEMENT_3D($,#12442,#10078,#10079);
#9331=AXIS2_PLACEMENT_3D($,#12445,#10082,#10083);
#9332=AXIS2_PLACEMENT_3D($,#12454,#10088,#10089);
#9333=AXIS2_PLACEMENT_3D($,#12460,#10093,#10094);
#9334=AXIS2_PLACEMENT_3D($,#12466,#10098,#10099);
#9335=AXIS2_PLACEMENT_3D($,#12469,#10102,#10103);
#9336=AXIS2_PLACEMENT_3D($,#12470,#10104,#10105);
#9337=AXIS2_PLACEMENT_3D($,#12471,#10106,#10107);
#9338=AXIS2_PLACEMENT_3D($,#12480,#10112,#10113);
#9339=AXIS2_PLACEMENT_3D($,#12486,#10117,#10118);
#9340=AXIS2_PLACEMENT_3D($,#12492,#10122,#10123);
#9341=AXIS2_PLACEMENT_3D($,#12495,#10126,#10127);
#9342=AXIS2_PLACEMENT_3D($,#12496,#10128,#10129);
#9343=AXIS2_PLACEMENT_3D($,#12497,#10130,#10131);
#9344=AXIS2_PLACEMENT_3D($,#12506,#10136,#10137);
#9345=AXIS2_PLACEMENT_3D($,#12515,#10142,#10143);
#9346=AXIS2_PLACEMENT_3D($,#12526,#10150,#10151);
#9347=AXIS2_PLACEMENT_3D($,#12532,#10155,#10156);
#9348=AXIS2_PLACEMENT_3D($,#12536,#10159,#10160);
#9349=AXIS2_PLACEMENT_3D($,#12538,#10162,#10163);
#9350=AXIS2_PLACEMENT_3D($,#12543,#10167,#10168);
#9351=AXIS2_PLACEMENT_3D($,#12545,#10170,#10171);
#9352=AXIS2_PLACEMENT_3D($,#12554,#10176,#10177);
#9353=AXIS2_PLACEMENT_3D($,#12563,#10182,#10183);
#9354=AXIS2_PLACEMENT_3D($,#12566,#10186,#10187);
#9355=AXIS2_PLACEMENT_3D($,#12568,#10189,#10190);
#9356=AXIS2_PLACEMENT_3D($,#12570,#10192,#10193);
#9357=AXIS2_PLACEMENT_3D($,#12571,#10194,#10195);
#9358=AXIS2_PLACEMENT_3D($,#12580,#10200,#10201);
#9359=AXIS2_PLACEMENT_3D($,#12586,#10205,#10206);
#9360=AXIS2_PLACEMENT_3D($,#12590,#10209,#10210);
#9361=AXIS2_PLACEMENT_3D($,#12594,#10213,#10214);
#9362=AXIS2_PLACEMENT_3D($,#12596,#10216,#10217);
#9363=AXIS2_PLACEMENT_3D($,#12605,#10222,#10223);
#9364=AXIS2_PLACEMENT_3D($,#12614,#10228,#10229);
#9365=AXIS2_PLACEMENT_3D($,#12617,#10232,#10233);
#9366=AXIS2_PLACEMENT_3D($,#12619,#10235,#10236);
#9367=AXIS2_PLACEMENT_3D($,#12621,#10238,#10239);
#9368=AXIS2_PLACEMENT_3D($,#12622,#10240,#10241);
#9369=AXIS2_PLACEMENT_3D($,#12631,#10246,#10247);
#9370=AXIS2_PLACEMENT_3D($,#12640,#10252,#10253);
#9371=AXIS2_PLACEMENT_3D($,#12643,#10256,#10257);
#9372=AXIS2_PLACEMENT_3D($,#12645,#10259,#10260);
#9373=AXIS2_PLACEMENT_3D($,#12647,#10262,#10263);
#9374=AXIS2_PLACEMENT_3D($,#12648,#10264,#10265);
#9375=AXIS2_PLACEMENT_3D($,#12657,#10270,#10271);
#9376=AXIS2_PLACEMENT_3D($,#12666,#10276,#10277);
#9377=AXIS2_PLACEMENT_3D($,#12669,#10280,#10281);
#9378=AXIS2_PLACEMENT_3D($,#12671,#10283,#10284);
#9379=AXIS2_PLACEMENT_3D($,#12673,#10286,#10287);
#9380=AXIS2_PLACEMENT_3D($,#12674,#10288,#10289);
#9381=AXIS2_PLACEMENT_3D($,#12683,#10294,#10295);
#9382=AXIS2_PLACEMENT_3D($,#12692,#10300,#10301);
#9383=AXIS2_PLACEMENT_3D($,#12695,#10304,#10305);
#9384=AXIS2_PLACEMENT_3D($,#12697,#10307,#10308);
#9385=AXIS2_PLACEMENT_3D($,#12699,#10310,#10311);
#9386=AXIS2_PLACEMENT_3D($,#12700,#10312,#10313);
#9387=AXIS2_PLACEMENT_3D($,#12709,#10318,#10319);
#9388=AXIS2_PLACEMENT_3D($,#12718,#10324,#10325);
#9389=AXIS2_PLACEMENT_3D($,#12721,#10328,#10329);
#9390=AXIS2_PLACEMENT_3D($,#12723,#10331,#10332);
#9391=AXIS2_PLACEMENT_3D($,#12725,#10334,#10335);
#9392=AXIS2_PLACEMENT_3D($,#12726,#10336,#10337);
#9393=AXIS2_PLACEMENT_3D($,#12735,#10342,#10343);
#9394=AXIS2_PLACEMENT_3D($,#12744,#10348,#10349);
#9395=AXIS2_PLACEMENT_3D($,#12747,#10352,#10353);
#9396=AXIS2_PLACEMENT_3D($,#12749,#10355,#10356);
#9397=AXIS2_PLACEMENT_3D($,#12751,#10358,#10359);
#9398=AXIS2_PLACEMENT_3D($,#12752,#10360,#10361);
#9399=AXIS2_PLACEMENT_3D($,#12761,#10366,#10367);
#9400=AXIS2_PLACEMENT_3D($,#12770,#10372,#10373);
#9401=AXIS2_PLACEMENT_3D($,#12773,#10376,#10377);
#9402=AXIS2_PLACEMENT_3D($,#12775,#10379,#10380);
#9403=AXIS2_PLACEMENT_3D($,#12777,#10382,#10383);
#9404=AXIS2_PLACEMENT_3D($,#12778,#10384,#10385);
#9405=AXIS2_PLACEMENT_3D($,#12795,#10394,#10395);
#9406=AXIS2_PLACEMENT_3D($,#12812,#10404,#10405);
#9407=AXIS2_PLACEMENT_3D($,#12815,#10408,#10409);
#9408=AXIS2_PLACEMENT_3D($,#12817,#10411,#10412);
#9409=AXIS2_PLACEMENT_3D($,#12819,#10414,#10415);
#9410=AXIS2_PLACEMENT_3D($,#12820,#10416,#10417);
#9411=AXIS2_PLACEMENT_3D($,#12823,#10420,#10421);
#9412=AXIS2_PLACEMENT_3D($,#12825,#10423,#10424);
#9413=AXIS2_PLACEMENT_3D($,#12827,#10426,#10427);
#9414=AXIS2_PLACEMENT_3D($,#12828,#10428,#10429);
#9415=AXIS2_PLACEMENT_3D($,#12837,#10434,#10435);
#9416=AXIS2_PLACEMENT_3D($,#12846,#10440,#10441);
#9417=AXIS2_PLACEMENT_3D($,#12849,#10444,#10445);
#9418=AXIS2_PLACEMENT_3D($,#12851,#10447,#10448);
#9419=AXIS2_PLACEMENT_3D($,#12853,#10450,#10451);
#9420=AXIS2_PLACEMENT_3D($,#12854,#10452,#10453);
#9421=AXIS2_PLACEMENT_3D($,#12863,#10458,#10459);
#9422=AXIS2_PLACEMENT_3D($,#12872,#10464,#10465);
#9423=AXIS2_PLACEMENT_3D($,#12875,#10468,#10469);
#9424=AXIS2_PLACEMENT_3D($,#12877,#10471,#10472);
#9425=AXIS2_PLACEMENT_3D($,#12879,#10474,#10475);
#9426=AXIS2_PLACEMENT_3D($,#12880,#10476,#10477);
#9427=AXIS2_PLACEMENT_3D($,#12889,#10482,#10483);
#9428=AXIS2_PLACEMENT_3D($,#12898,#10488,#10489);
#9429=AXIS2_PLACEMENT_3D($,#12901,#10492,#10493);
#9430=AXIS2_PLACEMENT_3D($,#12903,#10495,#10496);
#9431=AXIS2_PLACEMENT_3D($,#12905,#10498,#10499);
#9432=AXIS2_PLACEMENT_3D($,#12906,#10500,#10501);
#9433=AXIS2_PLACEMENT_3D($,#12915,#10506,#10507);
#9434=AXIS2_PLACEMENT_3D($,#12924,#10512,#10513);
#9435=AXIS2_PLACEMENT_3D($,#12927,#10516,#10517);
#9436=AXIS2_PLACEMENT_3D($,#12929,#10519,#10520);
#9437=AXIS2_PLACEMENT_3D($,#12931,#10522,#10523);
#9438=AXIS2_PLACEMENT_3D($,#12932,#10524,#10525);
#9439=AXIS2_PLACEMENT_3D($,#12941,#10530,#10531);
#9440=AXIS2_PLACEMENT_3D($,#12950,#10536,#10537);
#9441=AXIS2_PLACEMENT_3D($,#12953,#10540,#10541);
#9442=AXIS2_PLACEMENT_3D($,#12955,#10543,#10544);
#9443=AXIS2_PLACEMENT_3D($,#12957,#10546,#10547);
#9444=AXIS2_PLACEMENT_3D($,#12958,#10548,#10549);
#9445=AXIS2_PLACEMENT_3D($,#12967,#10554,#10555);
#9446=AXIS2_PLACEMENT_3D($,#12976,#10560,#10561);
#9447=AXIS2_PLACEMENT_3D($,#12979,#10564,#10565);
#9448=AXIS2_PLACEMENT_3D($,#12981,#10567,#10568);
#9449=AXIS2_PLACEMENT_3D($,#12983,#10570,#10571);
#9450=AXIS2_PLACEMENT_3D($,#12984,#10572,#10573);
#9451=AXIS2_PLACEMENT_3D($,#12993,#10578,#10579);
#9452=AXIS2_PLACEMENT_3D($,#13002,#10584,#10585);
#9453=AXIS2_PLACEMENT_3D($,#13005,#10588,#10589);
#9454=AXIS2_PLACEMENT_3D($,#13007,#10591,#10592);
#9455=AXIS2_PLACEMENT_3D($,#13009,#10594,#10595);
#9456=AXIS2_PLACEMENT_3D($,#13010,#10596,#10597);
#9457=AXIS2_PLACEMENT_3D($,#13019,#10602,#10603);
#9458=AXIS2_PLACEMENT_3D($,#13028,#10608,#10609);
#9459=AXIS2_PLACEMENT_3D($,#13031,#10612,#10613);
#9460=AXIS2_PLACEMENT_3D($,#13033,#10615,#10616);
#9461=AXIS2_PLACEMENT_3D($,#13035,#10618,#10619);
#9462=AXIS2_PLACEMENT_3D($,#13036,#10620,#10621);
#9463=AXIS2_PLACEMENT_3D($,#13045,#10626,#10627);
#9464=AXIS2_PLACEMENT_3D($,#13054,#10632,#10633);
#9465=AXIS2_PLACEMENT_3D($,#13057,#10636,#10637);
#9466=AXIS2_PLACEMENT_3D($,#13059,#10639,#10640);
#9467=AXIS2_PLACEMENT_3D($,#13061,#10642,#10643);
#9468=AXIS2_PLACEMENT_3D($,#13062,#10644,#10645);
#9469=AXIS2_PLACEMENT_3D($,#13071,#10650,#10651);
#9470=AXIS2_PLACEMENT_3D($,#13080,#10656,#10657);
#9471=AXIS2_PLACEMENT_3D($,#13083,#10660,#10661);
#9472=AXIS2_PLACEMENT_3D($,#13085,#10663,#10664);
#9473=AXIS2_PLACEMENT_3D($,#13087,#10666,#10667);
#9474=AXIS2_PLACEMENT_3D($,#13088,#10668,#10669);
#9475=AXIS2_PLACEMENT_3D($,#13097,#10674,#10675);
#9476=AXIS2_PLACEMENT_3D($,#13106,#10680,#10681);
#9477=AXIS2_PLACEMENT_3D($,#13109,#10684,#10685);
#9478=AXIS2_PLACEMENT_3D($,#13111,#10687,#10688);
#9479=AXIS2_PLACEMENT_3D($,#13113,#10690,#10691);
#9480=AXIS2_PLACEMENT_3D($,#13114,#10692,#10693);
#9481=AXIS2_PLACEMENT_3D($,#13123,#10698,#10699);
#9482=AXIS2_PLACEMENT_3D($,#13132,#10704,#10705);
#9483=AXIS2_PLACEMENT_3D($,#13135,#10708,#10709);
#9484=AXIS2_PLACEMENT_3D($,#13137,#10711,#10712);
#9485=AXIS2_PLACEMENT_3D($,#13139,#10714,#10715);
#9486=AXIS2_PLACEMENT_3D($,#13140,#10716,#10717);
#9487=AXIS2_PLACEMENT_3D($,#13149,#10722,#10723);
#9488=AXIS2_PLACEMENT_3D($,#13155,#10727,#10728);
#9489=AXIS2_PLACEMENT_3D($,#13159,#10731,#10732);
#9490=AXIS2_PLACEMENT_3D($,#13163,#10735,#10736);
#9491=AXIS2_PLACEMENT_3D($,#13165,#10738,#10739);
#9492=AXIS2_PLACEMENT_3D($,#13166,#10740,#10741);
#9493=AXIS2_PLACEMENT_3D($,#13175,#10746,#10747);
#9494=AXIS2_PLACEMENT_3D($,#13184,#10752,#10753);
#9495=AXIS2_PLACEMENT_3D($,#13187,#10756,#10757);
#9496=AXIS2_PLACEMENT_3D($,#13189,#10759,#10760);
#9497=AXIS2_PLACEMENT_3D($,#13191,#10762,#10763);
#9498=AXIS2_PLACEMENT_3D($,#13192,#10764,#10765);
#9499=AXIS2_PLACEMENT_3D($,#13201,#10770,#10771);
#9500=AXIS2_PLACEMENT_3D($,#13210,#10776,#10777);
#9501=AXIS2_PLACEMENT_3D($,#13213,#10780,#10781);
#9502=AXIS2_PLACEMENT_3D($,#13215,#10783,#10784);
#9503=AXIS2_PLACEMENT_3D($,#13217,#10786,#10787);
#9504=AXIS2_PLACEMENT_3D($,#13218,#10788,#10789);
#9505=AXIS2_PLACEMENT_3D($,#13227,#10794,#10795);
#9506=AXIS2_PLACEMENT_3D($,#13236,#10800,#10801);
#9507=AXIS2_PLACEMENT_3D($,#13239,#10804,#10805);
#9508=AXIS2_PLACEMENT_3D($,#13241,#10807,#10808);
#9509=AXIS2_PLACEMENT_3D($,#13243,#10810,#10811);
#9510=AXIS2_PLACEMENT_3D($,#13244,#10812,#10813);
#9511=AXIS2_PLACEMENT_3D($,#13253,#10818,#10819);
#9512=AXIS2_PLACEMENT_3D($,#13262,#10824,#10825);
#9513=AXIS2_PLACEMENT_3D($,#13265,#10828,#10829);
#9514=AXIS2_PLACEMENT_3D($,#13267,#10831,#10832);
#9515=AXIS2_PLACEMENT_3D($,#13269,#10834,#10835);
#9516=AXIS2_PLACEMENT_3D($,#13270,#10836,#10837);
#9517=AXIS2_PLACEMENT_3D($,#13279,#10842,#10843);
#9518=AXIS2_PLACEMENT_3D($,#13288,#10848,#10849);
#9519=AXIS2_PLACEMENT_3D($,#13291,#10852,#10853);
#9520=AXIS2_PLACEMENT_3D($,#13293,#10855,#10856);
#9521=AXIS2_PLACEMENT_3D($,#13295,#10858,#10859);
#9522=AXIS2_PLACEMENT_3D($,#13296,#10860,#10861);
#9523=AXIS2_PLACEMENT_3D($,#13305,#10866,#10867);
#9524=AXIS2_PLACEMENT_3D($,#13314,#10872,#10873);
#9525=AXIS2_PLACEMENT_3D($,#13317,#10876,#10877);
#9526=AXIS2_PLACEMENT_3D($,#13319,#10879,#10880);
#9527=AXIS2_PLACEMENT_3D($,#13321,#10882,#10883);
#9528=AXIS2_PLACEMENT_3D($,#13322,#10884,#10885);
#9529=AXIS2_PLACEMENT_3D($,#13331,#10890,#10891);
#9530=AXIS2_PLACEMENT_3D($,#13340,#10896,#10897);
#9531=AXIS2_PLACEMENT_3D($,#13343,#10900,#10901);
#9532=AXIS2_PLACEMENT_3D($,#13345,#10903,#10904);
#9533=AXIS2_PLACEMENT_3D($,#13347,#10906,#10907);
#9534=AXIS2_PLACEMENT_3D($,#13348,#10908,#10909);
#9535=AXIS2_PLACEMENT_3D($,#13357,#10914,#10915);
#9536=AXIS2_PLACEMENT_3D($,#13366,#10920,#10921);
#9537=AXIS2_PLACEMENT_3D($,#13369,#10924,#10925);
#9538=AXIS2_PLACEMENT_3D($,#13371,#10927,#10928);
#9539=AXIS2_PLACEMENT_3D($,#13373,#10930,#10931);
#9540=AXIS2_PLACEMENT_3D($,#13374,#10932,#10933);
#9541=AXIS2_PLACEMENT_3D($,#13383,#10938,#10939);
#9542=AXIS2_PLACEMENT_3D($,#13392,#10944,#10945);
#9543=AXIS2_PLACEMENT_3D($,#13395,#10948,#10949);
#9544=AXIS2_PLACEMENT_3D($,#13397,#10951,#10952);
#9545=AXIS2_PLACEMENT_3D($,#13399,#10954,#10955);
#9546=AXIS2_PLACEMENT_3D($,#13400,#10956,#10957);
#9547=AXIS2_PLACEMENT_3D($,#13409,#10962,#10963);
#9548=AXIS2_PLACEMENT_3D($,#13418,#10968,#10969);
#9549=AXIS2_PLACEMENT_3D($,#13421,#10972,#10973);
#9550=AXIS2_PLACEMENT_3D($,#13423,#10975,#10976);
#9551=AXIS2_PLACEMENT_3D($,#13425,#10978,#10979);
#9552=AXIS2_PLACEMENT_3D($,#13426,#10980,#10981);
#9553=AXIS2_PLACEMENT_3D($,#13435,#10986,#10987);
#9554=AXIS2_PLACEMENT_3D($,#13444,#10992,#10993);
#9555=AXIS2_PLACEMENT_3D($,#13447,#10996,#10997);
#9556=AXIS2_PLACEMENT_3D($,#13449,#10999,#11000);
#9557=AXIS2_PLACEMENT_3D($,#13451,#11002,#11003);
#9558=AXIS2_PLACEMENT_3D($,#13452,#11004,#11005);
#9559=AXIS2_PLACEMENT_3D($,#13461,#11010,#11011);
#9560=AXIS2_PLACEMENT_3D($,#13470,#11016,#11017);
#9561=AXIS2_PLACEMENT_3D($,#13473,#11020,#11021);
#9562=AXIS2_PLACEMENT_3D($,#13475,#11023,#11024);
#9563=AXIS2_PLACEMENT_3D($,#13477,#11026,#11027);
#9564=AXIS2_PLACEMENT_3D($,#13478,#11028,#11029);
#9565=AXIS2_PLACEMENT_3D($,#13487,#11034,#11035);
#9566=AXIS2_PLACEMENT_3D($,#13496,#11040,#11041);
#9567=AXIS2_PLACEMENT_3D($,#13499,#11044,#11045);
#9568=AXIS2_PLACEMENT_3D($,#13501,#11047,#11048);
#9569=AXIS2_PLACEMENT_3D($,#13503,#11050,#11051);
#9570=AXIS2_PLACEMENT_3D($,#13504,#11052,#11053);
#9571=AXIS2_PLACEMENT_3D($,#13513,#11058,#11059);
#9572=AXIS2_PLACEMENT_3D($,#13522,#11064,#11065);
#9573=AXIS2_PLACEMENT_3D($,#13525,#11068,#11069);
#9574=AXIS2_PLACEMENT_3D($,#13527,#11071,#11072);
#9575=AXIS2_PLACEMENT_3D($,#13529,#11074,#11075);
#9576=AXIS2_PLACEMENT_3D($,#13530,#11076,#11077);
#9577=AXIS2_PLACEMENT_3D($,#13539,#11082,#11083);
#9578=AXIS2_PLACEMENT_3D($,#13548,#11088,#11089);
#9579=AXIS2_PLACEMENT_3D($,#13551,#11092,#11093);
#9580=AXIS2_PLACEMENT_3D($,#13553,#11095,#11096);
#9581=AXIS2_PLACEMENT_3D($,#13555,#11098,#11099);
#9582=AXIS2_PLACEMENT_3D($,#13556,#11100,#11101);
#9583=AXIS2_PLACEMENT_3D($,#13565,#11106,#11107);
#9584=AXIS2_PLACEMENT_3D($,#13574,#11112,#11113);
#9585=AXIS2_PLACEMENT_3D($,#13577,#11116,#11117);
#9586=AXIS2_PLACEMENT_3D($,#13579,#11119,#11120);
#9587=AXIS2_PLACEMENT_3D($,#13581,#11122,#11123);
#9588=AXIS2_PLACEMENT_3D($,#13582,#11124,#11125);
#9589=AXIS2_PLACEMENT_3D($,#13591,#11130,#11131);
#9590=AXIS2_PLACEMENT_3D($,#13600,#11136,#11137);
#9591=AXIS2_PLACEMENT_3D($,#13603,#11140,#11141);
#9592=AXIS2_PLACEMENT_3D($,#13605,#11143,#11144);
#9593=AXIS2_PLACEMENT_3D($,#13607,#11146,#11147);
#9594=AXIS2_PLACEMENT_3D($,#13608,#11148,#11149);
#9595=AXIS2_PLACEMENT_3D($,#13617,#11154,#11155);
#9596=AXIS2_PLACEMENT_3D($,#13626,#11160,#11161);
#9597=AXIS2_PLACEMENT_3D($,#13629,#11164,#11165);
#9598=AXIS2_PLACEMENT_3D($,#13631,#11167,#11168);
#9599=AXIS2_PLACEMENT_3D($,#13633,#11170,#11171);
#9600=AXIS2_PLACEMENT_3D($,#13634,#11172,#11173);
#9601=AXIS2_PLACEMENT_3D($,#13636,#11174,#11175);
#9602=AXIS2_PLACEMENT_3D($,#13638,#11176,#11177);
#9603=AXIS2_PLACEMENT_3D($,#13639,#11178,#11179);
#9604=AXIS2_PLACEMENT_3D($,#13640,#11180,#11181);
#9605=AXIS2_PLACEMENT_3D($,#13641,#11182,#11183);
#9606=AXIS2_PLACEMENT_3D($,#13643,#11184,#11185);
#9607=AXIS2_PLACEMENT_3D($,#13645,#11186,#11187);
#9608=AXIS2_PLACEMENT_3D($,#13646,#11188,#11189);
#9609=AXIS2_PLACEMENT_3D($,#13647,#11190,#11191);
#9610=AXIS2_PLACEMENT_3D($,#13648,#11192,#11193);
#9611=AXIS2_PLACEMENT_3D($,#13657,#11198,#11199);
#9612=AXIS2_PLACEMENT_3D($,#13663,#11203,#11204);
#9613=AXIS2_PLACEMENT_3D($,#13667,#11207,#11208);
#9614=AXIS2_PLACEMENT_3D($,#13671,#11211,#11212);
#9615=AXIS2_PLACEMENT_3D($,#13673,#11214,#11215);
#9616=AXIS2_PLACEMENT_3D($,#13674,#11216,#11217);
#9617=AXIS2_PLACEMENT_3D($,#13683,#11222,#11223);
#9618=AXIS2_PLACEMENT_3D($,#13692,#11228,#11229);
#9619=AXIS2_PLACEMENT_3D($,#13698,#11233,#11234);
#9620=AXIS2_PLACEMENT_3D($,#13707,#11239,#11240);
#9621=AXIS2_PLACEMENT_3D($,#13713,#11244,#11245);
#9622=AXIS2_PLACEMENT_3D($,#13720,#11250,#11251);
#9623=AXIS2_PLACEMENT_3D($,#13724,#11254,#11255);
#9624=AXIS2_PLACEMENT_3D($,#13729,#11259,#11260);
#9625=AXIS2_PLACEMENT_3D($,#13731,#11262,#11263);
#9626=AXIS2_PLACEMENT_3D($,#13740,#11268,#11269);
#9627=AXIS2_PLACEMENT_3D($,#13743,#11272,#11273);
#9628=AXIS2_PLACEMENT_3D($,#13745,#11275,#11276);
#9629=AXIS2_PLACEMENT_3D($,#13747,#11278,#11279);
#9630=AXIS2_PLACEMENT_3D($,#13748,#11280,#11281);
#9631=AXIS2_PLACEMENT_3D($,#13757,#11286,#11287);
#9632=AXIS2_PLACEMENT_3D($,#13763,#11291,#11292);
#9633=AXIS2_PLACEMENT_3D($,#13769,#11296,#11297);
#9634=AXIS2_PLACEMENT_3D($,#13811,#11319,#11320);
#9635=AXIS2_PLACEMENT_3D($,#13815,#11323,#11324);
#9636=AXIS2_PLACEMENT_3D($,#13819,#11327,#11328);
#9637=AXIS2_PLACEMENT_3D($,#13825,#11332,#11333);
#9638=AXIS2_PLACEMENT_3D($,#13829,#11336,#11337);
#9639=AXIS2_PLACEMENT_3D($,#13833,#11340,#11341);
#9640=AXIS2_PLACEMENT_3D($,#13842,#11346,#11347);
#9641=AXIS2_PLACEMENT_3D($,#13844,#11349,#11350);
#9642=AXIS2_PLACEMENT_3D($,#13850,#11354,#11355);
#9643=AXIS2_PLACEMENT_3D($,#13851,#11356,#11357);
#9644=AXIS2_PLACEMENT_3D($,#13857,#11361,#11362);
#9645=AXIS2_PLACEMENT_3D($,#13860,#11365,#11366);
#9646=AXIS2_PLACEMENT_3D($,#13866,#11370,#11371);
#9647=AXIS2_PLACEMENT_3D($,#13870,#11374,#11375);
#9648=AXIS2_PLACEMENT_3D($,#13874,#11378,#11379);
#9649=AXIS2_PLACEMENT_3D($,#13883,#11384,#11385);
#9650=AXIS2_PLACEMENT_3D($,#13885,#11387,#11388);
#9651=AXIS2_PLACEMENT_3D($,#13891,#11392,#11393);
#9652=AXIS2_PLACEMENT_3D($,#13892,#11394,#11395);
#9653=AXIS2_PLACEMENT_3D($,#13898,#11399,#11400);
#9654=AXIS2_PLACEMENT_3D($,#13901,#11403,#11404);
#9655=AXIS2_PLACEMENT_3D($,#13907,#11408,#11409);
#9656=AXIS2_PLACEMENT_3D($,#13911,#11412,#11413);
#9657=AXIS2_PLACEMENT_3D($,#13915,#11416,#11417);
#9658=AXIS2_PLACEMENT_3D($,#13924,#11422,#11423);
#9659=AXIS2_PLACEMENT_3D($,#13926,#11425,#11426);
#9660=AXIS2_PLACEMENT_3D($,#13932,#11430,#11431);
#9661=AXIS2_PLACEMENT_3D($,#13933,#11432,#11433);
#9662=AXIS2_PLACEMENT_3D($,#13939,#11437,#11438);
#9663=AXIS2_PLACEMENT_3D($,#13942,#11441,#11442);
#9664=AXIS2_PLACEMENT_3D($,#13948,#11446,#11447);
#9665=AXIS2_PLACEMENT_3D($,#13952,#11450,#11451);
#9666=AXIS2_PLACEMENT_3D($,#13956,#11454,#11455);
#9667=AXIS2_PLACEMENT_3D($,#13965,#11460,#11461);
#9668=AXIS2_PLACEMENT_3D($,#13967,#11463,#11464);
#9669=AXIS2_PLACEMENT_3D($,#13973,#11468,#11469);
#9670=AXIS2_PLACEMENT_3D($,#13974,#11470,#11471);
#9671=AXIS2_PLACEMENT_3D($,#13980,#11475,#11476);
#9672=AXIS2_PLACEMENT_3D($,#13983,#11479,#11480);
#9673=AXIS2_PLACEMENT_3D($,#13992,#11485,#11486);
#9674=AXIS2_PLACEMENT_3D($,#13998,#11490,#11491);
#9675=AXIS2_PLACEMENT_3D($,#14004,#11495,#11496);
#9676=AXIS2_PLACEMENT_3D($,#14007,#11499,#11500);
#9677=AXIS2_PLACEMENT_3D($,#14008,#11501,#11502);
#9678=AXIS2_PLACEMENT_3D($,#14009,#11503,#11504);
#9679=AXIS2_PLACEMENT_3D($,#14013,#11507,#11508);
#9680=AXIS2_PLACEMENT_3D($,#14017,#11511,#11512);
#9681=AXIS2_PLACEMENT_3D($,#14019,#11514,#11515);
#9682=AXIS2_PLACEMENT_3D($,#14020,#11516,#11517);
#9683=AXIS2_PLACEMENT_3D($,#14029,#11522,#11523);
#9684=AXIS2_PLACEMENT_3D($,#14038,#11528,#11529);
#9685=AXIS2_PLACEMENT_3D($,#14044,#11533,#11534);
#9686=AXIS2_PLACEMENT_3D($,#14047,#11537,#11538);
#9687=AXIS2_PLACEMENT_3D($,#14053,#11542,#11543);
#9688=AXIS2_PLACEMENT_3D($,#14062,#11548,#11549);
#9689=AXIS2_PLACEMENT_3D($,#14068,#11553,#11554);
#9690=AXIS2_PLACEMENT_3D($,#14072,#11557,#11558);
#9691=AXIS2_PLACEMENT_3D($,#14076,#11561,#11562);
#9692=AXIS2_PLACEMENT_3D($,#14078,#11564,#11565);
#9693=AXIS2_PLACEMENT_3D($,#14087,#11570,#11571);
#9694=AXIS2_PLACEMENT_3D($,#14093,#11575,#11576);
#9695=AXIS2_PLACEMENT_3D($,#14097,#11579,#11580);
#9696=AXIS2_PLACEMENT_3D($,#14101,#11583,#11584);
#9697=AXIS2_PLACEMENT_3D($,#14103,#11586,#11587);
#9698=AXIS2_PLACEMENT_3D($,#14112,#11592,#11593);
#9699=AXIS2_PLACEMENT_3D($,#14118,#11597,#11598);
#9700=AXIS2_PLACEMENT_3D($,#14122,#11601,#11602);
#9701=AXIS2_PLACEMENT_3D($,#14126,#11605,#11606);
#9702=AXIS2_PLACEMENT_3D($,#14128,#11608,#11609);
#9703=AXIS2_PLACEMENT_3D($,#14145,#11618,#11619);
#9704=AXIS2_PLACEMENT_3D($,#14148,#11622,#11623);
#9705=AXIS2_PLACEMENT_3D($,#14150,#11625,#11626);
#9706=AXIS2_PLACEMENT_3D($,#14152,#11628,#11629);
#9707=AXIS2_PLACEMENT_3D($,#14153,#11630,#11631);
#9708=AXIS2_PLACEMENT_3D($,#14159,#11635,#11636);
#9709=AXIS2_PLACEMENT_3D($,#14163,#11639,#11640);
#9710=AXIS2_PLACEMENT_3D($,#14167,#11643,#11644);
#9711=AXIS2_PLACEMENT_3D($,#14169,#11646,#11647);
#9712=AXIS2_PLACEMENT_3D($,#14170,#11648,#11649);
#9713=AXIS2_PLACEMENT_3D($,#14179,#11654,#11655);
#9714=AXIS2_PLACEMENT_3D($,#14188,#11660,#11661);
#9715=AXIS2_PLACEMENT_3D($,#14191,#11664,#11665);
#9716=AXIS2_PLACEMENT_3D($,#14193,#11667,#11668);
#9717=AXIS2_PLACEMENT_3D($,#14195,#11670,#11671);
#9718=AXIS2_PLACEMENT_3D($,#14196,#11672,#11673);
#9719=AXIS2_PLACEMENT_3D($,#14201,#11675,#11676);
#9720=AXIS2_PLACEMENT_3D($,#14204,#11678,#11679);
#9721=AXIS2_PLACEMENT_3D($,#14206,#11680,#11681);
#9722=AXIS2_PLACEMENT_3D($,#14207,#11682,#11683);
#9723=AXIS2_PLACEMENT_3D($,#14209,#11685,#11686);
#9724=AXIS2_PLACEMENT_3D($,#14219,#11692,#11693);
#9725=AXIS2_PLACEMENT_3D($,#14228,#11698,#11699);
#9726=AXIS2_PLACEMENT_3D($,#14231,#11702,#11703);
#9727=AXIS2_PLACEMENT_3D($,#14233,#11705,#11706);
#9728=AXIS2_PLACEMENT_3D($,#14235,#11708,#11709);
#9729=AXIS2_PLACEMENT_3D($,#14236,#11710,#11711);
#9730=AXIS2_PLACEMENT_3D($,#14238,#11712,#11713);
#9731=AXIS2_PLACEMENT_3D($,#14240,#11714,#11715);
#9732=AXIS2_PLACEMENT_3D($,#14241,#11716,#11717);
#9733=AXIS2_PLACEMENT_3D($,#14242,#11718,#11719);
#9734=AXIS2_PLACEMENT_3D($,#14243,#11720,#11721);
#9735=AXIS2_PLACEMENT_3D($,#14245,#11722,#11723);
#9736=AXIS2_PLACEMENT_3D($,#14246,#11724,#11725);
#9737=AXIS2_PLACEMENT_3D($,#14247,#11726,#11727);
#9738=AXIS2_PLACEMENT_3D($,#14256,#11732,#11733);
#9739=AXIS2_PLACEMENT_3D($,#14265,#11738,#11739);
#9740=AXIS2_PLACEMENT_3D($,#14268,#11742,#11743);
#9741=AXIS2_PLACEMENT_3D($,#14270,#11745,#11746);
#9742=AXIS2_PLACEMENT_3D($,#14272,#11748,#11749);
#9743=AXIS2_PLACEMENT_3D($,#14273,#11750,#11751);
#9744=AXIS2_PLACEMENT_3D($,#14275,#11752,#11753);
#9745=AXIS2_PLACEMENT_3D($,#14277,#11754,#11755);
#9746=AXIS2_PLACEMENT_3D($,#14278,#11756,#11757);
#9747=AXIS2_PLACEMENT_3D($,#14279,#11758,#11759);
#9748=AXIS2_PLACEMENT_3D($,#14280,#11760,#11761);
#9749=AXIS2_PLACEMENT_3D($,#14289,#11766,#11767);
#9750=AXIS2_PLACEMENT_3D($,#14298,#11772,#11773);
#9751=AXIS2_PLACEMENT_3D($,#14301,#11776,#11777);
#9752=AXIS2_PLACEMENT_3D($,#14303,#11779,#11780);
#9753=AXIS2_PLACEMENT_3D($,#14305,#11782,#11783);
#9754=AXIS2_PLACEMENT_3D($,#14306,#11784,#11785);
#9755=AXIS2_PLACEMENT_3D($,#14315,#11790,#11791);
#9756=AXIS2_PLACEMENT_3D($,#14324,#11796,#11797);
#9757=AXIS2_PLACEMENT_3D($,#14327,#11800,#11801);
#9758=AXIS2_PLACEMENT_3D($,#14329,#11803,#11804);
#9759=AXIS2_PLACEMENT_3D($,#14331,#11806,#11807);
#9760=AXIS2_PLACEMENT_3D($,#14332,#11808,#11809);
#9761=AXIS2_PLACEMENT_3D($,#14334,#11810,#11811);
#9762=AXIS2_PLACEMENT_3D($,#14336,#11812,#11813);
#9763=AXIS2_PLACEMENT_3D($,#14337,#11814,#11815);
#9764=AXIS2_PLACEMENT_3D($,#14338,#11816,#11817);
#9765=AXIS2_PLACEMENT_3D($,#14339,#11818,#11819);
#9766=AXIS2_PLACEMENT_3D($,#14348,#11824,#11825);
#9767=AXIS2_PLACEMENT_3D($,#14357,#11830,#11831);
#9768=AXIS2_PLACEMENT_3D($,#14360,#11834,#11835);
#9769=AXIS2_PLACEMENT_3D($,#14362,#11837,#11838);
#9770=AXIS2_PLACEMENT_3D($,#14364,#11840,#11841);
#9771=AXIS2_PLACEMENT_3D($,#14365,#11842,#11843);
#9772=AXIS2_PLACEMENT_3D($,#14374,#11848,#11849);
#9773=AXIS2_PLACEMENT_3D($,#14383,#11854,#11855);
#9774=AXIS2_PLACEMENT_3D($,#14386,#11858,#11859);
#9775=AXIS2_PLACEMENT_3D($,#14388,#11861,#11862);
#9776=AXIS2_PLACEMENT_3D($,#14390,#11864,#11865);
#9777=AXIS2_PLACEMENT_3D($,#14391,#11866,#11867);
#9778=AXIS2_PLACEMENT_3D($,#14400,#11872,#11873);
#9779=AXIS2_PLACEMENT_3D($,#14409,#11878,#11879);
#9780=AXIS2_PLACEMENT_3D($,#14412,#11882,#11883);
#9781=AXIS2_PLACEMENT_3D($,#14414,#11885,#11886);
#9782=AXIS2_PLACEMENT_3D($,#14416,#11888,#11889);
#9783=AXIS2_PLACEMENT_3D($,#14417,#11890,#11891);
#9784=AXIS2_PLACEMENT_3D($,#14426,#11896,#11897);
#9785=AXIS2_PLACEMENT_3D($,#14435,#11902,#11903);
#9786=AXIS2_PLACEMENT_3D($,#14438,#11906,#11907);
#9787=AXIS2_PLACEMENT_3D($,#14440,#11909,#11910);
#9788=AXIS2_PLACEMENT_3D($,#14442,#11912,#11913);
#9789=AXIS2_PLACEMENT_3D($,#14443,#11914,#11915);
#9790=AXIS2_PLACEMENT_3D($,#14452,#11920,#11921);
#9791=AXIS2_PLACEMENT_3D($,#14461,#11926,#11927);
#9792=AXIS2_PLACEMENT_3D($,#14464,#11930,#11931);
#9793=AXIS2_PLACEMENT_3D($,#14466,#11933,#11934);
#9794=AXIS2_PLACEMENT_3D($,#14468,#11936,#11937);
#9795=AXIS2_PLACEMENT_3D($,#14469,#11938,#11939);
#9796=AXIS2_PLACEMENT_3D($,#14478,#11944,#11945);
#9797=AXIS2_PLACEMENT_3D($,#14487,#11950,#11951);
#9798=AXIS2_PLACEMENT_3D($,#14490,#11954,#11955);
#9799=AXIS2_PLACEMENT_3D($,#14492,#11957,#11958);
#9800=AXIS2_PLACEMENT_3D($,#14494,#11960,#11961);
#9801=AXIS2_PLACEMENT_3D($,#14495,#11962,#11963);
#9802=AXIS2_PLACEMENT_3D($,#14504,#11968,#11969);
#9803=AXIS2_PLACEMENT_3D($,#14513,#11974,#11975);
#9804=AXIS2_PLACEMENT_3D($,#14516,#11978,#11979);
#9805=AXIS2_PLACEMENT_3D($,#14518,#11981,#11982);
#9806=AXIS2_PLACEMENT_3D($,#14520,#11984,#11985);
#9807=AXIS2_PLACEMENT_3D($,#14521,#11986,#11987);
#9808=AXIS2_PLACEMENT_3D($,#14523,#11988,#11989);
#9809=AXIS2_PLACEMENT_3D($,#14525,#11990,#11991);
#9810=AXIS2_PLACEMENT_3D($,#14526,#11992,#11993);
#9811=AXIS2_PLACEMENT_3D($,#14527,#11994,#11995);
#9812=AXIS2_PLACEMENT_3D($,#14528,#11996,#11997);
#9813=AXIS2_PLACEMENT_3D($,#14530,#11998,#11999);
#9814=AXIS2_PLACEMENT_3D($,#14531,#12000,#12001);
#9815=AXIS2_PLACEMENT_3D($,#14532,#12002,#12003);
#9816=AXIS2_PLACEMENT_3D($,#14534,#12004,#12005);
#9817=AXIS2_PLACEMENT_3D($,#14536,#12006,#12007);
#9818=AXIS2_PLACEMENT_3D($,#14537,#12008,#12009);
#9819=AXIS2_PLACEMENT_3D($,#14538,#12010,#12011);
#9820=AXIS2_PLACEMENT_3D($,#14539,#12012,#12013);
#9821=AXIS2_PLACEMENT_3D($,#14548,#12018,#12019);
#9822=AXIS2_PLACEMENT_3D($,#14557,#12024,#12025);
#9823=AXIS2_PLACEMENT_3D($,#14560,#12028,#12029);
#9824=AXIS2_PLACEMENT_3D($,#14562,#12031,#12032);
#9825=AXIS2_PLACEMENT_3D($,#14564,#12034,#12035);
#9826=AXIS2_PLACEMENT_3D($,#14565,#12036,#12037);
#9827=AXIS2_PLACEMENT_3D($,#14574,#12042,#12043);
#9828=AXIS2_PLACEMENT_3D($,#14583,#12048,#12049);
#9829=AXIS2_PLACEMENT_3D($,#14586,#12052,#12053);
#9830=AXIS2_PLACEMENT_3D($,#14588,#12055,#12056);
#9831=AXIS2_PLACEMENT_3D($,#14590,#12058,#12059);
#9832=AXIS2_PLACEMENT_3D($,#14591,#12060,#12061);
#9833=AXIS2_PLACEMENT_3D($,#14600,#12066,#12067);
#9834=AXIS2_PLACEMENT_3D($,#14609,#12072,#12073);
#9835=AXIS2_PLACEMENT_3D($,#14612,#12076,#12077);
#9836=AXIS2_PLACEMENT_3D($,#14614,#12079,#12080);
#9837=AXIS2_PLACEMENT_3D($,#14616,#12082,#12083);
#9838=AXIS2_PLACEMENT_3D($,#14617,#12084,#12085);
#9839=AXIS2_PLACEMENT_3D($,#14626,#12090,#12091);
#9840=AXIS2_PLACEMENT_3D($,#14632,#12095,#12096);
#9841=AXIS2_PLACEMENT_3D($,#14638,#12100,#12101);
#9842=AXIS2_PLACEMENT_3D($,#14641,#12104,#12105);
#9843=AXIS2_PLACEMENT_3D($,#14642,#12106,#12107);
#9844=AXIS2_PLACEMENT_3D($,#14651,#12112,#12113);
#9845=AXIS2_PLACEMENT_3D($,#14657,#12117,#12118);
#9846=AXIS2_PLACEMENT_3D($,#14663,#12122,#12123);
#9847=AXIS2_PLACEMENT_3D($,#14666,#12126,#12127);
#9848=AXIS2_PLACEMENT_3D($,#14667,#12128,#12129);
#9849=AXIS2_PLACEMENT_3D($,#14676,#12134,#12135);
#9850=AXIS2_PLACEMENT_3D($,#14682,#12139,#12140);
#9851=AXIS2_PLACEMENT_3D($,#14688,#12144,#12145);
#9852=AXIS2_PLACEMENT_3D($,#14691,#12148,#12149);
#9853=AXIS2_PLACEMENT_3D($,#14692,#12150,#12151);
#9854=AXIS2_PLACEMENT_3D($,#14701,#12156,#12157);
#9855=AXIS2_PLACEMENT_3D($,#14707,#12161,#12162);
#9856=AXIS2_PLACEMENT_3D($,#14713,#12166,#12167);
#9857=AXIS2_PLACEMENT_3D($,#14716,#12170,#12171);
#9858=AXIS2_PLACEMENT_3D($,#14717,#12172,#12173);
#9859=AXIS2_PLACEMENT_3D($,#14726,#12178,#12179);
#9860=AXIS2_PLACEMENT_3D($,#14732,#12183,#12184);
#9861=AXIS2_PLACEMENT_3D($,#14736,#12187,#12188);
#9862=AXIS2_PLACEMENT_3D($,#14740,#12191,#12192);
#9863=AXIS2_PLACEMENT_3D($,#14742,#12194,#12195);
#9864=DIRECTION('axis',(0.,0.,1.));
#9865=DIRECTION('refdir',(1.,0.,0.));
#9866=DIRECTION('center_axis',(1.,0.,0.));
#9867=DIRECTION('ref_axis',(0.,1.,0.));
#9868=DIRECTION($,(0.,1.,0.));
#9869=DIRECTION($,(0.,0.,1.));
#9870=DIRECTION($,(0.,1.,0.));
#9871=DIRECTION($,(0.,0.,1.));
#9872=DIRECTION('center_axis',(0.,-1.,0.));
#9873=DIRECTION('ref_axis',(1.,0.,0.));
#9874=DIRECTION($,(1.,0.,0.));
#9875=DIRECTION($,(1.,0.,0.));
#9876=DIRECTION($,(0.,0.,1.));
#9877=DIRECTION('center_axis',(-1.,0.,0.));
#9878=DIRECTION('ref_axis',(0.,-1.,0.));
#9879=DIRECTION($,(0.,-1.,0.));
#9880=DIRECTION($,(0.,-1.,0.));
#9881=DIRECTION($,(0.,0.,1.));
#9882=DIRECTION('center_axis',(0.,1.,0.));
#9883=DIRECTION('ref_axis',(-1.,0.,0.));
#9884=DIRECTION($,(-1.,0.,0.));
#9885=DIRECTION($,(-1.,0.,0.));
#9886=DIRECTION('center_axis',(0.,0.,1.));
#9887=DIRECTION('ref_axis',(1.,0.,0.));
#9888=DIRECTION('center_axis',(0.,0.,1.));
#9889=DIRECTION('ref_axis',(1.,0.,0.));
#9890=DIRECTION('center_axis',(0.,-1.,0.));
#9891=DIRECTION('ref_axis',(1.,0.,0.));
#9892=DIRECTION($,(1.,0.,0.));
#9893=DIRECTION($,(0.,0.,1.));
#9894=DIRECTION($,(1.,0.,0.));
#9895=DIRECTION($,(0.,0.,1.));
#9896=DIRECTION('center_axis',(-1.,0.,0.));
#9897=DIRECTION('ref_axis',(0.,-1.,0.));
#9898=DIRECTION($,(0.,-1.,0.));
#9899=DIRECTION($,(0.,-1.,0.));
#9900=DIRECTION($,(0.,0.,1.));
#9901=DIRECTION('center_axis',(0.,1.,0.));
#9902=DIRECTION('ref_axis',(-1.,0.,0.));
#9903=DIRECTION($,(-1.,0.,0.));
#9904=DIRECTION($,(-1.,0.,0.));
#9905=DIRECTION($,(0.,0.,1.));
#9906=DIRECTION('center_axis',(1.,0.,0.));
#9907=DIRECTION('ref_axis',(0.,1.,0.));
#9908=DIRECTION($,(0.,1.,0.));
#9909=DIRECTION($,(0.,1.,0.));
#9910=DIRECTION('center_axis',(0.,0.,1.));
#9911=DIRECTION('ref_axis',(1.,0.,0.));
#9912=DIRECTION('center_axis',(0.,0.,1.));
#9913=DIRECTION('ref_axis',(1.,0.,0.));
#9914=DIRECTION('center_axis',(0.,-1.,0.));
#9915=DIRECTION('ref_axis',(0.,0.,-1.));
#9916=DIRECTION($,(-1.,0.,0.));
#9917=DIRECTION($,(0.,0.,-1.));
#9918=DIRECTION($,(1.,0.,0.));
#9919=DIRECTION($,(0.,0.,-1.));
#9920=DIRECTION('center_axis',(-1.,0.,0.));
#9921=DIRECTION('ref_axis',(0.,0.,1.));
#9922=DIRECTION($,(0.,1.,0.));
#9923=DIRECTION($,(0.,0.,-1.));
#9924=DIRECTION($,(0.,-1.,0.));
#9925=DIRECTION('center_axis',(1.,0.,0.));
#9926=DIRECTION('ref_axis',(0.,0.,-1.));
#9927=DIRECTION($,(0.,-1.,0.));
#9928=DIRECTION($,(0.,1.,0.));
#9929=DIRECTION($,(0.,0.,-1.));
#9930=DIRECTION('center_axis',(1.,0.,0.));
#9931=DIRECTION('ref_axis',(0.,0.,-1.));
#9932=DIRECTION($,(0.,1.,0.));
#9933=DIRECTION($,(0.,0.,-1.));
#9934=DIRECTION($,(0.,-1.,0.));
#9935=DIRECTION($,(0.,0.,-1.));
#9936=DIRECTION('center_axis',(0.,1.,0.));
#9937=DIRECTION('ref_axis',(0.,0.,1.));
#9938=DIRECTION($,(1.,0.,0.));
#9939=DIRECTION($,(-1.,0.,0.));
#9940=DIRECTION('center_axis',(0.,1.,0.));
#9941=DIRECTION('ref_axis',(0.,0.,1.));
#9942=DIRECTION($,(-1.,0.,0.));
#9943=DIRECTION($,(0.,0.,-1.));
#9944=DIRECTION($,(1.,0.,0.));
#9945=DIRECTION('center_axis',(0.,0.,1.));
#9946=DIRECTION('ref_axis',(1.,0.,0.));
#9947=DIRECTION('center_axis',(0.,-1.,0.));
#9948=DIRECTION('ref_axis',(0.,0.,-1.));
#9949=DIRECTION($,(1.,0.,0.));
#9950=DIRECTION($,(-1.,0.,0.));
#9951=DIRECTION($,(0.,0.,-1.));
#9952=DIRECTION('center_axis',(-1.,0.,0.));
#9953=DIRECTION('ref_axis',(0.,0.,1.));
#9954=DIRECTION($,(0.,-1.,0.));
#9955=DIRECTION($,(0.,1.,0.));
#9956=DIRECTION('center_axis',(0.,-1.,0.));
#9957=DIRECTION('ref_axis',(0.,0.,-1.));
#9958=DIRECTION($,(-1.,0.,0.));
#9959=DIRECTION($,(0.,0.,-1.));
#9960=DIRECTION($,(1.,0.,0.));
#9961=DIRECTION($,(0.,0.,-1.));
#9962=DIRECTION('center_axis',(-1.,0.,0.));
#9963=DIRECTION('ref_axis',(0.,0.,1.));
#9964=DIRECTION($,(0.,1.,0.));
#9965=DIRECTION($,(0.,0.,-1.));
#9966=DIRECTION($,(0.,-1.,0.));
#9967=DIRECTION('center_axis',(1.,0.,0.));
#9968=DIRECTION('ref_axis',(0.,0.,-1.));
#9969=DIRECTION($,(0.,-1.,0.));
#9970=DIRECTION($,(0.,1.,0.));
#9971=DIRECTION($,(0.,0.,-1.));
#9972=DIRECTION('center_axis',(1.,0.,0.));
#9973=DIRECTION('ref_axis',(0.,0.,-1.));
#9974=DIRECTION($,(0.,1.,0.));
#9975=DIRECTION($,(0.,0.,-1.));
#9976=DIRECTION($,(0.,-1.,0.));
#9977=DIRECTION($,(0.,0.,-1.));
#9978=DIRECTION('center_axis',(0.,1.,0.));
#9979=DIRECTION('ref_axis',(0.,0.,1.));
#9980=DIRECTION($,(1.,0.,0.));
#9981=DIRECTION($,(-1.,0.,0.));
#9982=DIRECTION('center_axis',(0.,1.,0.));
#9983=DIRECTION('ref_axis',(0.,0.,1.));
#9984=DIRECTION($,(-1.,0.,0.));
#9985=DIRECTION($,(0.,0.,-1.));
#9986=DIRECTION($,(1.,0.,0.));
#9987=DIRECTION('center_axis',(0.,0.,1.));
#9988=DIRECTION('ref_axis',(1.,0.,0.));
#9989=DIRECTION('center_axis',(0.,-1.,0.));
#9990=DIRECTION('ref_axis',(0.,0.,-1.));
#9991=DIRECTION($,(1.,0.,0.));
#9992=DIRECTION($,(-1.,0.,0.));
#9993=DIRECTION($,(0.,0.,-1.));
#9994=DIRECTION('center_axis',(-1.,0.,0.));
#9995=DIRECTION('ref_axis',(0.,0.,1.));
#9996=DIRECTION($,(0.,-1.,0.));
#9997=DIRECTION($,(0.,1.,0.));
#9998=DIRECTION('center_axis',(0.,-1.,0.));
#9999=DIRECTION('ref_axis',(0.,0.,-1.));
#10000=DIRECTION($,(-1.,0.,0.));
#10001=DIRECTION($,(0.,0.,-1.));
#10002=DIRECTION($,(1.,0.,0.));
#10003=DIRECTION($,(0.,0.,-1.));
#10004=DIRECTION('center_axis',(-1.,0.,0.));
#10005=DIRECTION('ref_axis',(0.,0.,1.));
#10006=DIRECTION($,(0.,1.,0.));
#10007=DIRECTION($,(0.,0.,-1.));
#10008=DIRECTION($,(0.,-1.,0.));
#10009=DIRECTION('center_axis',(1.,0.,0.));
#10010=DIRECTION('ref_axis',(0.,0.,-1.));
#10011=DIRECTION($,(0.,-1.,0.));
#10012=DIRECTION($,(0.,1.,0.));
#10013=DIRECTION($,(0.,0.,-1.));
#10014=DIRECTION('center_axis',(1.,0.,0.));
#10015=DIRECTION('ref_axis',(0.,0.,-1.));
#10016=DIRECTION($,(0.,1.,0.));
#10017=DIRECTION($,(0.,0.,-1.));
#10018=DIRECTION($,(0.,-1.,0.));
#10019=DIRECTION($,(0.,0.,-1.));
#10020=DIRECTION('center_axis',(0.,1.,0.));
#10021=DIRECTION('ref_axis',(0.,0.,1.));
#10022=DIRECTION($,(1.,0.,0.));
#10023=DIRECTION($,(-1.,0.,0.));
#10024=DIRECTION('center_axis',(0.,1.,0.));
#10025=DIRECTION('ref_axis',(0.,0.,1.));
#10026=DIRECTION($,(-1.,0.,0.));
#10027=DIRECTION($,(0.,0.,-1.));
#10028=DIRECTION($,(1.,0.,0.));
#10029=DIRECTION('center_axis',(0.,0.,1.));
#10030=DIRECTION('ref_axis',(1.,0.,0.));
#10031=DIRECTION('center_axis',(0.,-1.,0.));
#10032=DIRECTION('ref_axis',(0.,0.,-1.));
#10033=DIRECTION($,(1.,0.,0.));
#10034=DIRECTION($,(-1.,0.,0.));
#10035=DIRECTION($,(0.,0.,-1.));
#10036=DIRECTION('center_axis',(-1.,0.,0.));
#10037=DIRECTION('ref_axis',(0.,0.,1.));
#10038=DIRECTION($,(0.,-1.,0.));
#10039=DIRECTION($,(0.,1.,0.));
#10040=DIRECTION('center_axis',(0.,-1.,0.));
#10041=DIRECTION('ref_axis',(0.,0.,-1.));
#10042=DIRECTION($,(-1.,0.,0.));
#10043=DIRECTION($,(0.,0.,-1.));
#10044=DIRECTION($,(1.,0.,0.));
#10045=DIRECTION($,(0.,0.,-1.));
#10046=DIRECTION('center_axis',(-1.,0.,0.));
#10047=DIRECTION('ref_axis',(0.,0.,1.));
#10048=DIRECTION($,(0.,1.,0.));
#10049=DIRECTION($,(0.,0.,-1.));
#10050=DIRECTION($,(0.,-1.,0.));
#10051=DIRECTION('center_axis',(1.,0.,0.));
#10052=DIRECTION('ref_axis',(0.,0.,-1.));
#10053=DIRECTION($,(0.,-1.,0.));
#10054=DIRECTION($,(0.,1.,0.));
#10055=DIRECTION($,(0.,0.,-1.));
#10056=DIRECTION('center_axis',(1.,0.,0.));
#10057=DIRECTION('ref_axis',(0.,0.,-1.));
#10058=DIRECTION($,(0.,1.,0.));
#10059=DIRECTION($,(0.,0.,-1.));
#10060=DIRECTION($,(0.,-1.,0.));
#10061=DIRECTION($,(0.,0.,-1.));
#10062=DIRECTION('center_axis',(0.,1.,0.));
#10063=DIRECTION('ref_axis',(0.,0.,1.));
#10064=DIRECTION($,(1.,0.,0.));
#10065=DIRECTION($,(-1.,0.,0.));
#10066=DIRECTION('center_axis',(0.,1.,0.));
#10067=DIRECTION('ref_axis',(0.,0.,1.));
#10068=DIRECTION($,(-1.,0.,0.));
#10069=DIRECTION($,(0.,0.,-1.));
#10070=DIRECTION($,(1.,0.,0.));
#10071=DIRECTION('center_axis',(0.,0.,1.));
#10072=DIRECTION('ref_axis',(1.,0.,0.));
#10073=DIRECTION('center_axis',(0.,-1.,0.));
#10074=DIRECTION('ref_axis',(0.,0.,-1.));
#10075=DIRECTION($,(1.,0.,0.));
#10076=DIRECTION($,(-1.,0.,0.));
#10077=DIRECTION($,(0.,0.,-1.));
#10078=DIRECTION('center_axis',(-1.,0.,0.));
#10079=DIRECTION('ref_axis',(0.,0.,1.));
#10080=DIRECTION($,(0.,-1.,0.));
#10081=DIRECTION($,(0.,1.,0.));
#10082=DIRECTION('center_axis',(0.,-1.,0.));
#10083=DIRECTION('ref_axis',(1.,0.,0.));
#10084=DIRECTION($,(-1.,0.,0.));
#10085=DIRECTION($,(0.,0.,1.));
#10086=DIRECTION($,(1.,0.,0.));
#10087=DIRECTION($,(0.,0.,1.));
#10088=DIRECTION('center_axis',(-1.,0.,0.));
#10089=DIRECTION('ref_axis',(0.,-1.,0.));
#10090=DIRECTION($,(0.,1.,0.));
#10091=DIRECTION($,(0.,-1.,0.));
#10092=DIRECTION($,(0.,0.,1.));
#10093=DIRECTION('center_axis',(0.,1.,0.));
#10094=DIRECTION('ref_axis',(-1.,0.,0.));
#10095=DIRECTION($,(1.,0.,0.));
#10096=DIRECTION($,(-1.,0.,0.));
#10097=DIRECTION($,(0.,0.,1.));
#10098=DIRECTION('center_axis',(1.,0.,0.));
#10099=DIRECTION('ref_axis',(0.,1.,0.));
#10100=DIRECTION($,(0.,-1.,0.));
#10101=DIRECTION($,(0.,1.,0.));
#10102=DIRECTION('center_axis',(0.,0.,1.));
#10103=DIRECTION('ref_axis',(1.,0.,0.));
#10104=DIRECTION('center_axis',(0.,0.,1.));
#10105=DIRECTION('ref_axis',(1.,0.,0.));
#10106=DIRECTION('center_axis',(0.,-1.,0.));
#10107=DIRECTION('ref_axis',(1.,0.,0.));
#10108=DIRECTION($,(-1.,0.,0.));
#10109=DIRECTION($,(0.,0.,1.));
#10110=DIRECTION($,(1.,0.,0.));
#10111=DIRECTION($,(0.,0.,1.));
#10112=DIRECTION('center_axis',(-1.,0.,0.));
#10113=DIRECTION('ref_axis',(0.,-1.,0.));
#10114=DIRECTION($,(0.,1.,0.));
#10115=DIRECTION($,(0.,-1.,0.));
#10116=DIRECTION($,(0.,0.,1.));
#10117=DIRECTION('center_axis',(0.,1.,0.));
#10118=DIRECTION('ref_axis',(-1.,0.,0.));
#10119=DIRECTION($,(1.,0.,0.));
#10120=DIRECTION($,(-1.,0.,0.));
#10121=DIRECTION($,(0.,0.,1.));
#10122=DIRECTION('center_axis',(1.,0.,0.));
#10123=DIRECTION('ref_axis',(0.,1.,0.));
#10124=DIRECTION($,(0.,-1.,0.));
#10125=DIRECTION($,(0.,1.,0.));
#10126=DIRECTION('center_axis',(0.,0.,1.));
#10127=DIRECTION('ref_axis',(1.,0.,0.));
#10128=DIRECTION('center_axis',(0.,0.,1.));
#10129=DIRECTION('ref_axis',(1.,0.,0.));
#10130=DIRECTION('center_axis',(-2.22044604925031E-016,1.,0.));
#10131=DIRECTION('ref_axis',(0.,0.,1.));
#10132=DIRECTION($,(-1.,-2.22044604925031E-016,0.));
#10133=DIRECTION($,(0.,0.,-1.));
#10134=DIRECTION($,(1.,2.22044604925031E-016,0.));
#10135=DIRECTION($,(0.,0.,-1.));
#10136=DIRECTION('center_axis',(2.22044604925031E-016,-1.,0.));
#10137=DIRECTION('ref_axis',(0.,0.,-1.));
#10138=DIRECTION($,(1.,2.22044604925031E-016,0.));
#10139=DIRECTION($,(0.,0.,-1.));
#10140=DIRECTION($,(-1.,-2.22044604925031E-016,0.));
#10141=DIRECTION($,(0.,0.,-1.));
#10142=DIRECTION('center_axis',(1.,2.22044604925031E-016,0.));
#10143=DIRECTION('ref_axis',(0.,0.,1.));
#10144=DIRECTION($,(-2.22044604925031E-016,1.,0.));
#10145=DIRECTION($,(2.22044604925031E-016,-1.,0.));
#10146=DIRECTION($,(-2.22044604925031E-016,1.,0.));
#10147=DIRECTION($,(0.,0.,-1.));
#10148=DIRECTION($,(2.22044604925031E-016,-1.,-2.22044604925031E-016));
#10149=DIRECTION($,(0.,0.,-1.));
#10150=DIRECTION('center_axis',(4.93038065763132E-032,-2.22044604925031E-016,
1.));
#10151=DIRECTION('ref_axis',(0.,-1.,-1.48029736616688E-016));
#10152=DIRECTION($,(2.22044604925031E-016,-1.,-2.22044604925031E-016));
#10153=DIRECTION($,(1.,2.22044604925031E-016,0.));
#10154=DIRECTION($,(-1.,-2.22044604925031E-016,0.));
#10155=DIRECTION('center_axis',(2.22044604925031E-016,-1.,0.));
#10156=DIRECTION('ref_axis',(0.,0.,-1.));
#10157=DIRECTION($,(1.,2.22044604925031E-016,0.));
#10158=DIRECTION($,(0.,0.,-1.));
#10159=DIRECTION('center_axis',(0.,0.,1.));
#10160=DIRECTION('ref_axis',(0.,-1.,0.));
#10161=DIRECTION($,(-2.22044604925031E-016,1.,0.));
#10162=DIRECTION('center_axis',(-1.,-2.22044604925031E-016,0.));
#10163=DIRECTION('ref_axis',(0.,0.,-1.));
#10164=DIRECTION($,(2.22044604925031E-016,-1.,0.));
#10165=DIRECTION($,(0.,0.,-1.));
#10166=DIRECTION($,(2.22044604925031E-016,-1.,0.));
#10167=DIRECTION('center_axis',(-2.22044604925031E-016,1.,0.));
#10168=DIRECTION('ref_axis',(0.,0.,1.));
#10169=DIRECTION($,(-1.,-2.22044604925031E-016,0.));
#10170=DIRECTION('center_axis',(0.,0.,1.));
#10171=DIRECTION('ref_axis',(1.,0.,0.));
#10172=DIRECTION($,(0.,1.,0.));
#10173=DIRECTION($,(-1.,0.,0.));
#10174=DIRECTION($,(0.,-1.,0.));
#10175=DIRECTION($,(1.,0.,0.));
#10176=DIRECTION('center_axis',(0.,0.,1.));
#10177=DIRECTION('ref_axis',(1.,0.,0.));
#10178=DIRECTION($,(0.,-1.,0.));
#10179=DIRECTION($,(-1.,0.,0.));
#10180=DIRECTION($,(0.,1.,0.));
#10181=DIRECTION($,(1.,0.,0.));
#10182=DIRECTION('center_axis',(0.,1.,0.));
#10183=DIRECTION('ref_axis',(0.,0.,1.));
#10184=DIRECTION($,(0.,0.,-1.));
#10185=DIRECTION($,(0.,0.,-1.));
#10186=DIRECTION('center_axis',(1.,0.,0.));
#10187=DIRECTION('ref_axis',(0.,0.,-1.));
#10188=DIRECTION($,(0.,0.,-1.));
#10189=DIRECTION('center_axis',(0.,-1.,0.));
#10190=DIRECTION('ref_axis',(0.,0.,-1.));
#10191=DIRECTION($,(0.,0.,-1.));
#10192=DIRECTION('center_axis',(-1.,0.,0.));
#10193=DIRECTION('ref_axis',(0.,0.,1.));
#10194=DIRECTION('center_axis',(1.,0.,0.));
#10195=DIRECTION('ref_axis',(0.,0.,-1.));
#10196=DIRECTION($,(0.,-1.,0.));
#10197=DIRECTION($,(0.,0.,1.));
#10198=DIRECTION($,(0.,1.,0.));
#10199=DIRECTION($,(0.,0.,-1.));
#10200=DIRECTION('center_axis',(0.,1.,0.));
#10201=DIRECTION('ref_axis',(1.,0.,0.));
#10202=DIRECTION($,(-1.,0.,0.));
#10203=DIRECTION($,(0.,0.,1.));
#10204=DIRECTION($,(1.,0.,0.));
#10205=DIRECTION('center_axis',(0.,0.,-1.));
#10206=DIRECTION('ref_axis',(-1.,0.,0.));
#10207=DIRECTION($,(1.,0.,0.));
#10208=DIRECTION($,(0.,1.,0.));
#10209=DIRECTION('center_axis',(0.,-1.,0.));
#10210=DIRECTION('ref_axis',(-1.,0.,0.));
#10211=DIRECTION($,(-1.,0.,0.));
#10212=DIRECTION($,(0.,0.,-1.));
#10213=DIRECTION('center_axis',(0.,0.,1.));
#10214=DIRECTION('ref_axis',(1.,0.,0.));
#10215=DIRECTION($,(0.,-1.,0.));
#10216=DIRECTION('center_axis',(0.,0.,1.));
#10217=DIRECTION('ref_axis',(1.,0.,0.));
#10218=DIRECTION($,(0.,1.,0.));
#10219=DIRECTION($,(-1.,0.,0.));
#10220=DIRECTION($,(0.,-1.,0.));
#10221=DIRECTION($,(1.,0.,0.));
#10222=DIRECTION('center_axis',(0.,0.,1.));
#10223=DIRECTION('ref_axis',(1.,0.,0.));
#10224=DIRECTION($,(0.,-1.,0.));
#10225=DIRECTION($,(-1.,0.,0.));
#10226=DIRECTION($,(0.,1.,0.));
#10227=DIRECTION($,(1.,0.,0.));
#10228=DIRECTION('center_axis',(0.,1.,0.));
#10229=DIRECTION('ref_axis',(0.,0.,1.));
#10230=DIRECTION($,(0.,0.,-1.));
#10231=DIRECTION($,(0.,0.,-1.));
#10232=DIRECTION('center_axis',(1.,0.,0.));
#10233=DIRECTION('ref_axis',(0.,0.,-1.));
#10234=DIRECTION($,(0.,0.,-1.));
#10235=DIRECTION('center_axis',(0.,-1.,0.));
#10236=DIRECTION('ref_axis',(0.,0.,-1.));
#10237=DIRECTION($,(0.,0.,-1.));
#10238=DIRECTION('center_axis',(-1.,0.,0.));
#10239=DIRECTION('ref_axis',(0.,0.,1.));
#10240=DIRECTION('center_axis',(0.,0.,1.));
#10241=DIRECTION('ref_axis',(1.,0.,0.));
#10242=DIRECTION($,(0.,1.,0.));
#10243=DIRECTION($,(-1.,0.,0.));
#10244=DIRECTION($,(0.,-1.,0.));
#10245=DIRECTION($,(1.,0.,0.));
#10246=DIRECTION('center_axis',(0.,0.,1.));
#10247=DIRECTION('ref_axis',(1.,0.,0.));
#10248=DIRECTION($,(0.,-1.,0.));
#10249=DIRECTION($,(-1.,0.,0.));
#10250=DIRECTION($,(0.,1.,0.));
#10251=DIRECTION($,(1.,0.,0.));
#10252=DIRECTION('center_axis',(0.,1.,0.));
#10253=DIRECTION('ref_axis',(0.,0.,1.));
#10254=DIRECTION($,(0.,0.,-1.));
#10255=DIRECTION($,(0.,0.,-1.));
#10256=DIRECTION('center_axis',(1.,0.,0.));
#10257=DIRECTION('ref_axis',(0.,0.,-1.));
#10258=DIRECTION($,(0.,0.,-1.));
#10259=DIRECTION('center_axis',(0.,-1.,0.));
#10260=DIRECTION('ref_axis',(0.,0.,-1.));
#10261=DIRECTION($,(0.,0.,-1.));
#10262=DIRECTION('center_axis',(-1.,0.,0.));
#10263=DIRECTION('ref_axis',(0.,0.,1.));
#10264=DIRECTION('center_axis',(0.,0.,1.));
#10265=DIRECTION('ref_axis',(0.999390827019096,-0.0348994967025007,0.));
#10266=DIRECTION($,(0.034899496702501,0.999390827019096,0.));
#10267=DIRECTION($,(-0.999390827019096,0.034899496702501,0.));
#10268=DIRECTION($,(-0.034899496702501,-0.999390827019096,0.));
#10269=DIRECTION($,(0.999390827019096,-0.034899496702501,0.));
#10270=DIRECTION('center_axis',(0.,0.,1.));
#10271=DIRECTION('ref_axis',(0.999390827019096,-0.0348994967025007,0.));
#10272=DIRECTION($,(-0.034899496702501,-0.999390827019096,0.));
#10273=DIRECTION($,(-0.999390827019096,0.034899496702501,0.));
#10274=DIRECTION($,(0.034899496702501,0.999390827019096,0.));
#10275=DIRECTION($,(0.999390827019096,-0.034899496702501,0.));
#10276=DIRECTION('center_axis',(0.034899496702501,0.999390827019096,0.));
#10277=DIRECTION('ref_axis',(0.,0.,1.));
#10278=DIRECTION($,(0.,0.,-1.));
#10279=DIRECTION($,(0.,0.,-1.));
#10280=DIRECTION('center_axis',(0.999390827019096,-0.034899496702501,0.));
#10281=DIRECTION('ref_axis',(0.,0.,-1.));
#10282=DIRECTION($,(0.,0.,-1.));
#10283=DIRECTION('center_axis',(-0.034899496702501,-0.999390827019096,0.));
#10284=DIRECTION('ref_axis',(0.,0.,-1.));
#10285=DIRECTION($,(0.,0.,-1.));
#10286=DIRECTION('center_axis',(-0.999390827019096,0.034899496702501,0.));
#10287=DIRECTION('ref_axis',(0.,0.,1.));
#10288=DIRECTION('center_axis',(0.,0.,1.));
#10289=DIRECTION('ref_axis',(0.997564050259824,-0.0697564737441256,0.));
#10290=DIRECTION($,(0.0697564737441253,0.997564050259824,0.));
#10291=DIRECTION($,(-0.997564050259824,0.0697564737441253,0.));
#10292=DIRECTION($,(-0.0697564737441253,-0.997564050259824,0.));
#10293=DIRECTION($,(0.997564050259824,-0.0697564737441253,0.));
#10294=DIRECTION('center_axis',(0.,0.,1.));
#10295=DIRECTION('ref_axis',(0.997564050259824,-0.0697564737441256,0.));
#10296=DIRECTION($,(-0.0697564737441253,-0.997564050259824,0.));
#10297=DIRECTION($,(-0.997564050259824,0.0697564737441253,0.));
#10298=DIRECTION($,(0.0697564737441253,0.997564050259824,0.));
#10299=DIRECTION($,(0.997564050259824,-0.0697564737441253,0.));
#10300=DIRECTION('center_axis',(0.0697564737441253,0.997564050259824,0.));
#10301=DIRECTION('ref_axis',(0.,0.,1.));
#10302=DIRECTION($,(0.,0.,-1.));
#10303=DIRECTION($,(0.,0.,-1.));
#10304=DIRECTION('center_axis',(0.997564050259824,-0.0697564737441253,0.));
#10305=DIRECTION('ref_axis',(0.,0.,-1.));
#10306=DIRECTION($,(0.,0.,-1.));
#10307=DIRECTION('center_axis',(-0.0697564737441253,-0.997564050259824,
0.));
#10308=DIRECTION('ref_axis',(0.,0.,-1.));
#10309=DIRECTION($,(0.,0.,-1.));
#10310=DIRECTION('center_axis',(-0.997564050259824,0.0697564737441253,0.));
#10311=DIRECTION('ref_axis',(0.,0.,1.));
#10312=DIRECTION('center_axis',(0.,0.,1.));
#10313=DIRECTION('ref_axis',(0.999847695156391,0.0174524064372834,0.));
#10314=DIRECTION($,(-0.0174524064372835,0.999847695156391,0.));
#10315=DIRECTION($,(-0.999847695156391,-0.0174524064372835,0.));
#10316=DIRECTION($,(0.0174524064372835,-0.999847695156391,0.));
#10317=DIRECTION($,(0.999847695156391,0.0174524064372835,0.));
#10318=DIRECTION('center_axis',(0.,0.,1.));
#10319=DIRECTION('ref_axis',(0.999847695156391,0.0174524064372834,0.));
#10320=DIRECTION($,(0.0174524064372835,-0.999847695156391,0.));
#10321=DIRECTION($,(-0.999847695156391,-0.0174524064372835,0.));
#10322=DIRECTION($,(-0.0174524064372835,0.999847695156391,0.));
#10323=DIRECTION($,(0.999847695156391,0.0174524064372835,0.));
#10324=DIRECTION('center_axis',(-0.0174524064372835,0.999847695156391,0.));
#10325=DIRECTION('ref_axis',(0.,0.,1.));
#10326=DIRECTION($,(0.,0.,-1.));
#10327=DIRECTION($,(0.,0.,-1.));
#10328=DIRECTION('center_axis',(0.999847695156391,0.0174524064372835,0.));
#10329=DIRECTION('ref_axis',(0.,0.,-1.));
#10330=DIRECTION($,(0.,0.,-1.));
#10331=DIRECTION('center_axis',(0.0174524064372835,-0.999847695156391,0.));
#10332=DIRECTION('ref_axis',(0.,0.,-1.));
#10333=DIRECTION($,(0.,0.,-1.));
#10334=DIRECTION('center_axis',(-0.999847695156391,-0.0174524064372835,
0.));
#10335=DIRECTION('ref_axis',(0.,0.,1.));
#10336=DIRECTION('center_axis',(0.,0.,1.));
#10337=DIRECTION('ref_axis',(0.997564050259824,-0.0697564737441256,0.));
#10338=DIRECTION($,(0.0697564737441253,0.997564050259824,0.));
#10339=DIRECTION($,(-0.997564050259824,0.0697564737441253,0.));
#10340=DIRECTION($,(-0.0697564737441253,-0.997564050259824,0.));
#10341=DIRECTION($,(0.997564050259824,-0.0697564737441253,0.));
#10342=DIRECTION('center_axis',(0.,0.,1.));
#10343=DIRECTION('ref_axis',(0.997564050259824,-0.0697564737441256,0.));
#10344=DIRECTION($,(-0.0697564737441253,-0.997564050259824,0.));
#10345=DIRECTION($,(-0.997564050259824,0.0697564737441253,0.));
#10346=DIRECTION($,(0.0697564737441253,0.997564050259824,0.));
#10347=DIRECTION($,(0.997564050259824,-0.0697564737441253,0.));
#10348=DIRECTION('center_axis',(0.0697564737441253,0.997564050259824,0.));
#10349=DIRECTION('ref_axis',(0.,0.,1.));
#10350=DIRECTION($,(0.,0.,-1.));
#10351=DIRECTION($,(0.,0.,-1.));
#10352=DIRECTION('center_axis',(0.997564050259824,-0.0697564737441253,0.));
#10353=DIRECTION('ref_axis',(0.,0.,-1.));
#10354=DIRECTION($,(0.,0.,-1.));
#10355=DIRECTION('center_axis',(-0.0697564737441253,-0.997564050259824,
0.));
#10356=DIRECTION('ref_axis',(0.,0.,-1.));
#10357=DIRECTION($,(0.,0.,-1.));
#10358=DIRECTION('center_axis',(-0.997564050259824,0.0697564737441253,0.));
#10359=DIRECTION('ref_axis',(0.,0.,1.));
#10360=DIRECTION('center_axis',(1.,0.,0.));
#10361=DIRECTION('ref_axis',(0.,0.,-1.));
#10362=DIRECTION($,(0.,-1.,0.));
#10363=DIRECTION($,(0.,0.,-1.));
#10364=DIRECTION($,(0.,1.,0.));
#10365=DIRECTION($,(0.,0.,1.));
#10366=DIRECTION('center_axis',(1.,0.,0.));
#10367=DIRECTION('ref_axis',(0.,0.,-1.));
#10368=DIRECTION($,(0.,-1.,0.));
#10369=DIRECTION($,(0.,0.,1.));
#10370=DIRECTION($,(0.,1.,0.));
#10371=DIRECTION($,(0.,0.,-1.));
#10372=DIRECTION('center_axis',(0.,1.,0.));
#10373=DIRECTION('ref_axis',(1.,0.,0.));
#10374=DIRECTION($,(-1.,0.,0.));
#10375=DIRECTION($,(-1.,0.,0.));
#10376=DIRECTION('center_axis',(0.,0.,-1.));
#10377=DIRECTION('ref_axis',(-1.,0.,0.));
#10378=DIRECTION($,(-1.,0.,0.));
#10379=DIRECTION('center_axis',(0.,-1.,0.));
#10380=DIRECTION('ref_axis',(-1.,0.,0.));
#10381=DIRECTION($,(-1.,0.,0.));
#10382=DIRECTION('center_axis',(0.,0.,1.));
#10383=DIRECTION('ref_axis',(1.,0.,0.));
#10384=DIRECTION('center_axis',(1.,0.,0.));
#10385=DIRECTION('ref_axis',(0.,0.,-1.));
#10386=DIRECTION($,(0.,0.,1.));
#10387=DIRECTION($,(0.,1.,0.));
#10388=DIRECTION($,(0.,0.,-1.));
#10389=DIRECTION($,(0.,-1.,0.));
#10390=DIRECTION($,(0.,1.,0.));
#10391=DIRECTION($,(0.,0.,1.));
#10392=DIRECTION($,(0.,-1.,0.));
#10393=DIRECTION($,(0.,0.,-1.));
#10394=DIRECTION('center_axis',(1.,0.,0.));
#10395=DIRECTION('ref_axis',(0.,0.,-1.));
#10396=DIRECTION($,(0.,0.,-1.));
#10397=DIRECTION($,(0.,1.,0.));
#10398=DIRECTION($,(0.,0.,1.));
#10399=DIRECTION($,(0.,-1.,0.));
#10400=DIRECTION($,(0.,-1.,0.));
#10401=DIRECTION($,(0.,0.,1.));
#10402=DIRECTION($,(0.,1.,0.));
#10403=DIRECTION($,(0.,0.,-1.));
#10404=DIRECTION('center_axis',(0.,1.,0.));
#10405=DIRECTION('ref_axis',(1.,0.,0.));
#10406=DIRECTION($,(-1.,0.,0.));
#10407=DIRECTION($,(-1.,0.,0.));
#10408=DIRECTION('center_axis',(0.,0.,-1.));
#10409=DIRECTION('ref_axis',(-1.,0.,0.));
#10410=DIRECTION($,(-1.,0.,0.));
#10411=DIRECTION('center_axis',(0.,-1.,0.));
#10412=DIRECTION('ref_axis',(-1.,0.,0.));
#10413=DIRECTION($,(-1.,0.,0.));
#10414=DIRECTION('center_axis',(0.,0.,1.));
#10415=DIRECTION('ref_axis',(1.,0.,0.));
#10416=DIRECTION('center_axis',(0.,1.,0.));
#10417=DIRECTION('ref_axis',(1.,0.,0.));
#10418=DIRECTION($,(-1.,0.,0.));
#10419=DIRECTION($,(-1.,0.,0.));
#10420=DIRECTION('center_axis',(0.,0.,-1.));
#10421=DIRECTION('ref_axis',(-1.,0.,0.));
#10422=DIRECTION($,(-1.,0.,0.));
#10423=DIRECTION('center_axis',(0.,-1.,0.));
#10424=DIRECTION('ref_axis',(-1.,0.,0.));
#10425=DIRECTION($,(-1.,0.,0.));
#10426=DIRECTION('center_axis',(0.,0.,1.));
#10427=DIRECTION('ref_axis',(1.,0.,0.));
#10428=DIRECTION('center_axis',(0.,0.,1.));
#10429=DIRECTION('ref_axis',(1.,0.,0.));
#10430=DIRECTION($,(0.,-1.,0.));
#10431=DIRECTION($,(1.,0.,0.));
#10432=DIRECTION($,(0.,1.,0.));
#10433=DIRECTION($,(-1.,0.,0.));
#10434=DIRECTION('center_axis',(0.,0.,1.));
#10435=DIRECTION('ref_axis',(1.,0.,0.));
#10436=DIRECTION($,(0.,-1.,0.));
#10437=DIRECTION($,(-1.,0.,0.));
#10438=DIRECTION($,(0.,1.,0.));
#10439=DIRECTION($,(1.,0.,0.));
#10440=DIRECTION('center_axis',(0.,1.,0.));
#10441=DIRECTION('ref_axis',(0.,0.,1.));
#10442=DIRECTION($,(0.,0.,-1.));
#10443=DIRECTION($,(0.,0.,-1.));
#10444=DIRECTION('center_axis',(1.,0.,0.));
#10445=DIRECTION('ref_axis',(0.,0.,-1.));
#10446=DIRECTION($,(0.,0.,-1.));
#10447=DIRECTION('center_axis',(0.,-1.,0.));
#10448=DIRECTION('ref_axis',(0.,0.,-1.));
#10449=DIRECTION($,(0.,0.,-1.));
#10450=DIRECTION('center_axis',(-1.,0.,0.));
#10451=DIRECTION('ref_axis',(0.,0.,1.));
#10452=DIRECTION('center_axis',(1.,0.,0.));
#10453=DIRECTION('ref_axis',(0.,0.,1.));
#10454=DIRECTION($,(0.,-1.,0.));
#10455=DIRECTION($,(0.,0.,-1.));
#10456=DIRECTION($,(0.,1.,0.));
#10457=DIRECTION($,(0.,0.,1.));
#10458=DIRECTION('center_axis',(1.,0.,0.));
#10459=DIRECTION('ref_axis',(0.,0.,1.));
#10460=DIRECTION($,(0.,-1.,0.));
#10461=DIRECTION($,(0.,0.,1.));
#10462=DIRECTION($,(0.,-1.,0.));
#10463=DIRECTION($,(0.,0.,1.));
#10464=DIRECTION('center_axis',(0.,-1.,0.));
#10465=DIRECTION('ref_axis',(1.,0.,0.));
#10466=DIRECTION($,(-1.,0.,0.));
#10467=DIRECTION($,(1.,0.,0.));
#10468=DIRECTION('center_axis',(0.,0.,1.));
#10469=DIRECTION('ref_axis',(-1.,0.,0.));
#10470=DIRECTION($,(-1.,0.,0.));
#10471=DIRECTION('center_axis',(0.,1.,0.));
#10472=DIRECTION('ref_axis',(-1.,0.,0.));
#10473=DIRECTION($,(1.,0.,0.));
#10474=DIRECTION('center_axis',(0.,0.,-1.));
#10475=DIRECTION('ref_axis',(1.,0.,0.));
#10476=DIRECTION('center_axis',(0.,0.,1.));
#10477=DIRECTION('ref_axis',(1.,0.,0.));
#10478=DIRECTION($,(0.,1.,0.));
#10479=DIRECTION($,(-1.,0.,0.));
#10480=DIRECTION($,(0.,-1.,0.));
#10481=DIRECTION($,(1.,0.,0.));
#10482=DIRECTION('center_axis',(0.,0.,1.));
#10483=DIRECTION('ref_axis',(1.,0.,0.));
#10484=DIRECTION($,(0.,-1.,0.));
#10485=DIRECTION($,(-1.,0.,0.));
#10486=DIRECTION($,(0.,1.,0.));
#10487=DIRECTION($,(1.,0.,0.));
#10488=DIRECTION('center_axis',(0.,1.,0.));
#10489=DIRECTION('ref_axis',(0.,0.,1.));
#10490=DIRECTION($,(0.,0.,-1.));
#10491=DIRECTION($,(0.,0.,-1.));
#10492=DIRECTION('center_axis',(1.,0.,0.));
#10493=DIRECTION('ref_axis',(0.,0.,-1.));
#10494=DIRECTION($,(0.,0.,-1.));
#10495=DIRECTION('center_axis',(0.,-1.,0.));
#10496=DIRECTION('ref_axis',(0.,0.,-1.));
#10497=DIRECTION($,(0.,0.,-1.));
#10498=DIRECTION('center_axis',(-1.,0.,0.));
#10499=DIRECTION('ref_axis',(0.,0.,1.));
#10500=DIRECTION('center_axis',(0.,0.,1.));
#10501=DIRECTION('ref_axis',(1.,0.,0.));
#10502=DIRECTION($,(0.,1.,0.));
#10503=DIRECTION($,(-1.,0.,0.));
#10504=DIRECTION($,(0.,-1.,0.));
#10505=DIRECTION($,(1.,0.,0.));
#10506=DIRECTION('center_axis',(0.,0.,1.));
#10507=DIRECTION('ref_axis',(1.,0.,0.));
#10508=DIRECTION($,(0.,-1.,0.));
#10509=DIRECTION($,(-1.,0.,0.));
#10510=DIRECTION($,(0.,1.,0.));
#10511=DIRECTION($,(1.,0.,0.));
#10512=DIRECTION('center_axis',(0.,1.,0.));
#10513=DIRECTION('ref_axis',(0.,0.,1.));
#10514=DIRECTION($,(0.,0.,-1.));
#10515=DIRECTION($,(0.,0.,-1.));
#10516=DIRECTION('center_axis',(1.,0.,0.));
#10517=DIRECTION('ref_axis',(0.,0.,-1.));
#10518=DIRECTION($,(0.,0.,-1.));
#10519=DIRECTION('center_axis',(0.,-1.,0.));
#10520=DIRECTION('ref_axis',(0.,0.,-1.));
#10521=DIRECTION($,(0.,0.,-1.));
#10522=DIRECTION('center_axis',(-1.,0.,0.));
#10523=DIRECTION('ref_axis',(0.,0.,1.));
#10524=DIRECTION('center_axis',(0.,0.,1.));
#10525=DIRECTION('ref_axis',(1.,0.,0.));
#10526=DIRECTION($,(0.,1.,0.));
#10527=DIRECTION($,(-1.,0.,0.));
#10528=DIRECTION($,(0.,-1.,0.));
#10529=DIRECTION($,(1.,0.,0.));
#10530=DIRECTION('center_axis',(0.,0.,1.));
#10531=DIRECTION('ref_axis',(1.,0.,0.));
#10532=DIRECTION($,(0.,-1.,0.));
#10533=DIRECTION($,(-1.,0.,0.));
#10534=DIRECTION($,(0.,1.,0.));
#10535=DIRECTION($,(1.,0.,0.));
#10536=DIRECTION('center_axis',(0.,1.,0.));
#10537=DIRECTION('ref_axis',(0.,0.,1.));
#10538=DIRECTION($,(0.,0.,-1.));
#10539=DIRECTION($,(0.,0.,-1.));
#10540=DIRECTION('center_axis',(1.,0.,0.));
#10541=DIRECTION('ref_axis',(0.,0.,-1.));
#10542=DIRECTION($,(0.,0.,-1.));
#10543=DIRECTION('center_axis',(0.,-1.,0.));
#10544=DIRECTION('ref_axis',(0.,0.,-1.));
#10545=DIRECTION($,(0.,0.,-1.));
#10546=DIRECTION('center_axis',(-1.,0.,0.));
#10547=DIRECTION('ref_axis',(0.,0.,1.));
#10548=DIRECTION('center_axis',(0.,0.,1.));
#10549=DIRECTION('ref_axis',(1.,0.,0.));
#10550=DIRECTION($,(0.,1.,0.));
#10551=DIRECTION($,(-1.,0.,0.));
#10552=DIRECTION($,(0.,-1.,0.));
#10553=DIRECTION($,(1.,0.,0.));
#10554=DIRECTION('center_axis',(0.,0.,1.));
#10555=DIRECTION('ref_axis',(1.,0.,0.));
#10556=DIRECTION($,(0.,-1.,0.));
#10557=DIRECTION($,(-1.,0.,0.));
#10558=DIRECTION($,(0.,1.,0.));
#10559=DIRECTION($,(1.,0.,0.));
#10560=DIRECTION('center_axis',(0.,1.,0.));
#10561=DIRECTION('ref_axis',(0.,0.,1.));
#10562=DIRECTION($,(0.,0.,-1.));
#10563=DIRECTION($,(0.,0.,-1.));
#10564=DIRECTION('center_axis',(1.,0.,0.));
#10565=DIRECTION('ref_axis',(0.,0.,-1.));
#10566=DIRECTION($,(0.,0.,-1.));
#10567=DIRECTION('center_axis',(0.,-1.,0.));
#10568=DIRECTION('ref_axis',(0.,0.,-1.));
#10569=DIRECTION($,(0.,0.,-1.));
#10570=DIRECTION('center_axis',(-1.,0.,0.));
#10571=DIRECTION('ref_axis',(0.,0.,1.));
#10572=DIRECTION('center_axis',(1.,0.,0.));
#10573=DIRECTION('ref_axis',(0.,0.,-1.));
#10574=DIRECTION($,(0.,1.,0.));
#10575=DIRECTION($,(0.,0.,1.));
#10576=DIRECTION($,(0.,-1.,0.));
#10577=DIRECTION($,(0.,0.,-1.));
#10578=DIRECTION('center_axis',(1.,0.,0.));
#10579=DIRECTION('ref_axis',(0.,0.,-1.));
#10580=DIRECTION($,(0.,-1.,0.));
#10581=DIRECTION($,(0.,0.,1.));
#10582=DIRECTION($,(0.,1.,0.));
#10583=DIRECTION($,(0.,0.,-1.));
#10584=DIRECTION('center_axis',(0.,1.,0.));
#10585=DIRECTION('ref_axis',(1.,0.,0.));
#10586=DIRECTION($,(-1.,0.,0.));
#10587=DIRECTION($,(-1.,0.,0.));
#10588=DIRECTION('center_axis',(0.,0.,-1.));
#10589=DIRECTION('ref_axis',(-1.,0.,0.));
#10590=DIRECTION($,(-1.,0.,0.));
#10591=DIRECTION('center_axis',(0.,-1.,0.));
#10592=DIRECTION('ref_axis',(-1.,0.,0.));
#10593=DIRECTION($,(-1.,0.,0.));
#10594=DIRECTION('center_axis',(0.,0.,1.));
#10595=DIRECTION('ref_axis',(1.,0.,0.));
#10596=DIRECTION('center_axis',(1.,0.,0.));
#10597=DIRECTION('ref_axis',(0.,0.,-1.));
#10598=DIRECTION($,(0.,1.,0.));
#10599=DIRECTION($,(0.,0.,1.));
#10600=DIRECTION($,(0.,-1.,0.));
#10601=DIRECTION($,(0.,0.,-1.));
#10602=DIRECTION('center_axis',(1.,0.,0.));
#10603=DIRECTION('ref_axis',(0.,0.,-1.));
#10604=DIRECTION($,(0.,-1.,0.));
#10605=DIRECTION($,(0.,0.,1.));
#10606=DIRECTION($,(0.,1.,0.));
#10607=DIRECTION($,(0.,0.,-1.));
#10608=DIRECTION('center_axis',(0.,1.,0.));
#10609=DIRECTION('ref_axis',(1.,0.,0.));
#10610=DIRECTION($,(-1.,0.,0.));
#10611=DIRECTION($,(-1.,0.,0.));
#10612=DIRECTION('center_axis',(0.,0.,-1.));
#10613=DIRECTION('ref_axis',(-1.,0.,0.));
#10614=DIRECTION($,(-1.,0.,0.));
#10615=DIRECTION('center_axis',(0.,-1.,0.));
#10616=DIRECTION('ref_axis',(-1.,0.,0.));
#10617=DIRECTION($,(-1.,0.,0.));
#10618=DIRECTION('center_axis',(0.,0.,1.));
#10619=DIRECTION('ref_axis',(1.,0.,0.));
#10620=DIRECTION('center_axis',(1.,0.,0.));
#10621=DIRECTION('ref_axis',(0.,0.,-1.));
#10622=DIRECTION($,(0.,1.,0.));
#10623=DIRECTION($,(0.,0.,1.));
#10624=DIRECTION($,(0.,-1.,0.));
#10625=DIRECTION($,(0.,0.,-1.));
#10626=DIRECTION('center_axis',(1.,0.,0.));
#10627=DIRECTION('ref_axis',(0.,0.,-1.));
#10628=DIRECTION($,(0.,-1.,0.));
#10629=DIRECTION($,(0.,0.,1.));
#10630=DIRECTION($,(0.,1.,0.));
#10631=DIRECTION($,(0.,0.,-1.));
#10632=DIRECTION('center_axis',(0.,1.,0.));
#10633=DIRECTION('ref_axis',(1.,0.,0.));
#10634=DIRECTION($,(-1.,0.,0.));
#10635=DIRECTION($,(-1.,0.,0.));
#10636=DIRECTION('center_axis',(0.,0.,-1.));
#10637=DIRECTION('ref_axis',(-1.,0.,0.));
#10638=DIRECTION($,(-1.,0.,0.));
#10639=DIRECTION('center_axis',(0.,-1.,0.));
#10640=DIRECTION('ref_axis',(-1.,0.,0.));
#10641=DIRECTION($,(-1.,0.,0.));
#10642=DIRECTION('center_axis',(0.,0.,1.));
#10643=DIRECTION('ref_axis',(1.,0.,0.));
#10644=DIRECTION('center_axis',(1.,0.,0.));
#10645=DIRECTION('ref_axis',(0.,0.,-1.));
#10646=DIRECTION($,(0.,1.,0.));
#10647=DIRECTION($,(0.,0.,1.));
#10648=DIRECTION($,(0.,-1.,0.));
#10649=DIRECTION($,(0.,0.,-1.));
#10650=DIRECTION('center_axis',(1.,0.,0.));
#10651=DIRECTION('ref_axis',(0.,0.,-1.));
#10652=DIRECTION($,(0.,-1.,0.));
#10653=DIRECTION($,(0.,0.,1.));
#10654=DIRECTION($,(0.,1.,0.));
#10655=DIRECTION($,(0.,0.,-1.));
#10656=DIRECTION('center_axis',(0.,1.,0.));
#10657=DIRECTION('ref_axis',(1.,0.,0.));
#10658=DIRECTION($,(-1.,0.,0.));
#10659=DIRECTION($,(-1.,0.,0.));
#10660=DIRECTION('center_axis',(0.,0.,-1.));
#10661=DIRECTION('ref_axis',(-1.,0.,0.));
#10662=DIRECTION($,(-1.,0.,0.));
#10663=DIRECTION('center_axis',(0.,-1.,0.));
#10664=DIRECTION('ref_axis',(-1.,0.,0.));
#10665=DIRECTION($,(-1.,0.,0.));
#10666=DIRECTION('center_axis',(0.,0.,1.));
#10667=DIRECTION('ref_axis',(1.,0.,0.));
#10668=DIRECTION('center_axis',(1.,0.,0.));
#10669=DIRECTION('ref_axis',(0.,0.,-1.));
#10670=DIRECTION($,(0.,1.,0.));
#10671=DIRECTION($,(0.,0.,1.));
#10672=DIRECTION($,(0.,-1.,0.));
#10673=DIRECTION($,(0.,0.,-1.));
#10674=DIRECTION('center_axis',(1.,0.,0.));
#10675=DIRECTION('ref_axis',(0.,0.,-1.));
#10676=DIRECTION($,(0.,-1.,0.));
#10677=DIRECTION($,(0.,0.,1.));
#10678=DIRECTION($,(0.,1.,0.));
#10679=DIRECTION($,(0.,0.,-1.));
#10680=DIRECTION('center_axis',(0.,1.,0.));
#10681=DIRECTION('ref_axis',(1.,0.,0.));
#10682=DIRECTION($,(-1.,0.,0.));
#10683=DIRECTION($,(-1.,0.,0.));
#10684=DIRECTION('center_axis',(0.,0.,-1.));
#10685=DIRECTION('ref_axis',(-1.,0.,0.));
#10686=DIRECTION($,(-1.,0.,0.));
#10687=DIRECTION('center_axis',(0.,-1.,0.));
#10688=DIRECTION('ref_axis',(-1.,0.,0.));
#10689=DIRECTION($,(-1.,0.,0.));
#10690=DIRECTION('center_axis',(0.,0.,1.));
#10691=DIRECTION('ref_axis',(1.,0.,0.));
#10692=DIRECTION('center_axis',(1.,0.,0.));
#10693=DIRECTION('ref_axis',(0.,0.,-1.));
#10694=DIRECTION($,(0.,1.,0.));
#10695=DIRECTION($,(0.,0.,1.));
#10696=DIRECTION($,(0.,-1.,0.));
#10697=DIRECTION($,(0.,0.,-1.));
#10698=DIRECTION('center_axis',(1.,0.,0.));
#10699=DIRECTION('ref_axis',(0.,0.,-1.));
#10700=DIRECTION($,(0.,-1.,0.));
#10701=DIRECTION($,(0.,0.,1.));
#10702=DIRECTION($,(0.,1.,0.));
#10703=DIRECTION($,(0.,0.,-1.));
#10704=DIRECTION('center_axis',(0.,1.,0.));
#10705=DIRECTION('ref_axis',(1.,0.,0.));
#10706=DIRECTION($,(-1.,0.,0.));
#10707=DIRECTION($,(-1.,0.,0.));
#10708=DIRECTION('center_axis',(0.,0.,-1.));
#10709=DIRECTION('ref_axis',(-1.,0.,0.));
#10710=DIRECTION($,(-1.,0.,0.));
#10711=DIRECTION('center_axis',(0.,-1.,0.));
#10712=DIRECTION('ref_axis',(-1.,0.,0.));
#10713=DIRECTION($,(-1.,0.,0.));
#10714=DIRECTION('center_axis',(0.,0.,1.));
#10715=DIRECTION('ref_axis',(1.,0.,0.));
#10716=DIRECTION('center_axis',(0.,0.,1.));
#10717=DIRECTION('ref_axis',(1.,0.,0.));
#10718=DIRECTION($,(0.,-1.,0.));
#10719=DIRECTION($,(-1.,0.,0.));
#10720=DIRECTION($,(0.,1.,0.));
#10721=DIRECTION($,(1.,0.,0.));
#10722=DIRECTION('center_axis',(1.,0.,0.));
#10723=DIRECTION('ref_axis',(0.,0.,-1.));
#10724=DIRECTION($,(0.,0.,1.));
#10725=DIRECTION($,(0.,1.,0.));
#10726=DIRECTION($,(0.,0.,1.));
#10727=DIRECTION('center_axis',(0.,1.,0.));
#10728=DIRECTION('ref_axis',(0.,0.,1.));
#10729=DIRECTION($,(0.,0.,1.));
#10730=DIRECTION($,(-1.,0.,0.));
#10731=DIRECTION('center_axis',(-1.,0.,0.));
#10732=DIRECTION('ref_axis',(0.,0.,1.));
#10733=DIRECTION($,(0.,0.,1.));
#10734=DIRECTION($,(0.,-1.,0.));
#10735=DIRECTION('center_axis',(0.,-1.,0.));
#10736=DIRECTION('ref_axis',(0.,0.,-1.));
#10737=DIRECTION($,(1.,0.,0.));
#10738=DIRECTION('center_axis',(0.,0.,1.));
#10739=DIRECTION('ref_axis',(1.,0.,0.));
#10740=DIRECTION('center_axis',(1.,0.,0.));
#10741=DIRECTION('ref_axis',(0.,0.,-1.));
#10742=DIRECTION($,(0.,1.,0.));
#10743=DIRECTION($,(0.,0.,1.));
#10744=DIRECTION($,(0.,-1.,0.));
#10745=DIRECTION($,(0.,0.,-1.));
#10746=DIRECTION('center_axis',(1.,0.,0.));
#10747=DIRECTION('ref_axis',(0.,0.,-1.));
#10748=DIRECTION($,(0.,-1.,0.));
#10749=DIRECTION($,(0.,0.,1.));
#10750=DIRECTION($,(0.,1.,0.));
#10751=DIRECTION($,(0.,0.,-1.));
#10752=DIRECTION('center_axis',(0.,1.,0.));
#10753=DIRECTION('ref_axis',(1.,0.,0.));
#10754=DIRECTION($,(-1.,0.,0.));
#10755=DIRECTION($,(-1.,0.,0.));
#10756=DIRECTION('center_axis',(0.,0.,-1.));
#10757=DIRECTION('ref_axis',(-1.,0.,0.));
#10758=DIRECTION($,(-1.,0.,0.));
#10759=DIRECTION('center_axis',(0.,-1.,0.));
#10760=DIRECTION('ref_axis',(-1.,0.,0.));
#10761=DIRECTION($,(-1.,0.,0.));
#10762=DIRECTION('center_axis',(0.,0.,1.));
#10763=DIRECTION('ref_axis',(1.,0.,0.));
#10764=DIRECTION('center_axis',(1.,0.,0.));
#10765=DIRECTION('ref_axis',(0.,0.,-1.));
#10766=DIRECTION($,(0.,1.,0.));
#10767=DIRECTION($,(0.,0.,1.));
#10768=DIRECTION($,(0.,-1.,0.));
#10769=DIRECTION($,(0.,0.,-1.));
#10770=DIRECTION('center_axis',(1.,0.,0.));
#10771=DIRECTION('ref_axis',(0.,0.,-1.));
#10772=DIRECTION($,(0.,-1.,0.));
#10773=DIRECTION($,(0.,0.,1.));
#10774=DIRECTION($,(0.,1.,0.));
#10775=DIRECTION($,(0.,0.,-1.));
#10776=DIRECTION('center_axis',(0.,1.,0.));
#10777=DIRECTION('ref_axis',(1.,0.,0.));
#10778=DIRECTION($,(-1.,0.,0.));
#10779=DIRECTION($,(-1.,0.,0.));
#10780=DIRECTION('center_axis',(0.,0.,-1.));
#10781=DIRECTION('ref_axis',(-1.,0.,0.));
#10782=DIRECTION($,(-1.,0.,0.));
#10783=DIRECTION('center_axis',(0.,-1.,0.));
#10784=DIRECTION('ref_axis',(-1.,0.,0.));
#10785=DIRECTION($,(-1.,0.,0.));
#10786=DIRECTION('center_axis',(0.,0.,1.));
#10787=DIRECTION('ref_axis',(1.,0.,0.));
#10788=DIRECTION('center_axis',(1.,0.,0.));
#10789=DIRECTION('ref_axis',(0.,0.,-1.));
#10790=DIRECTION($,(0.,1.,0.));
#10791=DIRECTION($,(0.,0.,1.));
#10792=DIRECTION($,(0.,-1.,0.));
#10793=DIRECTION($,(0.,0.,-1.));
#10794=DIRECTION('center_axis',(1.,0.,0.));
#10795=DIRECTION('ref_axis',(0.,0.,-1.));
#10796=DIRECTION($,(0.,-1.,0.));
#10797=DIRECTION($,(0.,0.,1.));
#10798=DIRECTION($,(0.,1.,0.));
#10799=DIRECTION($,(0.,0.,-1.));
#10800=DIRECTION('center_axis',(0.,1.,0.));
#10801=DIRECTION('ref_axis',(1.,0.,0.));
#10802=DIRECTION($,(-1.,0.,0.));
#10803=DIRECTION($,(-1.,0.,0.));
#10804=DIRECTION('center_axis',(0.,0.,-1.));
#10805=DIRECTION('ref_axis',(-1.,0.,0.));
#10806=DIRECTION($,(-1.,0.,0.));
#10807=DIRECTION('center_axis',(0.,-1.,0.));
#10808=DIRECTION('ref_axis',(-1.,0.,0.));
#10809=DIRECTION($,(-1.,0.,0.));
#10810=DIRECTION('center_axis',(0.,0.,1.));
#10811=DIRECTION('ref_axis',(1.,0.,0.));
#10812=DIRECTION('center_axis',(1.,0.,0.));
#10813=DIRECTION('ref_axis',(0.,0.,-1.));
#10814=DIRECTION($,(0.,1.,0.));
#10815=DIRECTION($,(0.,0.,1.));
#10816=DIRECTION($,(0.,-1.,0.));
#10817=DIRECTION($,(0.,0.,-1.));
#10818=DIRECTION('center_axis',(1.,0.,0.));
#10819=DIRECTION('ref_axis',(0.,0.,-1.));
#10820=DIRECTION($,(0.,-1.,0.));
#10821=DIRECTION($,(0.,0.,1.));
#10822=DIRECTION($,(0.,1.,0.));
#10823=DIRECTION($,(0.,0.,-1.));
#10824=DIRECTION('center_axis',(0.,1.,0.));
#10825=DIRECTION('ref_axis',(1.,0.,0.));
#10826=DIRECTION($,(-1.,0.,0.));
#10827=DIRECTION($,(-1.,0.,0.));
#10828=DIRECTION('center_axis',(0.,0.,-1.));
#10829=DIRECTION('ref_axis',(-1.,0.,0.));
#10830=DIRECTION($,(-1.,0.,0.));
#10831=DIRECTION('center_axis',(0.,-1.,0.));
#10832=DIRECTION('ref_axis',(-1.,0.,0.));
#10833=DIRECTION($,(-1.,0.,0.));
#10834=DIRECTION('center_axis',(0.,0.,1.));
#10835=DIRECTION('ref_axis',(1.,0.,0.));
#10836=DIRECTION('center_axis',(1.,0.,0.));
#10837=DIRECTION('ref_axis',(0.,0.,-1.));
#10838=DIRECTION($,(0.,1.,0.));
#10839=DIRECTION($,(0.,0.,1.));
#10840=DIRECTION($,(0.,-1.,0.));
#10841=DIRECTION($,(0.,0.,-1.));
#10842=DIRECTION('center_axis',(1.,0.,0.));
#10843=DIRECTION('ref_axis',(0.,0.,-1.));
#10844=DIRECTION($,(0.,-1.,0.));
#10845=DIRECTION($,(0.,0.,1.));
#10846=DIRECTION($,(0.,1.,0.));
#10847=DIRECTION($,(0.,0.,-1.));
#10848=DIRECTION('center_axis',(0.,1.,0.));
#10849=DIRECTION('ref_axis',(1.,0.,0.));
#10850=DIRECTION($,(-1.,0.,0.));
#10851=DIRECTION($,(-1.,0.,0.));
#10852=DIRECTION('center_axis',(0.,0.,-1.));
#10853=DIRECTION('ref_axis',(-1.,0.,0.));
#10854=DIRECTION($,(-1.,0.,0.));
#10855=DIRECTION('center_axis',(0.,-1.,0.));
#10856=DIRECTION('ref_axis',(-1.,0.,0.));
#10857=DIRECTION($,(-1.,0.,0.));
#10858=DIRECTION('center_axis',(0.,0.,1.));
#10859=DIRECTION('ref_axis',(1.,0.,0.));
#10860=DIRECTION('center_axis',(1.,0.,0.));
#10861=DIRECTION('ref_axis',(0.,0.,-1.));
#10862=DIRECTION($,(0.,1.,0.));
#10863=DIRECTION($,(0.,0.,1.));
#10864=DIRECTION($,(0.,-1.,0.));
#10865=DIRECTION($,(0.,0.,-1.));
#10866=DIRECTION('center_axis',(1.,0.,0.));
#10867=DIRECTION('ref_axis',(0.,0.,-1.));
#10868=DIRECTION($,(0.,-1.,0.));
#10869=DIRECTION($,(0.,0.,1.));
#10870=DIRECTION($,(0.,1.,0.));
#10871=DIRECTION($,(0.,0.,-1.));
#10872=DIRECTION('center_axis',(0.,1.,0.));
#10873=DIRECTION('ref_axis',(1.,0.,0.));
#10874=DIRECTION($,(-1.,0.,0.));
#10875=DIRECTION($,(-1.,0.,0.));
#10876=DIRECTION('center_axis',(0.,0.,-1.));
#10877=DIRECTION('ref_axis',(-1.,0.,0.));
#10878=DIRECTION($,(-1.,0.,0.));
#10879=DIRECTION('center_axis',(0.,-1.,0.));
#10880=DIRECTION('ref_axis',(-1.,0.,0.));
#10881=DIRECTION($,(-1.,0.,0.));
#10882=DIRECTION('center_axis',(0.,0.,1.));
#10883=DIRECTION('ref_axis',(1.,0.,0.));
#10884=DIRECTION('center_axis',(1.,0.,0.));
#10885=DIRECTION('ref_axis',(0.,0.,-1.));
#10886=DIRECTION($,(0.,1.,0.));
#10887=DIRECTION($,(0.,0.,1.));
#10888=DIRECTION($,(0.,-1.,0.));
#10889=DIRECTION($,(0.,0.,-1.));
#10890=DIRECTION('center_axis',(1.,0.,0.));
#10891=DIRECTION('ref_axis',(0.,0.,-1.));
#10892=DIRECTION($,(0.,-1.,0.));
#10893=DIRECTION($,(0.,0.,1.));
#10894=DIRECTION($,(0.,1.,0.));
#10895=DIRECTION($,(0.,0.,-1.));
#10896=DIRECTION('center_axis',(0.,1.,0.));
#10897=DIRECTION('ref_axis',(1.,0.,0.));
#10898=DIRECTION($,(-1.,0.,0.));
#10899=DIRECTION($,(-1.,0.,0.));
#10900=DIRECTION('center_axis',(0.,0.,-1.));
#10901=DIRECTION('ref_axis',(-1.,0.,0.));
#10902=DIRECTION($,(-1.,0.,0.));
#10903=DIRECTION('center_axis',(0.,-1.,0.));
#10904=DIRECTION('ref_axis',(-1.,0.,0.));
#10905=DIRECTION($,(-1.,0.,0.));
#10906=DIRECTION('center_axis',(0.,0.,1.));
#10907=DIRECTION('ref_axis',(1.,0.,0.));
#10908=DIRECTION('center_axis',(1.,0.,0.));
#10909=DIRECTION('ref_axis',(0.,0.,-1.));
#10910=DIRECTION($,(0.,1.,0.));
#10911=DIRECTION($,(0.,0.,1.));
#10912=DIRECTION($,(0.,-1.,0.));
#10913=DIRECTION($,(0.,0.,-1.));
#10914=DIRECTION('center_axis',(1.,0.,0.));
#10915=DIRECTION('ref_axis',(0.,0.,-1.));
#10916=DIRECTION($,(0.,-1.,0.));
#10917=DIRECTION($,(0.,0.,1.));
#10918=DIRECTION($,(0.,1.,0.));
#10919=DIRECTION($,(0.,0.,-1.));
#10920=DIRECTION('center_axis',(0.,1.,0.));
#10921=DIRECTION('ref_axis',(1.,0.,0.));
#10922=DIRECTION($,(-1.,0.,0.));
#10923=DIRECTION($,(-1.,0.,0.));
#10924=DIRECTION('center_axis',(0.,0.,-1.));
#10925=DIRECTION('ref_axis',(-1.,0.,0.));
#10926=DIRECTION($,(-1.,0.,0.));
#10927=DIRECTION('center_axis',(0.,-1.,0.));
#10928=DIRECTION('ref_axis',(-1.,0.,0.));
#10929=DIRECTION($,(-1.,0.,0.));
#10930=DIRECTION('center_axis',(0.,0.,1.));
#10931=DIRECTION('ref_axis',(1.,0.,0.));
#10932=DIRECTION('center_axis',(1.,0.,0.));
#10933=DIRECTION('ref_axis',(0.,0.,-1.));
#10934=DIRECTION($,(0.,1.,0.));
#10935=DIRECTION($,(0.,0.,1.));
#10936=DIRECTION($,(0.,-1.,0.));
#10937=DIRECTION($,(0.,0.,-1.));
#10938=DIRECTION('center_axis',(1.,0.,0.));
#10939=DIRECTION('ref_axis',(0.,0.,-1.));
#10940=DIRECTION($,(0.,-1.,0.));
#10941=DIRECTION($,(0.,0.,1.));
#10942=DIRECTION($,(0.,1.,0.));
#10943=DIRECTION($,(0.,0.,-1.));
#10944=DIRECTION('center_axis',(0.,1.,0.));
#10945=DIRECTION('ref_axis',(1.,0.,0.));
#10946=DIRECTION($,(-1.,0.,0.));
#10947=DIRECTION($,(-1.,0.,0.));
#10948=DIRECTION('center_axis',(0.,0.,-1.));
#10949=DIRECTION('ref_axis',(-1.,0.,0.));
#10950=DIRECTION($,(-1.,0.,0.));
#10951=DIRECTION('center_axis',(0.,-1.,0.));
#10952=DIRECTION('ref_axis',(-1.,0.,0.));
#10953=DIRECTION($,(-1.,0.,0.));
#10954=DIRECTION('center_axis',(0.,0.,1.));
#10955=DIRECTION('ref_axis',(1.,0.,0.));
#10956=DIRECTION('center_axis',(1.,0.,0.));
#10957=DIRECTION('ref_axis',(0.,0.,-1.));
#10958=DIRECTION($,(0.,1.,0.));
#10959=DIRECTION($,(0.,0.,1.));
#10960=DIRECTION($,(0.,-1.,0.));
#10961=DIRECTION($,(0.,0.,-1.));
#10962=DIRECTION('center_axis',(1.,0.,0.));
#10963=DIRECTION('ref_axis',(0.,0.,-1.));
#10964=DIRECTION($,(0.,-1.,0.));
#10965=DIRECTION($,(0.,0.,1.));
#10966=DIRECTION($,(0.,1.,0.));
#10967=DIRECTION($,(0.,0.,-1.));
#10968=DIRECTION('center_axis',(0.,1.,0.));
#10969=DIRECTION('ref_axis',(1.,0.,0.));
#10970=DIRECTION($,(-1.,0.,0.));
#10971=DIRECTION($,(-1.,0.,0.));
#10972=DIRECTION('center_axis',(0.,0.,-1.));
#10973=DIRECTION('ref_axis',(-1.,0.,0.));
#10974=DIRECTION($,(-1.,0.,0.));
#10975=DIRECTION('center_axis',(0.,-1.,0.));
#10976=DIRECTION('ref_axis',(-1.,0.,0.));
#10977=DIRECTION($,(-1.,0.,0.));
#10978=DIRECTION('center_axis',(0.,0.,1.));
#10979=DIRECTION('ref_axis',(1.,0.,0.));
#10980=DIRECTION('center_axis',(1.,0.,0.));
#10981=DIRECTION('ref_axis',(0.,0.,-1.));
#10982=DIRECTION($,(0.,1.,0.));
#10983=DIRECTION($,(0.,0.,1.));
#10984=DIRECTION($,(0.,-1.,0.));
#10985=DIRECTION($,(0.,0.,-1.));
#10986=DIRECTION('center_axis',(1.,0.,0.));
#10987=DIRECTION('ref_axis',(0.,0.,-1.));
#10988=DIRECTION($,(0.,-1.,0.));
#10989=DIRECTION($,(0.,0.,1.));
#10990=DIRECTION($,(0.,1.,0.));
#10991=DIRECTION($,(0.,0.,-1.));
#10992=DIRECTION('center_axis',(0.,1.,0.));
#10993=DIRECTION('ref_axis',(1.,0.,0.));
#10994=DIRECTION($,(-1.,0.,0.));
#10995=DIRECTION($,(-1.,0.,0.));
#10996=DIRECTION('center_axis',(0.,0.,-1.));
#10997=DIRECTION('ref_axis',(-1.,0.,0.));
#10998=DIRECTION($,(-1.,0.,0.));
#10999=DIRECTION('center_axis',(0.,-1.,0.));
#11000=DIRECTION('ref_axis',(-1.,0.,0.));
#11001=DIRECTION($,(-1.,0.,0.));
#11002=DIRECTION('center_axis',(0.,0.,1.));
#11003=DIRECTION('ref_axis',(1.,0.,0.));
#11004=DIRECTION('center_axis',(1.,0.,0.));
#11005=DIRECTION('ref_axis',(0.,0.,-1.));
#11006=DIRECTION($,(0.,1.,0.));
#11007=DIRECTION($,(0.,0.,1.));
#11008=DIRECTION($,(0.,-1.,0.));
#11009=DIRECTION($,(0.,0.,-1.));
#11010=DIRECTION('center_axis',(1.,0.,0.));
#11011=DIRECTION('ref_axis',(0.,0.,-1.));
#11012=DIRECTION($,(0.,-1.,0.));
#11013=DIRECTION($,(0.,0.,1.));
#11014=DIRECTION($,(0.,1.,0.));
#11015=DIRECTION($,(0.,0.,-1.));
#11016=DIRECTION('center_axis',(0.,1.,0.));
#11017=DIRECTION('ref_axis',(1.,0.,0.));
#11018=DIRECTION($,(-1.,0.,0.));
#11019=DIRECTION($,(-1.,0.,0.));
#11020=DIRECTION('center_axis',(0.,0.,-1.));
#11021=DIRECTION('ref_axis',(-1.,0.,0.));
#11022=DIRECTION($,(-1.,0.,0.));
#11023=DIRECTION('center_axis',(0.,-1.,0.));
#11024=DIRECTION('ref_axis',(-1.,0.,0.));
#11025=DIRECTION($,(-1.,0.,0.));
#11026=DIRECTION('center_axis',(0.,0.,1.));
#11027=DIRECTION('ref_axis',(1.,0.,0.));
#11028=DIRECTION('center_axis',(1.,0.,0.));
#11029=DIRECTION('ref_axis',(0.,0.,-1.));
#11030=DIRECTION($,(0.,1.,0.));
#11031=DIRECTION($,(0.,0.,1.));
#11032=DIRECTION($,(0.,-1.,0.));
#11033=DIRECTION($,(0.,0.,-1.));
#11034=DIRECTION('center_axis',(1.,0.,0.));
#11035=DIRECTION('ref_axis',(0.,0.,-1.));
#11036=DIRECTION($,(0.,-1.,0.));
#11037=DIRECTION($,(0.,0.,1.));
#11038=DIRECTION($,(0.,1.,0.));
#11039=DIRECTION($,(0.,0.,-1.));
#11040=DIRECTION('center_axis',(0.,1.,0.));
#11041=DIRECTION('ref_axis',(1.,0.,0.));
#11042=DIRECTION($,(-1.,0.,0.));
#11043=DIRECTION($,(-1.,0.,0.));
#11044=DIRECTION('center_axis',(0.,0.,-1.));
#11045=DIRECTION('ref_axis',(-1.,0.,0.));
#11046=DIRECTION($,(-1.,0.,0.));
#11047=DIRECTION('center_axis',(0.,-1.,0.));
#11048=DIRECTION('ref_axis',(-1.,0.,0.));
#11049=DIRECTION($,(-1.,0.,0.));
#11050=DIRECTION('center_axis',(0.,0.,1.));
#11051=DIRECTION('ref_axis',(1.,0.,0.));
#11052=DIRECTION('center_axis',(1.,0.,0.));
#11053=DIRECTION('ref_axis',(0.,0.,-1.));
#11054=DIRECTION($,(0.,1.,0.));
#11055=DIRECTION($,(0.,0.,1.));
#11056=DIRECTION($,(0.,-1.,0.));
#11057=DIRECTION($,(0.,0.,-1.));
#11058=DIRECTION('center_axis',(1.,0.,0.));
#11059=DIRECTION('ref_axis',(0.,0.,-1.));
#11060=DIRECTION($,(0.,-1.,0.));
#11061=DIRECTION($,(0.,0.,1.));
#11062=DIRECTION($,(0.,1.,0.));
#11063=DIRECTION($,(0.,0.,-1.));
#11064=DIRECTION('center_axis',(0.,1.,0.));
#11065=DIRECTION('ref_axis',(1.,0.,0.));
#11066=DIRECTION($,(-1.,0.,0.));
#11067=DIRECTION($,(-1.,0.,0.));
#11068=DIRECTION('center_axis',(0.,0.,-1.));
#11069=DIRECTION('ref_axis',(-1.,0.,0.));
#11070=DIRECTION($,(-1.,0.,0.));
#11071=DIRECTION('center_axis',(0.,-1.,0.));
#11072=DIRECTION('ref_axis',(-1.,0.,0.));
#11073=DIRECTION($,(-1.,0.,0.));
#11074=DIRECTION('center_axis',(0.,0.,1.));
#11075=DIRECTION('ref_axis',(1.,0.,0.));
#11076=DIRECTION('center_axis',(1.,0.,0.));
#11077=DIRECTION('ref_axis',(0.,0.,-1.));
#11078=DIRECTION($,(0.,1.,0.));
#11079=DIRECTION($,(0.,0.,1.));
#11080=DIRECTION($,(0.,-1.,0.));
#11081=DIRECTION($,(0.,0.,-1.));
#11082=DIRECTION('center_axis',(1.,0.,0.));
#11083=DIRECTION('ref_axis',(0.,0.,-1.));
#11084=DIRECTION($,(0.,-1.,0.));
#11085=DIRECTION($,(0.,0.,1.));
#11086=DIRECTION($,(0.,1.,0.));
#11087=DIRECTION($,(0.,0.,-1.));
#11088=DIRECTION('center_axis',(0.,1.,0.));
#11089=DIRECTION('ref_axis',(1.,0.,0.));
#11090=DIRECTION($,(-1.,0.,0.));
#11091=DIRECTION($,(-1.,0.,0.));
#11092=DIRECTION('center_axis',(0.,0.,-1.));
#11093=DIRECTION('ref_axis',(-1.,0.,0.));
#11094=DIRECTION($,(-1.,0.,0.));
#11095=DIRECTION('center_axis',(0.,-1.,0.));
#11096=DIRECTION('ref_axis',(-1.,0.,0.));
#11097=DIRECTION($,(-1.,0.,0.));
#11098=DIRECTION('center_axis',(0.,0.,1.));
#11099=DIRECTION('ref_axis',(1.,0.,0.));
#11100=DIRECTION('center_axis',(1.,0.,0.));
#11101=DIRECTION('ref_axis',(0.,0.,-1.));
#11102=DIRECTION($,(0.,1.,0.));
#11103=DIRECTION($,(0.,0.,1.));
#11104=DIRECTION($,(0.,-1.,0.));
#11105=DIRECTION($,(0.,0.,-1.));
#11106=DIRECTION('center_axis',(1.,0.,0.));
#11107=DIRECTION('ref_axis',(0.,0.,-1.));
#11108=DIRECTION($,(0.,-1.,0.));
#11109=DIRECTION($,(0.,0.,1.));
#11110=DIRECTION($,(0.,1.,0.));
#11111=DIRECTION($,(0.,0.,-1.));
#11112=DIRECTION('center_axis',(0.,1.,0.));
#11113=DIRECTION('ref_axis',(1.,0.,0.));
#11114=DIRECTION($,(-1.,0.,0.));
#11115=DIRECTION($,(-1.,0.,0.));
#11116=DIRECTION('center_axis',(0.,0.,-1.));
#11117=DIRECTION('ref_axis',(-1.,0.,0.));
#11118=DIRECTION($,(-1.,0.,0.));
#11119=DIRECTION('center_axis',(0.,-1.,0.));
#11120=DIRECTION('ref_axis',(-1.,0.,0.));
#11121=DIRECTION($,(-1.,0.,0.));
#11122=DIRECTION('center_axis',(0.,0.,1.));
#11123=DIRECTION('ref_axis',(1.,0.,0.));
#11124=DIRECTION('center_axis',(1.,0.,0.));
#11125=DIRECTION('ref_axis',(0.,0.,-1.));
#11126=DIRECTION($,(0.,1.,0.));
#11127=DIRECTION($,(0.,0.,1.));
#11128=DIRECTION($,(0.,-1.,0.));
#11129=DIRECTION($,(0.,0.,-1.));
#11130=DIRECTION('center_axis',(1.,0.,0.));
#11131=DIRECTION('ref_axis',(0.,0.,-1.));
#11132=DIRECTION($,(0.,-1.,0.));
#11133=DIRECTION($,(0.,0.,1.));
#11134=DIRECTION($,(0.,1.,0.));
#11135=DIRECTION($,(0.,0.,-1.));
#11136=DIRECTION('center_axis',(0.,1.,0.));
#11137=DIRECTION('ref_axis',(1.,0.,0.));
#11138=DIRECTION($,(-1.,0.,0.));
#11139=DIRECTION($,(-1.,0.,0.));
#11140=DIRECTION('center_axis',(0.,0.,-1.));
#11141=DIRECTION('ref_axis',(-1.,0.,0.));
#11142=DIRECTION($,(-1.,0.,0.));
#11143=DIRECTION('center_axis',(0.,-1.,0.));
#11144=DIRECTION('ref_axis',(-1.,0.,0.));
#11145=DIRECTION($,(-1.,0.,0.));
#11146=DIRECTION('center_axis',(0.,0.,1.));
#11147=DIRECTION('ref_axis',(1.,0.,0.));
#11148=DIRECTION('center_axis',(1.,0.,0.));
#11149=DIRECTION('ref_axis',(0.,0.,-1.));
#11150=DIRECTION($,(0.,1.,0.));
#11151=DIRECTION($,(0.,0.,1.));
#11152=DIRECTION($,(0.,-1.,0.));
#11153=DIRECTION($,(0.,0.,-1.));
#11154=DIRECTION('center_axis',(1.,0.,0.));
#11155=DIRECTION('ref_axis',(0.,0.,-1.));
#11156=DIRECTION($,(0.,-1.,0.));
#11157=DIRECTION($,(0.,0.,1.));
#11158=DIRECTION($,(0.,1.,0.));
#11159=DIRECTION($,(0.,0.,-1.));
#11160=DIRECTION('center_axis',(0.,1.,0.));
#11161=DIRECTION('ref_axis',(1.,0.,0.));
#11162=DIRECTION($,(-1.,0.,0.));
#11163=DIRECTION($,(-1.,0.,0.));
#11164=DIRECTION('center_axis',(0.,0.,-1.));
#11165=DIRECTION('ref_axis',(-1.,0.,0.));
#11166=DIRECTION($,(-1.,0.,0.));
#11167=DIRECTION('center_axis',(0.,-1.,0.));
#11168=DIRECTION('ref_axis',(-1.,0.,0.));
#11169=DIRECTION($,(-1.,0.,0.));
#11170=DIRECTION('center_axis',(0.,0.,1.));
#11171=DIRECTION('ref_axis',(1.,0.,0.));
#11172=DIRECTION('center_axis',(0.,0.,1.));
#11173=DIRECTION('ref_axis',(1.,0.,0.));
#11174=DIRECTION('center_axis',(0.,0.,-1.));
#11175=DIRECTION('ref_axis',(1.,0.,0.));
#11176=DIRECTION('center_axis',(0.,0.,1.));
#11177=DIRECTION('ref_axis',(1.,0.,0.));
#11178=DIRECTION('center_axis',(0.,0.,-1.));
#11179=DIRECTION('ref_axis',(-1.,0.,0.));
#11180=DIRECTION('center_axis',(0.,0.,1.));
#11181=DIRECTION('ref_axis',(1.,0.,0.));
#11182=DIRECTION('center_axis',(0.,0.,1.));
#11183=DIRECTION('ref_axis',(1.,0.,0.));
#11184=DIRECTION('center_axis',(0.,0.,-1.));
#11185=DIRECTION('ref_axis',(1.,0.,0.));
#11186=DIRECTION('center_axis',(0.,0.,1.));
#11187=DIRECTION('ref_axis',(1.,0.,0.));
#11188=DIRECTION('center_axis',(0.,0.,-1.));
#11189=DIRECTION('ref_axis',(-1.,0.,0.));
#11190=DIRECTION('center_axis',(0.,0.,1.));
#11191=DIRECTION('ref_axis',(1.,0.,0.));
#11192=DIRECTION('center_axis',(0.,0.,1.));
#11193=DIRECTION('ref_axis',(1.,0.,0.));
#11194=DIRECTION($,(0.,-1.,0.));
#11195=DIRECTION($,(-1.,0.,0.));
#11196=DIRECTION($,(0.,1.,0.));
#11197=DIRECTION($,(1.,0.,0.));
#11198=DIRECTION('center_axis',(1.,0.,0.));
#11199=DIRECTION('ref_axis',(0.,0.,-1.));
#11200=DIRECTION($,(0.,0.,1.));
#11201=DIRECTION($,(0.,1.,0.));
#11202=DIRECTION($,(0.,0.,1.));
#11203=DIRECTION('center_axis',(0.,1.,0.));
#11204=DIRECTION('ref_axis',(0.,0.,1.));
#11205=DIRECTION($,(0.,0.,1.));
#11206=DIRECTION($,(-1.,0.,0.));
#11207=DIRECTION('center_axis',(-1.,0.,0.));
#11208=DIRECTION('ref_axis',(0.,0.,1.));
#11209=DIRECTION($,(0.,0.,1.));
#11210=DIRECTION($,(0.,-1.,0.));
#11211=DIRECTION('center_axis',(0.,-1.,0.));
#11212=DIRECTION('ref_axis',(0.,0.,-1.));
#11213=DIRECTION($,(1.,0.,0.));
#11214=DIRECTION('center_axis',(0.,0.,1.));
#11215=DIRECTION('ref_axis',(1.,0.,0.));
#11216=DIRECTION('center_axis',(0.,-1.,0.));
#11217=DIRECTION('ref_axis',(0.,0.,-1.));
#11218=DIRECTION($,(0.,0.,-1.));
#11219=DIRECTION($,(-1.,0.,0.));
#11220=DIRECTION($,(0.,0.,1.));
#11221=DIRECTION($,(1.,0.,0.));
#11222=DIRECTION('center_axis',(2.22044604925031E-016,-1.,0.));
#11223=DIRECTION('ref_axis',(1.,0.,0.));
#11224=DIRECTION($,(1.,2.22044604925031E-016,0.));
#11225=DIRECTION($,(0.,0.,1.));
#11226=DIRECTION($,(1.,2.22044604925031E-016,0.));
#11227=DIRECTION($,(0.,0.,-1.));
#11228=DIRECTION('center_axis',(1.,0.,0.));
#11229=DIRECTION('ref_axis',(0.,1.,0.));
#11230=DIRECTION($,(0.,1.,0.));
#11231=DIRECTION($,(0.,0.,1.));
#11232=DIRECTION($,(0.,1.,0.));
#11233=DIRECTION('center_axis',(-1.,0.,0.));
#11234=DIRECTION('ref_axis',(0.,-1.,0.));
#11235=DIRECTION($,(0.,1.,0.));
#11236=DIRECTION($,(0.,0.,-1.));
#11237=DIRECTION($,(0.,1.,0.));
#11238=DIRECTION($,(0.,0.,1.));
#11239=DIRECTION('center_axis',(0.,-1.,0.));
#11240=DIRECTION('ref_axis',(1.,0.,0.));
#11241=DIRECTION($,(-1.,0.,0.));
#11242=DIRECTION($,(0.,0.,-1.));
#11243=DIRECTION($,(1.,0.,0.));
#11244=DIRECTION('center_axis',(0.,0.,1.));
#11245=DIRECTION('ref_axis',(0.,-1.,0.));
#11246=DIRECTION($,(0.,1.,0.));
#11247=DIRECTION($,(-1.,0.,0.));
#11248=DIRECTION($,(0.,1.,0.));
#11249=DIRECTION($,(-1.,0.,0.));
#11250=DIRECTION('center_axis',(1.,0.,0.));
#11251=DIRECTION('ref_axis',(0.,1.,0.));
#11252=DIRECTION($,(0.,1.,0.));
#11253=DIRECTION($,(0.,0.,1.));
#11254=DIRECTION('center_axis',(0.,0.,-1.));
#11255=DIRECTION('ref_axis',(0.,1.,0.));
#11256=DIRECTION($,(0.,1.,0.));
#11257=DIRECTION($,(1.,0.,0.));
#11258=DIRECTION($,(1.,0.,0.));
#11259=DIRECTION('center_axis',(-1.,0.,0.));
#11260=DIRECTION('ref_axis',(0.,-1.,0.));
#11261=DIRECTION($,(0.,0.,-1.));
#11262=DIRECTION('center_axis',(0.,1.,0.));
#11263=DIRECTION('ref_axis',(0.,0.,-1.));
#11264=DIRECTION($,(1.,0.,0.));
#11265=DIRECTION($,(0.,0.,1.));
#11266=DIRECTION($,(-1.,0.,0.));
#11267=DIRECTION($,(0.,0.,-1.));
#11268=DIRECTION('center_axis',(-1.,0.,0.));
#11269=DIRECTION('ref_axis',(0.,0.,1.));
#11270=DIRECTION($,(0.,-1.,0.));
#11271=DIRECTION($,(0.,-1.,0.));
#11272=DIRECTION('center_axis',(0.,0.,-1.));
#11273=DIRECTION('ref_axis',(0.,-1.,0.));
#11274=DIRECTION($,(0.,-1.,0.));
#11275=DIRECTION('center_axis',(1.,0.,0.));
#11276=DIRECTION('ref_axis',(0.,0.,-1.));
#11277=DIRECTION($,(0.,-1.,0.));
#11278=DIRECTION('center_axis',(0.,0.,1.));
#11279=DIRECTION('ref_axis',(0.,1.,0.));
#11280=DIRECTION('center_axis',(0.,1.,2.44929359829471E-016));
#11281=DIRECTION('ref_axis',(0.,0.,1.));
#11282=DIRECTION($,(-1.,0.,0.));
#11283=DIRECTION($,(0.,2.44929359829471E-016,-1.));
#11284=DIRECTION($,(-1.,0.,0.));
#11285=DIRECTION($,(0.,2.44929359829471E-016,-1.));
#11286=DIRECTION('center_axis',(-1.,0.,0.));
#11287=DIRECTION('ref_axis',(0.,0.,1.));
#11288=DIRECTION($,(0.,-1.,-1.22464679914735E-016));
#11289=DIRECTION($,(0.,2.44929359829471E-016,-1.));
#11290=DIRECTION($,(0.,-1.,-1.22464679914735E-016));
#11291=DIRECTION('center_axis',(0.,-1.,-2.44929359829471E-016));
#11292=DIRECTION('ref_axis',(0.,0.,-1.));
#11293=DIRECTION($,(1.,0.,0.));
#11294=DIRECTION($,(0.,-2.44929359829471E-016,1.));
#11295=DIRECTION($,(1.,0.,0.));
#11296=DIRECTION('center_axis',(0.,-1.22464679914735E-016,1.));
#11297=DIRECTION('ref_axis',(1.,0.,0.));
#11298=DIRECTION($,(0.,1.,1.22464679914735E-016));
#11299=DIRECTION($,(1.,0.,0.));
#11300=DIRECTION($,(0.,-1.,-1.22464679914735E-016));
#11301=DIRECTION($,(-1.,0.,0.));
#11302=DIRECTION($,(0.,1.,1.22464679914735E-016));
#11303=DIRECTION($,(-1.,0.,0.));
#11304=DIRECTION($,(0.,-1.,-1.22464679914735E-016));
#11305=DIRECTION($,(1.,0.,0.));
#11306=DIRECTION($,(0.,1.,1.22464679914735E-016));
#11307=DIRECTION($,(-1.,0.,0.));
#11308=DIRECTION($,(0.,-1.,-1.22464679914735E-016));
#11309=DIRECTION($,(1.,0.,0.));
#11310=DIRECTION($,(0.,1.,1.22464679914735E-016));
#11311=DIRECTION($,(-1.,0.,0.));
#11312=DIRECTION($,(0.,-1.,-1.22464679914735E-016));
#11313=DIRECTION($,(1.,0.,0.));
#11314=DIRECTION($,(0.,1.,1.22464679914735E-016));
#11315=DIRECTION($,(-1.,0.,0.));
#11316=DIRECTION($,(0.,-1.,-1.22464679914735E-016));
#11317=DIRECTION($,(1.,0.,0.));
#11318=DIRECTION($,(0.,1.,1.22464679914735E-016));
#11319=DIRECTION('center_axis',(1.,0.,0.));
#11320=DIRECTION('ref_axis',(0.,0.,-1.));
#11321=DIRECTION($,(0.,1.,1.22464679914735E-016));
#11322=DIRECTION($,(0.,-1.22464679914735E-016,1.));
#11323=DIRECTION('center_axis',(1.,0.,0.));
#11324=DIRECTION('ref_axis',(0.,0.,-1.));
#11325=DIRECTION($,(0.,-1.22464679914735E-016,1.));
#11326=DIRECTION($,(0.,1.,1.22464679914735E-016));
#11327=DIRECTION('center_axis',(0.,-1.,-1.22464679914735E-016));
#11328=DIRECTION('ref_axis',(0.,0.,-1.));
#11329=DIRECTION($,(0.,1.22464679914735E-016,-1.));
#11330=DIRECTION($,(1.,0.,0.));
#11331=DIRECTION($,(0.,1.22464679914735E-016,-1.));
#11332=DIRECTION('center_axis',(-1.,0.,0.));
#11333=DIRECTION('ref_axis',(0.,0.,1.));
#11334=DIRECTION($,(0.,1.22464679914735E-016,-1.));
#11335=DIRECTION($,(0.,-1.,-1.22464679914735E-016));
#11336=DIRECTION('center_axis',(1.,0.,0.));
#11337=DIRECTION('ref_axis',(0.,0.,-1.));
#11338=DIRECTION($,(0.,1.,1.22464679914735E-016));
#11339=DIRECTION($,(0.,1.22464679914735E-016,-1.));
#11340=DIRECTION('center_axis',(1.,0.,0.));
#11341=DIRECTION('ref_axis',(0.,0.,-1.));
#11342=DIRECTION($,(0.,1.,1.22464679914735E-016));
#11343=DIRECTION($,(0.,1.22464679914735E-016,-1.));
#11344=DIRECTION($,(0.,-1.,-1.22464679914735E-016));
#11345=DIRECTION($,(0.,1.22464679914735E-016,-1.));
#11346=DIRECTION('center_axis',(0.,1.,1.22464679914735E-016));
#11347=DIRECTION('ref_axis',(0.,0.,1.));
#11348=DIRECTION($,(-1.,0.,0.));
#11349=DIRECTION('center_axis',(0.,1.,1.22464679914735E-016));
#11350=DIRECTION('ref_axis',(0.,0.,1.));
#11351=DIRECTION($,(-1.,0.,0.));
#11352=DIRECTION($,(0.,1.22464679914735E-016,-1.));
#11353=DIRECTION($,(1.,0.,0.));
#11354=DIRECTION('center_axis',(0.,-1.22464679914735E-016,1.));
#11355=DIRECTION('ref_axis',(1.,0.,0.));
#11356=DIRECTION('center_axis',(0.,-1.,-1.22464679914735E-016));
#11357=DIRECTION('ref_axis',(0.,0.,-1.));
#11358=DIRECTION($,(1.,0.,0.));
#11359=DIRECTION($,(-1.,0.,0.));
#11360=DIRECTION($,(0.,1.22464679914735E-016,-1.));
#11361=DIRECTION('center_axis',(-1.,0.,0.));
#11362=DIRECTION('ref_axis',(0.,0.,1.));
#11363=DIRECTION($,(0.,-1.,-1.22464679914735E-016));
#11364=DIRECTION($,(0.,1.,1.22464679914735E-016));
#11365=DIRECTION('center_axis',(0.,-1.,-1.22464679914735E-016));
#11366=DIRECTION('ref_axis',(0.,0.,-1.));
#11367=DIRECTION($,(0.,1.22464679914735E-016,-1.));
#11368=DIRECTION($,(1.,0.,0.));
#11369=DIRECTION($,(0.,1.22464679914735E-016,-1.));
#11370=DIRECTION('center_axis',(-1.,0.,0.));
#11371=DIRECTION('ref_axis',(0.,0.,1.));
#11372=DIRECTION($,(0.,1.22464679914735E-016,-1.));
#11373=DIRECTION($,(0.,-1.,-1.22464679914735E-016));
#11374=DIRECTION('center_axis',(1.,0.,0.));
#11375=DIRECTION('ref_axis',(0.,0.,-1.));
#11376=DIRECTION($,(0.,1.,1.22464679914735E-016));
#11377=DIRECTION($,(0.,1.22464679914735E-016,-1.));
#11378=DIRECTION('center_axis',(1.,0.,0.));
#11379=DIRECTION('ref_axis',(0.,0.,-1.));
#11380=DIRECTION($,(0.,1.,1.22464679914735E-016));
#11381=DIRECTION($,(0.,1.22464679914735E-016,-1.));
#11382=DIRECTION($,(0.,-1.,-1.22464679914735E-016));
#11383=DIRECTION($,(0.,1.22464679914735E-016,-1.));
#11384=DIRECTION('center_axis',(0.,1.,1.22464679914735E-016));
#11385=DIRECTION('ref_axis',(0.,0.,1.));
#11386=DIRECTION($,(-1.,0.,0.));
#11387=DIRECTION('center_axis',(0.,1.,1.22464679914735E-016));
#11388=DIRECTION('ref_axis',(0.,0.,1.));
#11389=DIRECTION($,(-1.,0.,0.));
#11390=DIRECTION($,(0.,1.22464679914735E-016,-1.));
#11391=DIRECTION($,(1.,0.,0.));
#11392=DIRECTION('center_axis',(0.,-1.22464679914735E-016,1.));
#11393=DIRECTION('ref_axis',(1.,0.,0.));
#11394=DIRECTION('center_axis',(0.,-1.,-1.22464679914735E-016));
#11395=DIRECTION('ref_axis',(0.,0.,-1.));
#11396=DIRECTION($,(1.,0.,0.));
#11397=DIRECTION($,(-1.,0.,0.));
#11398=DIRECTION($,(0.,1.22464679914735E-016,-1.));
#11399=DIRECTION('center_axis',(-1.,0.,0.));
#11400=DIRECTION('ref_axis',(0.,0.,1.));
#11401=DIRECTION($,(0.,-1.,-1.22464679914735E-016));
#11402=DIRECTION($,(0.,1.,1.22464679914735E-016));
#11403=DIRECTION('center_axis',(0.,-1.,-1.22464679914735E-016));
#11404=DIRECTION('ref_axis',(0.,0.,-1.));
#11405=DIRECTION($,(0.,1.22464679914735E-016,-1.));
#11406=DIRECTION($,(1.,0.,0.));
#11407=DIRECTION($,(0.,1.22464679914735E-016,-1.));
#11408=DIRECTION('center_axis',(-1.,0.,0.));
#11409=DIRECTION('ref_axis',(0.,0.,1.));
#11410=DIRECTION($,(0.,1.22464679914735E-016,-1.));
#11411=DIRECTION($,(0.,-1.,-1.22464679914735E-016));
#11412=DIRECTION('center_axis',(1.,0.,0.));
#11413=DIRECTION('ref_axis',(0.,0.,-1.));
#11414=DIRECTION($,(0.,1.,1.22464679914735E-016));
#11415=DIRECTION($,(0.,1.22464679914735E-016,-1.));
#11416=DIRECTION('center_axis',(1.,0.,0.));
#11417=DIRECTION('ref_axis',(0.,0.,-1.));
#11418=DIRECTION($,(0.,1.,1.22464679914735E-016));
#11419=DIRECTION($,(0.,1.22464679914735E-016,-1.));
#11420=DIRECTION($,(0.,-1.,-1.22464679914735E-016));
#11421=DIRECTION($,(0.,1.22464679914735E-016,-1.));
#11422=DIRECTION('center_axis',(0.,1.,1.22464679914735E-016));
#11423=DIRECTION('ref_axis',(0.,0.,1.));
#11424=DIRECTION($,(-1.,0.,0.));
#11425=DIRECTION('center_axis',(0.,1.,1.22464679914735E-016));
#11426=DIRECTION('ref_axis',(0.,0.,1.));
#11427=DIRECTION($,(-1.,0.,0.));
#11428=DIRECTION($,(0.,1.22464679914735E-016,-1.));
#11429=DIRECTION($,(1.,0.,0.));
#11430=DIRECTION('center_axis',(0.,-1.22464679914735E-016,1.));
#11431=DIRECTION('ref_axis',(1.,0.,0.));
#11432=DIRECTION('center_axis',(0.,-1.,-1.22464679914735E-016));
#11433=DIRECTION('ref_axis',(0.,0.,-1.));
#11434=DIRECTION($,(1.,0.,0.));
#11435=DIRECTION($,(-1.,0.,0.));
#11436=DIRECTION($,(0.,1.22464679914735E-016,-1.));
#11437=DIRECTION('center_axis',(-1.,0.,0.));
#11438=DIRECTION('ref_axis',(0.,0.,1.));
#11439=DIRECTION($,(0.,-1.,-1.22464679914735E-016));
#11440=DIRECTION($,(0.,1.,1.22464679914735E-016));
#11441=DIRECTION('center_axis',(0.,-1.,-1.22464679914735E-016));
#11442=DIRECTION('ref_axis',(0.,0.,-1.));
#11443=DIRECTION($,(0.,1.22464679914735E-016,-1.));
#11444=DIRECTION($,(1.,0.,0.));
#11445=DIRECTION($,(0.,1.22464679914735E-016,-1.));
#11446=DIRECTION('center_axis',(-1.,0.,0.));
#11447=DIRECTION('ref_axis',(0.,0.,1.));
#11448=DIRECTION($,(0.,1.22464679914735E-016,-1.));
#11449=DIRECTION($,(0.,-1.,-1.22464679914735E-016));
#11450=DIRECTION('center_axis',(1.,0.,0.));
#11451=DIRECTION('ref_axis',(0.,0.,-1.));
#11452=DIRECTION($,(0.,1.,1.22464679914735E-016));
#11453=DIRECTION($,(0.,1.22464679914735E-016,-1.));
#11454=DIRECTION('center_axis',(1.,0.,0.));
#11455=DIRECTION('ref_axis',(0.,0.,-1.));
#11456=DIRECTION($,(0.,1.,1.22464679914735E-016));
#11457=DIRECTION($,(0.,1.22464679914735E-016,-1.));
#11458=DIRECTION($,(0.,-1.,-1.22464679914735E-016));
#11459=DIRECTION($,(0.,1.22464679914735E-016,-1.));
#11460=DIRECTION('center_axis',(0.,1.,1.22464679914735E-016));
#11461=DIRECTION('ref_axis',(0.,0.,1.));
#11462=DIRECTION($,(-1.,0.,0.));
#11463=DIRECTION('center_axis',(0.,1.,1.22464679914735E-016));
#11464=DIRECTION('ref_axis',(0.,0.,1.));
#11465=DIRECTION($,(-1.,0.,0.));
#11466=DIRECTION($,(0.,1.22464679914735E-016,-1.));
#11467=DIRECTION($,(1.,0.,0.));
#11468=DIRECTION('center_axis',(0.,-1.22464679914735E-016,1.));
#11469=DIRECTION('ref_axis',(1.,0.,0.));
#11470=DIRECTION('center_axis',(0.,-1.,-1.22464679914735E-016));
#11471=DIRECTION('ref_axis',(0.,0.,-1.));
#11472=DIRECTION($,(1.,0.,0.));
#11473=DIRECTION($,(-1.,0.,0.));
#11474=DIRECTION($,(0.,1.22464679914735E-016,-1.));
#11475=DIRECTION('center_axis',(-1.,0.,0.));
#11476=DIRECTION('ref_axis',(0.,0.,1.));
#11477=DIRECTION($,(0.,-1.,-1.22464679914735E-016));
#11478=DIRECTION($,(0.,1.,1.22464679914735E-016));
#11479=DIRECTION('center_axis',(0.,-1.,-1.22464679914735E-016));
#11480=DIRECTION('ref_axis',(0.,0.,-1.));
#11481=DIRECTION($,(-1.,0.,0.));
#11482=DIRECTION($,(0.,-1.22464679914735E-016,1.));
#11483=DIRECTION($,(1.,0.,0.));
#11484=DIRECTION($,(0.,-1.22464679914735E-016,1.));
#11485=DIRECTION('center_axis',(-1.,0.,0.));
#11486=DIRECTION('ref_axis',(0.,0.,1.));
#11487=DIRECTION($,(0.,1.,1.22464679914735E-016));
#11488=DIRECTION($,(0.,-1.,-1.22464679914735E-016));
#11489=DIRECTION($,(0.,-1.22464679914735E-016,1.));
#11490=DIRECTION('center_axis',(0.,1.,1.22464679914735E-016));
#11491=DIRECTION('ref_axis',(0.,0.,1.));
#11492=DIRECTION($,(1.,0.,0.));
#11493=DIRECTION($,(-1.,0.,0.));
#11494=DIRECTION($,(0.,-1.22464679914735E-016,1.));
#11495=DIRECTION('center_axis',(1.,0.,0.));
#11496=DIRECTION('ref_axis',(0.,0.,-1.));
#11497=DIRECTION($,(0.,-1.,-1.22464679914735E-016));
#11498=DIRECTION($,(0.,1.,1.22464679914735E-016));
#11499=DIRECTION('center_axis',(0.,-1.22464679914735E-016,1.));
#11500=DIRECTION('ref_axis',(1.,0.,0.));
#11501=DIRECTION('center_axis',(0.,-1.22464679914735E-016,1.));
#11502=DIRECTION('ref_axis',(1.,0.,0.));
#11503=DIRECTION('center_axis',(0.,-1.,-1.22464679914735E-016));
#11504=DIRECTION('ref_axis',(0.,0.,-1.));
#11505=DIRECTION($,(1.,0.,0.));
#11506=DIRECTION($,(0.,-1.22464679914735E-016,1.));
#11507=DIRECTION('center_axis',(-1.,0.,0.));
#11508=DIRECTION('ref_axis',(0.,0.,1.));
#11509=DIRECTION($,(0.,-1.,-1.22464679914735E-016));
#11510=DIRECTION($,(0.,-1.22464679914735E-016,1.));
#11511=DIRECTION('center_axis',(0.,1.,1.22464679914735E-016));
#11512=DIRECTION('ref_axis',(0.,0.,1.));
#11513=DIRECTION($,(-1.,0.,0.));
#11514=DIRECTION('center_axis',(0.,-1.22464679914735E-016,1.));
#11515=DIRECTION('ref_axis',(1.,0.,0.));
#11516=DIRECTION('center_axis',(0.,0.,1.));
#11517=DIRECTION('ref_axis',(-0.104528463267653,-0.994521895368274,0.));
#11518=DIRECTION($,(0.104528463267653,0.994521895368273,0.));
#11519=DIRECTION($,(0.994521895368273,-0.104528463267653,0.));
#11520=DIRECTION($,(-0.104528463267653,-0.994521895368273,0.));
#11521=DIRECTION($,(-0.994521895368273,0.104528463267653,0.));
#11522=DIRECTION('center_axis',(0.,0.,1.));
#11523=DIRECTION('ref_axis',(-0.104528463267653,-0.994521895368274,0.));
#11524=DIRECTION($,(0.994521895368273,-0.104528463267653,0.));
#11525=DIRECTION($,(0.104528463267653,0.994521895368273,0.));
#11526=DIRECTION($,(-0.994521895368273,0.104528463267653,0.));
#11527=DIRECTION($,(-0.104528463267653,-0.994521895368273,0.));
#11528=DIRECTION('center_axis',(0.994521895368273,-0.104528463267653,0.));
#11529=DIRECTION('ref_axis',(0.,0.,1.));
#11530=DIRECTION($,(0.,0.,-1.));
#11531=DIRECTION($,(0.104528463267653,0.994521895368273,0.));
#11532=DIRECTION($,(0.,0.,-1.));
#11533=DIRECTION('center_axis',(-0.994521895368273,0.104528463267653,0.));
#11534=DIRECTION('ref_axis',(0.,0.,-1.));
#11535=DIRECTION($,(0.,0.,-1.));
#11536=DIRECTION($,(0.,0.,-1.));
#11537=DIRECTION('center_axis',(0.,0.,1.));
#11538=DIRECTION('ref_axis',(-0.104528463267653,-0.994521895368274,0.));
#11539=DIRECTION($,(-0.994521895368273,0.104528463267653,0.));
#11540=DIRECTION($,(-0.104528463267653,-0.994521895368273,0.));
#11541=DIRECTION($,(0.994521895368274,-0.104528463267653,0.));
#11542=DIRECTION('center_axis',(0.104528463267653,0.994521895368273,0.));
#11543=DIRECTION('ref_axis',(0.,0.,1.));
#11544=DIRECTION($,(0.994521895368273,-0.104528463267653,0.));
#11545=DIRECTION($,(0.,0.,-1.));
#11546=DIRECTION($,(-0.994521895368273,0.104528463267653,0.));
#11547=DIRECTION($,(0.,0.,-1.));
#11548=DIRECTION('center_axis',(0.994521895368273,-0.104528463267653,0.));
#11549=DIRECTION('ref_axis',(0.,0.,1.));
#11550=DIRECTION($,(-0.104528463267653,-0.994521895368273,0.));
#11551=DIRECTION($,(0.,0.,-1.));
#11552=DIRECTION($,(0.104528463267653,0.994521895368273,0.));
#11553=DIRECTION('center_axis',(0.,0.,1.));
#11554=DIRECTION('ref_axis',(-0.104528463267653,-0.994521895368274,0.));
#11555=DIRECTION($,(0.994521895368273,-0.104528463267653,0.));
#11556=DIRECTION($,(-0.104528463267653,-0.994521895368273,0.));
#11557=DIRECTION('center_axis',(-0.104528463267653,-0.994521895368273,0.));
#11558=DIRECTION('ref_axis',(0.,0.,-1.));
#11559=DIRECTION($,(-0.994521895368273,0.104528463267653,0.));
#11560=DIRECTION($,(0.,0.,-1.));
#11561=DIRECTION('center_axis',(-0.994521895368273,0.104528463267653,0.));
#11562=DIRECTION('ref_axis',(0.,0.,-1.));
#11563=DIRECTION($,(0.104528463267653,0.994521895368273,0.));
#11564=DIRECTION('center_axis',(0.104528463267653,0.994521895368273,0.));
#11565=DIRECTION('ref_axis',(0.,0.,1.));
#11566=DIRECTION($,(0.994521895368273,-0.104528463267653,0.));
#11567=DIRECTION($,(0.,0.,-1.));
#11568=DIRECTION($,(-0.994521895368273,0.104528463267653,0.));
#11569=DIRECTION($,(0.,0.,-1.));
#11570=DIRECTION('center_axis',(0.994521895368273,-0.104528463267653,0.));
#11571=DIRECTION('ref_axis',(0.,0.,1.));
#11572=DIRECTION($,(-0.104528463267653,-0.994521895368273,0.));
#11573=DIRECTION($,(0.,0.,-1.));
#11574=DIRECTION($,(0.104528463267653,0.994521895368273,0.));
#11575=DIRECTION('center_axis',(0.,0.,1.));
#11576=DIRECTION('ref_axis',(-0.104528463267653,-0.994521895368274,0.));
#11577=DIRECTION($,(0.994521895368273,-0.104528463267653,0.));
#11578=DIRECTION($,(-0.104528463267653,-0.994521895368273,0.));
#11579=DIRECTION('center_axis',(-0.104528463267653,-0.994521895368273,0.));
#11580=DIRECTION('ref_axis',(0.,0.,-1.));
#11581=DIRECTION($,(-0.994521895368273,0.104528463267653,0.));
#11582=DIRECTION($,(0.,0.,-1.));
#11583=DIRECTION('center_axis',(-0.994521895368273,0.104528463267653,0.));
#11584=DIRECTION('ref_axis',(0.,0.,-1.));
#11585=DIRECTION($,(0.104528463267653,0.994521895368273,0.));
#11586=DIRECTION('center_axis',(0.104528463267653,0.994521895368273,0.));
#11587=DIRECTION('ref_axis',(0.,0.,1.));
#11588=DIRECTION($,(0.994521895368273,-0.104528463267653,0.));
#11589=DIRECTION($,(0.,0.,-1.));
#11590=DIRECTION($,(-0.994521895368273,0.104528463267653,0.));
#11591=DIRECTION($,(0.,0.,-1.));
#11592=DIRECTION('center_axis',(0.994521895368273,-0.104528463267653,0.));
#11593=DIRECTION('ref_axis',(0.,0.,1.));
#11594=DIRECTION($,(-0.104528463267653,-0.994521895368273,0.));
#11595=DIRECTION($,(0.,0.,-1.));
#11596=DIRECTION($,(0.104528463267653,0.994521895368273,0.));
#11597=DIRECTION('center_axis',(0.,0.,1.));
#11598=DIRECTION('ref_axis',(-0.104528463267653,-0.994521895368274,0.));
#11599=DIRECTION($,(0.994521895368273,-0.104528463267653,0.));
#11600=DIRECTION($,(-0.104528463267653,-0.994521895368273,0.));
#11601=DIRECTION('center_axis',(-0.104528463267653,-0.994521895368273,0.));
#11602=DIRECTION('ref_axis',(0.,0.,-1.));
#11603=DIRECTION($,(-0.994521895368273,0.104528463267653,0.));
#11604=DIRECTION($,(0.,0.,-1.));
#11605=DIRECTION('center_axis',(-0.994521895368273,0.104528463267653,0.));
#11606=DIRECTION('ref_axis',(0.,0.,-1.));
#11607=DIRECTION($,(0.104528463267653,0.994521895368273,0.));
#11608=DIRECTION('center_axis',(0.,0.,1.));
#11609=DIRECTION('ref_axis',(-0.104528463267653,-0.994521895368274,0.));
#11610=DIRECTION($,(0.104528463267653,0.994521895368273,0.));
#11611=DIRECTION($,(0.994521895368273,-0.104528463267653,0.));
#11612=DIRECTION($,(-0.104528463267653,-0.994521895368273,0.));
#11613=DIRECTION($,(-0.994521895368273,0.104528463267653,0.));
#11614=DIRECTION($,(0.104528463267653,0.994521895368273,0.));
#11615=DIRECTION($,(-0.994521895368273,0.104528463267653,0.));
#11616=DIRECTION($,(-0.104528463267653,-0.994521895368273,0.));
#11617=DIRECTION($,(0.994521895368273,-0.104528463267653,0.));
#11618=DIRECTION('center_axis',(0.104528463267653,0.994521895368273,0.));
#11619=DIRECTION('ref_axis',(0.,0.,1.));
#11620=DIRECTION($,(0.,0.,1.));
#11621=DIRECTION($,(0.,0.,1.));
#11622=DIRECTION('center_axis',(0.994521895368273,-0.104528463267653,0.));
#11623=DIRECTION('ref_axis',(0.,0.,1.));
#11624=DIRECTION($,(0.,0.,1.));
#11625=DIRECTION('center_axis',(-0.104528463267653,-0.994521895368273,0.));
#11626=DIRECTION('ref_axis',(0.,0.,-1.));
#11627=DIRECTION($,(0.,0.,-1.));
#11628=DIRECTION('center_axis',(-0.994521895368273,0.104528463267653,0.));
#11629=DIRECTION('ref_axis',(0.,0.,-1.));
#11630=DIRECTION('center_axis',(-0.994521895368273,0.104528463267653,0.));
#11631=DIRECTION('ref_axis',(0.,0.,-1.));
#11632=DIRECTION($,(0.,0.,-1.));
#11633=DIRECTION($,(-0.104528463267653,-0.994521895368273,0.));
#11634=DIRECTION($,(0.,0.,-1.));
#11635=DIRECTION('center_axis',(0.104528463267653,0.994521895368273,0.));
#11636=DIRECTION('ref_axis',(0.,0.,1.));
#11637=DIRECTION($,(0.,0.,-1.));
#11638=DIRECTION($,(-0.994521895368273,0.104528463267653,0.));
#11639=DIRECTION('center_axis',(0.,0.,1.));
#11640=DIRECTION('ref_axis',(-0.104528463267653,-0.994521895368274,0.));
#11641=DIRECTION($,(0.104528463267653,0.994521895368273,0.));
#11642=DIRECTION($,(0.994521895368273,-0.104528463267653,0.));
#11643=DIRECTION('center_axis',(0.994521895368273,-0.104528463267653,0.));
#11644=DIRECTION('ref_axis',(0.,0.,1.));
#11645=DIRECTION($,(0.,0.,-1.));
#11646=DIRECTION('center_axis',(-0.104528463267653,-0.994521895368273,0.));
#11647=DIRECTION('ref_axis',(0.,0.,-1.));
#11648=DIRECTION('center_axis',(0.,0.,1.));
#11649=DIRECTION('ref_axis',(-0.241921895599668,-0.970295726275997,0.));
#11650=DIRECTION($,(0.970295726275996,-0.241921895599668,0.));
#11651=DIRECTION($,(0.241921895599668,0.970295726275997,0.));
#11652=DIRECTION($,(-0.970295726275996,0.241921895599668,0.));
#11653=DIRECTION($,(-0.241921895599668,-0.970295726275997,0.));
#11654=DIRECTION('center_axis',(0.,0.,1.));
#11655=DIRECTION('ref_axis',(-0.241921895599668,-0.970295726275997,0.));
#11656=DIRECTION($,(-0.970295726275996,0.241921895599668,0.));
#11657=DIRECTION($,(0.241921895599668,0.970295726275997,0.));
#11658=DIRECTION($,(0.970295726275996,-0.241921895599668,0.));
#11659=DIRECTION($,(-0.241921895599668,-0.970295726275997,0.));
#11660=DIRECTION('center_axis',(0.970295726275997,-0.241921895599668,0.));
#11661=DIRECTION('ref_axis',(0.,0.,1.));
#11662=DIRECTION($,(0.,0.,-1.));
#11663=DIRECTION($,(0.,0.,-1.));
#11664=DIRECTION('center_axis',(-0.241921895599668,-0.970295726275997,0.));
#11665=DIRECTION('ref_axis',(0.,0.,-1.));
#11666=DIRECTION($,(0.,0.,-1.));
#11667=DIRECTION('center_axis',(-0.970295726275997,0.241921895599668,0.));
#11668=DIRECTION('ref_axis',(0.,0.,-1.));
#11669=DIRECTION($,(0.,0.,-1.));
#11670=DIRECTION('center_axis',(0.241921895599668,0.970295726275997,0.));
#11671=DIRECTION('ref_axis',(0.,0.,1.));
#11672=DIRECTION('center_axis',(0.,0.,1.));
#11673=DIRECTION('ref_axis',(0.587785252292473,-0.809016994374947,0.));
#11674=DIRECTION($,(0.,0.,1.));
#11675=DIRECTION('center_axis',(-2.32748577175583E-017,6.11944442048638E-017,
1.));
#11676=DIRECTION('ref_axis',(0.587785252292473,-0.809016994374947,0.));
#11677=DIRECTION($,(0.,0.,-1.));
#11678=DIRECTION('center_axis',(0.,0.,1.));
#11679=DIRECTION('ref_axis',(0.587785252292473,-0.809016994374947,0.));
#11680=DIRECTION('center_axis',(0.,0.,-1.));
#11681=DIRECTION('ref_axis',(0.587785252292473,-0.809016994374947,0.));
#11682=DIRECTION('center_axis',(0.,0.,1.));
#11683=DIRECTION('ref_axis',(0.587785252292473,-0.809016994374947,0.));
#11684=DIRECTION($,(-0.194151766301206,-0.980971503990876,0.));
#11685=DIRECTION('center_axis',(0.980971503990876,-0.194151766301206,3.47129816105618E-017));
#11686=DIRECTION('ref_axis',(0.194151766301206,0.980971503990876,0.));
#11687=DIRECTION($,(-0.194151766301206,-0.980971503990876,5.55111512312578E-017));
#11688=DIRECTION($,(-2.32748577175583E-017,6.11944442048638E-017,1.));
#11689=DIRECTION($,(0.194151766301206,0.980971503990876,-5.55111512312578E-017));
#11690=DIRECTION($,(2.32748577175583E-017,-6.11944442048638E-017,-1.));
#11691=DIRECTION($,(-0.194151766301206,-0.980971503990876,5.55111512312578E-017));
#11692=DIRECTION('center_axis',(0.980971503990876,-0.194151766301206,3.47129816105618E-017));
#11693=DIRECTION('ref_axis',(0.194151766301206,0.980971503990876,0.));
#11694=DIRECTION($,(-2.32748577175583E-017,6.11944442048638E-017,1.));
#11695=DIRECTION($,(-0.194151766301206,-0.980971503990876,5.55111512312578E-017));
#11696=DIRECTION($,(2.32748577175583E-017,-6.11944442048638E-017,-1.));
#11697=DIRECTION($,(0.194151766301206,0.980971503990876,-5.55111512312578E-017));
#11698=DIRECTION('center_axis',(-2.32748577175583E-017,6.11944442048638E-017,
1.));
#11699=DIRECTION('ref_axis',(0.980971503990876,-0.194151766301206,0.));
#11700=DIRECTION($,(-0.980971503990876,0.194151766301206,-3.47129816105618E-017));
#11701=DIRECTION($,(-0.980971503990876,0.194151766301206,-3.47129816105618E-017));
#11702=DIRECTION('center_axis',(0.194151766301206,0.980971503990876,-5.55111512312578E-017));
#11703=DIRECTION('ref_axis',(-0.980971503990876,0.194151766301206,0.));
#11704=DIRECTION($,(-0.980971503990876,0.194151766301206,-3.47129816105618E-017));
#11705=DIRECTION('center_axis',(2.32748577175583E-017,-6.11944442048638E-017,
-1.));
#11706=DIRECTION('ref_axis',(-0.980971503990876,0.194151766301206,0.));
#11707=DIRECTION($,(-0.980971503990876,0.194151766301206,-3.47129816105618E-017));
#11708=DIRECTION('center_axis',(-0.194151766301206,-0.980971503990876,5.55111512312578E-017));
#11709=DIRECTION('ref_axis',(0.980971503990876,-0.194151766301206,0.));
#11710=DIRECTION('center_axis',(0.,0.,1.));
#11711=DIRECTION('ref_axis',(0.587785252292473,-0.809016994374947,0.));
#11712=DIRECTION('center_axis',(0.,0.,-1.));
#11713=DIRECTION('ref_axis',(0.587785252292473,-0.809016994374947,0.));
#11714=DIRECTION('center_axis',(0.,0.,1.));
#11715=DIRECTION('ref_axis',(0.587785252292473,-0.809016994374947,0.));
#11716=DIRECTION('center_axis',(0.,0.,-1.));
#11717=DIRECTION('ref_axis',(-0.587785252292474,0.809016994374947,0.));
#11718=DIRECTION('center_axis',(0.,0.,1.));
#11719=DIRECTION('ref_axis',(0.587785252292473,-0.809016994374947,0.));
#11720=DIRECTION('center_axis',(0.,0.,-1.));
#11721=DIRECTION('ref_axis',(0.970295726275997,-0.241921895599668,0.));
#11722=DIRECTION('center_axis',(0.,0.,1.));
#11723=DIRECTION('ref_axis',(0.970295726275996,-0.241921895599668,0.));
#11724=DIRECTION('center_axis',(0.,0.,1.));
#11725=DIRECTION('ref_axis',(-0.24192189559966,-0.970295726275998,0.));
#11726=DIRECTION('center_axis',(0.,0.,1.));
#11727=DIRECTION('ref_axis',(1.,0.,0.));
#11728=DIRECTION($,(0.,1.,0.));
#11729=DIRECTION($,(-1.,0.,0.));
#11730=DIRECTION($,(0.,-1.,0.));
#11731=DIRECTION($,(1.,0.,0.));
#11732=DIRECTION('center_axis',(0.,0.,1.));
#11733=DIRECTION('ref_axis',(1.,0.,0.));
#11734=DIRECTION($,(0.,-1.,0.));
#11735=DIRECTION($,(-1.,0.,0.));
#11736=DIRECTION($,(0.,1.,0.));
#11737=DIRECTION($,(1.,0.,0.));
#11738=DIRECTION('center_axis',(0.,1.,0.));
#11739=DIRECTION('ref_axis',(0.,0.,1.));
#11740=DIRECTION($,(0.,0.,-1.));
#11741=DIRECTION($,(0.,0.,-1.));
#11742=DIRECTION('center_axis',(1.,0.,0.));
#11743=DIRECTION('ref_axis',(0.,0.,-1.));
#11744=DIRECTION($,(0.,0.,-1.));
#11745=DIRECTION('center_axis',(0.,-1.,0.));
#11746=DIRECTION('ref_axis',(0.,0.,-1.));
#11747=DIRECTION($,(0.,0.,-1.));
#11748=DIRECTION('center_axis',(-1.,0.,0.));
#11749=DIRECTION('ref_axis',(0.,0.,1.));
#11750=DIRECTION('center_axis',(0.,0.,1.));
#11751=DIRECTION('ref_axis',(1.,0.,0.));
#11752=DIRECTION('center_axis',(0.,0.,-1.));
#11753=DIRECTION('ref_axis',(1.,0.,0.));
#11754=DIRECTION('center_axis',(0.,0.,1.));
#11755=DIRECTION('ref_axis',(1.,0.,0.));
#11756=DIRECTION('center_axis',(0.,0.,-1.));
#11757=DIRECTION('ref_axis',(-1.,0.,0.));
#11758=DIRECTION('center_axis',(0.,0.,1.));
#11759=DIRECTION('ref_axis',(1.,0.,0.));
#11760=DIRECTION('center_axis',(0.,0.,1.));
#11761=DIRECTION('ref_axis',(1.,0.,0.));
#11762=DIRECTION($,(0.,1.,0.));
#11763=DIRECTION($,(-1.,0.,0.));
#11764=DIRECTION($,(0.,-1.,0.));
#11765=DIRECTION($,(1.,0.,0.));
#11766=DIRECTION('center_axis',(0.,0.,1.));
#11767=DIRECTION('ref_axis',(1.,0.,0.));
#11768=DIRECTION($,(0.,1.,0.));
#11769=DIRECTION($,(-1.,0.,0.));
#11770=DIRECTION($,(0.,1.,0.));
#11771=DIRECTION($,(1.,0.,0.));
#11772=DIRECTION('center_axis',(0.,1.,0.));
#11773=DIRECTION('ref_axis',(0.,0.,1.));
#11774=DIRECTION($,(0.,0.,-1.));
#11775=DIRECTION($,(0.,0.,-1.));
#11776=DIRECTION('center_axis',(1.,0.,0.));
#11777=DIRECTION('ref_axis',(0.,0.,-1.));
#11778=DIRECTION($,(0.,0.,1.));
#11779=DIRECTION('center_axis',(0.,-1.,0.));
#11780=DIRECTION('ref_axis',(0.,0.,-1.));
#11781=DIRECTION($,(0.,0.,1.));
#11782=DIRECTION('center_axis',(-1.,0.,0.));
#11783=DIRECTION('ref_axis',(0.,0.,1.));
#11784=DIRECTION('center_axis',(0.,0.,-1.));
#11785=DIRECTION('ref_axis',(0.999847695156391,-0.0174524064372834,0.));
#11786=DIRECTION($,(-0.0174524064372835,-0.999847695156391,0.));
#11787=DIRECTION($,(-0.999847695156391,0.0174524064372835,0.));
#11788=DIRECTION($,(0.0174524064372835,0.999847695156391,0.));
#11789=DIRECTION($,(0.999847695156391,-0.0174524064372835,0.));
#11790=DIRECTION('center_axis',(0.,0.,-1.));
#11791=DIRECTION('ref_axis',(0.999847695156391,-0.0174524064372834,0.));
#11792=DIRECTION($,(0.0174524064372835,0.999847695156391,0.));
#11793=DIRECTION($,(-0.999847695156391,0.0174524064372835,0.));
#11794=DIRECTION($,(-0.0174524064372835,-0.999847695156391,0.));
#11795=DIRECTION($,(0.999847695156391,-0.0174524064372835,0.));
#11796=DIRECTION('center_axis',(-0.0174524064372835,-0.999847695156391,
0.));
#11797=DIRECTION('ref_axis',(0.,0.,-1.));
#11798=DIRECTION($,(0.,0.,1.));
#11799=DIRECTION($,(0.,0.,1.));
#11800=DIRECTION('center_axis',(0.999847695156391,-0.0174524064372835,0.));
#11801=DIRECTION('ref_axis',(0.,0.,1.));
#11802=DIRECTION($,(0.,0.,1.));
#11803=DIRECTION('center_axis',(0.0174524064372835,0.999847695156391,0.));
#11804=DIRECTION('ref_axis',(0.,0.,1.));
#11805=DIRECTION($,(0.,0.,1.));
#11806=DIRECTION('center_axis',(-0.999847695156391,0.0174524064372835,0.));
#11807=DIRECTION('ref_axis',(0.,0.,-1.));
#11808=DIRECTION('center_axis',(0.,0.,1.));
#11809=DIRECTION('ref_axis',(1.,0.,0.));
#11810=DIRECTION('center_axis',(0.,0.,-1.));
#11811=DIRECTION('ref_axis',(1.,0.,0.));
#11812=DIRECTION('center_axis',(0.,0.,1.));
#11813=DIRECTION('ref_axis',(1.,0.,0.));
#11814=DIRECTION('center_axis',(0.,0.,-1.));
#11815=DIRECTION('ref_axis',(-1.,0.,0.));
#11816=DIRECTION('center_axis',(0.,0.,1.));
#11817=DIRECTION('ref_axis',(1.,0.,0.));
#11818=DIRECTION('center_axis',(0.,0.,1.));
#11819=DIRECTION('ref_axis',(0.997564050259824,-0.0697564737441256,0.));
#11820=DIRECTION($,(0.0697564737441253,0.997564050259824,0.));
#11821=DIRECTION($,(-0.997564050259824,0.0697564737441253,0.));
#11822=DIRECTION($,(-0.0697564737441253,-0.997564050259824,0.));
#11823=DIRECTION($,(0.997564050259824,-0.0697564737441253,0.));
#11824=DIRECTION('center_axis',(0.,0.,1.));
#11825=DIRECTION('ref_axis',(0.997564050259824,-0.0697564737441256,0.));
#11826=DIRECTION($,(-0.0697564737441253,-0.997564050259824,0.));
#11827=DIRECTION($,(-0.997564050259824,0.0697564737441253,0.));
#11828=DIRECTION($,(0.0697564737441253,0.997564050259824,0.));
#11829=DIRECTION($,(0.997564050259824,-0.0697564737441253,0.));
#11830=DIRECTION('center_axis',(0.0697564737441253,0.997564050259824,0.));
#11831=DIRECTION('ref_axis',(0.,0.,1.));
#11832=DIRECTION($,(0.,0.,-1.));
#11833=DIRECTION($,(0.,0.,-1.));
#11834=DIRECTION('center_axis',(0.997564050259824,-0.0697564737441253,0.));
#11835=DIRECTION('ref_axis',(0.,0.,-1.));
#11836=DIRECTION($,(0.,0.,-1.));
#11837=DIRECTION('center_axis',(-0.0697564737441253,-0.997564050259824,
0.));
#11838=DIRECTION('ref_axis',(0.,0.,-1.));
#11839=DIRECTION($,(0.,0.,-1.));
#11840=DIRECTION('center_axis',(-0.997564050259824,0.0697564737441253,0.));
#11841=DIRECTION('ref_axis',(0.,0.,1.));
#11842=DIRECTION('center_axis',(0.,0.,1.));
#11843=DIRECTION('ref_axis',(1.,0.,0.));
#11844=DIRECTION($,(0.,1.,0.));
#11845=DIRECTION($,(-1.,0.,0.));
#11846=DIRECTION($,(0.,-1.,0.));
#11847=DIRECTION($,(1.,0.,0.));
#11848=DIRECTION('center_axis',(0.,0.,1.));
#11849=DIRECTION('ref_axis',(1.,0.,0.));
#11850=DIRECTION($,(0.,-1.,0.));
#11851=DIRECTION($,(-1.,0.,0.));
#11852=DIRECTION($,(0.,1.,0.));
#11853=DIRECTION($,(1.,0.,0.));
#11854=DIRECTION('center_axis',(0.,1.,0.));
#11855=DIRECTION('ref_axis',(0.,0.,1.));
#11856=DIRECTION($,(0.,0.,-1.));
#11857=DIRECTION($,(0.,0.,-1.));
#11858=DIRECTION('center_axis',(1.,0.,0.));
#11859=DIRECTION('ref_axis',(0.,0.,-1.));
#11860=DIRECTION($,(0.,0.,-1.));
#11861=DIRECTION('center_axis',(0.,-1.,0.));
#11862=DIRECTION('ref_axis',(0.,0.,-1.));
#11863=DIRECTION($,(0.,0.,-1.));
#11864=DIRECTION('center_axis',(-1.,0.,0.));
#11865=DIRECTION('ref_axis',(0.,0.,1.));
#11866=DIRECTION('center_axis',(0.,0.,1.));
#11867=DIRECTION('ref_axis',(1.,0.,0.));
#11868=DIRECTION($,(0.,1.,0.));
#11869=DIRECTION($,(-1.,0.,0.));
#11870=DIRECTION($,(0.,-1.,0.));
#11871=DIRECTION($,(1.,0.,0.));
#11872=DIRECTION('center_axis',(0.,0.,1.));
#11873=DIRECTION('ref_axis',(1.,0.,0.));
#11874=DIRECTION($,(0.,-1.,0.));
#11875=DIRECTION($,(-1.,0.,0.));
#11876=DIRECTION($,(0.,1.,0.));
#11877=DIRECTION($,(1.,0.,0.));
#11878=DIRECTION('center_axis',(0.,1.,0.));
#11879=DIRECTION('ref_axis',(0.,0.,1.));
#11880=DIRECTION($,(0.,0.,-1.));
#11881=DIRECTION($,(0.,0.,-1.));
#11882=DIRECTION('center_axis',(1.,0.,0.));
#11883=DIRECTION('ref_axis',(0.,0.,-1.));
#11884=DIRECTION($,(0.,0.,-1.));
#11885=DIRECTION('center_axis',(0.,-1.,0.));
#11886=DIRECTION('ref_axis',(0.,0.,-1.));
#11887=DIRECTION($,(0.,0.,-1.));
#11888=DIRECTION('center_axis',(-1.,0.,0.));
#11889=DIRECTION('ref_axis',(0.,0.,1.));
#11890=DIRECTION('center_axis',(1.,0.,0.));
#11891=DIRECTION('ref_axis',(0.,0.,1.));
#11892=DIRECTION($,(0.,-1.,0.));
#11893=DIRECTION($,(0.,0.,-1.));
#11894=DIRECTION($,(0.,1.,0.));
#11895=DIRECTION($,(0.,0.,1.));
#11896=DIRECTION('center_axis',(1.,0.,0.));
#11897=DIRECTION('ref_axis',(0.,0.,1.));
#11898=DIRECTION($,(0.,-1.,0.));
#11899=DIRECTION($,(0.,0.,1.));
#11900=DIRECTION($,(0.,-1.,0.));
#11901=DIRECTION($,(0.,0.,1.));
#11902=DIRECTION('center_axis',(0.,-1.,0.));
#11903=DIRECTION('ref_axis',(1.,0.,0.));
#11904=DIRECTION($,(-1.,0.,0.));
#11905=DIRECTION($,(1.,0.,0.));
#11906=DIRECTION('center_axis',(0.,0.,1.));
#11907=DIRECTION('ref_axis',(-1.,0.,0.));
#11908=DIRECTION($,(-1.,0.,0.));
#11909=DIRECTION('center_axis',(0.,1.,0.));
#11910=DIRECTION('ref_axis',(-1.,0.,0.));
#11911=DIRECTION($,(1.,0.,0.));
#11912=DIRECTION('center_axis',(0.,0.,-1.));
#11913=DIRECTION('ref_axis',(1.,0.,0.));
#11914=DIRECTION('center_axis',(0.,0.,1.));
#11915=DIRECTION('ref_axis',(1.,0.,0.));
#11916=DIRECTION($,(0.,1.,0.));
#11917=DIRECTION($,(-1.,0.,0.));
#11918=DIRECTION($,(0.,-1.,0.));
#11919=DIRECTION($,(1.,0.,0.));
#11920=DIRECTION('center_axis',(0.,0.,1.));
#11921=DIRECTION('ref_axis',(1.,0.,0.));
#11922=DIRECTION($,(0.,-1.,0.));
#11923=DIRECTION($,(-1.,0.,0.));
#11924=DIRECTION($,(0.,1.,0.));
#11925=DIRECTION($,(1.,0.,0.));
#11926=DIRECTION('center_axis',(0.,1.,0.));
#11927=DIRECTION('ref_axis',(0.,0.,1.));
#11928=DIRECTION($,(0.,0.,-1.));
#11929=DIRECTION($,(0.,0.,-1.));
#11930=DIRECTION('center_axis',(1.,0.,0.));
#11931=DIRECTION('ref_axis',(0.,0.,-1.));
#11932=DIRECTION($,(0.,0.,-1.));
#11933=DIRECTION('center_axis',(0.,-1.,0.));
#11934=DIRECTION('ref_axis',(0.,0.,-1.));
#11935=DIRECTION($,(0.,0.,-1.));
#11936=DIRECTION('center_axis',(-1.,0.,0.));
#11937=DIRECTION('ref_axis',(0.,0.,1.));
#11938=DIRECTION('center_axis',(0.,0.,1.));
#11939=DIRECTION('ref_axis',(1.,0.,0.));
#11940=DIRECTION($,(0.,1.,0.));
#11941=DIRECTION($,(-1.,0.,0.));
#11942=DIRECTION($,(0.,-1.,0.));
#11943=DIRECTION($,(1.,0.,0.));
#11944=DIRECTION('center_axis',(0.,0.,1.));
#11945=DIRECTION('ref_axis',(1.,0.,0.));
#11946=DIRECTION($,(0.,-1.,0.));
#11947=DIRECTION($,(-1.,0.,0.));
#11948=DIRECTION($,(0.,1.,0.));
#11949=DIRECTION($,(1.,0.,0.));
#11950=DIRECTION('center_axis',(0.,1.,0.));
#11951=DIRECTION('ref_axis',(0.,0.,1.));
#11952=DIRECTION($,(0.,0.,-1.));
#11953=DIRECTION($,(0.,0.,-1.));
#11954=DIRECTION('center_axis',(1.,0.,0.));
#11955=DIRECTION('ref_axis',(0.,0.,-1.));
#11956=DIRECTION($,(0.,0.,-1.));
#11957=DIRECTION('center_axis',(0.,-1.,0.));
#11958=DIRECTION('ref_axis',(0.,0.,-1.));
#11959=DIRECTION($,(0.,0.,-1.));
#11960=DIRECTION('center_axis',(-1.,0.,0.));
#11961=DIRECTION('ref_axis',(0.,0.,1.));
#11962=DIRECTION('center_axis',(-1.,0.,0.));
#11963=DIRECTION('ref_axis',(0.,0.,1.));
#11964=DIRECTION($,(0.,-5.55111512312578E-016,1.));
#11965=DIRECTION($,(0.,1.,8.88178419700125E-017));
#11966=DIRECTION($,(0.,5.55111512312578E-016,-1.));
#11967=DIRECTION($,(0.,-1.,-8.88178419700125E-017));
#11968=DIRECTION('center_axis',(-1.,0.,0.));
#11969=DIRECTION('ref_axis',(0.,0.,1.));
#11970=DIRECTION($,(0.,-5.55111512312578E-016,1.));
#11971=DIRECTION($,(0.,1.,8.88178419700125E-017));
#11972=DIRECTION($,(0.,5.55111512312578E-016,-1.));
#11973=DIRECTION($,(0.,-1.,-8.88178419700125E-017));
#11974=DIRECTION('center_axis',(0.,8.88178419700125E-017,-1.));
#11975=DIRECTION('ref_axis',(-1.,0.,0.));
#11976=DIRECTION($,(1.,0.,0.));
#11977=DIRECTION($,(-1.,0.,0.));
#11978=DIRECTION('center_axis',(0.,1.,5.55111512312578E-016));
#11979=DIRECTION('ref_axis',(0.,0.,1.));
#11980=DIRECTION($,(-1.,0.,0.));
#11981=DIRECTION('center_axis',(0.,-8.88178419700125E-017,1.));
#11982=DIRECTION('ref_axis',(1.,0.,0.));
#11983=DIRECTION($,(1.,0.,0.));
#11984=DIRECTION('center_axis',(0.,-1.,-5.55111512312578E-016));
#11985=DIRECTION('ref_axis',(0.,0.,-1.));
#11986=DIRECTION('center_axis',(1.,0.,0.));
#11987=DIRECTION('ref_axis',(0.,0.,-1.));
#11988=DIRECTION('center_axis',(-1.,0.,0.));
#11989=DIRECTION('ref_axis',(0.,0.,-1.));
#11990=DIRECTION('center_axis',(1.,0.,0.));
#11991=DIRECTION('ref_axis',(0.,0.,-1.));
#11992=DIRECTION('center_axis',(-1.,0.,0.));
#11993=DIRECTION('ref_axis',(0.,0.,1.));
#11994=DIRECTION('center_axis',(1.,0.,0.));
#11995=DIRECTION('ref_axis',(0.,0.,-1.));
#11996=DIRECTION('center_axis',(-1.,0.,0.));
#11997=DIRECTION('ref_axis',(0.,0.,1.));
#11998=DIRECTION('center_axis',(1.,0.,0.));
#11999=DIRECTION('ref_axis',(0.,0.,1.));
#12000=DIRECTION('center_axis',(1.,0.,0.));
#12001=DIRECTION('ref_axis',(0.,1.,0.));
#12002=DIRECTION('center_axis',(1.,0.,0.));
#12003=DIRECTION('ref_axis',(0.,0.,-1.));
#12004=DIRECTION('center_axis',(-1.,0.,0.));
#12005=DIRECTION('ref_axis',(0.,0.,-1.));
#12006=DIRECTION('center_axis',(1.,0.,0.));
#12007=DIRECTION('ref_axis',(0.,0.,-1.));
#12008=DIRECTION('center_axis',(-1.,0.,0.));
#12009=DIRECTION('ref_axis',(0.,0.,1.));
#12010=DIRECTION('center_axis',(1.,0.,0.));
#12011=DIRECTION('ref_axis',(0.,0.,-1.));
#12012=DIRECTION('center_axis',(0.,0.,1.));
#12013=DIRECTION('ref_axis',(0.997564050259824,-0.0697564737441247,0.));
#12014=DIRECTION($,(0.0697564737441253,0.997564050259824,0.));
#12015=DIRECTION($,(-0.997564050259824,0.0697564737441253,0.));
#12016=DIRECTION($,(-0.0697564737441253,-0.997564050259824,0.));
#12017=DIRECTION($,(0.997564050259824,-0.0697564737441253,0.));
#12018=DIRECTION('center_axis',(0.,0.,1.));
#12019=DIRECTION('ref_axis',(0.997564050259824,-0.0697564737441247,0.));
#12020=DIRECTION($,(-0.0697564737441253,-0.997564050259824,0.));
#12021=DIRECTION($,(-0.997564050259824,0.0697564737441253,0.));
#12022=DIRECTION($,(0.0697564737441253,0.997564050259824,0.));
#12023=DIRECTION($,(0.997564050259824,-0.0697564737441253,0.));
#12024=DIRECTION('center_axis',(0.0697564737441253,0.997564050259824,0.));
#12025=DIRECTION('ref_axis',(0.,0.,1.));
#12026=DIRECTION($,(0.,0.,-1.));
#12027=DIRECTION($,(0.,0.,-1.));
#12028=DIRECTION('center_axis',(0.997564050259824,-0.0697564737441253,0.));
#12029=DIRECTION('ref_axis',(0.,0.,-1.));
#12030=DIRECTION($,(0.,0.,-1.));
#12031=DIRECTION('center_axis',(-0.0697564737441253,-0.997564050259824,
0.));
#12032=DIRECTION('ref_axis',(0.,0.,-1.));
#12033=DIRECTION($,(0.,0.,-1.));
#12034=DIRECTION('center_axis',(-0.997564050259824,0.0697564737441253,0.));
#12035=DIRECTION('ref_axis',(0.,0.,1.));
#12036=DIRECTION('center_axis',(1.,0.,0.));
#12037=DIRECTION('ref_axis',(0.,0.,-1.));
#12038=DIRECTION($,(0.,1.,0.));
#12039=DIRECTION($,(0.,0.,1.));
#12040=DIRECTION($,(0.,-1.,0.));
#12041=DIRECTION($,(0.,0.,-1.));
#12042=DIRECTION('center_axis',(1.,0.,0.));
#12043=DIRECTION('ref_axis',(0.,0.,-1.));
#12044=DIRECTION($,(0.,-1.,0.));
#12045=DIRECTION($,(0.,0.,1.));
#12046=DIRECTION($,(0.,1.,0.));
#12047=DIRECTION($,(0.,0.,-1.));
#12048=DIRECTION('center_axis',(0.,1.,0.));
#12049=DIRECTION('ref_axis',(0.,0.,1.));
#12050=DIRECTION($,(-1.,0.,0.));
#12051=DIRECTION($,(-1.,0.,0.));
#12052=DIRECTION('center_axis',(0.,0.,-1.));
#12053=DIRECTION('ref_axis',(-1.,0.,0.));
#12054=DIRECTION($,(-1.,0.,0.));
#12055=DIRECTION('center_axis',(0.,-1.,0.));
#12056=DIRECTION('ref_axis',(0.,0.,-1.));
#12057=DIRECTION($,(-1.,0.,0.));
#12058=DIRECTION('center_axis',(0.,0.,1.));
#12059=DIRECTION('ref_axis',(1.,0.,0.));
#12060=DIRECTION('center_axis',(1.,0.,0.));
#12061=DIRECTION('ref_axis',(0.,0.,-1.));
#12062=DIRECTION($,(0.,1.,0.));
#12063=DIRECTION($,(0.,0.,1.));
#12064=DIRECTION($,(0.,-1.,0.));
#12065=DIRECTION($,(0.,0.,-1.));
#12066=DIRECTION('center_axis',(1.,0.,0.));
#12067=DIRECTION('ref_axis',(0.,0.,-1.));
#12068=DIRECTION($,(0.,-1.,0.));
#12069=DIRECTION($,(0.,0.,1.));
#12070=DIRECTION($,(0.,1.,0.));
#12071=DIRECTION($,(0.,0.,-1.));
#12072=DIRECTION('center_axis',(0.,1.,0.));
#12073=DIRECTION('ref_axis',(1.,0.,0.));
#12074=DIRECTION($,(-1.,0.,0.));
#12075=DIRECTION($,(-1.,0.,0.));
#12076=DIRECTION('center_axis',(0.,0.,-1.));
#12077=DIRECTION('ref_axis',(-1.,0.,0.));
#12078=DIRECTION($,(-1.,0.,0.));
#12079=DIRECTION('center_axis',(0.,-1.,0.));
#12080=DIRECTION('ref_axis',(-1.,0.,0.));
#12081=DIRECTION($,(-1.,0.,0.));
#12082=DIRECTION('center_axis',(0.,0.,1.));
#12083=DIRECTION('ref_axis',(1.,0.,0.));
#12084=DIRECTION('center_axis',(0.,-1.,0.));
#12085=DIRECTION('ref_axis',(0.,0.,-1.));
#12086=DIRECTION($,(-1.,0.,0.));
#12087=DIRECTION($,(0.,0.,-1.));
#12088=DIRECTION($,(1.,0.,0.));
#12089=DIRECTION($,(0.,0.,-1.));
#12090=DIRECTION('center_axis',(-1.,0.,0.));
#12091=DIRECTION('ref_axis',(0.,0.,1.));
#12092=DIRECTION($,(0.,1.,0.));
#12093=DIRECTION($,(0.,0.,-1.));
#12094=DIRECTION($,(0.,-1.,0.));
#12095=DIRECTION('center_axis',(1.,0.,0.));
#12096=DIRECTION('ref_axis',(0.,0.,-1.));
#12097=DIRECTION($,(0.,-1.,0.));
#12098=DIRECTION($,(0.,1.,0.));
#12099=DIRECTION($,(0.,0.,-1.));
#12100=DIRECTION('center_axis',(0.,1.,0.));
#12101=DIRECTION('ref_axis',(0.,0.,1.));
#12102=DIRECTION($,(1.,0.,0.));
#12103=DIRECTION($,(-1.,0.,0.));
#12104=DIRECTION('center_axis',(0.,0.,1.));
#12105=DIRECTION('ref_axis',(1.,0.,0.));
#12106=DIRECTION('center_axis',(0.,-1.,0.));
#12107=DIRECTION('ref_axis',(0.,0.,-1.));
#12108=DIRECTION($,(-1.,0.,0.));
#12109=DIRECTION($,(0.,0.,-1.));
#12110=DIRECTION($,(1.,0.,0.));
#12111=DIRECTION($,(0.,0.,-1.));
#12112=DIRECTION('center_axis',(-1.,0.,0.));
#12113=DIRECTION('ref_axis',(0.,0.,1.));
#12114=DIRECTION($,(0.,1.,0.));
#12115=DIRECTION($,(0.,0.,-1.));
#12116=DIRECTION($,(0.,-1.,0.));
#12117=DIRECTION('center_axis',(1.,0.,0.));
#12118=DIRECTION('ref_axis',(0.,0.,-1.));
#12119=DIRECTION($,(0.,-1.,0.));
#12120=DIRECTION($,(0.,1.,0.));
#12121=DIRECTION($,(0.,0.,-1.));
#12122=DIRECTION('center_axis',(0.,1.,0.));
#12123=DIRECTION('ref_axis',(0.,0.,1.));
#12124=DIRECTION($,(1.,0.,0.));
#12125=DIRECTION($,(-1.,0.,0.));
#12126=DIRECTION('center_axis',(0.,0.,1.));
#12127=DIRECTION('ref_axis',(1.,0.,0.));
#12128=DIRECTION('center_axis',(0.,-1.,0.));
#12129=DIRECTION('ref_axis',(0.,0.,-1.));
#12130=DIRECTION($,(-1.,0.,0.));
#12131=DIRECTION($,(0.,0.,-1.));
#12132=DIRECTION($,(1.,0.,0.));
#12133=DIRECTION($,(0.,0.,-1.));
#12134=DIRECTION('center_axis',(-1.,0.,0.));
#12135=DIRECTION('ref_axis',(0.,0.,1.));
#12136=DIRECTION($,(0.,1.,0.));
#12137=DIRECTION($,(0.,0.,-1.));
#12138=DIRECTION($,(0.,-1.,0.));
#12139=DIRECTION('center_axis',(1.,0.,0.));
#12140=DIRECTION('ref_axis',(0.,0.,-1.));
#12141=DIRECTION($,(0.,-1.,0.));
#12142=DIRECTION($,(0.,1.,0.));
#12143=DIRECTION($,(0.,0.,-1.));
#12144=DIRECTION('center_axis',(0.,1.,0.));
#12145=DIRECTION('ref_axis',(0.,0.,1.));
#12146=DIRECTION($,(1.,0.,0.));
#12147=DIRECTION($,(-1.,0.,0.));
#12148=DIRECTION('center_axis',(0.,0.,1.));
#12149=DIRECTION('ref_axis',(1.,0.,0.));
#12150=DIRECTION('center_axis',(0.,-1.,0.));
#12151=DIRECTION('ref_axis',(0.,0.,-1.));
#12152=DIRECTION($,(-1.,0.,0.));
#12153=DIRECTION($,(0.,0.,-1.));
#12154=DIRECTION($,(1.,0.,0.));
#12155=DIRECTION($,(0.,0.,-1.));
#12156=DIRECTION('center_axis',(-1.,0.,0.));
#12157=DIRECTION('ref_axis',(0.,0.,1.));
#12158=DIRECTION($,(0.,1.,0.));
#12159=DIRECTION($,(0.,0.,-1.));
#12160=DIRECTION($,(0.,-1.,0.));
#12161=DIRECTION('center_axis',(1.,0.,0.));
#12162=DIRECTION('ref_axis',(0.,0.,-1.));
#12163=DIRECTION($,(0.,-1.,0.));
#12164=DIRECTION($,(0.,1.,0.));
#12165=DIRECTION($,(0.,0.,-1.));
#12166=DIRECTION('center_axis',(0.,1.,0.));
#12167=DIRECTION('ref_axis',(0.,0.,1.));
#12168=DIRECTION($,(1.,0.,0.));
#12169=DIRECTION($,(-1.,0.,0.));
#12170=DIRECTION('center_axis',(0.,0.,1.));
#12171=DIRECTION('ref_axis',(1.,0.,0.));
#12172=DIRECTION('center_axis',(0.,0.,1.));
#12173=DIRECTION('ref_axis',(1.,0.,0.));
#12174=DIRECTION($,(0.,1.,0.));
#12175=DIRECTION($,(-1.,0.,0.));
#12176=DIRECTION($,(0.,-1.,0.));
#12177=DIRECTION($,(1.,0.,0.));
#12178=DIRECTION('center_axis',(0.,-1.,0.));
#12179=DIRECTION('ref_axis',(0.,0.,-1.));
#12180=DIRECTION($,(-1.,0.,0.));
#12181=DIRECTION($,(0.,0.,1.));
#12182=DIRECTION($,(0.,0.,1.));
#12183=DIRECTION('center_axis',(-1.,0.,0.));
#12184=DIRECTION('ref_axis',(0.,0.,1.));
#12185=DIRECTION($,(0.,1.,0.));
#12186=DIRECTION($,(0.,0.,1.));
#12187=DIRECTION('center_axis',(0.,1.,0.));
#12188=DIRECTION('ref_axis',(0.,0.,1.));
#12189=DIRECTION($,(1.,0.,0.));
#12190=DIRECTION($,(0.,0.,1.));
#12191=DIRECTION('center_axis',(1.,0.,0.));
#12192=DIRECTION('ref_axis',(0.,0.,-1.));
#12193=DIRECTION($,(0.,-1.,0.));
#12194=DIRECTION('center_axis',(0.,0.,1.));
#12195=DIRECTION('ref_axis',(1.,0.,0.));
#12196=CARTESIAN_POINT('',(0.,0.,0.));
#12197=CARTESIAN_POINT('Origin',(-6.85950443506277,9.55160202708472,0.926500000000038));
#12198=CARTESIAN_POINT('',(-6.85950443506277,10.0516020270847,0.226500000000038));
#12199=CARTESIAN_POINT('',(-6.85950443506277,9.55160202708472,0.226500000000038));
#12200=CARTESIAN_POINT($,(-6.85950443506277,8.93038924227498,0.226500000000038));
#12201=CARTESIAN_POINT('',(-6.85950443506277,10.0516020270847,1.12650000000003));
#12202=CARTESIAN_POINT($,(-6.85950443506277,10.0516020270847,0.926500000000038));
#12203=CARTESIAN_POINT('',(-6.85950443506277,9.55160202708472,1.12650000000003));
#12204=CARTESIAN_POINT($,(-6.85950443506277,8.93038924227498,1.12650000000003));
#12205=CARTESIAN_POINT($,(-6.85950443506277,9.55160202708472,0.926500000000038));
#12206=CARTESIAN_POINT('Origin',(-7.60950443506277,9.55160202708472,0.926500000000038));
#12207=CARTESIAN_POINT('',(-7.60950443506277,9.55160202708472,0.226500000000038));
#12208=CARTESIAN_POINT($,(-5.97485567958648,9.55160202708472,0.226500000000038));
#12209=CARTESIAN_POINT('',(-7.60950443506277,9.55160202708472,1.12650000000003));
#12210=CARTESIAN_POINT($,(-5.97485567958648,9.55160202708472,1.12650000000003));
#12211=CARTESIAN_POINT($,(-7.60950443506277,9.55160202708472,0.926500000000038));
#12212=CARTESIAN_POINT('Origin',(-7.60950443506277,10.0516020270847,0.926500000000038));
#12213=CARTESIAN_POINT('',(-7.60950443506277,10.0516020270847,0.226500000000038));
#12214=CARTESIAN_POINT($,(-7.60950443506277,9.18038924227498,0.226500000000038));
#12215=CARTESIAN_POINT('',(-7.60950443506277,10.0516020270847,1.12650000000003));
#12216=CARTESIAN_POINT($,(-7.60950443506277,9.18038924227498,1.12650000000003));
#12217=CARTESIAN_POINT($,(-7.60950443506277,10.0516020270847,0.926500000000038));
#12218=CARTESIAN_POINT('Origin',(-6.85950443506277,10.0516020270847,0.926500000000038));
#12219=CARTESIAN_POINT($,(-5.59985567958648,10.0516020270847,0.226500000000038));
#12220=CARTESIAN_POINT($,(-5.59985567958648,10.0516020270847,1.12650000000003));
#12221=CARTESIAN_POINT('Origin',(-4.34020692411019,8.30917645746524,1.12650000000003));
#12222=CARTESIAN_POINT('Origin',(-4.34020692411019,8.30917645746524,0.226500000000038));
#12223=CARTESIAN_POINT('Origin',(-7.60950443506277,6.64024881446696,0.926500000000038));
#12224=CARTESIAN_POINT('',(-7.60950443506277,6.64024881446696,0.926500000000038));
#12225=CARTESIAN_POINT('',(-6.75950443506278,6.64024881446696,0.926500000000038));
#12226=CARTESIAN_POINT($,(-7.60950443506277,6.64024881446696,0.926500000000038));
#12227=CARTESIAN_POINT('',(-6.75950443506278,6.64024881446696,1.02650000000003));
#12228=CARTESIAN_POINT($,(-6.75950443506278,6.64024881446696,0.926500000000038));
#12229=CARTESIAN_POINT('',(-7.60950443506277,6.64024881446696,1.02650000000003));
#12230=CARTESIAN_POINT($,(-7.60950443506277,6.64024881446696,1.02650000000003));
#12231=CARTESIAN_POINT($,(-7.60950443506277,6.64024881446696,0.926500000000038));
#12232=CARTESIAN_POINT('Origin',(-7.60950443506277,8.04024881446696,0.926500000000038));
#12233=CARTESIAN_POINT('',(-7.60950443506277,8.04024881446696,0.926500000000038));
#12234=CARTESIAN_POINT($,(-7.60950443506277,8.04024881446696,0.926500000000038));
#12235=CARTESIAN_POINT('',(-7.60950443506277,8.04024881446696,1.02650000000003));
#12236=CARTESIAN_POINT($,(-7.60950443506277,8.04024881446696,1.02650000000003));
#12237=CARTESIAN_POINT($,(-7.60950443506277,8.04024881446696,0.926500000000038));
#12238=CARTESIAN_POINT('Origin',(-6.75950443506278,8.04024881446696,0.926500000000038));
#12239=CARTESIAN_POINT('',(-6.75950443506278,8.04024881446696,0.926500000000038));
#12240=CARTESIAN_POINT($,(-6.75950443506278,8.04024881446696,0.926500000000038));
#12241=CARTESIAN_POINT('',(-6.75950443506278,8.04024881446696,1.02650000000003));
#12242=CARTESIAN_POINT($,(-6.75950443506278,8.04024881446696,1.02650000000003));
#12243=CARTESIAN_POINT($,(-6.75950443506278,8.04024881446696,0.926500000000038));
#12244=CARTESIAN_POINT('Origin',(-6.75950443506278,6.64024881446696,0.926500000000038));
#12245=CARTESIAN_POINT($,(-6.75950443506278,6.64024881446696,0.926500000000038));
#12246=CARTESIAN_POINT($,(-6.75950443506278,6.64024881446696,1.02650000000003));
#12247=CARTESIAN_POINT('Origin',(-4.34020692411019,6.90917645746524,1.02650000000003));
#12248=CARTESIAN_POINT('Origin',(-4.34020692411019,6.90917645746524,0.926500000000038));
#12249=CARTESIAN_POINT('Origin',(-6.65950443506277,6.52133169305272,0.576499986648559));
#12250=CARTESIAN_POINT('',(-6.63450443506277,6.52133169305272,0.426500000000038));
#12251=CARTESIAN_POINT('',(-6.68450443506277,6.52133169305272,0.426500000000038));
#12252=CARTESIAN_POINT($,(-5.49985567958648,6.52133169305272,0.426500000000038));
#12253=CARTESIAN_POINT('',(-6.63450443506277,6.52133169305272,0.176499986648559));
#12254=CARTESIAN_POINT($,(-6.63450443506277,6.52133169305272,0.576499986648559));
#12255=CARTESIAN_POINT('',(-6.68450443506277,6.52133169305272,0.176499986648559));
#12256=CARTESIAN_POINT($,(-6.65950443506277,6.52133169305272,0.176499986648559));
#12257=CARTESIAN_POINT($,(-6.68450443506277,6.52133169305272,0.576499986648559));
#12258=CARTESIAN_POINT('Origin',(-6.63450443506277,6.49633169305272,0.576499986648559));
#12259=CARTESIAN_POINT('',(-6.63450443506277,6.47133169305271,0.426500000000038));
#12260=CARTESIAN_POINT($,(-6.63450443506277,6.70275407525898,0.426500000000038));
#12261=CARTESIAN_POINT('',(-6.63450443506277,6.47133169305271,0.176499986648559));
#12262=CARTESIAN_POINT($,(-6.63450443506277,6.47133169305271,0.576499986648559));
#12263=CARTESIAN_POINT($,(-6.63450443506277,6.49633169305272,0.176499986648559));
#12264=CARTESIAN_POINT('Origin',(-6.68450443506277,6.49633169305272,0.576499986648559));
#12265=CARTESIAN_POINT('',(-6.68450443506277,6.47133169305271,0.426500000000038));
#12266=CARTESIAN_POINT($,(-6.68450443506277,6.70275407525898,0.426500000000038));
#12267=CARTESIAN_POINT('',(-6.68450443506277,6.47133169305271,0.176499986648559));
#12268=CARTESIAN_POINT($,(-6.68450443506277,6.49633169305272,0.176499986648559));
#12269=CARTESIAN_POINT($,(-6.68450443506277,6.47133169305271,0.576499986648559));
#12270=CARTESIAN_POINT('Origin',(-6.68450443506277,6.49633169305272,0.576499986648559));
#12271=CARTESIAN_POINT('',(-6.68450443506277,6.47133169305271,0.476500000000033));
#12272=CARTESIAN_POINT('',(-6.68450443506277,6.52133169305272,0.476500000000033));
#12273=CARTESIAN_POINT($,(-6.68450443506277,6.70275407525898,0.476500000000033));
#12274=CARTESIAN_POINT('',(-6.68450443506277,6.47133169305271,0.976499986648559));
#12275=CARTESIAN_POINT($,(-6.68450443506277,6.47133169305271,0.576499986648559));
#12276=CARTESIAN_POINT('',(-6.68450443506277,6.52133169305272,0.976499986648559));
#12277=CARTESIAN_POINT($,(-6.68450443506277,6.70275407525898,0.976500000000038));
#12278=CARTESIAN_POINT($,(-6.68450443506277,6.52133169305272,0.576499986648559));
#12279=CARTESIAN_POINT('Origin',(-6.65950443506277,6.47133169305271,0.576499986648559));
#12280=CARTESIAN_POINT($,(-5.49985567958648,6.47133169305271,0.426500000000038));
#12281=CARTESIAN_POINT($,(-6.65950443506277,6.47133169305271,0.176499986648559));
#12282=CARTESIAN_POINT('Origin',(-6.65950443506277,6.47133169305271,0.576499986648559));
#12283=CARTESIAN_POINT('',(-6.63450443506277,6.47133169305271,0.476500000000033));
#12284=CARTESIAN_POINT($,(-5.49985567958648,6.47133169305271,0.476500000000033));
#12285=CARTESIAN_POINT('',(-6.63450443506277,6.47133169305271,0.976499986648559));
#12286=CARTESIAN_POINT($,(-6.63450443506277,6.47133169305271,0.576499986648559));
#12287=CARTESIAN_POINT($,(-5.49985567958648,6.47133169305271,0.976500000000038));
#12288=CARTESIAN_POINT('Origin',(-6.65950443506277,6.49633169305272,0.176499986648559));
#12289=CARTESIAN_POINT('Origin',(-6.65950443506277,6.52133169305272,0.576499986648559));
#12290=CARTESIAN_POINT('',(-6.63450443506277,6.52133169305272,0.476500000000033));
#12291=CARTESIAN_POINT($,(-5.49985567958648,6.52133169305272,0.476500000000033));
#12292=CARTESIAN_POINT('',(-6.63450443506277,6.52133169305272,0.976499986648559));
#12293=CARTESIAN_POINT($,(-5.49985567958648,6.52133169305272,0.976500000000038));
#12294=CARTESIAN_POINT($,(-6.63450443506277,6.52133169305272,0.576499986648559));
#12295=CARTESIAN_POINT('Origin',(-6.63450443506277,6.49633169305272,0.576499986648559));
#12296=CARTESIAN_POINT($,(-6.63450443506277,6.70275407525898,0.476500000000033));
#12297=CARTESIAN_POINT($,(-6.63450443506277,6.70275407525898,0.976500000000038));
#12298=CARTESIAN_POINT('Origin',(-7.55950443506277,5.32133169305272,0.576499986648559));
#12299=CARTESIAN_POINT('',(-7.53450443506277,5.32133169305272,0.426500000000038));
#12300=CARTESIAN_POINT('',(-7.58450443506278,5.32133169305272,0.426500000000038));
#12301=CARTESIAN_POINT($,(-5.94985567958648,5.32133169305272,0.426500000000038));
#12302=CARTESIAN_POINT('',(-7.53450443506277,5.32133169305272,0.176499986648559));
#12303=CARTESIAN_POINT($,(-7.53450443506277,5.32133169305272,0.576499986648559));
#12304=CARTESIAN_POINT('',(-7.58450443506278,5.32133169305272,0.176499986648559));
#12305=CARTESIAN_POINT($,(-7.55950443506277,5.32133169305272,0.176499986648559));
#12306=CARTESIAN_POINT($,(-7.58450443506278,5.32133169305272,0.576499986648559));
#12307=CARTESIAN_POINT('Origin',(-7.53450443506277,5.29633169305272,0.576499986648559));
#12308=CARTESIAN_POINT('',(-7.53450443506277,5.27133169305272,0.426500000000038));
#12309=CARTESIAN_POINT($,(-7.53450443506278,6.10275407525898,0.426500000000038));
#12310=CARTESIAN_POINT('',(-7.53450443506277,5.27133169305272,0.176499986648559));
#12311=CARTESIAN_POINT($,(-7.53450443506277,5.27133169305272,0.576499986648559));
#12312=CARTESIAN_POINT($,(-7.53450443506277,5.29633169305272,0.176499986648559));
#12313=CARTESIAN_POINT('Origin',(-7.58450443506278,5.29633169305272,0.576499986648559));
#12314=CARTESIAN_POINT('',(-7.58450443506278,5.27133169305272,0.426500000000038));
#12315=CARTESIAN_POINT($,(-7.58450443506278,6.10275407525898,0.426500000000038));
#12316=CARTESIAN_POINT('',(-7.58450443506278,5.27133169305272,0.176499986648559));
#12317=CARTESIAN_POINT($,(-7.58450443506278,5.29633169305272,0.176499986648559));
#12318=CARTESIAN_POINT($,(-7.58450443506278,5.27133169305272,0.576499986648559));
#12319=CARTESIAN_POINT('Origin',(-7.58450443506278,5.29633169305272,0.576499986648559));
#12320=CARTESIAN_POINT('',(-7.58450443506278,5.27133169305272,0.476500000000033));
#12321=CARTESIAN_POINT('',(-7.58450443506278,5.32133169305272,0.476500000000033));
#12322=CARTESIAN_POINT($,(-7.58450443506278,6.10275407525898,0.476500000000033));
#12323=CARTESIAN_POINT('',(-7.58450443506278,5.27133169305272,0.976499986648559));
#12324=CARTESIAN_POINT($,(-7.58450443506278,5.27133169305272,0.576499986648559));
#12325=CARTESIAN_POINT('',(-7.58450443506278,5.32133169305272,0.976499986648559));
#12326=CARTESIAN_POINT($,(-7.58450443506278,6.10275407525898,0.976500000000038));
#12327=CARTESIAN_POINT($,(-7.58450443506278,5.32133169305272,0.576499986648559));
#12328=CARTESIAN_POINT('Origin',(-7.55950443506277,5.27133169305272,0.576499986648559));
#12329=CARTESIAN_POINT($,(-5.94985567958648,5.27133169305272,0.426500000000038));
#12330=CARTESIAN_POINT($,(-7.55950443506277,5.27133169305272,0.176499986648559));
#12331=CARTESIAN_POINT('Origin',(-7.55950443506277,5.27133169305272,0.576499986648559));
#12332=CARTESIAN_POINT('',(-7.53450443506277,5.27133169305272,0.476500000000033));
#12333=CARTESIAN_POINT($,(-5.94985567958648,5.27133169305272,0.476500000000033));
#12334=CARTESIAN_POINT('',(-7.53450443506277,5.27133169305272,0.976499986648559));
#12335=CARTESIAN_POINT($,(-7.53450443506277,5.27133169305272,0.576499986648559));
#12336=CARTESIAN_POINT($,(-5.94985567958648,5.27133169305272,0.976500000000038));
#12337=CARTESIAN_POINT('Origin',(-7.55950443506277,5.29633169305272,0.176499986648559));
#12338=CARTESIAN_POINT('Origin',(-7.55950443506277,5.32133169305272,0.576499986648559));
#12339=CARTESIAN_POINT('',(-7.53450443506277,5.32133169305272,0.476500000000033));
#12340=CARTESIAN_POINT($,(-5.94985567958648,5.32133169305272,0.476500000000033));
#12341=CARTESIAN_POINT('',(-7.53450443506277,5.32133169305272,0.976499986648559));
#12342=CARTESIAN_POINT($,(-5.94985567958648,5.32133169305272,0.976500000000038));
#12343=CARTESIAN_POINT($,(-7.53450443506277,5.32133169305272,0.576499986648559));
#12344=CARTESIAN_POINT('Origin',(-7.53450443506277,5.29633169305272,0.576499986648559));
#12345=CARTESIAN_POINT($,(-7.53450443506278,6.10275407525898,0.476500000000033));
#12346=CARTESIAN_POINT($,(-7.53450443506278,6.10275407525898,0.976500000000038));
#12347=CARTESIAN_POINT('Origin',(-6.65950443506277,5.32133169305272,0.576499986648559));
#12348=CARTESIAN_POINT('',(-6.63450443506277,5.32133169305272,0.426500000000038));
#12349=CARTESIAN_POINT('',(-6.68450443506277,5.32133169305272,0.426500000000038));
#12350=CARTESIAN_POINT($,(-5.49985567958648,5.32133169305272,0.426500000000038));
#12351=CARTESIAN_POINT('',(-6.63450443506277,5.32133169305272,0.176499986648559));
#12352=CARTESIAN_POINT($,(-6.63450443506277,5.32133169305272,0.576499986648559));
#12353=CARTESIAN_POINT('',(-6.68450443506277,5.32133169305272,0.176499986648559));
#12354=CARTESIAN_POINT($,(-6.65950443506277,5.32133169305272,0.176499986648559));
#12355=CARTESIAN_POINT($,(-6.68450443506277,5.32133169305272,0.576499986648559));
#12356=CARTESIAN_POINT('Origin',(-6.63450443506277,5.29633169305272,0.576499986648559));
#12357=CARTESIAN_POINT('',(-6.63450443506277,5.27133169305272,0.426500000000038));
#12358=CARTESIAN_POINT($,(-6.63450443506277,6.10275407525898,0.426500000000038));
#12359=CARTESIAN_POINT('',(-6.63450443506277,5.27133169305272,0.176499986648559));
#12360=CARTESIAN_POINT($,(-6.63450443506277,5.27133169305272,0.576499986648559));
#12361=CARTESIAN_POINT($,(-6.63450443506277,5.29633169305272,0.176499986648559));
#12362=CARTESIAN_POINT('Origin',(-6.68450443506277,5.29633169305272,0.576499986648559));
#12363=CARTESIAN_POINT('',(-6.68450443506277,5.27133169305272,0.426500000000038));
#12364=CARTESIAN_POINT($,(-6.68450443506277,6.10275407525898,0.426500000000038));
#12365=CARTESIAN_POINT('',(-6.68450443506277,5.27133169305272,0.176499986648559));
#12366=CARTESIAN_POINT($,(-6.68450443506277,5.29633169305272,0.176499986648559));
#12367=CARTESIAN_POINT($,(-6.68450443506277,5.27133169305272,0.576499986648559));
#12368=CARTESIAN_POINT('Origin',(-6.68450443506277,5.29633169305272,0.576499986648559));
#12369=CARTESIAN_POINT('',(-6.68450443506277,5.27133169305272,0.476500000000033));
#12370=CARTESIAN_POINT('',(-6.68450443506277,5.32133169305272,0.476500000000033));
#12371=CARTESIAN_POINT($,(-6.68450443506277,6.10275407525898,0.476500000000033));
#12372=CARTESIAN_POINT('',(-6.68450443506277,5.27133169305272,0.976499986648559));
#12373=CARTESIAN_POINT($,(-6.68450443506277,5.27133169305272,0.576499986648559));
#12374=CARTESIAN_POINT('',(-6.68450443506277,5.32133169305272,0.976499986648559));
#12375=CARTESIAN_POINT($,(-6.68450443506277,6.10275407525898,0.976500000000038));
#12376=CARTESIAN_POINT($,(-6.68450443506277,5.32133169305272,0.576499986648559));
#12377=CARTESIAN_POINT('Origin',(-6.65950443506277,5.27133169305272,0.576499986648559));
#12378=CARTESIAN_POINT($,(-5.49985567958648,5.27133169305272,0.426500000000038));
#12379=CARTESIAN_POINT($,(-6.65950443506277,5.27133169305272,0.176499986648559));
#12380=CARTESIAN_POINT('Origin',(-6.65950443506277,5.27133169305272,0.576499986648559));
#12381=CARTESIAN_POINT('',(-6.63450443506277,5.27133169305272,0.476500000000033));
#12382=CARTESIAN_POINT($,(-5.49985567958648,5.27133169305272,0.476500000000033));
#12383=CARTESIAN_POINT('',(-6.63450443506277,5.27133169305272,0.976499986648559));
#12384=CARTESIAN_POINT($,(-6.63450443506277,5.27133169305272,0.576499986648559));
#12385=CARTESIAN_POINT($,(-5.49985567958648,5.27133169305272,0.976500000000038));
#12386=CARTESIAN_POINT('Origin',(-6.65950443506277,5.29633169305272,0.176499986648559));
#12387=CARTESIAN_POINT('Origin',(-6.65950443506277,5.32133169305272,0.576499986648559));
#12388=CARTESIAN_POINT('',(-6.63450443506277,5.32133169305272,0.476500000000033));
#12389=CARTESIAN_POINT($,(-5.49985567958648,5.32133169305272,0.476500000000033));
#12390=CARTESIAN_POINT('',(-6.63450443506277,5.32133169305272,0.976499986648559));
#12391=CARTESIAN_POINT($,(-5.49985567958648,5.32133169305272,0.976500000000038));
#12392=CARTESIAN_POINT($,(-6.63450443506277,5.32133169305272,0.576499986648559));
#12393=CARTESIAN_POINT('Origin',(-6.63450443506277,5.29633169305272,0.576499986648559));
#12394=CARTESIAN_POINT($,(-6.63450443506277,6.10275407525898,0.476500000000033));
#12395=CARTESIAN_POINT($,(-6.63450443506277,6.10275407525898,0.976500000000038));
#12396=CARTESIAN_POINT('Origin',(-7.55950443506277,6.52133169305272,0.576499986648559));
#12397=CARTESIAN_POINT('',(-7.53450443506277,6.52133169305272,0.426500000000038));
#12398=CARTESIAN_POINT('',(-7.58450443506278,6.52133169305272,0.426500000000038));
#12399=CARTESIAN_POINT($,(-5.94985567958648,6.52133169305272,0.426500000000038));
#12400=CARTESIAN_POINT('',(-7.53450443506277,6.52133169305272,0.176499986648559));
#12401=CARTESIAN_POINT($,(-7.53450443506277,6.52133169305272,0.576499986648559));
#12402=CARTESIAN_POINT('',(-7.58450443506278,6.52133169305272,0.176499986648559));
#12403=CARTESIAN_POINT($,(-7.55950443506277,6.52133169305272,0.176499986648559));
#12404=CARTESIAN_POINT($,(-7.58450443506278,6.52133169305272,0.576499986648559));
#12405=CARTESIAN_POINT('Origin',(-7.53450443506277,6.49633169305272,0.576499986648559));
#12406=CARTESIAN_POINT('',(-7.53450443506277,6.47133169305271,0.426500000000038));
#12407=CARTESIAN_POINT($,(-7.53450443506278,6.70275407525898,0.426500000000038));
#12408=CARTESIAN_POINT('',(-7.53450443506277,6.47133169305271,0.176499986648559));
#12409=CARTESIAN_POINT($,(-7.53450443506277,6.47133169305271,0.576499986648559));
#12410=CARTESIAN_POINT($,(-7.53450443506277,6.49633169305272,0.176499986648559));
#12411=CARTESIAN_POINT('Origin',(-7.58450443506278,6.49633169305272,0.576499986648559));
#12412=CARTESIAN_POINT('',(-7.58450443506278,6.47133169305271,0.426500000000038));
#12413=CARTESIAN_POINT($,(-7.58450443506278,6.70275407525898,0.426500000000038));
#12414=CARTESIAN_POINT('',(-7.58450443506278,6.47133169305271,0.176499986648559));
#12415=CARTESIAN_POINT($,(-7.58450443506278,6.49633169305272,0.176499986648559));
#12416=CARTESIAN_POINT($,(-7.58450443506278,6.47133169305271,0.576499986648559));
#12417=CARTESIAN_POINT('Origin',(-7.58450443506278,6.49633169305272,0.576499986648559));
#12418=CARTESIAN_POINT('',(-7.58450443506278,6.47133169305271,0.476500000000033));
#12419=CARTESIAN_POINT('',(-7.58450443506278,6.52133169305272,0.476500000000033));
#12420=CARTESIAN_POINT($,(-7.58450443506278,6.70275407525898,0.476500000000033));
#12421=CARTESIAN_POINT('',(-7.58450443506278,6.47133169305271,0.976499986648559));
#12422=CARTESIAN_POINT($,(-7.58450443506278,6.47133169305271,0.576499986648559));
#12423=CARTESIAN_POINT('',(-7.58450443506278,6.52133169305272,0.976499986648559));
#12424=CARTESIAN_POINT($,(-7.58450443506278,6.70275407525898,0.976500000000038));
#12425=CARTESIAN_POINT($,(-7.58450443506278,6.52133169305272,0.576499986648559));
#12426=CARTESIAN_POINT('Origin',(-7.55950443506277,6.47133169305271,0.576499986648559));
#12427=CARTESIAN_POINT($,(-5.94985567958648,6.47133169305271,0.426500000000038));
#12428=CARTESIAN_POINT($,(-7.55950443506277,6.47133169305271,0.176499986648559));
#12429=CARTESIAN_POINT('Origin',(-7.55950443506277,6.47133169305271,0.576499986648559));
#12430=CARTESIAN_POINT('',(-7.53450443506277,6.47133169305271,0.476500000000033));
#12431=CARTESIAN_POINT($,(-5.94985567958648,6.47133169305271,0.476500000000033));
#12432=CARTESIAN_POINT('',(-7.53450443506277,6.47133169305271,0.976499986648559));
#12433=CARTESIAN_POINT($,(-7.53450443506277,6.47133169305271,0.576499986648559));
#12434=CARTESIAN_POINT($,(-5.94985567958648,6.47133169305271,0.976500000000038));
#12435=CARTESIAN_POINT('Origin',(-7.55950443506277,6.49633169305272,0.176499986648559));
#12436=CARTESIAN_POINT('Origin',(-7.55950443506277,6.52133169305272,0.576499986648559));
#12437=CARTESIAN_POINT('',(-7.53450443506277,6.52133169305272,0.476500000000033));
#12438=CARTESIAN_POINT($,(-5.94985567958648,6.52133169305272,0.476500000000033));
#12439=CARTESIAN_POINT('',(-7.53450443506277,6.52133169305272,0.976499986648559));
#12440=CARTESIAN_POINT($,(-5.94985567958648,6.52133169305272,0.976500000000038));
#12441=CARTESIAN_POINT($,(-7.53450443506277,6.52133169305272,0.576499986648559));
#12442=CARTESIAN_POINT('Origin',(-7.53450443506277,6.49633169305272,0.576499986648559));
#12443=CARTESIAN_POINT($,(-7.53450443506278,6.70275407525898,0.476500000000033));
#12444=CARTESIAN_POINT($,(-7.53450443506278,6.70275407525898,0.976500000000038));
#12445=CARTESIAN_POINT('Origin',(-7.60950443506277,5.24633169305272,0.976500000000038));
#12446=CARTESIAN_POINT('',(-6.60950443506277,5.24633169305272,0.976500000000038));
#12447=CARTESIAN_POINT('',(-7.60950443506277,5.24633169305272,0.976500000000038));
#12448=CARTESIAN_POINT($,(-6.60950443506277,5.24633169305272,0.976500000000038));
#12449=CARTESIAN_POINT('',(-6.60950443506277,5.24633169305272,1.02650000000003));
#12450=CARTESIAN_POINT($,(-6.60950443506277,5.24633169305272,0.976500000000038));
#12451=CARTESIAN_POINT('',(-7.60950443506277,5.24633169305272,1.02650000000003));
#12452=CARTESIAN_POINT($,(-5.97485567958648,5.24633169305272,1.02650000000003));
#12453=CARTESIAN_POINT($,(-7.60950443506277,5.24633169305272,0.976500000000038));
#12454=CARTESIAN_POINT('Origin',(-7.60950443506277,6.54633169305271,0.976500000000038));
#12455=CARTESIAN_POINT('',(-7.60950443506277,6.54633169305271,0.976500000000038));
#12456=CARTESIAN_POINT($,(-7.60950443506277,5.24633169305272,0.976500000000038));
#12457=CARTESIAN_POINT('',(-7.60950443506277,6.54633169305271,1.02650000000003));
#12458=CARTESIAN_POINT($,(-7.60950443506277,6.72775407525897,1.02650000000003));
#12459=CARTESIAN_POINT($,(-7.60950443506277,6.54633169305271,0.976500000000038));
#12460=CARTESIAN_POINT('Origin',(-6.60950443506277,6.54633169305271,0.976500000000038));
#12461=CARTESIAN_POINT('',(-6.60950443506277,6.54633169305271,0.976500000000038));
#12462=CARTESIAN_POINT($,(-7.60950443506277,6.54633169305271,0.976500000000038));
#12463=CARTESIAN_POINT('',(-6.60950443506277,6.54633169305271,1.02650000000003));
#12464=CARTESIAN_POINT($,(-5.47485567958648,6.54633169305271,1.02650000000003));
#12465=CARTESIAN_POINT($,(-6.60950443506277,6.54633169305271,0.976500000000038));
#12466=CARTESIAN_POINT('Origin',(-6.60950443506277,5.24633169305272,0.976500000000038));
#12467=CARTESIAN_POINT($,(-6.60950443506277,6.54633169305271,0.976500000000038));
#12468=CARTESIAN_POINT($,(-6.60950443506277,6.07775407525898,1.02650000000003));
#12469=CARTESIAN_POINT('Origin',(-4.34020692411019,6.90917645746524,1.02650000000003));
#12470=CARTESIAN_POINT('Origin',(-4.34020692411019,6.90917645746524,0.976500000000038));
#12471=CARTESIAN_POINT('Origin',(-7.60950443506277,5.24633169305272,0.426500000000038));
#12472=CARTESIAN_POINT('',(-6.60950443506277,5.24633169305272,0.426500000000038));
#12473=CARTESIAN_POINT('',(-7.60950443506277,5.24633169305272,0.426500000000038));
#12474=CARTESIAN_POINT($,(-6.60950443506277,5.24633169305272,0.426500000000038));
#12475=CARTESIAN_POINT('',(-6.60950443506277,5.24633169305272,0.476500000000033));
#12476=CARTESIAN_POINT($,(-6.60950443506277,5.24633169305272,0.426500000000038));
#12477=CARTESIAN_POINT('',(-7.60950443506277,5.24633169305272,0.476500000000033));
#12478=CARTESIAN_POINT($,(-5.97485567958648,5.24633169305272,0.476500000000033));
#12479=CARTESIAN_POINT($,(-7.60950443506277,5.24633169305272,0.426500000000038));
#12480=CARTESIAN_POINT('Origin',(-7.60950443506277,6.54633169305271,0.426500000000038));
#12481=CARTESIAN_POINT('',(-7.60950443506277,6.54633169305271,0.426500000000038));
#12482=CARTESIAN_POINT($,(-7.60950443506277,5.24633169305272,0.426500000000038));
#12483=CARTESIAN_POINT('',(-7.60950443506277,6.54633169305271,0.476500000000033));
#12484=CARTESIAN_POINT($,(-7.60950443506277,6.72775407525897,0.476500000000033));
#12485=CARTESIAN_POINT($,(-7.60950443506277,6.54633169305271,0.426500000000038));
#12486=CARTESIAN_POINT('Origin',(-6.60950443506277,6.54633169305271,0.426500000000038));
#12487=CARTESIAN_POINT('',(-6.60950443506277,6.54633169305271,0.426500000000038));
#12488=CARTESIAN_POINT($,(-7.60950443506277,6.54633169305271,0.426500000000038));
#12489=CARTESIAN_POINT('',(-6.60950443506277,6.54633169305271,0.476500000000033));
#12490=CARTESIAN_POINT($,(-5.47485567958648,6.54633169305271,0.476500000000033));
#12491=CARTESIAN_POINT($,(-6.60950443506277,6.54633169305271,0.426500000000038));
#12492=CARTESIAN_POINT('Origin',(-6.60950443506277,5.24633169305272,0.426500000000038));
#12493=CARTESIAN_POINT($,(-6.60950443506277,6.54633169305271,0.426500000000038));
#12494=CARTESIAN_POINT($,(-6.60950443506277,6.07775407525898,0.476500000000033));
#12495=CARTESIAN_POINT('Origin',(-4.34020692411019,6.90917645746524,0.476500000000033));
#12496=CARTESIAN_POINT('Origin',(-4.34020692411019,6.90917645746524,0.426500000000038));
#12497=CARTESIAN_POINT('Origin',(-7.43089294433594,5.53282238006592,1.44162514686584));
#12498=CARTESIAN_POINT('',(-7.42339294433594,5.53282238006592,1.42649998664856));
#12499=CARTESIAN_POINT('',(-7.43839294433594,5.53282238006592,1.42649998664856));
#12500=CARTESIAN_POINT($,(-7.43089294433594,5.53282238006592,1.42649998664856));
#12501=CARTESIAN_POINT('',(-7.42339294433594,5.53282238006592,1.46412514686585));
#12502=CARTESIAN_POINT($,(-7.42339294433594,5.53282238006592,1.44162514686584));
#12503=CARTESIAN_POINT('',(-7.43839294433594,5.53282238006592,1.46412514686585));
#12504=CARTESIAN_POINT($,(-7.43089294433594,5.53282238006592,1.46412514686585));
#12505=CARTESIAN_POINT($,(-7.43839294433594,5.53282238006592,1.44162514686584));
#12506=CARTESIAN_POINT('Origin',(-7.43089294433594,5.63782238006592,1.44162514686584));
#12507=CARTESIAN_POINT('',(-7.43839294433594,5.63782238006592,1.42649998664856));
#12508=CARTESIAN_POINT('',(-7.42339294433594,5.63782238006592,1.42649998664856));
#12509=CARTESIAN_POINT($,(-7.43089294433594,5.63782238006592,1.42649998664856));
#12510=CARTESIAN_POINT('',(-7.43839294433594,5.63782238006592,1.46412514686585));
#12511=CARTESIAN_POINT($,(-7.43839294433594,5.63782238006592,1.44162514686584));
#12512=CARTESIAN_POINT('',(-7.42339294433594,5.63782238006592,1.46412514686585));
#12513=CARTESIAN_POINT($,(-7.43089294433594,5.63782238006592,1.46412514686585));
#12514=CARTESIAN_POINT($,(-7.42339294433594,5.63782238006592,1.44162514686584));
#12515=CARTESIAN_POINT('Origin',(-7.43839294433594,5.63032238006592,1.44162514686584));
#12516=CARTESIAN_POINT('',(-7.43839294433594,5.54782238006592,1.42649998664856));
#12517=CARTESIAN_POINT($,(-7.43839294433594,5.60782238006592,1.42649998664856));
#12518=CARTESIAN_POINT($,(-7.43839294433594,5.54032238006592,1.46412514686585));
#12519=CARTESIAN_POINT('',(-7.43839294433594,5.62282238006592,1.42649998664856));
#12520=CARTESIAN_POINT($,(-7.43839294433594,5.60782238006592,1.42649998664856));
#12521=CARTESIAN_POINT('',(-7.43839294433594,5.62282238006592,1.44912514686585));
#12522=CARTESIAN_POINT($,(-7.43839294433594,5.62282238006592,1.44162514686584));
#12523=CARTESIAN_POINT('',(-7.43839294433594,5.54782238006592,1.44912514686585));
#12524=CARTESIAN_POINT($,(-7.43839294433594,5.58532238006592,1.44912514686585));
#12525=CARTESIAN_POINT($,(-7.43839294433594,5.54782238006592,1.44162514686584));
#12526=CARTESIAN_POINT('Origin',(-7.43089294433594,5.58532238006592,1.44912514686585));
#12527=CARTESIAN_POINT('',(-7.42339294433594,5.62282238006592,1.44912514686585));
#12528=CARTESIAN_POINT('',(-7.42339294433594,5.54782238006592,1.44912514686585));
#12529=CARTESIAN_POINT($,(-7.42339294433594,5.58532238006592,1.44912514686585));
#12530=CARTESIAN_POINT($,(-7.43089294433594,5.54782238006592,1.44912514686585));
#12531=CARTESIAN_POINT($,(-7.43089294433594,5.62282238006592,1.44912514686585));
#12532=CARTESIAN_POINT('Origin',(-7.43089294433594,5.54782238006592,1.44162514686584));
#12533=CARTESIAN_POINT('',(-7.42339294433594,5.54782238006592,1.42649998664856));
#12534=CARTESIAN_POINT($,(-7.43089294433594,5.54782238006592,1.42649998664856));
#12535=CARTESIAN_POINT($,(-7.42339294433594,5.54782238006592,1.44162514686584));
#12536=CARTESIAN_POINT('Origin',(-7.43089294433594,5.63032238006592,1.46412514686585));
#12537=CARTESIAN_POINT($,(-7.42339294433594,5.63032238006592,1.46412514686585));
#12538=CARTESIAN_POINT('Origin',(-7.42339294433594,5.63032238006592,1.44162514686584));
#12539=CARTESIAN_POINT($,(-7.42339294433594,5.60782238006592,1.42649998664856));
#12540=CARTESIAN_POINT('',(-7.42339294433594,5.62282238006592,1.42649998664856));
#12541=CARTESIAN_POINT($,(-7.42339294433594,5.62282238006592,1.44162514686584));
#12542=CARTESIAN_POINT($,(-7.42339294433594,5.60782238006592,1.42649998664856));
#12543=CARTESIAN_POINT('Origin',(-7.43089294433594,5.62282238006592,1.44162514686584));
#12544=CARTESIAN_POINT($,(-7.43089294433594,5.62282238006592,1.42649998664856));
#12545=CARTESIAN_POINT('Origin',(-7.43089294433594,5.58532238006592,1.42649998664856));
#12546=CARTESIAN_POINT('',(-7.33089294433594,5.43532238006592,1.42649998664856));
#12547=CARTESIAN_POINT('',(-7.33089294433594,5.73532238006592,1.42649998664856));
#12548=CARTESIAN_POINT($,(-7.33089294433594,5.58532238006592,1.42649998664856));
#12549=CARTESIAN_POINT('',(-7.53089294433594,5.73532238006592,1.42649998664856));
#12550=CARTESIAN_POINT($,(-7.43089294433594,5.73532238006592,1.42649998664856));
#12551=CARTESIAN_POINT('',(-7.53089294433594,5.43532238006592,1.42649998664856));
#12552=CARTESIAN_POINT($,(-7.53089294433594,5.58532238006592,1.42649998664856));
#12553=CARTESIAN_POINT($,(-7.43089294433594,5.43532238006592,1.42649998664856));
#12554=CARTESIAN_POINT('Origin',(-7.43089294433594,5.58532238006592,1.02649998664856));
#12555=CARTESIAN_POINT('',(-7.33089294433594,5.73532238006592,1.02649998664856));
#12556=CARTESIAN_POINT('',(-7.33089294433594,5.43532238006592,1.02649998664856));
#12557=CARTESIAN_POINT($,(-7.33089294433594,5.58532238006592,1.02649998664856));
#12558=CARTESIAN_POINT('',(-7.53089294433594,5.43532238006592,1.02649998664856));
#12559=CARTESIAN_POINT($,(-7.43089294433594,5.43532238006592,1.02649998664856));
#12560=CARTESIAN_POINT('',(-7.53089294433594,5.73532238006592,1.02649998664856));
#12561=CARTESIAN_POINT($,(-7.53089294433594,5.58532238006592,1.02649998664856));
#12562=CARTESIAN_POINT($,(-7.43089294433594,5.73532238006592,1.02649998664856));
#12563=CARTESIAN_POINT('Origin',(-7.43089294433594,5.43532238006592,1.22649998664856));
#12564=CARTESIAN_POINT($,(-7.53089294433594,5.43532238006592,1.22649998664856));
#12565=CARTESIAN_POINT($,(-7.33089294433594,5.43532238006592,1.22649998664856));
#12566=CARTESIAN_POINT('Origin',(-7.53089294433594,5.58532238006592,1.22649998664856));
#12567=CARTESIAN_POINT($,(-7.53089294433594,5.73532238006592,1.22649998664856));
#12568=CARTESIAN_POINT('Origin',(-7.43089294433594,5.73532238006592,1.22649998664856));
#12569=CARTESIAN_POINT($,(-7.33089294433594,5.73532238006592,1.22649998664856));
#12570=CARTESIAN_POINT('Origin',(-7.33089294433594,5.58532238006592,1.22649998664856));
#12571=CARTESIAN_POINT('Origin',(-6.75887704849243,5.37673778533936,1.12149998664856));
#12572=CARTESIAN_POINT('',(-6.75887704849243,5.39673778533936,1.07149998664856));
#12573=CARTESIAN_POINT('',(-6.75887704849243,5.29673778533936,1.07149998664856));
#12574=CARTESIAN_POINT($,(-6.75887704849243,5.37673778533936,1.07149998664856));
#12575=CARTESIAN_POINT('',(-6.75887704849243,5.39673778533936,1.17149998664856));
#12576=CARTESIAN_POINT($,(-6.75887704849243,5.39673778533936,1.12149998664856));
#12577=CARTESIAN_POINT('',(-6.75887704849243,5.29673778533936,1.17149998664856));
#12578=CARTESIAN_POINT($,(-6.75887704849243,5.37673778533936,1.17149998664856));
#12579=CARTESIAN_POINT($,(-6.75887704849243,5.29673778533936,1.12149998664856));
#12580=CARTESIAN_POINT('Origin',(-6.75387704849243,5.29673778533936,1.12149998664856));
#12581=CARTESIAN_POINT('',(-6.74887638092041,5.29673778533936,1.17149998664856));
#12582=CARTESIAN_POINT($,(-6.75387704849243,5.29673778533936,1.17149998664856));
#12583=CARTESIAN_POINT('',(-6.74887638092041,5.29673778533936,1.07149998664856));
#12584=CARTESIAN_POINT($,(-6.74887638092041,5.29673778533936,1.12149998664856));
#12585=CARTESIAN_POINT($,(-6.75387704849243,5.29673778533936,1.07149998664856));
#12586=CARTESIAN_POINT('Origin',(-6.75387704849243,5.37673778533936,1.17149998664856));
#12587=CARTESIAN_POINT('',(-6.74887638092041,5.39673778533936,1.17149998664856));
#12588=CARTESIAN_POINT($,(-6.75387704849243,5.39673778533936,1.17149998664856));
#12589=CARTESIAN_POINT($,(-6.74887638092041,5.40173778533936,1.17149998664856));
#12590=CARTESIAN_POINT('Origin',(-6.75387704849243,5.39673778533936,1.12149998664856));
#12591=CARTESIAN_POINT('',(-6.74887638092041,5.39673778533936,1.07149998664856));
#12592=CARTESIAN_POINT($,(-6.75387704849243,5.39673778533936,1.07149998664856));
#12593=CARTESIAN_POINT($,(-6.74887638092041,5.39673778533935,1.12149998664856));
#12594=CARTESIAN_POINT('Origin',(-6.75387704849243,5.37673778533936,1.07149998664856));
#12595=CARTESIAN_POINT($,(-6.74887638092041,5.40173778533936,1.07149998664856));
#12596=CARTESIAN_POINT('Origin',(-6.94887638092041,5.42673778533936,1.19649998664856));
#12597=CARTESIAN_POINT('',(-6.74887638092041,5.27673778533936,1.19649998664856));
#12598=CARTESIAN_POINT('',(-6.74887638092041,5.57673778533936,1.19649998664856));
#12599=CARTESIAN_POINT($,(-6.74887638092041,5.42673778533936,1.19649998664856));
#12600=CARTESIAN_POINT('',(-7.14887638092041,5.57673778533936,1.19649998664856));
#12601=CARTESIAN_POINT($,(-6.94887638092041,5.57673778533936,1.19649998664856));
#12602=CARTESIAN_POINT('',(-7.14887638092041,5.27673778533936,1.19649998664856));
#12603=CARTESIAN_POINT($,(-7.14887638092041,5.42673778533936,1.19649998664856));
#12604=CARTESIAN_POINT($,(-6.94887638092041,5.27673778533936,1.19649998664856));
#12605=CARTESIAN_POINT('Origin',(-6.94887638092041,5.42673778533936,1.04649998664856));
#12606=CARTESIAN_POINT('',(-6.74887638092041,5.57673778533936,1.04649998664856));
#12607=CARTESIAN_POINT('',(-6.74887638092041,5.27673778533936,1.04649998664856));
#12608=CARTESIAN_POINT($,(-6.74887638092041,5.42673778533936,1.04649998664856));
#12609=CARTESIAN_POINT('',(-7.14887638092041,5.27673778533936,1.04649998664856));
#12610=CARTESIAN_POINT($,(-6.94887638092041,5.27673778533936,1.04649998664856));
#12611=CARTESIAN_POINT('',(-7.14887638092041,5.57673778533936,1.04649998664856));
#12612=CARTESIAN_POINT($,(-7.14887638092041,5.42673778533936,1.04649998664856));
#12613=CARTESIAN_POINT($,(-6.94887638092041,5.57673778533936,1.04649998664856));
#12614=CARTESIAN_POINT('Origin',(-6.94887638092041,5.27673778533936,1.12149998664856));
#12615=CARTESIAN_POINT($,(-7.14887638092041,5.27673778533936,1.12149998664856));
#12616=CARTESIAN_POINT($,(-6.74887638092041,5.27673778533936,1.12149998664856));
#12617=CARTESIAN_POINT('Origin',(-7.14887638092041,5.42673778533936,1.12149998664856));
#12618=CARTESIAN_POINT($,(-7.14887638092041,5.57673778533936,1.12149998664856));
#12619=CARTESIAN_POINT('Origin',(-6.94887638092041,5.57673778533936,1.12149998664856));
#12620=CARTESIAN_POINT($,(-6.74887638092041,5.57673778533936,1.12149998664856));
#12621=CARTESIAN_POINT('Origin',(-6.74887638092041,5.42673778533936,1.12149998664856));
#12622=CARTESIAN_POINT('Origin',(-7.30563297271728,6.0293981552124,1.12649998664856));
#12623=CARTESIAN_POINT('',(-7.25563297271728,5.9543981552124,1.12649998664856));
#12624=CARTESIAN_POINT('',(-7.25563297271728,6.1043981552124,1.12649998664856));
#12625=CARTESIAN_POINT($,(-7.25563297271728,6.0293981552124,1.12649998664856));
#12626=CARTESIAN_POINT('',(-7.35563297271728,6.1043981552124,1.12649998664856));
#12627=CARTESIAN_POINT($,(-7.30563297271728,6.1043981552124,1.12649998664856));
#12628=CARTESIAN_POINT('',(-7.35563297271728,5.9543981552124,1.12649998664856));
#12629=CARTESIAN_POINT($,(-7.35563297271728,6.0293981552124,1.12649998664856));
#12630=CARTESIAN_POINT($,(-7.30563297271728,5.9543981552124,1.12649998664856));
#12631=CARTESIAN_POINT('Origin',(-7.30563297271728,6.0293981552124,1.02649998664856));
#12632=CARTESIAN_POINT('',(-7.25563297271728,6.1043981552124,1.02649998664856));
#12633=CARTESIAN_POINT('',(-7.25563297271728,5.9543981552124,1.02649998664856));
#12634=CARTESIAN_POINT($,(-7.25563297271728,6.0293981552124,1.02649998664856));
#12635=CARTESIAN_POINT('',(-7.35563297271728,5.9543981552124,1.02649998664856));
#12636=CARTESIAN_POINT($,(-7.30563297271728,5.9543981552124,1.02649998664856));
#12637=CARTESIAN_POINT('',(-7.35563297271728,6.1043981552124,1.02649998664856));
#12638=CARTESIAN_POINT($,(-7.35563297271728,6.0293981552124,1.02649998664856));
#12639=CARTESIAN_POINT($,(-7.30563297271728,6.1043981552124,1.02649998664856));
#12640=CARTESIAN_POINT('Origin',(-7.30563297271728,5.9543981552124,1.07649998664856));
#12641=CARTESIAN_POINT($,(-7.35563297271728,5.9543981552124,1.07649998664856));
#12642=CARTESIAN_POINT($,(-7.25563297271728,5.9543981552124,1.07649998664856));
#12643=CARTESIAN_POINT('Origin',(-7.35563297271728,6.0293981552124,1.07649998664856));
#12644=CARTESIAN_POINT($,(-7.35563297271728,6.1043981552124,1.07649998664856));
#12645=CARTESIAN_POINT('Origin',(-7.30563297271728,6.1043981552124,1.07649998664856));
#12646=CARTESIAN_POINT($,(-7.25563297271728,6.1043981552124,1.07649998664856));
#12647=CARTESIAN_POINT('Origin',(-7.25563297271728,6.0293981552124,1.07649998664856));
#12648=CARTESIAN_POINT('Origin',(-7.15563297271729,5.8293981552124,1.12649998664856));
#12649=CARTESIAN_POINT('',(-7.10828089361902,5.75269886835085,1.12649998664856));
#12650=CARTESIAN_POINT('',(-7.10304596911364,5.90260749240371,1.12649998664856));
#12651=CARTESIAN_POINT($,(-7.10566343136633,5.82765318037728,1.12649998664856));
#12652=CARTESIAN_POINT('',(-7.20298505181555,5.90609744207396,1.12649998664856));
#12653=CARTESIAN_POINT($,(-7.1530155104646,5.90435246723883,1.12649998664856));
#12654=CARTESIAN_POINT('',(-7.20821997632093,5.7561888180211,1.12649998664856));
#12655=CARTESIAN_POINT($,(-7.20560251406824,5.83114313004753,1.12649998664856));
#12656=CARTESIAN_POINT($,(-7.15825043496997,5.75444384318597,1.12649998664856));
#12657=CARTESIAN_POINT('Origin',(-7.15563297271729,5.8293981552124,1.02649998664856));
#12658=CARTESIAN_POINT('',(-7.10304596911364,5.90260749240371,1.02649998664856));
#12659=CARTESIAN_POINT('',(-7.10828089361902,5.75269886835085,1.02649998664856));
#12660=CARTESIAN_POINT($,(-7.10566343136633,5.82765318037728,1.02649998664856));
#12661=CARTESIAN_POINT('',(-7.20821997632093,5.7561888180211,1.02649998664856));
#12662=CARTESIAN_POINT($,(-7.15825043496997,5.75444384318597,1.02649998664856));
#12663=CARTESIAN_POINT('',(-7.20298505181555,5.90609744207396,1.02649998664856));
#12664=CARTESIAN_POINT($,(-7.20560251406824,5.83114313004753,1.02649998664856));
#12665=CARTESIAN_POINT($,(-7.1530155104646,5.90435246723883,1.02649998664856));
#12666=CARTESIAN_POINT('Origin',(-7.15825043496997,5.75444384318597,1.07649998664856));
#12667=CARTESIAN_POINT($,(-7.20821997632093,5.7561888180211,1.07649998664856));
#12668=CARTESIAN_POINT($,(-7.10828089361902,5.75269886835085,1.07649998664856));
#12669=CARTESIAN_POINT('Origin',(-7.20560251406824,5.83114313004753,1.07649998664856));
#12670=CARTESIAN_POINT($,(-7.20298505181555,5.90609744207396,1.07649998664856));
#12671=CARTESIAN_POINT('Origin',(-7.1530155104646,5.90435246723883,1.07649998664856));
#12672=CARTESIAN_POINT($,(-7.10304596911364,5.90260749240371,1.07649998664856));
#12673=CARTESIAN_POINT('Origin',(-7.10566343136633,5.82765318037728,1.07649998664856));
#12674=CARTESIAN_POINT('Origin',(-6.85563297271729,5.8293981552124,1.12649998664856));
#12675=CARTESIAN_POINT('',(-6.8109865057351,5.75109302775571,1.12649998664856));
#12676=CARTESIAN_POINT('',(-6.80052303467348,5.90072763529468,1.12649998664856));
#12677=CARTESIAN_POINT($,(-6.80575477020429,5.8259103315252,1.12649998664856));
#12678=CARTESIAN_POINT('',(-6.90027943969947,5.9077032826691,1.12649998664856));
#12679=CARTESIAN_POINT($,(-6.85040123718648,5.90421545898189,1.12649998664856));
#12680=CARTESIAN_POINT('',(-6.91074291076109,5.75806867513012,1.12649998664856));
#12681=CARTESIAN_POINT($,(-6.90551117523028,5.83288597889961,1.12649998664856));
#12682=CARTESIAN_POINT($,(-6.86086470824809,5.75458085144292,1.12649998664856));
#12683=CARTESIAN_POINT('Origin',(-6.85563297271729,5.8293981552124,1.02649998664856));
#12684=CARTESIAN_POINT('',(-6.80052303467348,5.90072763529468,1.02649998664856));
#12685=CARTESIAN_POINT('',(-6.8109865057351,5.75109302775571,1.02649998664856));
#12686=CARTESIAN_POINT($,(-6.80575477020429,5.8259103315252,1.02649998664856));
#12687=CARTESIAN_POINT('',(-6.91074291076109,5.75806867513012,1.02649998664856));
#12688=CARTESIAN_POINT($,(-6.86086470824809,5.75458085144292,1.02649998664856));
#12689=CARTESIAN_POINT('',(-6.90027943969947,5.9077032826691,1.02649998664856));
#12690=CARTESIAN_POINT($,(-6.90551117523028,5.83288597889961,1.02649998664856));
#12691=CARTESIAN_POINT($,(-6.85040123718648,5.90421545898189,1.02649998664856));
#12692=CARTESIAN_POINT('Origin',(-6.86086470824809,5.75458085144292,1.07649998664856));
#12693=CARTESIAN_POINT($,(-6.91074291076109,5.75806867513012,1.07649998664856));
#12694=CARTESIAN_POINT($,(-6.8109865057351,5.75109302775571,1.07649998664856));
#12695=CARTESIAN_POINT('Origin',(-6.90551117523028,5.83288597889961,1.07649998664856));
#12696=CARTESIAN_POINT($,(-6.90027943969947,5.9077032826691,1.07649998664856));
#12697=CARTESIAN_POINT('Origin',(-6.85040123718648,5.90421545898189,1.07649998664856));
#12698=CARTESIAN_POINT($,(-6.80052303467348,5.90072763529468,1.07649998664856));
#12699=CARTESIAN_POINT('Origin',(-6.80575477020429,5.8259103315252,1.07649998664856));
#12700=CARTESIAN_POINT('Origin',(-7.00563297271728,5.8293981552124,1.12649998664856));
#12701=CARTESIAN_POINT('',(-6.95433165747667,5.75528219839754,1.12649998664856));
#12702=CARTESIAN_POINT('',(-6.95694951844226,5.905259352671,1.12649998664856));
#12703=CARTESIAN_POINT($,(-6.95564058795947,5.83027077553427,1.12649998664856));
#12704=CARTESIAN_POINT('',(-7.0569342879579,5.90351411202727,1.12649998664856));
#12705=CARTESIAN_POINT($,(-7.00694190320008,5.90438673234913,1.12649998664856));
#12706=CARTESIAN_POINT('',(-7.05431642699231,5.75353695775381,1.12649998664856));
#12707=CARTESIAN_POINT($,(-7.0556253574751,5.82852553489054,1.12649998664856));
#12708=CARTESIAN_POINT($,(-7.00432404223449,5.75440957807567,1.12649998664856));
#12709=CARTESIAN_POINT('Origin',(-7.00563297271728,5.8293981552124,1.02649998664856));
#12710=CARTESIAN_POINT('',(-6.95694951844226,5.905259352671,1.02649998664856));
#12711=CARTESIAN_POINT('',(-6.95433165747667,5.75528219839754,1.02649998664856));
#12712=CARTESIAN_POINT($,(-6.95564058795947,5.83027077553427,1.02649998664856));
#12713=CARTESIAN_POINT('',(-7.05431642699231,5.75353695775381,1.02649998664856));
#12714=CARTESIAN_POINT($,(-7.00432404223449,5.75440957807567,1.02649998664856));
#12715=CARTESIAN_POINT('',(-7.0569342879579,5.90351411202727,1.02649998664856));
#12716=CARTESIAN_POINT($,(-7.0556253574751,5.82852553489054,1.02649998664856));
#12717=CARTESIAN_POINT($,(-7.00694190320008,5.90438673234913,1.02649998664856));
#12718=CARTESIAN_POINT('Origin',(-7.00432404223449,5.75440957807567,1.07649998664856));
#12719=CARTESIAN_POINT($,(-7.05431642699231,5.75353695775381,1.07649998664856));
#12720=CARTESIAN_POINT($,(-6.95433165747667,5.75528219839754,1.07649998664856));
#12721=CARTESIAN_POINT('Origin',(-7.0556253574751,5.82852553489054,1.07649998664856));
#12722=CARTESIAN_POINT($,(-7.0569342879579,5.90351411202727,1.07649998664856));
#12723=CARTESIAN_POINT('Origin',(-7.00694190320008,5.90438673234913,1.07649998664856));
#12724=CARTESIAN_POINT($,(-6.95694951844226,5.905259352671,1.07649998664856));
#12725=CARTESIAN_POINT('Origin',(-6.95564058795947,5.83027077553427,1.07649998664856));
#12726=CARTESIAN_POINT('Origin',(-7.10563297271728,6.0293981552124,1.12649998664856));
#12727=CARTESIAN_POINT('',(-7.0609865057351,5.95109302775571,1.12649998664856));
#12728=CARTESIAN_POINT('',(-7.05052303467348,6.10072763529468,1.12649998664856));
#12729=CARTESIAN_POINT($,(-7.05575477020429,6.0259103315252,1.12649998664856));
#12730=CARTESIAN_POINT('',(-7.15027943969947,6.1077032826691,1.12649998664856));
#12731=CARTESIAN_POINT($,(-7.10040123718648,6.10421545898189,1.12649998664856));
#12732=CARTESIAN_POINT('',(-7.16074291076109,5.95806867513012,1.12649998664856));
#12733=CARTESIAN_POINT($,(-7.15551117523028,6.03288597889961,1.12649998664856));
#12734=CARTESIAN_POINT($,(-7.11086470824809,5.95458085144292,1.12649998664856));
#12735=CARTESIAN_POINT('Origin',(-7.10563297271728,6.0293981552124,1.02649998664856));
#12736=CARTESIAN_POINT('',(-7.05052303467348,6.10072763529468,1.02649998664856));
#12737=CARTESIAN_POINT('',(-7.0609865057351,5.95109302775571,1.02649998664856));
#12738=CARTESIAN_POINT($,(-7.05575477020429,6.0259103315252,1.02649998664856));
#12739=CARTESIAN_POINT('',(-7.16074291076109,5.95806867513012,1.02649998664856));
#12740=CARTESIAN_POINT($,(-7.11086470824809,5.95458085144292,1.02649998664856));
#12741=CARTESIAN_POINT('',(-7.15027943969947,6.1077032826691,1.02649998664856));
#12742=CARTESIAN_POINT($,(-7.15551117523028,6.03288597889961,1.02649998664856));
#12743=CARTESIAN_POINT($,(-7.10040123718648,6.10421545898189,1.02649998664856));
#12744=CARTESIAN_POINT('Origin',(-7.11086470824809,5.95458085144292,1.07649998664856));
#12745=CARTESIAN_POINT($,(-7.16074291076109,5.95806867513012,1.07649998664856));
#12746=CARTESIAN_POINT($,(-7.0609865057351,5.95109302775571,1.07649998664856));
#12747=CARTESIAN_POINT('Origin',(-7.15551117523028,6.03288597889961,1.07649998664856));
#12748=CARTESIAN_POINT($,(-7.15027943969947,6.1077032826691,1.07649998664856));
#12749=CARTESIAN_POINT('Origin',(-7.10040123718648,6.10421545898189,1.07649998664856));
#12750=CARTESIAN_POINT($,(-7.05052303467348,6.10072763529468,1.07649998664856));
#12751=CARTESIAN_POINT('Origin',(-7.05575477020429,6.0259103315252,1.07649998664856));
#12752=CARTESIAN_POINT('Origin',(-6.74982704849243,5.34673778533936,1.12149998664856));
#12753=CARTESIAN_POINT('',(-6.74982704849243,5.30623778533936,1.08099998664856));
#12754=CARTESIAN_POINT('',(-6.74982704849243,5.38723778533936,1.08099998664856));
#12755=CARTESIAN_POINT($,(-6.74982704849243,5.34673778533936,1.08099998664856));
#12756=CARTESIAN_POINT('',(-6.74982704849243,5.38723778533936,1.16199998664856));
#12757=CARTESIAN_POINT($,(-6.74982704849243,5.38723778533936,1.12149998664856));
#12758=CARTESIAN_POINT('',(-6.74982704849243,5.30623778533936,1.16199998664856));
#12759=CARTESIAN_POINT($,(-6.74982704849243,5.34673778533936,1.16199998664856));
#12760=CARTESIAN_POINT($,(-6.74982704849243,5.30623778533936,1.12149998664856));
#12761=CARTESIAN_POINT('Origin',(-6.75792704849243,5.34673778533936,1.12149998664856));
#12762=CARTESIAN_POINT('',(-6.75792704849243,5.38723778533936,1.08099998664856));
#12763=CARTESIAN_POINT('',(-6.75792704849243,5.30623778533936,1.08099998664856));
#12764=CARTESIAN_POINT($,(-6.75792704849243,5.34673778533936,1.08099998664856));
#12765=CARTESIAN_POINT('',(-6.75792704849243,5.30623778533936,1.16199998664856));
#12766=CARTESIAN_POINT($,(-6.75792704849243,5.30623778533936,1.12149998664856));
#12767=CARTESIAN_POINT('',(-6.75792704849243,5.38723778533936,1.16199998664856));
#12768=CARTESIAN_POINT($,(-6.75792704849243,5.34673778533936,1.16199998664856));
#12769=CARTESIAN_POINT($,(-6.75792704849243,5.38723778533936,1.12149998664856));
#12770=CARTESIAN_POINT('Origin',(-6.75387704849243,5.30623778533936,1.12149998664856));
#12771=CARTESIAN_POINT($,(-6.75387704849243,5.30623778533936,1.16199998664856));
#12772=CARTESIAN_POINT($,(-6.75387704849243,5.30623778533936,1.08099998664856));
#12773=CARTESIAN_POINT('Origin',(-6.75387704849243,5.34673778533936,1.16199998664856));
#12774=CARTESIAN_POINT($,(-6.75387704849243,5.38723778533936,1.16199998664856));
#12775=CARTESIAN_POINT('Origin',(-6.75387704849243,5.38723778533936,1.12149998664856));
#12776=CARTESIAN_POINT($,(-6.75387704849243,5.38723778533936,1.08099998664856));
#12777=CARTESIAN_POINT('Origin',(-6.75387704849243,5.34673778533936,1.08099998664856));
#12778=CARTESIAN_POINT('Origin',(-6.74887704849243,5.34673778533936,1.12149998664856));
#12779=CARTESIAN_POINT('',(-6.74887704849243,5.30623778533936,1.08099998664856));
#12780=CARTESIAN_POINT('',(-6.74887704849243,5.30623778533936,1.16199998664856));
#12781=CARTESIAN_POINT($,(-6.74887704849243,5.30623778533936,1.12149998664856));
#12782=CARTESIAN_POINT('',(-6.74887704849243,5.38723778533936,1.16199998664856));
#12783=CARTESIAN_POINT($,(-6.74887704849243,5.34673778533936,1.16199998664856));
#12784=CARTESIAN_POINT('',(-6.74887704849243,5.38723778533936,1.08099998664856));
#12785=CARTESIAN_POINT($,(-6.74887704849243,5.38723778533936,1.12149998664856));
#12786=CARTESIAN_POINT($,(-6.74887704849243,5.34673778533936,1.08099998664856));
#12787=CARTESIAN_POINT('',(-6.74887704849243,5.29673778533936,1.07149998664856));
#12788=CARTESIAN_POINT('',(-6.74887704849243,5.39673778533936,1.07149998664856));
#12789=CARTESIAN_POINT($,(-6.74887704849243,5.34673778533936,1.07149998664856));
#12790=CARTESIAN_POINT('',(-6.74887704849243,5.39673778533936,1.17149998664856));
#12791=CARTESIAN_POINT($,(-6.74887704849243,5.39673778533936,1.12149998664856));
#12792=CARTESIAN_POINT('',(-6.74887704849243,5.29673778533936,1.17149998664856));
#12793=CARTESIAN_POINT($,(-6.74887704849243,5.34673778533936,1.17149998664856));
#12794=CARTESIAN_POINT($,(-6.74887704849243,5.29673778533936,1.12149998664856));
#12795=CARTESIAN_POINT('Origin',(-6.75887704849243,5.34673778533936,1.12149998664856));
#12796=CARTESIAN_POINT('',(-6.75887704849243,5.30623778533936,1.16199998664856));
#12797=CARTESIAN_POINT('',(-6.75887704849243,5.30623778533936,1.08099998664856));
#12798=CARTESIAN_POINT($,(-6.75887704849243,5.30623778533936,1.12149998664856));
#12799=CARTESIAN_POINT('',(-6.75887704849243,5.38723778533936,1.08099998664856));
#12800=CARTESIAN_POINT($,(-6.75887704849243,5.34673778533936,1.08099998664856));
#12801=CARTESIAN_POINT('',(-6.75887704849243,5.38723778533936,1.16199998664856));
#12802=CARTESIAN_POINT($,(-6.75887704849243,5.38723778533936,1.12149998664856));
#12803=CARTESIAN_POINT($,(-6.75887704849243,5.34673778533936,1.16199998664856));
#12804=CARTESIAN_POINT('',(-6.75887704849243,5.39673778533936,1.07149998664856));
#12805=CARTESIAN_POINT('',(-6.75887704849243,5.29673778533936,1.07149998664856));
#12806=CARTESIAN_POINT($,(-6.75887704849243,5.34673778533936,1.07149998664856));
#12807=CARTESIAN_POINT('',(-6.75887704849243,5.29673778533936,1.17149998664856));
#12808=CARTESIAN_POINT($,(-6.75887704849243,5.29673778533936,1.12149998664856));
#12809=CARTESIAN_POINT('',(-6.75887704849243,5.39673778533936,1.17149998664856));
#12810=CARTESIAN_POINT($,(-6.75887704849243,5.34673778533936,1.17149998664856));
#12811=CARTESIAN_POINT($,(-6.75887704849243,5.39673778533936,1.12149998664856));
#12812=CARTESIAN_POINT('Origin',(-6.75387704849243,5.29673778533936,1.12149998664856));
#12813=CARTESIAN_POINT($,(-6.75387704849243,5.29673778533936,1.17149998664856));
#12814=CARTESIAN_POINT($,(-6.75387704849243,5.29673778533936,1.07149998664856));
#12815=CARTESIAN_POINT('Origin',(-6.75387704849243,5.34673778533936,1.17149998664856));
#12816=CARTESIAN_POINT($,(-6.75387704849243,5.39673778533936,1.17149998664856));
#12817=CARTESIAN_POINT('Origin',(-6.75387704849243,5.39673778533936,1.12149998664856));
#12818=CARTESIAN_POINT($,(-6.75387704849243,5.39673778533936,1.07149998664856));
#12819=CARTESIAN_POINT('Origin',(-6.75387704849243,5.34673778533936,1.07149998664856));
#12820=CARTESIAN_POINT('Origin',(-6.75387704849243,5.30623778533936,1.12149998664856));
#12821=CARTESIAN_POINT($,(-6.76387704849243,5.30623778533936,1.16199998664856));
#12822=CARTESIAN_POINT($,(-6.76387704849243,5.30623778533936,1.08099998664856));
#12823=CARTESIAN_POINT('Origin',(-6.75387704849243,5.34673778533936,1.16199998664856));
#12824=CARTESIAN_POINT($,(-6.76387704849243,5.38723778533936,1.16199998664856));
#12825=CARTESIAN_POINT('Origin',(-6.75387704849243,5.38723778533936,1.12149998664856));
#12826=CARTESIAN_POINT($,(-6.76387704849243,5.38723778533936,1.08099998664856));
#12827=CARTESIAN_POINT('Origin',(-6.75387704849243,5.34673778533936,1.08099998664856));
#12828=CARTESIAN_POINT('Origin',(-7.09887638092041,5.47673778533936,1.1974999628067));
#12829=CARTESIAN_POINT('',(-7.07387638092041,5.45173778533935,1.1974999628067));
#12830=CARTESIAN_POINT('',(-7.07387638092041,5.50173778533936,1.1974999628067));
#12831=CARTESIAN_POINT($,(-7.07387638092041,5.47673778533936,1.1974999628067));
#12832=CARTESIAN_POINT('',(-7.12387638092041,5.50173778533936,1.1974999628067));
#12833=CARTESIAN_POINT($,(-7.09887638092041,5.50173778533936,1.1974999628067));
#12834=CARTESIAN_POINT('',(-7.12387638092041,5.45173778533935,1.1974999628067));
#12835=CARTESIAN_POINT($,(-7.12387638092041,5.47673778533936,1.1974999628067));
#12836=CARTESIAN_POINT($,(-7.09887638092041,5.45173778533935,1.1974999628067));
#12837=CARTESIAN_POINT('Origin',(-7.09887638092041,5.47673778533936,1.1964999628067));
#12838=CARTESIAN_POINT('',(-7.07387638092041,5.50173778533936,1.1964999628067));
#12839=CARTESIAN_POINT('',(-7.07387638092041,5.45173778533935,1.1964999628067));
#12840=CARTESIAN_POINT($,(-7.07387638092041,5.47673778533936,1.1964999628067));
#12841=CARTESIAN_POINT('',(-7.12387638092041,5.45173778533935,1.1964999628067));
#12842=CARTESIAN_POINT($,(-7.09887638092041,5.45173778533935,1.1964999628067));
#12843=CARTESIAN_POINT('',(-7.12387638092041,5.50173778533936,1.1964999628067));
#12844=CARTESIAN_POINT($,(-7.12387638092041,5.47673778533936,1.1964999628067));
#12845=CARTESIAN_POINT($,(-7.09887638092041,5.50173778533936,1.1964999628067));
#12846=CARTESIAN_POINT('Origin',(-7.09887638092041,5.45173778533935,1.2014999628067));
#12847=CARTESIAN_POINT($,(-7.12387638092041,5.45173778533935,1.2014999628067));
#12848=CARTESIAN_POINT($,(-7.07387638092041,5.45173778533935,1.2014999628067));
#12849=CARTESIAN_POINT('Origin',(-7.12387638092041,5.47673778533936,1.2014999628067));
#12850=CARTESIAN_POINT($,(-7.12387638092041,5.50173778533936,1.2014999628067));
#12851=CARTESIAN_POINT('Origin',(-7.09887638092041,5.50173778533936,1.2014999628067));
#12852=CARTESIAN_POINT($,(-7.07387638092041,5.50173778533936,1.2014999628067));
#12853=CARTESIAN_POINT('Origin',(-7.07387638092041,5.47673778533936,1.2014999628067));
#12854=CARTESIAN_POINT('Origin',(-7.05950443506278,9.09633169305272,1.42650000000003));
#12855=CARTESIAN_POINT('',(-7.05950443506278,9.29633169305272,1.77650000000003));
#12856=CARTESIAN_POINT('',(-7.05950443506278,8.84633169305272,1.77650000000003));
#12857=CARTESIAN_POINT($,(-7.05950443506278,9.09633169305272,1.77650000000003));
#12858=CARTESIAN_POINT('',(-7.05950443506278,8.84633169305272,1.17650000000003));
#12859=CARTESIAN_POINT($,(-7.05950443506278,8.84633169305272,1.42650000000003));
#12860=CARTESIAN_POINT('',(-7.05950443506278,9.29633169305272,1.17650000000003));
#12861=CARTESIAN_POINT($,(-7.05950443506278,9.09633169305272,1.17650000000003));
#12862=CARTESIAN_POINT($,(-7.05950443506278,9.29633169305272,1.42650000000003));
#12863=CARTESIAN_POINT('Origin',(-7.55950443506278,9.09633169305272,1.42650000000003));
#12864=CARTESIAN_POINT('',(-7.55950443506278,8.84633169305272,1.77650000000003));
#12865=CARTESIAN_POINT('',(-7.55950443506278,9.29633169305272,1.77650000000003));
#12866=CARTESIAN_POINT($,(-7.55950443506278,9.09633169305272,1.77650000000003));
#12867=CARTESIAN_POINT('',(-7.55950443506278,9.29633169305272,1.17650000000003));
#12868=CARTESIAN_POINT($,(-7.55950443506278,9.29633169305272,1.42650000000003));
#12869=CARTESIAN_POINT('',(-7.55950443506278,8.84633169305272,1.17650000000003));
#12870=CARTESIAN_POINT($,(-7.55950443506278,9.09633169305272,1.17650000000003));
#12871=CARTESIAN_POINT($,(-7.55950443506278,8.84633169305272,1.42650000000003));
#12872=CARTESIAN_POINT('Origin',(-7.30950443506278,9.29633169305272,1.42650000000003));
#12873=CARTESIAN_POINT($,(-7.30950443506278,9.29633169305272,1.17650000000003));
#12874=CARTESIAN_POINT($,(-7.30950443506278,9.29633169305272,1.77650000000003));
#12875=CARTESIAN_POINT('Origin',(-7.30950443506278,9.09633169305272,1.17650000000003));
#12876=CARTESIAN_POINT($,(-7.30950443506278,8.84633169305272,1.17650000000003));
#12877=CARTESIAN_POINT('Origin',(-7.30950443506278,8.84633169305272,1.42650000000003));
#12878=CARTESIAN_POINT($,(-7.30950443506278,8.84633169305272,1.77650000000003));
#12879=CARTESIAN_POINT('Origin',(-7.30950443506278,9.09633169305272,1.77650000000003));
#12880=CARTESIAN_POINT('Origin',(-6.79887638092041,5.52673778533936,1.0464999628067));
#12881=CARTESIAN_POINT('',(-6.77387638092041,5.50173778533935,1.0464999628067));
#12882=CARTESIAN_POINT('',(-6.77387638092041,5.55173778533936,1.0464999628067));
#12883=CARTESIAN_POINT($,(-6.77387638092041,5.52673778533936,1.0464999628067));
#12884=CARTESIAN_POINT('',(-6.82387638092041,5.55173778533936,1.0464999628067));
#12885=CARTESIAN_POINT($,(-6.79887638092041,5.55173778533936,1.0464999628067));
#12886=CARTESIAN_POINT('',(-6.82387638092041,5.50173778533935,1.0464999628067));
#12887=CARTESIAN_POINT($,(-6.82387638092041,5.52673778533936,1.0464999628067));
#12888=CARTESIAN_POINT($,(-6.79887638092041,5.50173778533935,1.0464999628067));
#12889=CARTESIAN_POINT('Origin',(-6.79887638092041,5.52673778533936,1.0364999628067));
#12890=CARTESIAN_POINT('',(-6.77387638092041,5.55173778533936,1.0364999628067));
#12891=CARTESIAN_POINT('',(-6.77387638092041,5.50173778533935,1.0364999628067));
#12892=CARTESIAN_POINT($,(-6.77387638092041,5.52673778533936,1.0364999628067));
#12893=CARTESIAN_POINT('',(-6.82387638092041,5.50173778533935,1.0364999628067));
#12894=CARTESIAN_POINT($,(-6.79887638092041,5.50173778533935,1.0364999628067));
#12895=CARTESIAN_POINT('',(-6.82387638092041,5.55173778533936,1.0364999628067));
#12896=CARTESIAN_POINT($,(-6.82387638092041,5.52673778533936,1.0364999628067));
#12897=CARTESIAN_POINT($,(-6.79887638092041,5.55173778533936,1.0364999628067));
#12898=CARTESIAN_POINT('Origin',(-6.79887638092041,5.50173778533935,1.0414999628067));
#12899=CARTESIAN_POINT($,(-6.82387638092041,5.50173778533935,1.0414999628067));
#12900=CARTESIAN_POINT($,(-6.77387638092041,5.50173778533935,1.0414999628067));
#12901=CARTESIAN_POINT('Origin',(-6.82387638092041,5.52673778533936,1.0414999628067));
#12902=CARTESIAN_POINT($,(-6.82387638092041,5.55173778533936,1.0414999628067));
#12903=CARTESIAN_POINT('Origin',(-6.79887638092041,5.55173778533936,1.0414999628067));
#12904=CARTESIAN_POINT($,(-6.77387638092041,5.55173778533936,1.0414999628067));
#12905=CARTESIAN_POINT('Origin',(-6.77387638092041,5.52673778533936,1.0414999628067));
#12906=CARTESIAN_POINT('Origin',(-6.79887638092041,5.32673778533935,1.0464999628067));
#12907=CARTESIAN_POINT('',(-6.77387638092041,5.30173778533935,1.0464999628067));
#12908=CARTESIAN_POINT('',(-6.77387638092041,5.35173778533936,1.0464999628067));
#12909=CARTESIAN_POINT($,(-6.77387638092041,5.32673778533935,1.0464999628067));
#12910=CARTESIAN_POINT('',(-6.82387638092041,5.35173778533936,1.0464999628067));
#12911=CARTESIAN_POINT($,(-6.79887638092041,5.35173778533936,1.0464999628067));
#12912=CARTESIAN_POINT('',(-6.82387638092041,5.30173778533935,1.0464999628067));
#12913=CARTESIAN_POINT($,(-6.82387638092041,5.32673778533935,1.0464999628067));
#12914=CARTESIAN_POINT($,(-6.79887638092041,5.30173778533935,1.0464999628067));
#12915=CARTESIAN_POINT('Origin',(-6.79887638092041,5.32673778533935,1.0364999628067));
#12916=CARTESIAN_POINT('',(-6.77387638092041,5.35173778533936,1.0364999628067));
#12917=CARTESIAN_POINT('',(-6.77387638092041,5.30173778533935,1.0364999628067));
#12918=CARTESIAN_POINT($,(-6.77387638092041,5.32673778533935,1.0364999628067));
#12919=CARTESIAN_POINT('',(-6.82387638092041,5.30173778533935,1.0364999628067));
#12920=CARTESIAN_POINT($,(-6.79887638092041,5.30173778533935,1.0364999628067));
#12921=CARTESIAN_POINT('',(-6.82387638092041,5.35173778533936,1.0364999628067));
#12922=CARTESIAN_POINT($,(-6.82387638092041,5.32673778533935,1.0364999628067));
#12923=CARTESIAN_POINT($,(-6.79887638092041,5.35173778533936,1.0364999628067));
#12924=CARTESIAN_POINT('Origin',(-6.79887638092041,5.30173778533935,1.0414999628067));
#12925=CARTESIAN_POINT($,(-6.82387638092041,5.30173778533935,1.0414999628067));
#12926=CARTESIAN_POINT($,(-6.77387638092041,5.30173778533935,1.0414999628067));
#12927=CARTESIAN_POINT('Origin',(-6.82387638092041,5.32673778533935,1.0414999628067));
#12928=CARTESIAN_POINT($,(-6.82387638092041,5.35173778533936,1.0414999628067));
#12929=CARTESIAN_POINT('Origin',(-6.79887638092041,5.35173778533936,1.0414999628067));
#12930=CARTESIAN_POINT($,(-6.77387638092041,5.35173778533936,1.0414999628067));
#12931=CARTESIAN_POINT('Origin',(-6.77387638092041,5.32673778533935,1.0414999628067));
#12932=CARTESIAN_POINT('Origin',(-7.09887638092041,5.52673778533936,1.0464999628067));
#12933=CARTESIAN_POINT('',(-7.07387638092041,5.50173778533935,1.0464999628067));
#12934=CARTESIAN_POINT('',(-7.07387638092041,5.55173778533936,1.0464999628067));
#12935=CARTESIAN_POINT($,(-7.07387638092041,5.52673778533936,1.0464999628067));
#12936=CARTESIAN_POINT('',(-7.12387638092041,5.55173778533936,1.0464999628067));
#12937=CARTESIAN_POINT($,(-7.09887638092041,5.55173778533936,1.0464999628067));
#12938=CARTESIAN_POINT('',(-7.12387638092041,5.50173778533935,1.0464999628067));
#12939=CARTESIAN_POINT($,(-7.12387638092041,5.52673778533936,1.0464999628067));
#12940=CARTESIAN_POINT($,(-7.09887638092041,5.50173778533935,1.0464999628067));
#12941=CARTESIAN_POINT('Origin',(-7.09887638092041,5.52673778533936,1.0364999628067));
#12942=CARTESIAN_POINT('',(-7.07387638092041,5.55173778533936,1.0364999628067));
#12943=CARTESIAN_POINT('',(-7.07387638092041,5.50173778533935,1.0364999628067));
#12944=CARTESIAN_POINT($,(-7.07387638092041,5.52673778533936,1.0364999628067));
#12945=CARTESIAN_POINT('',(-7.12387638092041,5.50173778533935,1.0364999628067));
#12946=CARTESIAN_POINT($,(-7.09887638092041,5.50173778533935,1.0364999628067));
#12947=CARTESIAN_POINT('',(-7.12387638092041,5.55173778533936,1.0364999628067));
#12948=CARTESIAN_POINT($,(-7.12387638092041,5.52673778533936,1.0364999628067));
#12949=CARTESIAN_POINT($,(-7.09887638092041,5.55173778533936,1.0364999628067));
#12950=CARTESIAN_POINT('Origin',(-7.09887638092041,5.50173778533935,1.0414999628067));
#12951=CARTESIAN_POINT($,(-7.12387638092041,5.50173778533935,1.0414999628067));
#12952=CARTESIAN_POINT($,(-7.07387638092041,5.50173778533935,1.0414999628067));
#12953=CARTESIAN_POINT('Origin',(-7.12387638092041,5.52673778533936,1.0414999628067));
#12954=CARTESIAN_POINT($,(-7.12387638092041,5.55173778533936,1.0414999628067));
#12955=CARTESIAN_POINT('Origin',(-7.09887638092041,5.55173778533936,1.0414999628067));
#12956=CARTESIAN_POINT($,(-7.07387638092041,5.55173778533936,1.0414999628067));
#12957=CARTESIAN_POINT('Origin',(-7.07387638092041,5.52673778533936,1.0414999628067));
#12958=CARTESIAN_POINT('Origin',(-7.09887638092041,5.32673778533935,1.0464999628067));
#12959=CARTESIAN_POINT('',(-7.07387638092041,5.30173778533935,1.0464999628067));
#12960=CARTESIAN_POINT('',(-7.07387638092041,5.35173778533936,1.0464999628067));
#12961=CARTESIAN_POINT($,(-7.07387638092041,5.32673778533935,1.0464999628067));
#12962=CARTESIAN_POINT('',(-7.12387638092041,5.35173778533936,1.0464999628067));
#12963=CARTESIAN_POINT($,(-7.09887638092041,5.35173778533936,1.0464999628067));
#12964=CARTESIAN_POINT('',(-7.12387638092041,5.30173778533935,1.0464999628067));
#12965=CARTESIAN_POINT($,(-7.12387638092041,5.32673778533935,1.0464999628067));
#12966=CARTESIAN_POINT($,(-7.09887638092041,5.30173778533935,1.0464999628067));
#12967=CARTESIAN_POINT('Origin',(-7.09887638092041,5.32673778533935,1.0364999628067));
#12968=CARTESIAN_POINT('',(-7.07387638092041,5.35173778533936,1.0364999628067));
#12969=CARTESIAN_POINT('',(-7.07387638092041,5.30173778533935,1.0364999628067));
#12970=CARTESIAN_POINT($,(-7.07387638092041,5.32673778533935,1.0364999628067));
#12971=CARTESIAN_POINT('',(-7.12387638092041,5.30173778533935,1.0364999628067));
#12972=CARTESIAN_POINT($,(-7.09887638092041,5.30173778533935,1.0364999628067));
#12973=CARTESIAN_POINT('',(-7.12387638092041,5.35173778533936,1.0364999628067));
#12974=CARTESIAN_POINT($,(-7.12387638092041,5.32673778533935,1.0364999628067));
#12975=CARTESIAN_POINT($,(-7.09887638092041,5.35173778533936,1.0364999628067));
#12976=CARTESIAN_POINT('Origin',(-7.09887638092041,5.30173778533935,1.0414999628067));
#12977=CARTESIAN_POINT($,(-7.12387638092041,5.30173778533935,1.0414999628067));
#12978=CARTESIAN_POINT($,(-7.07387638092041,5.30173778533935,1.0414999628067));
#12979=CARTESIAN_POINT('Origin',(-7.12387638092041,5.32673778533935,1.0414999628067));
#12980=CARTESIAN_POINT($,(-7.12387638092041,5.35173778533936,1.0414999628067));
#12981=CARTESIAN_POINT('Origin',(-7.09887638092041,5.35173778533936,1.0414999628067));
#12982=CARTESIAN_POINT($,(-7.07387638092041,5.35173778533936,1.0414999628067));
#12983=CARTESIAN_POINT('Origin',(-7.07387638092041,5.32673778533935,1.0414999628067));
#12984=CARTESIAN_POINT('Origin',(-6.74387657165527,5.5095949281965,1.12149998664856));
#12985=CARTESIAN_POINT('',(-6.74387657165527,5.5045949281965,1.11649998664856));
#12986=CARTESIAN_POINT('',(-6.74387657165527,5.5145949281965,1.11649998664856));
#12987=CARTESIAN_POINT($,(-6.74387657165527,5.5095949281965,1.11649998664856));
#12988=CARTESIAN_POINT('',(-6.74387657165527,5.5145949281965,1.12649998664856));
#12989=CARTESIAN_POINT($,(-6.74387657165527,5.5145949281965,1.12149998664856));
#12990=CARTESIAN_POINT('',(-6.74387657165527,5.5045949281965,1.12649998664856));
#12991=CARTESIAN_POINT($,(-6.74387657165527,5.5095949281965,1.12649998664856));
#12992=CARTESIAN_POINT($,(-6.74387657165527,5.5045949281965,1.12149998664856));
#12993=CARTESIAN_POINT('Origin',(-6.75387657165527,5.5095949281965,1.12149998664856));
#12994=CARTESIAN_POINT('',(-6.75387657165527,5.5145949281965,1.11649998664856));
#12995=CARTESIAN_POINT('',(-6.75387657165527,5.5045949281965,1.11649998664856));
#12996=CARTESIAN_POINT($,(-6.75387657165527,5.5095949281965,1.11649998664856));
#12997=CARTESIAN_POINT('',(-6.75387657165527,5.5045949281965,1.12649998664856));
#12998=CARTESIAN_POINT($,(-6.75387657165527,5.5045949281965,1.12149998664856));
#12999=CARTESIAN_POINT('',(-6.75387657165527,5.5145949281965,1.12649998664856));
#13000=CARTESIAN_POINT($,(-6.75387657165527,5.5095949281965,1.12649998664856));
#13001=CARTESIAN_POINT($,(-6.75387657165527,5.5145949281965,1.12149998664856));
#13002=CARTESIAN_POINT('Origin',(-6.74887657165527,5.5045949281965,1.12149998664856));
#13003=CARTESIAN_POINT($,(-6.74887657165527,5.5045949281965,1.12649998664856));
#13004=CARTESIAN_POINT($,(-6.74887657165527,5.5045949281965,1.11649998664856));
#13005=CARTESIAN_POINT('Origin',(-6.74887657165527,5.5095949281965,1.12649998664856));
#13006=CARTESIAN_POINT($,(-6.74887657165527,5.5145949281965,1.12649998664856));
#13007=CARTESIAN_POINT('Origin',(-6.74887657165527,5.5145949281965,1.12149998664856));
#13008=CARTESIAN_POINT($,(-6.74887657165527,5.5145949281965,1.11649998664856));
#13009=CARTESIAN_POINT('Origin',(-6.74887657165527,5.5095949281965,1.11649998664856));
#13010=CARTESIAN_POINT('Origin',(-6.74387657165527,5.4695949281965,1.12149998664856));
#13011=CARTESIAN_POINT('',(-6.74387657165527,5.4645949281965,1.11649998664856));
#13012=CARTESIAN_POINT('',(-6.74387657165527,5.4745949281965,1.11649998664856));
#13013=CARTESIAN_POINT($,(-6.74387657165527,5.4695949281965,1.11649998664856));
#13014=CARTESIAN_POINT('',(-6.74387657165527,5.4745949281965,1.12649998664856));
#13015=CARTESIAN_POINT($,(-6.74387657165527,5.4745949281965,1.12149998664856));
#13016=CARTESIAN_POINT('',(-6.74387657165527,5.4645949281965,1.12649998664856));
#13017=CARTESIAN_POINT($,(-6.74387657165527,5.4695949281965,1.12649998664856));
#13018=CARTESIAN_POINT($,(-6.74387657165527,5.4645949281965,1.12149998664856));
#13019=CARTESIAN_POINT('Origin',(-6.75387657165527,5.4695949281965,1.12149998664856));
#13020=CARTESIAN_POINT('',(-6.75387657165527,5.4745949281965,1.11649998664856));
#13021=CARTESIAN_POINT('',(-6.75387657165527,5.4645949281965,1.11649998664856));
#13022=CARTESIAN_POINT($,(-6.75387657165527,5.4695949281965,1.11649998664856));
#13023=CARTESIAN_POINT('',(-6.75387657165527,5.4645949281965,1.12649998664856));
#13024=CARTESIAN_POINT($,(-6.75387657165527,5.4645949281965,1.12149998664856));
#13025=CARTESIAN_POINT('',(-6.75387657165527,5.4745949281965,1.12649998664856));
#13026=CARTESIAN_POINT($,(-6.75387657165527,5.4695949281965,1.12649998664856));
#13027=CARTESIAN_POINT($,(-6.75387657165527,5.4745949281965,1.12149998664856));
#13028=CARTESIAN_POINT('Origin',(-6.74887657165527,5.4645949281965,1.12149998664856));
#13029=CARTESIAN_POINT($,(-6.74887657165527,5.4645949281965,1.12649998664856));
#13030=CARTESIAN_POINT($,(-6.74887657165527,5.4645949281965,1.11649998664856));
#13031=CARTESIAN_POINT('Origin',(-6.74887657165527,5.4695949281965,1.12649998664856));
#13032=CARTESIAN_POINT($,(-6.74887657165527,5.4745949281965,1.12649998664856));
#13033=CARTESIAN_POINT('Origin',(-6.74887657165527,5.4745949281965,1.12149998664856));
#13034=CARTESIAN_POINT($,(-6.74887657165527,5.4745949281965,1.11649998664856));
#13035=CARTESIAN_POINT('Origin',(-6.74887657165527,5.4695949281965,1.11649998664856));
#13036=CARTESIAN_POINT('Origin',(-6.74387657165527,5.5295949281965,1.12149998664856));
#13037=CARTESIAN_POINT('',(-6.74387657165527,5.5245949281965,1.11649998664856));
#13038=CARTESIAN_POINT('',(-6.74387657165527,5.5345949281965,1.11649998664856));
#13039=CARTESIAN_POINT($,(-6.74387657165527,5.5295949281965,1.11649998664856));
#13040=CARTESIAN_POINT('',(-6.74387657165527,5.5345949281965,1.12649998664856));
#13041=CARTESIAN_POINT($,(-6.74387657165527,5.5345949281965,1.12149998664856));
#13042=CARTESIAN_POINT('',(-6.74387657165527,5.5245949281965,1.12649998664856));
#13043=CARTESIAN_POINT($,(-6.74387657165527,5.5295949281965,1.12649998664856));
#13044=CARTESIAN_POINT($,(-6.74387657165527,5.5245949281965,1.12149998664856));
#13045=CARTESIAN_POINT('Origin',(-6.75387657165527,5.5295949281965,1.12149998664856));
#13046=CARTESIAN_POINT('',(-6.75387657165527,5.5345949281965,1.11649998664856));
#13047=CARTESIAN_POINT('',(-6.75387657165527,5.5245949281965,1.11649998664856));
#13048=CARTESIAN_POINT($,(-6.75387657165527,5.5295949281965,1.11649998664856));
#13049=CARTESIAN_POINT('',(-6.75387657165527,5.5245949281965,1.12649998664856));
#13050=CARTESIAN_POINT($,(-6.75387657165527,5.5245949281965,1.12149998664856));
#13051=CARTESIAN_POINT('',(-6.75387657165527,5.5345949281965,1.12649998664856));
#13052=CARTESIAN_POINT($,(-6.75387657165527,5.5295949281965,1.12649998664856));
#13053=CARTESIAN_POINT($,(-6.75387657165527,5.5345949281965,1.12149998664856));
#13054=CARTESIAN_POINT('Origin',(-6.74887657165527,5.5245949281965,1.12149998664856));
#13055=CARTESIAN_POINT($,(-6.74887657165527,5.5245949281965,1.12649998664856));
#13056=CARTESIAN_POINT($,(-6.74887657165527,5.5245949281965,1.11649998664856));
#13057=CARTESIAN_POINT('Origin',(-6.74887657165527,5.5295949281965,1.12649998664856));
#13058=CARTESIAN_POINT($,(-6.74887657165527,5.5345949281965,1.12649998664856));
#13059=CARTESIAN_POINT('Origin',(-6.74887657165527,5.5345949281965,1.12149998664856));
#13060=CARTESIAN_POINT($,(-6.74887657165527,5.5345949281965,1.11649998664856));
#13061=CARTESIAN_POINT('Origin',(-6.74887657165527,5.5295949281965,1.11649998664856));
#13062=CARTESIAN_POINT('Origin',(-6.74387657165527,5.5495949281965,1.12149998664856));
#13063=CARTESIAN_POINT('',(-6.74387657165527,5.5445949281965,1.11649998664856));
#13064=CARTESIAN_POINT('',(-6.74387657165527,5.5545949281965,1.11649998664856));
#13065=CARTESIAN_POINT($,(-6.74387657165527,5.5495949281965,1.11649998664856));
#13066=CARTESIAN_POINT('',(-6.74387657165527,5.5545949281965,1.12649998664856));
#13067=CARTESIAN_POINT($,(-6.74387657165527,5.5545949281965,1.12149998664856));
#13068=CARTESIAN_POINT('',(-6.74387657165527,5.5445949281965,1.12649998664856));
#13069=CARTESIAN_POINT($,(-6.74387657165527,5.5495949281965,1.12649998664856));
#13070=CARTESIAN_POINT($,(-6.74387657165527,5.5445949281965,1.12149998664856));
#13071=CARTESIAN_POINT('Origin',(-6.75387657165527,5.5495949281965,1.12149998664856));
#13072=CARTESIAN_POINT('',(-6.75387657165527,5.5545949281965,1.11649998664856));
#13073=CARTESIAN_POINT('',(-6.75387657165527,5.5445949281965,1.11649998664856));
#13074=CARTESIAN_POINT($,(-6.75387657165527,5.5495949281965,1.11649998664856));
#13075=CARTESIAN_POINT('',(-6.75387657165527,5.5445949281965,1.12649998664856));
#13076=CARTESIAN_POINT($,(-6.75387657165527,5.5445949281965,1.12149998664856));
#13077=CARTESIAN_POINT('',(-6.75387657165527,5.5545949281965,1.12649998664856));
#13078=CARTESIAN_POINT($,(-6.75387657165527,5.5495949281965,1.12649998664856));
#13079=CARTESIAN_POINT($,(-6.75387657165527,5.5545949281965,1.12149998664856));
#13080=CARTESIAN_POINT('Origin',(-6.74887657165527,5.5445949281965,1.12149998664856));
#13081=CARTESIAN_POINT($,(-6.74887657165527,5.5445949281965,1.12649998664856));
#13082=CARTESIAN_POINT($,(-6.74887657165527,5.5445949281965,1.11649998664856));
#13083=CARTESIAN_POINT('Origin',(-6.74887657165527,5.5495949281965,1.12649998664856));
#13084=CARTESIAN_POINT($,(-6.74887657165527,5.5545949281965,1.12649998664856));
#13085=CARTESIAN_POINT('Origin',(-6.74887657165527,5.5545949281965,1.12149998664856));
#13086=CARTESIAN_POINT($,(-6.74887657165527,5.5545949281965,1.11649998664856));
#13087=CARTESIAN_POINT('Origin',(-6.74887657165527,5.5495949281965,1.11649998664856));
#13088=CARTESIAN_POINT('Origin',(-6.74387657165527,5.5295949281965,1.14149998664856));
#13089=CARTESIAN_POINT('',(-6.74387657165527,5.5245949281965,1.13649998664856));
#13090=CARTESIAN_POINT('',(-6.74387657165527,5.5345949281965,1.13649998664856));
#13091=CARTESIAN_POINT($,(-6.74387657165527,5.5295949281965,1.13649998664856));
#13092=CARTESIAN_POINT('',(-6.74387657165527,5.5345949281965,1.14649998664856));
#13093=CARTESIAN_POINT($,(-6.74387657165527,5.5345949281965,1.14149998664856));
#13094=CARTESIAN_POINT('',(-6.74387657165527,5.5245949281965,1.14649998664856));
#13095=CARTESIAN_POINT($,(-6.74387657165527,5.5295949281965,1.14649998664856));
#13096=CARTESIAN_POINT($,(-6.74387657165527,5.5245949281965,1.14149998664856));
#13097=CARTESIAN_POINT('Origin',(-6.75387657165527,5.5295949281965,1.14149998664856));
#13098=CARTESIAN_POINT('',(-6.75387657165527,5.5345949281965,1.13649998664856));
#13099=CARTESIAN_POINT('',(-6.75387657165527,5.5245949281965,1.13649998664856));
#13100=CARTESIAN_POINT($,(-6.75387657165527,5.5295949281965,1.13649998664856));
#13101=CARTESIAN_POINT('',(-6.75387657165527,5.5245949281965,1.14649998664856));
#13102=CARTESIAN_POINT($,(-6.75387657165527,5.5245949281965,1.14149998664856));
#13103=CARTESIAN_POINT('',(-6.75387657165527,5.5345949281965,1.14649998664856));
#13104=CARTESIAN_POINT($,(-6.75387657165527,5.5295949281965,1.14649998664856));
#13105=CARTESIAN_POINT($,(-6.75387657165527,5.5345949281965,1.14149998664856));
#13106=CARTESIAN_POINT('Origin',(-6.74887657165527,5.5245949281965,1.14149998664856));
#13107=CARTESIAN_POINT($,(-6.74887657165527,5.5245949281965,1.14649998664856));
#13108=CARTESIAN_POINT($,(-6.74887657165527,5.5245949281965,1.13649998664856));
#13109=CARTESIAN_POINT('Origin',(-6.74887657165527,5.5295949281965,1.14649998664856));
#13110=CARTESIAN_POINT($,(-6.74887657165527,5.5345949281965,1.14649998664856));
#13111=CARTESIAN_POINT('Origin',(-6.74887657165527,5.5345949281965,1.14149998664856));
#13112=CARTESIAN_POINT($,(-6.74887657165527,5.5345949281965,1.13649998664856));
#13113=CARTESIAN_POINT('Origin',(-6.74887657165527,5.5295949281965,1.13649998664856));
#13114=CARTESIAN_POINT('Origin',(-6.74387657165527,5.5295949281965,1.16149998664856));
#13115=CARTESIAN_POINT('',(-6.74387657165527,5.5245949281965,1.15649998664856));
#13116=CARTESIAN_POINT('',(-6.74387657165527,5.5345949281965,1.15649998664856));
#13117=CARTESIAN_POINT($,(-6.74387657165527,5.5295949281965,1.15649998664856));
#13118=CARTESIAN_POINT('',(-6.74387657165527,5.5345949281965,1.16649998664856));
#13119=CARTESIAN_POINT($,(-6.74387657165527,5.5345949281965,1.16149998664856));
#13120=CARTESIAN_POINT('',(-6.74387657165527,5.5245949281965,1.16649998664856));
#13121=CARTESIAN_POINT($,(-6.74387657165527,5.5295949281965,1.16649998664856));
#13122=CARTESIAN_POINT($,(-6.74387657165527,5.5245949281965,1.16149998664856));
#13123=CARTESIAN_POINT('Origin',(-6.75387657165527,5.5295949281965,1.16149998664856));
#13124=CARTESIAN_POINT('',(-6.75387657165527,5.5345949281965,1.15649998664856));
#13125=CARTESIAN_POINT('',(-6.75387657165527,5.5245949281965,1.15649998664856));
#13126=CARTESIAN_POINT($,(-6.75387657165527,5.5295949281965,1.15649998664856));
#13127=CARTESIAN_POINT('',(-6.75387657165527,5.5245949281965,1.16649998664856));
#13128=CARTESIAN_POINT($,(-6.75387657165527,5.5245949281965,1.16149998664856));
#13129=CARTESIAN_POINT('',(-6.75387657165527,5.5345949281965,1.16649998664856));
#13130=CARTESIAN_POINT($,(-6.75387657165527,5.5295949281965,1.16649998664856));
#13131=CARTESIAN_POINT($,(-6.75387657165527,5.5345949281965,1.16149998664856));
#13132=CARTESIAN_POINT('Origin',(-6.74887657165527,5.5245949281965,1.16149998664856));
#13133=CARTESIAN_POINT($,(-6.74887657165527,5.5245949281965,1.16649998664856));
#13134=CARTESIAN_POINT($,(-6.74887657165527,5.5245949281965,1.15649998664856));
#13135=CARTESIAN_POINT('Origin',(-6.74887657165527,5.5295949281965,1.16649998664856));
#13136=CARTESIAN_POINT($,(-6.74887657165527,5.5345949281965,1.16649998664856));
#13137=CARTESIAN_POINT('Origin',(-6.74887657165527,5.5345949281965,1.16149998664856));
#13138=CARTESIAN_POINT($,(-6.74887657165527,5.5345949281965,1.15649998664856));
#13139=CARTESIAN_POINT('Origin',(-6.74887657165527,5.5295949281965,1.15649998664856));
#13140=CARTESIAN_POINT('Origin',(-5.6910048538198,8.96243295614866,0.445250000000038));
#13141=CARTESIAN_POINT('',(-6.98450443506277,8.79008169305271,0.445250000000038));
#13142=CARTESIAN_POINT('',(-6.98450443506277,8.17258169305272,0.445250000000038));
#13143=CARTESIAN_POINT($,(-6.98450443506277,8.79008169305271,0.445250000000038));
#13144=CARTESIAN_POINT('',(-7.55450443506277,8.17258169305272,0.445250000000038));
#13145=CARTESIAN_POINT($,(-6.98450443506277,8.17258169305272,0.445250000000038));
#13146=CARTESIAN_POINT('',(-7.55450443506277,8.79008169305271,0.445250000000038));
#13147=CARTESIAN_POINT($,(-7.55450443506277,8.17258169305272,0.445250000000038));
#13148=CARTESIAN_POINT($,(-7.55450443506277,8.79008169305271,0.445250000000038));
#13149=CARTESIAN_POINT('Origin',(-6.98450443506277,8.17258169305272,0.445250000000038));
#13150=CARTESIAN_POINT('',(-6.98450443506277,8.79008169305271,1.15775000000003));
#13151=CARTESIAN_POINT($,(-6.98450443506277,8.79008169305271,0.445250000000038));
#13152=CARTESIAN_POINT('',(-6.98450443506277,8.17258169305272,1.15775000000003));
#13153=CARTESIAN_POINT($,(-6.98450443506277,8.56750732460069,1.15775000000003));
#13154=CARTESIAN_POINT($,(-6.98450443506277,8.17258169305272,0.967750000000038));
#13155=CARTESIAN_POINT('Origin',(-6.98450443506277,8.79008169305271,0.445250000000038));
#13156=CARTESIAN_POINT('',(-7.55450443506277,8.79008169305271,1.15775000000003));
#13157=CARTESIAN_POINT($,(-7.55450443506277,8.79008169305271,0.445250000000038));
#13158=CARTESIAN_POINT($,(-6.33775464444129,8.79008169305271,1.15775000000003));
#13159=CARTESIAN_POINT('Origin',(-7.55450443506277,8.79008169305271,0.445250000000038));
#13160=CARTESIAN_POINT('',(-7.55450443506277,8.17258169305272,1.15775000000003));
#13161=CARTESIAN_POINT($,(-7.55450443506277,8.17258169305272,0.445250000000038));
#13162=CARTESIAN_POINT($,(-7.55450443506277,8.87625732460068,1.15775000000003));
#13163=CARTESIAN_POINT('Origin',(-7.55450443506277,8.17258169305272,0.445250000000038));
#13164=CARTESIAN_POINT($,(-6.62275464444129,8.17258169305272,1.15775000000003));
#13165=CARTESIAN_POINT('Origin',(-5.6910048538198,8.96243295614866,1.15775000000003));
#13166=CARTESIAN_POINT('Origin',(-6.74387657165527,5.5295949281965,1.18149998664856));
#13167=CARTESIAN_POINT('',(-6.74387657165527,5.5245949281965,1.17649998664856));
#13168=CARTESIAN_POINT('',(-6.74387657165527,5.5345949281965,1.17649998664856));
#13169=CARTESIAN_POINT($,(-6.74387657165527,5.5295949281965,1.17649998664856));
#13170=CARTESIAN_POINT('',(-6.74387657165527,5.5345949281965,1.18649998664856));
#13171=CARTESIAN_POINT($,(-6.74387657165527,5.5345949281965,1.18149998664856));
#13172=CARTESIAN_POINT('',(-6.74387657165527,5.5245949281965,1.18649998664856));
#13173=CARTESIAN_POINT($,(-6.74387657165527,5.5295949281965,1.18649998664856));
#13174=CARTESIAN_POINT($,(-6.74387657165527,5.5245949281965,1.18149998664856));
#13175=CARTESIAN_POINT('Origin',(-6.75387657165527,5.5295949281965,1.18149998664856));
#13176=CARTESIAN_POINT('',(-6.75387657165527,5.5345949281965,1.17649998664856));
#13177=CARTESIAN_POINT('',(-6.75387657165527,5.5245949281965,1.17649998664856));
#13178=CARTESIAN_POINT($,(-6.75387657165527,5.5295949281965,1.17649998664856));
#13179=CARTESIAN_POINT('',(-6.75387657165527,5.5245949281965,1.18649998664856));
#13180=CARTESIAN_POINT($,(-6.75387657165527,5.5245949281965,1.18149998664856));
#13181=CARTESIAN_POINT('',(-6.75387657165527,5.5345949281965,1.18649998664856));
#13182=CARTESIAN_POINT($,(-6.75387657165527,5.5295949281965,1.18649998664856));
#13183=CARTESIAN_POINT($,(-6.75387657165527,5.5345949281965,1.18149998664856));
#13184=CARTESIAN_POINT('Origin',(-6.74887657165527,5.5245949281965,1.18149998664856));
#13185=CARTESIAN_POINT($,(-6.74887657165527,5.5245949281965,1.18649998664856));
#13186=CARTESIAN_POINT($,(-6.74887657165527,5.5245949281965,1.17649998664856));
#13187=CARTESIAN_POINT('Origin',(-6.74887657165527,5.5295949281965,1.18649998664856));
#13188=CARTESIAN_POINT($,(-6.74887657165527,5.5345949281965,1.18649998664856));
#13189=CARTESIAN_POINT('Origin',(-6.74887657165527,5.5345949281965,1.18149998664856));
#13190=CARTESIAN_POINT($,(-6.74887657165527,5.5345949281965,1.17649998664856));
#13191=CARTESIAN_POINT('Origin',(-6.74887657165527,5.5295949281965,1.17649998664856));
#13192=CARTESIAN_POINT('Origin',(-6.74387657165527,5.5495949281965,1.16149998664856));
#13193=CARTESIAN_POINT('',(-6.74387657165527,5.5445949281965,1.15649998664856));
#13194=CARTESIAN_POINT('',(-6.74387657165527,5.5545949281965,1.15649998664856));
#13195=CARTESIAN_POINT($,(-6.74387657165527,5.5495949281965,1.15649998664856));
#13196=CARTESIAN_POINT('',(-6.74387657165527,5.5545949281965,1.16649998664856));
#13197=CARTESIAN_POINT($,(-6.74387657165527,5.5545949281965,1.16149998664856));
#13198=CARTESIAN_POINT('',(-6.74387657165527,5.5445949281965,1.16649998664856));
#13199=CARTESIAN_POINT($,(-6.74387657165527,5.5495949281965,1.16649998664856));
#13200=CARTESIAN_POINT($,(-6.74387657165527,5.5445949281965,1.16149998664856));
#13201=CARTESIAN_POINT('Origin',(-6.75387657165527,5.5495949281965,1.16149998664856));
#13202=CARTESIAN_POINT('',(-6.75387657165527,5.5545949281965,1.15649998664856));
#13203=CARTESIAN_POINT('',(-6.75387657165527,5.5445949281965,1.15649998664856));
#13204=CARTESIAN_POINT($,(-6.75387657165527,5.5495949281965,1.15649998664856));
#13205=CARTESIAN_POINT('',(-6.75387657165527,5.5445949281965,1.16649998664856));
#13206=CARTESIAN_POINT($,(-6.75387657165527,5.5445949281965,1.16149998664856));
#13207=CARTESIAN_POINT('',(-6.75387657165527,5.5545949281965,1.16649998664856));
#13208=CARTESIAN_POINT($,(-6.75387657165527,5.5495949281965,1.16649998664856));
#13209=CARTESIAN_POINT($,(-6.75387657165527,5.5545949281965,1.16149998664856));
#13210=CARTESIAN_POINT('Origin',(-6.74887657165527,5.5445949281965,1.16149998664856));
#13211=CARTESIAN_POINT($,(-6.74887657165527,5.5445949281965,1.16649998664856));
#13212=CARTESIAN_POINT($,(-6.74887657165527,5.5445949281965,1.15649998664856));
#13213=CARTESIAN_POINT('Origin',(-6.74887657165527,5.5495949281965,1.16649998664856));
#13214=CARTESIAN_POINT($,(-6.74887657165527,5.5545949281965,1.16649998664856));
#13215=CARTESIAN_POINT('Origin',(-6.74887657165527,5.5545949281965,1.16149998664856));
#13216=CARTESIAN_POINT($,(-6.74887657165527,5.5545949281965,1.15649998664856));
#13217=CARTESIAN_POINT('Origin',(-6.74887657165527,5.5495949281965,1.15649998664856));
#13218=CARTESIAN_POINT('Origin',(-6.74387657165527,5.5095949281965,1.16149998664856));
#13219=CARTESIAN_POINT('',(-6.74387657165527,5.5045949281965,1.15649998664856));
#13220=CARTESIAN_POINT('',(-6.74387657165527,5.5145949281965,1.15649998664856));
#13221=CARTESIAN_POINT($,(-6.74387657165527,5.5095949281965,1.15649998664856));
#13222=CARTESIAN_POINT('',(-6.74387657165527,5.5145949281965,1.16649998664856));
#13223=CARTESIAN_POINT($,(-6.74387657165527,5.5145949281965,1.16149998664856));
#13224=CARTESIAN_POINT('',(-6.74387657165527,5.5045949281965,1.16649998664856));
#13225=CARTESIAN_POINT($,(-6.74387657165527,5.5095949281965,1.16649998664856));
#13226=CARTESIAN_POINT($,(-6.74387657165527,5.5045949281965,1.16149998664856));
#13227=CARTESIAN_POINT('Origin',(-6.75387657165527,5.5095949281965,1.16149998664856));
#13228=CARTESIAN_POINT('',(-6.75387657165527,5.5145949281965,1.15649998664856));
#13229=CARTESIAN_POINT('',(-6.75387657165527,5.5045949281965,1.15649998664856));
#13230=CARTESIAN_POINT($,(-6.75387657165527,5.5095949281965,1.15649998664856));
#13231=CARTESIAN_POINT('',(-6.75387657165527,5.5045949281965,1.16649998664856));
#13232=CARTESIAN_POINT($,(-6.75387657165527,5.5045949281965,1.16149998664856));
#13233=CARTESIAN_POINT('',(-6.75387657165527,5.5145949281965,1.16649998664856));
#13234=CARTESIAN_POINT($,(-6.75387657165527,5.5095949281965,1.16649998664856));
#13235=CARTESIAN_POINT($,(-6.75387657165527,5.5145949281965,1.16149998664856));
#13236=CARTESIAN_POINT('Origin',(-6.74887657165527,5.5045949281965,1.16149998664856));
#13237=CARTESIAN_POINT($,(-6.74887657165527,5.5045949281965,1.16649998664856));
#13238=CARTESIAN_POINT($,(-6.74887657165527,5.5045949281965,1.15649998664856));
#13239=CARTESIAN_POINT('Origin',(-6.74887657165527,5.5095949281965,1.16649998664856));
#13240=CARTESIAN_POINT($,(-6.74887657165527,5.5145949281965,1.16649998664856));
#13241=CARTESIAN_POINT('Origin',(-6.74887657165527,5.5145949281965,1.16149998664856));
#13242=CARTESIAN_POINT($,(-6.74887657165527,5.5145949281965,1.15649998664856));
#13243=CARTESIAN_POINT('Origin',(-6.74887657165527,5.5095949281965,1.15649998664856));
#13244=CARTESIAN_POINT('Origin',(-6.74387657165527,5.5095949281965,1.10149998664856));
#13245=CARTESIAN_POINT('',(-6.74387657165527,5.5045949281965,1.09649998664856));
#13246=CARTESIAN_POINT('',(-6.74387657165527,5.5145949281965,1.09649998664856));
#13247=CARTESIAN_POINT($,(-6.74387657165527,5.5095949281965,1.09649998664856));
#13248=CARTESIAN_POINT('',(-6.74387657165527,5.5145949281965,1.10649998664856));
#13249=CARTESIAN_POINT($,(-6.74387657165527,5.5145949281965,1.10149998664856));
#13250=CARTESIAN_POINT('',(-6.74387657165527,5.5045949281965,1.10649998664856));
#13251=CARTESIAN_POINT($,(-6.74387657165527,5.5095949281965,1.10649998664856));
#13252=CARTESIAN_POINT($,(-6.74387657165527,5.5045949281965,1.10149998664856));
#13253=CARTESIAN_POINT('Origin',(-6.75387657165527,5.5095949281965,1.10149998664856));
#13254=CARTESIAN_POINT('',(-6.75387657165527,5.5145949281965,1.09649998664856));
#13255=CARTESIAN_POINT('',(-6.75387657165527,5.5045949281965,1.09649998664856));
#13256=CARTESIAN_POINT($,(-6.75387657165527,5.5095949281965,1.09649998664856));
#13257=CARTESIAN_POINT('',(-6.75387657165527,5.5045949281965,1.10649998664856));
#13258=CARTESIAN_POINT($,(-6.75387657165527,5.5045949281965,1.10149998664856));
#13259=CARTESIAN_POINT('',(-6.75387657165527,5.5145949281965,1.10649998664856));
#13260=CARTESIAN_POINT($,(-6.75387657165527,5.5095949281965,1.10649998664856));
#13261=CARTESIAN_POINT($,(-6.75387657165527,5.5145949281965,1.10149998664856));
#13262=CARTESIAN_POINT('Origin',(-6.74887657165527,5.5045949281965,1.10149998664856));
#13263=CARTESIAN_POINT($,(-6.74887657165527,5.5045949281965,1.10649998664856));
#13264=CARTESIAN_POINT($,(-6.74887657165527,5.5045949281965,1.09649998664856));
#13265=CARTESIAN_POINT('Origin',(-6.74887657165527,5.5095949281965,1.10649998664856));
#13266=CARTESIAN_POINT($,(-6.74887657165527,5.5145949281965,1.10649998664856));
#13267=CARTESIAN_POINT('Origin',(-6.74887657165527,5.5145949281965,1.10149998664856));
#13268=CARTESIAN_POINT($,(-6.74887657165527,5.5145949281965,1.09649998664856));
#13269=CARTESIAN_POINT('Origin',(-6.74887657165527,5.5095949281965,1.09649998664856));
#13270=CARTESIAN_POINT('Origin',(-6.74387657165527,5.5295949281965,1.10149998664856));
#13271=CARTESIAN_POINT('',(-6.74387657165527,5.5245949281965,1.09649998664856));
#13272=CARTESIAN_POINT('',(-6.74387657165527,5.5345949281965,1.09649998664856));
#13273=CARTESIAN_POINT($,(-6.74387657165527,5.5295949281965,1.09649998664856));
#13274=CARTESIAN_POINT('',(-6.74387657165527,5.5345949281965,1.10649998664856));
#13275=CARTESIAN_POINT($,(-6.74387657165527,5.5345949281965,1.10149998664856));
#13276=CARTESIAN_POINT('',(-6.74387657165527,5.5245949281965,1.10649998664856));
#13277=CARTESIAN_POINT($,(-6.74387657165527,5.5295949281965,1.10649998664856));
#13278=CARTESIAN_POINT($,(-6.74387657165527,5.5245949281965,1.10149998664856));
#13279=CARTESIAN_POINT('Origin',(-6.75387657165527,5.5295949281965,1.10149998664856));
#13280=CARTESIAN_POINT('',(-6.75387657165527,5.5345949281965,1.09649998664856));
#13281=CARTESIAN_POINT('',(-6.75387657165527,5.5245949281965,1.09649998664856));
#13282=CARTESIAN_POINT($,(-6.75387657165527,5.5295949281965,1.09649998664856));
#13283=CARTESIAN_POINT('',(-6.75387657165527,5.5245949281965,1.10649998664856));
#13284=CARTESIAN_POINT($,(-6.75387657165527,5.5245949281965,1.10149998664856));
#13285=CARTESIAN_POINT('',(-6.75387657165527,5.5345949281965,1.10649998664856));
#13286=CARTESIAN_POINT($,(-6.75387657165527,5.5295949281965,1.10649998664856));
#13287=CARTESIAN_POINT($,(-6.75387657165527,5.5345949281965,1.10149998664856));
#13288=CARTESIAN_POINT('Origin',(-6.74887657165527,5.5245949281965,1.10149998664856));
#13289=CARTESIAN_POINT($,(-6.74887657165527,5.5245949281965,1.10649998664856));
#13290=CARTESIAN_POINT($,(-6.74887657165527,5.5245949281965,1.09649998664856));
#13291=CARTESIAN_POINT('Origin',(-6.74887657165527,5.5295949281965,1.10649998664856));
#13292=CARTESIAN_POINT($,(-6.74887657165527,5.5345949281965,1.10649998664856));
#13293=CARTESIAN_POINT('Origin',(-6.74887657165527,5.5345949281965,1.10149998664856));
#13294=CARTESIAN_POINT($,(-6.74887657165527,5.5345949281965,1.09649998664856));
#13295=CARTESIAN_POINT('Origin',(-6.74887657165527,5.5295949281965,1.09649998664856));
#13296=CARTESIAN_POINT('Origin',(-6.74387657165527,5.5495949281965,1.10149998664856));
#13297=CARTESIAN_POINT('',(-6.74387657165527,5.5445949281965,1.09649998664856));
#13298=CARTESIAN_POINT('',(-6.74387657165527,5.5545949281965,1.09649998664856));
#13299=CARTESIAN_POINT($,(-6.74387657165527,5.5495949281965,1.09649998664856));
#13300=CARTESIAN_POINT('',(-6.74387657165527,5.5545949281965,1.10649998664856));
#13301=CARTESIAN_POINT($,(-6.74387657165527,5.5545949281965,1.10149998664856));
#13302=CARTESIAN_POINT('',(-6.74387657165527,5.5445949281965,1.10649998664856));
#13303=CARTESIAN_POINT($,(-6.74387657165527,5.5495949281965,1.10649998664856));
#13304=CARTESIAN_POINT($,(-6.74387657165527,5.5445949281965,1.10149998664856));
#13305=CARTESIAN_POINT('Origin',(-6.75387657165527,5.5495949281965,1.10149998664856));
#13306=CARTESIAN_POINT('',(-6.75387657165527,5.5545949281965,1.09649998664856));
#13307=CARTESIAN_POINT('',(-6.75387657165527,5.5445949281965,1.09649998664856));
#13308=CARTESIAN_POINT($,(-6.75387657165527,5.5495949281965,1.09649998664856));
#13309=CARTESIAN_POINT('',(-6.75387657165527,5.5445949281965,1.10649998664856));
#13310=CARTESIAN_POINT($,(-6.75387657165527,5.5445949281965,1.10149998664856));
#13311=CARTESIAN_POINT('',(-6.75387657165527,5.5545949281965,1.10649998664856));
#13312=CARTESIAN_POINT($,(-6.75387657165527,5.5495949281965,1.10649998664856));
#13313=CARTESIAN_POINT($,(-6.75387657165527,5.5545949281965,1.10149998664856));
#13314=CARTESIAN_POINT('Origin',(-6.74887657165527,5.5445949281965,1.10149998664856));
#13315=CARTESIAN_POINT($,(-6.74887657165527,5.5445949281965,1.10649998664856));
#13316=CARTESIAN_POINT($,(-6.74887657165527,5.5445949281965,1.09649998664856));
#13317=CARTESIAN_POINT('Origin',(-6.74887657165527,5.5495949281965,1.10649998664856));
#13318=CARTESIAN_POINT($,(-6.74887657165527,5.5545949281965,1.10649998664856));
#13319=CARTESIAN_POINT('Origin',(-6.74887657165527,5.5545949281965,1.10149998664856));
#13320=CARTESIAN_POINT($,(-6.74887657165527,5.5545949281965,1.09649998664856));
#13321=CARTESIAN_POINT('Origin',(-6.74887657165527,5.5495949281965,1.09649998664856));
#13322=CARTESIAN_POINT('Origin',(-6.74387657165527,5.5095949281965,1.08149998664856));
#13323=CARTESIAN_POINT('',(-6.74387657165527,5.5045949281965,1.07649998664856));
#13324=CARTESIAN_POINT('',(-6.74387657165527,5.5145949281965,1.07649998664856));
#13325=CARTESIAN_POINT($,(-6.74387657165527,5.5095949281965,1.07649998664856));
#13326=CARTESIAN_POINT('',(-6.74387657165527,5.5145949281965,1.08649998664856));
#13327=CARTESIAN_POINT($,(-6.74387657165527,5.5145949281965,1.08149998664856));
#13328=CARTESIAN_POINT('',(-6.74387657165527,5.5045949281965,1.08649998664856));
#13329=CARTESIAN_POINT($,(-6.74387657165527,5.5095949281965,1.08649998664856));
#13330=CARTESIAN_POINT($,(-6.74387657165527,5.5045949281965,1.08149998664856));
#13331=CARTESIAN_POINT('Origin',(-6.75387657165527,5.5095949281965,1.08149998664856));
#13332=CARTESIAN_POINT('',(-6.75387657165527,5.5145949281965,1.07649998664856));
#13333=CARTESIAN_POINT('',(-6.75387657165527,5.5045949281965,1.07649998664856));
#13334=CARTESIAN_POINT($,(-6.75387657165527,5.5095949281965,1.07649998664856));
#13335=CARTESIAN_POINT('',(-6.75387657165527,5.5045949281965,1.08649998664856));
#13336=CARTESIAN_POINT($,(-6.75387657165527,5.5045949281965,1.08149998664856));
#13337=CARTESIAN_POINT('',(-6.75387657165527,5.5145949281965,1.08649998664856));
#13338=CARTESIAN_POINT($,(-6.75387657165527,5.5095949281965,1.08649998664856));
#13339=CARTESIAN_POINT($,(-6.75387657165527,5.5145949281965,1.08149998664856));
#13340=CARTESIAN_POINT('Origin',(-6.74887657165527,5.5045949281965,1.08149998664856));
#13341=CARTESIAN_POINT($,(-6.74887657165527,5.5045949281965,1.08649998664856));
#13342=CARTESIAN_POINT($,(-6.74887657165527,5.5045949281965,1.07649998664856));
#13343=CARTESIAN_POINT('Origin',(-6.74887657165527,5.5095949281965,1.08649998664856));
#13344=CARTESIAN_POINT($,(-6.74887657165527,5.5145949281965,1.08649998664856));
#13345=CARTESIAN_POINT('Origin',(-6.74887657165527,5.5145949281965,1.08149998664856));
#13346=CARTESIAN_POINT($,(-6.74887657165527,5.5145949281965,1.07649998664856));
#13347=CARTESIAN_POINT('Origin',(-6.74887657165527,5.5095949281965,1.07649998664856));
#13348=CARTESIAN_POINT('Origin',(-6.74387657165527,5.5095949281965,1.06149998664856));
#13349=CARTESIAN_POINT('',(-6.74387657165527,5.5045949281965,1.05649998664856));
#13350=CARTESIAN_POINT('',(-6.74387657165527,5.5145949281965,1.05649998664856));
#13351=CARTESIAN_POINT($,(-6.74387657165527,5.5095949281965,1.05649998664856));
#13352=CARTESIAN_POINT('',(-6.74387657165527,5.5145949281965,1.06649998664856));
#13353=CARTESIAN_POINT($,(-6.74387657165527,5.5145949281965,1.06149998664856));
#13354=CARTESIAN_POINT('',(-6.74387657165527,5.5045949281965,1.06649998664856));
#13355=CARTESIAN_POINT($,(-6.74387657165527,5.5095949281965,1.06649998664856));
#13356=CARTESIAN_POINT($,(-6.74387657165527,5.5045949281965,1.06149998664856));
#13357=CARTESIAN_POINT('Origin',(-6.75387657165527,5.5095949281965,1.06149998664856));
#13358=CARTESIAN_POINT('',(-6.75387657165527,5.5145949281965,1.05649998664856));
#13359=CARTESIAN_POINT('',(-6.75387657165527,5.5045949281965,1.05649998664856));
#13360=CARTESIAN_POINT($,(-6.75387657165527,5.5095949281965,1.05649998664856));
#13361=CARTESIAN_POINT('',(-6.75387657165527,5.5045949281965,1.06649998664856));
#13362=CARTESIAN_POINT($,(-6.75387657165527,5.5045949281965,1.06149998664856));
#13363=CARTESIAN_POINT('',(-6.75387657165527,5.5145949281965,1.06649998664856));
#13364=CARTESIAN_POINT($,(-6.75387657165527,5.5095949281965,1.06649998664856));
#13365=CARTESIAN_POINT($,(-6.75387657165527,5.5145949281965,1.06149998664856));
#13366=CARTESIAN_POINT('Origin',(-6.74887657165527,5.5045949281965,1.06149998664856));
#13367=CARTESIAN_POINT($,(-6.74887657165527,5.5045949281965,1.06649998664856));
#13368=CARTESIAN_POINT($,(-6.74887657165527,5.5045949281965,1.05649998664856));
#13369=CARTESIAN_POINT('Origin',(-6.74887657165527,5.5095949281965,1.06649998664856));
#13370=CARTESIAN_POINT($,(-6.74887657165527,5.5145949281965,1.06649998664856));
#13371=CARTESIAN_POINT('Origin',(-6.74887657165527,5.5145949281965,1.06149998664856));
#13372=CARTESIAN_POINT($,(-6.74887657165527,5.5145949281965,1.05649998664856));
#13373=CARTESIAN_POINT('Origin',(-6.74887657165527,5.5095949281965,1.05649998664856));
#13374=CARTESIAN_POINT('Origin',(-6.74387657165527,5.5295949281965,1.08149998664856));
#13375=CARTESIAN_POINT('',(-6.74387657165527,5.5245949281965,1.07649998664856));
#13376=CARTESIAN_POINT('',(-6.74387657165527,5.5345949281965,1.07649998664856));
#13377=CARTESIAN_POINT($,(-6.74387657165527,5.5295949281965,1.07649998664856));
#13378=CARTESIAN_POINT('',(-6.74387657165527,5.5345949281965,1.08649998664856));
#13379=CARTESIAN_POINT($,(-6.74387657165527,5.5345949281965,1.08149998664856));
#13380=CARTESIAN_POINT('',(-6.74387657165527,5.5245949281965,1.08649998664856));
#13381=CARTESIAN_POINT($,(-6.74387657165527,5.5295949281965,1.08649998664856));
#13382=CARTESIAN_POINT($,(-6.74387657165527,5.5245949281965,1.08149998664856));
#13383=CARTESIAN_POINT('Origin',(-6.75387657165527,5.5295949281965,1.08149998664856));
#13384=CARTESIAN_POINT('',(-6.75387657165527,5.5345949281965,1.07649998664856));
#13385=CARTESIAN_POINT('',(-6.75387657165527,5.5245949281965,1.07649998664856));
#13386=CARTESIAN_POINT($,(-6.75387657165527,5.5295949281965,1.07649998664856));
#13387=CARTESIAN_POINT('',(-6.75387657165527,5.5245949281965,1.08649998664856));
#13388=CARTESIAN_POINT($,(-6.75387657165527,5.5245949281965,1.08149998664856));
#13389=CARTESIAN_POINT('',(-6.75387657165527,5.5345949281965,1.08649998664856));
#13390=CARTESIAN_POINT($,(-6.75387657165527,5.5295949281965,1.08649998664856));
#13391=CARTESIAN_POINT($,(-6.75387657165527,5.5345949281965,1.08149998664856));
#13392=CARTESIAN_POINT('Origin',(-6.74887657165527,5.5245949281965,1.08149998664856));
#13393=CARTESIAN_POINT($,(-6.74887657165527,5.5245949281965,1.08649998664856));
#13394=CARTESIAN_POINT($,(-6.74887657165527,5.5245949281965,1.07649998664856));
#13395=CARTESIAN_POINT('Origin',(-6.74887657165527,5.5295949281965,1.08649998664856));
#13396=CARTESIAN_POINT($,(-6.74887657165527,5.5345949281965,1.08649998664856));
#13397=CARTESIAN_POINT('Origin',(-6.74887657165527,5.5345949281965,1.08149998664856));
#13398=CARTESIAN_POINT($,(-6.74887657165527,5.5345949281965,1.07649998664856));
#13399=CARTESIAN_POINT('Origin',(-6.74887657165527,5.5295949281965,1.07649998664856));
#13400=CARTESIAN_POINT('Origin',(-6.74387657165527,5.5295949281965,1.06149998664856));
#13401=CARTESIAN_POINT('',(-6.74387657165527,5.5245949281965,1.05649998664856));
#13402=CARTESIAN_POINT('',(-6.74387657165527,5.5345949281965,1.05649998664856));
#13403=CARTESIAN_POINT($,(-6.74387657165527,5.5295949281965,1.05649998664856));
#13404=CARTESIAN_POINT('',(-6.74387657165527,5.5345949281965,1.06649998664856));
#13405=CARTESIAN_POINT($,(-6.74387657165527,5.5345949281965,1.06149998664856));
#13406=CARTESIAN_POINT('',(-6.74387657165527,5.5245949281965,1.06649998664856));
#13407=CARTESIAN_POINT($,(-6.74387657165527,5.5295949281965,1.06649998664856));
#13408=CARTESIAN_POINT($,(-6.74387657165527,5.5245949281965,1.06149998664856));
#13409=CARTESIAN_POINT('Origin',(-6.75387657165527,5.5295949281965,1.06149998664856));
#13410=CARTESIAN_POINT('',(-6.75387657165527,5.5345949281965,1.05649998664856));
#13411=CARTESIAN_POINT('',(-6.75387657165527,5.5245949281965,1.05649998664856));
#13412=CARTESIAN_POINT($,(-6.75387657165527,5.5295949281965,1.05649998664856));
#13413=CARTESIAN_POINT('',(-6.75387657165527,5.5245949281965,1.06649998664856));
#13414=CARTESIAN_POINT($,(-6.75387657165527,5.5245949281965,1.06149998664856));
#13415=CARTESIAN_POINT('',(-6.75387657165527,5.5345949281965,1.06649998664856));
#13416=CARTESIAN_POINT($,(-6.75387657165527,5.5295949281965,1.06649998664856));
#13417=CARTESIAN_POINT($,(-6.75387657165527,5.5345949281965,1.06149998664856));
#13418=CARTESIAN_POINT('Origin',(-6.74887657165527,5.5245949281965,1.06149998664856));
#13419=CARTESIAN_POINT($,(-6.74887657165527,5.5245949281965,1.06649998664856));
#13420=CARTESIAN_POINT($,(-6.74887657165527,5.5245949281965,1.05649998664856));
#13421=CARTESIAN_POINT('Origin',(-6.74887657165527,5.5295949281965,1.06649998664856));
#13422=CARTESIAN_POINT($,(-6.74887657165527,5.5345949281965,1.06649998664856));
#13423=CARTESIAN_POINT('Origin',(-6.74887657165527,5.5345949281965,1.06149998664856));
#13424=CARTESIAN_POINT($,(-6.74887657165527,5.5345949281965,1.05649998664856));
#13425=CARTESIAN_POINT('Origin',(-6.74887657165527,5.5295949281965,1.05649998664856));
#13426=CARTESIAN_POINT('Origin',(-6.74387657165527,5.5495949281965,1.08149998664856));
#13427=CARTESIAN_POINT('',(-6.74387657165527,5.5445949281965,1.07649998664856));
#13428=CARTESIAN_POINT('',(-6.74387657165527,5.5545949281965,1.07649998664856));
#13429=CARTESIAN_POINT($,(-6.74387657165527,5.5495949281965,1.07649998664856));
#13430=CARTESIAN_POINT('',(-6.74387657165527,5.5545949281965,1.08649998664856));
#13431=CARTESIAN_POINT($,(-6.74387657165527,5.5545949281965,1.08149998664856));
#13432=CARTESIAN_POINT('',(-6.74387657165527,5.5445949281965,1.08649998664856));
#13433=CARTESIAN_POINT($,(-6.74387657165527,5.5495949281965,1.08649998664856));
#13434=CARTESIAN_POINT($,(-6.74387657165527,5.5445949281965,1.08149998664856));
#13435=CARTESIAN_POINT('Origin',(-6.75387657165527,5.5495949281965,1.08149998664856));
#13436=CARTESIAN_POINT('',(-6.75387657165527,5.5545949281965,1.07649998664856));
#13437=CARTESIAN_POINT('',(-6.75387657165527,5.5445949281965,1.07649998664856));
#13438=CARTESIAN_POINT($,(-6.75387657165527,5.5495949281965,1.07649998664856));
#13439=CARTESIAN_POINT('',(-6.75387657165527,5.5445949281965,1.08649998664856));
#13440=CARTESIAN_POINT($,(-6.75387657165527,5.5445949281965,1.08149998664856));
#13441=CARTESIAN_POINT('',(-6.75387657165527,5.5545949281965,1.08649998664856));
#13442=CARTESIAN_POINT($,(-6.75387657165527,5.5495949281965,1.08649998664856));
#13443=CARTESIAN_POINT($,(-6.75387657165527,5.5545949281965,1.08149998664856));
#13444=CARTESIAN_POINT('Origin',(-6.74887657165527,5.5445949281965,1.08149998664856));
#13445=CARTESIAN_POINT($,(-6.74887657165527,5.5445949281965,1.08649998664856));
#13446=CARTESIAN_POINT($,(-6.74887657165527,5.5445949281965,1.07649998664856));
#13447=CARTESIAN_POINT('Origin',(-6.74887657165527,5.5495949281965,1.08649998664856));
#13448=CARTESIAN_POINT($,(-6.74887657165527,5.5545949281965,1.08649998664856));
#13449=CARTESIAN_POINT('Origin',(-6.74887657165527,5.5545949281965,1.08149998664856));
#13450=CARTESIAN_POINT($,(-6.74887657165527,5.5545949281965,1.07649998664856));
#13451=CARTESIAN_POINT('Origin',(-6.74887657165527,5.5495949281965,1.07649998664856));
#13452=CARTESIAN_POINT('Origin',(-6.74387657165527,5.5495949281965,1.06149998664856));
#13453=CARTESIAN_POINT('',(-6.74387657165527,5.5445949281965,1.05649998664856));
#13454=CARTESIAN_POINT('',(-6.74387657165527,5.5545949281965,1.05649998664856));
#13455=CARTESIAN_POINT($,(-6.74387657165527,5.5495949281965,1.05649998664856));
#13456=CARTESIAN_POINT('',(-6.74387657165527,5.5545949281965,1.06649998664856));
#13457=CARTESIAN_POINT($,(-6.74387657165527,5.5545949281965,1.06149998664856));
#13458=CARTESIAN_POINT('',(-6.74387657165527,5.5445949281965,1.06649998664856));
#13459=CARTESIAN_POINT($,(-6.74387657165527,5.5495949281965,1.06649998664856));
#13460=CARTESIAN_POINT($,(-6.74387657165527,5.5445949281965,1.06149998664856));
#13461=CARTESIAN_POINT('Origin',(-6.75387657165527,5.5495949281965,1.06149998664856));
#13462=CARTESIAN_POINT('',(-6.75387657165527,5.5545949281965,1.05649998664856));
#13463=CARTESIAN_POINT('',(-6.75387657165527,5.5445949281965,1.05649998664856));
#13464=CARTESIAN_POINT($,(-6.75387657165527,5.5495949281965,1.05649998664856));
#13465=CARTESIAN_POINT('',(-6.75387657165527,5.5445949281965,1.06649998664856));
#13466=CARTESIAN_POINT($,(-6.75387657165527,5.5445949281965,1.06149998664856));
#13467=CARTESIAN_POINT('',(-6.75387657165527,5.5545949281965,1.06649998664856));
#13468=CARTESIAN_POINT($,(-6.75387657165527,5.5495949281965,1.06649998664856));
#13469=CARTESIAN_POINT($,(-6.75387657165527,5.5545949281965,1.06149998664856));
#13470=CARTESIAN_POINT('Origin',(-6.74887657165527,5.5445949281965,1.06149998664856));
#13471=CARTESIAN_POINT($,(-6.74887657165527,5.5445949281965,1.06649998664856));
#13472=CARTESIAN_POINT($,(-6.74887657165527,5.5445949281965,1.05649998664856));
#13473=CARTESIAN_POINT('Origin',(-6.74887657165527,5.5495949281965,1.06649998664856));
#13474=CARTESIAN_POINT($,(-6.74887657165527,5.5545949281965,1.06649998664856));
#13475=CARTESIAN_POINT('Origin',(-6.74887657165527,5.5545949281965,1.06149998664856));
#13476=CARTESIAN_POINT($,(-6.74887657165527,5.5545949281965,1.05649998664856));
#13477=CARTESIAN_POINT('Origin',(-6.74887657165527,5.5495949281965,1.05649998664856));
#13478=CARTESIAN_POINT('Origin',(-6.74387657165527,5.4695949281965,1.14149998664856));
#13479=CARTESIAN_POINT('',(-6.74387657165527,5.4645949281965,1.13649998664856));
#13480=CARTESIAN_POINT('',(-6.74387657165527,5.4745949281965,1.13649998664856));
#13481=CARTESIAN_POINT($,(-6.74387657165527,5.4695949281965,1.13649998664856));
#13482=CARTESIAN_POINT('',(-6.74387657165527,5.4745949281965,1.14649998664856));
#13483=CARTESIAN_POINT($,(-6.74387657165527,5.4745949281965,1.14149998664856));
#13484=CARTESIAN_POINT('',(-6.74387657165527,5.4645949281965,1.14649998664856));
#13485=CARTESIAN_POINT($,(-6.74387657165527,5.4695949281965,1.14649998664856));
#13486=CARTESIAN_POINT($,(-6.74387657165527,5.4645949281965,1.14149998664856));
#13487=CARTESIAN_POINT('Origin',(-6.75387657165527,5.4695949281965,1.14149998664856));
#13488=CARTESIAN_POINT('',(-6.75387657165527,5.4745949281965,1.13649998664856));
#13489=CARTESIAN_POINT('',(-6.75387657165527,5.4645949281965,1.13649998664856));
#13490=CARTESIAN_POINT($,(-6.75387657165527,5.4695949281965,1.13649998664856));
#13491=CARTESIAN_POINT('',(-6.75387657165527,5.4645949281965,1.14649998664856));
#13492=CARTESIAN_POINT($,(-6.75387657165527,5.4645949281965,1.14149998664856));
#13493=CARTESIAN_POINT('',(-6.75387657165527,5.4745949281965,1.14649998664856));
#13494=CARTESIAN_POINT($,(-6.75387657165527,5.4695949281965,1.14649998664856));
#13495=CARTESIAN_POINT($,(-6.75387657165527,5.4745949281965,1.14149998664856));
#13496=CARTESIAN_POINT('Origin',(-6.74887657165527,5.4645949281965,1.14149998664856));
#13497=CARTESIAN_POINT($,(-6.74887657165527,5.4645949281965,1.14649998664856));
#13498=CARTESIAN_POINT($,(-6.74887657165527,5.4645949281965,1.13649998664856));
#13499=CARTESIAN_POINT('Origin',(-6.74887657165527,5.4695949281965,1.14649998664856));
#13500=CARTESIAN_POINT($,(-6.74887657165527,5.4745949281965,1.14649998664856));
#13501=CARTESIAN_POINT('Origin',(-6.74887657165527,5.4745949281965,1.14149998664856));
#13502=CARTESIAN_POINT($,(-6.74887657165527,5.4745949281965,1.13649998664856));
#13503=CARTESIAN_POINT('Origin',(-6.74887657165527,5.4695949281965,1.13649998664856));
#13504=CARTESIAN_POINT('Origin',(-6.74387657165527,5.4695949281965,1.10149998664856));
#13505=CARTESIAN_POINT('',(-6.74387657165527,5.4645949281965,1.09649998664856));
#13506=CARTESIAN_POINT('',(-6.74387657165527,5.4745949281965,1.09649998664856));
#13507=CARTESIAN_POINT($,(-6.74387657165527,5.4695949281965,1.09649998664856));
#13508=CARTESIAN_POINT('',(-6.74387657165527,5.4745949281965,1.10649998664856));
#13509=CARTESIAN_POINT($,(-6.74387657165527,5.4745949281965,1.10149998664856));
#13510=CARTESIAN_POINT('',(-6.74387657165527,5.4645949281965,1.10649998664856));
#13511=CARTESIAN_POINT($,(-6.74387657165527,5.4695949281965,1.10649998664856));
#13512=CARTESIAN_POINT($,(-6.74387657165527,5.4645949281965,1.10149998664856));
#13513=CARTESIAN_POINT('Origin',(-6.75387657165527,5.4695949281965,1.10149998664856));
#13514=CARTESIAN_POINT('',(-6.75387657165527,5.4745949281965,1.09649998664856));
#13515=CARTESIAN_POINT('',(-6.75387657165527,5.4645949281965,1.09649998664856));
#13516=CARTESIAN_POINT($,(-6.75387657165527,5.4695949281965,1.09649998664856));
#13517=CARTESIAN_POINT('',(-6.75387657165527,5.4645949281965,1.10649998664856));
#13518=CARTESIAN_POINT($,(-6.75387657165527,5.4645949281965,1.10149998664856));
#13519=CARTESIAN_POINT('',(-6.75387657165527,5.4745949281965,1.10649998664856));
#13520=CARTESIAN_POINT($,(-6.75387657165527,5.4695949281965,1.10649998664856));
#13521=CARTESIAN_POINT($,(-6.75387657165527,5.4745949281965,1.10149998664856));
#13522=CARTESIAN_POINT('Origin',(-6.74887657165527,5.4645949281965,1.10149998664856));
#13523=CARTESIAN_POINT($,(-6.74887657165527,5.4645949281965,1.10649998664856));
#13524=CARTESIAN_POINT($,(-6.74887657165527,5.4645949281965,1.09649998664856));
#13525=CARTESIAN_POINT('Origin',(-6.74887657165527,5.4695949281965,1.10649998664856));
#13526=CARTESIAN_POINT($,(-6.74887657165527,5.4745949281965,1.10649998664856));
#13527=CARTESIAN_POINT('Origin',(-6.74887657165527,5.4745949281965,1.10149998664856));
#13528=CARTESIAN_POINT($,(-6.74887657165527,5.4745949281965,1.09649998664856));
#13529=CARTESIAN_POINT('Origin',(-6.74887657165527,5.4695949281965,1.09649998664856));
#13530=CARTESIAN_POINT('Origin',(-6.74387657165527,5.4695949281965,1.08149998664856));
#13531=CARTESIAN_POINT('',(-6.74387657165527,5.4645949281965,1.07649998664856));
#13532=CARTESIAN_POINT('',(-6.74387657165527,5.4745949281965,1.07649998664856));
#13533=CARTESIAN_POINT($,(-6.74387657165527,5.4695949281965,1.07649998664856));
#13534=CARTESIAN_POINT('',(-6.74387657165527,5.4745949281965,1.08649998664856));
#13535=CARTESIAN_POINT($,(-6.74387657165527,5.4745949281965,1.08149998664856));
#13536=CARTESIAN_POINT('',(-6.74387657165527,5.4645949281965,1.08649998664856));
#13537=CARTESIAN_POINT($,(-6.74387657165527,5.4695949281965,1.08649998664856));
#13538=CARTESIAN_POINT($,(-6.74387657165527,5.4645949281965,1.08149998664856));
#13539=CARTESIAN_POINT('Origin',(-6.75387657165527,5.4695949281965,1.08149998664856));
#13540=CARTESIAN_POINT('',(-6.75387657165527,5.4745949281965,1.07649998664856));
#13541=CARTESIAN_POINT('',(-6.75387657165527,5.4645949281965,1.07649998664856));
#13542=CARTESIAN_POINT($,(-6.75387657165527,5.4695949281965,1.07649998664856));
#13543=CARTESIAN_POINT('',(-6.75387657165527,5.4645949281965,1.08649998664856));
#13544=CARTESIAN_POINT($,(-6.75387657165527,5.4645949281965,1.08149998664856));
#13545=CARTESIAN_POINT('',(-6.75387657165527,5.4745949281965,1.08649998664856));
#13546=CARTESIAN_POINT($,(-6.75387657165527,5.4695949281965,1.08649998664856));
#13547=CARTESIAN_POINT($,(-6.75387657165527,5.4745949281965,1.08149998664856));
#13548=CARTESIAN_POINT('Origin',(-6.74887657165527,5.4645949281965,1.08149998664856));
#13549=CARTESIAN_POINT($,(-6.74887657165527,5.4645949281965,1.08649998664856));
#13550=CARTESIAN_POINT($,(-6.74887657165527,5.4645949281965,1.07649998664856));
#13551=CARTESIAN_POINT('Origin',(-6.74887657165527,5.4695949281965,1.08649998664856));
#13552=CARTESIAN_POINT($,(-6.74887657165527,5.4745949281965,1.08649998664856));
#13553=CARTESIAN_POINT('Origin',(-6.74887657165527,5.4745949281965,1.08149998664856));
#13554=CARTESIAN_POINT($,(-6.74887657165527,5.4745949281965,1.07649998664856));
#13555=CARTESIAN_POINT('Origin',(-6.74887657165527,5.4695949281965,1.07649998664856));
#13556=CARTESIAN_POINT('Origin',(-6.74387657165527,5.4695949281965,1.06149998664856));
#13557=CARTESIAN_POINT('',(-6.74387657165527,5.4645949281965,1.05649998664856));
#13558=CARTESIAN_POINT('',(-6.74387657165527,5.4745949281965,1.05649998664856));
#13559=CARTESIAN_POINT($,(-6.74387657165527,5.4695949281965,1.05649998664856));
#13560=CARTESIAN_POINT('',(-6.74387657165527,5.4745949281965,1.06649998664856));
#13561=CARTESIAN_POINT($,(-6.74387657165527,5.4745949281965,1.06149998664856));
#13562=CARTESIAN_POINT('',(-6.74387657165527,5.4645949281965,1.06649998664856));
#13563=CARTESIAN_POINT($,(-6.74387657165527,5.4695949281965,1.06649998664856));
#13564=CARTESIAN_POINT($,(-6.74387657165527,5.4645949281965,1.06149998664856));
#13565=CARTESIAN_POINT('Origin',(-6.75387657165527,5.4695949281965,1.06149998664856));
#13566=CARTESIAN_POINT('',(-6.75387657165527,5.4745949281965,1.05649998664856));
#13567=CARTESIAN_POINT('',(-6.75387657165527,5.4645949281965,1.05649998664856));
#13568=CARTESIAN_POINT($,(-6.75387657165527,5.4695949281965,1.05649998664856));
#13569=CARTESIAN_POINT('',(-6.75387657165527,5.4645949281965,1.06649998664856));
#13570=CARTESIAN_POINT($,(-6.75387657165527,5.4645949281965,1.06149998664856));
#13571=CARTESIAN_POINT('',(-6.75387657165527,5.4745949281965,1.06649998664856));
#13572=CARTESIAN_POINT($,(-6.75387657165527,5.4695949281965,1.06649998664856));
#13573=CARTESIAN_POINT($,(-6.75387657165527,5.4745949281965,1.06149998664856));
#13574=CARTESIAN_POINT('Origin',(-6.74887657165527,5.4645949281965,1.06149998664856));
#13575=CARTESIAN_POINT($,(-6.74887657165527,5.4645949281965,1.06649998664856));
#13576=CARTESIAN_POINT($,(-6.74887657165527,5.4645949281965,1.05649998664856));
#13577=CARTESIAN_POINT('Origin',(-6.74887657165527,5.4695949281965,1.06649998664856));
#13578=CARTESIAN_POINT($,(-6.74887657165527,5.4745949281965,1.06649998664856));
#13579=CARTESIAN_POINT('Origin',(-6.74887657165527,5.4745949281965,1.06149998664856));
#13580=CARTESIAN_POINT($,(-6.74887657165527,5.4745949281965,1.05649998664856));
#13581=CARTESIAN_POINT('Origin',(-6.74887657165527,5.4695949281965,1.05649998664856));
#13582=CARTESIAN_POINT('Origin',(-6.74387657165527,5.4695949281965,1.16149998664856));
#13583=CARTESIAN_POINT('',(-6.74387657165527,5.4645949281965,1.15649998664856));
#13584=CARTESIAN_POINT('',(-6.74387657165527,5.4745949281965,1.15649998664856));
#13585=CARTESIAN_POINT($,(-6.74387657165527,5.4695949281965,1.15649998664856));
#13586=CARTESIAN_POINT('',(-6.74387657165527,5.4745949281965,1.16649998664856));
#13587=CARTESIAN_POINT($,(-6.74387657165527,5.4745949281965,1.16149998664856));
#13588=CARTESIAN_POINT('',(-6.74387657165527,5.4645949281965,1.16649998664856));
#13589=CARTESIAN_POINT($,(-6.74387657165527,5.4695949281965,1.16649998664856));
#13590=CARTESIAN_POINT($,(-6.74387657165527,5.4645949281965,1.16149998664856));
#13591=CARTESIAN_POINT('Origin',(-6.75387657165527,5.4695949281965,1.16149998664856));
#13592=CARTESIAN_POINT('',(-6.75387657165527,5.4745949281965,1.15649998664856));
#13593=CARTESIAN_POINT('',(-6.75387657165527,5.4645949281965,1.15649998664856));
#13594=CARTESIAN_POINT($,(-6.75387657165527,5.4695949281965,1.15649998664856));
#13595=CARTESIAN_POINT('',(-6.75387657165527,5.4645949281965,1.16649998664856));
#13596=CARTESIAN_POINT($,(-6.75387657165527,5.4645949281965,1.16149998664856));
#13597=CARTESIAN_POINT('',(-6.75387657165527,5.4745949281965,1.16649998664856));
#13598=CARTESIAN_POINT($,(-6.75387657165527,5.4695949281965,1.16649998664856));
#13599=CARTESIAN_POINT($,(-6.75387657165527,5.4745949281965,1.16149998664856));
#13600=CARTESIAN_POINT('Origin',(-6.74887657165527,5.4645949281965,1.16149998664856));
#13601=CARTESIAN_POINT($,(-6.74887657165527,5.4645949281965,1.16649998664856));
#13602=CARTESIAN_POINT($,(-6.74887657165527,5.4645949281965,1.15649998664856));
#13603=CARTESIAN_POINT('Origin',(-6.74887657165527,5.4695949281965,1.16649998664856));
#13604=CARTESIAN_POINT($,(-6.74887657165527,5.4745949281965,1.16649998664856));
#13605=CARTESIAN_POINT('Origin',(-6.74887657165527,5.4745949281965,1.16149998664856));
#13606=CARTESIAN_POINT($,(-6.74887657165527,5.4745949281965,1.15649998664856));
#13607=CARTESIAN_POINT('Origin',(-6.74887657165527,5.4695949281965,1.15649998664856));
#13608=CARTESIAN_POINT('Origin',(-6.74387657165527,5.4695949281965,1.18149998664856));
#13609=CARTESIAN_POINT('',(-6.74387657165527,5.4645949281965,1.17649998664856));
#13610=CARTESIAN_POINT('',(-6.74387657165527,5.4745949281965,1.17649998664856));
#13611=CARTESIAN_POINT($,(-6.74387657165527,5.4695949281965,1.17649998664856));
#13612=CARTESIAN_POINT('',(-6.74387657165527,5.4745949281965,1.18649998664856));
#13613=CARTESIAN_POINT($,(-6.74387657165527,5.4745949281965,1.18149998664856));
#13614=CARTESIAN_POINT('',(-6.74387657165527,5.4645949281965,1.18649998664856));
#13615=CARTESIAN_POINT($,(-6.74387657165527,5.4695949281965,1.18649998664856));
#13616=CARTESIAN_POINT($,(-6.74387657165527,5.4645949281965,1.18149998664856));
#13617=CARTESIAN_POINT('Origin',(-6.75387657165527,5.4695949281965,1.18149998664856));
#13618=CARTESIAN_POINT('',(-6.75387657165527,5.4745949281965,1.17649998664856));
#13619=CARTESIAN_POINT('',(-6.75387657165527,5.4645949281965,1.17649998664856));
#13620=CARTESIAN_POINT($,(-6.75387657165527,5.4695949281965,1.17649998664856));
#13621=CARTESIAN_POINT('',(-6.75387657165527,5.4645949281965,1.18649998664856));
#13622=CARTESIAN_POINT($,(-6.75387657165527,5.4645949281965,1.18149998664856));
#13623=CARTESIAN_POINT('',(-6.75387657165527,5.4745949281965,1.18649998664856));
#13624=CARTESIAN_POINT($,(-6.75387657165527,5.4695949281965,1.18649998664856));
#13625=CARTESIAN_POINT($,(-6.75387657165527,5.4745949281965,1.18149998664856));
#13626=CARTESIAN_POINT('Origin',(-6.74887657165527,5.4645949281965,1.18149998664856));
#13627=CARTESIAN_POINT($,(-6.74887657165527,5.4645949281965,1.18649998664856));
#13628=CARTESIAN_POINT($,(-6.74887657165527,5.4645949281965,1.17649998664856));
#13629=CARTESIAN_POINT('Origin',(-6.74887657165527,5.4695949281965,1.18649998664856));
#13630=CARTESIAN_POINT($,(-6.74887657165527,5.4745949281965,1.18649998664856));
#13631=CARTESIAN_POINT('Origin',(-6.74887657165527,5.4745949281965,1.18149998664856));
#13632=CARTESIAN_POINT($,(-6.74887657165527,5.4745949281965,1.17649998664856));
#13633=CARTESIAN_POINT('Origin',(-6.74887657165527,5.4695949281965,1.17649998664856));
#13634=CARTESIAN_POINT('Origin',(-7.40579795837402,5.82441377639771,1.05149998664856));
#13635=CARTESIAN_POINT('',(-7.35579795837402,5.82441377639771,1.02649998664856));
#13636=CARTESIAN_POINT('Origin',(-7.40579795837402,5.82441377639771,1.02649998664856));
#13637=CARTESIAN_POINT('',(-7.35579795837402,5.82441377639771,1.07649998664856));
#13638=CARTESIAN_POINT('Origin',(-7.40579795837402,5.82441377639771,1.07649998664856));
#13639=CARTESIAN_POINT('Origin',(-7.40579795837402,5.82441377639771,1.02649998664856));
#13640=CARTESIAN_POINT('Origin',(-7.40579795837402,5.82441377639771,1.07649998664856));
#13641=CARTESIAN_POINT('Origin',(-7.45579795837402,5.95441377639771,1.05149998664856));
#13642=CARTESIAN_POINT('',(-7.40579795837402,5.95441377639771,1.02649998664856));
#13643=CARTESIAN_POINT('Origin',(-7.45579795837402,5.95441377639771,1.02649998664856));
#13644=CARTESIAN_POINT('',(-7.40579795837402,5.95441377639771,1.07649998664856));
#13645=CARTESIAN_POINT('Origin',(-7.45579795837402,5.95441377639771,1.07649998664856));
#13646=CARTESIAN_POINT('Origin',(-7.45579795837402,5.95441377639771,1.02649998664856));
#13647=CARTESIAN_POINT('Origin',(-7.45579795837402,5.95441377639771,1.07649998664856));
#13648=CARTESIAN_POINT('Origin',(-5.6910048538198,9.59243295614866,0.445250000000038));
#13649=CARTESIAN_POINT('',(-6.98450443506277,9.42008169305271,0.445250000000038));
#13650=CARTESIAN_POINT('',(-6.98450443506277,8.80258169305272,0.445250000000038));
#13651=CARTESIAN_POINT($,(-6.98450443506277,9.42008169305271,0.445250000000038));
#13652=CARTESIAN_POINT('',(-7.55450443506277,8.80258169305272,0.445250000000038));
#13653=CARTESIAN_POINT($,(-6.98450443506277,8.80258169305272,0.445250000000038));
#13654=CARTESIAN_POINT('',(-7.55450443506277,9.42008169305271,0.445250000000038));
#13655=CARTESIAN_POINT($,(-7.55450443506277,8.80258169305272,0.445250000000038));
#13656=CARTESIAN_POINT($,(-7.55450443506277,9.42008169305271,0.445250000000038));
#13657=CARTESIAN_POINT('Origin',(-6.98450443506277,8.80258169305272,0.445250000000038));
#13658=CARTESIAN_POINT('',(-6.98450443506277,9.42008169305271,1.15775000000003));
#13659=CARTESIAN_POINT($,(-6.98450443506277,9.42008169305271,0.445250000000038));
#13660=CARTESIAN_POINT('',(-6.98450443506277,8.80258169305272,1.15775000000003));
#13661=CARTESIAN_POINT($,(-6.98450443506277,9.19750732460069,1.15775000000003));
#13662=CARTESIAN_POINT($,(-6.98450443506277,8.80258169305272,0.967750000000038));
#13663=CARTESIAN_POINT('Origin',(-6.98450443506277,9.42008169305271,0.445250000000038));
#13664=CARTESIAN_POINT('',(-7.55450443506277,9.42008169305271,1.15775000000003));
#13665=CARTESIAN_POINT($,(-7.55450443506277,9.42008169305271,0.445250000000038));
#13666=CARTESIAN_POINT($,(-6.33775464444129,9.42008169305271,1.15775000000003));
#13667=CARTESIAN_POINT('Origin',(-7.55450443506277,9.42008169305271,0.445250000000038));
#13668=CARTESIAN_POINT('',(-7.55450443506277,8.80258169305272,1.15775000000003));
#13669=CARTESIAN_POINT($,(-7.55450443506277,8.80258169305272,0.445250000000038));
#13670=CARTESIAN_POINT($,(-7.55450443506277,9.50625732460069,1.15775000000003));
#13671=CARTESIAN_POINT('Origin',(-7.55450443506277,8.80258169305272,0.445250000000038));
#13672=CARTESIAN_POINT($,(-6.62275464444129,8.80258169305272,1.15775000000003));
#13673=CARTESIAN_POINT('Origin',(-5.6910048538198,9.59243295614866,1.15775000000003));
#13674=CARTESIAN_POINT('Origin',(-6.94887638092041,5.27673778533936,1.12149998664856));
#13675=CARTESIAN_POINT('',(-6.90837638092041,5.27673778533936,1.14579998664856));
#13676=CARTESIAN_POINT('',(-6.90837638092041,5.27673778533936,1.09719998664856));
#13677=CARTESIAN_POINT($,(-6.90837638092041,5.27673778533936,1.12149998664856));
#13678=CARTESIAN_POINT('',(-6.98937638092041,5.27673778533936,1.09719998664856));
#13679=CARTESIAN_POINT($,(-6.94887638092041,5.27673778533936,1.09719998664856));
#13680=CARTESIAN_POINT('',(-6.98937638092041,5.27673778533936,1.14579998664856));
#13681=CARTESIAN_POINT($,(-6.98937638092041,5.27673778533936,1.12149998664856));
#13682=CARTESIAN_POINT($,(-6.94887638092041,5.27673778533936,1.14579998664856));
#13683=CARTESIAN_POINT('Origin',(-6.94887638092041,5.24863765716553,1.12149998664856));
#13684=CARTESIAN_POINT('',(-6.97387638092041,5.24863765716553,1.12649998664856));
#13685=CARTESIAN_POINT('',(-6.92387638092041,5.24863765716553,1.12649998664856));
#13686=CARTESIAN_POINT($,(-6.94887638092041,5.24863765716553,1.12649998664856));
#13687=CARTESIAN_POINT('',(-6.92387638092041,5.24863765716553,1.11649998664856));
#13688=CARTESIAN_POINT($,(-6.92387638092041,5.24863765716553,1.12149998664856));
#13689=CARTESIAN_POINT('',(-6.97387638092041,5.24863765716553,1.11649998664856));
#13690=CARTESIAN_POINT($,(-6.94887638092041,5.24863765716553,1.11649998664856));
#13691=CARTESIAN_POINT($,(-6.97387638092041,5.24863765716553,1.12149998664856));
#13692=CARTESIAN_POINT('Origin',(-6.92387638092041,5.25363765716553,1.12149998664856));
#13693=CARTESIAN_POINT('',(-6.92387638092041,5.26863765716553,1.12649998664856));
#13694=CARTESIAN_POINT($,(-6.92387638092041,5.25363765716553,1.12649998664856));
#13695=CARTESIAN_POINT('',(-6.92387638092041,5.26863765716553,1.11649998664856));
#13696=CARTESIAN_POINT($,(-6.92387638092041,5.26863778533936,1.12149998664856));
#13697=CARTESIAN_POINT($,(-6.92387638092041,5.25363765716553,1.11649998664856));
#13698=CARTESIAN_POINT('Origin',(-6.91387638092041,5.25363765716553,1.12149998664856));
#13699=CARTESIAN_POINT('',(-6.91387638092041,5.23863765716553,1.11649998664856));
#13700=CARTESIAN_POINT('',(-6.91387638092041,5.26863765716553,1.11649998664856));
#13701=CARTESIAN_POINT($,(-6.91387638092041,5.25363765716553,1.11649998664856));
#13702=CARTESIAN_POINT('',(-6.91387638092041,5.26863765716553,1.12649998664856));
#13703=CARTESIAN_POINT($,(-6.91387638092041,5.26863778533936,1.12149998664856));
#13704=CARTESIAN_POINT('',(-6.91387638092041,5.23863765716553,1.12649998664856));
#13705=CARTESIAN_POINT($,(-6.91387638092041,5.25363765716553,1.12649998664856));
#13706=CARTESIAN_POINT($,(-6.91387638092041,5.23863765716553,1.12149998664856));
#13707=CARTESIAN_POINT('Origin',(-6.97887638092041,5.23863765716553,1.12149998664856));
#13708=CARTESIAN_POINT('',(-6.98387638092041,5.23863765716553,1.12649998664856));
#13709=CARTESIAN_POINT($,(-6.97887638092041,5.23863765716553,1.12649998664856));
#13710=CARTESIAN_POINT('',(-6.98387638092041,5.23863765716553,1.11649998664856));
#13711=CARTESIAN_POINT($,(-6.98387638092041,5.23863765716553,1.12149998664856));
#13712=CARTESIAN_POINT($,(-6.91887638092041,5.23863765716553,1.11649998664856));
#13713=CARTESIAN_POINT('Origin',(-6.97887638092041,5.25363765716553,1.11649998664856));
#13714=CARTESIAN_POINT('',(-6.98387638092041,5.26863765716553,1.11649998664856));
#13715=CARTESIAN_POINT($,(-6.98387638092041,5.25363765716553,1.11649998664856));
#13716=CARTESIAN_POINT('',(-6.97387638092041,5.26863765716553,1.11649998664856));
#13717=CARTESIAN_POINT($,(-6.96387638092041,5.26863778533936,1.11649998664856));
#13718=CARTESIAN_POINT($,(-6.97387638092041,5.25363765716553,1.11649998664856));
#13719=CARTESIAN_POINT($,(-6.93387638092041,5.26863778533936,1.11649998664856));
#13720=CARTESIAN_POINT('Origin',(-6.98387638092041,5.25363765716553,1.12149998664856));
#13721=CARTESIAN_POINT('',(-6.98387638092041,5.26863765716553,1.12649998664856));
#13722=CARTESIAN_POINT($,(-6.98387638092041,5.25363765716553,1.12649998664856));
#13723=CARTESIAN_POINT($,(-6.98387638092041,5.26863778533936,1.12149998664856));
#13724=CARTESIAN_POINT('Origin',(-6.97887638092041,5.25363765716553,1.12649998664856));
#13725=CARTESIAN_POINT('',(-6.97387638092041,5.26863765716553,1.12649998664856));
#13726=CARTESIAN_POINT($,(-6.97387638092041,5.25363765716553,1.12649998664856));
#13727=CARTESIAN_POINT($,(-6.96387638092041,5.26863778533936,1.12649998664856));
#13728=CARTESIAN_POINT($,(-6.93387638092041,5.26863778533936,1.12649998664856));
#13729=CARTESIAN_POINT('Origin',(-6.97387638092041,5.25363765716553,1.12149998664856));
#13730=CARTESIAN_POINT($,(-6.97387638092041,5.26863778533936,1.12149998664856));
#13731=CARTESIAN_POINT('Origin',(-6.94887638092041,5.26863778533936,1.12149998664856));
#13732=CARTESIAN_POINT('',(-6.98937638092041,5.26863778533936,1.09719998664856));
#13733=CARTESIAN_POINT('',(-6.90837638092041,5.26863778533936,1.09719998664856));
#13734=CARTESIAN_POINT($,(-6.94887638092041,5.26863778533936,1.09719998664856));
#13735=CARTESIAN_POINT('',(-6.90837638092041,5.26863778533936,1.14579998664856));
#13736=CARTESIAN_POINT($,(-6.90837638092041,5.26863778533936,1.12149998664856));
#13737=CARTESIAN_POINT('',(-6.98937638092041,5.26863778533936,1.14579998664856));
#13738=CARTESIAN_POINT($,(-6.94887638092041,5.26863778533936,1.14579998664856));
#13739=CARTESIAN_POINT($,(-6.98937638092041,5.26863778533936,1.12149998664856));
#13740=CARTESIAN_POINT('Origin',(-6.90837638092041,5.27268778533936,1.12149998664856));
#13741=CARTESIAN_POINT($,(-6.90837638092041,5.27268778533936,1.14579998664856));
#13742=CARTESIAN_POINT($,(-6.90837638092041,5.27268778533936,1.09719998664856));
#13743=CARTESIAN_POINT('Origin',(-6.94887638092041,5.27268778533936,1.14579998664856));
#13744=CARTESIAN_POINT($,(-6.98937638092041,5.27268778533936,1.14579998664856));
#13745=CARTESIAN_POINT('Origin',(-6.98937638092041,5.27268778533936,1.12149998664856));
#13746=CARTESIAN_POINT($,(-6.98937638092041,5.27268778533936,1.09719998664856));
#13747=CARTESIAN_POINT('Origin',(-6.94887638092041,5.27268778533936,1.09719998664856));
#13748=CARTESIAN_POINT('Origin',(-7.45950443506278,7.84024881446696,0.4265000133515));
#13749=CARTESIAN_POINT('',(-7.45950443506278,7.84024881446696,0.426500013351506));
#13750=CARTESIAN_POINT('',(-6.75950443506278,7.84024881446696,0.426500013351506));
#13751=CARTESIAN_POINT($,(-6.14505299290793,7.84024881446696,0.426500013351506));
#13752=CARTESIAN_POINT('',(-7.45950443506278,7.84024881446696,0.316500013351511));
#13753=CARTESIAN_POINT($,(-7.45950443506278,7.84024881446696,0.4265000133515));
#13754=CARTESIAN_POINT('',(-6.75950443506278,7.84024881446696,0.316500013351511));
#13755=CARTESIAN_POINT($,(-6.14505299290793,7.84024881446696,0.316500013351511));
#13756=CARTESIAN_POINT($,(-6.75950443506278,7.84024881446696,0.376500013351506));
#13757=CARTESIAN_POINT('Origin',(-7.45950443506278,6.84024881446696,0.4265000133515));
#13758=CARTESIAN_POINT('',(-7.45950443506278,6.84024881446696,0.426500013351506));
#13759=CARTESIAN_POINT($,(-7.45950443506278,7.63562676453523,0.426500013351506));
#13760=CARTESIAN_POINT('',(-7.45950443506278,6.84024881446696,0.316500013351511));
#13761=CARTESIAN_POINT($,(-7.45950443506278,6.84024881446696,0.4265000133515));
#13762=CARTESIAN_POINT($,(-7.45950443506278,7.63562676453523,0.316500013351511));
#13763=CARTESIAN_POINT('Origin',(-6.70950443506278,6.84024881446696,0.4265000133515));
#13764=CARTESIAN_POINT('',(-6.75950443506278,6.84024881446696,0.426500013351506));
#13765=CARTESIAN_POINT($,(-5.77005299290793,6.84024881446696,0.426500013351506));
#13766=CARTESIAN_POINT('',(-6.75950443506278,6.84024881446696,0.316500013351511));
#13767=CARTESIAN_POINT($,(-6.75950443506278,6.84024881446696,0.376500013351506));
#13768=CARTESIAN_POINT($,(-5.77005299290793,6.84024881446696,0.316500013351511));
#13769=CARTESIAN_POINT('Origin',(-4.83060155075308,8.43100471460351,0.316500013351511));
#13770=CARTESIAN_POINT('',(-6.75950443506278,6.64024881446698,0.316500013351511));
#13771=CARTESIAN_POINT($,(-6.75950443506278,7.53562676453524,0.316500013351511));
#13772=CARTESIAN_POINT('',(-7.60950443506278,6.64024881446698,0.316500013351511));
#13773=CARTESIAN_POINT($,(-6.22005299290793,6.64024881446698,0.316500013351511));
#13774=CARTESIAN_POINT('',(-7.60950443506278,8.04024881446694,0.316500013351511));
#13775=CARTESIAN_POINT($,(-7.60950443506278,8.23562676453522,0.316500013351511));
#13776=CARTESIAN_POINT('',(-6.75950443506278,8.04024881446694,0.316500013351511));
#13777=CARTESIAN_POINT($,(-5.79505299290793,8.04024881446694,0.316500013351511));
#13778=CARTESIAN_POINT($,(-6.75950443506278,7.53562676453524,0.316500013351511));
#13779=CARTESIAN_POINT('',(-7.58825443506278,7.95947958369772,0.316500013351511));
#13780=CARTESIAN_POINT('',(-7.54575443506278,7.95947958369772,0.316500013351511));
#13781=CARTESIAN_POINT($,(-6.19880299290793,7.95947958369772,0.316500013351511));
#13782=CARTESIAN_POINT('',(-7.54575443506278,8.01332573754387,0.316500013351511));
#13783=CARTESIAN_POINT($,(-7.54575443506278,8.20870368761215,0.316500013351511));
#13784=CARTESIAN_POINT('',(-7.58825443506278,8.01332573754387,0.316500013351511));
#13785=CARTESIAN_POINT($,(-6.19880299290793,8.01332573754387,0.316500013351511));
#13786=CARTESIAN_POINT($,(-7.58825443506278,8.20870368761215,0.316500013351511));
#13787=CARTESIAN_POINT('',(-6.82325443506278,6.66717189139005,0.316500013351511));
#13788=CARTESIAN_POINT('',(-6.78075443506278,6.66717189139005,0.316500013351511));
#13789=CARTESIAN_POINT($,(-5.81630299290793,6.66717189139005,0.316500013351511));
#13790=CARTESIAN_POINT('',(-6.78075443506278,6.7210180452362,0.316500013351511));
#13791=CARTESIAN_POINT($,(-6.78075443506278,7.56254984145832,0.316500013351511));
#13792=CARTESIAN_POINT('',(-6.82325443506278,6.7210180452362,0.316500013351511));
#13793=CARTESIAN_POINT($,(-5.81630299290793,6.7210180452362,0.316500013351511));
#13794=CARTESIAN_POINT($,(-6.82325443506278,7.56254984145832,0.316500013351511));
#13795=CARTESIAN_POINT('',(-7.58825443506278,6.66717189139005,0.316500013351511));
#13796=CARTESIAN_POINT('',(-7.54575443506278,6.66717189139005,0.316500013351511));
#13797=CARTESIAN_POINT($,(-6.19880299290793,6.66717189139005,0.316500013351511));
#13798=CARTESIAN_POINT('',(-7.54575443506278,6.7210180452362,0.316500013351511));
#13799=CARTESIAN_POINT($,(-7.54575443506278,7.56254984145832,0.316500013351511));
#13800=CARTESIAN_POINT('',(-7.58825443506278,6.7210180452362,0.316500013351511));
#13801=CARTESIAN_POINT($,(-6.19880299290793,6.7210180452362,0.316500013351511));
#13802=CARTESIAN_POINT($,(-7.58825443506278,7.56254984145832,0.316500013351511));
#13803=CARTESIAN_POINT('',(-6.82325443506278,7.95947958369772,0.316500013351511));
#13804=CARTESIAN_POINT('',(-6.78075443506278,7.95947958369772,0.316500013351511));
#13805=CARTESIAN_POINT($,(-5.81630299290793,7.95947958369772,0.316500013351511));
#13806=CARTESIAN_POINT('',(-6.78075443506278,8.01332573754387,0.316500013351511));
#13807=CARTESIAN_POINT($,(-6.78075443506278,8.20870368761215,0.316500013351511));
#13808=CARTESIAN_POINT('',(-6.82325443506278,8.01332573754387,0.316500013351511));
#13809=CARTESIAN_POINT($,(-5.81630299290793,8.01332573754387,0.316500013351511));
#13810=CARTESIAN_POINT($,(-6.82325443506278,8.20870368761215,0.316500013351511));
#13811=CARTESIAN_POINT('Origin',(-6.75950443506278,6.64024881446698,0.326500013351511));
#13812=CARTESIAN_POINT('',(-6.75950443506278,6.64024881446698,0.426500013351506));
#13813=CARTESIAN_POINT($,(-6.75950443506278,7.53562676453524,0.426500013351506));
#13814=CARTESIAN_POINT($,(-6.75950443506278,6.64024881446698,0.326500013351511));
#13815=CARTESIAN_POINT('Origin',(-6.75950443506278,6.64024881446698,0.326500013351511));
#13816=CARTESIAN_POINT('',(-6.75950443506278,8.04024881446694,0.426500013351506));
#13817=CARTESIAN_POINT($,(-6.75950443506278,8.04024881446694,0.326500013351511));
#13818=CARTESIAN_POINT($,(-6.75950443506278,7.53562676453524,0.426500013351506));
#13819=CARTESIAN_POINT('Origin',(-6.80200443506278,8.01332573754387,0.476500000000032));
#13820=CARTESIAN_POINT('',(-6.78075443506278,8.01332573754387,0.0765000000000324));
#13821=CARTESIAN_POINT($,(-6.78075443506278,8.01332573754387,0.476500000000032));
#13822=CARTESIAN_POINT('',(-6.82325443506278,8.01332573754387,0.0765000000000324));
#13823=CARTESIAN_POINT($,(-6.80200443506278,8.01332573754387,0.0765000000000324));
#13824=CARTESIAN_POINT($,(-6.82325443506278,8.01332573754387,0.476500000000032));
#13825=CARTESIAN_POINT('Origin',(-6.78075443506278,7.9864026606208,0.476500000000032));
#13826=CARTESIAN_POINT('',(-6.78075443506278,7.95947958369772,0.0765000000000324));
#13827=CARTESIAN_POINT($,(-6.78075443506278,7.95947958369772,0.476500000000032));
#13828=CARTESIAN_POINT($,(-6.78075443506278,7.9864026606208,0.0765000000000324));
#13829=CARTESIAN_POINT('Origin',(-6.82325443506278,7.9864026606208,0.476500000000032));
#13830=CARTESIAN_POINT('',(-6.82325443506278,7.95947958369772,0.0765000000000324));
#13831=CARTESIAN_POINT($,(-6.82325443506278,7.9864026606208,0.0765000000000324));
#13832=CARTESIAN_POINT($,(-6.82325443506278,7.95947958369772,0.476500000000032));
#13833=CARTESIAN_POINT('Origin',(-6.82325443506278,7.9864026606208,0.476500000000032));
#13834=CARTESIAN_POINT('',(-6.82325443506278,7.95947958369772,0.426500013351506));
#13835=CARTESIAN_POINT('',(-6.82325443506278,8.01332573754387,0.426500013351506));
#13836=CARTESIAN_POINT($,(-6.82325443506278,8.20870368761215,0.426500013351506));
#13837=CARTESIAN_POINT('',(-6.82325443506278,7.95947958369772,0.876500000000032));
#13838=CARTESIAN_POINT($,(-6.82325443506278,7.95947958369772,0.476500000000032));
#13839=CARTESIAN_POINT('',(-6.82325443506278,8.01332573754387,0.876500000000032));
#13840=CARTESIAN_POINT($,(-6.82325443506277,8.20870368761215,0.876500013351511));
#13841=CARTESIAN_POINT($,(-6.82325443506278,8.01332573754387,0.476500000000032));
#13842=CARTESIAN_POINT('Origin',(-6.80200443506278,7.95947958369772,0.476500000000032));
#13843=CARTESIAN_POINT($,(-6.80200443506278,7.95947958369772,0.0765000000000324));
#13844=CARTESIAN_POINT('Origin',(-6.80200443506278,7.95947958369772,0.476500000000032));
#13845=CARTESIAN_POINT('',(-6.78075443506278,7.95947958369772,0.426500013351506));
#13846=CARTESIAN_POINT($,(-5.81630299290793,7.95947958369772,0.426500013351506));
#13847=CARTESIAN_POINT('',(-6.78075443506278,7.95947958369772,0.876500000000032));
#13848=CARTESIAN_POINT($,(-6.78075443506278,7.95947958369772,0.476500000000032));
#13849=CARTESIAN_POINT($,(-5.81630299290793,7.95947958369772,0.876500013351511));
#13850=CARTESIAN_POINT('Origin',(-6.80200443506278,7.9864026606208,0.0765000000000324));
#13851=CARTESIAN_POINT('Origin',(-6.80200443506278,8.01332573754387,0.476500000000032));
#13852=CARTESIAN_POINT('',(-6.78075443506278,8.01332573754387,0.426500013351506));
#13853=CARTESIAN_POINT($,(-5.81630299290793,8.01332573754387,0.426500013351506));
#13854=CARTESIAN_POINT('',(-6.78075443506278,8.01332573754387,0.876500000000032));
#13855=CARTESIAN_POINT($,(-5.81630299290793,8.01332573754387,0.876500013351511));
#13856=CARTESIAN_POINT($,(-6.78075443506278,8.01332573754387,0.476500000000032));
#13857=CARTESIAN_POINT('Origin',(-6.78075443506278,7.9864026606208,0.476500000000032));
#13858=CARTESIAN_POINT($,(-6.78075443506278,8.20870368761215,0.426500013351506));
#13859=CARTESIAN_POINT($,(-6.78075443506277,8.20870368761215,0.876500013351511));
#13860=CARTESIAN_POINT('Origin',(-7.56700443506278,6.7210180452362,0.476500000000032));
#13861=CARTESIAN_POINT('',(-7.54575443506278,6.7210180452362,0.0765000000000324));
#13862=CARTESIAN_POINT($,(-7.54575443506278,6.7210180452362,0.476500000000032));
#13863=CARTESIAN_POINT('',(-7.58825443506278,6.7210180452362,0.0765000000000324));
#13864=CARTESIAN_POINT($,(-7.56700443506278,6.7210180452362,0.0765000000000324));
#13865=CARTESIAN_POINT($,(-7.58825443506278,6.7210180452362,0.476500000000032));
#13866=CARTESIAN_POINT('Origin',(-7.54575443506278,6.69409496831312,0.476500000000032));
#13867=CARTESIAN_POINT('',(-7.54575443506278,6.66717189139005,0.0765000000000324));
#13868=CARTESIAN_POINT($,(-7.54575443506278,6.66717189139005,0.476500000000032));
#13869=CARTESIAN_POINT($,(-7.54575443506278,6.69409496831312,0.0765000000000324));
#13870=CARTESIAN_POINT('Origin',(-7.58825443506278,6.69409496831312,0.476500000000032));
#13871=CARTESIAN_POINT('',(-7.58825443506278,6.66717189139005,0.0765000000000324));
#13872=CARTESIAN_POINT($,(-7.58825443506278,6.69409496831312,0.0765000000000324));
#13873=CARTESIAN_POINT($,(-7.58825443506278,6.66717189139005,0.476500000000032));
#13874=CARTESIAN_POINT('Origin',(-7.58825443506278,6.69409496831312,0.476500000000032));
#13875=CARTESIAN_POINT('',(-7.58825443506278,6.66717189139005,0.426500013351506));
#13876=CARTESIAN_POINT('',(-7.58825443506278,6.7210180452362,0.426500013351506));
#13877=CARTESIAN_POINT($,(-7.58825443506278,7.56254984145832,0.426500013351506));
#13878=CARTESIAN_POINT('',(-7.58825443506278,6.66717189139005,0.876500000000032));
#13879=CARTESIAN_POINT($,(-7.58825443506278,6.66717189139005,0.476500000000032));
#13880=CARTESIAN_POINT('',(-7.58825443506278,6.7210180452362,0.876500000000032));
#13881=CARTESIAN_POINT($,(-7.58825443506278,7.56254984145832,0.876500013351511));
#13882=CARTESIAN_POINT($,(-7.58825443506278,6.7210180452362,0.476500000000032));
#13883=CARTESIAN_POINT('Origin',(-7.56700443506278,6.66717189139005,0.476500000000032));
#13884=CARTESIAN_POINT($,(-7.56700443506278,6.66717189139005,0.0765000000000324));
#13885=CARTESIAN_POINT('Origin',(-7.56700443506278,6.66717189139005,0.476500000000032));
#13886=CARTESIAN_POINT('',(-7.54575443506278,6.66717189139005,0.426500013351506));
#13887=CARTESIAN_POINT($,(-6.19880299290793,6.66717189139005,0.426500013351506));
#13888=CARTESIAN_POINT('',(-7.54575443506278,6.66717189139005,0.876500000000032));
#13889=CARTESIAN_POINT($,(-7.54575443506278,6.66717189139005,0.476500000000032));
#13890=CARTESIAN_POINT($,(-6.19880299290793,6.66717189139005,0.876500013351511));
#13891=CARTESIAN_POINT('Origin',(-7.56700443506278,6.69409496831312,0.0765000000000324));
#13892=CARTESIAN_POINT('Origin',(-7.56700443506278,6.7210180452362,0.476500000000032));
#13893=CARTESIAN_POINT('',(-7.54575443506278,6.7210180452362,0.426500013351506));
#13894=CARTESIAN_POINT($,(-6.19880299290793,6.7210180452362,0.426500013351506));
#13895=CARTESIAN_POINT('',(-7.54575443506278,6.7210180452362,0.876500000000032));
#13896=CARTESIAN_POINT($,(-6.19880299290793,6.7210180452362,0.876500013351511));
#13897=CARTESIAN_POINT($,(-7.54575443506278,6.7210180452362,0.476500000000032));
#13898=CARTESIAN_POINT('Origin',(-7.54575443506278,6.69409496831312,0.476500000000032));
#13899=CARTESIAN_POINT($,(-7.54575443506278,7.56254984145832,0.426500013351506));
#13900=CARTESIAN_POINT($,(-7.54575443506278,7.56254984145832,0.876500013351511));
#13901=CARTESIAN_POINT('Origin',(-6.80200443506278,6.7210180452362,0.476500000000032));
#13902=CARTESIAN_POINT('',(-6.78075443506278,6.7210180452362,0.0765000000000324));
#13903=CARTESIAN_POINT($,(-6.78075443506278,6.7210180452362,0.476500000000032));
#13904=CARTESIAN_POINT('',(-6.82325443506278,6.7210180452362,0.0765000000000324));
#13905=CARTESIAN_POINT($,(-6.80200443506278,6.7210180452362,0.0765000000000324));
#13906=CARTESIAN_POINT($,(-6.82325443506278,6.7210180452362,0.476500000000032));
#13907=CARTESIAN_POINT('Origin',(-6.78075443506278,6.69409496831312,0.476500000000032));
#13908=CARTESIAN_POINT('',(-6.78075443506278,6.66717189139005,0.0765000000000324));
#13909=CARTESIAN_POINT($,(-6.78075443506278,6.66717189139005,0.476500000000032));
#13910=CARTESIAN_POINT($,(-6.78075443506278,6.69409496831312,0.0765000000000324));
#13911=CARTESIAN_POINT('Origin',(-6.82325443506278,6.69409496831312,0.476500000000032));
#13912=CARTESIAN_POINT('',(-6.82325443506278,6.66717189139005,0.0765000000000324));
#13913=CARTESIAN_POINT($,(-6.82325443506278,6.69409496831312,0.0765000000000324));
#13914=CARTESIAN_POINT($,(-6.82325443506278,6.66717189139005,0.476500000000032));
#13915=CARTESIAN_POINT('Origin',(-6.82325443506278,6.69409496831312,0.476500000000032));
#13916=CARTESIAN_POINT('',(-6.82325443506278,6.66717189139005,0.426500013351506));
#13917=CARTESIAN_POINT('',(-6.82325443506278,6.7210180452362,0.426500013351506));
#13918=CARTESIAN_POINT($,(-6.82325443506278,7.56254984145832,0.426500013351506));
#13919=CARTESIAN_POINT('',(-6.82325443506278,6.66717189139005,0.876500000000032));
#13920=CARTESIAN_POINT($,(-6.82325443506278,6.66717189139005,0.476500000000032));
#13921=CARTESIAN_POINT('',(-6.82325443506278,6.7210180452362,0.876500000000032));
#13922=CARTESIAN_POINT($,(-6.82325443506277,7.56254984145832,0.876500013351511));
#13923=CARTESIAN_POINT($,(-6.82325443506278,6.7210180452362,0.476500000000032));
#13924=CARTESIAN_POINT('Origin',(-6.80200443506278,6.66717189139005,0.476500000000032));
#13925=CARTESIAN_POINT($,(-6.80200443506278,6.66717189139005,0.0765000000000324));
#13926=CARTESIAN_POINT('Origin',(-6.80200443506278,6.66717189139005,0.476500000000032));
#13927=CARTESIAN_POINT('',(-6.78075443506278,6.66717189139005,0.426500013351506));
#13928=CARTESIAN_POINT($,(-5.81630299290793,6.66717189139005,0.426500013351506));
#13929=CARTESIAN_POINT('',(-6.78075443506278,6.66717189139005,0.876500000000032));
#13930=CARTESIAN_POINT($,(-6.78075443506278,6.66717189139005,0.476500000000032));
#13931=CARTESIAN_POINT($,(-5.81630299290793,6.66717189139005,0.876500013351511));
#13932=CARTESIAN_POINT('Origin',(-6.80200443506278,6.69409496831312,0.0765000000000324));
#13933=CARTESIAN_POINT('Origin',(-6.80200443506278,6.7210180452362,0.476500000000032));
#13934=CARTESIAN_POINT('',(-6.78075443506278,6.7210180452362,0.426500013351506));
#13935=CARTESIAN_POINT($,(-5.81630299290793,6.7210180452362,0.426500013351506));
#13936=CARTESIAN_POINT('',(-6.78075443506278,6.7210180452362,0.876500000000032));
#13937=CARTESIAN_POINT($,(-5.81630299290793,6.7210180452362,0.876500013351511));
#13938=CARTESIAN_POINT($,(-6.78075443506278,6.7210180452362,0.476500000000032));
#13939=CARTESIAN_POINT('Origin',(-6.78075443506278,6.69409496831312,0.476500000000032));
#13940=CARTESIAN_POINT($,(-6.78075443506278,7.56254984145832,0.426500013351506));
#13941=CARTESIAN_POINT($,(-6.78075443506277,7.56254984145832,0.876500013351511));
#13942=CARTESIAN_POINT('Origin',(-7.56700443506278,8.01332573754387,0.476500000000032));
#13943=CARTESIAN_POINT('',(-7.54575443506278,8.01332573754387,0.0765000000000324));
#13944=CARTESIAN_POINT($,(-7.54575443506278,8.01332573754387,0.476500000000032));
#13945=CARTESIAN_POINT('',(-7.58825443506278,8.01332573754387,0.0765000000000324));
#13946=CARTESIAN_POINT($,(-7.56700443506278,8.01332573754387,0.0765000000000324));
#13947=CARTESIAN_POINT($,(-7.58825443506278,8.01332573754387,0.476500000000032));
#13948=CARTESIAN_POINT('Origin',(-7.54575443506278,7.9864026606208,0.476500000000032));
#13949=CARTESIAN_POINT('',(-7.54575443506278,7.95947958369772,0.0765000000000324));
#13950=CARTESIAN_POINT($,(-7.54575443506278,7.95947958369772,0.476500000000032));
#13951=CARTESIAN_POINT($,(-7.54575443506278,7.9864026606208,0.0765000000000324));
#13952=CARTESIAN_POINT('Origin',(-7.58825443506278,7.9864026606208,0.476500000000032));
#13953=CARTESIAN_POINT('',(-7.58825443506278,7.95947958369772,0.0765000000000324));
#13954=CARTESIAN_POINT($,(-7.58825443506278,7.9864026606208,0.0765000000000324));
#13955=CARTESIAN_POINT($,(-7.58825443506278,7.95947958369772,0.476500000000032));
#13956=CARTESIAN_POINT('Origin',(-7.58825443506278,7.9864026606208,0.476500000000032));
#13957=CARTESIAN_POINT('',(-7.58825443506278,7.95947958369772,0.426500013351506));
#13958=CARTESIAN_POINT('',(-7.58825443506278,8.01332573754387,0.426500013351506));
#13959=CARTESIAN_POINT($,(-7.58825443506278,8.20870368761215,0.426500013351506));
#13960=CARTESIAN_POINT('',(-7.58825443506278,7.95947958369772,0.876500000000032));
#13961=CARTESIAN_POINT($,(-7.58825443506278,7.95947958369772,0.476500000000032));
#13962=CARTESIAN_POINT('',(-7.58825443506278,8.01332573754387,0.876500000000032));
#13963=CARTESIAN_POINT($,(-7.58825443506278,8.20870368761215,0.876500013351511));
#13964=CARTESIAN_POINT($,(-7.58825443506278,8.01332573754387,0.476500000000032));
#13965=CARTESIAN_POINT('Origin',(-7.56700443506278,7.95947958369772,0.476500000000032));
#13966=CARTESIAN_POINT($,(-7.56700443506278,7.95947958369772,0.0765000000000324));
#13967=CARTESIAN_POINT('Origin',(-7.56700443506278,7.95947958369772,0.476500000000032));
#13968=CARTESIAN_POINT('',(-7.54575443506278,7.95947958369772,0.426500013351506));
#13969=CARTESIAN_POINT($,(-6.19880299290793,7.95947958369772,0.426500013351506));
#13970=CARTESIAN_POINT('',(-7.54575443506278,7.95947958369772,0.876500000000032));
#13971=CARTESIAN_POINT($,(-7.54575443506278,7.95947958369772,0.476500000000032));
#13972=CARTESIAN_POINT($,(-6.19880299290793,7.95947958369772,0.876500013351511));
#13973=CARTESIAN_POINT('Origin',(-7.56700443506278,7.9864026606208,0.0765000000000324));
#13974=CARTESIAN_POINT('Origin',(-7.56700443506278,8.01332573754387,0.476500000000032));
#13975=CARTESIAN_POINT('',(-7.54575443506278,8.01332573754387,0.426500013351506));
#13976=CARTESIAN_POINT($,(-6.19880299290793,8.01332573754387,0.426500013351506));
#13977=CARTESIAN_POINT('',(-7.54575443506278,8.01332573754387,0.876500000000032));
#13978=CARTESIAN_POINT($,(-6.19880299290793,8.01332573754387,0.876500013351511));
#13979=CARTESIAN_POINT($,(-7.54575443506278,8.01332573754387,0.476500000000032));
#13980=CARTESIAN_POINT('Origin',(-7.54575443506278,7.9864026606208,0.476500000000032));
#13981=CARTESIAN_POINT($,(-7.54575443506278,8.20870368761215,0.426500013351506));
#13982=CARTESIAN_POINT($,(-7.54575443506278,8.20870368761215,0.876500013351511));
#13983=CARTESIAN_POINT('Origin',(-7.60950443506278,6.64024881446698,0.876500013351511));
#13984=CARTESIAN_POINT('',(-6.75950443506278,6.64024881446698,0.876500013351511));
#13985=CARTESIAN_POINT('',(-7.60950443506278,6.64024881446698,0.876500013351511));
#13986=CARTESIAN_POINT($,(-6.75950443506278,6.64024881446698,0.876500013351511));
#13987=CARTESIAN_POINT('',(-6.75950443506278,6.64024881446698,0.926500013351505));
#13988=CARTESIAN_POINT($,(-6.75950443506278,6.64024881446698,0.876500013351511));
#13989=CARTESIAN_POINT('',(-7.60950443506278,6.64024881446698,0.926500013351505));
#13990=CARTESIAN_POINT($,(-6.22005299290793,6.64024881446698,0.926500013351505));
#13991=CARTESIAN_POINT($,(-7.60950443506278,6.64024881446698,0.876500013351511));
#13992=CARTESIAN_POINT('Origin',(-7.60950443506278,8.04024881446694,0.876500013351511));
#13993=CARTESIAN_POINT('',(-7.60950443506278,8.04024881446694,0.876500013351511));
#13994=CARTESIAN_POINT($,(-7.60950443506278,6.64024881446698,0.876500013351511));
#13995=CARTESIAN_POINT('',(-7.60950443506278,8.04024881446694,0.926500013351505));
#13996=CARTESIAN_POINT($,(-7.60950443506278,8.23562676453522,0.926500013351505));
#13997=CARTESIAN_POINT($,(-7.60950443506278,8.04024881446694,0.876500013351511));
#13998=CARTESIAN_POINT('Origin',(-6.75950443506278,8.04024881446694,0.876500013351511));
#13999=CARTESIAN_POINT('',(-6.75950443506278,8.04024881446694,0.876500013351511));
#14000=CARTESIAN_POINT($,(-7.60950443506278,8.04024881446694,0.876500013351511));
#14001=CARTESIAN_POINT('',(-6.75950443506278,8.04024881446694,0.926500013351505));
#14002=CARTESIAN_POINT($,(-5.79505299290793,8.04024881446694,0.926500013351505));
#14003=CARTESIAN_POINT($,(-6.75950443506278,8.04024881446694,0.876500013351511));
#14004=CARTESIAN_POINT('Origin',(-6.75950443506278,6.64024881446698,0.876500013351511));
#14005=CARTESIAN_POINT($,(-6.75950443506278,8.04024881446694,0.876500013351511));
#14006=CARTESIAN_POINT($,(-6.75950443506278,7.53562676453524,0.926500013351505));
#14007=CARTESIAN_POINT('Origin',(-4.83060155075308,8.43100471460351,0.926500013351505));
#14008=CARTESIAN_POINT('Origin',(-4.83060155075308,8.43100471460351,0.876500013351511));
#14009=CARTESIAN_POINT('Origin',(-7.60950443506278,6.64024881446698,0.326500013351511));
#14010=CARTESIAN_POINT('',(-7.60950443506278,6.64024881446698,0.426500013351506));
#14011=CARTESIAN_POINT($,(-6.22005299290793,6.64024881446698,0.426500013351506));
#14012=CARTESIAN_POINT($,(-7.60950443506278,6.64024881446698,0.326500013351511));
#14013=CARTESIAN_POINT('Origin',(-7.60950443506278,8.04024881446694,0.326500013351511));
#14014=CARTESIAN_POINT('',(-7.60950443506278,8.04024881446694,0.426500013351506));
#14015=CARTESIAN_POINT($,(-7.60950443506278,8.23562676453522,0.426500013351506));
#14016=CARTESIAN_POINT($,(-7.60950443506278,8.04024881446694,0.326500013351511));
#14017=CARTESIAN_POINT('Origin',(-6.75950443506278,8.04024881446694,0.326500013351511));
#14018=CARTESIAN_POINT($,(-5.79505299290793,8.04024881446694,0.426500013351506));
#14019=CARTESIAN_POINT('Origin',(-4.83060155075308,8.43100471460351,0.426500013351506));
#14020=CARTESIAN_POINT('Origin',(-6.50249039216341,7.27367214330356,0.726500082015991));
#14021=CARTESIAN_POINT('',(-6.50350564690957,7.07267719496455,0.726500005245225));
#14022=CARTESIAN_POINT('',(-6.46169426160251,7.47048595311186,0.726500005245225));
#14023=CARTESIAN_POINT($,(-6.52333552342853,6.88400852268092,0.726500005245225));
#14024=CARTESIAN_POINT('',(-6.45672165212567,7.46996331079552,0.726500082015991));
#14025=CARTESIAN_POINT($,(-6.48158469950988,7.47257652237722,0.726500082015991));
#14026=CARTESIAN_POINT('',(-6.49853303743273,7.07215455264821,0.726500082015991));
#14027=CARTESIAN_POINT($,(-6.4776273447792,7.27105893172187,0.726500082015991));
#14028=CARTESIAN_POINT($,(-6.52339608481694,7.07476776422991,0.726500082015991));
#14029=CARTESIAN_POINT('Origin',(-6.50249039216341,7.27367214330356,1.12650008201599));
#14030=CARTESIAN_POINT('',(-6.54825913220114,7.0773809758116,1.12650008201599));
#14031=CARTESIAN_POINT('',(-6.49853303743273,7.07215455264821,1.12650008201599));
#14032=CARTESIAN_POINT($,(-6.52339608481694,7.07476776422991,1.12650008201599));
#14033=CARTESIAN_POINT('',(-6.45672165212567,7.46996331079552,1.12650008201599));
#14034=CARTESIAN_POINT($,(-6.4776273447792,7.27105893172187,1.12650008201599));
#14035=CARTESIAN_POINT('',(-6.50644774689408,7.47518973395891,1.12650008201599));
#14036=CARTESIAN_POINT($,(-6.48158469950988,7.47257652237722,1.12650008201599));
#14037=CARTESIAN_POINT($,(-6.52735343954761,7.27628535488525,1.12650008201599));
#14038=CARTESIAN_POINT('Origin',(-6.52735343954761,7.27628535488525,0.926500082015991));
#14039=CARTESIAN_POINT('',(-6.50644774689408,7.47518973395891,0.726500082015991));
#14040=CARTESIAN_POINT($,(-6.50644774689408,7.47518973395891,0.926500082015991));
#14041=CARTESIAN_POINT('',(-6.54825913220114,7.0773809758116,0.726500082015991));
#14042=CARTESIAN_POINT($,(-6.53585168859376,7.19542991623742,0.726500011539456));
#14043=CARTESIAN_POINT($,(-6.54825913220114,7.0773809758116,0.926500082015991));
#14044=CARTESIAN_POINT('Origin',(-6.4776273447792,7.27105893172187,0.926500082015991));
#14045=CARTESIAN_POINT($,(-6.49853303743273,7.07215455264821,0.926500082015991));
#14046=CARTESIAN_POINT($,(-6.45672165212567,7.46996331079552,0.926500082015991));
#14047=CARTESIAN_POINT('Origin',(-6.55642627494081,7.11584375178641,0.726500011539456));
#14048=CARTESIAN_POINT('',(-6.85950301974982,7.51229733841892,0.726500005245225));
#14049=CARTESIAN_POINT($,(-4.81529780174292,7.29744271225421,0.726500005245225));
#14050=CARTESIAN_POINT('',(-6.90131440505688,7.11448858027162,0.726500005245225));
#14051=CARTESIAN_POINT($,(-6.89598946439924,7.16515200638556,0.726500005245225));
#14052=CARTESIAN_POINT($,(-5.05601356612363,6.92053964676043,0.726500005245225));
#14053=CARTESIAN_POINT('Origin',(-6.84269995016472,7.12549516734378,0.42650000839234));
#14054=CARTESIAN_POINT('',(-6.86045926972487,7.12736174704499,0.696500004930517));
#14055=CARTESIAN_POINT('',(-6.82494063060457,7.12362858764258,0.696500004930517));
#14056=CARTESIAN_POINT($,(-5.02581402252771,6.93453276135453,0.696500004930517));
#14057=CARTESIAN_POINT('',(-6.86045926972487,7.12736174704499,0.126500005245225));
#14058=CARTESIAN_POINT($,(-6.86045926972487,7.12736174704499,0.42650000839234));
#14059=CARTESIAN_POINT('',(-6.82494063060457,7.12362858764258,0.126500005245225));
#14060=CARTESIAN_POINT($,(-6.84269995016472,7.12549516734378,0.126500005245225));
#14061=CARTESIAN_POINT($,(-6.82494063060457,7.12362858764258,0.42650000839234));
#14062=CARTESIAN_POINT('Origin',(-6.85833470746333,7.14757560670695,0.42650000839234));
#14063=CARTESIAN_POINT('',(-6.85621014520179,7.16778946636891,0.696500004930517));
#14064=CARTESIAN_POINT($,(-6.87587005673983,6.98073790285824,0.696500004930517));
#14065=CARTESIAN_POINT('',(-6.85621014520179,7.16778946636891,0.126500005245225));
#14066=CARTESIAN_POINT($,(-6.85621014520179,7.16778946636891,0.42650000839234));
#14067=CARTESIAN_POINT($,(-6.85833470746333,7.14757560670695,0.126500005245225));
#14068=CARTESIAN_POINT('Origin',(-6.84057538790318,7.14570902700574,0.126500005245225));
#14069=CARTESIAN_POINT('',(-6.8206915060815,7.16405630696649,0.126500005245225));
#14070=CARTESIAN_POINT($,(-6.83845082564165,7.1659228866677,0.126500005245225));
#14071=CARTESIAN_POINT($,(-6.82281606834304,7.14384244730453,0.126500005245225));
#14072=CARTESIAN_POINT('Origin',(-6.83845082564165,7.1659228866677,0.42650000839234));
#14073=CARTESIAN_POINT('',(-6.8206915060815,7.16405630696649,0.696500004930517));
#14074=CARTESIAN_POINT($,(-5.02156489800463,6.97496048067844,0.696500004930517));
#14075=CARTESIAN_POINT($,(-6.8206915060815,7.16405630696649,0.42650000839234));
#14076=CARTESIAN_POINT('Origin',(-6.82281606834304,7.14384244730453,0.42650000839234));
#14077=CARTESIAN_POINT($,(-6.84035141761954,6.97700474345582,0.696500004930517));
#14078=CARTESIAN_POINT('Origin',(-6.80870695398012,7.44891692193511,0.42650000839234));
#14079=CARTESIAN_POINT('',(-6.82646627354026,7.45078350163632,0.696500004930517));
#14080=CARTESIAN_POINT('',(-6.79094763441997,7.4470503422339,0.696500004930517));
#14081=CARTESIAN_POINT($,(-4.9918210263431,7.25795451594585,0.696500004930517));
#14082=CARTESIAN_POINT('',(-6.82646627354026,7.45078350163632,0.126500005245225));
#14083=CARTESIAN_POINT($,(-6.82646627354026,7.45078350163632,0.42650000839234));
#14084=CARTESIAN_POINT('',(-6.79094763441997,7.4470503422339,0.126500005245225));
#14085=CARTESIAN_POINT($,(-6.80870695398012,7.44891692193511,0.126500005245225));
#14086=CARTESIAN_POINT($,(-6.79094763441997,7.4470503422339,0.42650000839234));
#14087=CARTESIAN_POINT('Origin',(-6.82434171127873,7.47099736129828,0.42650000839234));
#14088=CARTESIAN_POINT('',(-6.82221714901719,7.49121122096023,0.696500004930517));
#14089=CARTESIAN_POINT($,(-6.85887355864753,7.1424487801539,0.696500004930517));
#14090=CARTESIAN_POINT('',(-6.82221714901719,7.49121122096023,0.126500005245225));
#14091=CARTESIAN_POINT($,(-6.82221714901719,7.49121122096023,0.42650000839234));
#14092=CARTESIAN_POINT($,(-6.82434171127873,7.47099736129828,0.126500005245225));
#14093=CARTESIAN_POINT('Origin',(-6.80658239171858,7.46913078159707,0.126500005245225));
#14094=CARTESIAN_POINT('',(-6.78669850989689,7.48747806155782,0.126500005245225));
#14095=CARTESIAN_POINT($,(-6.80445782945704,7.48934464125902,0.126500005245225));
#14096=CARTESIAN_POINT($,(-6.78882307215843,7.46726420189586,0.126500005245225));
#14097=CARTESIAN_POINT('Origin',(-6.80445782945704,7.48934464125902,0.42650000839234));
#14098=CARTESIAN_POINT('',(-6.78669850989689,7.48747806155782,0.696500004930517));
#14099=CARTESIAN_POINT($,(-4.98757190182003,7.29838223526977,0.696500004930517));
#14100=CARTESIAN_POINT($,(-6.78669850989689,7.48747806155782,0.42650000839234));
#14101=CARTESIAN_POINT('Origin',(-6.78882307215843,7.46726420189586,0.42650000839234));
#14102=CARTESIAN_POINT($,(-6.82335491952723,7.13871562075149,0.696500004930517));
#14103=CARTESIAN_POINT('Origin',(-6.52455784101775,7.41905164671578,0.42650000839234));
#14104=CARTESIAN_POINT('',(-6.54231716057789,7.42091822641699,0.696500004930517));
#14105=CARTESIAN_POINT('',(-6.5067985214576,7.41718506701457,0.696500004930517));
#14106=CARTESIAN_POINT($,(-4.84974646986192,7.24302187833619,0.696500004930517));
#14107=CARTESIAN_POINT('',(-6.54231716057789,7.42091822641699,0.126500005245225));
#14108=CARTESIAN_POINT($,(-6.54231716057789,7.42091822641699,0.42650000839234));
#14109=CARTESIAN_POINT('',(-6.5067985214576,7.41718506701457,0.126500005245225));
#14110=CARTESIAN_POINT($,(-6.52455784101775,7.41905164671578,0.126500005245225));
#14111=CARTESIAN_POINT($,(-6.5067985214576,7.41718506701457,0.42650000839234));
#14112=CARTESIAN_POINT('Origin',(-6.54019259831636,7.44113208607895,0.42650000839234));
#14113=CARTESIAN_POINT('',(-6.53806803605482,7.4613459457409,0.696500004930517));
#14114=CARTESIAN_POINT($,(-6.57472444568516,7.11258350493457,0.696500004930517));
#14115=CARTESIAN_POINT('',(-6.53806803605482,7.4613459457409,0.126500005245225));
#14116=CARTESIAN_POINT($,(-6.53806803605482,7.4613459457409,0.42650000839234));
#14117=CARTESIAN_POINT($,(-6.54019259831636,7.44113208607895,0.126500005245225));
#14118=CARTESIAN_POINT('Origin',(-6.52243327875621,7.43926550637774,0.126500005245225));
#14119=CARTESIAN_POINT('',(-6.50254939693452,7.45761278633849,0.126500005245225));
#14120=CARTESIAN_POINT($,(-6.52030871649467,7.4594793660397,0.126500005245225));
#14121=CARTESIAN_POINT($,(-6.50467395919606,7.43739892667653,0.126500005245225));
#14122=CARTESIAN_POINT('Origin',(-6.52030871649467,7.4594793660397,0.42650000839234));
#14123=CARTESIAN_POINT('',(-6.50254939693452,7.45761278633849,0.696500004930517));
#14124=CARTESIAN_POINT($,(-4.84549734533884,7.2834495976601,0.696500004930517));
#14125=CARTESIAN_POINT($,(-6.50254939693452,7.45761278633849,0.42650000839234));
#14126=CARTESIAN_POINT('Origin',(-6.50467395919606,7.43739892667653,0.42650000839234));
#14127=CARTESIAN_POINT($,(-6.53920580656486,7.10885034553216,0.696500004930517));
#14128=CARTESIAN_POINT('Origin',(-3.24187423118215,6.43010880732981,0.696500004930517));
#14129=CARTESIAN_POINT('',(-6.90131440505688,7.11448858027161,0.696500004930517));
#14130=CARTESIAN_POINT('',(-6.85950301974982,7.51229733841892,0.696500004930517));
#14131=CARTESIAN_POINT($,(-6.90981265410303,7.03363314162378,0.696500004930517));
#14132=CARTESIAN_POINT('',(-6.46169426160251,7.47048595311186,0.696500004930517));
#14133=CARTESIAN_POINT($,(-6.85950301974982,7.51229733841892,0.696500004930517));
#14134=CARTESIAN_POINT('',(-6.50350564690957,7.07267719496455,0.696500004930517));
#14135=CARTESIAN_POINT($,(-6.46169426160251,7.47048595311186,0.696500004930517));
#14136=CARTESIAN_POINT($,(-5.05601356612363,6.92053964676043,0.696500004930517));
#14137=CARTESIAN_POINT('',(-6.5763101567625,7.09749647182566,0.696500004930517));
#14138=CARTESIAN_POINT('',(-6.57206103223942,7.13792419114958,0.696500004930517));
#14139=CARTESIAN_POINT($,(-6.59172094377746,6.95087262763891,0.696500004930517));
#14140=CARTESIAN_POINT('',(-6.5407915176422,7.09376331242325,0.696500004930517));
#14141=CARTESIAN_POINT($,(-4.88373946604652,6.91960012374486,0.696500004930517));
#14142=CARTESIAN_POINT('',(-6.53654239311913,7.13419103174716,0.696500004930517));
#14143=CARTESIAN_POINT($,(-6.55620230465717,6.94713946823649,0.696500004930517));
#14144=CARTESIAN_POINT($,(-4.87949034152345,6.96002784306878,0.696500004930517));
#14145=CARTESIAN_POINT('Origin',(-6.46169426160251,7.47048595311186,0.696500004930517));
#14146=CARTESIAN_POINT($,(-6.85950301974982,7.51229733841892,0.696500004930517));
#14147=CARTESIAN_POINT($,(-6.46169426160251,7.47048595311186,0.696500004930517));
#14148=CARTESIAN_POINT('Origin',(-6.51200389595572,6.99182175631672,0.696500004930517));
#14149=CARTESIAN_POINT($,(-6.50350564690957,7.07267719496455,0.696500004930517));
#14150=CARTESIAN_POINT('Origin',(-6.90131440505688,7.11448858027161,0.696500004930517));
#14151=CARTESIAN_POINT($,(-6.90131440505688,7.11448858027162,0.696500004930517));
#14152=CARTESIAN_POINT('Origin',(-6.85950301974982,7.51229733841892,0.696500004930517));
#14153=CARTESIAN_POINT('Origin',(-6.53866695538066,7.1139771720852,0.42650000839234));
#14154=CARTESIAN_POINT('',(-6.5407915176422,7.09376331242325,0.126500005245225));
#14155=CARTESIAN_POINT($,(-6.5407915176422,7.09376331242325,0.42650000839234));
#14156=CARTESIAN_POINT('',(-6.53654239311913,7.13419103174716,0.126500005245225));
#14157=CARTESIAN_POINT($,(-6.53866695538066,7.1139771720852,0.126500005245225));
#14158=CARTESIAN_POINT($,(-6.53654239311913,7.13419103174716,0.42650000839234));
#14159=CARTESIAN_POINT('Origin',(-6.55855083720235,7.09562989212445,0.42650000839234));
#14160=CARTESIAN_POINT('',(-6.5763101567625,7.09749647182566,0.126500005245225));
#14161=CARTESIAN_POINT($,(-6.5763101567625,7.09749647182566,0.42650000839234));
#14162=CARTESIAN_POINT($,(-6.55855083720235,7.09562989212445,0.126500005245225));
#14163=CARTESIAN_POINT('Origin',(-6.55642627494081,7.11584375178641,0.126500005245225));
#14164=CARTESIAN_POINT('',(-6.57206103223942,7.13792419114958,0.126500005245225));
#14165=CARTESIAN_POINT($,(-6.57418559450096,7.11771033148762,0.126500005245225));
#14166=CARTESIAN_POINT($,(-6.55430171267928,7.13605761144837,0.126500005245225));
#14167=CARTESIAN_POINT('Origin',(-6.57418559450096,7.11771033148762,0.42650000839234));
#14168=CARTESIAN_POINT($,(-6.57206103223942,7.13792419114958,0.42650000839234));
#14169=CARTESIAN_POINT('Origin',(-6.55430171267928,7.13605761144837,0.42650000839234));
#14170=CARTESIAN_POINT('Origin',(-7.04645604060524,7.67459596436058,1.07650001049042));
#14171=CARTESIAN_POINT('',(-7.17977389757279,7.55324379497914,1.07650001049042));
#14172=CARTESIAN_POINT('',(-6.98571475231759,7.50485941585921,1.07650001049042));
#14173=CARTESIAN_POINT($,(-7.08274432494519,7.52905160541918,1.07650001049042));
#14174=CARTESIAN_POINT('',(-6.91313818363769,7.79594813374201,1.07650001049042));
#14175=CARTESIAN_POINT($,(-6.94942646797764,7.65040377480061,1.07650001049042));
#14176=CARTESIAN_POINT('',(-7.10719732889289,7.84433251286194,1.07650001049042));
#14177=CARTESIAN_POINT($,(-7.01016775626529,7.82014032330198,1.07650001049042));
#14178=CARTESIAN_POINT($,(-7.14348561323284,7.69878815392054,1.07650001049042));
#14179=CARTESIAN_POINT('Origin',(-7.04645604060524,7.67459596436058,1.02650001049042));
#14180=CARTESIAN_POINT('',(-6.98571475231759,7.50485941585921,1.02650001049042));
#14181=CARTESIAN_POINT('',(-7.17977389757279,7.55324379497914,1.02650001049042));
#14182=CARTESIAN_POINT($,(-7.08274432494519,7.52905160541918,1.02650001049042));
#14183=CARTESIAN_POINT('',(-7.10719732889289,7.84433251286194,1.02650001049042));
#14184=CARTESIAN_POINT($,(-7.14348561323284,7.69878815392054,1.02650001049042));
#14185=CARTESIAN_POINT('',(-6.91313818363769,7.79594813374201,1.02650001049042));
#14186=CARTESIAN_POINT($,(-7.01016775626529,7.82014032330198,1.02650001049042));
#14187=CARTESIAN_POINT($,(-6.94942646797764,7.65040377480061,1.02650001049042));
#14188=CARTESIAN_POINT('Origin',(-7.14348561323284,7.69878815392054,1.05150001049042));
#14189=CARTESIAN_POINT($,(-7.10719732889289,7.84433251286194,1.05150001049042));
#14190=CARTESIAN_POINT($,(-7.17977389757279,7.55324379497914,1.05150001049042));
#14191=CARTESIAN_POINT('Origin',(-7.01016775626529,7.82014032330198,1.05150001049042));
#14192=CARTESIAN_POINT($,(-6.91313818363769,7.79594813374201,1.05150001049042));
#14193=CARTESIAN_POINT('Origin',(-6.94942646797764,7.65040377480061,1.05150001049042));
#14194=CARTESIAN_POINT($,(-6.98571475231759,7.50485941585921,1.05150001049042));
#14195=CARTESIAN_POINT('Origin',(-7.08274432494519,7.52905160541918,1.05150001049042));
#14196=CARTESIAN_POINT('Origin',(-7.29906344171628,7.68958998805186,1.14649999141693));
#14197=CARTESIAN_POINT('',(-7.2791039022707,7.69086151670683,1.09649999141693));
#14198=CARTESIAN_POINT('',(-7.2791039022707,7.69086151670683,1.24649999141693));
#14199=CARTESIAN_POINT($,(-7.2791039022707,7.69086151670683,1.14649999141693));
#14200=CARTESIAN_POINT('',(-7.28109299224787,7.68081143772146,1.09649999141693));
#14201=CARTESIAN_POINT('Origin',(-7.29906344171628,7.68958998805186,1.09649999141693));
#14202=CARTESIAN_POINT('',(-7.28109299224787,7.68081143772146,1.24649999141693));
#14203=CARTESIAN_POINT($,(-7.28109299224787,7.68081143772146,1.14649999141693));
#14204=CARTESIAN_POINT('Origin',(-7.29906344171628,7.68958998805186,1.24649999141693));
#14205=CARTESIAN_POINT('',(-7.28730773667043,7.67340964816436,1.04649999141693));
#14206=CARTESIAN_POINT('Origin',(-7.29906344171628,7.68958998805186,1.04650001049042));
#14207=CARTESIAN_POINT('Origin',(-7.29906344171628,7.68958998805186,1.24649999141693));
#14208=CARTESIAN_POINT($,(-7.28009844725929,7.68583647721415,1.24649999141693));
#14209=CARTESIAN_POINT('Origin',(-7.28009844725929,7.68583647721415,1.24649999141693));
#14210=CARTESIAN_POINT('',(-7.30922121220447,7.53869075161552,1.09649999141693));
#14211=CARTESIAN_POINT($,(-7.28009844725929,7.68583647721415,1.09649999141693));
#14212=CARTESIAN_POINT('',(-7.30922121220447,7.53869075161552,1.39649999141693));
#14213=CARTESIAN_POINT($,(-7.30922121220447,7.53869075161552,1.24649999141693));
#14214=CARTESIAN_POINT('',(-7.2509756823141,7.83298220281278,1.39649999141693));
#14215=CARTESIAN_POINT($,(-7.28009844725929,7.68583647721415,1.39649999141693));
#14216=CARTESIAN_POINT('',(-7.2509756823141,7.83298220281278,1.09649999141693));
#14217=CARTESIAN_POINT($,(-7.2509756823141,7.83298220281278,1.24649999141693));
#14218=CARTESIAN_POINT($,(-7.28009844725929,7.68583647721415,1.09649999141693));
#14219=CARTESIAN_POINT('Origin',(-7.23104987205974,7.67612888889909,1.24649999141693));
#14220=CARTESIAN_POINT('',(-7.20192710711456,7.82327461449772,1.09649999141693));
#14221=CARTESIAN_POINT('',(-7.20192710711456,7.82327461449772,1.39649999141693));
#14222=CARTESIAN_POINT($,(-7.20192710711456,7.82327461449772,1.24649999141693));
#14223=CARTESIAN_POINT('',(-7.26017263700492,7.52898316330046,1.39649999141693));
#14224=CARTESIAN_POINT($,(-7.23104987205974,7.67612888889909,1.39649999141693));
#14225=CARTESIAN_POINT('',(-7.26017263700492,7.52898316330046,1.09649999141693));
#14226=CARTESIAN_POINT($,(-7.26017263700492,7.52898316330046,1.24649999141693));
#14227=CARTESIAN_POINT($,(-7.23104987205974,7.67612888889909,1.09649999141693));
#14228=CARTESIAN_POINT('Origin',(-7.25557415965951,7.68098268305662,1.09649999141693));
#14229=CARTESIAN_POINT($,(-7.22645139471433,7.82812840865525,1.09649999141693));
#14230=CARTESIAN_POINT($,(-7.2846969246047,7.53383695745799,1.09649999141693));
#14231=CARTESIAN_POINT('Origin',(-7.2846969246047,7.53383695745799,1.24649999141693));
#14232=CARTESIAN_POINT($,(-7.2846969246047,7.53383695745799,1.39649999141693));
#14233=CARTESIAN_POINT('Origin',(-7.25557415965951,7.68098268305662,1.39649999141693));
#14234=CARTESIAN_POINT($,(-7.22645139471433,7.82812840865525,1.39649999141693));
#14235=CARTESIAN_POINT('Origin',(-7.22645139471433,7.82812840865525,1.24649999141693));
#14236=CARTESIAN_POINT('Origin',(-7.29906344171628,7.68958998805186,1.03650001049042));
#14237=CARTESIAN_POINT('',(-7.24028491648703,7.60868828861437,1.02650001049042));
#14238=CARTESIAN_POINT('Origin',(-7.29906344171628,7.68958998805186,1.02650001049042));
#14239=CARTESIAN_POINT('',(-7.24028491648703,7.60868828861437,1.04650001049042));
#14240=CARTESIAN_POINT('Origin',(-7.29906344171628,7.68958998805186,1.04650001049042));
#14241=CARTESIAN_POINT('Origin',(-7.29906344171628,7.68958998805186,1.02650001049042));
#14242=CARTESIAN_POINT('Origin',(-7.29906344171628,7.68958998805186,1.04650001049042));
#14243=CARTESIAN_POINT('Origin',(-7.14823141105035,7.91000465281086,1.02650001049042));
#14244=CARTESIAN_POINT('',(-7.10941958199931,7.90032777698687,1.02650001049042));
#14245=CARTESIAN_POINT('Origin',(-7.14823141105035,7.91000465281086,1.02650001049042));
#14246=CARTESIAN_POINT('Origin',(-7.14823141105035,7.91000465281086,1.02650001049042));
#14247=CARTESIAN_POINT('Origin',(-7.28893184661865,6.9792914390564,1.17649998664856));
#14248=CARTESIAN_POINT('',(-7.08893184661865,6.7792914390564,1.17649998664856));
#14249=CARTESIAN_POINT('',(-7.08893184661865,7.1792914390564,1.17649998664856));
#14250=CARTESIAN_POINT($,(-7.08893184661865,6.9792914390564,1.17649998664856));
#14251=CARTESIAN_POINT('',(-7.48893184661865,7.1792914390564,1.17649998664856));
#14252=CARTESIAN_POINT($,(-7.28893184661865,7.1792914390564,1.17649998664856));
#14253=CARTESIAN_POINT('',(-7.48893184661865,6.7792914390564,1.17649998664856));
#14254=CARTESIAN_POINT($,(-7.48893184661865,6.9792914390564,1.17649998664856));
#14255=CARTESIAN_POINT($,(-7.28893184661865,6.7792914390564,1.17649998664856));
#14256=CARTESIAN_POINT('Origin',(-7.28893184661865,6.9792914390564,1.02649998664856));
#14257=CARTESIAN_POINT('',(-7.08893184661865,7.1792914390564,1.02649998664856));
#14258=CARTESIAN_POINT('',(-7.08893184661865,6.7792914390564,1.02649998664856));
#14259=CARTESIAN_POINT($,(-7.08893184661865,6.9792914390564,1.02649998664856));
#14260=CARTESIAN_POINT('',(-7.48893184661865,6.7792914390564,1.02649998664856));
#14261=CARTESIAN_POINT($,(-7.28893184661865,6.7792914390564,1.02649998664856));
#14262=CARTESIAN_POINT('',(-7.48893184661865,7.1792914390564,1.02649998664856));
#14263=CARTESIAN_POINT($,(-7.48893184661865,6.9792914390564,1.02649998664856));
#14264=CARTESIAN_POINT($,(-7.28893184661865,7.1792914390564,1.02649998664856));
#14265=CARTESIAN_POINT('Origin',(-7.28893184661865,6.7792914390564,1.10149998664856));
#14266=CARTESIAN_POINT($,(-7.48893184661865,6.7792914390564,1.10149998664856));
#14267=CARTESIAN_POINT($,(-7.08893184661865,6.7792914390564,1.10149998664856));
#14268=CARTESIAN_POINT('Origin',(-7.48893184661865,6.9792914390564,1.10149998664856));
#14269=CARTESIAN_POINT($,(-7.48893184661865,7.1792914390564,1.10149998664856));
#14270=CARTESIAN_POINT('Origin',(-7.28893184661865,7.1792914390564,1.10149998664856));
#14271=CARTESIAN_POINT($,(-7.08893184661865,7.1792914390564,1.10149998664856));
#14272=CARTESIAN_POINT('Origin',(-7.08893184661865,6.9792914390564,1.10149998664856));
#14273=CARTESIAN_POINT('Origin',(-7.42893184661865,6.9792914390564,1.47649984359741));
#14274=CARTESIAN_POINT('',(-7.38893184661865,6.9792914390564,1.17649984359741));
#14275=CARTESIAN_POINT('Origin',(-7.42893184661865,6.9792914390564,1.17649984359741));
#14276=CARTESIAN_POINT('',(-7.38893184661865,6.9792914390564,1.77649984359741));
#14277=CARTESIAN_POINT('Origin',(-7.42893184661865,6.9792914390564,1.77649984359741));
#14278=CARTESIAN_POINT('Origin',(-7.42893184661865,6.9792914390564,1.17649984359741));
#14279=CARTESIAN_POINT('Origin',(-7.42893184661865,6.9792914390564,1.77649984359741));
#14280=CARTESIAN_POINT('Origin',(-7.28893184661865,6.9792914390564,1.72649998664856));
#14281=CARTESIAN_POINT('',(-7.17893184661865,6.8292914390564,1.72649998664856));
#14282=CARTESIAN_POINT('',(-7.17893184661865,7.1292914390564,1.72649998664856));
#14283=CARTESIAN_POINT($,(-7.17893184661865,6.9792914390564,1.72649998664856));
#14284=CARTESIAN_POINT('',(-7.48893184661865,7.1292914390564,1.72649998664856));
#14285=CARTESIAN_POINT($,(-7.28893184661865,7.1292914390564,1.72649998664856));
#14286=CARTESIAN_POINT('',(-7.48893184661865,6.8292914390564,1.72649998664856));
#14287=CARTESIAN_POINT($,(-7.48893184661865,6.9792914390564,1.72649998664856));
#14288=CARTESIAN_POINT($,(-7.28893184661865,6.8292914390564,1.72649998664856));
#14289=CARTESIAN_POINT('Origin',(-7.28893184661865,6.9792914390564,1.42649998664856));
#14290=CARTESIAN_POINT('',(-7.17893184661865,7.1292914390564,1.42649998664856));
#14291=CARTESIAN_POINT('',(-7.17893184661865,6.8292914390564,1.42649998664856));
#14292=CARTESIAN_POINT($,(-7.17893184661865,6.9792914390564,1.42649998664856));
#14293=CARTESIAN_POINT('',(-7.48893184661865,6.8292914390564,1.42649998664856));
#14294=CARTESIAN_POINT($,(-7.28893184661865,6.8292914390564,1.42649998664856));
#14295=CARTESIAN_POINT('',(-7.48893184661865,7.1292914390564,1.42649998664856));
#14296=CARTESIAN_POINT($,(-7.48893184661865,6.9792914390564,1.42649998664856));
#14297=CARTESIAN_POINT($,(-7.28893184661865,7.1292914390564,1.42649998664856));
#14298=CARTESIAN_POINT('Origin',(-7.28893184661865,6.8292914390564,1.65149998664856));
#14299=CARTESIAN_POINT($,(-7.48893184661865,6.8292914390564,1.65149998664856));
#14300=CARTESIAN_POINT($,(-7.17893184661865,6.8292914390564,1.65149998664856));
#14301=CARTESIAN_POINT('Origin',(-7.48893184661865,6.9792914390564,1.65149998664856));
#14302=CARTESIAN_POINT($,(-7.48893184661865,7.1292914390564,1.65149998664856));
#14303=CARTESIAN_POINT('Origin',(-7.28893184661865,7.1292914390564,1.65149998664856));
#14304=CARTESIAN_POINT($,(-7.17893184661865,7.1292914390564,1.65149998664856));
#14305=CARTESIAN_POINT('Origin',(-7.17893184661865,6.9792914390564,1.65149998664856));
#14306=CARTESIAN_POINT('Origin',(-7.23893184661865,6.9792914390564,1.17649998664856));
#14307=CARTESIAN_POINT('',(-7.18763053137804,7.05340739587126,1.17649998664856));
#14308=CARTESIAN_POINT('',(-7.19024839234363,6.9034302415978,1.17649998664856));
#14309=CARTESIAN_POINT($,(-7.18893946186083,6.97841881873453,1.17649998664856));
#14310=CARTESIAN_POINT('',(-7.29023316185927,6.90517548224153,1.17649998664856));
#14311=CARTESIAN_POINT($,(-7.24024077710145,6.90430286191967,1.17649998664856));
#14312=CARTESIAN_POINT('',(-7.28761530089368,7.05515263651499,1.17649998664856));
#14313=CARTESIAN_POINT($,(-7.28892423137647,6.98016405937826,1.17649998664856));
#14314=CARTESIAN_POINT($,(-7.23762291613586,7.05428001619313,1.17649998664856));
#14315=CARTESIAN_POINT('Origin',(-7.23893184661865,6.9792914390564,1.27649998664856));
#14316=CARTESIAN_POINT('',(-7.19024839234363,6.9034302415978,1.27649998664856));
#14317=CARTESIAN_POINT('',(-7.18763053137804,7.05340739587126,1.27649998664856));
#14318=CARTESIAN_POINT($,(-7.18893946186083,6.97841881873453,1.27649998664856));
#14319=CARTESIAN_POINT('',(-7.28761530089368,7.05515263651499,1.27649998664856));
#14320=CARTESIAN_POINT($,(-7.23762291613586,7.05428001619313,1.27649998664856));
#14321=CARTESIAN_POINT('',(-7.29023316185927,6.90517548224153,1.27649998664856));
#14322=CARTESIAN_POINT($,(-7.28892423137647,6.98016405937826,1.27649998664856));
#14323=CARTESIAN_POINT($,(-7.24024077710145,6.90430286191967,1.27649998664856));
#14324=CARTESIAN_POINT('Origin',(-7.23762291613586,7.05428001619313,1.22649998664856));
#14325=CARTESIAN_POINT($,(-7.28761530089368,7.05515263651499,1.22649998664856));
#14326=CARTESIAN_POINT($,(-7.18763053137804,7.05340739587126,1.22649998664856));
#14327=CARTESIAN_POINT('Origin',(-7.28892423137647,6.98016405937826,1.22649998664856));
#14328=CARTESIAN_POINT($,(-7.29023316185927,6.90517548224153,1.22649998664856));
#14329=CARTESIAN_POINT('Origin',(-7.24024077710145,6.90430286191967,1.22649998664856));
#14330=CARTESIAN_POINT($,(-7.19024839234363,6.9034302415978,1.22649998664856));
#14331=CARTESIAN_POINT('Origin',(-7.18893946186083,6.97841881873453,1.22649998664856));
#14332=CARTESIAN_POINT('Origin',(-7.26393184661865,6.9792914390564,1.45650003433228));
#14333=CARTESIAN_POINT('',(-7.23393184661865,6.9792914390564,1.35650003433228));
#14334=CARTESIAN_POINT('Origin',(-7.26393184661865,6.9792914390564,1.35650003433228));
#14335=CARTESIAN_POINT('',(-7.23393184661865,6.9792914390564,1.55650003433228));
#14336=CARTESIAN_POINT('Origin',(-7.26393184661865,6.9792914390564,1.55650003433228));
#14337=CARTESIAN_POINT('Origin',(-7.26393184661865,6.9792914390564,1.35650003433228));
#14338=CARTESIAN_POINT('Origin',(-7.26393184661865,6.9792914390564,1.55650003433228));
#14339=CARTESIAN_POINT('Origin',(-6.90563297271728,6.8293981552124,1.12649998664856));
#14340=CARTESIAN_POINT('',(-6.8609865057351,6.75109302775571,1.12649998664856));
#14341=CARTESIAN_POINT('',(-6.85052303467348,6.90072763529468,1.12649998664856));
#14342=CARTESIAN_POINT($,(-6.85575477020429,6.8259103315252,1.12649998664856));
#14343=CARTESIAN_POINT('',(-6.95027943969947,6.9077032826691,1.12649998664856));
#14344=CARTESIAN_POINT($,(-6.90040123718648,6.90421545898189,1.12649998664856));
#14345=CARTESIAN_POINT('',(-6.96074291076109,6.75806867513012,1.12649998664856));
#14346=CARTESIAN_POINT($,(-6.95551117523028,6.83288597889961,1.12649998664856));
#14347=CARTESIAN_POINT($,(-6.91086470824809,6.75458085144292,1.12649998664856));
#14348=CARTESIAN_POINT('Origin',(-6.90563297271728,6.8293981552124,1.02649998664856));
#14349=CARTESIAN_POINT('',(-6.85052303467348,6.90072763529468,1.02649998664856));
#14350=CARTESIAN_POINT('',(-6.8609865057351,6.75109302775571,1.02649998664856));
#14351=CARTESIAN_POINT($,(-6.85575477020429,6.8259103315252,1.02649998664856));
#14352=CARTESIAN_POINT('',(-6.96074291076109,6.75806867513012,1.02649998664856));
#14353=CARTESIAN_POINT($,(-6.91086470824809,6.75458085144292,1.02649998664856));
#14354=CARTESIAN_POINT('',(-6.95027943969947,6.9077032826691,1.02649998664856));
#14355=CARTESIAN_POINT($,(-6.95551117523028,6.83288597889961,1.02649998664856));
#14356=CARTESIAN_POINT($,(-6.90040123718648,6.90421545898189,1.02649998664856));
#14357=CARTESIAN_POINT('Origin',(-6.91086470824809,6.75458085144292,1.07649998664856));
#14358=CARTESIAN_POINT($,(-6.96074291076109,6.75806867513012,1.07649998664856));
#14359=CARTESIAN_POINT($,(-6.8609865057351,6.75109302775571,1.07649998664856));
#14360=CARTESIAN_POINT('Origin',(-6.95551117523028,6.83288597889961,1.07649998664856));
#14361=CARTESIAN_POINT($,(-6.95027943969947,6.9077032826691,1.07649998664856));
#14362=CARTESIAN_POINT('Origin',(-6.90040123718648,6.90421545898189,1.07649998664856));
#14363=CARTESIAN_POINT($,(-6.85052303467348,6.90072763529468,1.07649998664856));
#14364=CARTESIAN_POINT('Origin',(-6.85575477020429,6.8259103315252,1.07649998664856));
#14365=CARTESIAN_POINT('Origin',(-6.93450443506277,9.61160202708472,0.226500000000033));
#14366=CARTESIAN_POINT('',(-6.88450443506277,9.56160202708472,0.226500000000033));
#14367=CARTESIAN_POINT('',(-6.88450443506277,9.66160202708472,0.226500000000033));
#14368=CARTESIAN_POINT($,(-6.88450443506277,9.61160202708472,0.226500000000033));
#14369=CARTESIAN_POINT('',(-6.98450443506277,9.66160202708472,0.226500000000033));
#14370=CARTESIAN_POINT($,(-6.93450443506277,9.66160202708472,0.226500000000033));
#14371=CARTESIAN_POINT('',(-6.98450443506277,9.56160202708472,0.226500000000033));
#14372=CARTESIAN_POINT($,(-6.98450443506277,9.61160202708472,0.226500000000033));
#14373=CARTESIAN_POINT($,(-6.93450443506277,9.56160202708472,0.226500000000033));
#14374=CARTESIAN_POINT('Origin',(-6.93450443506277,9.61160202708472,0.126500000000032));
#14375=CARTESIAN_POINT('',(-6.88450443506277,9.66160202708472,0.126500000000032));
#14376=CARTESIAN_POINT('',(-6.88450443506277,9.56160202708472,0.126500000000032));
#14377=CARTESIAN_POINT($,(-6.88450443506277,9.61160202708472,0.126500000000032));
#14378=CARTESIAN_POINT('',(-6.98450443506277,9.56160202708472,0.126500000000032));
#14379=CARTESIAN_POINT($,(-6.93450443506277,9.56160202708472,0.126500000000032));
#14380=CARTESIAN_POINT('',(-6.98450443506277,9.66160202708472,0.126500000000032));
#14381=CARTESIAN_POINT($,(-6.98450443506277,9.61160202708472,0.126500000000032));
#14382=CARTESIAN_POINT($,(-6.93450443506277,9.66160202708472,0.126500000000032));
#14383=CARTESIAN_POINT('Origin',(-6.93450443506277,9.56160202708472,0.176500000000033));
#14384=CARTESIAN_POINT($,(-6.98450443506277,9.56160202708472,0.176500000000033));
#14385=CARTESIAN_POINT($,(-6.88450443506277,9.56160202708472,0.176500000000033));
#14386=CARTESIAN_POINT('Origin',(-6.98450443506277,9.61160202708472,0.176500000000033));
#14387=CARTESIAN_POINT($,(-6.98450443506277,9.66160202708472,0.176500000000033));
#14388=CARTESIAN_POINT('Origin',(-6.93450443506277,9.66160202708472,0.176500000000033));
#14389=CARTESIAN_POINT($,(-6.88450443506277,9.66160202708472,0.176500000000033));
#14390=CARTESIAN_POINT('Origin',(-6.88450443506277,9.61160202708472,0.176500000000033));
#14391=CARTESIAN_POINT('Origin',(-6.93450443506277,9.99160202708472,0.226500000000033));
#14392=CARTESIAN_POINT('',(-6.88450443506277,9.94160202708472,0.226500000000033));
#14393=CARTESIAN_POINT('',(-6.88450443506277,10.0416020270847,0.226500000000033));
#14394=CARTESIAN_POINT($,(-6.88450443506277,9.99160202708472,0.226500000000033));
#14395=CARTESIAN_POINT('',(-6.98450443506277,10.0416020270847,0.226500000000033));
#14396=CARTESIAN_POINT($,(-6.93450443506277,10.0416020270847,0.226500000000033));
#14397=CARTESIAN_POINT('',(-6.98450443506277,9.94160202708472,0.226500000000033));
#14398=CARTESIAN_POINT($,(-6.98450443506277,9.99160202708472,0.226500000000033));
#14399=CARTESIAN_POINT($,(-6.93450443506277,9.94160202708472,0.226500000000033));
#14400=CARTESIAN_POINT('Origin',(-6.93450443506277,9.99160202708472,0.126500000000032));
#14401=CARTESIAN_POINT('',(-6.88450443506277,10.0416020270847,0.126500000000032));
#14402=CARTESIAN_POINT('',(-6.88450443506277,9.94160202708472,0.126500000000032));
#14403=CARTESIAN_POINT($,(-6.88450443506277,9.99160202708472,0.126500000000032));
#14404=CARTESIAN_POINT('',(-6.98450443506277,9.94160202708472,0.126500000000032));
#14405=CARTESIAN_POINT($,(-6.93450443506277,9.94160202708472,0.126500000000032));
#14406=CARTESIAN_POINT('',(-6.98450443506277,10.0416020270847,0.126500000000032));
#14407=CARTESIAN_POINT($,(-6.98450443506277,9.99160202708472,0.126500000000032));
#14408=CARTESIAN_POINT($,(-6.93450443506277,10.0416020270847,0.126500000000032));
#14409=CARTESIAN_POINT('Origin',(-6.93450443506277,9.94160202708472,0.176500000000033));
#14410=CARTESIAN_POINT($,(-6.98450443506277,9.94160202708472,0.176500000000033));
#14411=CARTESIAN_POINT($,(-6.88450443506277,9.94160202708472,0.176500000000033));
#14412=CARTESIAN_POINT('Origin',(-6.98450443506277,9.99160202708472,0.176500000000033));
#14413=CARTESIAN_POINT($,(-6.98450443506277,10.0416020270847,0.176500000000033));
#14414=CARTESIAN_POINT('Origin',(-6.93450443506277,10.0416020270847,0.176500000000033));
#14415=CARTESIAN_POINT($,(-6.88450443506277,10.0416020270847,0.176500000000033));
#14416=CARTESIAN_POINT('Origin',(-6.88450443506277,9.99160202708472,0.176500000000033));
#14417=CARTESIAN_POINT('Origin',(-7.05950443506278,8.54633169305272,1.42650000000003));
#14418=CARTESIAN_POINT('',(-7.05950443506278,8.74633169305272,1.77650000000003));
#14419=CARTESIAN_POINT('',(-7.05950443506278,8.29633169305272,1.77650000000003));
#14420=CARTESIAN_POINT($,(-7.05950443506278,8.54633169305272,1.77650000000003));
#14421=CARTESIAN_POINT('',(-7.05950443506278,8.29633169305272,1.17650000000003));
#14422=CARTESIAN_POINT($,(-7.05950443506278,8.29633169305272,1.42650000000003));
#14423=CARTESIAN_POINT('',(-7.05950443506278,8.74633169305272,1.17650000000003));
#14424=CARTESIAN_POINT($,(-7.05950443506278,8.54633169305272,1.17650000000003));
#14425=CARTESIAN_POINT($,(-7.05950443506278,8.74633169305272,1.42650000000003));
#14426=CARTESIAN_POINT('Origin',(-7.55950443506278,8.54633169305272,1.42650000000003));
#14427=CARTESIAN_POINT('',(-7.55950443506278,8.29633169305272,1.77650000000003));
#14428=CARTESIAN_POINT('',(-7.55950443506278,8.74633169305272,1.77650000000003));
#14429=CARTESIAN_POINT($,(-7.55950443506278,8.54633169305272,1.77650000000003));
#14430=CARTESIAN_POINT('',(-7.55950443506278,8.74633169305272,1.17650000000003));
#14431=CARTESIAN_POINT($,(-7.55950443506278,8.74633169305272,1.42650000000003));
#14432=CARTESIAN_POINT('',(-7.55950443506278,8.29633169305272,1.17650000000003));
#14433=CARTESIAN_POINT($,(-7.55950443506278,8.54633169305272,1.17650000000003));
#14434=CARTESIAN_POINT($,(-7.55950443506278,8.29633169305272,1.42650000000003));
#14435=CARTESIAN_POINT('Origin',(-7.30950443506278,8.74633169305272,1.42650000000003));
#14436=CARTESIAN_POINT($,(-7.30950443506278,8.74633169305272,1.17650000000003));
#14437=CARTESIAN_POINT($,(-7.30950443506278,8.74633169305272,1.77650000000003));
#14438=CARTESIAN_POINT('Origin',(-7.30950443506278,8.54633169305272,1.17650000000003));
#14439=CARTESIAN_POINT($,(-7.30950443506278,8.29633169305272,1.17650000000003));
#14440=CARTESIAN_POINT('Origin',(-7.30950443506278,8.29633169305272,1.42650000000003));
#14441=CARTESIAN_POINT($,(-7.30950443506278,8.29633169305272,1.77650000000003));
#14442=CARTESIAN_POINT('Origin',(-7.30950443506278,8.54633169305272,1.77650000000003));
#14443=CARTESIAN_POINT('Origin',(-7.53450443506277,9.61160202708472,0.226500000000033));
#14444=CARTESIAN_POINT('',(-7.48450443506277,9.56160202708472,0.226500000000033));
#14445=CARTESIAN_POINT('',(-7.48450443506277,9.66160202708472,0.226500000000033));
#14446=CARTESIAN_POINT($,(-7.48450443506277,9.61160202708472,0.226500000000033));
#14447=CARTESIAN_POINT('',(-7.58450443506277,9.66160202708472,0.226500000000033));
#14448=CARTESIAN_POINT($,(-7.53450443506277,9.66160202708472,0.226500000000033));
#14449=CARTESIAN_POINT('',(-7.58450443506277,9.56160202708472,0.226500000000033));
#14450=CARTESIAN_POINT($,(-7.58450443506277,9.61160202708472,0.226500000000033));
#14451=CARTESIAN_POINT($,(-7.53450443506277,9.56160202708472,0.226500000000033));
#14452=CARTESIAN_POINT('Origin',(-7.53450443506277,9.61160202708472,0.126500000000032));
#14453=CARTESIAN_POINT('',(-7.48450443506277,9.66160202708472,0.126500000000032));
#14454=CARTESIAN_POINT('',(-7.48450443506277,9.56160202708472,0.126500000000032));
#14455=CARTESIAN_POINT($,(-7.48450443506277,9.61160202708472,0.126500000000032));
#14456=CARTESIAN_POINT('',(-7.58450443506277,9.56160202708472,0.126500000000032));
#14457=CARTESIAN_POINT($,(-7.53450443506277,9.56160202708472,0.126500000000032));
#14458=CARTESIAN_POINT('',(-7.58450443506277,9.66160202708472,0.126500000000032));
#14459=CARTESIAN_POINT($,(-7.58450443506277,9.61160202708472,0.126500000000032));
#14460=CARTESIAN_POINT($,(-7.53450443506277,9.66160202708472,0.126500000000032));
#14461=CARTESIAN_POINT('Origin',(-7.53450443506277,9.56160202708472,0.176500000000033));
#14462=CARTESIAN_POINT($,(-7.58450443506277,9.56160202708472,0.176500000000033));
#14463=CARTESIAN_POINT($,(-7.48450443506277,9.56160202708472,0.176500000000033));
#14464=CARTESIAN_POINT('Origin',(-7.58450443506277,9.61160202708472,0.176500000000033));
#14465=CARTESIAN_POINT($,(-7.58450443506277,9.66160202708472,0.176500000000033));
#14466=CARTESIAN_POINT('Origin',(-7.53450443506277,9.66160202708472,0.176500000000033));
#14467=CARTESIAN_POINT($,(-7.48450443506277,9.66160202708472,0.176500000000033));
#14468=CARTESIAN_POINT('Origin',(-7.48450443506277,9.61160202708472,0.176500000000033));
#14469=CARTESIAN_POINT('Origin',(-7.53450443506277,9.99160202708472,0.226500000000033));
#14470=CARTESIAN_POINT('',(-7.48450443506277,9.94160202708472,0.226500000000033));
#14471=CARTESIAN_POINT('',(-7.48450443506277,10.0416020270847,0.226500000000033));
#14472=CARTESIAN_POINT($,(-7.48450443506277,9.99160202708472,0.226500000000033));
#14473=CARTESIAN_POINT('',(-7.58450443506277,10.0416020270847,0.226500000000033));
#14474=CARTESIAN_POINT($,(-7.53450443506277,10.0416020270847,0.226500000000033));
#14475=CARTESIAN_POINT('',(-7.58450443506277,9.94160202708472,0.226500000000033));
#14476=CARTESIAN_POINT($,(-7.58450443506277,9.99160202708472,0.226500000000033));
#14477=CARTESIAN_POINT($,(-7.53450443506277,9.94160202708472,0.226500000000033));
#14478=CARTESIAN_POINT('Origin',(-7.53450443506277,9.99160202708472,0.126500000000032));
#14479=CARTESIAN_POINT('',(-7.48450443506277,10.0416020270847,0.126500000000032));
#14480=CARTESIAN_POINT('',(-7.48450443506277,9.94160202708472,0.126500000000032));
#14481=CARTESIAN_POINT($,(-7.48450443506277,9.99160202708472,0.126500000000032));
#14482=CARTESIAN_POINT('',(-7.58450443506277,9.94160202708472,0.126500000000032));
#14483=CARTESIAN_POINT($,(-7.53450443506277,9.94160202708472,0.126500000000032));
#14484=CARTESIAN_POINT('',(-7.58450443506277,10.0416020270847,0.126500000000032));
#14485=CARTESIAN_POINT($,(-7.58450443506277,9.99160202708472,0.126500000000032));
#14486=CARTESIAN_POINT($,(-7.53450443506277,10.0416020270847,0.126500000000032));
#14487=CARTESIAN_POINT('Origin',(-7.53450443506277,9.94160202708472,0.176500000000033));
#14488=CARTESIAN_POINT($,(-7.58450443506277,9.94160202708472,0.176500000000033));
#14489=CARTESIAN_POINT($,(-7.48450443506277,9.94160202708472,0.176500000000033));
#14490=CARTESIAN_POINT('Origin',(-7.58450443506277,9.99160202708472,0.176500000000033));
#14491=CARTESIAN_POINT($,(-7.58450443506277,10.0416020270847,0.176500000000033));
#14492=CARTESIAN_POINT('Origin',(-7.53450443506277,10.0416020270847,0.176500000000033));
#14493=CARTESIAN_POINT($,(-7.48450443506277,10.0416020270847,0.176500000000033));
#14494=CARTESIAN_POINT('Origin',(-7.48450443506277,9.99160202708472,0.176500000000033));
#14495=CARTESIAN_POINT('Origin',(-6.85950443506277,9.80160202708472,0.976500000000036));
#14496=CARTESIAN_POINT('',(-6.85950443506277,10.0416020270847,1.04370000000004));
#14497=CARTESIAN_POINT('',(-6.85950443506277,10.0416020270847,0.909300000000036));
#14498=CARTESIAN_POINT($,(-6.85950443506277,10.0416020270847,0.976500000000036));
#14499=CARTESIAN_POINT('',(-6.85950443506277,9.56160202708472,0.909300000000035));
#14500=CARTESIAN_POINT($,(-6.85950443506277,9.80160202708472,0.909300000000035));
#14501=CARTESIAN_POINT('',(-6.85950443506277,9.56160202708472,1.04370000000004));
#14502=CARTESIAN_POINT($,(-6.85950443506277,9.56160202708472,0.976500000000036));
#14503=CARTESIAN_POINT($,(-6.85950443506277,9.80160202708472,1.04370000000004));
#14504=CARTESIAN_POINT('Origin',(-6.85150443506277,9.80160202708472,0.976500000000036));
#14505=CARTESIAN_POINT('',(-6.85150443506277,10.0416020270847,0.909300000000036));
#14506=CARTESIAN_POINT('',(-6.85150443506277,10.0416020270847,1.04370000000004));
#14507=CARTESIAN_POINT($,(-6.85150443506277,10.0416020270847,0.976500000000036));
#14508=CARTESIAN_POINT('',(-6.85150443506277,9.56160202708472,1.04370000000004));
#14509=CARTESIAN_POINT($,(-6.85150443506277,9.80160202708472,1.04370000000004));
#14510=CARTESIAN_POINT('',(-6.85150443506277,9.56160202708472,0.909300000000035));
#14511=CARTESIAN_POINT($,(-6.85150443506277,9.56160202708472,0.976500000000036));
#14512=CARTESIAN_POINT($,(-6.85150443506277,9.80160202708472,0.909300000000035));
#14513=CARTESIAN_POINT('Origin',(-6.85950443506277,9.80160202708472,1.04370000000004));
#14514=CARTESIAN_POINT($,(-6.85950443506277,9.56160202708472,1.04370000000004));
#14515=CARTESIAN_POINT($,(-6.85950443506277,10.0416020270847,1.04370000000004));
#14516=CARTESIAN_POINT('Origin',(-6.85950443506277,9.56160202708472,0.976500000000036));
#14517=CARTESIAN_POINT($,(-6.85950443506277,9.56160202708472,0.909300000000035));
#14518=CARTESIAN_POINT('Origin',(-6.85950443506277,9.80160202708472,0.909300000000035));
#14519=CARTESIAN_POINT($,(-6.85950443506277,10.0416020270847,0.909300000000036));
#14520=CARTESIAN_POINT('Origin',(-6.85950443506277,10.0416020270847,0.976500000000036));
#14521=CARTESIAN_POINT('Origin',(-6.83650443506277,9.95160202708472,0.976500000000035));
#14522=CARTESIAN_POINT('',(-6.86150443506277,9.95160202708472,0.956500000000035));
#14523=CARTESIAN_POINT('Origin',(-6.86150443506277,9.95160202708472,0.976500000000035));
#14524=CARTESIAN_POINT('',(-6.81150443506277,9.95160202708472,0.956500000000035));
#14525=CARTESIAN_POINT('Origin',(-6.81150443506277,9.95160202708472,0.976500000000035));
#14526=CARTESIAN_POINT('Origin',(-6.86150443506277,9.95160202708472,0.976500000000035));
#14527=CARTESIAN_POINT('Origin',(-6.81150443506277,9.95160202708472,0.976500000000035));
#14528=CARTESIAN_POINT('Origin',(-6.81150443506277,9.95160202708472,0.976500000000035));
#14529=CARTESIAN_POINT('',(-6.81150443506277,9.95160202708472,1.00650000000004));
#14530=CARTESIAN_POINT('Origin',(-6.81150443506277,9.95160202708472,0.976500000000035));
#14531=CARTESIAN_POINT('Origin',(-6.81150443506277,9.95160202708472,0.976500000000035));
#14532=CARTESIAN_POINT('Origin',(-6.84650443506277,9.75160202708472,0.976500000000036));
#14533=CARTESIAN_POINT('',(-6.86150443506277,9.75160202708472,0.946500000000036));
#14534=CARTESIAN_POINT('Origin',(-6.86150443506277,9.75160202708472,0.976500000000036));
#14535=CARTESIAN_POINT('',(-6.83150443506277,9.75160202708472,0.946500000000036));
#14536=CARTESIAN_POINT('Origin',(-6.83150443506277,9.75160202708472,0.976500000000036));
#14537=CARTESIAN_POINT('Origin',(-6.86150443506277,9.75160202708472,0.976500000000036));
#14538=CARTESIAN_POINT('Origin',(-6.83150443506277,9.75160202708472,0.976500000000036));
#14539=CARTESIAN_POINT('Origin',(-7.10563297271728,9.8293981552124,1.22649998664856));
#14540=CARTESIAN_POINT('',(-7.0609865057351,9.75109302775571,1.22649998664856));
#14541=CARTESIAN_POINT('',(-7.05052303467348,9.90072763529468,1.22649998664856));
#14542=CARTESIAN_POINT($,(-7.05575477020429,9.8259103315252,1.22649998664856));
#14543=CARTESIAN_POINT('',(-7.15027943969947,9.9077032826691,1.22649998664856));
#14544=CARTESIAN_POINT($,(-7.10040123718648,9.90421545898189,1.22649998664856));
#14545=CARTESIAN_POINT('',(-7.16074291076109,9.75806867513012,1.22649998664856));
#14546=CARTESIAN_POINT($,(-7.15551117523028,9.83288597889961,1.22649998664856));
#14547=CARTESIAN_POINT($,(-7.11086470824809,9.75458085144292,1.22649998664856));
#14548=CARTESIAN_POINT('Origin',(-7.10563297271728,9.8293981552124,1.12649998664856));
#14549=CARTESIAN_POINT('',(-7.05052303467348,9.90072763529468,1.12649998664856));
#14550=CARTESIAN_POINT('',(-7.0609865057351,9.75109302775571,1.12649998664856));
#14551=CARTESIAN_POINT($,(-7.05575477020429,9.8259103315252,1.12649998664856));
#14552=CARTESIAN_POINT('',(-7.16074291076109,9.75806867513012,1.12649998664856));
#14553=CARTESIAN_POINT($,(-7.11086470824809,9.75458085144292,1.12649998664856));
#14554=CARTESIAN_POINT('',(-7.15027943969947,9.9077032826691,1.12649998664856));
#14555=CARTESIAN_POINT($,(-7.15551117523028,9.83288597889961,1.12649998664856));
#14556=CARTESIAN_POINT($,(-7.10040123718648,9.90421545898189,1.12649998664856));
#14557=CARTESIAN_POINT('Origin',(-7.11086470824809,9.75458085144292,1.17649998664856));
#14558=CARTESIAN_POINT($,(-7.16074291076109,9.75806867513012,1.17649998664856));
#14559=CARTESIAN_POINT($,(-7.0609865057351,9.75109302775571,1.17649998664856));
#14560=CARTESIAN_POINT('Origin',(-7.15551117523028,9.83288597889961,1.17649998664856));
#14561=CARTESIAN_POINT($,(-7.15027943969947,9.9077032826691,1.17649998664856));
#14562=CARTESIAN_POINT('Origin',(-7.10040123718648,9.90421545898189,1.17649998664856));
#14563=CARTESIAN_POINT($,(-7.05052303467348,9.90072763529468,1.17649998664856));
#14564=CARTESIAN_POINT('Origin',(-7.05575477020429,9.8259103315252,1.17649998664856));
#14565=CARTESIAN_POINT('Origin',(-6.83150434494019,9.85160202708472,0.976500000000036));
#14566=CARTESIAN_POINT('',(-6.83150434494019,9.81410202708472,0.959000000000035));
#14567=CARTESIAN_POINT('',(-6.83150434494019,9.88910202708472,0.959000000000035));
#14568=CARTESIAN_POINT($,(-6.83150434494019,9.85160202708472,0.959000000000035));
#14569=CARTESIAN_POINT('',(-6.83150434494019,9.88910202708472,0.994000000000036));
#14570=CARTESIAN_POINT($,(-6.83150434494019,9.88910202708472,0.976500000000036));
#14571=CARTESIAN_POINT('',(-6.83150434494019,9.81410202708472,0.994000000000036));
#14572=CARTESIAN_POINT($,(-6.83150434494019,9.85160202708472,0.994000000000036));
#14573=CARTESIAN_POINT($,(-6.83150434494019,9.81410202708472,0.976500000000036));
#14574=CARTESIAN_POINT('Origin',(-6.88150434494019,9.85160202708472,0.976500000000036));
#14575=CARTESIAN_POINT('',(-6.88150434494019,9.88910202708472,0.959000000000035));
#14576=CARTESIAN_POINT('',(-6.88150434494019,9.81410202708472,0.959000000000035));
#14577=CARTESIAN_POINT($,(-6.88150434494019,9.85160202708472,0.959000000000035));
#14578=CARTESIAN_POINT('',(-6.88150434494019,9.81410202708472,0.994000000000036));
#14579=CARTESIAN_POINT($,(-6.88150434494019,9.81410202708472,0.976500000000036));
#14580=CARTESIAN_POINT('',(-6.88150434494019,9.88910202708472,0.994000000000036));
#14581=CARTESIAN_POINT($,(-6.88150434494019,9.85160202708472,0.994000000000036));
#14582=CARTESIAN_POINT($,(-6.88150434494019,9.88910202708472,0.976500000000036));
#14583=CARTESIAN_POINT('Origin',(-6.85650434494019,9.81410202708472,0.976500000000036));
#14584=CARTESIAN_POINT($,(-6.85650434494019,9.81410202708472,0.994000000000036));
#14585=CARTESIAN_POINT($,(-6.85650434494019,9.81410202708472,0.959000000000035));
#14586=CARTESIAN_POINT('Origin',(-6.85650434494019,9.85160202708472,0.994000000000036));
#14587=CARTESIAN_POINT($,(-6.85650434494019,9.88910202708472,0.994000000000036));
#14588=CARTESIAN_POINT('Origin',(-6.85650434494019,9.88910202708472,0.976500000000036));
#14589=CARTESIAN_POINT($,(-6.85650434494019,9.88910202708472,0.959000000000035));
#14590=CARTESIAN_POINT('Origin',(-6.85650434494019,9.85160202708472,0.959000000000035));
#14591=CARTESIAN_POINT('Origin',(-6.83150434494019,9.95160202708472,0.976500000000036));
#14592=CARTESIAN_POINT('',(-6.83150434494019,9.92660202708472,0.951500000000036));
#14593=CARTESIAN_POINT('',(-6.83150434494019,9.97660202708472,0.951500000000036));
#14594=CARTESIAN_POINT($,(-6.83150434494019,9.95160202708472,0.951500000000036));
#14595=CARTESIAN_POINT('',(-6.83150434494019,9.97660202708472,1.00150000000004));
#14596=CARTESIAN_POINT($,(-6.83150434494019,9.97660202708472,0.976500000000036));
#14597=CARTESIAN_POINT('',(-6.83150434494019,9.92660202708472,1.00150000000004));
#14598=CARTESIAN_POINT($,(-6.83150434494019,9.95160202708472,1.00150000000004));
#14599=CARTESIAN_POINT($,(-6.83150434494019,9.92660202708472,0.976500000000036));
#14600=CARTESIAN_POINT('Origin',(-6.88150434494019,9.95160202708472,0.976500000000036));
#14601=CARTESIAN_POINT('',(-6.88150434494019,9.97660202708472,0.951500000000036));
#14602=CARTESIAN_POINT('',(-6.88150434494019,9.92660202708472,0.951500000000036));
#14603=CARTESIAN_POINT($,(-6.88150434494019,9.95160202708472,0.951500000000036));
#14604=CARTESIAN_POINT('',(-6.88150434494019,9.92660202708472,1.00150000000004));
#14605=CARTESIAN_POINT($,(-6.88150434494019,9.92660202708472,0.976500000000036));
#14606=CARTESIAN_POINT('',(-6.88150434494019,9.97660202708472,1.00150000000004));
#14607=CARTESIAN_POINT($,(-6.88150434494019,9.95160202708472,1.00150000000004));
#14608=CARTESIAN_POINT($,(-6.88150434494019,9.97660202708472,0.976500000000036));
#14609=CARTESIAN_POINT('Origin',(-6.85650434494019,9.92660202708472,0.976500000000036));
#14610=CARTESIAN_POINT($,(-6.85650434494019,9.92660202708472,1.00150000000004));
#14611=CARTESIAN_POINT($,(-6.85650434494019,9.92660202708472,0.951500000000036));
#14612=CARTESIAN_POINT('Origin',(-6.85650434494019,9.95160202708472,1.00150000000004));
#14613=CARTESIAN_POINT($,(-6.85650434494019,9.97660202708472,1.00150000000004));
#14614=CARTESIAN_POINT('Origin',(-6.85650434494019,9.97660202708472,0.976500000000036));
#14615=CARTESIAN_POINT($,(-6.85650434494019,9.97660202708472,0.951500000000036));
#14616=CARTESIAN_POINT('Origin',(-6.85650434494019,9.95160202708472,0.951500000000036));
#14617=CARTESIAN_POINT('Origin',(-7.03950443506278,9.42133169305272,0.576499986648559));
#14618=CARTESIAN_POINT('',(-7.02450443506277,9.42133169305272,0.426500000000038));
#14619=CARTESIAN_POINT('',(-7.05450443506277,9.42133169305272,0.426500000000038));
#14620=CARTESIAN_POINT($,(-6.343715181777,9.42133169305272,0.426500000000038));
#14621=CARTESIAN_POINT('',(-7.02450443506277,9.42133169305272,0.176499986648559));
#14622=CARTESIAN_POINT($,(-7.02450443506277,9.42133169305272,0.576499986648559));
#14623=CARTESIAN_POINT('',(-7.05450443506277,9.42133169305272,0.176499986648559));
#14624=CARTESIAN_POINT($,(-7.03950443506278,9.42133169305272,0.176499986648559));
#14625=CARTESIAN_POINT($,(-7.05450443506277,9.42133169305272,0.576499986648559));
#14626=CARTESIAN_POINT('Origin',(-7.02450443506277,9.39633169305272,0.576499986648559));
#14627=CARTESIAN_POINT('',(-7.02450443506277,9.37133169305272,0.426500000000038));
#14628=CARTESIAN_POINT($,(-7.02450443506277,9.60275407525898,0.426500000000038));
#14629=CARTESIAN_POINT('',(-7.02450443506277,9.37133169305272,0.176499986648559));
#14630=CARTESIAN_POINT($,(-7.02450443506277,9.37133169305272,0.576499986648559));
#14631=CARTESIAN_POINT($,(-7.02450443506277,9.39633169305272,0.176499986648559));
#14632=CARTESIAN_POINT('Origin',(-7.05450443506277,9.39633169305272,0.576499986648559));
#14633=CARTESIAN_POINT('',(-7.05450443506277,9.37133169305272,0.426500000000038));
#14634=CARTESIAN_POINT($,(-7.05450443506277,9.60275407525898,0.426500000000038));
#14635=CARTESIAN_POINT('',(-7.05450443506277,9.37133169305272,0.176499986648559));
#14636=CARTESIAN_POINT($,(-7.05450443506277,9.39633169305272,0.176499986648559));
#14637=CARTESIAN_POINT($,(-7.05450443506277,9.37133169305272,0.576499986648559));
#14638=CARTESIAN_POINT('Origin',(-7.03950443506278,9.37133169305272,0.576499986648559));
#14639=CARTESIAN_POINT($,(-6.343715181777,9.37133169305272,0.426500000000038));
#14640=CARTESIAN_POINT($,(-7.03950443506278,9.37133169305272,0.176499986648559));
#14641=CARTESIAN_POINT('Origin',(-7.03950443506278,9.39633169305272,0.176499986648559));
#14642=CARTESIAN_POINT('Origin',(-7.57950443506278,8.22133169305272,0.576499986648559));
#14643=CARTESIAN_POINT('',(-7.56450443506277,8.22133169305272,0.426500000000038));
#14644=CARTESIAN_POINT('',(-7.59450443506277,8.22133169305272,0.426500000000038));
#14645=CARTESIAN_POINT($,(-6.613715181777,8.22133169305272,0.426500000000038));
#14646=CARTESIAN_POINT('',(-7.56450443506277,8.22133169305272,0.176499986648559));
#14647=CARTESIAN_POINT($,(-7.56450443506277,8.22133169305272,0.576499986648559));
#14648=CARTESIAN_POINT('',(-7.59450443506277,8.22133169305272,0.176499986648559));
#14649=CARTESIAN_POINT($,(-7.57950443506278,8.22133169305272,0.176499986648559));
#14650=CARTESIAN_POINT($,(-7.59450443506277,8.22133169305272,0.576499986648559));
#14651=CARTESIAN_POINT('Origin',(-7.56450443506277,8.19633169305272,0.576499986648559));
#14652=CARTESIAN_POINT('',(-7.56450443506277,8.17133169305272,0.426500000000038));
#14653=CARTESIAN_POINT($,(-7.56450443506278,9.00275407525898,0.426500000000038));
#14654=CARTESIAN_POINT('',(-7.56450443506277,8.17133169305272,0.176499986648559));
#14655=CARTESIAN_POINT($,(-7.56450443506277,8.17133169305272,0.576499986648559));
#14656=CARTESIAN_POINT($,(-7.56450443506277,8.19633169305272,0.176499986648559));
#14657=CARTESIAN_POINT('Origin',(-7.59450443506277,8.19633169305272,0.576499986648559));
#14658=CARTESIAN_POINT('',(-7.59450443506277,8.17133169305272,0.426500000000038));
#14659=CARTESIAN_POINT($,(-7.59450443506278,9.00275407525898,0.426500000000038));
#14660=CARTESIAN_POINT('',(-7.59450443506277,8.17133169305272,0.176499986648559));
#14661=CARTESIAN_POINT($,(-7.59450443506277,8.19633169305272,0.176499986648559));
#14662=CARTESIAN_POINT($,(-7.59450443506277,8.17133169305272,0.576499986648559));
#14663=CARTESIAN_POINT('Origin',(-7.57950443506278,8.17133169305272,0.576499986648559));
#14664=CARTESIAN_POINT($,(-6.613715181777,8.17133169305272,0.426500000000038));
#14665=CARTESIAN_POINT($,(-7.57950443506278,8.17133169305272,0.176499986648559));
#14666=CARTESIAN_POINT('Origin',(-7.57950443506278,8.19633169305272,0.176499986648559));
#14667=CARTESIAN_POINT('Origin',(-7.03950443506278,8.22133169305272,0.576499986648559));
#14668=CARTESIAN_POINT('',(-7.02450443506277,8.22133169305272,0.426500000000038));
#14669=CARTESIAN_POINT('',(-7.05450443506277,8.22133169305272,0.426500000000038));
#14670=CARTESIAN_POINT($,(-6.343715181777,8.22133169305272,0.426500000000038));
#14671=CARTESIAN_POINT('',(-7.02450443506277,8.22133169305272,0.176499986648559));
#14672=CARTESIAN_POINT($,(-7.02450443506277,8.22133169305272,0.576499986648559));
#14673=CARTESIAN_POINT('',(-7.05450443506277,8.22133169305272,0.176499986648559));
#14674=CARTESIAN_POINT($,(-7.03950443506278,8.22133169305272,0.176499986648559));
#14675=CARTESIAN_POINT($,(-7.05450443506277,8.22133169305272,0.576499986648559));
#14676=CARTESIAN_POINT('Origin',(-7.02450443506277,8.19633169305272,0.576499986648559));
#14677=CARTESIAN_POINT('',(-7.02450443506277,8.17133169305272,0.426500000000038));
#14678=CARTESIAN_POINT($,(-7.02450443506277,9.00275407525898,0.426500000000038));
#14679=CARTESIAN_POINT('',(-7.02450443506277,8.17133169305272,0.176499986648559));
#14680=CARTESIAN_POINT($,(-7.02450443506277,8.17133169305272,0.576499986648559));
#14681=CARTESIAN_POINT($,(-7.02450443506277,8.19633169305272,0.176499986648559));
#14682=CARTESIAN_POINT('Origin',(-7.05450443506277,8.19633169305272,0.576499986648559));
#14683=CARTESIAN_POINT('',(-7.05450443506277,8.17133169305272,0.426500000000038));
#14684=CARTESIAN_POINT($,(-7.05450443506277,9.00275407525898,0.426500000000038));
#14685=CARTESIAN_POINT('',(-7.05450443506277,8.17133169305272,0.176499986648559));
#14686=CARTESIAN_POINT($,(-7.05450443506277,8.19633169305272,0.176499986648559));
#14687=CARTESIAN_POINT($,(-7.05450443506277,8.17133169305272,0.576499986648559));
#14688=CARTESIAN_POINT('Origin',(-7.03950443506278,8.17133169305272,0.576499986648559));
#14689=CARTESIAN_POINT($,(-6.343715181777,8.17133169305272,0.426500000000038));
#14690=CARTESIAN_POINT($,(-7.03950443506278,8.17133169305272,0.176499986648559));
#14691=CARTESIAN_POINT('Origin',(-7.03950443506278,8.19633169305272,0.176499986648559));
#14692=CARTESIAN_POINT('Origin',(-7.57950443506278,9.42133169305272,0.576499986648559));
#14693=CARTESIAN_POINT('',(-7.56450443506277,9.42133169305272,0.426500000000038));
#14694=CARTESIAN_POINT('',(-7.59450443506277,9.42133169305272,0.426500000000038));
#14695=CARTESIAN_POINT($,(-6.613715181777,9.42133169305272,0.426500000000038));
#14696=CARTESIAN_POINT('',(-7.56450443506277,9.42133169305272,0.176499986648559));
#14697=CARTESIAN_POINT($,(-7.56450443506277,9.42133169305272,0.576499986648559));
#14698=CARTESIAN_POINT('',(-7.59450443506277,9.42133169305272,0.176499986648559));
#14699=CARTESIAN_POINT($,(-7.57950443506278,9.42133169305272,0.176499986648559));
#14700=CARTESIAN_POINT($,(-7.59450443506277,9.42133169305272,0.576499986648559));
#14701=CARTESIAN_POINT('Origin',(-7.56450443506277,9.39633169305272,0.576499986648559));
#14702=CARTESIAN_POINT('',(-7.56450443506277,9.37133169305272,0.426500000000038));
#14703=CARTESIAN_POINT($,(-7.56450443506278,9.60275407525898,0.426500000000038));
#14704=CARTESIAN_POINT('',(-7.56450443506277,9.37133169305272,0.176499986648559));
#14705=CARTESIAN_POINT($,(-7.56450443506277,9.37133169305272,0.576499986648559));
#14706=CARTESIAN_POINT($,(-7.56450443506277,9.39633169305272,0.176499986648559));
#14707=CARTESIAN_POINT('Origin',(-7.59450443506277,9.39633169305272,0.576499986648559));
#14708=CARTESIAN_POINT('',(-7.59450443506277,9.37133169305272,0.426500000000038));
#14709=CARTESIAN_POINT($,(-7.59450443506278,9.60275407525898,0.426500000000038));
#14710=CARTESIAN_POINT('',(-7.59450443506277,9.37133169305272,0.176499986648559));
#14711=CARTESIAN_POINT($,(-7.59450443506277,9.39633169305272,0.176499986648559));
#14712=CARTESIAN_POINT($,(-7.59450443506277,9.37133169305272,0.576499986648559));
#14713=CARTESIAN_POINT('Origin',(-7.57950443506278,9.37133169305272,0.576499986648559));
#14714=CARTESIAN_POINT($,(-6.613715181777,9.37133169305272,0.426500000000038));
#14715=CARTESIAN_POINT($,(-7.57950443506278,9.37133169305272,0.176499986648559));
#14716=CARTESIAN_POINT('Origin',(-7.57950443506278,9.39633169305272,0.176499986648559));
#14717=CARTESIAN_POINT('Origin',(-5.64792592849122,9.80917645746524,1.17650000000003));
#14718=CARTESIAN_POINT('',(-7.00950443506277,8.14633169305272,1.17650000000003));
#14719=CARTESIAN_POINT('',(-7.00950443506277,9.44633169305271,1.17650000000003));
#14720=CARTESIAN_POINT($,(-7.00950443506277,8.97775407525898,1.17650000000003));
#14721=CARTESIAN_POINT('',(-7.60950443506278,9.44633169305271,1.17650000000003));
#14722=CARTESIAN_POINT($,(-6.328715181777,9.44633169305271,1.17650000000003));
#14723=CARTESIAN_POINT('',(-7.60950443506278,8.14633169305272,1.17650000000003));
#14724=CARTESIAN_POINT($,(-7.60950443506278,9.62775407525897,1.17650000000003));
#14725=CARTESIAN_POINT($,(-6.628715181777,8.14633169305272,1.17650000000003));
#14726=CARTESIAN_POINT('Origin',(-7.60950443506278,8.14633169305272,0.426500000000038));
#14727=CARTESIAN_POINT('',(-7.00950443506277,8.14633169305272,0.426500000000038));
#14728=CARTESIAN_POINT('',(-7.60950443506278,8.14633169305272,0.426500000000038));
#14729=CARTESIAN_POINT($,(-7.00950443506277,8.14633169305272,0.426500000000038));
#14730=CARTESIAN_POINT($,(-7.00950443506277,8.14633169305272,0.976500000000038));
#14731=CARTESIAN_POINT($,(-7.60950443506278,8.14633169305272,0.426500000000038));
#14732=CARTESIAN_POINT('Origin',(-7.60950443506278,9.44633169305271,0.426500000000038));
#14733=CARTESIAN_POINT('',(-7.60950443506278,9.44633169305271,0.426500000000038));
#14734=CARTESIAN_POINT($,(-7.60950443506278,8.14633169305272,0.426500000000038));
#14735=CARTESIAN_POINT($,(-7.60950443506278,9.44633169305271,0.426500000000038));
#14736=CARTESIAN_POINT('Origin',(-7.00950443506277,9.44633169305271,0.426500000000038));
#14737=CARTESIAN_POINT('',(-7.00950443506277,9.44633169305271,0.426500000000038));
#14738=CARTESIAN_POINT($,(-7.60950443506278,9.44633169305271,0.426500000000038));
#14739=CARTESIAN_POINT($,(-7.00950443506277,9.44633169305271,0.426500000000038));
#14740=CARTESIAN_POINT('Origin',(-7.00950443506277,8.14633169305272,0.426500000000038));
#14741=CARTESIAN_POINT($,(-7.00950443506277,9.44633169305271,0.426500000000038));
#14742=CARTESIAN_POINT('Origin',(-5.64792592849122,9.80917645746524,0.426500000000038));
#14743=UNCERTAINTY_MEASURE_WITH_UNIT(LENGTH_MEASURE(0.001),#14745,
'DISTANCE_ACCURACY_VALUE',
'Maximum model space distance between geometric entities at asserted c
onnectivities');
#14744=(
GEOMETRIC_REPRESENTATION_CONTEXT(3)
GLOBAL_UNCERTAINTY_ASSIGNED_CONTEXT((#14743))
GLOBAL_UNIT_ASSIGNED_CONTEXT((#14745,#14747,#14746))
REPRESENTATION_CONTEXT('','3D')
);
#14745=(
LENGTH_UNIT()
NAMED_UNIT(*)
SI_UNIT(.CENTI.,.METRE.)
);
#14746=(
NAMED_UNIT(*)
SI_UNIT($,.STERADIAN.)
SOLID_ANGLE_UNIT()
);
#14747=(
NAMED_UNIT(*)
PLANE_ANGLE_UNIT()
SI_UNIT($,.RADIAN.)
);
#14748=SHAPE_DEFINITION_REPRESENTATION(#14749,#14750);
#14749=PRODUCT_DEFINITION_SHAPE('',$,#14752);
#14750=SHAPE_REPRESENTATION('',(#9282),#14744);
#14751=PRODUCT_DEFINITION_CONTEXT('3D Mechanical Parts',#14755,'design');
#14752=PRODUCT_DEFINITION('clutter 2','clutter 2',#14753,#14751);
#14753=PRODUCT_DEFINITION_FORMATION('',$,#14757);
#14754=APPLICATION_PROTOCOL_DEFINITION('international standard',
'automotive_design',2009,#14755);
#14755=APPLICATION_CONTEXT(
'Core Data for Automotive Mechanical Design Process');
#14756=PRODUCT_CONTEXT('3D Mechanical Parts',#14755,'mechanical');
#14757=PRODUCT('clutter 2','clutter 2',$,(#14756));
#14758=PRESENTATION_STYLE_ASSIGNMENT((#14772));
#14759=PRESENTATION_STYLE_ASSIGNMENT((#14773));
#14760=PRESENTATION_STYLE_ASSIGNMENT((#14774));
#14761=PRESENTATION_STYLE_ASSIGNMENT((#14775));
#14762=PRESENTATION_STYLE_ASSIGNMENT((#14776));
#14763=PRESENTATION_STYLE_ASSIGNMENT((#14777));
#14764=PRESENTATION_STYLE_ASSIGNMENT((#14778));
#14765=PRESENTATION_STYLE_ASSIGNMENT((#14779));
#14766=PRESENTATION_STYLE_ASSIGNMENT((#14780));
#14767=PRESENTATION_STYLE_ASSIGNMENT((#14781));
#14768=PRESENTATION_STYLE_ASSIGNMENT((#14782));
#14769=PRESENTATION_STYLE_ASSIGNMENT((#14783));
#14770=PRESENTATION_STYLE_ASSIGNMENT((#14784));
#14771=PRESENTATION_STYLE_ASSIGNMENT((#14785));
#14772=SURFACE_STYLE_USAGE(.BOTH.,#14786);
#14773=SURFACE_STYLE_USAGE(.BOTH.,#14787);
#14774=SURFACE_STYLE_USAGE(.BOTH.,#14788);
#14775=SURFACE_STYLE_USAGE(.BOTH.,#14789);
#14776=SURFACE_STYLE_USAGE(.BOTH.,#14790);
#14777=SURFACE_STYLE_USAGE(.BOTH.,#14791);
#14778=SURFACE_STYLE_USAGE(.BOTH.,#14792);
#14779=SURFACE_STYLE_USAGE(.BOTH.,#14793);
#14780=SURFACE_STYLE_USAGE(.BOTH.,#14794);
#14781=SURFACE_STYLE_USAGE(.BOTH.,#14795);
#14782=SURFACE_STYLE_USAGE(.BOTH.,#14796);
#14783=SURFACE_STYLE_USAGE(.BOTH.,#14797);
#14784=SURFACE_STYLE_USAGE(.BOTH.,#14798);
#14785=SURFACE_STYLE_USAGE(.BOTH.,#14799);
#14786=SURFACE_SIDE_STYLE($,(#14800));
#14787=SURFACE_SIDE_STYLE($,(#14801));
#14788=SURFACE_SIDE_STYLE($,(#14802));
#14789=SURFACE_SIDE_STYLE($,(#14803));
#14790=SURFACE_SIDE_STYLE($,(#14804));
#14791=SURFACE_SIDE_STYLE($,(#14805));
#14792=SURFACE_SIDE_STYLE($,(#14806));
#14793=SURFACE_SIDE_STYLE($,(#14807));
#14794=SURFACE_SIDE_STYLE($,(#14808));
#14795=SURFACE_SIDE_STYLE($,(#14809));
#14796=SURFACE_SIDE_STYLE($,(#14810));
#14797=SURFACE_SIDE_STYLE($,(#14811));
#14798=SURFACE_SIDE_STYLE($,(#14812));
#14799=SURFACE_SIDE_STYLE($,(#14813));
#14800=SURFACE_STYLE_FILL_AREA(#14814);
#14801=SURFACE_STYLE_FILL_AREA(#14815);
#14802=SURFACE_STYLE_FILL_AREA(#14816);
#14803=SURFACE_STYLE_FILL_AREA(#14817);
#14804=SURFACE_STYLE_FILL_AREA(#14818);
#14805=SURFACE_STYLE_FILL_AREA(#14819);
#14806=SURFACE_STYLE_FILL_AREA(#14820);
#14807=SURFACE_STYLE_FILL_AREA(#14821);
#14808=SURFACE_STYLE_FILL_AREA(#14822);
#14809=SURFACE_STYLE_FILL_AREA(#14823);
#14810=SURFACE_STYLE_FILL_AREA(#14824);
#14811=SURFACE_STYLE_FILL_AREA(#14825);
#14812=SURFACE_STYLE_FILL_AREA(#14826);
#14813=SURFACE_STYLE_FILL_AREA(#14827);
#14814=FILL_AREA_STYLE($,(#14828));
#14815=FILL_AREA_STYLE($,(#14829));
#14816=FILL_AREA_STYLE($,(#14830));
#14817=FILL_AREA_STYLE($,(#14831));
#14818=FILL_AREA_STYLE($,(#14832));
#14819=FILL_AREA_STYLE($,(#14833));
#14820=FILL_AREA_STYLE($,(#14834));
#14821=FILL_AREA_STYLE($,(#14835));
#14822=FILL_AREA_STYLE($,(#14836));
#14823=FILL_AREA_STYLE($,(#14837));
#14824=FILL_AREA_STYLE($,(#14838));
#14825=FILL_AREA_STYLE($,(#14839));
#14826=FILL_AREA_STYLE($,(#14840));
#14827=FILL_AREA_STYLE($,(#14841));
#14828=FILL_AREA_STYLE_COLOUR($,#14842);
#14829=FILL_AREA_STYLE_COLOUR($,#14843);
#14830=FILL_AREA_STYLE_COLOUR($,#14844);
#14831=FILL_AREA_STYLE_COLOUR($,#14845);
#14832=FILL_AREA_STYLE_COLOUR($,#14846);
#14833=FILL_AREA_STYLE_COLOUR($,#14847);
#14834=FILL_AREA_STYLE_COLOUR($,#14848);
#14835=FILL_AREA_STYLE_COLOUR($,#14849);
#14836=FILL_AREA_STYLE_COLOUR($,#14850);
#14837=FILL_AREA_STYLE_COLOUR($,#14851);
#14838=FILL_AREA_STYLE_COLOUR($,#14852);
#14839=FILL_AREA_STYLE_COLOUR($,#14853);
#14840=FILL_AREA_STYLE_COLOUR($,#14854);
#14841=FILL_AREA_STYLE_COLOUR($,#14855);
#14842=COLOUR_RGB('__RGBA_0.858824_0.882353_0.894118',0.858823529411765,
0.882352941176471,0.894117647058824);
#14843=COLOUR_RGB('__RGBA_0.552941_0.678431_0.709804',0.552941176470588,
0.67843137254902,0.709803921568627);
#14844=COLOUR_RGB('__RGBA_0.00392157_0.054902_0.0666667',0.00392156862745098,
0.0549019607843137,0.0666666666666667);
#14845=COLOUR_RGB('__RGBA_0.360784_0.74902_0.698039',0.36078431372549,0.749019607843137,
0.698039215686274);
#14846=COLOUR_RGB('__RGBA_0.0509804_0.176471_0.25098',0.0509803921568627,
0.176470588235294,0.250980392156863);
#14847=COLOUR_RGB('__RGBA_0.792157_0.760784_0.176471',0.792156862745098,
0.76078431372549,0.176470588235294);
#14848=COLOUR_RGB('__RGBA_0.909804_0.937255_0.952941',0.909803921568627,
0.937254901960784,0.952941176470588);
#14849=COLOUR_RGB('__RGBA_0.168627_0.282353_0.34902',0.168627450980392,
0.282352941176471,0.349019607843137);
#14850=COLOUR_RGB('__RGBA_0.0196078_0.105882_0.156863',0.0196078431372549,
0.105882352941176,0.156862745098039);
#14851=COLOUR_RGB('__RGBA_0.113725_0.458824_0.827451',0.113725490196078,
0.458823529411765,0.827450980392157);
#14852=COLOUR_RGB('__RGBA_0.784314_0.8_0.333333',0.784313725490196,0.8,
0.333333333333333);
#14853=COLOUR_RGB('__RGBA_0.933333_0.333333_0.321569',0.933333333333333,
0.333333333333333,0.32156862745098);
#14854=COLOUR_RGB('__RGBA_0.827451_0.929412_0.952941',0.827450980392157,
0.929411764705882,0.952941176470588);
#14855=COLOUR_RGB('__RGBA_0.0196078_0.0941176_0.113725',0.0196078431372549,
0.0941176470588235,0.113725490196078);
ENDSEC;
END-ISO-10303-21;
