ISO-10303-21;
HEADER;
/* Generated by software containing ST-Developer
 * from STEP Tools, Inc. (www.steptools.com) 
 */

FILE_DESCRIPTION(
/* description */ (''),
/* implementation_level */ '2;1');

FILE_NAME(
/* name */ 
'C:/Users/max/Desktop/extra files/lab objects/Machine 1/Step file/mach
ine 1.stp',
/* time_stamp */ '2025-12-06T03:02:34+00:00',
/* author */ (''),
/* organization */ (''),
/* preprocessor_version */ 'ST-DEVELOPER v15.2',
/* originating_system */ 'Autodesk Translator Framework v2.0.0.5431',
/* authorisation */ '');

FILE_SCHEMA (('AUTOMOTIVE_DESIGN { 1 0 10303 214 3 1 1 }'));
ENDSEC;

DATA;
#10=SPHERICAL_SURFACE($,#5390,0.03);
#11=SPHERICAL_SURFACE($,#5577,0.04);
#12=SPHERICAL_SURFACE($,#5662,0.04);
#13=SHAPE_REPRESENTATION_RELATIONSHIP('SRR','None',#8558,#14);
#14=ADVANCED_BREP_SHAPE_REPRESENTATION($,(#5309,#5310,#5311,#5312,#5313,
#5314,#5315,#5316,#5317,#5318,#5319,#5320,#5321,#5322,#5323,#5324,#5325,
#5326,#5327,#5328,#5329,#5330,#5331,#5332,#5333,#5334,#5335,#5336,#5337,
#5338,#5339,#5340,#5341,#5342,#5343,#5344,#5345,#5346,#5347,#5348,#5349),
#8552);
#15=STYLED_ITEM($,(#8566),#5309);
#16=STYLED_ITEM($,(#8567),#5310);
#17=STYLED_ITEM($,(#8567),#5311);
#18=STYLED_ITEM($,(#8567),#5312);
#19=STYLED_ITEM($,(#8568),#5313);
#20=STYLED_ITEM($,(#8569),#5314);
#21=STYLED_ITEM($,(#8570),#5315);
#22=STYLED_ITEM($,(#8571),#5316);
#23=STYLED_ITEM($,(#8570),#5317);
#24=STYLED_ITEM($,(#8570),#5318);
#25=STYLED_ITEM($,(#8570),#5319);
#26=STYLED_ITEM($,(#8571),#5320);
#27=STYLED_ITEM($,(#8570),#5321);
#28=STYLED_ITEM($,(#8571),#5322);
#29=STYLED_ITEM($,(#8570),#5323);
#30=STYLED_ITEM($,(#8570),#5324);
#31=STYLED_ITEM($,(#8570),#5325);
#32=STYLED_ITEM($,(#8570),#5326);
#33=STYLED_ITEM($,(#8571),#5327);
#34=STYLED_ITEM($,(#8567),#5328);
#35=STYLED_ITEM($,(#8566),#5329);
#36=STYLED_ITEM($,(#8566),#5330);
#37=STYLED_ITEM($,(#8570),#5331);
#38=STYLED_ITEM($,(#8570),#5332);
#39=STYLED_ITEM($,(#8566),#5333);
#40=STYLED_ITEM($,(#8566),#5334);
#41=STYLED_ITEM($,(#8566),#5335);
#42=STYLED_ITEM($,(#8566),#5336);
#43=STYLED_ITEM($,(#8567),#5337);
#44=STYLED_ITEM($,(#8570),#5338);
#45=STYLED_ITEM($,(#8566),#5339);
#46=STYLED_ITEM($,(#8570),#5340);
#47=STYLED_ITEM($,(#8570),#5341);
#48=STYLED_ITEM($,(#8566),#5342);
#49=STYLED_ITEM($,(#8566),#5343);
#50=STYLED_ITEM($,(#8566),#5344);
#51=STYLED_ITEM($,(#8566),#5345);
#52=STYLED_ITEM($,(#8566),#5346);
#53=STYLED_ITEM($,(#8570),#5347);
#54=STYLED_ITEM($,(#8570),#5348);
#55=STYLED_ITEM($,(#8571),#5349);
#56=LINE($,#7090,#706);
#57=LINE($,#7092,#707);
#58=LINE($,#7094,#708);
#59=LINE($,#7095,#709);
#60=LINE($,#7098,#710);
#61=LINE($,#7100,#711);
#62=LINE($,#7101,#712);
#63=LINE($,#7104,#713);
#64=LINE($,#7105,#714);
#65=LINE($,#7108,#715);
#66=LINE($,#7109,#716);
#67=LINE($,#7111,#717);
#68=LINE($,#7116,#718);
#69=LINE($,#7118,#719);
#70=LINE($,#7120,#720);
#71=LINE($,#7121,#721);
#72=LINE($,#7124,#722);
#73=LINE($,#7126,#723);
#74=LINE($,#7127,#724);
#75=LINE($,#7130,#725);
#76=LINE($,#7131,#726);
#77=LINE($,#7134,#727);
#78=LINE($,#7135,#728);
#79=LINE($,#7137,#729);
#80=LINE($,#7142,#730);
#81=LINE($,#7144,#731);
#82=LINE($,#7146,#732);
#83=LINE($,#7147,#733);
#84=LINE($,#7150,#734);
#85=LINE($,#7152,#735);
#86=LINE($,#7153,#736);
#87=LINE($,#7156,#737);
#88=LINE($,#7157,#738);
#89=LINE($,#7160,#739);
#90=LINE($,#7161,#740);
#91=LINE($,#7163,#741);
#92=LINE($,#7173,#742);
#93=LINE($,#7175,#743);
#94=LINE($,#7177,#744);
#95=LINE($,#7178,#745);
#96=LINE($,#7181,#746);
#97=LINE($,#7183,#747);
#98=LINE($,#7184,#748);
#99=LINE($,#7187,#749);
#100=LINE($,#7188,#750);
#101=LINE($,#7191,#751);
#102=LINE($,#7192,#752);
#103=LINE($,#7194,#753);
#104=LINE($,#7199,#754);
#105=LINE($,#7201,#755);
#106=LINE($,#7203,#756);
#107=LINE($,#7204,#757);
#108=LINE($,#7208,#758);
#109=LINE($,#7210,#759);
#110=LINE($,#7212,#760);
#111=LINE($,#7213,#761);
#112=LINE($,#7215,#762);
#113=LINE($,#7216,#763);
#114=LINE($,#7218,#764);
#115=LINE($,#7220,#765);
#116=LINE($,#7229,#766);
#117=LINE($,#7231,#767);
#118=LINE($,#7233,#768);
#119=LINE($,#7234,#769);
#120=LINE($,#7238,#770);
#121=LINE($,#7240,#771);
#122=LINE($,#7242,#772);
#123=LINE($,#7243,#773);
#124=LINE($,#7245,#774);
#125=LINE($,#7246,#775);
#126=LINE($,#7248,#776);
#127=LINE($,#7250,#777);
#128=LINE($,#7279,#778);
#129=LINE($,#7281,#779);
#130=LINE($,#7283,#780);
#131=LINE($,#7284,#781);
#132=LINE($,#7288,#782);
#133=LINE($,#7290,#783);
#134=LINE($,#7292,#784);
#135=LINE($,#7293,#785);
#136=LINE($,#7295,#786);
#137=LINE($,#7296,#787);
#138=LINE($,#7298,#788);
#139=LINE($,#7300,#789);
#140=LINE($,#7305,#790);
#141=LINE($,#7307,#791);
#142=LINE($,#7309,#792);
#143=LINE($,#7310,#793);
#144=LINE($,#7314,#794);
#145=LINE($,#7316,#795);
#146=LINE($,#7318,#796);
#147=LINE($,#7319,#797);
#148=LINE($,#7321,#798);
#149=LINE($,#7322,#799);
#150=LINE($,#7324,#800);
#151=LINE($,#7326,#801);
#152=LINE($,#7331,#802);
#153=LINE($,#7333,#803);
#154=LINE($,#7335,#804);
#155=LINE($,#7336,#805);
#156=LINE($,#7340,#806);
#157=LINE($,#7342,#807);
#158=LINE($,#7344,#808);
#159=LINE($,#7345,#809);
#160=LINE($,#7347,#810);
#161=LINE($,#7348,#811);
#162=LINE($,#7350,#812);
#163=LINE($,#7352,#813);
#164=LINE($,#7357,#814);
#165=LINE($,#7359,#815);
#166=LINE($,#7361,#816);
#167=LINE($,#7362,#817);
#168=LINE($,#7365,#818);
#169=LINE($,#7367,#819);
#170=LINE($,#7368,#820);
#171=LINE($,#7371,#821);
#172=LINE($,#7372,#822);
#173=LINE($,#7375,#823);
#174=LINE($,#7376,#824);
#175=LINE($,#7378,#825);
#176=LINE($,#7382,#826);
#177=LINE($,#7384,#827);
#178=LINE($,#7386,#828);
#179=LINE($,#7387,#829);
#180=LINE($,#7391,#830);
#181=LINE($,#7393,#831);
#182=LINE($,#7395,#832);
#183=LINE($,#7396,#833);
#184=LINE($,#7398,#834);
#185=LINE($,#7399,#835);
#186=LINE($,#7401,#836);
#187=LINE($,#7403,#837);
#188=LINE($,#7415,#838);
#189=LINE($,#7417,#839);
#190=LINE($,#7419,#840);
#191=LINE($,#7420,#841);
#192=LINE($,#7423,#842);
#193=LINE($,#7425,#843);
#194=LINE($,#7426,#844);
#195=LINE($,#7429,#845);
#196=LINE($,#7430,#846);
#197=LINE($,#7433,#847);
#198=LINE($,#7434,#848);
#199=LINE($,#7436,#849);
#200=LINE($,#7440,#850);
#201=LINE($,#7442,#851);
#202=LINE($,#7444,#852);
#203=LINE($,#7445,#853);
#204=LINE($,#7449,#854);
#205=LINE($,#7451,#855);
#206=LINE($,#7453,#856);
#207=LINE($,#7454,#857);
#208=LINE($,#7456,#858);
#209=LINE($,#7457,#859);
#210=LINE($,#7459,#860);
#211=LINE($,#7461,#861);
#212=LINE($,#7473,#862);
#213=LINE($,#7475,#863);
#214=LINE($,#7477,#864);
#215=LINE($,#7478,#865);
#216=LINE($,#7482,#866);
#217=LINE($,#7484,#867);
#218=LINE($,#7486,#868);
#219=LINE($,#7487,#869);
#220=LINE($,#7491,#870);
#221=LINE($,#7493,#871);
#222=LINE($,#7495,#872);
#223=LINE($,#7496,#873);
#224=LINE($,#7499,#874);
#225=LINE($,#7501,#875);
#226=LINE($,#7502,#876);
#227=LINE($,#7505,#877);
#228=LINE($,#7506,#878);
#229=LINE($,#7509,#879);
#230=LINE($,#7510,#880);
#231=LINE($,#7512,#881);
#232=LINE($,#7515,#882);
#233=LINE($,#7517,#883);
#234=LINE($,#7518,#884);
#235=LINE($,#7521,#885);
#236=LINE($,#7523,#886);
#237=LINE($,#7524,#887);
#238=LINE($,#7526,#888);
#239=LINE($,#7527,#889);
#240=LINE($,#7530,#890);
#241=LINE($,#7532,#891);
#242=LINE($,#7533,#892);
#243=LINE($,#7536,#893);
#244=LINE($,#7537,#894);
#245=LINE($,#7540,#895);
#246=LINE($,#7541,#896);
#247=LINE($,#7543,#897);
#248=LINE($,#7548,#898);
#249=LINE($,#7550,#899);
#250=LINE($,#7552,#900);
#251=LINE($,#7553,#901);
#252=LINE($,#7557,#902);
#253=LINE($,#7559,#903);
#254=LINE($,#7561,#904);
#255=LINE($,#7562,#905);
#256=LINE($,#7565,#906);
#257=LINE($,#7567,#907);
#258=LINE($,#7568,#908);
#259=LINE($,#7571,#909);
#260=LINE($,#7573,#910);
#261=LINE($,#7574,#911);
#262=LINE($,#7577,#912);
#263=LINE($,#7579,#913);
#264=LINE($,#7580,#914);
#265=LINE($,#7583,#915);
#266=LINE($,#7585,#916);
#267=LINE($,#7586,#917);
#268=LINE($,#7589,#918);
#269=LINE($,#7591,#919);
#270=LINE($,#7592,#920);
#271=LINE($,#7596,#921);
#272=LINE($,#7600,#922);
#273=LINE($,#7601,#923);
#274=LINE($,#7603,#924);
#275=LINE($,#7604,#925);
#276=LINE($,#7606,#926);
#277=LINE($,#7608,#927);
#278=LINE($,#7609,#928);
#279=LINE($,#7612,#929);
#280=LINE($,#7613,#930);
#281=LINE($,#7616,#931);
#282=LINE($,#7617,#932);
#283=LINE($,#7620,#933);
#284=LINE($,#7621,#934);
#285=LINE($,#7623,#935);
#286=LINE($,#7624,#936);
#287=LINE($,#7632,#937);
#288=LINE($,#7634,#938);
#289=LINE($,#7635,#939);
#290=LINE($,#7637,#940);
#291=LINE($,#7638,#941);
#292=LINE($,#7640,#942);
#293=LINE($,#7642,#943);
#294=LINE($,#7650,#944);
#295=LINE($,#7652,#945);
#296=LINE($,#7654,#946);
#297=LINE($,#7655,#947);
#298=LINE($,#7659,#948);
#299=LINE($,#7661,#949);
#300=LINE($,#7663,#950);
#301=LINE($,#7664,#951);
#302=LINE($,#7666,#952);
#303=LINE($,#7667,#953);
#304=LINE($,#7669,#954);
#305=LINE($,#7671,#955);
#306=LINE($,#7676,#956);
#307=LINE($,#7678,#957);
#308=LINE($,#7680,#958);
#309=LINE($,#7681,#959);
#310=LINE($,#7685,#960);
#311=LINE($,#7687,#961);
#312=LINE($,#7689,#962);
#313=LINE($,#7690,#963);
#314=LINE($,#7692,#964);
#315=LINE($,#7693,#965);
#316=LINE($,#7695,#966);
#317=LINE($,#7697,#967);
#318=LINE($,#7702,#968);
#319=LINE($,#7704,#969);
#320=LINE($,#7706,#970);
#321=LINE($,#7707,#971);
#322=LINE($,#7710,#972);
#323=LINE($,#7712,#973);
#324=LINE($,#7714,#974);
#325=LINE($,#7716,#975);
#326=LINE($,#7718,#976);
#327=LINE($,#7720,#977);
#328=LINE($,#7722,#978);
#329=LINE($,#7724,#979);
#330=LINE($,#7726,#980);
#331=LINE($,#7728,#981);
#332=LINE($,#7729,#982);
#333=LINE($,#7732,#983);
#334=LINE($,#7734,#984);
#335=LINE($,#7736,#985);
#336=LINE($,#7737,#986);
#337=LINE($,#7740,#987);
#338=LINE($,#7742,#988);
#339=LINE($,#7743,#989);
#340=LINE($,#7745,#990);
#341=LINE($,#7748,#991);
#342=LINE($,#7750,#992);
#343=LINE($,#7752,#993);
#344=LINE($,#7754,#994);
#345=LINE($,#7756,#995);
#346=LINE($,#7758,#996);
#347=LINE($,#7760,#997);
#348=LINE($,#7762,#998);
#349=LINE($,#7763,#999);
#350=LINE($,#7766,#1000);
#351=LINE($,#7768,#1001);
#352=LINE($,#7770,#1002);
#353=LINE($,#7771,#1003);
#354=LINE($,#7773,#1004);
#355=LINE($,#7775,#1005);
#356=LINE($,#7776,#1006);
#357=LINE($,#7778,#1007);
#358=LINE($,#7780,#1008);
#359=LINE($,#7783,#1009);
#360=LINE($,#7785,#1010);
#361=LINE($,#7787,#1011);
#362=LINE($,#7789,#1012);
#363=LINE($,#7791,#1013);
#364=LINE($,#7793,#1014);
#365=LINE($,#7795,#1015);
#366=LINE($,#7800,#1016);
#367=LINE($,#7802,#1017);
#368=LINE($,#7804,#1018);
#369=LINE($,#7805,#1019);
#370=LINE($,#7808,#1020);
#371=LINE($,#7810,#1021);
#372=LINE($,#7811,#1022);
#373=LINE($,#7814,#1023);
#374=LINE($,#7815,#1024);
#375=LINE($,#7818,#1025);
#376=LINE($,#7819,#1026);
#377=LINE($,#7821,#1027);
#378=LINE($,#7826,#1028);
#379=LINE($,#7828,#1029);
#380=LINE($,#7830,#1030);
#381=LINE($,#7831,#1031);
#382=LINE($,#7834,#1032);
#383=LINE($,#7836,#1033);
#384=LINE($,#7837,#1034);
#385=LINE($,#7840,#1035);
#386=LINE($,#7841,#1036);
#387=LINE($,#7844,#1037);
#388=LINE($,#7845,#1038);
#389=LINE($,#7847,#1039);
#390=LINE($,#7852,#1040);
#391=LINE($,#7854,#1041);
#392=LINE($,#7856,#1042);
#393=LINE($,#7857,#1043);
#394=LINE($,#7860,#1044);
#395=LINE($,#7862,#1045);
#396=LINE($,#7863,#1046);
#397=LINE($,#7866,#1047);
#398=LINE($,#7867,#1048);
#399=LINE($,#7870,#1049);
#400=LINE($,#7871,#1050);
#401=LINE($,#7873,#1051);
#402=LINE($,#7877,#1052);
#403=LINE($,#7879,#1053);
#404=LINE($,#7881,#1054);
#405=LINE($,#7882,#1055);
#406=LINE($,#7885,#1056);
#407=LINE($,#7887,#1057);
#408=LINE($,#7888,#1058);
#409=LINE($,#7891,#1059);
#410=LINE($,#7892,#1060);
#411=LINE($,#7895,#1061);
#412=LINE($,#7896,#1062);
#413=LINE($,#7898,#1063);
#414=LINE($,#7902,#1064);
#415=LINE($,#7904,#1065);
#416=LINE($,#7906,#1066);
#417=LINE($,#7907,#1067);
#418=LINE($,#7910,#1068);
#419=LINE($,#7912,#1069);
#420=LINE($,#7913,#1070);
#421=LINE($,#7916,#1071);
#422=LINE($,#7917,#1072);
#423=LINE($,#7920,#1073);
#424=LINE($,#7921,#1074);
#425=LINE($,#7923,#1075);
#426=LINE($,#7927,#1076);
#427=LINE($,#7929,#1077);
#428=LINE($,#7931,#1078);
#429=LINE($,#7932,#1079);
#430=LINE($,#7935,#1080);
#431=LINE($,#7937,#1081);
#432=LINE($,#7939,#1082);
#433=LINE($,#7940,#1083);
#434=LINE($,#7943,#1084);
#435=LINE($,#7945,#1085);
#436=LINE($,#7946,#1086);
#437=LINE($,#7949,#1087);
#438=LINE($,#7950,#1088);
#439=LINE($,#7953,#1089);
#440=LINE($,#7954,#1090);
#441=LINE($,#7956,#1091);
#442=LINE($,#7959,#1092);
#443=LINE($,#7961,#1093);
#444=LINE($,#7962,#1094);
#445=LINE($,#7965,#1095);
#446=LINE($,#7966,#1096);
#447=LINE($,#7970,#1097);
#448=LINE($,#7971,#1098);
#449=LINE($,#7973,#1099);
#450=LINE($,#7978,#1100);
#451=LINE($,#7980,#1101);
#452=LINE($,#7982,#1102);
#453=LINE($,#7983,#1103);
#454=LINE($,#7987,#1104);
#455=LINE($,#7989,#1105);
#456=LINE($,#7991,#1106);
#457=LINE($,#7992,#1107);
#458=LINE($,#7994,#1108);
#459=LINE($,#7995,#1109);
#460=LINE($,#7997,#1110);
#461=LINE($,#7999,#1111);
#462=LINE($,#8008,#1112);
#463=LINE($,#8010,#1113);
#464=LINE($,#8012,#1114);
#465=LINE($,#8013,#1115);
#466=LINE($,#8017,#1116);
#467=LINE($,#8019,#1117);
#468=LINE($,#8021,#1118);
#469=LINE($,#8022,#1119);
#470=LINE($,#8025,#1120);
#471=LINE($,#8027,#1121);
#472=LINE($,#8028,#1122);
#473=LINE($,#8030,#1123);
#474=LINE($,#8031,#1124);
#475=LINE($,#8034,#1125);
#476=LINE($,#8036,#1126);
#477=LINE($,#8037,#1127);
#478=LINE($,#8041,#1128);
#479=LINE($,#8043,#1129);
#480=LINE($,#8045,#1130);
#481=LINE($,#8046,#1131);
#482=LINE($,#8049,#1132);
#483=LINE($,#8051,#1133);
#484=LINE($,#8052,#1134);
#485=LINE($,#8055,#1135);
#486=LINE($,#8056,#1136);
#487=LINE($,#8059,#1137);
#488=LINE($,#8060,#1138);
#489=LINE($,#8062,#1139);
#490=LINE($,#8066,#1140);
#491=LINE($,#8068,#1141);
#492=LINE($,#8070,#1142);
#493=LINE($,#8071,#1143);
#494=LINE($,#8074,#1144);
#495=LINE($,#8076,#1145);
#496=LINE($,#8077,#1146);
#497=LINE($,#8080,#1147);
#498=LINE($,#8081,#1148);
#499=LINE($,#8084,#1149);
#500=LINE($,#8085,#1150);
#501=LINE($,#8087,#1151);
#502=LINE($,#8091,#1152);
#503=LINE($,#8093,#1153);
#504=LINE($,#8095,#1154);
#505=LINE($,#8096,#1155);
#506=LINE($,#8099,#1156);
#507=LINE($,#8101,#1157);
#508=LINE($,#8102,#1158);
#509=LINE($,#8105,#1159);
#510=LINE($,#8106,#1160);
#511=LINE($,#8109,#1161);
#512=LINE($,#8110,#1162);
#513=LINE($,#8112,#1163);
#514=LINE($,#8116,#1164);
#515=LINE($,#8118,#1165);
#516=LINE($,#8120,#1166);
#517=LINE($,#8121,#1167);
#518=LINE($,#8124,#1168);
#519=LINE($,#8126,#1169);
#520=LINE($,#8128,#1170);
#521=LINE($,#8129,#1171);
#522=LINE($,#8131,#1172);
#523=LINE($,#8132,#1173);
#524=LINE($,#8134,#1174);
#525=LINE($,#8136,#1175);
#526=LINE($,#8140,#1176);
#527=LINE($,#8142,#1177);
#528=LINE($,#8143,#1178);
#529=LINE($,#8146,#1179);
#530=LINE($,#8147,#1180);
#531=LINE($,#8150,#1181);
#532=LINE($,#8151,#1182);
#533=LINE($,#8153,#1183);
#534=LINE($,#8158,#1184);
#535=LINE($,#8160,#1185);
#536=LINE($,#8162,#1186);
#537=LINE($,#8163,#1187);
#538=LINE($,#8167,#1188);
#539=LINE($,#8169,#1189);
#540=LINE($,#8171,#1190);
#541=LINE($,#8172,#1191);
#542=LINE($,#8174,#1192);
#543=LINE($,#8175,#1193);
#544=LINE($,#8177,#1194);
#545=LINE($,#8179,#1195);
#546=LINE($,#8184,#1196);
#547=LINE($,#8186,#1197);
#548=LINE($,#8188,#1198);
#549=LINE($,#8189,#1199);
#550=LINE($,#8193,#1200);
#551=LINE($,#8195,#1201);
#552=LINE($,#8197,#1202);
#553=LINE($,#8198,#1203);
#554=LINE($,#8200,#1204);
#555=LINE($,#8201,#1205);
#556=LINE($,#8203,#1206);
#557=LINE($,#8205,#1207);
#558=LINE($,#8210,#1208);
#559=LINE($,#8212,#1209);
#560=LINE($,#8214,#1210);
#561=LINE($,#8215,#1211);
#562=LINE($,#8219,#1212);
#563=LINE($,#8221,#1213);
#564=LINE($,#8223,#1214);
#565=LINE($,#8224,#1215);
#566=LINE($,#8226,#1216);
#567=LINE($,#8227,#1217);
#568=LINE($,#8229,#1218);
#569=LINE($,#8231,#1219);
#570=LINE($,#8236,#1220);
#571=LINE($,#8238,#1221);
#572=LINE($,#8240,#1222);
#573=LINE($,#8241,#1223);
#574=LINE($,#8244,#1224);
#575=LINE($,#8246,#1225);
#576=LINE($,#8247,#1226);
#577=LINE($,#8250,#1227);
#578=LINE($,#8252,#1228);
#579=LINE($,#8253,#1229);
#580=LINE($,#8255,#1230);
#581=LINE($,#8257,#1231);
#582=LINE($,#8262,#1232);
#583=LINE($,#8264,#1233);
#584=LINE($,#8266,#1234);
#585=LINE($,#8267,#1235);
#586=LINE($,#8271,#1236);
#587=LINE($,#8273,#1237);
#588=LINE($,#8275,#1238);
#589=LINE($,#8276,#1239);
#590=LINE($,#8278,#1240);
#591=LINE($,#8279,#1241);
#592=LINE($,#8281,#1242);
#593=LINE($,#8283,#1243);
#594=LINE($,#8288,#1244);
#595=LINE($,#8290,#1245);
#596=LINE($,#8292,#1246);
#597=LINE($,#8293,#1247);
#598=LINE($,#8296,#1248);
#599=LINE($,#8298,#1249);
#600=LINE($,#8299,#1250);
#601=LINE($,#8302,#1251);
#602=LINE($,#8303,#1252);
#603=LINE($,#8306,#1253);
#604=LINE($,#8307,#1254);
#605=LINE($,#8309,#1255);
#606=LINE($,#8314,#1256);
#607=LINE($,#8318,#1257);
#608=LINE($,#8323,#1258);
#609=LINE($,#8326,#1259);
#610=LINE($,#8328,#1260);
#611=LINE($,#8330,#1261);
#612=LINE($,#8332,#1262);
#613=LINE($,#8333,#1263);
#614=LINE($,#8337,#1264);
#615=LINE($,#8339,#1265);
#616=LINE($,#8341,#1266);
#617=LINE($,#8342,#1267);
#618=LINE($,#8344,#1268);
#619=LINE($,#8345,#1269);
#620=LINE($,#8347,#1270);
#621=LINE($,#8349,#1271);
#622=LINE($,#8365,#1272);
#623=LINE($,#8367,#1273);
#624=LINE($,#8369,#1274);
#625=LINE($,#8370,#1275);
#626=LINE($,#8374,#1276);
#627=LINE($,#8376,#1277);
#628=LINE($,#8378,#1278);
#629=LINE($,#8379,#1279);
#630=LINE($,#8381,#1280);
#631=LINE($,#8382,#1281);
#632=LINE($,#8384,#1282);
#633=LINE($,#8386,#1283);
#634=LINE($,#8391,#1284);
#635=LINE($,#8393,#1285);
#636=LINE($,#8395,#1286);
#637=LINE($,#8396,#1287);
#638=LINE($,#8400,#1288);
#639=LINE($,#8402,#1289);
#640=LINE($,#8404,#1290);
#641=LINE($,#8405,#1291);
#642=LINE($,#8407,#1292);
#643=LINE($,#8408,#1293);
#644=LINE($,#8410,#1294);
#645=LINE($,#8412,#1295);
#646=LINE($,#8417,#1296);
#647=LINE($,#8419,#1297);
#648=LINE($,#8421,#1298);
#649=LINE($,#8422,#1299);
#650=LINE($,#8426,#1300);
#651=LINE($,#8428,#1301);
#652=LINE($,#8430,#1302);
#653=LINE($,#8431,#1303);
#654=LINE($,#8433,#1304);
#655=LINE($,#8434,#1305);
#656=LINE($,#8436,#1306);
#657=LINE($,#8438,#1307);
#658=LINE($,#8443,#1308);
#659=LINE($,#8445,#1309);
#660=LINE($,#8447,#1310);
#661=LINE($,#8448,#1311);
#662=LINE($,#8452,#1312);
#663=LINE($,#8454,#1313);
#664=LINE($,#8456,#1314);
#665=LINE($,#8457,#1315);
#666=LINE($,#8459,#1316);
#667=LINE($,#8460,#1317);
#668=LINE($,#8462,#1318);
#669=LINE($,#8464,#1319);
#670=LINE($,#8469,#1320);
#671=LINE($,#8471,#1321);
#672=LINE($,#8473,#1322);
#673=LINE($,#8474,#1323);
#674=LINE($,#8478,#1324);
#675=LINE($,#8480,#1325);
#676=LINE($,#8482,#1326);
#677=LINE($,#8483,#1327);
#678=LINE($,#8485,#1328);
#679=LINE($,#8486,#1329);
#680=LINE($,#8488,#1330);
#681=LINE($,#8490,#1331);
#682=LINE($,#8495,#1332);
#683=LINE($,#8497,#1333);
#684=LINE($,#8499,#1334);
#685=LINE($,#8500,#1335);
#686=LINE($,#8504,#1336);
#687=LINE($,#8506,#1337);
#688=LINE($,#8508,#1338);
#689=LINE($,#8509,#1339);
#690=LINE($,#8511,#1340);
#691=LINE($,#8512,#1341);
#692=LINE($,#8514,#1342);
#693=LINE($,#8516,#1343);
#694=LINE($,#8521,#1344);
#695=LINE($,#8523,#1345);
#696=LINE($,#8525,#1346);
#697=LINE($,#8526,#1347);
#698=LINE($,#8530,#1348);
#699=LINE($,#8532,#1349);
#700=LINE($,#8534,#1350);
#701=LINE($,#8535,#1351);
#702=LINE($,#8537,#1352);
#703=LINE($,#8538,#1353);
#704=LINE($,#8540,#1354);
#705=LINE($,#8542,#1355);
#706=VECTOR($,#5722,1.2);
#707=VECTOR($,#5723,0.76);
#708=VECTOR($,#5724,1.2);
#709=VECTOR($,#5725,0.76);
#710=VECTOR($,#5728,0.899999999999994);
#711=VECTOR($,#5729,1.2);
#712=VECTOR($,#5730,0.899999999999994);
#713=VECTOR($,#5733,0.899999999999994);
#714=VECTOR($,#5734,0.760000000000034);
#715=VECTOR($,#5737,0.899999999999994);
#716=VECTOR($,#5738,1.2);
#717=VECTOR($,#5741,0.760000000000034);
#718=VECTOR($,#5746,0.0240099999999998);
#719=VECTOR($,#5747,0.674239999999999);
#720=VECTOR($,#5748,0.0240099999999998);
#721=VECTOR($,#5749,0.67424);
#722=VECTOR($,#5752,0.265580000000011);
#723=VECTOR($,#5753,0.0240099999999998);
#724=VECTOR($,#5754,0.265580000000011);
#725=VECTOR($,#5757,0.265580000000011);
#726=VECTOR($,#5758,0.674239999999999);
#727=VECTOR($,#5761,0.265580000000011);
#728=VECTOR($,#5762,0.0240099999999999);
#729=VECTOR($,#5765,0.674239999999999);
#730=VECTOR($,#5770,0.0240099999999998);
#731=VECTOR($,#5771,0.598779999999983);
#732=VECTOR($,#5772,0.0240099999999998);
#733=VECTOR($,#5773,0.598779999999983);
#734=VECTOR($,#5776,0.674239999999999);
#735=VECTOR($,#5777,0.674239999999999);
#736=VECTOR($,#5778,0.598779999999983);
#737=VECTOR($,#5781,0.674239999999999);
#738=VECTOR($,#5782,0.0240099999999999);
#739=VECTOR($,#5785,0.0240099999999998);
#740=VECTOR($,#5786,0.598779999999983);
#741=VECTOR($,#5789,0.67424);
#742=VECTOR($,#5800,0.0240099999999998);
#743=VECTOR($,#5801,0.864359999999994);
#744=VECTOR($,#5802,0.0240099999999998);
#745=VECTOR($,#5803,0.864359999999994);
#746=VECTOR($,#5806,0.47824);
#747=VECTOR($,#5807,0.0240099999999999);
#748=VECTOR($,#5808,0.47824);
#749=VECTOR($,#5811,0.47824);
#750=VECTOR($,#5812,0.864359999999994);
#751=VECTOR($,#5815,0.47824);
#752=VECTOR($,#5816,0.0240099999999999);
#753=VECTOR($,#5819,0.864359999999994);
#754=VECTOR($,#5824,0.075);
#755=VECTOR($,#5825,0.0749999999999993);
#756=VECTOR($,#5826,0.075);
#757=VECTOR($,#5827,0.0749999999999993);
#758=VECTOR($,#5830,0.075);
#759=VECTOR($,#5831,0.0749999999999993);
#760=VECTOR($,#5832,0.075);
#761=VECTOR($,#5833,0.0749999999999993);
#762=VECTOR($,#5836,0.1);
#763=VECTOR($,#5837,0.1);
#764=VECTOR($,#5840,0.1);
#765=VECTOR($,#5843,0.1);
#766=VECTOR($,#5854,0.5);
#767=VECTOR($,#5855,0.300000000000001);
#768=VECTOR($,#5856,0.5);
#769=VECTOR($,#5857,0.300000000000001);
#770=VECTOR($,#5860,0.5);
#771=VECTOR($,#5861,0.300000000000001);
#772=VECTOR($,#5862,0.5);
#773=VECTOR($,#5863,0.300000000000001);
#774=VECTOR($,#5866,0.1);
#775=VECTOR($,#5867,0.1);
#776=VECTOR($,#5870,0.1);
#777=VECTOR($,#5873,0.1);
#778=VECTOR($,#5910,0.5);
#779=VECTOR($,#5911,0.6);
#780=VECTOR($,#5912,0.5);
#781=VECTOR($,#5913,0.6);
#782=VECTOR($,#5916,0.5);
#783=VECTOR($,#5917,0.6);
#784=VECTOR($,#5918,0.5);
#785=VECTOR($,#5919,0.6);
#786=VECTOR($,#5922,0.0750000000000002);
#787=VECTOR($,#5923,0.0750000000000002);
#788=VECTOR($,#5926,0.0750000000000002);
#789=VECTOR($,#5929,0.0750000000000002);
#790=VECTOR($,#5934,0.4);
#791=VECTOR($,#5935,0.5);
#792=VECTOR($,#5936,0.4);
#793=VECTOR($,#5937,0.5);
#794=VECTOR($,#5940,0.4);
#795=VECTOR($,#5941,0.5);
#796=VECTOR($,#5942,0.4);
#797=VECTOR($,#5943,0.5);
#798=VECTOR($,#5946,0.01);
#799=VECTOR($,#5947,0.01);
#800=VECTOR($,#5950,0.01);
#801=VECTOR($,#5953,0.01);
#802=VECTOR($,#5958,0.3);
#803=VECTOR($,#5959,0.4);
#804=VECTOR($,#5960,0.3);
#805=VECTOR($,#5961,0.4);
#806=VECTOR($,#5964,0.3);
#807=VECTOR($,#5965,0.4);
#808=VECTOR($,#5966,0.3);
#809=VECTOR($,#5967,0.4);
#810=VECTOR($,#5970,0.01);
#811=VECTOR($,#5971,0.01);
#812=VECTOR($,#5974,0.01);
#813=VECTOR($,#5977,0.01);
#814=VECTOR($,#5982,0.34);
#815=VECTOR($,#5983,0.0899999999999999);
#816=VECTOR($,#5984,0.34);
#817=VECTOR($,#5985,0.0899999999999999);
#818=VECTOR($,#5988,0.04);
#819=VECTOR($,#5989,0.0899999999999999);
#820=VECTOR($,#5990,0.04);
#821=VECTOR($,#5993,0.04);
#822=VECTOR($,#5994,0.34);
#823=VECTOR($,#5997,0.04);
#824=VECTOR($,#5998,0.0899999999999999);
#825=VECTOR($,#6001,0.34);
#826=VECTOR($,#6004,0.4);
#827=VECTOR($,#6005,0.15);
#828=VECTOR($,#6006,0.4);
#829=VECTOR($,#6007,0.15);
#830=VECTOR($,#6010,0.4);
#831=VECTOR($,#6011,0.15);
#832=VECTOR($,#6012,0.4);
#833=VECTOR($,#6013,0.15);
#834=VECTOR($,#6016,0.0700000000000001);
#835=VECTOR($,#6017,0.0700000000000001);
#836=VECTOR($,#6020,0.0700000000000001);
#837=VECTOR($,#6023,0.0700000000000001);
#838=VECTOR($,#6038,0.34);
#839=VECTOR($,#6039,0.0900000000000004);
#840=VECTOR($,#6040,0.34);
#841=VECTOR($,#6041,0.0900000000000004);
#842=VECTOR($,#6044,0.0399999999999998);
#843=VECTOR($,#6045,0.0900000000000004);
#844=VECTOR($,#6046,0.0399999999999998);
#845=VECTOR($,#6049,0.0399999999999998);
#846=VECTOR($,#6050,0.34);
#847=VECTOR($,#6053,0.0399999999999998);
#848=VECTOR($,#6054,0.0900000000000004);
#849=VECTOR($,#6057,0.34);
#850=VECTOR($,#6060,0.4);
#851=VECTOR($,#6061,0.15);
#852=VECTOR($,#6062,0.4);
#853=VECTOR($,#6063,0.15);
#854=VECTOR($,#6066,0.4);
#855=VECTOR($,#6067,0.15);
#856=VECTOR($,#6068,0.4);
#857=VECTOR($,#6069,0.15);
#858=VECTOR($,#6072,0.0700000000000001);
#859=VECTOR($,#6073,0.0700000000000001);
#860=VECTOR($,#6076,0.0700000000000001);
#861=VECTOR($,#6079,0.0700000000000001);
#862=VECTOR($,#6094,0.199999999999999);
#863=VECTOR($,#6095,0.0133974527390049);
#864=VECTOR($,#6096,0.199999999999999);
#865=VECTOR($,#6097,0.0133974527390049);
#866=VECTOR($,#6100,0.199999999999999);
#867=VECTOR($,#6101,0.128867520342033);
#868=VECTOR($,#6102,0.199999999999999);
#869=VECTOR($,#6103,0.128867520342033);
#870=VECTOR($,#6106,0.15);
#871=VECTOR($,#6107,0.0500000000000007);
#872=VECTOR($,#6108,0.15);
#873=VECTOR($,#6109,0.0500000000000007);
#874=VECTOR($,#6112,0.0500000000000001);
#875=VECTOR($,#6113,0.0500000000000007);
#876=VECTOR($,#6114,0.0500000000000001);
#877=VECTOR($,#6117,0.0500000000000001);
#878=VECTOR($,#6118,0.15);
#879=VECTOR($,#6121,0.0500000000000001);
#880=VECTOR($,#6122,0.0500000000000007);
#881=VECTOR($,#6125,0.15);
#882=VECTOR($,#6128,0.0500000000000001);
#883=VECTOR($,#6129,0.199999999999999);
#884=VECTOR($,#6130,0.0500000000000001);
#885=VECTOR($,#6133,0.0500000000000001);
#886=VECTOR($,#6134,0.0500000000000001);
#887=VECTOR($,#6135,0.199999999999999);
#888=VECTOR($,#6138,0.2);
#889=VECTOR($,#6139,0.2);
#890=VECTOR($,#6142,0.0750000018441741);
#891=VECTOR($,#6143,0.05);
#892=VECTOR($,#6144,0.0461324883846929);
#893=VECTOR($,#6147,0.0750000018441741);
#894=VECTOR($,#6148,0.199999999999999);
#895=VECTOR($,#6151,0.05);
#896=VECTOR($,#6152,0.199999999999999);
#897=VECTOR($,#6155,0.0461324883846929);
#898=VECTOR($,#6160,0.01);
#899=VECTOR($,#6161,0.00999999523162853);
#900=VECTOR($,#6162,0.01);
#901=VECTOR($,#6163,0.00999999523162853);
#902=VECTOR($,#6166,0.01);
#903=VECTOR($,#6167,0.00999999523162853);
#904=VECTOR($,#6168,0.01);
#905=VECTOR($,#6169,0.00999999523162853);
#906=VECTOR($,#6172,0.0149999999999988);
#907=VECTOR($,#6173,0.00999999523162853);
#908=VECTOR($,#6174,0.0149999999999997);
#909=VECTOR($,#6177,0.0149999999999997);
#910=VECTOR($,#6178,0.0149999999999997);
#911=VECTOR($,#6179,0.00999999523162853);
#912=VECTOR($,#6182,0.0149999999999988);
#913=VECTOR($,#6183,0.0149999999999997);
#914=VECTOR($,#6184,0.00999999523162853);
#915=VECTOR($,#6187,0.0149999999999997);
#916=VECTOR($,#6188,0.00999999523162853);
#917=VECTOR($,#6189,0.0149999999999997);
#918=VECTOR($,#6192,0.015);
#919=VECTOR($,#6193,0.00999999523162853);
#920=VECTOR($,#6194,0.015);
#921=VECTOR($,#6197,0.068660687473185);
#922=VECTOR($,#6200,0.068660687473185);
#923=VECTOR($,#6201,0.0399999999999991);
#924=VECTOR($,#6202,0.00999999999999979);
#925=VECTOR($,#6203,0.015);
#926=VECTOR($,#6204,0.0149999999999991);
#927=VECTOR($,#6205,0.00999999999999979);
#928=VECTOR($,#6206,0.0149999999999991);
#929=VECTOR($,#6209,0.0149999999999991);
#930=VECTOR($,#6210,0.00999999523162853);
#931=VECTOR($,#6213,0.00999999523162853);
#932=VECTOR($,#6214,0.0149999999999991);
#933=VECTOR($,#6217,0.01);
#934=VECTOR($,#6218,0.00999999523162853);
#935=VECTOR($,#6221,0.01);
#936=VECTOR($,#6222,0.015);
#937=VECTOR($,#6231,0.068660687473185);
#938=VECTOR($,#6232,0.0399999999999991);
#939=VECTOR($,#6233,0.068660687473185);
#940=VECTOR($,#6236,0.00999999523162853);
#941=VECTOR($,#6237,0.00999999523162853);
#942=VECTOR($,#6240,0.00999999523162853);
#943=VECTOR($,#6243,0.00999999523162853);
#944=VECTOR($,#6252,0.06);
#945=VECTOR($,#6253,0.4);
#946=VECTOR($,#6254,0.06);
#947=VECTOR($,#6255,0.4);
#948=VECTOR($,#6258,0.06);
#949=VECTOR($,#6259,0.4);
#950=VECTOR($,#6260,0.06);
#951=VECTOR($,#6261,0.4);
#952=VECTOR($,#6264,0.5);
#953=VECTOR($,#6265,0.5);
#954=VECTOR($,#6268,0.5);
#955=VECTOR($,#6271,0.5);
#956=VECTOR($,#6276,0.06);
#957=VECTOR($,#6277,0.4);
#958=VECTOR($,#6278,0.06);
#959=VECTOR($,#6279,0.4);
#960=VECTOR($,#6282,0.06);
#961=VECTOR($,#6283,0.4);
#962=VECTOR($,#6284,0.06);
#963=VECTOR($,#6285,0.4);
#964=VECTOR($,#6288,0.5);
#965=VECTOR($,#6289,0.5);
#966=VECTOR($,#6292,0.5);
#967=VECTOR($,#6295,0.5);
#968=VECTOR($,#6300,0.424264114439259);
#969=VECTOR($,#6301,0.05);
#970=VECTOR($,#6302,0.424264114439259);
#971=VECTOR($,#6303,0.05);
#972=VECTOR($,#6306,0.129610059419053);
#973=VECTOR($,#6307,0.0349560501261797);
#974=VECTOR($,#6308,0.459220118838108);
#975=VECTOR($,#6309,0.459220118838108);
#976=VECTOR($,#6310,0.459220118838108);
#977=VECTOR($,#6311,0.459220118838108);
#978=VECTOR($,#6312,0.459220118838108);
#979=VECTOR($,#6313,0.0349560501261797);
#980=VECTOR($,#6314,0.129610059419053);
#981=VECTOR($,#6315,0.424264114439259);
#982=VECTOR($,#6316,0.199999999999999);
#983=VECTOR($,#6317,0.400000000000002);
#984=VECTOR($,#6318,0.0600000000000005);
#985=VECTOR($,#6319,0.400000000000001);
#986=VECTOR($,#6320,0.0600000000000005);
#987=VECTOR($,#6323,0.05);
#988=VECTOR($,#6324,0.424264114439259);
#989=VECTOR($,#6325,0.05);
#990=VECTOR($,#6328,0.199999999999999);
#991=VECTOR($,#6331,0.129610059419053);
#992=VECTOR($,#6332,0.0349560501261797);
#993=VECTOR($,#6333,0.459220118838108);
#994=VECTOR($,#6334,0.459220118838108);
#995=VECTOR($,#6335,0.459220118838108);
#996=VECTOR($,#6336,0.459220118838108);
#997=VECTOR($,#6337,0.459220118838108);
#998=VECTOR($,#6338,0.0349560501261797);
#999=VECTOR($,#6339,0.129610059419053);
#1000=VECTOR($,#6340,0.400000000000002);
#1001=VECTOR($,#6341,0.0600000000000005);
#1002=VECTOR($,#6342,0.400000000000001);
#1003=VECTOR($,#6343,0.0600000000000005);
#1004=VECTOR($,#6346,0.05);
#1005=VECTOR($,#6349,0.05);
#1006=VECTOR($,#6350,0.05);
#1007=VECTOR($,#6353,0.05);
#1008=VECTOR($,#6356,0.05);
#1009=VECTOR($,#6361,0.05);
#1010=VECTOR($,#6364,0.05);
#1011=VECTOR($,#6367,0.05);
#1012=VECTOR($,#6370,0.05);
#1013=VECTOR($,#6373,0.05);
#1014=VECTOR($,#6376,0.05);
#1015=VECTOR($,#6379,0.05);
#1016=VECTOR($,#6384,0.1);
#1017=VECTOR($,#6385,0.10309587027842);
#1018=VECTOR($,#6386,0.0999999999999997);
#1019=VECTOR($,#6387,0.10309587027842);
#1020=VECTOR($,#6390,0.1);
#1021=VECTOR($,#6391,0.1);
#1022=VECTOR($,#6392,0.10309587027842);
#1023=VECTOR($,#6395,0.1);
#1024=VECTOR($,#6396,0.0999999999999997);
#1025=VECTOR($,#6399,0.1);
#1026=VECTOR($,#6400,0.10309587027842);
#1027=VECTOR($,#6403,0.1);
#1028=VECTOR($,#6408,0.1);
#1029=VECTOR($,#6409,0.1);
#1030=VECTOR($,#6410,0.1);
#1031=VECTOR($,#6411,0.1);
#1032=VECTOR($,#6414,0.0169041297215805);
#1033=VECTOR($,#6415,0.1);
#1034=VECTOR($,#6416,0.0169041297215805);
#1035=VECTOR($,#6419,0.0169041297215805);
#1036=VECTOR($,#6420,0.1);
#1037=VECTOR($,#6423,0.1);
#1038=VECTOR($,#6424,0.1);
#1039=VECTOR($,#6427,0.0169041297215805);
#1040=VECTOR($,#6432,0.0500000000000003);
#1041=VECTOR($,#6433,0.949999989509621);
#1042=VECTOR($,#6434,0.05);
#1043=VECTOR($,#6435,0.949999989509621);
#1044=VECTOR($,#6438,0.0500000000000007);
#1045=VECTOR($,#6439,0.949999989509621);
#1046=VECTOR($,#6440,0.0500000000000007);
#1047=VECTOR($,#6443,0.05);
#1048=VECTOR($,#6444,0.0500000000000007);
#1049=VECTOR($,#6447,0.0500000000000003);
#1050=VECTOR($,#6448,0.949999989509621);
#1051=VECTOR($,#6451,0.0500000000000007);
#1052=VECTOR($,#6454,0.0500000000000003);
#1053=VECTOR($,#6455,0.949999989509621);
#1054=VECTOR($,#6456,0.05);
#1055=VECTOR($,#6457,0.949999989509621);
#1056=VECTOR($,#6460,0.0500000000000007);
#1057=VECTOR($,#6461,0.949999989509621);
#1058=VECTOR($,#6462,0.0500000000000007);
#1059=VECTOR($,#6465,0.05);
#1060=VECTOR($,#6466,0.0500000000000007);
#1061=VECTOR($,#6469,0.0500000000000003);
#1062=VECTOR($,#6470,0.949999989509621);
#1063=VECTOR($,#6473,0.0500000000000007);
#1064=VECTOR($,#6476,0.0499999999999998);
#1065=VECTOR($,#6477,0.949999989509621);
#1066=VECTOR($,#6478,0.05);
#1067=VECTOR($,#6479,0.949999989509621);
#1068=VECTOR($,#6482,0.0500000000000007);
#1069=VECTOR($,#6483,0.949999989509621);
#1070=VECTOR($,#6484,0.0500000000000007);
#1071=VECTOR($,#6487,0.05);
#1072=VECTOR($,#6488,0.0500000000000007);
#1073=VECTOR($,#6491,0.0499999999999998);
#1074=VECTOR($,#6492,0.949999989509621);
#1075=VECTOR($,#6495,0.0500000000000007);
#1076=VECTOR($,#6498,0.491999999999973);
#1077=VECTOR($,#6499,0.559999999999988);
#1078=VECTOR($,#6500,0.491999999999973);
#1079=VECTOR($,#6501,0.559999999999988);
#1080=VECTOR($,#6502,0.0500000000000007);
#1081=VECTOR($,#6503,0.0499999999999998);
#1082=VECTOR($,#6504,0.0500000000000007);
#1083=VECTOR($,#6505,0.0499999999999998);
#1084=VECTOR($,#6508,0.0499999999999944);
#1085=VECTOR($,#6509,0.559999999999988);
#1086=VECTOR($,#6510,0.0499999999999944);
#1087=VECTOR($,#6513,0.491999999999973);
#1088=VECTOR($,#6514,0.0499999999999944);
#1089=VECTOR($,#6517,0.559999999999988);
#1090=VECTOR($,#6518,0.0499999999999944);
#1091=VECTOR($,#6521,0.491999999999972);
#1092=VECTOR($,#6524,0.949999989509621);
#1093=VECTOR($,#6525,0.0500000000000007);
#1094=VECTOR($,#6526,0.949999989509621);
#1095=VECTOR($,#6529,0.949999989509621);
#1096=VECTOR($,#6530,0.05);
#1097=VECTOR($,#6535,0.0500000000000007);
#1098=VECTOR($,#6536,0.05);
#1099=VECTOR($,#6539,0.949999989509621);
#1100=VECTOR($,#6544,0.2);
#1101=VECTOR($,#6545,0.300000000000001);
#1102=VECTOR($,#6546,0.2);
#1103=VECTOR($,#6547,0.300000000000001);
#1104=VECTOR($,#6550,0.2);
#1105=VECTOR($,#6551,0.300000000000001);
#1106=VECTOR($,#6552,0.2);
#1107=VECTOR($,#6553,0.300000000000001);
#1108=VECTOR($,#6556,0.05);
#1109=VECTOR($,#6557,0.05);
#1110=VECTOR($,#6560,0.05);
#1111=VECTOR($,#6563,0.05);
#1112=VECTOR($,#6574,0.4);
#1113=VECTOR($,#6575,0.00499999999999989);
#1114=VECTOR($,#6576,0.4);
#1115=VECTOR($,#6577,0.00499999999999989);
#1116=VECTOR($,#6580,0.0499999999999998);
#1117=VECTOR($,#6581,0.4);
#1118=VECTOR($,#6582,0.0499999999999998);
#1119=VECTOR($,#6583,0.4);
#1120=VECTOR($,#6586,0.4);
#1121=VECTOR($,#6587,0.4);
#1122=VECTOR($,#6588,0.4);
#1123=VECTOR($,#6591,0.4);
#1124=VECTOR($,#6592,0.4);
#1125=VECTOR($,#6595,0.355);
#1126=VECTOR($,#6596,0.399999999999999);
#1127=VECTOR($,#6597,0.355);
#1128=VECTOR($,#6600,0.0357142857142863);
#1129=VECTOR($,#6601,0.569999999685292);
#1130=VECTOR($,#6602,0.0357142857142863);
#1131=VECTOR($,#6603,0.569999999685292);
#1132=VECTOR($,#6606,0.040650406504068);
#1133=VECTOR($,#6607,0.569999999685292);
#1134=VECTOR($,#6608,0.040650406504068);
#1135=VECTOR($,#6611,0.0357142857142863);
#1136=VECTOR($,#6612,0.040650406504068);
#1137=VECTOR($,#6615,0.0357142857142863);
#1138=VECTOR($,#6616,0.569999999685292);
#1139=VECTOR($,#6619,0.040650406504068);
#1140=VECTOR($,#6622,0.0357142857142863);
#1141=VECTOR($,#6623,0.569999999685292);
#1142=VECTOR($,#6624,0.0357142857142863);
#1143=VECTOR($,#6625,0.569999999685292);
#1144=VECTOR($,#6628,0.040650406504068);
#1145=VECTOR($,#6629,0.569999999685292);
#1146=VECTOR($,#6630,0.040650406504068);
#1147=VECTOR($,#6633,0.0357142857142863);
#1148=VECTOR($,#6634,0.040650406504068);
#1149=VECTOR($,#6637,0.0357142857142863);
#1150=VECTOR($,#6638,0.569999999685292);
#1151=VECTOR($,#6641,0.040650406504068);
#1152=VECTOR($,#6644,0.0357142857142863);
#1153=VECTOR($,#6645,0.569999999685292);
#1154=VECTOR($,#6646,0.0357142857142863);
#1155=VECTOR($,#6647,0.569999999685292);
#1156=VECTOR($,#6650,0.040650406504068);
#1157=VECTOR($,#6651,0.569999999685292);
#1158=VECTOR($,#6652,0.040650406504068);
#1159=VECTOR($,#6655,0.0357142857142863);
#1160=VECTOR($,#6656,0.040650406504068);
#1161=VECTOR($,#6659,0.0357142857142863);
#1162=VECTOR($,#6660,0.569999999685292);
#1163=VECTOR($,#6663,0.040650406504068);
#1164=VECTOR($,#6666,0.4);
#1165=VECTOR($,#6667,0.4);
#1166=VECTOR($,#6668,0.4);
#1167=VECTOR($,#6669,0.4);
#1168=VECTOR($,#6670,0.040650406504068);
#1169=VECTOR($,#6671,0.0357142857142863);
#1170=VECTOR($,#6672,0.040650406504068);
#1171=VECTOR($,#6673,0.0357142857142863);
#1172=VECTOR($,#6676,0.0300000003147081);
#1173=VECTOR($,#6677,0.0300000003147081);
#1174=VECTOR($,#6680,0.0300000003147081);
#1175=VECTOR($,#6683,0.0300000003147081);
#1176=VECTOR($,#6688,0.569999999685292);
#1177=VECTOR($,#6689,0.040650406504068);
#1178=VECTOR($,#6690,0.569999999685292);
#1179=VECTOR($,#6693,0.569999999685292);
#1180=VECTOR($,#6694,0.0357142857142863);
#1181=VECTOR($,#6697,0.040650406504068);
#1182=VECTOR($,#6698,0.0357142857142863);
#1183=VECTOR($,#6701,0.569999999685292);
#1184=VECTOR($,#6706,0.1);
#1185=VECTOR($,#6707,0.0999999999999996);
#1186=VECTOR($,#6708,0.1);
#1187=VECTOR($,#6709,0.0999999999999996);
#1188=VECTOR($,#6712,0.1);
#1189=VECTOR($,#6713,0.0999999999999996);
#1190=VECTOR($,#6714,0.1);
#1191=VECTOR($,#6715,0.0999999999999996);
#1192=VECTOR($,#6718,0.1);
#1193=VECTOR($,#6719,0.1);
#1194=VECTOR($,#6722,0.1);
#1195=VECTOR($,#6725,0.1);
#1196=VECTOR($,#6730,0.1);
#1197=VECTOR($,#6731,0.0999999999999996);
#1198=VECTOR($,#6732,0.1);
#1199=VECTOR($,#6733,0.0999999999999996);
#1200=VECTOR($,#6736,0.1);
#1201=VECTOR($,#6737,0.0999999999999996);
#1202=VECTOR($,#6738,0.1);
#1203=VECTOR($,#6739,0.0999999999999996);
#1204=VECTOR($,#6742,0.1);
#1205=VECTOR($,#6743,0.1);
#1206=VECTOR($,#6746,0.1);
#1207=VECTOR($,#6749,0.1);
#1208=VECTOR($,#6754,0.1);
#1209=VECTOR($,#6755,0.0999999999999996);
#1210=VECTOR($,#6756,0.1);
#1211=VECTOR($,#6757,0.0999999999999996);
#1212=VECTOR($,#6760,0.1);
#1213=VECTOR($,#6761,0.0999999999999996);
#1214=VECTOR($,#6762,0.1);
#1215=VECTOR($,#6763,0.0999999999999996);
#1216=VECTOR($,#6766,0.1);
#1217=VECTOR($,#6767,0.1);
#1218=VECTOR($,#6770,0.1);
#1219=VECTOR($,#6773,0.1);
#1220=VECTOR($,#6778,0.849999999999994);
#1221=VECTOR($,#6779,0.399999999999999);
#1222=VECTOR($,#6780,0.849999999999994);
#1223=VECTOR($,#6781,0.399999999999999);
#1224=VECTOR($,#6784,0.439999999999972);
#1225=VECTOR($,#6785,0.4);
#1226=VECTOR($,#6786,0.439999999999972);
#1227=VECTOR($,#6789,0.849999999999994);
#1228=VECTOR($,#6790,0.399999999999999);
#1229=VECTOR($,#6791,0.849999999999994);
#1230=VECTOR($,#6794,0.439999999999972);
#1231=VECTOR($,#6797,0.439999999999972);
#1232=VECTOR($,#6802,0.2);
#1233=VECTOR($,#6803,0.300000000000001);
#1234=VECTOR($,#6804,0.2);
#1235=VECTOR($,#6805,0.300000000000001);
#1236=VECTOR($,#6808,0.2);
#1237=VECTOR($,#6809,0.300000000000001);
#1238=VECTOR($,#6810,0.2);
#1239=VECTOR($,#6811,0.300000000000001);
#1240=VECTOR($,#6814,0.05);
#1241=VECTOR($,#6815,0.05);
#1242=VECTOR($,#6818,0.05);
#1243=VECTOR($,#6821,0.05);
#1244=VECTOR($,#6826,0.399999999999999);
#1245=VECTOR($,#6827,0.439999999999972);
#1246=VECTOR($,#6828,0.400000000000002);
#1247=VECTOR($,#6829,0.439999999999972);
#1248=VECTOR($,#6832,0.05);
#1249=VECTOR($,#6833,0.399999999999999);
#1250=VECTOR($,#6834,0.05);
#1251=VECTOR($,#6837,0.05);
#1252=VECTOR($,#6838,0.439999999999972);
#1253=VECTOR($,#6841,0.05);
#1254=VECTOR($,#6842,0.399999999999999);
#1255=VECTOR($,#6845,0.439999999999972);
#1256=VECTOR($,#6850,0.15);
#1257=VECTOR($,#6853,0.15);
#1258=VECTOR($,#6860,0.0102450264299056);
#1259=VECTOR($,#6863,0.144877486785047);
#1260=VECTOR($,#6864,0.3);
#1261=VECTOR($,#6865,0.3);
#1262=VECTOR($,#6866,0.3);
#1263=VECTOR($,#6867,0.144877486785047);
#1264=VECTOR($,#6870,0.3);
#1265=VECTOR($,#6871,0.299999999999999);
#1266=VECTOR($,#6872,0.3);
#1267=VECTOR($,#6873,0.299999999999999);
#1268=VECTOR($,#6876,0.0500000000000004);
#1269=VECTOR($,#6877,0.0499999999999997);
#1270=VECTOR($,#6880,0.0499999999999997);
#1271=VECTOR($,#6883,0.0500000000000004);
#1272=VECTOR($,#6904,0.1);
#1273=VECTOR($,#6905,0.0999999999999996);
#1274=VECTOR($,#6906,0.1);
#1275=VECTOR($,#6907,0.0999999999999996);
#1276=VECTOR($,#6910,0.1);
#1277=VECTOR($,#6911,0.0999999999999996);
#1278=VECTOR($,#6912,0.1);
#1279=VECTOR($,#6913,0.0999999999999996);
#1280=VECTOR($,#6916,0.1);
#1281=VECTOR($,#6917,0.1);
#1282=VECTOR($,#6920,0.1);
#1283=VECTOR($,#6923,0.1);
#1284=VECTOR($,#6928,0.1);
#1285=VECTOR($,#6929,0.0999999999999996);
#1286=VECTOR($,#6930,0.1);
#1287=VECTOR($,#6931,0.0999999999999996);
#1288=VECTOR($,#6934,0.1);
#1289=VECTOR($,#6935,0.0999999999999996);
#1290=VECTOR($,#6936,0.1);
#1291=VECTOR($,#6937,0.0999999999999996);
#1292=VECTOR($,#6940,0.1);
#1293=VECTOR($,#6941,0.1);
#1294=VECTOR($,#6944,0.1);
#1295=VECTOR($,#6947,0.1);
#1296=VECTOR($,#6952,0.1);
#1297=VECTOR($,#6953,0.0999999999999996);
#1298=VECTOR($,#6954,0.1);
#1299=VECTOR($,#6955,0.0999999999999996);
#1300=VECTOR($,#6958,0.1);
#1301=VECTOR($,#6959,0.0999999999999996);
#1302=VECTOR($,#6960,0.1);
#1303=VECTOR($,#6961,0.0999999999999996);
#1304=VECTOR($,#6964,0.1);
#1305=VECTOR($,#6965,0.1);
#1306=VECTOR($,#6968,0.1);
#1307=VECTOR($,#6971,0.1);
#1308=VECTOR($,#6976,0.1);
#1309=VECTOR($,#6977,0.0999999999999996);
#1310=VECTOR($,#6978,0.1);
#1311=VECTOR($,#6979,0.0999999999999996);
#1312=VECTOR($,#6982,0.1);
#1313=VECTOR($,#6983,0.0999999999999996);
#1314=VECTOR($,#6984,0.1);
#1315=VECTOR($,#6985,0.0999999999999996);
#1316=VECTOR($,#6988,0.1);
#1317=VECTOR($,#6989,0.1);
#1318=VECTOR($,#6992,0.1);
#1319=VECTOR($,#6995,0.1);
#1320=VECTOR($,#7000,0.1);
#1321=VECTOR($,#7001,0.0999999999999996);
#1322=VECTOR($,#7002,0.1);
#1323=VECTOR($,#7003,0.0999999999999996);
#1324=VECTOR($,#7006,0.1);
#1325=VECTOR($,#7007,0.0999999999999996);
#1326=VECTOR($,#7008,0.1);
#1327=VECTOR($,#7009,0.0999999999999996);
#1328=VECTOR($,#7012,0.1);
#1329=VECTOR($,#7013,0.1);
#1330=VECTOR($,#7016,0.1);
#1331=VECTOR($,#7019,0.1);
#1332=VECTOR($,#7024,0.15);
#1333=VECTOR($,#7025,0.0999999999999996);
#1334=VECTOR($,#7026,0.15);
#1335=VECTOR($,#7027,0.0999999999999996);
#1336=VECTOR($,#7030,0.15);
#1337=VECTOR($,#7031,0.0999999999999996);
#1338=VECTOR($,#7032,0.15);
#1339=VECTOR($,#7033,0.0999999999999996);
#1340=VECTOR($,#7036,0.04);
#1341=VECTOR($,#7037,0.04);
#1342=VECTOR($,#7040,0.04);
#1343=VECTOR($,#7043,0.04);
#1344=VECTOR($,#7048,0.15);
#1345=VECTOR($,#7049,0.0999999999999996);
#1346=VECTOR($,#7050,0.15);
#1347=VECTOR($,#7051,0.0999999999999996);
#1348=VECTOR($,#7054,0.15);
#1349=VECTOR($,#7055,0.0999999999999996);
#1350=VECTOR($,#7056,0.15);
#1351=VECTOR($,#7057,0.0999999999999996);
#1352=VECTOR($,#7060,0.04);
#1353=VECTOR($,#7061,0.04);
#1354=VECTOR($,#7064,0.04);
#1355=VECTOR($,#7067,0.04);
#1356=PLANE($,#5354);
#1357=PLANE($,#5355);
#1358=PLANE($,#5356);
#1359=PLANE($,#5357);
#1360=PLANE($,#5358);
#1361=PLANE($,#5359);
#1362=PLANE($,#5360);
#1363=PLANE($,#5361);
#1364=PLANE($,#5362);
#1365=PLANE($,#5363);
#1366=PLANE($,#5364);
#1367=PLANE($,#5365);
#1368=PLANE($,#5366);
#1369=PLANE($,#5367);
#1370=PLANE($,#5368);
#1371=PLANE($,#5369);
#1372=PLANE($,#5370);
#1373=PLANE($,#5371);
#1374=PLANE($,#5372);
#1375=PLANE($,#5376);
#1376=PLANE($,#5377);
#1377=PLANE($,#5378);
#1378=PLANE($,#5379);
#1379=PLANE($,#5380);
#1380=PLANE($,#5381);
#1381=PLANE($,#5382);
#1382=PLANE($,#5383);
#1383=PLANE($,#5384);
#1384=PLANE($,#5385);
#1385=PLANE($,#5386);
#1386=PLANE($,#5387);
#1387=PLANE($,#5388);
#1388=PLANE($,#5391);
#1389=PLANE($,#5392);
#1390=PLANE($,#5393);
#1391=PLANE($,#5394);
#1392=PLANE($,#5395);
#1393=PLANE($,#5396);
#1394=PLANE($,#5400);
#1395=PLANE($,#5404);
#1396=PLANE($,#5408);
#1397=PLANE($,#5412);
#1398=PLANE($,#5413);
#1399=PLANE($,#5414);
#1400=PLANE($,#5415);
#1401=PLANE($,#5416);
#1402=PLANE($,#5417);
#1403=PLANE($,#5418);
#1404=PLANE($,#5419);
#1405=PLANE($,#5420);
#1406=PLANE($,#5421);
#1407=PLANE($,#5422);
#1408=PLANE($,#5423);
#1409=PLANE($,#5424);
#1410=PLANE($,#5425);
#1411=PLANE($,#5426);
#1412=PLANE($,#5427);
#1413=PLANE($,#5428);
#1414=PLANE($,#5429);
#1415=PLANE($,#5430);
#1416=PLANE($,#5431);
#1417=PLANE($,#5432);
#1418=PLANE($,#5433);
#1419=PLANE($,#5434);
#1420=PLANE($,#5435);
#1421=PLANE($,#5436);
#1422=PLANE($,#5437);
#1423=PLANE($,#5438);
#1424=PLANE($,#5439);
#1425=PLANE($,#5440);
#1426=PLANE($,#5441);
#1427=PLANE($,#5442);
#1428=PLANE($,#5446);
#1429=PLANE($,#5447);
#1430=PLANE($,#5448);
#1431=PLANE($,#5449);
#1432=PLANE($,#5450);
#1433=PLANE($,#5451);
#1434=PLANE($,#5452);
#1435=PLANE($,#5453);
#1436=PLANE($,#5454);
#1437=PLANE($,#5455);
#1438=PLANE($,#5456);
#1439=PLANE($,#5457);
#1440=PLANE($,#5458);
#1441=PLANE($,#5462);
#1442=PLANE($,#5463);
#1443=PLANE($,#5464);
#1444=PLANE($,#5465);
#1445=PLANE($,#5466);
#1446=PLANE($,#5467);
#1447=PLANE($,#5468);
#1448=PLANE($,#5469);
#1449=PLANE($,#5470);
#1450=PLANE($,#5471);
#1451=PLANE($,#5472);
#1452=PLANE($,#5473);
#1453=PLANE($,#5474);
#1454=PLANE($,#5475);
#1455=PLANE($,#5476);
#1456=PLANE($,#5477);
#1457=PLANE($,#5478);
#1458=PLANE($,#5479);
#1459=PLANE($,#5480);
#1460=PLANE($,#5481);
#1461=PLANE($,#5482);
#1462=PLANE($,#5483);
#1463=PLANE($,#5484);
#1464=PLANE($,#5485);
#1465=PLANE($,#5487);
#1466=PLANE($,#5488);
#1467=PLANE($,#5489);
#1468=PLANE($,#5490);
#1469=PLANE($,#5491);
#1470=PLANE($,#5492);
#1471=PLANE($,#5493);
#1472=PLANE($,#5495);
#1473=PLANE($,#5496);
#1474=PLANE($,#5497);
#1475=PLANE($,#5500);
#1476=PLANE($,#5501);
#1477=PLANE($,#5502);
#1478=PLANE($,#5503);
#1479=PLANE($,#5504);
#1480=PLANE($,#5505);
#1481=PLANE($,#5506);
#1482=PLANE($,#5507);
#1483=PLANE($,#5508);
#1484=PLANE($,#5509);
#1485=PLANE($,#5510);
#1486=PLANE($,#5511);
#1487=PLANE($,#5512);
#1488=PLANE($,#5513);
#1489=PLANE($,#5514);
#1490=PLANE($,#5515);
#1491=PLANE($,#5516);
#1492=PLANE($,#5517);
#1493=PLANE($,#5518);
#1494=PLANE($,#5519);
#1495=PLANE($,#5520);
#1496=PLANE($,#5521);
#1497=PLANE($,#5522);
#1498=PLANE($,#5523);
#1499=PLANE($,#5524);
#1500=PLANE($,#5525);
#1501=PLANE($,#5526);
#1502=PLANE($,#5527);
#1503=PLANE($,#5528);
#1504=PLANE($,#5529);
#1505=PLANE($,#5530);
#1506=PLANE($,#5531);
#1507=PLANE($,#5532);
#1508=PLANE($,#5533);
#1509=PLANE($,#5534);
#1510=PLANE($,#5535);
#1511=PLANE($,#5536);
#1512=PLANE($,#5537);
#1513=PLANE($,#5538);
#1514=PLANE($,#5539);
#1515=PLANE($,#5540);
#1516=PLANE($,#5541);
#1517=PLANE($,#5542);
#1518=PLANE($,#5543);
#1519=PLANE($,#5544);
#1520=PLANE($,#5545);
#1521=PLANE($,#5546);
#1522=PLANE($,#5547);
#1523=PLANE($,#5548);
#1524=PLANE($,#5549);
#1525=PLANE($,#5550);
#1526=PLANE($,#5551);
#1527=PLANE($,#5552);
#1528=PLANE($,#5553);
#1529=PLANE($,#5554);
#1530=PLANE($,#5555);
#1531=PLANE($,#5556);
#1532=PLANE($,#5557);
#1533=PLANE($,#5558);
#1534=PLANE($,#5559);
#1535=PLANE($,#5560);
#1536=PLANE($,#5561);
#1537=PLANE($,#5562);
#1538=PLANE($,#5563);
#1539=PLANE($,#5564);
#1540=PLANE($,#5565);
#1541=PLANE($,#5566);
#1542=PLANE($,#5567);
#1543=PLANE($,#5568);
#1544=PLANE($,#5569);
#1545=PLANE($,#5570);
#1546=PLANE($,#5571);
#1547=PLANE($,#5572);
#1548=PLANE($,#5573);
#1549=PLANE($,#5574);
#1550=PLANE($,#5575);
#1551=PLANE($,#5578);
#1552=PLANE($,#5579);
#1553=PLANE($,#5580);
#1554=PLANE($,#5581);
#1555=PLANE($,#5582);
#1556=PLANE($,#5583);
#1557=PLANE($,#5584);
#1558=PLANE($,#5585);
#1559=PLANE($,#5586);
#1560=PLANE($,#5587);
#1561=PLANE($,#5588);
#1562=PLANE($,#5589);
#1563=PLANE($,#5590);
#1564=PLANE($,#5591);
#1565=PLANE($,#5592);
#1566=PLANE($,#5593);
#1567=PLANE($,#5594);
#1568=PLANE($,#5595);
#1569=PLANE($,#5596);
#1570=PLANE($,#5597);
#1571=PLANE($,#5598);
#1572=PLANE($,#5599);
#1573=PLANE($,#5600);
#1574=PLANE($,#5601);
#1575=PLANE($,#5602);
#1576=PLANE($,#5603);
#1577=PLANE($,#5604);
#1578=PLANE($,#5605);
#1579=PLANE($,#5606);
#1580=PLANE($,#5607);
#1581=PLANE($,#5608);
#1582=PLANE($,#5609);
#1583=PLANE($,#5610);
#1584=PLANE($,#5611);
#1585=PLANE($,#5612);
#1586=PLANE($,#5613);
#1587=PLANE($,#5614);
#1588=PLANE($,#5615);
#1589=PLANE($,#5616);
#1590=PLANE($,#5617);
#1591=PLANE($,#5618);
#1592=PLANE($,#5619);
#1593=PLANE($,#5620);
#1594=PLANE($,#5621);
#1595=PLANE($,#5622);
#1596=PLANE($,#5623);
#1597=PLANE($,#5624);
#1598=PLANE($,#5625);
#1599=PLANE($,#5626);
#1600=PLANE($,#5627);
#1601=PLANE($,#5628);
#1602=PLANE($,#5629);
#1603=PLANE($,#5630);
#1604=PLANE($,#5631);
#1605=PLANE($,#5632);
#1606=PLANE($,#5633);
#1607=PLANE($,#5634);
#1608=PLANE($,#5635);
#1609=PLANE($,#5636);
#1610=PLANE($,#5637);
#1611=PLANE($,#5638);
#1612=PLANE($,#5639);
#1613=PLANE($,#5640);
#1614=PLANE($,#5641);
#1615=PLANE($,#5642);
#1616=PLANE($,#5643);
#1617=PLANE($,#5648);
#1618=PLANE($,#5649);
#1619=PLANE($,#5650);
#1620=PLANE($,#5651);
#1621=PLANE($,#5652);
#1622=PLANE($,#5653);
#1623=PLANE($,#5654);
#1624=PLANE($,#5658);
#1625=PLANE($,#5659);
#1626=PLANE($,#5660);
#1627=PLANE($,#5663);
#1628=PLANE($,#5664);
#1629=PLANE($,#5665);
#1630=PLANE($,#5666);
#1631=PLANE($,#5667);
#1632=PLANE($,#5668);
#1633=PLANE($,#5669);
#1634=PLANE($,#5670);
#1635=PLANE($,#5671);
#1636=PLANE($,#5672);
#1637=PLANE($,#5673);
#1638=PLANE($,#5674);
#1639=PLANE($,#5675);
#1640=PLANE($,#5676);
#1641=PLANE($,#5677);
#1642=PLANE($,#5678);
#1643=PLANE($,#5679);
#1644=PLANE($,#5680);
#1645=PLANE($,#5681);
#1646=PLANE($,#5682);
#1647=PLANE($,#5683);
#1648=PLANE($,#5684);
#1649=PLANE($,#5685);
#1650=PLANE($,#5686);
#1651=PLANE($,#5687);
#1652=PLANE($,#5688);
#1653=PLANE($,#5689);
#1654=PLANE($,#5690);
#1655=PLANE($,#5691);
#1656=PLANE($,#5692);
#1657=PLANE($,#5693);
#1658=PLANE($,#5694);
#1659=PLANE($,#5695);
#1660=PLANE($,#5696);
#1661=PLANE($,#5697);
#1662=PLANE($,#5698);
#1663=PLANE($,#5699);
#1664=PLANE($,#5700);
#1665=PLANE($,#5701);
#1666=PLANE($,#5702);
#1667=PLANE($,#5703);
#1668=PLANE($,#5704);
#1669=PLANE($,#5708);
#1670=PLANE($,#5709);
#1671=FACE_BOUND($,#2036,.T.);
#1672=FACE_BOUND($,#2041,.T.);
#1673=FACE_BOUND($,#2042,.T.);
#1674=FACE_BOUND($,#2058,.T.);
#1675=FACE_BOUND($,#2061,.T.);
#1676=FACE_BOUND($,#2062,.T.);
#1677=FACE_BOUND($,#2065,.T.);
#1678=FACE_BOUND($,#2066,.T.);
#1679=FACE_BOUND($,#2082,.T.);
#1680=FACE_BOUND($,#2085,.T.);
#1681=FACE_BOUND($,#2088,.T.);
#1682=FACE_BOUND($,#2091,.T.);
#1683=FACE_BOUND($,#2094,.T.);
#1684=FACE_BOUND($,#2095,.T.);
#1685=FACE_BOUND($,#2096,.T.);
#1686=FACE_BOUND($,#2097,.T.);
#1687=FACE_BOUND($,#2098,.T.);
#1688=FACE_BOUND($,#2120,.T.);
#1689=FACE_BOUND($,#2121,.T.);
#1690=FACE_BOUND($,#2129,.T.);
#1691=FACE_BOUND($,#2136,.T.);
#1692=FACE_BOUND($,#2137,.T.);
#1693=FACE_BOUND($,#2145,.T.);
#1694=FACE_BOUND($,#2156,.T.);
#1695=FACE_BOUND($,#2157,.T.);
#1696=FACE_BOUND($,#2171,.T.);
#1697=FACE_BOUND($,#2183,.T.);
#1698=FACE_BOUND($,#2199,.T.);
#1699=FACE_BOUND($,#2203,.T.);
#1700=FACE_BOUND($,#2244,.T.);
#1701=FACE_BOUND($,#2245,.T.);
#1702=FACE_BOUND($,#2246,.T.);
#1703=FACE_BOUND($,#2247,.T.);
#1704=FACE_BOUND($,#2248,.T.);
#1705=FACE_BOUND($,#2287,.T.);
#1706=FACE_BOUND($,#2288,.T.);
#1707=FACE_BOUND($,#2289,.T.);
#1708=FACE_BOUND($,#2290,.T.);
#1709=FACE_BOUND($,#2291,.T.);
#1710=FACE_BOUND($,#2338,.T.);
#1711=FACE_BOUND($,#2347,.T.);
#1712=FACE_BOUND($,#2349,.T.);
#1713=FACE_BOUND($,#2350,.T.);
#1714=FACE_BOUND($,#2396,.T.);
#1715=FACE_OUTER_BOUND($,#2035,.T.);
#1716=FACE_OUTER_BOUND($,#2037,.T.);
#1717=FACE_OUTER_BOUND($,#2038,.T.);
#1718=FACE_OUTER_BOUND($,#2039,.T.);
#1719=FACE_OUTER_BOUND($,#2040,.T.);
#1720=FACE_OUTER_BOUND($,#2043,.T.);
#1721=FACE_OUTER_BOUND($,#2044,.T.);
#1722=FACE_OUTER_BOUND($,#2045,.T.);
#1723=FACE_OUTER_BOUND($,#2046,.T.);
#1724=FACE_OUTER_BOUND($,#2047,.T.);
#1725=FACE_OUTER_BOUND($,#2048,.T.);
#1726=FACE_OUTER_BOUND($,#2049,.T.);
#1727=FACE_OUTER_BOUND($,#2050,.T.);
#1728=FACE_OUTER_BOUND($,#2051,.T.);
#1729=FACE_OUTER_BOUND($,#2052,.T.);
#1730=FACE_OUTER_BOUND($,#2053,.T.);
#1731=FACE_OUTER_BOUND($,#2054,.T.);
#1732=FACE_OUTER_BOUND($,#2055,.T.);
#1733=FACE_OUTER_BOUND($,#2056,.T.);
#1734=FACE_OUTER_BOUND($,#2057,.T.);
#1735=FACE_OUTER_BOUND($,#2059,.T.);
#1736=FACE_OUTER_BOUND($,#2060,.T.);
#1737=FACE_OUTER_BOUND($,#2063,.T.);
#1738=FACE_OUTER_BOUND($,#2064,.T.);
#1739=FACE_OUTER_BOUND($,#2067,.T.);
#1740=FACE_OUTER_BOUND($,#2068,.T.);
#1741=FACE_OUTER_BOUND($,#2069,.T.);
#1742=FACE_OUTER_BOUND($,#2070,.T.);
#1743=FACE_OUTER_BOUND($,#2071,.T.);
#1744=FACE_OUTER_BOUND($,#2072,.T.);
#1745=FACE_OUTER_BOUND($,#2073,.T.);
#1746=FACE_OUTER_BOUND($,#2074,.T.);
#1747=FACE_OUTER_BOUND($,#2075,.T.);
#1748=FACE_OUTER_BOUND($,#2076,.T.);
#1749=FACE_OUTER_BOUND($,#2077,.T.);
#1750=FACE_OUTER_BOUND($,#2078,.T.);
#1751=FACE_OUTER_BOUND($,#2079,.T.);
#1752=FACE_OUTER_BOUND($,#2080,.T.);
#1753=FACE_OUTER_BOUND($,#2081,.T.);
#1754=FACE_OUTER_BOUND($,#2083,.T.);
#1755=FACE_OUTER_BOUND($,#2084,.T.);
#1756=FACE_OUTER_BOUND($,#2086,.T.);
#1757=FACE_OUTER_BOUND($,#2087,.T.);
#1758=FACE_OUTER_BOUND($,#2089,.T.);
#1759=FACE_OUTER_BOUND($,#2090,.T.);
#1760=FACE_OUTER_BOUND($,#2092,.T.);
#1761=FACE_OUTER_BOUND($,#2093,.T.);
#1762=FACE_OUTER_BOUND($,#2099,.T.);
#1763=FACE_OUTER_BOUND($,#2100,.T.);
#1764=FACE_OUTER_BOUND($,#2101,.T.);
#1765=FACE_OUTER_BOUND($,#2102,.T.);
#1766=FACE_OUTER_BOUND($,#2103,.T.);
#1767=FACE_OUTER_BOUND($,#2104,.T.);
#1768=FACE_OUTER_BOUND($,#2105,.T.);
#1769=FACE_OUTER_BOUND($,#2106,.T.);
#1770=FACE_OUTER_BOUND($,#2107,.T.);
#1771=FACE_OUTER_BOUND($,#2108,.T.);
#1772=FACE_OUTER_BOUND($,#2109,.T.);
#1773=FACE_OUTER_BOUND($,#2110,.T.);
#1774=FACE_OUTER_BOUND($,#2111,.T.);
#1775=FACE_OUTER_BOUND($,#2112,.T.);
#1776=FACE_OUTER_BOUND($,#2113,.T.);
#1777=FACE_OUTER_BOUND($,#2114,.T.);
#1778=FACE_OUTER_BOUND($,#2115,.T.);
#1779=FACE_OUTER_BOUND($,#2116,.T.);
#1780=FACE_OUTER_BOUND($,#2117,.T.);
#1781=FACE_OUTER_BOUND($,#2118,.T.);
#1782=FACE_OUTER_BOUND($,#2119,.T.);
#1783=FACE_OUTER_BOUND($,#2122,.T.);
#1784=FACE_OUTER_BOUND($,#2123,.T.);
#1785=FACE_OUTER_BOUND($,#2124,.T.);
#1786=FACE_OUTER_BOUND($,#2125,.T.);
#1787=FACE_OUTER_BOUND($,#2126,.T.);
#1788=FACE_OUTER_BOUND($,#2127,.T.);
#1789=FACE_OUTER_BOUND($,#2128,.T.);
#1790=FACE_OUTER_BOUND($,#2130,.T.);
#1791=FACE_OUTER_BOUND($,#2131,.T.);
#1792=FACE_OUTER_BOUND($,#2132,.T.);
#1793=FACE_OUTER_BOUND($,#2133,.T.);
#1794=FACE_OUTER_BOUND($,#2134,.T.);
#1795=FACE_OUTER_BOUND($,#2135,.T.);
#1796=FACE_OUTER_BOUND($,#2138,.T.);
#1797=FACE_OUTER_BOUND($,#2139,.T.);
#1798=FACE_OUTER_BOUND($,#2140,.T.);
#1799=FACE_OUTER_BOUND($,#2141,.T.);
#1800=FACE_OUTER_BOUND($,#2142,.T.);
#1801=FACE_OUTER_BOUND($,#2143,.T.);
#1802=FACE_OUTER_BOUND($,#2144,.T.);
#1803=FACE_OUTER_BOUND($,#2146,.T.);
#1804=FACE_OUTER_BOUND($,#2147,.T.);
#1805=FACE_OUTER_BOUND($,#2148,.T.);
#1806=FACE_OUTER_BOUND($,#2149,.T.);
#1807=FACE_OUTER_BOUND($,#2150,.T.);
#1808=FACE_OUTER_BOUND($,#2151,.T.);
#1809=FACE_OUTER_BOUND($,#2152,.T.);
#1810=FACE_OUTER_BOUND($,#2153,.T.);
#1811=FACE_OUTER_BOUND($,#2154,.T.);
#1812=FACE_OUTER_BOUND($,#2155,.T.);
#1813=FACE_OUTER_BOUND($,#2158,.T.);
#1814=FACE_OUTER_BOUND($,#2159,.T.);
#1815=FACE_OUTER_BOUND($,#2160,.T.);
#1816=FACE_OUTER_BOUND($,#2161,.T.);
#1817=FACE_OUTER_BOUND($,#2162,.T.);
#1818=FACE_OUTER_BOUND($,#2163,.T.);
#1819=FACE_OUTER_BOUND($,#2164,.T.);
#1820=FACE_OUTER_BOUND($,#2165,.T.);
#1821=FACE_OUTER_BOUND($,#2166,.T.);
#1822=FACE_OUTER_BOUND($,#2167,.T.);
#1823=FACE_OUTER_BOUND($,#2168,.T.);
#1824=FACE_OUTER_BOUND($,#2169,.T.);
#1825=FACE_OUTER_BOUND($,#2170,.T.);
#1826=FACE_OUTER_BOUND($,#2172,.T.);
#1827=FACE_OUTER_BOUND($,#2173,.T.);
#1828=FACE_OUTER_BOUND($,#2174,.T.);
#1829=FACE_OUTER_BOUND($,#2175,.T.);
#1830=FACE_OUTER_BOUND($,#2176,.T.);
#1831=FACE_OUTER_BOUND($,#2177,.T.);
#1832=FACE_OUTER_BOUND($,#2178,.T.);
#1833=FACE_OUTER_BOUND($,#2179,.T.);
#1834=FACE_OUTER_BOUND($,#2180,.T.);
#1835=FACE_OUTER_BOUND($,#2181,.T.);
#1836=FACE_OUTER_BOUND($,#2182,.T.);
#1837=FACE_OUTER_BOUND($,#2184,.T.);
#1838=FACE_OUTER_BOUND($,#2185,.T.);
#1839=FACE_OUTER_BOUND($,#2186,.T.);
#1840=FACE_OUTER_BOUND($,#2187,.T.);
#1841=FACE_OUTER_BOUND($,#2188,.T.);
#1842=FACE_OUTER_BOUND($,#2189,.T.);
#1843=FACE_OUTER_BOUND($,#2190,.T.);
#1844=FACE_OUTER_BOUND($,#2191,.T.);
#1845=FACE_OUTER_BOUND($,#2192,.T.);
#1846=FACE_OUTER_BOUND($,#2193,.T.);
#1847=FACE_OUTER_BOUND($,#2194,.T.);
#1848=FACE_OUTER_BOUND($,#2195,.T.);
#1849=FACE_OUTER_BOUND($,#2196,.T.);
#1850=FACE_OUTER_BOUND($,#2197,.T.);
#1851=FACE_OUTER_BOUND($,#2198,.T.);
#1852=FACE_OUTER_BOUND($,#2200,.T.);
#1853=FACE_OUTER_BOUND($,#2201,.T.);
#1854=FACE_OUTER_BOUND($,#2202,.T.);
#1855=FACE_OUTER_BOUND($,#2204,.T.);
#1856=FACE_OUTER_BOUND($,#2205,.T.);
#1857=FACE_OUTER_BOUND($,#2206,.T.);
#1858=FACE_OUTER_BOUND($,#2207,.T.);
#1859=FACE_OUTER_BOUND($,#2208,.T.);
#1860=FACE_OUTER_BOUND($,#2209,.T.);
#1861=FACE_OUTER_BOUND($,#2210,.T.);
#1862=FACE_OUTER_BOUND($,#2211,.T.);
#1863=FACE_OUTER_BOUND($,#2212,.T.);
#1864=FACE_OUTER_BOUND($,#2213,.T.);
#1865=FACE_OUTER_BOUND($,#2214,.T.);
#1866=FACE_OUTER_BOUND($,#2215,.T.);
#1867=FACE_OUTER_BOUND($,#2216,.T.);
#1868=FACE_OUTER_BOUND($,#2217,.T.);
#1869=FACE_OUTER_BOUND($,#2218,.T.);
#1870=FACE_OUTER_BOUND($,#2219,.T.);
#1871=FACE_OUTER_BOUND($,#2220,.T.);
#1872=FACE_OUTER_BOUND($,#2221,.T.);
#1873=FACE_OUTER_BOUND($,#2222,.T.);
#1874=FACE_OUTER_BOUND($,#2223,.T.);
#1875=FACE_OUTER_BOUND($,#2224,.T.);
#1876=FACE_OUTER_BOUND($,#2225,.T.);
#1877=FACE_OUTER_BOUND($,#2226,.T.);
#1878=FACE_OUTER_BOUND($,#2227,.T.);
#1879=FACE_OUTER_BOUND($,#2228,.T.);
#1880=FACE_OUTER_BOUND($,#2229,.T.);
#1881=FACE_OUTER_BOUND($,#2230,.T.);
#1882=FACE_OUTER_BOUND($,#2231,.T.);
#1883=FACE_OUTER_BOUND($,#2232,.T.);
#1884=FACE_OUTER_BOUND($,#2233,.T.);
#1885=FACE_OUTER_BOUND($,#2234,.T.);
#1886=FACE_OUTER_BOUND($,#2235,.T.);
#1887=FACE_OUTER_BOUND($,#2236,.T.);
#1888=FACE_OUTER_BOUND($,#2237,.T.);
#1889=FACE_OUTER_BOUND($,#2238,.T.);
#1890=FACE_OUTER_BOUND($,#2239,.T.);
#1891=FACE_OUTER_BOUND($,#2240,.T.);
#1892=FACE_OUTER_BOUND($,#2241,.T.);
#1893=FACE_OUTER_BOUND($,#2242,.T.);
#1894=FACE_OUTER_BOUND($,#2243,.T.);
#1895=FACE_OUTER_BOUND($,#2249,.T.);
#1896=FACE_OUTER_BOUND($,#2250,.T.);
#1897=FACE_OUTER_BOUND($,#2251,.T.);
#1898=FACE_OUTER_BOUND($,#2252,.T.);
#1899=FACE_OUTER_BOUND($,#2253,.T.);
#1900=FACE_OUTER_BOUND($,#2254,.T.);
#1901=FACE_OUTER_BOUND($,#2255,.T.);
#1902=FACE_OUTER_BOUND($,#2256,.T.);
#1903=FACE_OUTER_BOUND($,#2257,.T.);
#1904=FACE_OUTER_BOUND($,#2258,.T.);
#1905=FACE_OUTER_BOUND($,#2259,.T.);
#1906=FACE_OUTER_BOUND($,#2260,.T.);
#1907=FACE_OUTER_BOUND($,#2261,.T.);
#1908=FACE_OUTER_BOUND($,#2262,.T.);
#1909=FACE_OUTER_BOUND($,#2263,.T.);
#1910=FACE_OUTER_BOUND($,#2264,.T.);
#1911=FACE_OUTER_BOUND($,#2265,.T.);
#1912=FACE_OUTER_BOUND($,#2266,.T.);
#1913=FACE_OUTER_BOUND($,#2267,.T.);
#1914=FACE_OUTER_BOUND($,#2268,.T.);
#1915=FACE_OUTER_BOUND($,#2269,.T.);
#1916=FACE_OUTER_BOUND($,#2270,.T.);
#1917=FACE_OUTER_BOUND($,#2271,.T.);
#1918=FACE_OUTER_BOUND($,#2272,.T.);
#1919=FACE_OUTER_BOUND($,#2273,.T.);
#1920=FACE_OUTER_BOUND($,#2274,.T.);
#1921=FACE_OUTER_BOUND($,#2275,.T.);
#1922=FACE_OUTER_BOUND($,#2276,.T.);
#1923=FACE_OUTER_BOUND($,#2277,.T.);
#1924=FACE_OUTER_BOUND($,#2278,.T.);
#1925=FACE_OUTER_BOUND($,#2279,.T.);
#1926=FACE_OUTER_BOUND($,#2280,.T.);
#1927=FACE_OUTER_BOUND($,#2281,.T.);
#1928=FACE_OUTER_BOUND($,#2282,.T.);
#1929=FACE_OUTER_BOUND($,#2283,.T.);
#1930=FACE_OUTER_BOUND($,#2284,.T.);
#1931=FACE_OUTER_BOUND($,#2285,.T.);
#1932=FACE_OUTER_BOUND($,#2286,.T.);
#1933=FACE_OUTER_BOUND($,#2292,.T.);
#1934=FACE_OUTER_BOUND($,#2293,.T.);
#1935=FACE_OUTER_BOUND($,#2294,.T.);
#1936=FACE_OUTER_BOUND($,#2295,.T.);
#1937=FACE_OUTER_BOUND($,#2296,.T.);
#1938=FACE_OUTER_BOUND($,#2297,.T.);
#1939=FACE_OUTER_BOUND($,#2298,.T.);
#1940=FACE_OUTER_BOUND($,#2299,.T.);
#1941=FACE_OUTER_BOUND($,#2300,.T.);
#1942=FACE_OUTER_BOUND($,#2301,.T.);
#1943=FACE_OUTER_BOUND($,#2302,.T.);
#1944=FACE_OUTER_BOUND($,#2303,.T.);
#1945=FACE_OUTER_BOUND($,#2304,.T.);
#1946=FACE_OUTER_BOUND($,#2305,.T.);
#1947=FACE_OUTER_BOUND($,#2306,.T.);
#1948=FACE_OUTER_BOUND($,#2307,.T.);
#1949=FACE_OUTER_BOUND($,#2308,.T.);
#1950=FACE_OUTER_BOUND($,#2309,.T.);
#1951=FACE_OUTER_BOUND($,#2310,.T.);
#1952=FACE_OUTER_BOUND($,#2311,.T.);
#1953=FACE_OUTER_BOUND($,#2312,.T.);
#1954=FACE_OUTER_BOUND($,#2313,.T.);
#1955=FACE_OUTER_BOUND($,#2314,.T.);
#1956=FACE_OUTER_BOUND($,#2315,.T.);
#1957=FACE_OUTER_BOUND($,#2316,.T.);
#1958=FACE_OUTER_BOUND($,#2317,.T.);
#1959=FACE_OUTER_BOUND($,#2318,.T.);
#1960=FACE_OUTER_BOUND($,#2319,.T.);
#1961=FACE_OUTER_BOUND($,#2320,.T.);
#1962=FACE_OUTER_BOUND($,#2321,.T.);
#1963=FACE_OUTER_BOUND($,#2322,.T.);
#1964=FACE_OUTER_BOUND($,#2323,.T.);
#1965=FACE_OUTER_BOUND($,#2324,.T.);
#1966=FACE_OUTER_BOUND($,#2325,.T.);
#1967=FACE_OUTER_BOUND($,#2326,.T.);
#1968=FACE_OUTER_BOUND($,#2327,.T.);
#1969=FACE_OUTER_BOUND($,#2328,.T.);
#1970=FACE_OUTER_BOUND($,#2329,.T.);
#1971=FACE_OUTER_BOUND($,#2330,.T.);
#1972=FACE_OUTER_BOUND($,#2331,.T.);
#1973=FACE_OUTER_BOUND($,#2332,.T.);
#1974=FACE_OUTER_BOUND($,#2333,.T.);
#1975=FACE_OUTER_BOUND($,#2334,.T.);
#1976=FACE_OUTER_BOUND($,#2335,.T.);
#1977=FACE_OUTER_BOUND($,#2336,.T.);
#1978=FACE_OUTER_BOUND($,#2337,.T.);
#1979=FACE_OUTER_BOUND($,#2339,.T.);
#1980=FACE_OUTER_BOUND($,#2340,.T.);
#1981=FACE_OUTER_BOUND($,#2341,.T.);
#1982=FACE_OUTER_BOUND($,#2342,.T.);
#1983=FACE_OUTER_BOUND($,#2343,.T.);
#1984=FACE_OUTER_BOUND($,#2344,.T.);
#1985=FACE_OUTER_BOUND($,#2345,.T.);
#1986=FACE_OUTER_BOUND($,#2346,.T.);
#1987=FACE_OUTER_BOUND($,#2348,.T.);
#1988=FACE_OUTER_BOUND($,#2351,.T.);
#1989=FACE_OUTER_BOUND($,#2352,.T.);
#1990=FACE_OUTER_BOUND($,#2353,.T.);
#1991=FACE_OUTER_BOUND($,#2354,.T.);
#1992=FACE_OUTER_BOUND($,#2355,.T.);
#1993=FACE_OUTER_BOUND($,#2356,.T.);
#1994=FACE_OUTER_BOUND($,#2357,.T.);
#1995=FACE_OUTER_BOUND($,#2358,.T.);
#1996=FACE_OUTER_BOUND($,#2359,.T.);
#1997=FACE_OUTER_BOUND($,#2360,.T.);
#1998=FACE_OUTER_BOUND($,#2361,.T.);
#1999=FACE_OUTER_BOUND($,#2362,.T.);
#2000=FACE_OUTER_BOUND($,#2363,.T.);
#2001=FACE_OUTER_BOUND($,#2364,.T.);
#2002=FACE_OUTER_BOUND($,#2365,.T.);
#2003=FACE_OUTER_BOUND($,#2366,.T.);
#2004=FACE_OUTER_BOUND($,#2367,.T.);
#2005=FACE_OUTER_BOUND($,#2368,.T.);
#2006=FACE_OUTER_BOUND($,#2369,.T.);
#2007=FACE_OUTER_BOUND($,#2370,.T.);
#2008=FACE_OUTER_BOUND($,#2371,.T.);
#2009=FACE_OUTER_BOUND($,#2372,.T.);
#2010=FACE_OUTER_BOUND($,#2373,.T.);
#2011=FACE_OUTER_BOUND($,#2374,.T.);
#2012=FACE_OUTER_BOUND($,#2375,.T.);
#2013=FACE_OUTER_BOUND($,#2376,.T.);
#2014=FACE_OUTER_BOUND($,#2377,.T.);
#2015=FACE_OUTER_BOUND($,#2378,.T.);
#2016=FACE_OUTER_BOUND($,#2379,.T.);
#2017=FACE_OUTER_BOUND($,#2380,.T.);
#2018=FACE_OUTER_BOUND($,#2381,.T.);
#2019=FACE_OUTER_BOUND($,#2382,.T.);
#2020=FACE_OUTER_BOUND($,#2383,.T.);
#2021=FACE_OUTER_BOUND($,#2384,.T.);
#2022=FACE_OUTER_BOUND($,#2385,.T.);
#2023=FACE_OUTER_BOUND($,#2386,.T.);
#2024=FACE_OUTER_BOUND($,#2387,.T.);
#2025=FACE_OUTER_BOUND($,#2388,.T.);
#2026=FACE_OUTER_BOUND($,#2389,.T.);
#2027=FACE_OUTER_BOUND($,#2390,.T.);
#2028=FACE_OUTER_BOUND($,#2391,.T.);
#2029=FACE_OUTER_BOUND($,#2392,.T.);
#2030=FACE_OUTER_BOUND($,#2393,.T.);
#2031=FACE_OUTER_BOUND($,#2394,.T.);
#2032=FACE_OUTER_BOUND($,#2395,.T.);
#2033=FACE_OUTER_BOUND($,#2397,.T.);
#2034=FACE_OUTER_BOUND($,#2398,.T.);
#2035=EDGE_LOOP($,(#3568));
#2036=EDGE_LOOP($,(#3569));
#2037=EDGE_LOOP($,(#3570));
#2038=EDGE_LOOP($,(#3571,#3572,#3573,#3574));
#2039=EDGE_LOOP($,(#3575,#3576,#3577,#3578));
#2040=EDGE_LOOP($,(#3579,#3580,#3581,#3582));
#2041=EDGE_LOOP($,(#3583));
#2042=EDGE_LOOP($,(#3584,#3585,#3586,#3587));
#2043=EDGE_LOOP($,(#3588,#3589,#3590,#3591));
#2044=EDGE_LOOP($,(#3592,#3593,#3594,#3595));
#2045=EDGE_LOOP($,(#3596,#3597,#3598,#3599));
#2046=EDGE_LOOP($,(#3600,#3601,#3602,#3603));
#2047=EDGE_LOOP($,(#3604,#3605,#3606,#3607));
#2048=EDGE_LOOP($,(#3608,#3609,#3610,#3611));
#2049=EDGE_LOOP($,(#3612,#3613,#3614,#3615));
#2050=EDGE_LOOP($,(#3616,#3617,#3618,#3619));
#2051=EDGE_LOOP($,(#3620,#3621,#3622,#3623));
#2052=EDGE_LOOP($,(#3624,#3625,#3626,#3627));
#2053=EDGE_LOOP($,(#3628,#3629,#3630,#3631));
#2054=EDGE_LOOP($,(#3632,#3633,#3634,#3635));
#2055=EDGE_LOOP($,(#3636,#3637,#3638,#3639));
#2056=EDGE_LOOP($,(#3640,#3641,#3642,#3643));
#2057=EDGE_LOOP($,(#3644));
#2058=EDGE_LOOP($,(#3645));
#2059=EDGE_LOOP($,(#3646,#3647,#3648,#3649));
#2060=EDGE_LOOP($,(#3650,#3651,#3652,#3653));
#2061=EDGE_LOOP($,(#3654));
#2062=EDGE_LOOP($,(#3655,#3656,#3657,#3658));
#2063=EDGE_LOOP($,(#3659,#3660,#3661,#3662));
#2064=EDGE_LOOP($,(#3663,#3664,#3665,#3666));
#2065=EDGE_LOOP($,(#3667));
#2066=EDGE_LOOP($,(#3668,#3669,#3670,#3671));
#2067=EDGE_LOOP($,(#3672,#3673,#3674,#3675));
#2068=EDGE_LOOP($,(#3676,#3677,#3678,#3679));
#2069=EDGE_LOOP($,(#3680,#3681,#3682,#3683));
#2070=EDGE_LOOP($,(#3684,#3685,#3686,#3687));
#2071=EDGE_LOOP($,(#3688,#3689,#3690,#3691));
#2072=EDGE_LOOP($,(#3692,#3693,#3694,#3695));
#2073=EDGE_LOOP($,(#3696));
#2074=EDGE_LOOP($,(#3697));
#2075=EDGE_LOOP($,(#3698,#3699,#3700,#3701));
#2076=EDGE_LOOP($,(#3702,#3703,#3704,#3705));
#2077=EDGE_LOOP($,(#3706,#3707,#3708,#3709));
#2078=EDGE_LOOP($,(#3710,#3711,#3712,#3713));
#2079=EDGE_LOOP($,(#3714,#3715,#3716,#3717));
#2080=EDGE_LOOP($,(#3718,#3719,#3720,#3721));
#2081=EDGE_LOOP($,(#3722));
#2082=EDGE_LOOP($,(#3723));
#2083=EDGE_LOOP($,(#3724));
#2084=EDGE_LOOP($,(#3725));
#2085=EDGE_LOOP($,(#3726));
#2086=EDGE_LOOP($,(#3727));
#2087=EDGE_LOOP($,(#3728));
#2088=EDGE_LOOP($,(#3729));
#2089=EDGE_LOOP($,(#3730));
#2090=EDGE_LOOP($,(#3731));
#2091=EDGE_LOOP($,(#3732));
#2092=EDGE_LOOP($,(#3733));
#2093=EDGE_LOOP($,(#3734,#3735,#3736,#3737));
#2094=EDGE_LOOP($,(#3738));
#2095=EDGE_LOOP($,(#3739));
#2096=EDGE_LOOP($,(#3740));
#2097=EDGE_LOOP($,(#3741));
#2098=EDGE_LOOP($,(#3742,#3743,#3744,#3745));
#2099=EDGE_LOOP($,(#3746,#3747,#3748,#3749));
#2100=EDGE_LOOP($,(#3750,#3751,#3752,#3753));
#2101=EDGE_LOOP($,(#3754,#3755,#3756,#3757));
#2102=EDGE_LOOP($,(#3758,#3759,#3760,#3761));
#2103=EDGE_LOOP($,(#3762,#3763,#3764,#3765));
#2104=EDGE_LOOP($,(#3766,#3767,#3768,#3769));
#2105=EDGE_LOOP($,(#3770,#3771,#3772,#3773));
#2106=EDGE_LOOP($,(#3774,#3775,#3776,#3777));
#2107=EDGE_LOOP($,(#3778,#3779,#3780,#3781));
#2108=EDGE_LOOP($,(#3782,#3783,#3784,#3785));
#2109=EDGE_LOOP($,(#3786,#3787,#3788,#3789));
#2110=EDGE_LOOP($,(#3790,#3791,#3792,#3793));
#2111=EDGE_LOOP($,(#3794,#3795,#3796,#3797));
#2112=EDGE_LOOP($,(#3798,#3799,#3800,#3801));
#2113=EDGE_LOOP($,(#3802,#3803,#3804,#3805));
#2114=EDGE_LOOP($,(#3806,#3807,#3808,#3809));
#2115=EDGE_LOOP($,(#3810,#3811,#3812,#3813));
#2116=EDGE_LOOP($,(#3814,#3815,#3816,#3817));
#2117=EDGE_LOOP($,(#3818,#3819,#3820,#3821));
#2118=EDGE_LOOP($,(#3822,#3823,#3824,#3825));
#2119=EDGE_LOOP($,(#3826,#3827,#3828,#3829));
#2120=EDGE_LOOP($,(#3830,#3831,#3832,#3833));
#2121=EDGE_LOOP($,(#3834,#3835,#3836,#3837));
#2122=EDGE_LOOP($,(#3838,#3839,#3840,#3841));
#2123=EDGE_LOOP($,(#3842,#3843,#3844,#3845));
#2124=EDGE_LOOP($,(#3846,#3847,#3848,#3849));
#2125=EDGE_LOOP($,(#3850,#3851,#3852,#3853));
#2126=EDGE_LOOP($,(#3854,#3855,#3856,#3857));
#2127=EDGE_LOOP($,(#3858));
#2128=EDGE_LOOP($,(#3859));
#2129=EDGE_LOOP($,(#3860));
#2130=EDGE_LOOP($,(#3861));
#2131=EDGE_LOOP($,(#3862,#3863,#3864,#3865));
#2132=EDGE_LOOP($,(#3866,#3867,#3868,#3869));
#2133=EDGE_LOOP($,(#3870,#3871,#3872,#3873));
#2134=EDGE_LOOP($,(#3874,#3875,#3876,#3877));
#2135=EDGE_LOOP($,(#3878,#3879,#3880,#3881));
#2136=EDGE_LOOP($,(#3882,#3883,#3884,#3885));
#2137=EDGE_LOOP($,(#3886,#3887,#3888,#3889));
#2138=EDGE_LOOP($,(#3890,#3891,#3892,#3893));
#2139=EDGE_LOOP($,(#3894,#3895,#3896,#3897));
#2140=EDGE_LOOP($,(#3898,#3899,#3900,#3901));
#2141=EDGE_LOOP($,(#3902,#3903,#3904,#3905));
#2142=EDGE_LOOP($,(#3906,#3907,#3908,#3909));
#2143=EDGE_LOOP($,(#3910));
#2144=EDGE_LOOP($,(#3911));
#2145=EDGE_LOOP($,(#3912));
#2146=EDGE_LOOP($,(#3913));
#2147=EDGE_LOOP($,(#3914,#3915,#3916,#3917));
#2148=EDGE_LOOP($,(#3918,#3919,#3920,#3921));
#2149=EDGE_LOOP($,(#3922,#3923,#3924,#3925));
#2150=EDGE_LOOP($,(#3926,#3927,#3928,#3929));
#2151=EDGE_LOOP($,(#3930,#3931,#3932,#3933));
#2152=EDGE_LOOP($,(#3934,#3935,#3936,#3937));
#2153=EDGE_LOOP($,(#3938,#3939,#3940,#3941));
#2154=EDGE_LOOP($,(#3942,#3943,#3944,#3945));
#2155=EDGE_LOOP($,(#3946,#3947,#3948,#3949));
#2156=EDGE_LOOP($,(#3950,#3951,#3952,#3953));
#2157=EDGE_LOOP($,(#3954,#3955,#3956,#3957));
#2158=EDGE_LOOP($,(#3958,#3959,#3960,#3961,#3962,#3963,#3964,#3965));
#2159=EDGE_LOOP($,(#3966,#3967,#3968,#3969));
#2160=EDGE_LOOP($,(#3970,#3971,#3972,#3973));
#2161=EDGE_LOOP($,(#3974,#3975,#3976,#3977));
#2162=EDGE_LOOP($,(#3978,#3979,#3980,#3981,#3982,#3983,#3984,#3985));
#2163=EDGE_LOOP($,(#3986,#3987,#3988,#3989));
#2164=EDGE_LOOP($,(#3990,#3991,#3992,#3993));
#2165=EDGE_LOOP($,(#3994,#3995,#3996,#3997));
#2166=EDGE_LOOP($,(#3998,#3999,#4000,#4001));
#2167=EDGE_LOOP($,(#4002,#4003,#4004,#4005));
#2168=EDGE_LOOP($,(#4006,#4007,#4008,#4009));
#2169=EDGE_LOOP($,(#4010,#4011,#4012,#4013));
#2170=EDGE_LOOP($,(#4014,#4015,#4016,#4017));
#2171=EDGE_LOOP($,(#4018,#4019,#4020,#4021,#4022,#4023,#4024,#4025,#4026,
#4027,#4028,#4029));
#2172=EDGE_LOOP($,(#4030,#4031,#4032,#4033));
#2173=EDGE_LOOP($,(#4034,#4035,#4036,#4037));
#2174=EDGE_LOOP($,(#4038,#4039,#4040,#4041));
#2175=EDGE_LOOP($,(#4042,#4043,#4044,#4045,#4046,#4047,#4048,#4049,#4050,
#4051,#4052,#4053));
#2176=EDGE_LOOP($,(#4054,#4055,#4056,#4057));
#2177=EDGE_LOOP($,(#4058,#4059,#4060,#4061));
#2178=EDGE_LOOP($,(#4062,#4063,#4064,#4065));
#2179=EDGE_LOOP($,(#4066,#4067,#4068,#4069));
#2180=EDGE_LOOP($,(#4070,#4071,#4072,#4073));
#2181=EDGE_LOOP($,(#4074,#4075,#4076,#4077));
#2182=EDGE_LOOP($,(#4078,#4079,#4080,#4081));
#2183=EDGE_LOOP($,(#4082));
#2184=EDGE_LOOP($,(#4083));
#2185=EDGE_LOOP($,(#4084,#4085,#4086,#4087));
#2186=EDGE_LOOP($,(#4088,#4089,#4090,#4091));
#2187=EDGE_LOOP($,(#4092,#4093,#4094,#4095));
#2188=EDGE_LOOP($,(#4096,#4097,#4098,#4099));
#2189=EDGE_LOOP($,(#4100,#4101,#4102,#4103));
#2190=EDGE_LOOP($,(#4104,#4105,#4106,#4107));
#2191=EDGE_LOOP($,(#4108,#4109,#4110,#4111));
#2192=EDGE_LOOP($,(#4112,#4113,#4114,#4115));
#2193=EDGE_LOOP($,(#4116,#4117,#4118,#4119));
#2194=EDGE_LOOP($,(#4120,#4121,#4122,#4123));
#2195=EDGE_LOOP($,(#4124,#4125,#4126,#4127));
#2196=EDGE_LOOP($,(#4128,#4129,#4130,#4131));
#2197=EDGE_LOOP($,(#4132,#4133,#4134,#4135));
#2198=EDGE_LOOP($,(#4136,#4137,#4138,#4139,#4140,#4141,#4142,#4143,#4144,
#4145,#4146,#4147));
#2199=EDGE_LOOP($,(#4148,#4149,#4150,#4151));
#2200=EDGE_LOOP($,(#4152,#4153,#4154,#4155));
#2201=EDGE_LOOP($,(#4156,#4157,#4158,#4159));
#2202=EDGE_LOOP($,(#4160,#4161,#4162,#4163,#4164,#4165,#4166,#4167,#4168,
#4169,#4170,#4171));
#2203=EDGE_LOOP($,(#4172,#4173,#4174,#4175));
#2204=EDGE_LOOP($,(#4176,#4177,#4178,#4179));
#2205=EDGE_LOOP($,(#4180,#4181,#4182,#4183));
#2206=EDGE_LOOP($,(#4184,#4185,#4186,#4187));
#2207=EDGE_LOOP($,(#4188,#4189,#4190,#4191));
#2208=EDGE_LOOP($,(#4192,#4193,#4194,#4195));
#2209=EDGE_LOOP($,(#4196,#4197,#4198,#4199));
#2210=EDGE_LOOP($,(#4200,#4201,#4202,#4203));
#2211=EDGE_LOOP($,(#4204,#4205,#4206,#4207));
#2212=EDGE_LOOP($,(#4208,#4209,#4210,#4211));
#2213=EDGE_LOOP($,(#4212,#4213,#4214,#4215));
#2214=EDGE_LOOP($,(#4216,#4217,#4218,#4219));
#2215=EDGE_LOOP($,(#4220,#4221,#4222,#4223));
#2216=EDGE_LOOP($,(#4224,#4225,#4226,#4227));
#2217=EDGE_LOOP($,(#4228,#4229,#4230,#4231));
#2218=EDGE_LOOP($,(#4232,#4233,#4234,#4235));
#2219=EDGE_LOOP($,(#4236,#4237,#4238,#4239));
#2220=EDGE_LOOP($,(#4240,#4241,#4242,#4243));
#2221=EDGE_LOOP($,(#4244,#4245,#4246,#4247));
#2222=EDGE_LOOP($,(#4248,#4249,#4250,#4251));
#2223=EDGE_LOOP($,(#4252,#4253,#4254,#4255));
#2224=EDGE_LOOP($,(#4256,#4257,#4258,#4259));
#2225=EDGE_LOOP($,(#4260,#4261,#4262,#4263));
#2226=EDGE_LOOP($,(#4264,#4265,#4266,#4267));
#2227=EDGE_LOOP($,(#4268,#4269,#4270,#4271));
#2228=EDGE_LOOP($,(#4272,#4273,#4274,#4275));
#2229=EDGE_LOOP($,(#4276,#4277,#4278,#4279));
#2230=EDGE_LOOP($,(#4280,#4281,#4282,#4283));
#2231=EDGE_LOOP($,(#4284,#4285,#4286,#4287));
#2232=EDGE_LOOP($,(#4288,#4289,#4290,#4291));
#2233=EDGE_LOOP($,(#4292,#4293,#4294,#4295));
#2234=EDGE_LOOP($,(#4296,#4297,#4298,#4299));
#2235=EDGE_LOOP($,(#4300,#4301,#4302,#4303));
#2236=EDGE_LOOP($,(#4304,#4305,#4306,#4307));
#2237=EDGE_LOOP($,(#4308,#4309,#4310,#4311));
#2238=EDGE_LOOP($,(#4312,#4313,#4314,#4315));
#2239=EDGE_LOOP($,(#4316,#4317,#4318,#4319));
#2240=EDGE_LOOP($,(#4320,#4321,#4322,#4323));
#2241=EDGE_LOOP($,(#4324,#4325,#4326,#4327));
#2242=EDGE_LOOP($,(#4328,#4329,#4330,#4331));
#2243=EDGE_LOOP($,(#4332,#4333,#4334,#4335));
#2244=EDGE_LOOP($,(#4336,#4337,#4338,#4339));
#2245=EDGE_LOOP($,(#4340,#4341,#4342,#4343));
#2246=EDGE_LOOP($,(#4344,#4345,#4346,#4347));
#2247=EDGE_LOOP($,(#4348,#4349,#4350,#4351));
#2248=EDGE_LOOP($,(#4352,#4353,#4354,#4355));
#2249=EDGE_LOOP($,(#4356,#4357,#4358,#4359));
#2250=EDGE_LOOP($,(#4360,#4361,#4362,#4363));
#2251=EDGE_LOOP($,(#4364,#4365,#4366,#4367));
#2252=EDGE_LOOP($,(#4368,#4369,#4370,#4371));
#2253=EDGE_LOOP($,(#4372,#4373,#4374,#4375));
#2254=EDGE_LOOP($,(#4376,#4377,#4378,#4379));
#2255=EDGE_LOOP($,(#4380,#4381,#4382,#4383));
#2256=EDGE_LOOP($,(#4384,#4385,#4386,#4387));
#2257=EDGE_LOOP($,(#4388,#4389,#4390,#4391));
#2258=EDGE_LOOP($,(#4392,#4393,#4394,#4395));
#2259=EDGE_LOOP($,(#4396,#4397,#4398,#4399));
#2260=EDGE_LOOP($,(#4400,#4401,#4402,#4403));
#2261=EDGE_LOOP($,(#4404,#4405,#4406,#4407));
#2262=EDGE_LOOP($,(#4408,#4409,#4410,#4411));
#2263=EDGE_LOOP($,(#4412,#4413,#4414,#4415));
#2264=EDGE_LOOP($,(#4416,#4417,#4418,#4419));
#2265=EDGE_LOOP($,(#4420));
#2266=EDGE_LOOP($,(#4421));
#2267=EDGE_LOOP($,(#4422,#4423,#4424,#4425));
#2268=EDGE_LOOP($,(#4426,#4427,#4428,#4429));
#2269=EDGE_LOOP($,(#4430,#4431,#4432,#4433));
#2270=EDGE_LOOP($,(#4434,#4435,#4436,#4437));
#2271=EDGE_LOOP($,(#4438,#4439,#4440,#4441));
#2272=EDGE_LOOP($,(#4442,#4443,#4444,#4445));
#2273=EDGE_LOOP($,(#4446,#4447,#4448,#4449));
#2274=EDGE_LOOP($,(#4450,#4451,#4452,#4453));
#2275=EDGE_LOOP($,(#4454,#4455,#4456,#4457));
#2276=EDGE_LOOP($,(#4458,#4459,#4460,#4461));
#2277=EDGE_LOOP($,(#4462,#4463,#4464,#4465));
#2278=EDGE_LOOP($,(#4466,#4467,#4468,#4469));
#2279=EDGE_LOOP($,(#4470,#4471,#4472,#4473));
#2280=EDGE_LOOP($,(#4474,#4475,#4476,#4477));
#2281=EDGE_LOOP($,(#4478,#4479,#4480,#4481));
#2282=EDGE_LOOP($,(#4482,#4483,#4484,#4485));
#2283=EDGE_LOOP($,(#4486,#4487,#4488,#4489));
#2284=EDGE_LOOP($,(#4490,#4491,#4492,#4493));
#2285=EDGE_LOOP($,(#4494,#4495,#4496,#4497));
#2286=EDGE_LOOP($,(#4498,#4499,#4500,#4501));
#2287=EDGE_LOOP($,(#4502,#4503,#4504,#4505));
#2288=EDGE_LOOP($,(#4506,#4507,#4508,#4509));
#2289=EDGE_LOOP($,(#4510,#4511,#4512,#4513));
#2290=EDGE_LOOP($,(#4514,#4515,#4516,#4517));
#2291=EDGE_LOOP($,(#4518,#4519,#4520,#4521));
#2292=EDGE_LOOP($,(#4522,#4523,#4524,#4525,#4526,#4527,#4528,#4529));
#2293=EDGE_LOOP($,(#4530,#4531,#4532,#4533));
#2294=EDGE_LOOP($,(#4534,#4535,#4536,#4537,#4538,#4539,#4540,#4541));
#2295=EDGE_LOOP($,(#4542,#4543,#4544,#4545));
#2296=EDGE_LOOP($,(#4546,#4547,#4548,#4549));
#2297=EDGE_LOOP($,(#4550,#4551,#4552,#4553));
#2298=EDGE_LOOP($,(#4554,#4555,#4556,#4557));
#2299=EDGE_LOOP($,(#4558,#4559,#4560,#4561));
#2300=EDGE_LOOP($,(#4562,#4563,#4564,#4565));
#2301=EDGE_LOOP($,(#4566,#4567,#4568,#4569));
#2302=EDGE_LOOP($,(#4570,#4571,#4572,#4573));
#2303=EDGE_LOOP($,(#4574,#4575,#4576,#4577));
#2304=EDGE_LOOP($,(#4578,#4579,#4580,#4581));
#2305=EDGE_LOOP($,(#4582,#4583,#4584,#4585));
#2306=EDGE_LOOP($,(#4586,#4587,#4588,#4589));
#2307=EDGE_LOOP($,(#4590,#4591,#4592,#4593));
#2308=EDGE_LOOP($,(#4594,#4595,#4596,#4597));
#2309=EDGE_LOOP($,(#4598,#4599,#4600,#4601));
#2310=EDGE_LOOP($,(#4602,#4603,#4604,#4605));
#2311=EDGE_LOOP($,(#4606,#4607,#4608,#4609));
#2312=EDGE_LOOP($,(#4610,#4611,#4612,#4613));
#2313=EDGE_LOOP($,(#4614,#4615,#4616,#4617));
#2314=EDGE_LOOP($,(#4618,#4619,#4620,#4621));
#2315=EDGE_LOOP($,(#4622,#4623,#4624,#4625));
#2316=EDGE_LOOP($,(#4626,#4627,#4628,#4629));
#2317=EDGE_LOOP($,(#4630,#4631,#4632,#4633));
#2318=EDGE_LOOP($,(#4634,#4635,#4636,#4637));
#2319=EDGE_LOOP($,(#4638,#4639,#4640,#4641));
#2320=EDGE_LOOP($,(#4642,#4643,#4644,#4645));
#2321=EDGE_LOOP($,(#4646,#4647,#4648,#4649));
#2322=EDGE_LOOP($,(#4650,#4651,#4652,#4653));
#2323=EDGE_LOOP($,(#4654,#4655,#4656,#4657));
#2324=EDGE_LOOP($,(#4658,#4659,#4660,#4661));
#2325=EDGE_LOOP($,(#4662,#4663,#4664,#4665));
#2326=EDGE_LOOP($,(#4666,#4667,#4668,#4669));
#2327=EDGE_LOOP($,(#4670,#4671,#4672,#4673));
#2328=EDGE_LOOP($,(#4674,#4675,#4676,#4677));
#2329=EDGE_LOOP($,(#4678,#4679,#4680,#4681));
#2330=EDGE_LOOP($,(#4682,#4683,#4684,#4685));
#2331=EDGE_LOOP($,(#4686,#4687,#4688,#4689));
#2332=EDGE_LOOP($,(#4690,#4691,#4692,#4693));
#2333=EDGE_LOOP($,(#4694,#4695,#4696,#4697));
#2334=EDGE_LOOP($,(#4698,#4699,#4700,#4701));
#2335=EDGE_LOOP($,(#4702,#4703,#4704,#4705));
#2336=EDGE_LOOP($,(#4706,#4707,#4708,#4709));
#2337=EDGE_LOOP($,(#4710,#4711,#4712,#4713));
#2338=EDGE_LOOP($,(#4714));
#2339=EDGE_LOOP($,(#4715,#4716));
#2340=EDGE_LOOP($,(#4717,#4718,#4719,#4720,#4721,#4722,#4723,#4724));
#2341=EDGE_LOOP($,(#4725,#4726,#4727,#4728));
#2342=EDGE_LOOP($,(#4729,#4730,#4731,#4732,#4733,#4734));
#2343=EDGE_LOOP($,(#4735,#4736,#4737,#4738));
#2344=EDGE_LOOP($,(#4739,#4740,#4741,#4742));
#2345=EDGE_LOOP($,(#4743,#4744,#4745,#4746));
#2346=EDGE_LOOP($,(#4747));
#2347=EDGE_LOOP($,(#4748));
#2348=EDGE_LOOP($,(#4749));
#2349=EDGE_LOOP($,(#4750));
#2350=EDGE_LOOP($,(#4751));
#2351=EDGE_LOOP($,(#4752));
#2352=EDGE_LOOP($,(#4753));
#2353=EDGE_LOOP($,(#4754,#4755,#4756,#4757));
#2354=EDGE_LOOP($,(#4758,#4759,#4760,#4761));
#2355=EDGE_LOOP($,(#4762,#4763,#4764,#4765));
#2356=EDGE_LOOP($,(#4766,#4767,#4768,#4769));
#2357=EDGE_LOOP($,(#4770,#4771,#4772,#4773));
#2358=EDGE_LOOP($,(#4774,#4775,#4776,#4777));
#2359=EDGE_LOOP($,(#4778,#4779,#4780,#4781));
#2360=EDGE_LOOP($,(#4782,#4783,#4784,#4785));
#2361=EDGE_LOOP($,(#4786,#4787,#4788,#4789));
#2362=EDGE_LOOP($,(#4790,#4791,#4792,#4793));
#2363=EDGE_LOOP($,(#4794,#4795,#4796,#4797));
#2364=EDGE_LOOP($,(#4798,#4799,#4800,#4801));
#2365=EDGE_LOOP($,(#4802,#4803,#4804,#4805));
#2366=EDGE_LOOP($,(#4806,#4807,#4808,#4809));
#2367=EDGE_LOOP($,(#4810,#4811,#4812,#4813));
#2368=EDGE_LOOP($,(#4814,#4815,#4816,#4817));
#2369=EDGE_LOOP($,(#4818,#4819,#4820,#4821));
#2370=EDGE_LOOP($,(#4822,#4823,#4824,#4825));
#2371=EDGE_LOOP($,(#4826,#4827,#4828,#4829));
#2372=EDGE_LOOP($,(#4830,#4831,#4832,#4833));
#2373=EDGE_LOOP($,(#4834,#4835,#4836,#4837));
#2374=EDGE_LOOP($,(#4838,#4839,#4840,#4841));
#2375=EDGE_LOOP($,(#4842,#4843,#4844,#4845));
#2376=EDGE_LOOP($,(#4846,#4847,#4848,#4849));
#2377=EDGE_LOOP($,(#4850,#4851,#4852,#4853));
#2378=EDGE_LOOP($,(#4854,#4855,#4856,#4857));
#2379=EDGE_LOOP($,(#4858,#4859,#4860,#4861));
#2380=EDGE_LOOP($,(#4862,#4863,#4864,#4865));
#2381=EDGE_LOOP($,(#4866,#4867,#4868,#4869));
#2382=EDGE_LOOP($,(#4870,#4871,#4872,#4873));
#2383=EDGE_LOOP($,(#4874,#4875,#4876,#4877));
#2384=EDGE_LOOP($,(#4878,#4879,#4880,#4881));
#2385=EDGE_LOOP($,(#4882,#4883,#4884,#4885));
#2386=EDGE_LOOP($,(#4886,#4887,#4888,#4889));
#2387=EDGE_LOOP($,(#4890,#4891,#4892,#4893));
#2388=EDGE_LOOP($,(#4894,#4895,#4896,#4897));
#2389=EDGE_LOOP($,(#4898,#4899,#4900,#4901));
#2390=EDGE_LOOP($,(#4902,#4903,#4904,#4905));
#2391=EDGE_LOOP($,(#4906,#4907,#4908,#4909));
#2392=EDGE_LOOP($,(#4910,#4911,#4912,#4913));
#2393=EDGE_LOOP($,(#4914,#4915,#4916,#4917));
#2394=EDGE_LOOP($,(#4918,#4919,#4920,#4921));
#2395=EDGE_LOOP($,(#4922));
#2396=EDGE_LOOP($,(#4923));
#2397=EDGE_LOOP($,(#4924));
#2398=EDGE_LOOP($,(#4925));
#2399=CIRCLE($,#5352,0.075);
#2400=CIRCLE($,#5353,0.075);
#2401=CIRCLE($,#5374,0.075);
#2402=CIRCLE($,#5375,0.075);
#2403=CIRCLE($,#5389,0.03);
#2404=CIRCLE($,#5398,0.025);
#2405=CIRCLE($,#5399,0.025);
#2406=CIRCLE($,#5402,0.025);
#2407=CIRCLE($,#5403,0.025);
#2408=CIRCLE($,#5406,0.025);
#2409=CIRCLE($,#5407,0.025);
#2410=CIRCLE($,#5410,0.025);
#2411=CIRCLE($,#5411,0.025);
#2412=CIRCLE($,#5443,0.02);
#2413=CIRCLE($,#5445,0.02);
#2414=CIRCLE($,#5459,0.02);
#2415=CIRCLE($,#5461,0.02);
#2416=CIRCLE($,#5486,0.15);
#2417=CIRCLE($,#5494,0.15);
#2418=CIRCLE($,#5499,0.15);
#2419=CIRCLE($,#5576,0.04);
#2420=CIRCLE($,#5645,0.02);
#2421=CIRCLE($,#5646,0.02);
#2422=CIRCLE($,#5647,0.02);
#2423=CIRCLE($,#5656,0.1);
#2424=CIRCLE($,#5657,0.1);
#2425=CIRCLE($,#5661,0.04);
#2426=CIRCLE($,#5706,0.02);
#2427=CIRCLE($,#5707,0.02);
#2428=VERTEX_POINT($,#7082);
#2429=VERTEX_POINT($,#7084);
#2430=VERTEX_POINT($,#7088);
#2431=VERTEX_POINT($,#7089);
#2432=VERTEX_POINT($,#7091);
#2433=VERTEX_POINT($,#7093);
#2434=VERTEX_POINT($,#7097);
#2435=VERTEX_POINT($,#7099);
#2436=VERTEX_POINT($,#7103);
#2437=VERTEX_POINT($,#7107);
#2438=VERTEX_POINT($,#7114);
#2439=VERTEX_POINT($,#7115);
#2440=VERTEX_POINT($,#7117);
#2441=VERTEX_POINT($,#7119);
#2442=VERTEX_POINT($,#7123);
#2443=VERTEX_POINT($,#7125);
#2444=VERTEX_POINT($,#7129);
#2445=VERTEX_POINT($,#7133);
#2446=VERTEX_POINT($,#7140);
#2447=VERTEX_POINT($,#7141);
#2448=VERTEX_POINT($,#7143);
#2449=VERTEX_POINT($,#7145);
#2450=VERTEX_POINT($,#7149);
#2451=VERTEX_POINT($,#7151);
#2452=VERTEX_POINT($,#7155);
#2453=VERTEX_POINT($,#7159);
#2454=VERTEX_POINT($,#7166);
#2455=VERTEX_POINT($,#7168);
#2456=VERTEX_POINT($,#7171);
#2457=VERTEX_POINT($,#7172);
#2458=VERTEX_POINT($,#7174);
#2459=VERTEX_POINT($,#7176);
#2460=VERTEX_POINT($,#7180);
#2461=VERTEX_POINT($,#7182);
#2462=VERTEX_POINT($,#7186);
#2463=VERTEX_POINT($,#7190);
#2464=VERTEX_POINT($,#7197);
#2465=VERTEX_POINT($,#7198);
#2466=VERTEX_POINT($,#7200);
#2467=VERTEX_POINT($,#7202);
#2468=VERTEX_POINT($,#7206);
#2469=VERTEX_POINT($,#7207);
#2470=VERTEX_POINT($,#7209);
#2471=VERTEX_POINT($,#7211);
#2472=VERTEX_POINT($,#7223);
#2473=VERTEX_POINT($,#7227);
#2474=VERTEX_POINT($,#7228);
#2475=VERTEX_POINT($,#7230);
#2476=VERTEX_POINT($,#7232);
#2477=VERTEX_POINT($,#7236);
#2478=VERTEX_POINT($,#7237);
#2479=VERTEX_POINT($,#7239);
#2480=VERTEX_POINT($,#7241);
#2481=VERTEX_POINT($,#7253);
#2482=VERTEX_POINT($,#7255);
#2483=VERTEX_POINT($,#7259);
#2484=VERTEX_POINT($,#7261);
#2485=VERTEX_POINT($,#7265);
#2486=VERTEX_POINT($,#7267);
#2487=VERTEX_POINT($,#7271);
#2488=VERTEX_POINT($,#7273);
#2489=VERTEX_POINT($,#7277);
#2490=VERTEX_POINT($,#7278);
#2491=VERTEX_POINT($,#7280);
#2492=VERTEX_POINT($,#7282);
#2493=VERTEX_POINT($,#7286);
#2494=VERTEX_POINT($,#7287);
#2495=VERTEX_POINT($,#7289);
#2496=VERTEX_POINT($,#7291);
#2497=VERTEX_POINT($,#7303);
#2498=VERTEX_POINT($,#7304);
#2499=VERTEX_POINT($,#7306);
#2500=VERTEX_POINT($,#7308);
#2501=VERTEX_POINT($,#7312);
#2502=VERTEX_POINT($,#7313);
#2503=VERTEX_POINT($,#7315);
#2504=VERTEX_POINT($,#7317);
#2505=VERTEX_POINT($,#7329);
#2506=VERTEX_POINT($,#7330);
#2507=VERTEX_POINT($,#7332);
#2508=VERTEX_POINT($,#7334);
#2509=VERTEX_POINT($,#7338);
#2510=VERTEX_POINT($,#7339);
#2511=VERTEX_POINT($,#7341);
#2512=VERTEX_POINT($,#7343);
#2513=VERTEX_POINT($,#7355);
#2514=VERTEX_POINT($,#7356);
#2515=VERTEX_POINT($,#7358);
#2516=VERTEX_POINT($,#7360);
#2517=VERTEX_POINT($,#7364);
#2518=VERTEX_POINT($,#7366);
#2519=VERTEX_POINT($,#7370);
#2520=VERTEX_POINT($,#7374);
#2521=VERTEX_POINT($,#7380);
#2522=VERTEX_POINT($,#7381);
#2523=VERTEX_POINT($,#7383);
#2524=VERTEX_POINT($,#7385);
#2525=VERTEX_POINT($,#7389);
#2526=VERTEX_POINT($,#7390);
#2527=VERTEX_POINT($,#7392);
#2528=VERTEX_POINT($,#7394);
#2529=VERTEX_POINT($,#7406);
#2530=VERTEX_POINT($,#7409);
#2531=VERTEX_POINT($,#7413);
#2532=VERTEX_POINT($,#7414);
#2533=VERTEX_POINT($,#7416);
#2534=VERTEX_POINT($,#7418);
#2535=VERTEX_POINT($,#7422);
#2536=VERTEX_POINT($,#7424);
#2537=VERTEX_POINT($,#7428);
#2538=VERTEX_POINT($,#7432);
#2539=VERTEX_POINT($,#7438);
#2540=VERTEX_POINT($,#7439);
#2541=VERTEX_POINT($,#7441);
#2542=VERTEX_POINT($,#7443);
#2543=VERTEX_POINT($,#7447);
#2544=VERTEX_POINT($,#7448);
#2545=VERTEX_POINT($,#7450);
#2546=VERTEX_POINT($,#7452);
#2547=VERTEX_POINT($,#7464);
#2548=VERTEX_POINT($,#7467);
#2549=VERTEX_POINT($,#7471);
#2550=VERTEX_POINT($,#7472);
#2551=VERTEX_POINT($,#7474);
#2552=VERTEX_POINT($,#7476);
#2553=VERTEX_POINT($,#7480);
#2554=VERTEX_POINT($,#7481);
#2555=VERTEX_POINT($,#7483);
#2556=VERTEX_POINT($,#7485);
#2557=VERTEX_POINT($,#7489);
#2558=VERTEX_POINT($,#7490);
#2559=VERTEX_POINT($,#7492);
#2560=VERTEX_POINT($,#7494);
#2561=VERTEX_POINT($,#7498);
#2562=VERTEX_POINT($,#7500);
#2563=VERTEX_POINT($,#7504);
#2564=VERTEX_POINT($,#7508);
#2565=VERTEX_POINT($,#7514);
#2566=VERTEX_POINT($,#7516);
#2567=VERTEX_POINT($,#7520);
#2568=VERTEX_POINT($,#7522);
#2569=VERTEX_POINT($,#7529);
#2570=VERTEX_POINT($,#7531);
#2571=VERTEX_POINT($,#7535);
#2572=VERTEX_POINT($,#7539);
#2573=VERTEX_POINT($,#7546);
#2574=VERTEX_POINT($,#7547);
#2575=VERTEX_POINT($,#7549);
#2576=VERTEX_POINT($,#7551);
#2577=VERTEX_POINT($,#7555);
#2578=VERTEX_POINT($,#7556);
#2579=VERTEX_POINT($,#7558);
#2580=VERTEX_POINT($,#7560);
#2581=VERTEX_POINT($,#7564);
#2582=VERTEX_POINT($,#7566);
#2583=VERTEX_POINT($,#7570);
#2584=VERTEX_POINT($,#7572);
#2585=VERTEX_POINT($,#7576);
#2586=VERTEX_POINT($,#7578);
#2587=VERTEX_POINT($,#7582);
#2588=VERTEX_POINT($,#7584);
#2589=VERTEX_POINT($,#7588);
#2590=VERTEX_POINT($,#7590);
#2591=VERTEX_POINT($,#7594);
#2592=VERTEX_POINT($,#7595);
#2593=VERTEX_POINT($,#7597);
#2594=VERTEX_POINT($,#7599);
#2595=VERTEX_POINT($,#7602);
#2596=VERTEX_POINT($,#7605);
#2597=VERTEX_POINT($,#7607);
#2598=VERTEX_POINT($,#7611);
#2599=VERTEX_POINT($,#7615);
#2600=VERTEX_POINT($,#7619);
#2601=VERTEX_POINT($,#7628);
#2602=VERTEX_POINT($,#7629);
#2603=VERTEX_POINT($,#7631);
#2604=VERTEX_POINT($,#7633);
#2605=VERTEX_POINT($,#7644);
#2606=VERTEX_POINT($,#7648);
#2607=VERTEX_POINT($,#7649);
#2608=VERTEX_POINT($,#7651);
#2609=VERTEX_POINT($,#7653);
#2610=VERTEX_POINT($,#7657);
#2611=VERTEX_POINT($,#7658);
#2612=VERTEX_POINT($,#7660);
#2613=VERTEX_POINT($,#7662);
#2614=VERTEX_POINT($,#7674);
#2615=VERTEX_POINT($,#7675);
#2616=VERTEX_POINT($,#7677);
#2617=VERTEX_POINT($,#7679);
#2618=VERTEX_POINT($,#7683);
#2619=VERTEX_POINT($,#7684);
#2620=VERTEX_POINT($,#7686);
#2621=VERTEX_POINT($,#7688);
#2622=VERTEX_POINT($,#7700);
#2623=VERTEX_POINT($,#7701);
#2624=VERTEX_POINT($,#7703);
#2625=VERTEX_POINT($,#7705);
#2626=VERTEX_POINT($,#7709);
#2627=VERTEX_POINT($,#7711);
#2628=VERTEX_POINT($,#7713);
#2629=VERTEX_POINT($,#7715);
#2630=VERTEX_POINT($,#7717);
#2631=VERTEX_POINT($,#7719);
#2632=VERTEX_POINT($,#7721);
#2633=VERTEX_POINT($,#7723);
#2634=VERTEX_POINT($,#7725);
#2635=VERTEX_POINT($,#7727);
#2636=VERTEX_POINT($,#7730);
#2637=VERTEX_POINT($,#7731);
#2638=VERTEX_POINT($,#7733);
#2639=VERTEX_POINT($,#7735);
#2640=VERTEX_POINT($,#7739);
#2641=VERTEX_POINT($,#7741);
#2642=VERTEX_POINT($,#7747);
#2643=VERTEX_POINT($,#7749);
#2644=VERTEX_POINT($,#7751);
#2645=VERTEX_POINT($,#7753);
#2646=VERTEX_POINT($,#7755);
#2647=VERTEX_POINT($,#7757);
#2648=VERTEX_POINT($,#7759);
#2649=VERTEX_POINT($,#7761);
#2650=VERTEX_POINT($,#7764);
#2651=VERTEX_POINT($,#7765);
#2652=VERTEX_POINT($,#7767);
#2653=VERTEX_POINT($,#7769);
#2654=VERTEX_POINT($,#7798);
#2655=VERTEX_POINT($,#7799);
#2656=VERTEX_POINT($,#7801);
#2657=VERTEX_POINT($,#7803);
#2658=VERTEX_POINT($,#7807);
#2659=VERTEX_POINT($,#7809);
#2660=VERTEX_POINT($,#7813);
#2661=VERTEX_POINT($,#7817);
#2662=VERTEX_POINT($,#7824);
#2663=VERTEX_POINT($,#7825);
#2664=VERTEX_POINT($,#7827);
#2665=VERTEX_POINT($,#7829);
#2666=VERTEX_POINT($,#7833);
#2667=VERTEX_POINT($,#7835);
#2668=VERTEX_POINT($,#7839);
#2669=VERTEX_POINT($,#7843);
#2670=VERTEX_POINT($,#7850);
#2671=VERTEX_POINT($,#7851);
#2672=VERTEX_POINT($,#7853);
#2673=VERTEX_POINT($,#7855);
#2674=VERTEX_POINT($,#7859);
#2675=VERTEX_POINT($,#7861);
#2676=VERTEX_POINT($,#7865);
#2677=VERTEX_POINT($,#7869);
#2678=VERTEX_POINT($,#7875);
#2679=VERTEX_POINT($,#7876);
#2680=VERTEX_POINT($,#7878);
#2681=VERTEX_POINT($,#7880);
#2682=VERTEX_POINT($,#7884);
#2683=VERTEX_POINT($,#7886);
#2684=VERTEX_POINT($,#7890);
#2685=VERTEX_POINT($,#7894);
#2686=VERTEX_POINT($,#7900);
#2687=VERTEX_POINT($,#7901);
#2688=VERTEX_POINT($,#7903);
#2689=VERTEX_POINT($,#7905);
#2690=VERTEX_POINT($,#7909);
#2691=VERTEX_POINT($,#7911);
#2692=VERTEX_POINT($,#7915);
#2693=VERTEX_POINT($,#7919);
#2694=VERTEX_POINT($,#7925);
#2695=VERTEX_POINT($,#7926);
#2696=VERTEX_POINT($,#7928);
#2697=VERTEX_POINT($,#7930);
#2698=VERTEX_POINT($,#7933);
#2699=VERTEX_POINT($,#7934);
#2700=VERTEX_POINT($,#7936);
#2701=VERTEX_POINT($,#7938);
#2702=VERTEX_POINT($,#7942);
#2703=VERTEX_POINT($,#7944);
#2704=VERTEX_POINT($,#7948);
#2705=VERTEX_POINT($,#7952);
#2706=VERTEX_POINT($,#7958);
#2707=VERTEX_POINT($,#7960);
#2708=VERTEX_POINT($,#7964);
#2709=VERTEX_POINT($,#7969);
#2710=VERTEX_POINT($,#7976);
#2711=VERTEX_POINT($,#7977);
#2712=VERTEX_POINT($,#7979);
#2713=VERTEX_POINT($,#7981);
#2714=VERTEX_POINT($,#7985);
#2715=VERTEX_POINT($,#7986);
#2716=VERTEX_POINT($,#7988);
#2717=VERTEX_POINT($,#7990);
#2718=VERTEX_POINT($,#8002);
#2719=VERTEX_POINT($,#8006);
#2720=VERTEX_POINT($,#8007);
#2721=VERTEX_POINT($,#8009);
#2722=VERTEX_POINT($,#8011);
#2723=VERTEX_POINT($,#8015);
#2724=VERTEX_POINT($,#8016);
#2725=VERTEX_POINT($,#8018);
#2726=VERTEX_POINT($,#8020);
#2727=VERTEX_POINT($,#8024);
#2728=VERTEX_POINT($,#8026);
#2729=VERTEX_POINT($,#8033);
#2730=VERTEX_POINT($,#8035);
#2731=VERTEX_POINT($,#8039);
#2732=VERTEX_POINT($,#8040);
#2733=VERTEX_POINT($,#8042);
#2734=VERTEX_POINT($,#8044);
#2735=VERTEX_POINT($,#8048);
#2736=VERTEX_POINT($,#8050);
#2737=VERTEX_POINT($,#8054);
#2738=VERTEX_POINT($,#8058);
#2739=VERTEX_POINT($,#8064);
#2740=VERTEX_POINT($,#8065);
#2741=VERTEX_POINT($,#8067);
#2742=VERTEX_POINT($,#8069);
#2743=VERTEX_POINT($,#8073);
#2744=VERTEX_POINT($,#8075);
#2745=VERTEX_POINT($,#8079);
#2746=VERTEX_POINT($,#8083);
#2747=VERTEX_POINT($,#8089);
#2748=VERTEX_POINT($,#8090);
#2749=VERTEX_POINT($,#8092);
#2750=VERTEX_POINT($,#8094);
#2751=VERTEX_POINT($,#8098);
#2752=VERTEX_POINT($,#8100);
#2753=VERTEX_POINT($,#8104);
#2754=VERTEX_POINT($,#8108);
#2755=VERTEX_POINT($,#8114);
#2756=VERTEX_POINT($,#8115);
#2757=VERTEX_POINT($,#8117);
#2758=VERTEX_POINT($,#8119);
#2759=VERTEX_POINT($,#8122);
#2760=VERTEX_POINT($,#8123);
#2761=VERTEX_POINT($,#8125);
#2762=VERTEX_POINT($,#8127);
#2763=VERTEX_POINT($,#8139);
#2764=VERTEX_POINT($,#8141);
#2765=VERTEX_POINT($,#8145);
#2766=VERTEX_POINT($,#8149);
#2767=VERTEX_POINT($,#8156);
#2768=VERTEX_POINT($,#8157);
#2769=VERTEX_POINT($,#8159);
#2770=VERTEX_POINT($,#8161);
#2771=VERTEX_POINT($,#8165);
#2772=VERTEX_POINT($,#8166);
#2773=VERTEX_POINT($,#8168);
#2774=VERTEX_POINT($,#8170);
#2775=VERTEX_POINT($,#8182);
#2776=VERTEX_POINT($,#8183);
#2777=VERTEX_POINT($,#8185);
#2778=VERTEX_POINT($,#8187);
#2779=VERTEX_POINT($,#8191);
#2780=VERTEX_POINT($,#8192);
#2781=VERTEX_POINT($,#8194);
#2782=VERTEX_POINT($,#8196);
#2783=VERTEX_POINT($,#8208);
#2784=VERTEX_POINT($,#8209);
#2785=VERTEX_POINT($,#8211);
#2786=VERTEX_POINT($,#8213);
#2787=VERTEX_POINT($,#8217);
#2788=VERTEX_POINT($,#8218);
#2789=VERTEX_POINT($,#8220);
#2790=VERTEX_POINT($,#8222);
#2791=VERTEX_POINT($,#8234);
#2792=VERTEX_POINT($,#8235);
#2793=VERTEX_POINT($,#8237);
#2794=VERTEX_POINT($,#8239);
#2795=VERTEX_POINT($,#8243);
#2796=VERTEX_POINT($,#8245);
#2797=VERTEX_POINT($,#8249);
#2798=VERTEX_POINT($,#8251);
#2799=VERTEX_POINT($,#8260);
#2800=VERTEX_POINT($,#8261);
#2801=VERTEX_POINT($,#8263);
#2802=VERTEX_POINT($,#8265);
#2803=VERTEX_POINT($,#8269);
#2804=VERTEX_POINT($,#8270);
#2805=VERTEX_POINT($,#8272);
#2806=VERTEX_POINT($,#8274);
#2807=VERTEX_POINT($,#8286);
#2808=VERTEX_POINT($,#8287);
#2809=VERTEX_POINT($,#8289);
#2810=VERTEX_POINT($,#8291);
#2811=VERTEX_POINT($,#8295);
#2812=VERTEX_POINT($,#8297);
#2813=VERTEX_POINT($,#8301);
#2814=VERTEX_POINT($,#8305);
#2815=VERTEX_POINT($,#8312);
#2816=VERTEX_POINT($,#8313);
#2817=VERTEX_POINT($,#8315);
#2818=VERTEX_POINT($,#8317);
#2819=VERTEX_POINT($,#8320);
#2820=VERTEX_POINT($,#8325);
#2821=VERTEX_POINT($,#8327);
#2822=VERTEX_POINT($,#8329);
#2823=VERTEX_POINT($,#8331);
#2824=VERTEX_POINT($,#8335);
#2825=VERTEX_POINT($,#8336);
#2826=VERTEX_POINT($,#8338);
#2827=VERTEX_POINT($,#8340);
#2828=VERTEX_POINT($,#8352);
#2829=VERTEX_POINT($,#8354);
#2830=VERTEX_POINT($,#8359);
#2831=VERTEX_POINT($,#8363);
#2832=VERTEX_POINT($,#8364);
#2833=VERTEX_POINT($,#8366);
#2834=VERTEX_POINT($,#8368);
#2835=VERTEX_POINT($,#8372);
#2836=VERTEX_POINT($,#8373);
#2837=VERTEX_POINT($,#8375);
#2838=VERTEX_POINT($,#8377);
#2839=VERTEX_POINT($,#8389);
#2840=VERTEX_POINT($,#8390);
#2841=VERTEX_POINT($,#8392);
#2842=VERTEX_POINT($,#8394);
#2843=VERTEX_POINT($,#8398);
#2844=VERTEX_POINT($,#8399);
#2845=VERTEX_POINT($,#8401);
#2846=VERTEX_POINT($,#8403);
#2847=VERTEX_POINT($,#8415);
#2848=VERTEX_POINT($,#8416);
#2849=VERTEX_POINT($,#8418);
#2850=VERTEX_POINT($,#8420);
#2851=VERTEX_POINT($,#8424);
#2852=VERTEX_POINT($,#8425);
#2853=VERTEX_POINT($,#8427);
#2854=VERTEX_POINT($,#8429);
#2855=VERTEX_POINT($,#8441);
#2856=VERTEX_POINT($,#8442);
#2857=VERTEX_POINT($,#8444);
#2858=VERTEX_POINT($,#8446);
#2859=VERTEX_POINT($,#8450);
#2860=VERTEX_POINT($,#8451);
#2861=VERTEX_POINT($,#8453);
#2862=VERTEX_POINT($,#8455);
#2863=VERTEX_POINT($,#8467);
#2864=VERTEX_POINT($,#8468);
#2865=VERTEX_POINT($,#8470);
#2866=VERTEX_POINT($,#8472);
#2867=VERTEX_POINT($,#8476);
#2868=VERTEX_POINT($,#8477);
#2869=VERTEX_POINT($,#8479);
#2870=VERTEX_POINT($,#8481);
#2871=VERTEX_POINT($,#8493);
#2872=VERTEX_POINT($,#8494);
#2873=VERTEX_POINT($,#8496);
#2874=VERTEX_POINT($,#8498);
#2875=VERTEX_POINT($,#8502);
#2876=VERTEX_POINT($,#8503);
#2877=VERTEX_POINT($,#8505);
#2878=VERTEX_POINT($,#8507);
#2879=VERTEX_POINT($,#8519);
#2880=VERTEX_POINT($,#8520);
#2881=VERTEX_POINT($,#8522);
#2882=VERTEX_POINT($,#8524);
#2883=VERTEX_POINT($,#8528);
#2884=VERTEX_POINT($,#8529);
#2885=VERTEX_POINT($,#8531);
#2886=VERTEX_POINT($,#8533);
#2887=VERTEX_POINT($,#8545);
#2888=VERTEX_POINT($,#8547);
#2889=EDGE_CURVE($,#2428,#2428,#2399,.T.);
#2890=EDGE_CURVE($,#2429,#2429,#2400,.T.);
#2891=EDGE_CURVE($,#2430,#2431,#56,.T.);
#2892=EDGE_CURVE($,#2432,#2430,#57,.T.);
#2893=EDGE_CURVE($,#2433,#2432,#58,.T.);
#2894=EDGE_CURVE($,#2431,#2433,#59,.T.);
#2895=EDGE_CURVE($,#2432,#2434,#60,.T.);
#2896=EDGE_CURVE($,#2435,#2434,#61,.T.);
#2897=EDGE_CURVE($,#2433,#2435,#62,.T.);
#2898=EDGE_CURVE($,#2430,#2436,#63,.T.);
#2899=EDGE_CURVE($,#2434,#2436,#64,.T.);
#2900=EDGE_CURVE($,#2431,#2437,#65,.T.);
#2901=EDGE_CURVE($,#2436,#2437,#66,.T.);
#2902=EDGE_CURVE($,#2437,#2435,#67,.T.);
#2903=EDGE_CURVE($,#2438,#2439,#68,.T.);
#2904=EDGE_CURVE($,#2440,#2438,#69,.T.);
#2905=EDGE_CURVE($,#2441,#2440,#70,.T.);
#2906=EDGE_CURVE($,#2439,#2441,#71,.T.);
#2907=EDGE_CURVE($,#2440,#2442,#72,.T.);
#2908=EDGE_CURVE($,#2442,#2443,#73,.T.);
#2909=EDGE_CURVE($,#2443,#2441,#74,.T.);
#2910=EDGE_CURVE($,#2444,#2438,#75,.T.);
#2911=EDGE_CURVE($,#2444,#2442,#76,.T.);
#2912=EDGE_CURVE($,#2445,#2439,#77,.T.);
#2913=EDGE_CURVE($,#2445,#2444,#78,.T.);
#2914=EDGE_CURVE($,#2443,#2445,#79,.T.);
#2915=EDGE_CURVE($,#2446,#2447,#80,.T.);
#2916=EDGE_CURVE($,#2446,#2448,#81,.T.);
#2917=EDGE_CURVE($,#2448,#2449,#82,.T.);
#2918=EDGE_CURVE($,#2449,#2447,#83,.T.);
#2919=EDGE_CURVE($,#2447,#2450,#84,.T.);
#2920=EDGE_CURVE($,#2451,#2449,#85,.T.);
#2921=EDGE_CURVE($,#2450,#2451,#86,.T.);
#2922=EDGE_CURVE($,#2448,#2452,#87,.T.);
#2923=EDGE_CURVE($,#2452,#2451,#88,.T.);
#2924=EDGE_CURVE($,#2450,#2453,#89,.T.);
#2925=EDGE_CURVE($,#2453,#2452,#90,.T.);
#2926=EDGE_CURVE($,#2453,#2446,#91,.T.);
#2927=EDGE_CURVE($,#2454,#2454,#2401,.T.);
#2928=EDGE_CURVE($,#2455,#2455,#2402,.T.);
#2929=EDGE_CURVE($,#2456,#2457,#92,.T.);
#2930=EDGE_CURVE($,#2458,#2456,#93,.T.);
#2931=EDGE_CURVE($,#2459,#2458,#94,.T.);
#2932=EDGE_CURVE($,#2457,#2459,#95,.T.);
#2933=EDGE_CURVE($,#2458,#2460,#96,.T.);
#2934=EDGE_CURVE($,#2460,#2461,#97,.T.);
#2935=EDGE_CURVE($,#2461,#2459,#98,.T.);
#2936=EDGE_CURVE($,#2456,#2462,#99,.T.);
#2937=EDGE_CURVE($,#2462,#2460,#100,.T.);
#2938=EDGE_CURVE($,#2463,#2457,#101,.T.);
#2939=EDGE_CURVE($,#2462,#2463,#102,.T.);
#2940=EDGE_CURVE($,#2463,#2461,#103,.T.);
#2941=EDGE_CURVE($,#2464,#2465,#104,.T.);
#2942=EDGE_CURVE($,#2465,#2466,#105,.T.);
#2943=EDGE_CURVE($,#2466,#2467,#106,.T.);
#2944=EDGE_CURVE($,#2467,#2464,#107,.T.);
#2945=EDGE_CURVE($,#2468,#2469,#108,.T.);
#2946=EDGE_CURVE($,#2469,#2470,#109,.T.);
#2947=EDGE_CURVE($,#2470,#2471,#110,.T.);
#2948=EDGE_CURVE($,#2471,#2468,#111,.T.);
#2949=EDGE_CURVE($,#2467,#2470,#112,.T.);
#2950=EDGE_CURVE($,#2464,#2469,#113,.T.);
#2951=EDGE_CURVE($,#2466,#2471,#114,.T.);
#2952=EDGE_CURVE($,#2465,#2468,#115,.T.);
#2953=EDGE_CURVE($,#2472,#2472,#2403,.T.);
#2954=EDGE_CURVE($,#2473,#2474,#116,.T.);
#2955=EDGE_CURVE($,#2474,#2475,#117,.T.);
#2956=EDGE_CURVE($,#2475,#2476,#118,.T.);
#2957=EDGE_CURVE($,#2476,#2473,#119,.T.);
#2958=EDGE_CURVE($,#2477,#2478,#120,.T.);
#2959=EDGE_CURVE($,#2478,#2479,#121,.T.);
#2960=EDGE_CURVE($,#2479,#2480,#122,.T.);
#2961=EDGE_CURVE($,#2480,#2477,#123,.T.);
#2962=EDGE_CURVE($,#2476,#2479,#124,.T.);
#2963=EDGE_CURVE($,#2473,#2478,#125,.T.);
#2964=EDGE_CURVE($,#2475,#2480,#126,.T.);
#2965=EDGE_CURVE($,#2474,#2477,#127,.T.);
#2966=EDGE_CURVE($,#2481,#2481,#2404,.T.);
#2967=EDGE_CURVE($,#2482,#2482,#2405,.T.);
#2968=EDGE_CURVE($,#2483,#2483,#2406,.T.);
#2969=EDGE_CURVE($,#2484,#2484,#2407,.T.);
#2970=EDGE_CURVE($,#2485,#2485,#2408,.T.);
#2971=EDGE_CURVE($,#2486,#2486,#2409,.T.);
#2972=EDGE_CURVE($,#2487,#2487,#2410,.T.);
#2973=EDGE_CURVE($,#2488,#2488,#2411,.T.);
#2974=EDGE_CURVE($,#2489,#2490,#128,.F.);
#2975=EDGE_CURVE($,#2490,#2491,#129,.F.);
#2976=EDGE_CURVE($,#2491,#2492,#130,.F.);
#2977=EDGE_CURVE($,#2492,#2489,#131,.F.);
#2978=EDGE_CURVE($,#2493,#2494,#132,.T.);
#2979=EDGE_CURVE($,#2494,#2495,#133,.T.);
#2980=EDGE_CURVE($,#2495,#2496,#134,.T.);
#2981=EDGE_CURVE($,#2496,#2493,#135,.F.);
#2982=EDGE_CURVE($,#2492,#2495,#136,.T.);
#2983=EDGE_CURVE($,#2489,#2494,#137,.T.);
#2984=EDGE_CURVE($,#2491,#2496,#138,.F.);
#2985=EDGE_CURVE($,#2490,#2493,#139,.T.);
#2986=EDGE_CURVE($,#2497,#2498,#140,.T.);
#2987=EDGE_CURVE($,#2498,#2499,#141,.T.);
#2988=EDGE_CURVE($,#2499,#2500,#142,.T.);
#2989=EDGE_CURVE($,#2500,#2497,#143,.T.);
#2990=EDGE_CURVE($,#2501,#2502,#144,.T.);
#2991=EDGE_CURVE($,#2502,#2503,#145,.T.);
#2992=EDGE_CURVE($,#2503,#2504,#146,.T.);
#2993=EDGE_CURVE($,#2504,#2501,#147,.T.);
#2994=EDGE_CURVE($,#2500,#2503,#148,.T.);
#2995=EDGE_CURVE($,#2497,#2502,#149,.T.);
#2996=EDGE_CURVE($,#2499,#2504,#150,.T.);
#2997=EDGE_CURVE($,#2498,#2501,#151,.T.);
#2998=EDGE_CURVE($,#2505,#2506,#152,.T.);
#2999=EDGE_CURVE($,#2506,#2507,#153,.T.);
#3000=EDGE_CURVE($,#2507,#2508,#154,.T.);
#3001=EDGE_CURVE($,#2508,#2505,#155,.T.);
#3002=EDGE_CURVE($,#2509,#2510,#156,.T.);
#3003=EDGE_CURVE($,#2510,#2511,#157,.T.);
#3004=EDGE_CURVE($,#2511,#2512,#158,.T.);
#3005=EDGE_CURVE($,#2512,#2509,#159,.T.);
#3006=EDGE_CURVE($,#2508,#2511,#160,.T.);
#3007=EDGE_CURVE($,#2505,#2510,#161,.T.);
#3008=EDGE_CURVE($,#2507,#2512,#162,.T.);
#3009=EDGE_CURVE($,#2506,#2509,#163,.T.);
#3010=EDGE_CURVE($,#2513,#2514,#164,.T.);
#3011=EDGE_CURVE($,#2515,#2513,#165,.T.);
#3012=EDGE_CURVE($,#2516,#2515,#166,.T.);
#3013=EDGE_CURVE($,#2514,#2516,#167,.T.);
#3014=EDGE_CURVE($,#2517,#2516,#168,.T.);
#3015=EDGE_CURVE($,#2518,#2517,#169,.T.);
#3016=EDGE_CURVE($,#2518,#2514,#170,.F.);
#3017=EDGE_CURVE($,#2519,#2515,#171,.T.);
#3018=EDGE_CURVE($,#2517,#2519,#172,.T.);
#3019=EDGE_CURVE($,#2520,#2513,#173,.T.);
#3020=EDGE_CURVE($,#2519,#2520,#174,.T.);
#3021=EDGE_CURVE($,#2520,#2518,#175,.T.);
#3022=EDGE_CURVE($,#2521,#2522,#176,.F.);
#3023=EDGE_CURVE($,#2522,#2523,#177,.F.);
#3024=EDGE_CURVE($,#2523,#2524,#178,.F.);
#3025=EDGE_CURVE($,#2524,#2521,#179,.F.);
#3026=EDGE_CURVE($,#2525,#2526,#180,.T.);
#3027=EDGE_CURVE($,#2526,#2527,#181,.T.);
#3028=EDGE_CURVE($,#2527,#2528,#182,.T.);
#3029=EDGE_CURVE($,#2528,#2525,#183,.T.);
#3030=EDGE_CURVE($,#2524,#2527,#184,.T.);
#3031=EDGE_CURVE($,#2521,#2526,#185,.T.);
#3032=EDGE_CURVE($,#2523,#2528,#186,.T.);
#3033=EDGE_CURVE($,#2522,#2525,#187,.T.);
#3034=EDGE_CURVE($,#2529,#2529,#2412,.T.);
#3035=EDGE_CURVE($,#2530,#2530,#2413,.T.);
#3036=EDGE_CURVE($,#2531,#2532,#188,.T.);
#3037=EDGE_CURVE($,#2533,#2531,#189,.T.);
#3038=EDGE_CURVE($,#2534,#2533,#190,.T.);
#3039=EDGE_CURVE($,#2532,#2534,#191,.T.);
#3040=EDGE_CURVE($,#2535,#2534,#192,.T.);
#3041=EDGE_CURVE($,#2536,#2535,#193,.T.);
#3042=EDGE_CURVE($,#2536,#2532,#194,.F.);
#3043=EDGE_CURVE($,#2537,#2533,#195,.T.);
#3044=EDGE_CURVE($,#2535,#2537,#196,.T.);
#3045=EDGE_CURVE($,#2538,#2531,#197,.T.);
#3046=EDGE_CURVE($,#2537,#2538,#198,.T.);
#3047=EDGE_CURVE($,#2538,#2536,#199,.T.);
#3048=EDGE_CURVE($,#2539,#2540,#200,.F.);
#3049=EDGE_CURVE($,#2540,#2541,#201,.F.);
#3050=EDGE_CURVE($,#2541,#2542,#202,.F.);
#3051=EDGE_CURVE($,#2542,#2539,#203,.F.);
#3052=EDGE_CURVE($,#2543,#2544,#204,.T.);
#3053=EDGE_CURVE($,#2544,#2545,#205,.T.);
#3054=EDGE_CURVE($,#2545,#2546,#206,.T.);
#3055=EDGE_CURVE($,#2546,#2543,#207,.T.);
#3056=EDGE_CURVE($,#2542,#2545,#208,.T.);
#3057=EDGE_CURVE($,#2539,#2544,#209,.T.);
#3058=EDGE_CURVE($,#2541,#2546,#210,.T.);
#3059=EDGE_CURVE($,#2540,#2543,#211,.T.);
#3060=EDGE_CURVE($,#2547,#2547,#2414,.T.);
#3061=EDGE_CURVE($,#2548,#2548,#2415,.T.);
#3062=EDGE_CURVE($,#2549,#2550,#212,.T.);
#3063=EDGE_CURVE($,#2549,#2551,#213,.T.);
#3064=EDGE_CURVE($,#2552,#2551,#214,.T.);
#3065=EDGE_CURVE($,#2550,#2552,#215,.T.);
#3066=EDGE_CURVE($,#2553,#2554,#216,.T.);
#3067=EDGE_CURVE($,#2555,#2553,#217,.T.);
#3068=EDGE_CURVE($,#2556,#2555,#218,.T.);
#3069=EDGE_CURVE($,#2556,#2554,#219,.T.);
#3070=EDGE_CURVE($,#2557,#2558,#220,.T.);
#3071=EDGE_CURVE($,#2558,#2559,#221,.T.);
#3072=EDGE_CURVE($,#2559,#2560,#222,.T.);
#3073=EDGE_CURVE($,#2560,#2557,#223,.T.);
#3074=EDGE_CURVE($,#2560,#2561,#224,.T.);
#3075=EDGE_CURVE($,#2562,#2561,#225,.T.);
#3076=EDGE_CURVE($,#2557,#2562,#226,.T.);
#3077=EDGE_CURVE($,#2559,#2563,#227,.T.);
#3078=EDGE_CURVE($,#2561,#2563,#228,.T.);
#3079=EDGE_CURVE($,#2558,#2564,#229,.T.);
#3080=EDGE_CURVE($,#2563,#2564,#230,.T.);
#3081=EDGE_CURVE($,#2564,#2562,#231,.T.);
#3082=EDGE_CURVE($,#2555,#2565,#232,.T.);
#3083=EDGE_CURVE($,#2565,#2566,#233,.T.);
#3084=EDGE_CURVE($,#2566,#2556,#234,.T.);
#3085=EDGE_CURVE($,#2567,#2552,#235,.T.);
#3086=EDGE_CURVE($,#2551,#2568,#236,.T.);
#3087=EDGE_CURVE($,#2568,#2567,#237,.T.);
#3088=EDGE_CURVE($,#2565,#2567,#238,.T.);
#3089=EDGE_CURVE($,#2566,#2568,#239,.T.);
#3090=EDGE_CURVE($,#2569,#2549,#240,.T.);
#3091=EDGE_CURVE($,#2570,#2569,#241,.T.);
#3092=EDGE_CURVE($,#2570,#2554,#242,.T.);
#3093=EDGE_CURVE($,#2571,#2550,#243,.T.);
#3094=EDGE_CURVE($,#2569,#2571,#244,.T.);
#3095=EDGE_CURVE($,#2571,#2572,#245,.T.);
#3096=EDGE_CURVE($,#2572,#2570,#246,.T.);
#3097=EDGE_CURVE($,#2572,#2553,#247,.T.);
#3098=EDGE_CURVE($,#2573,#2574,#248,.T.);
#3099=EDGE_CURVE($,#2573,#2575,#249,.T.);
#3100=EDGE_CURVE($,#2575,#2576,#250,.T.);
#3101=EDGE_CURVE($,#2574,#2576,#251,.T.);
#3102=EDGE_CURVE($,#2577,#2578,#252,.T.);
#3103=EDGE_CURVE($,#2577,#2579,#253,.T.);
#3104=EDGE_CURVE($,#2579,#2580,#254,.T.);
#3105=EDGE_CURVE($,#2578,#2580,#255,.T.);
#3106=EDGE_CURVE($,#2581,#2577,#256,.T.);
#3107=EDGE_CURVE($,#2582,#2581,#257,.T.);
#3108=EDGE_CURVE($,#2582,#2579,#258,.T.);
#3109=EDGE_CURVE($,#2574,#2583,#259,.T.);
#3110=EDGE_CURVE($,#2576,#2584,#260,.T.);
#3111=EDGE_CURVE($,#2583,#2584,#261,.T.);
#3112=EDGE_CURVE($,#2578,#2585,#262,.T.);
#3113=EDGE_CURVE($,#2580,#2586,#263,.T.);
#3114=EDGE_CURVE($,#2585,#2586,#264,.T.);
#3115=EDGE_CURVE($,#2587,#2573,#265,.T.);
#3116=EDGE_CURVE($,#2588,#2587,#266,.T.);
#3117=EDGE_CURVE($,#2588,#2575,#267,.T.);
#3118=EDGE_CURVE($,#2584,#2589,#268,.T.);
#3119=EDGE_CURVE($,#2590,#2589,#269,.T.);
#3120=EDGE_CURVE($,#2583,#2590,#270,.T.);
#3121=EDGE_CURVE($,#2591,#2592,#271,.T.);
#3122=EDGE_CURVE($,#2592,#2593,#2416,.T.);
#3123=EDGE_CURVE($,#2593,#2594,#272,.T.);
#3124=EDGE_CURVE($,#2594,#2591,#273,.T.);
#3125=EDGE_CURVE($,#2590,#2595,#274,.T.);
#3126=EDGE_CURVE($,#2595,#2581,#275,.T.);
#3127=EDGE_CURVE($,#2585,#2596,#276,.T.);
#3128=EDGE_CURVE($,#2596,#2597,#277,.T.);
#3129=EDGE_CURVE($,#2597,#2587,#278,.T.);
#3130=EDGE_CURVE($,#2586,#2598,#279,.T.);
#3131=EDGE_CURVE($,#2596,#2598,#280,.T.);
#3132=EDGE_CURVE($,#2597,#2599,#281,.T.);
#3133=EDGE_CURVE($,#2599,#2588,#282,.T.);
#3134=EDGE_CURVE($,#2589,#2600,#283,.T.);
#3135=EDGE_CURVE($,#2595,#2600,#284,.T.);
#3136=EDGE_CURVE($,#2598,#2599,#285,.T.);
#3137=EDGE_CURVE($,#2600,#2582,#286,.T.);
#3138=EDGE_CURVE($,#2601,#2602,#2417,.T.);
#3139=EDGE_CURVE($,#2603,#2601,#287,.T.);
#3140=EDGE_CURVE($,#2604,#2603,#288,.T.);
#3141=EDGE_CURVE($,#2602,#2604,#289,.T.);
#3142=EDGE_CURVE($,#2602,#2593,#290,.T.);
#3143=EDGE_CURVE($,#2594,#2604,#291,.T.);
#3144=EDGE_CURVE($,#2591,#2603,#292,.T.);
#3145=EDGE_CURVE($,#2592,#2601,#293,.T.);
#3146=EDGE_CURVE($,#2605,#2605,#2418,.T.);
#3147=EDGE_CURVE($,#2606,#2607,#294,.T.);
#3148=EDGE_CURVE($,#2607,#2608,#295,.T.);
#3149=EDGE_CURVE($,#2608,#2609,#296,.T.);
#3150=EDGE_CURVE($,#2609,#2606,#297,.T.);
#3151=EDGE_CURVE($,#2610,#2611,#298,.T.);
#3152=EDGE_CURVE($,#2611,#2612,#299,.T.);
#3153=EDGE_CURVE($,#2612,#2613,#300,.T.);
#3154=EDGE_CURVE($,#2613,#2610,#301,.T.);
#3155=EDGE_CURVE($,#2609,#2612,#302,.T.);
#3156=EDGE_CURVE($,#2606,#2611,#303,.T.);
#3157=EDGE_CURVE($,#2608,#2613,#304,.T.);
#3158=EDGE_CURVE($,#2607,#2610,#305,.T.);
#3159=EDGE_CURVE($,#2614,#2615,#306,.T.);
#3160=EDGE_CURVE($,#2615,#2616,#307,.T.);
#3161=EDGE_CURVE($,#2616,#2617,#308,.T.);
#3162=EDGE_CURVE($,#2617,#2614,#309,.T.);
#3163=EDGE_CURVE($,#2618,#2619,#310,.T.);
#3164=EDGE_CURVE($,#2619,#2620,#311,.T.);
#3165=EDGE_CURVE($,#2620,#2621,#312,.T.);
#3166=EDGE_CURVE($,#2621,#2618,#313,.T.);
#3167=EDGE_CURVE($,#2617,#2620,#314,.T.);
#3168=EDGE_CURVE($,#2614,#2619,#315,.T.);
#3169=EDGE_CURVE($,#2616,#2621,#316,.T.);
#3170=EDGE_CURVE($,#2615,#2618,#317,.T.);
#3171=EDGE_CURVE($,#2622,#2623,#318,.T.);
#3172=EDGE_CURVE($,#2623,#2624,#319,.T.);
#3173=EDGE_CURVE($,#2624,#2625,#320,.T.);
#3174=EDGE_CURVE($,#2625,#2622,#321,.T.);
#3175=EDGE_CURVE($,#2624,#2626,#322,.F.);
#3176=EDGE_CURVE($,#2626,#2627,#323,.T.);
#3177=EDGE_CURVE($,#2627,#2628,#324,.T.);
#3178=EDGE_CURVE($,#2628,#2629,#325,.T.);
#3179=EDGE_CURVE($,#2629,#2630,#326,.T.);
#3180=EDGE_CURVE($,#2630,#2631,#327,.T.);
#3181=EDGE_CURVE($,#2631,#2632,#328,.T.);
#3182=EDGE_CURVE($,#2632,#2633,#329,.T.);
#3183=EDGE_CURVE($,#2633,#2634,#330,.F.);
#3184=EDGE_CURVE($,#2635,#2634,#331,.T.);
#3185=EDGE_CURVE($,#2635,#2625,#332,.T.);
#3186=EDGE_CURVE($,#2636,#2637,#333,.T.);
#3187=EDGE_CURVE($,#2637,#2638,#334,.T.);
#3188=EDGE_CURVE($,#2638,#2639,#335,.T.);
#3189=EDGE_CURVE($,#2639,#2636,#336,.T.);
#3190=EDGE_CURVE($,#2634,#2640,#337,.T.);
#3191=EDGE_CURVE($,#2640,#2641,#338,.T.);
#3192=EDGE_CURVE($,#2641,#2635,#339,.T.);
#3193=EDGE_CURVE($,#2622,#2641,#340,.T.);
#3194=EDGE_CURVE($,#2640,#2642,#341,.T.);
#3195=EDGE_CURVE($,#2642,#2643,#342,.T.);
#3196=EDGE_CURVE($,#2643,#2644,#343,.T.);
#3197=EDGE_CURVE($,#2644,#2645,#344,.T.);
#3198=EDGE_CURVE($,#2645,#2646,#345,.T.);
#3199=EDGE_CURVE($,#2646,#2647,#346,.T.);
#3200=EDGE_CURVE($,#2647,#2648,#347,.T.);
#3201=EDGE_CURVE($,#2648,#2649,#348,.T.);
#3202=EDGE_CURVE($,#2649,#2623,#349,.T.);
#3203=EDGE_CURVE($,#2650,#2651,#350,.T.);
#3204=EDGE_CURVE($,#2651,#2652,#351,.T.);
#3205=EDGE_CURVE($,#2652,#2653,#352,.T.);
#3206=EDGE_CURVE($,#2653,#2650,#353,.T.);
#3207=EDGE_CURVE($,#2642,#2633,#354,.F.);
#3208=EDGE_CURVE($,#2652,#2639,#355,.T.);
#3209=EDGE_CURVE($,#2653,#2638,#356,.T.);
#3210=EDGE_CURVE($,#2650,#2637,#357,.T.);
#3211=EDGE_CURVE($,#2651,#2636,#358,.T.);
#3212=EDGE_CURVE($,#2643,#2632,#359,.T.);
#3213=EDGE_CURVE($,#2649,#2626,#360,.T.);
#3214=EDGE_CURVE($,#2648,#2627,#361,.T.);
#3215=EDGE_CURVE($,#2647,#2628,#362,.T.);
#3216=EDGE_CURVE($,#2646,#2629,#363,.T.);
#3217=EDGE_CURVE($,#2645,#2630,#364,.T.);
#3218=EDGE_CURVE($,#2644,#2631,#365,.T.);
#3219=EDGE_CURVE($,#2654,#2655,#366,.T.);
#3220=EDGE_CURVE($,#2654,#2656,#367,.T.);
#3221=EDGE_CURVE($,#2657,#2656,#368,.T.);
#3222=EDGE_CURVE($,#2655,#2657,#369,.T.);
#3223=EDGE_CURVE($,#2655,#2658,#370,.T.);
#3224=EDGE_CURVE($,#2659,#2657,#371,.T.);
#3225=EDGE_CURVE($,#2658,#2659,#372,.T.);
#3226=EDGE_CURVE($,#2656,#2660,#373,.T.);
#3227=EDGE_CURVE($,#2660,#2659,#374,.T.);
#3228=EDGE_CURVE($,#2658,#2661,#375,.T.);
#3229=EDGE_CURVE($,#2661,#2660,#376,.T.);
#3230=EDGE_CURVE($,#2661,#2654,#377,.T.);
#3231=EDGE_CURVE($,#2662,#2663,#378,.T.);
#3232=EDGE_CURVE($,#2664,#2662,#379,.T.);
#3233=EDGE_CURVE($,#2665,#2664,#380,.T.);
#3234=EDGE_CURVE($,#2663,#2665,#381,.T.);
#3235=EDGE_CURVE($,#2666,#2664,#382,.T.);
#3236=EDGE_CURVE($,#2667,#2666,#383,.F.);
#3237=EDGE_CURVE($,#2667,#2665,#384,.T.);
#3238=EDGE_CURVE($,#2668,#2662,#385,.T.);
#3239=EDGE_CURVE($,#2666,#2668,#386,.F.);
#3240=EDGE_CURVE($,#2669,#2667,#387,.F.);
#3241=EDGE_CURVE($,#2668,#2669,#388,.F.);
#3242=EDGE_CURVE($,#2669,#2663,#389,.T.);
#3243=EDGE_CURVE($,#2670,#2671,#390,.T.);
#3244=EDGE_CURVE($,#2670,#2672,#391,.T.);
#3245=EDGE_CURVE($,#2673,#2672,#392,.T.);
#3246=EDGE_CURVE($,#2671,#2673,#393,.T.);
#3247=EDGE_CURVE($,#2674,#2670,#394,.T.);
#3248=EDGE_CURVE($,#2674,#2675,#395,.T.);
#3249=EDGE_CURVE($,#2672,#2675,#396,.T.);
#3250=EDGE_CURVE($,#2675,#2676,#397,.T.);
#3251=EDGE_CURVE($,#2676,#2673,#398,.T.);
#3252=EDGE_CURVE($,#2677,#2674,#399,.T.);
#3253=EDGE_CURVE($,#2677,#2676,#400,.T.);
#3254=EDGE_CURVE($,#2671,#2677,#401,.T.);
#3255=EDGE_CURVE($,#2678,#2679,#402,.T.);
#3256=EDGE_CURVE($,#2678,#2680,#403,.T.);
#3257=EDGE_CURVE($,#2681,#2680,#404,.T.);
#3258=EDGE_CURVE($,#2679,#2681,#405,.T.);
#3259=EDGE_CURVE($,#2682,#2678,#406,.T.);
#3260=EDGE_CURVE($,#2682,#2683,#407,.T.);
#3261=EDGE_CURVE($,#2680,#2683,#408,.T.);
#3262=EDGE_CURVE($,#2683,#2684,#409,.T.);
#3263=EDGE_CURVE($,#2684,#2681,#410,.T.);
#3264=EDGE_CURVE($,#2685,#2682,#411,.T.);
#3265=EDGE_CURVE($,#2685,#2684,#412,.T.);
#3266=EDGE_CURVE($,#2679,#2685,#413,.T.);
#3267=EDGE_CURVE($,#2686,#2687,#414,.T.);
#3268=EDGE_CURVE($,#2686,#2688,#415,.T.);
#3269=EDGE_CURVE($,#2689,#2688,#416,.T.);
#3270=EDGE_CURVE($,#2687,#2689,#417,.T.);
#3271=EDGE_CURVE($,#2690,#2686,#418,.T.);
#3272=EDGE_CURVE($,#2690,#2691,#419,.T.);
#3273=EDGE_CURVE($,#2688,#2691,#420,.T.);
#3274=EDGE_CURVE($,#2691,#2692,#421,.T.);
#3275=EDGE_CURVE($,#2692,#2689,#422,.T.);
#3276=EDGE_CURVE($,#2693,#2690,#423,.T.);
#3277=EDGE_CURVE($,#2693,#2692,#424,.T.);
#3278=EDGE_CURVE($,#2687,#2693,#425,.T.);
#3279=EDGE_CURVE($,#2694,#2695,#426,.T.);
#3280=EDGE_CURVE($,#2695,#2696,#427,.T.);
#3281=EDGE_CURVE($,#2696,#2697,#428,.T.);
#3282=EDGE_CURVE($,#2697,#2694,#429,.T.);
#3283=EDGE_CURVE($,#2698,#2699,#430,.T.);
#3284=EDGE_CURVE($,#2700,#2698,#431,.T.);
#3285=EDGE_CURVE($,#2701,#2700,#432,.T.);
#3286=EDGE_CURVE($,#2699,#2701,#433,.T.);
#3287=EDGE_CURVE($,#2695,#2702,#434,.T.);
#3288=EDGE_CURVE($,#2703,#2702,#435,.T.);
#3289=EDGE_CURVE($,#2696,#2703,#436,.T.);
#3290=EDGE_CURVE($,#2704,#2703,#437,.T.);
#3291=EDGE_CURVE($,#2697,#2704,#438,.T.);
#3292=EDGE_CURVE($,#2705,#2704,#439,.T.);
#3293=EDGE_CURVE($,#2694,#2705,#440,.F.);
#3294=EDGE_CURVE($,#2702,#2705,#441,.T.);
#3295=EDGE_CURVE($,#2700,#2706,#442,.T.);
#3296=EDGE_CURVE($,#2707,#2706,#443,.T.);
#3297=EDGE_CURVE($,#2701,#2707,#444,.T.);
#3298=EDGE_CURVE($,#2698,#2708,#445,.T.);
#3299=EDGE_CURVE($,#2706,#2708,#446,.T.);
#3300=EDGE_CURVE($,#2708,#2709,#447,.T.);
#3301=EDGE_CURVE($,#2709,#2707,#448,.T.);
#3302=EDGE_CURVE($,#2699,#2709,#449,.T.);
#3303=EDGE_CURVE($,#2710,#2711,#450,.T.);
#3304=EDGE_CURVE($,#2711,#2712,#451,.T.);
#3305=EDGE_CURVE($,#2712,#2713,#452,.T.);
#3306=EDGE_CURVE($,#2713,#2710,#453,.T.);
#3307=EDGE_CURVE($,#2714,#2715,#454,.T.);
#3308=EDGE_CURVE($,#2715,#2716,#455,.T.);
#3309=EDGE_CURVE($,#2716,#2717,#456,.T.);
#3310=EDGE_CURVE($,#2717,#2714,#457,.T.);
#3311=EDGE_CURVE($,#2713,#2716,#458,.T.);
#3312=EDGE_CURVE($,#2710,#2715,#459,.T.);
#3313=EDGE_CURVE($,#2712,#2717,#460,.T.);
#3314=EDGE_CURVE($,#2711,#2714,#461,.T.);
#3315=EDGE_CURVE($,#2718,#2718,#2419,.T.);
#3316=EDGE_CURVE($,#2719,#2720,#462,.T.);
#3317=EDGE_CURVE($,#2720,#2721,#463,.T.);
#3318=EDGE_CURVE($,#2721,#2722,#464,.T.);
#3319=EDGE_CURVE($,#2722,#2719,#465,.T.);
#3320=EDGE_CURVE($,#2723,#2724,#466,.T.);
#3321=EDGE_CURVE($,#2724,#2725,#467,.T.);
#3322=EDGE_CURVE($,#2725,#2726,#468,.T.);
#3323=EDGE_CURVE($,#2726,#2723,#469,.T.);
#3324=EDGE_CURVE($,#2726,#2727,#470,.T.);
#3325=EDGE_CURVE($,#2728,#2727,#471,.T.);
#3326=EDGE_CURVE($,#2723,#2728,#472,.T.);
#3327=EDGE_CURVE($,#2724,#2722,#473,.T.);
#3328=EDGE_CURVE($,#2725,#2721,#474,.T.);
#3329=EDGE_CURVE($,#2727,#2729,#475,.T.);
#3330=EDGE_CURVE($,#2729,#2730,#476,.T.);
#3331=EDGE_CURVE($,#2730,#2728,#477,.T.);
#3332=EDGE_CURVE($,#2731,#2732,#478,.T.);
#3333=EDGE_CURVE($,#2731,#2733,#479,.T.);
#3334=EDGE_CURVE($,#2734,#2733,#480,.T.);
#3335=EDGE_CURVE($,#2732,#2734,#481,.T.);
#3336=EDGE_CURVE($,#2735,#2731,#482,.T.);
#3337=EDGE_CURVE($,#2735,#2736,#483,.T.);
#3338=EDGE_CURVE($,#2733,#2736,#484,.T.);
#3339=EDGE_CURVE($,#2736,#2737,#485,.T.);
#3340=EDGE_CURVE($,#2737,#2734,#486,.T.);
#3341=EDGE_CURVE($,#2738,#2735,#487,.T.);
#3342=EDGE_CURVE($,#2738,#2737,#488,.T.);
#3343=EDGE_CURVE($,#2732,#2738,#489,.T.);
#3344=EDGE_CURVE($,#2739,#2740,#490,.T.);
#3345=EDGE_CURVE($,#2739,#2741,#491,.T.);
#3346=EDGE_CURVE($,#2742,#2741,#492,.T.);
#3347=EDGE_CURVE($,#2740,#2742,#493,.T.);
#3348=EDGE_CURVE($,#2743,#2739,#494,.T.);
#3349=EDGE_CURVE($,#2743,#2744,#495,.T.);
#3350=EDGE_CURVE($,#2741,#2744,#496,.T.);
#3351=EDGE_CURVE($,#2744,#2745,#497,.T.);
#3352=EDGE_CURVE($,#2745,#2742,#498,.T.);
#3353=EDGE_CURVE($,#2746,#2743,#499,.T.);
#3354=EDGE_CURVE($,#2746,#2745,#500,.T.);
#3355=EDGE_CURVE($,#2740,#2746,#501,.T.);
#3356=EDGE_CURVE($,#2747,#2748,#502,.T.);
#3357=EDGE_CURVE($,#2747,#2749,#503,.T.);
#3358=EDGE_CURVE($,#2750,#2749,#504,.T.);
#3359=EDGE_CURVE($,#2748,#2750,#505,.T.);
#3360=EDGE_CURVE($,#2751,#2747,#506,.T.);
#3361=EDGE_CURVE($,#2751,#2752,#507,.T.);
#3362=EDGE_CURVE($,#2749,#2752,#508,.T.);
#3363=EDGE_CURVE($,#2752,#2753,#509,.T.);
#3364=EDGE_CURVE($,#2753,#2750,#510,.T.);
#3365=EDGE_CURVE($,#2754,#2751,#511,.T.);
#3366=EDGE_CURVE($,#2754,#2753,#512,.T.);
#3367=EDGE_CURVE($,#2748,#2754,#513,.T.);
#3368=EDGE_CURVE($,#2755,#2756,#514,.T.);
#3369=EDGE_CURVE($,#2756,#2757,#515,.T.);
#3370=EDGE_CURVE($,#2757,#2758,#516,.T.);
#3371=EDGE_CURVE($,#2758,#2755,#517,.T.);
#3372=EDGE_CURVE($,#2759,#2760,#518,.T.);
#3373=EDGE_CURVE($,#2761,#2759,#519,.T.);
#3374=EDGE_CURVE($,#2762,#2761,#520,.T.);
#3375=EDGE_CURVE($,#2760,#2762,#521,.T.);
#3376=EDGE_CURVE($,#2756,#2729,#522,.T.);
#3377=EDGE_CURVE($,#2757,#2720,#523,.T.);
#3378=EDGE_CURVE($,#2758,#2719,#524,.T.);
#3379=EDGE_CURVE($,#2755,#2730,#525,.F.);
#3380=EDGE_CURVE($,#2761,#2763,#526,.T.);
#3381=EDGE_CURVE($,#2764,#2763,#527,.T.);
#3382=EDGE_CURVE($,#2762,#2764,#528,.T.);
#3383=EDGE_CURVE($,#2759,#2765,#529,.T.);
#3384=EDGE_CURVE($,#2763,#2765,#530,.T.);
#3385=EDGE_CURVE($,#2765,#2766,#531,.T.);
#3386=EDGE_CURVE($,#2766,#2764,#532,.T.);
#3387=EDGE_CURVE($,#2760,#2766,#533,.T.);
#3388=EDGE_CURVE($,#2767,#2768,#534,.T.);
#3389=EDGE_CURVE($,#2768,#2769,#535,.T.);
#3390=EDGE_CURVE($,#2769,#2770,#536,.T.);
#3391=EDGE_CURVE($,#2770,#2767,#537,.T.);
#3392=EDGE_CURVE($,#2771,#2772,#538,.T.);
#3393=EDGE_CURVE($,#2772,#2773,#539,.T.);
#3394=EDGE_CURVE($,#2773,#2774,#540,.T.);
#3395=EDGE_CURVE($,#2774,#2771,#541,.T.);
#3396=EDGE_CURVE($,#2770,#2773,#542,.T.);
#3397=EDGE_CURVE($,#2767,#2772,#543,.T.);
#3398=EDGE_CURVE($,#2769,#2774,#544,.T.);
#3399=EDGE_CURVE($,#2768,#2771,#545,.T.);
#3400=EDGE_CURVE($,#2775,#2776,#546,.T.);
#3401=EDGE_CURVE($,#2776,#2777,#547,.T.);
#3402=EDGE_CURVE($,#2777,#2778,#548,.T.);
#3403=EDGE_CURVE($,#2778,#2775,#549,.T.);
#3404=EDGE_CURVE($,#2779,#2780,#550,.T.);
#3405=EDGE_CURVE($,#2780,#2781,#551,.T.);
#3406=EDGE_CURVE($,#2781,#2782,#552,.T.);
#3407=EDGE_CURVE($,#2782,#2779,#553,.T.);
#3408=EDGE_CURVE($,#2778,#2781,#554,.T.);
#3409=EDGE_CURVE($,#2775,#2780,#555,.T.);
#3410=EDGE_CURVE($,#2777,#2782,#556,.T.);
#3411=EDGE_CURVE($,#2776,#2779,#557,.T.);
#3412=EDGE_CURVE($,#2783,#2784,#558,.T.);
#3413=EDGE_CURVE($,#2784,#2785,#559,.T.);
#3414=EDGE_CURVE($,#2785,#2786,#560,.T.);
#3415=EDGE_CURVE($,#2786,#2783,#561,.T.);
#3416=EDGE_CURVE($,#2787,#2788,#562,.T.);
#3417=EDGE_CURVE($,#2788,#2789,#563,.T.);
#3418=EDGE_CURVE($,#2789,#2790,#564,.T.);
#3419=EDGE_CURVE($,#2790,#2787,#565,.T.);
#3420=EDGE_CURVE($,#2786,#2789,#566,.T.);
#3421=EDGE_CURVE($,#2783,#2788,#567,.T.);
#3422=EDGE_CURVE($,#2785,#2790,#568,.T.);
#3423=EDGE_CURVE($,#2784,#2787,#569,.T.);
#3424=EDGE_CURVE($,#2791,#2792,#570,.T.);
#3425=EDGE_CURVE($,#2793,#2791,#571,.F.);
#3426=EDGE_CURVE($,#2793,#2794,#572,.F.);
#3427=EDGE_CURVE($,#2792,#2794,#573,.F.);
#3428=EDGE_CURVE($,#2795,#2791,#574,.T.);
#3429=EDGE_CURVE($,#2795,#2796,#575,.T.);
#3430=EDGE_CURVE($,#2796,#2793,#576,.T.);
#3431=EDGE_CURVE($,#2795,#2797,#577,.T.);
#3432=EDGE_CURVE($,#2798,#2797,#578,.T.);
#3433=EDGE_CURVE($,#2796,#2798,#579,.T.);
#3434=EDGE_CURVE($,#2794,#2798,#580,.T.);
#3435=EDGE_CURVE($,#2797,#2792,#581,.T.);
#3436=EDGE_CURVE($,#2799,#2800,#582,.T.);
#3437=EDGE_CURVE($,#2800,#2801,#583,.T.);
#3438=EDGE_CURVE($,#2801,#2802,#584,.T.);
#3439=EDGE_CURVE($,#2802,#2799,#585,.T.);
#3440=EDGE_CURVE($,#2803,#2804,#586,.T.);
#3441=EDGE_CURVE($,#2804,#2805,#587,.T.);
#3442=EDGE_CURVE($,#2805,#2806,#588,.T.);
#3443=EDGE_CURVE($,#2806,#2803,#589,.T.);
#3444=EDGE_CURVE($,#2802,#2805,#590,.T.);
#3445=EDGE_CURVE($,#2799,#2804,#591,.T.);
#3446=EDGE_CURVE($,#2801,#2806,#592,.T.);
#3447=EDGE_CURVE($,#2800,#2803,#593,.T.);
#3448=EDGE_CURVE($,#2807,#2808,#594,.T.);
#3449=EDGE_CURVE($,#2809,#2807,#595,.T.);
#3450=EDGE_CURVE($,#2810,#2809,#596,.F.);
#3451=EDGE_CURVE($,#2808,#2810,#597,.T.);
#3452=EDGE_CURVE($,#2809,#2811,#598,.F.);
#3453=EDGE_CURVE($,#2812,#2811,#599,.F.);
#3454=EDGE_CURVE($,#2810,#2812,#600,.T.);
#3455=EDGE_CURVE($,#2807,#2813,#601,.T.);
#3456=EDGE_CURVE($,#2811,#2813,#602,.T.);
#3457=EDGE_CURVE($,#2808,#2814,#603,.T.);
#3458=EDGE_CURVE($,#2813,#2814,#604,.T.);
#3459=EDGE_CURVE($,#2814,#2812,#605,.T.);
#3460=EDGE_CURVE($,#2815,#2816,#606,.T.);
#3461=EDGE_CURVE($,#2817,#2815,#2420,.T.);
#3462=EDGE_CURVE($,#2818,#2817,#607,.T.);
#3463=EDGE_CURVE($,#2816,#2818,#2421,.T.);
#3464=EDGE_CURVE($,#2819,#2819,#2422,.T.);
#3465=EDGE_CURVE($,#2816,#2818,#608,.T.);
#3466=EDGE_CURVE($,#2817,#2820,#609,.T.);
#3467=EDGE_CURVE($,#2820,#2821,#610,.T.);
#3468=EDGE_CURVE($,#2821,#2822,#611,.T.);
#3469=EDGE_CURVE($,#2822,#2823,#612,.T.);
#3470=EDGE_CURVE($,#2823,#2815,#613,.T.);
#3471=EDGE_CURVE($,#2824,#2825,#614,.T.);
#3472=EDGE_CURVE($,#2825,#2826,#615,.T.);
#3473=EDGE_CURVE($,#2826,#2827,#616,.T.);
#3474=EDGE_CURVE($,#2827,#2824,#617,.T.);
#3475=EDGE_CURVE($,#2824,#2823,#618,.T.);
#3476=EDGE_CURVE($,#2827,#2820,#619,.T.);
#3477=EDGE_CURVE($,#2826,#2821,#620,.T.);
#3478=EDGE_CURVE($,#2825,#2822,#621,.T.);
#3479=EDGE_CURVE($,#2828,#2828,#2423,.T.);
#3480=EDGE_CURVE($,#2829,#2829,#2424,.T.);
#3481=EDGE_CURVE($,#2830,#2830,#2425,.T.);
#3482=EDGE_CURVE($,#2831,#2832,#622,.T.);
#3483=EDGE_CURVE($,#2832,#2833,#623,.T.);
#3484=EDGE_CURVE($,#2833,#2834,#624,.T.);
#3485=EDGE_CURVE($,#2834,#2831,#625,.T.);
#3486=EDGE_CURVE($,#2835,#2836,#626,.T.);
#3487=EDGE_CURVE($,#2836,#2837,#627,.T.);
#3488=EDGE_CURVE($,#2837,#2838,#628,.T.);
#3489=EDGE_CURVE($,#2838,#2835,#629,.T.);
#3490=EDGE_CURVE($,#2834,#2837,#630,.T.);
#3491=EDGE_CURVE($,#2831,#2836,#631,.T.);
#3492=EDGE_CURVE($,#2833,#2838,#632,.T.);
#3493=EDGE_CURVE($,#2832,#2835,#633,.T.);
#3494=EDGE_CURVE($,#2839,#2840,#634,.T.);
#3495=EDGE_CURVE($,#2840,#2841,#635,.T.);
#3496=EDGE_CURVE($,#2841,#2842,#636,.T.);
#3497=EDGE_CURVE($,#2842,#2839,#637,.T.);
#3498=EDGE_CURVE($,#2843,#2844,#638,.T.);
#3499=EDGE_CURVE($,#2844,#2845,#639,.T.);
#3500=EDGE_CURVE($,#2845,#2846,#640,.T.);
#3501=EDGE_CURVE($,#2846,#2843,#641,.T.);
#3502=EDGE_CURVE($,#2842,#2845,#642,.T.);
#3503=EDGE_CURVE($,#2839,#2844,#643,.T.);
#3504=EDGE_CURVE($,#2841,#2846,#644,.T.);
#3505=EDGE_CURVE($,#2840,#2843,#645,.T.);
#3506=EDGE_CURVE($,#2847,#2848,#646,.T.);
#3507=EDGE_CURVE($,#2848,#2849,#647,.T.);
#3508=EDGE_CURVE($,#2849,#2850,#648,.T.);
#3509=EDGE_CURVE($,#2850,#2847,#649,.T.);
#3510=EDGE_CURVE($,#2851,#2852,#650,.T.);
#3511=EDGE_CURVE($,#2852,#2853,#651,.T.);
#3512=EDGE_CURVE($,#2853,#2854,#652,.T.);
#3513=EDGE_CURVE($,#2854,#2851,#653,.T.);
#3514=EDGE_CURVE($,#2850,#2853,#654,.T.);
#3515=EDGE_CURVE($,#2847,#2852,#655,.T.);
#3516=EDGE_CURVE($,#2849,#2854,#656,.T.);
#3517=EDGE_CURVE($,#2848,#2851,#657,.T.);
#3518=EDGE_CURVE($,#2855,#2856,#658,.T.);
#3519=EDGE_CURVE($,#2856,#2857,#659,.T.);
#3520=EDGE_CURVE($,#2857,#2858,#660,.T.);
#3521=EDGE_CURVE($,#2858,#2855,#661,.T.);
#3522=EDGE_CURVE($,#2859,#2860,#662,.T.);
#3523=EDGE_CURVE($,#2860,#2861,#663,.T.);
#3524=EDGE_CURVE($,#2861,#2862,#664,.T.);
#3525=EDGE_CURVE($,#2862,#2859,#665,.T.);
#3526=EDGE_CURVE($,#2858,#2861,#666,.T.);
#3527=EDGE_CURVE($,#2855,#2860,#667,.T.);
#3528=EDGE_CURVE($,#2857,#2862,#668,.T.);
#3529=EDGE_CURVE($,#2856,#2859,#669,.T.);
#3530=EDGE_CURVE($,#2863,#2864,#670,.T.);
#3531=EDGE_CURVE($,#2864,#2865,#671,.T.);
#3532=EDGE_CURVE($,#2865,#2866,#672,.T.);
#3533=EDGE_CURVE($,#2866,#2863,#673,.T.);
#3534=EDGE_CURVE($,#2867,#2868,#674,.T.);
#3535=EDGE_CURVE($,#2868,#2869,#675,.T.);
#3536=EDGE_CURVE($,#2869,#2870,#676,.T.);
#3537=EDGE_CURVE($,#2870,#2867,#677,.T.);
#3538=EDGE_CURVE($,#2866,#2869,#678,.T.);
#3539=EDGE_CURVE($,#2863,#2868,#679,.T.);
#3540=EDGE_CURVE($,#2865,#2870,#680,.T.);
#3541=EDGE_CURVE($,#2864,#2867,#681,.T.);
#3542=EDGE_CURVE($,#2871,#2872,#682,.T.);
#3543=EDGE_CURVE($,#2872,#2873,#683,.T.);
#3544=EDGE_CURVE($,#2873,#2874,#684,.T.);
#3545=EDGE_CURVE($,#2874,#2871,#685,.T.);
#3546=EDGE_CURVE($,#2875,#2876,#686,.T.);
#3547=EDGE_CURVE($,#2876,#2877,#687,.T.);
#3548=EDGE_CURVE($,#2877,#2878,#688,.T.);
#3549=EDGE_CURVE($,#2878,#2875,#689,.T.);
#3550=EDGE_CURVE($,#2874,#2877,#690,.T.);
#3551=EDGE_CURVE($,#2871,#2876,#691,.T.);
#3552=EDGE_CURVE($,#2873,#2878,#692,.T.);
#3553=EDGE_CURVE($,#2872,#2875,#693,.T.);
#3554=EDGE_CURVE($,#2879,#2880,#694,.T.);
#3555=EDGE_CURVE($,#2880,#2881,#695,.T.);
#3556=EDGE_CURVE($,#2881,#2882,#696,.T.);
#3557=EDGE_CURVE($,#2882,#2879,#697,.T.);
#3558=EDGE_CURVE($,#2883,#2884,#698,.T.);
#3559=EDGE_CURVE($,#2884,#2885,#699,.T.);
#3560=EDGE_CURVE($,#2885,#2886,#700,.T.);
#3561=EDGE_CURVE($,#2886,#2883,#701,.T.);
#3562=EDGE_CURVE($,#2882,#2885,#702,.T.);
#3563=EDGE_CURVE($,#2879,#2884,#703,.T.);
#3564=EDGE_CURVE($,#2881,#2886,#704,.T.);
#3565=EDGE_CURVE($,#2880,#2883,#705,.T.);
#3566=EDGE_CURVE($,#2887,#2887,#2426,.T.);
#3567=EDGE_CURVE($,#2888,#2888,#2427,.T.);
#3568=ORIENTED_EDGE($,*,*,#2889,.F.);
#3569=ORIENTED_EDGE($,*,*,#2890,.T.);
#3570=ORIENTED_EDGE($,*,*,#2890,.F.);
#3571=ORIENTED_EDGE($,*,*,#2891,.F.);
#3572=ORIENTED_EDGE($,*,*,#2892,.F.);
#3573=ORIENTED_EDGE($,*,*,#2893,.F.);
#3574=ORIENTED_EDGE($,*,*,#2894,.F.);
#3575=ORIENTED_EDGE($,*,*,#2893,.T.);
#3576=ORIENTED_EDGE($,*,*,#2895,.T.);
#3577=ORIENTED_EDGE($,*,*,#2896,.F.);
#3578=ORIENTED_EDGE($,*,*,#2897,.F.);
#3579=ORIENTED_EDGE($,*,*,#2892,.T.);
#3580=ORIENTED_EDGE($,*,*,#2898,.T.);
#3581=ORIENTED_EDGE($,*,*,#2899,.F.);
#3582=ORIENTED_EDGE($,*,*,#2895,.F.);
#3583=ORIENTED_EDGE($,*,*,#2889,.T.);
#3584=ORIENTED_EDGE($,*,*,#2891,.T.);
#3585=ORIENTED_EDGE($,*,*,#2900,.T.);
#3586=ORIENTED_EDGE($,*,*,#2901,.F.);
#3587=ORIENTED_EDGE($,*,*,#2898,.F.);
#3588=ORIENTED_EDGE($,*,*,#2900,.F.);
#3589=ORIENTED_EDGE($,*,*,#2894,.T.);
#3590=ORIENTED_EDGE($,*,*,#2897,.T.);
#3591=ORIENTED_EDGE($,*,*,#2902,.F.);
#3592=ORIENTED_EDGE($,*,*,#2901,.T.);
#3593=ORIENTED_EDGE($,*,*,#2902,.T.);
#3594=ORIENTED_EDGE($,*,*,#2896,.T.);
#3595=ORIENTED_EDGE($,*,*,#2899,.T.);
#3596=ORIENTED_EDGE($,*,*,#2903,.F.);
#3597=ORIENTED_EDGE($,*,*,#2904,.F.);
#3598=ORIENTED_EDGE($,*,*,#2905,.F.);
#3599=ORIENTED_EDGE($,*,*,#2906,.F.);
#3600=ORIENTED_EDGE($,*,*,#2905,.T.);
#3601=ORIENTED_EDGE($,*,*,#2907,.T.);
#3602=ORIENTED_EDGE($,*,*,#2908,.T.);
#3603=ORIENTED_EDGE($,*,*,#2909,.T.);
#3604=ORIENTED_EDGE($,*,*,#2904,.T.);
#3605=ORIENTED_EDGE($,*,*,#2910,.F.);
#3606=ORIENTED_EDGE($,*,*,#2911,.T.);
#3607=ORIENTED_EDGE($,*,*,#2907,.F.);
#3608=ORIENTED_EDGE($,*,*,#2903,.T.);
#3609=ORIENTED_EDGE($,*,*,#2912,.F.);
#3610=ORIENTED_EDGE($,*,*,#2913,.T.);
#3611=ORIENTED_EDGE($,*,*,#2910,.T.);
#3612=ORIENTED_EDGE($,*,*,#2908,.F.);
#3613=ORIENTED_EDGE($,*,*,#2911,.F.);
#3614=ORIENTED_EDGE($,*,*,#2913,.F.);
#3615=ORIENTED_EDGE($,*,*,#2914,.F.);
#3616=ORIENTED_EDGE($,*,*,#2906,.T.);
#3617=ORIENTED_EDGE($,*,*,#2909,.F.);
#3618=ORIENTED_EDGE($,*,*,#2914,.T.);
#3619=ORIENTED_EDGE($,*,*,#2912,.T.);
#3620=ORIENTED_EDGE($,*,*,#2915,.F.);
#3621=ORIENTED_EDGE($,*,*,#2916,.T.);
#3622=ORIENTED_EDGE($,*,*,#2917,.T.);
#3623=ORIENTED_EDGE($,*,*,#2918,.T.);
#3624=ORIENTED_EDGE($,*,*,#2919,.F.);
#3625=ORIENTED_EDGE($,*,*,#2918,.F.);
#3626=ORIENTED_EDGE($,*,*,#2920,.F.);
#3627=ORIENTED_EDGE($,*,*,#2921,.F.);
#3628=ORIENTED_EDGE($,*,*,#2917,.F.);
#3629=ORIENTED_EDGE($,*,*,#2922,.T.);
#3630=ORIENTED_EDGE($,*,*,#2923,.T.);
#3631=ORIENTED_EDGE($,*,*,#2920,.T.);
#3632=ORIENTED_EDGE($,*,*,#2924,.F.);
#3633=ORIENTED_EDGE($,*,*,#2921,.T.);
#3634=ORIENTED_EDGE($,*,*,#2923,.F.);
#3635=ORIENTED_EDGE($,*,*,#2925,.F.);
#3636=ORIENTED_EDGE($,*,*,#2926,.F.);
#3637=ORIENTED_EDGE($,*,*,#2925,.T.);
#3638=ORIENTED_EDGE($,*,*,#2922,.F.);
#3639=ORIENTED_EDGE($,*,*,#2916,.F.);
#3640=ORIENTED_EDGE($,*,*,#2924,.T.);
#3641=ORIENTED_EDGE($,*,*,#2926,.T.);
#3642=ORIENTED_EDGE($,*,*,#2915,.T.);
#3643=ORIENTED_EDGE($,*,*,#2919,.T.);
#3644=ORIENTED_EDGE($,*,*,#2927,.F.);
#3645=ORIENTED_EDGE($,*,*,#2928,.F.);
#3646=ORIENTED_EDGE($,*,*,#2929,.F.);
#3647=ORIENTED_EDGE($,*,*,#2930,.F.);
#3648=ORIENTED_EDGE($,*,*,#2931,.F.);
#3649=ORIENTED_EDGE($,*,*,#2932,.F.);
#3650=ORIENTED_EDGE($,*,*,#2931,.T.);
#3651=ORIENTED_EDGE($,*,*,#2933,.T.);
#3652=ORIENTED_EDGE($,*,*,#2934,.T.);
#3653=ORIENTED_EDGE($,*,*,#2935,.T.);
#3654=ORIENTED_EDGE($,*,*,#2927,.T.);
#3655=ORIENTED_EDGE($,*,*,#2930,.T.);
#3656=ORIENTED_EDGE($,*,*,#2936,.T.);
#3657=ORIENTED_EDGE($,*,*,#2937,.T.);
#3658=ORIENTED_EDGE($,*,*,#2933,.F.);
#3659=ORIENTED_EDGE($,*,*,#2929,.T.);
#3660=ORIENTED_EDGE($,*,*,#2938,.F.);
#3661=ORIENTED_EDGE($,*,*,#2939,.F.);
#3662=ORIENTED_EDGE($,*,*,#2936,.F.);
#3663=ORIENTED_EDGE($,*,*,#2939,.T.);
#3664=ORIENTED_EDGE($,*,*,#2940,.T.);
#3665=ORIENTED_EDGE($,*,*,#2934,.F.);
#3666=ORIENTED_EDGE($,*,*,#2937,.F.);
#3667=ORIENTED_EDGE($,*,*,#2928,.T.);
#3668=ORIENTED_EDGE($,*,*,#2932,.T.);
#3669=ORIENTED_EDGE($,*,*,#2935,.F.);
#3670=ORIENTED_EDGE($,*,*,#2940,.F.);
#3671=ORIENTED_EDGE($,*,*,#2938,.T.);
#3672=ORIENTED_EDGE($,*,*,#2941,.T.);
#3673=ORIENTED_EDGE($,*,*,#2942,.T.);
#3674=ORIENTED_EDGE($,*,*,#2943,.T.);
#3675=ORIENTED_EDGE($,*,*,#2944,.T.);
#3676=ORIENTED_EDGE($,*,*,#2945,.T.);
#3677=ORIENTED_EDGE($,*,*,#2946,.T.);
#3678=ORIENTED_EDGE($,*,*,#2947,.T.);
#3679=ORIENTED_EDGE($,*,*,#2948,.T.);
#3680=ORIENTED_EDGE($,*,*,#2949,.T.);
#3681=ORIENTED_EDGE($,*,*,#2946,.F.);
#3682=ORIENTED_EDGE($,*,*,#2950,.F.);
#3683=ORIENTED_EDGE($,*,*,#2944,.F.);
#3684=ORIENTED_EDGE($,*,*,#2951,.T.);
#3685=ORIENTED_EDGE($,*,*,#2947,.F.);
#3686=ORIENTED_EDGE($,*,*,#2949,.F.);
#3687=ORIENTED_EDGE($,*,*,#2943,.F.);
#3688=ORIENTED_EDGE($,*,*,#2952,.T.);
#3689=ORIENTED_EDGE($,*,*,#2948,.F.);
#3690=ORIENTED_EDGE($,*,*,#2951,.F.);
#3691=ORIENTED_EDGE($,*,*,#2942,.F.);
#3692=ORIENTED_EDGE($,*,*,#2950,.T.);
#3693=ORIENTED_EDGE($,*,*,#2945,.F.);
#3694=ORIENTED_EDGE($,*,*,#2952,.F.);
#3695=ORIENTED_EDGE($,*,*,#2941,.F.);
#3696=ORIENTED_EDGE($,*,*,#2953,.F.);
#3697=ORIENTED_EDGE($,*,*,#2953,.T.);
#3698=ORIENTED_EDGE($,*,*,#2954,.T.);
#3699=ORIENTED_EDGE($,*,*,#2955,.T.);
#3700=ORIENTED_EDGE($,*,*,#2956,.T.);
#3701=ORIENTED_EDGE($,*,*,#2957,.T.);
#3702=ORIENTED_EDGE($,*,*,#2958,.T.);
#3703=ORIENTED_EDGE($,*,*,#2959,.T.);
#3704=ORIENTED_EDGE($,*,*,#2960,.T.);
#3705=ORIENTED_EDGE($,*,*,#2961,.T.);
#3706=ORIENTED_EDGE($,*,*,#2962,.T.);
#3707=ORIENTED_EDGE($,*,*,#2959,.F.);
#3708=ORIENTED_EDGE($,*,*,#2963,.F.);
#3709=ORIENTED_EDGE($,*,*,#2957,.F.);
#3710=ORIENTED_EDGE($,*,*,#2964,.T.);
#3711=ORIENTED_EDGE($,*,*,#2960,.F.);
#3712=ORIENTED_EDGE($,*,*,#2962,.F.);
#3713=ORIENTED_EDGE($,*,*,#2956,.F.);
#3714=ORIENTED_EDGE($,*,*,#2965,.T.);
#3715=ORIENTED_EDGE($,*,*,#2961,.F.);
#3716=ORIENTED_EDGE($,*,*,#2964,.F.);
#3717=ORIENTED_EDGE($,*,*,#2955,.F.);
#3718=ORIENTED_EDGE($,*,*,#2963,.T.);
#3719=ORIENTED_EDGE($,*,*,#2958,.F.);
#3720=ORIENTED_EDGE($,*,*,#2965,.F.);
#3721=ORIENTED_EDGE($,*,*,#2954,.F.);
#3722=ORIENTED_EDGE($,*,*,#2966,.F.);
#3723=ORIENTED_EDGE($,*,*,#2967,.F.);
#3724=ORIENTED_EDGE($,*,*,#2966,.T.);
#3725=ORIENTED_EDGE($,*,*,#2968,.F.);
#3726=ORIENTED_EDGE($,*,*,#2969,.F.);
#3727=ORIENTED_EDGE($,*,*,#2968,.T.);
#3728=ORIENTED_EDGE($,*,*,#2970,.F.);
#3729=ORIENTED_EDGE($,*,*,#2971,.F.);
#3730=ORIENTED_EDGE($,*,*,#2970,.T.);
#3731=ORIENTED_EDGE($,*,*,#2972,.F.);
#3732=ORIENTED_EDGE($,*,*,#2973,.F.);
#3733=ORIENTED_EDGE($,*,*,#2972,.T.);
#3734=ORIENTED_EDGE($,*,*,#2974,.T.);
#3735=ORIENTED_EDGE($,*,*,#2975,.T.);
#3736=ORIENTED_EDGE($,*,*,#2976,.T.);
#3737=ORIENTED_EDGE($,*,*,#2977,.T.);
#3738=ORIENTED_EDGE($,*,*,#2967,.T.);
#3739=ORIENTED_EDGE($,*,*,#2969,.T.);
#3740=ORIENTED_EDGE($,*,*,#2971,.T.);
#3741=ORIENTED_EDGE($,*,*,#2973,.T.);
#3742=ORIENTED_EDGE($,*,*,#2978,.T.);
#3743=ORIENTED_EDGE($,*,*,#2979,.T.);
#3744=ORIENTED_EDGE($,*,*,#2980,.T.);
#3745=ORIENTED_EDGE($,*,*,#2981,.T.);
#3746=ORIENTED_EDGE($,*,*,#2982,.T.);
#3747=ORIENTED_EDGE($,*,*,#2979,.F.);
#3748=ORIENTED_EDGE($,*,*,#2983,.F.);
#3749=ORIENTED_EDGE($,*,*,#2977,.F.);
#3750=ORIENTED_EDGE($,*,*,#2984,.T.);
#3751=ORIENTED_EDGE($,*,*,#2980,.F.);
#3752=ORIENTED_EDGE($,*,*,#2982,.F.);
#3753=ORIENTED_EDGE($,*,*,#2976,.F.);
#3754=ORIENTED_EDGE($,*,*,#2985,.T.);
#3755=ORIENTED_EDGE($,*,*,#2981,.F.);
#3756=ORIENTED_EDGE($,*,*,#2984,.F.);
#3757=ORIENTED_EDGE($,*,*,#2975,.F.);
#3758=ORIENTED_EDGE($,*,*,#2983,.T.);
#3759=ORIENTED_EDGE($,*,*,#2978,.F.);
#3760=ORIENTED_EDGE($,*,*,#2985,.F.);
#3761=ORIENTED_EDGE($,*,*,#2974,.F.);
#3762=ORIENTED_EDGE($,*,*,#2986,.T.);
#3763=ORIENTED_EDGE($,*,*,#2987,.T.);
#3764=ORIENTED_EDGE($,*,*,#2988,.T.);
#3765=ORIENTED_EDGE($,*,*,#2989,.T.);
#3766=ORIENTED_EDGE($,*,*,#2990,.T.);
#3767=ORIENTED_EDGE($,*,*,#2991,.T.);
#3768=ORIENTED_EDGE($,*,*,#2992,.T.);
#3769=ORIENTED_EDGE($,*,*,#2993,.T.);
#3770=ORIENTED_EDGE($,*,*,#2994,.T.);
#3771=ORIENTED_EDGE($,*,*,#2991,.F.);
#3772=ORIENTED_EDGE($,*,*,#2995,.F.);
#3773=ORIENTED_EDGE($,*,*,#2989,.F.);
#3774=ORIENTED_EDGE($,*,*,#2996,.T.);
#3775=ORIENTED_EDGE($,*,*,#2992,.F.);
#3776=ORIENTED_EDGE($,*,*,#2994,.F.);
#3777=ORIENTED_EDGE($,*,*,#2988,.F.);
#3778=ORIENTED_EDGE($,*,*,#2997,.T.);
#3779=ORIENTED_EDGE($,*,*,#2993,.F.);
#3780=ORIENTED_EDGE($,*,*,#2996,.F.);
#3781=ORIENTED_EDGE($,*,*,#2987,.F.);
#3782=ORIENTED_EDGE($,*,*,#2995,.T.);
#3783=ORIENTED_EDGE($,*,*,#2990,.F.);
#3784=ORIENTED_EDGE($,*,*,#2997,.F.);
#3785=ORIENTED_EDGE($,*,*,#2986,.F.);
#3786=ORIENTED_EDGE($,*,*,#2998,.T.);
#3787=ORIENTED_EDGE($,*,*,#2999,.T.);
#3788=ORIENTED_EDGE($,*,*,#3000,.T.);
#3789=ORIENTED_EDGE($,*,*,#3001,.T.);
#3790=ORIENTED_EDGE($,*,*,#3002,.T.);
#3791=ORIENTED_EDGE($,*,*,#3003,.T.);
#3792=ORIENTED_EDGE($,*,*,#3004,.T.);
#3793=ORIENTED_EDGE($,*,*,#3005,.T.);
#3794=ORIENTED_EDGE($,*,*,#3006,.T.);
#3795=ORIENTED_EDGE($,*,*,#3003,.F.);
#3796=ORIENTED_EDGE($,*,*,#3007,.F.);
#3797=ORIENTED_EDGE($,*,*,#3001,.F.);
#3798=ORIENTED_EDGE($,*,*,#3008,.T.);
#3799=ORIENTED_EDGE($,*,*,#3004,.F.);
#3800=ORIENTED_EDGE($,*,*,#3006,.F.);
#3801=ORIENTED_EDGE($,*,*,#3000,.F.);
#3802=ORIENTED_EDGE($,*,*,#3009,.T.);
#3803=ORIENTED_EDGE($,*,*,#3005,.F.);
#3804=ORIENTED_EDGE($,*,*,#3008,.F.);
#3805=ORIENTED_EDGE($,*,*,#2999,.F.);
#3806=ORIENTED_EDGE($,*,*,#3007,.T.);
#3807=ORIENTED_EDGE($,*,*,#3002,.F.);
#3808=ORIENTED_EDGE($,*,*,#3009,.F.);
#3809=ORIENTED_EDGE($,*,*,#2998,.F.);
#3810=ORIENTED_EDGE($,*,*,#3010,.F.);
#3811=ORIENTED_EDGE($,*,*,#3011,.F.);
#3812=ORIENTED_EDGE($,*,*,#3012,.F.);
#3813=ORIENTED_EDGE($,*,*,#3013,.F.);
#3814=ORIENTED_EDGE($,*,*,#3014,.F.);
#3815=ORIENTED_EDGE($,*,*,#3015,.F.);
#3816=ORIENTED_EDGE($,*,*,#3016,.T.);
#3817=ORIENTED_EDGE($,*,*,#3013,.T.);
#3818=ORIENTED_EDGE($,*,*,#3017,.F.);
#3819=ORIENTED_EDGE($,*,*,#3018,.F.);
#3820=ORIENTED_EDGE($,*,*,#3014,.T.);
#3821=ORIENTED_EDGE($,*,*,#3012,.T.);
#3822=ORIENTED_EDGE($,*,*,#3019,.F.);
#3823=ORIENTED_EDGE($,*,*,#3020,.F.);
#3824=ORIENTED_EDGE($,*,*,#3017,.T.);
#3825=ORIENTED_EDGE($,*,*,#3011,.T.);
#3826=ORIENTED_EDGE($,*,*,#3016,.F.);
#3827=ORIENTED_EDGE($,*,*,#3021,.F.);
#3828=ORIENTED_EDGE($,*,*,#3019,.T.);
#3829=ORIENTED_EDGE($,*,*,#3010,.T.);
#3830=ORIENTED_EDGE($,*,*,#3015,.T.);
#3831=ORIENTED_EDGE($,*,*,#3018,.T.);
#3832=ORIENTED_EDGE($,*,*,#3020,.T.);
#3833=ORIENTED_EDGE($,*,*,#3021,.T.);
#3834=ORIENTED_EDGE($,*,*,#3022,.T.);
#3835=ORIENTED_EDGE($,*,*,#3023,.T.);
#3836=ORIENTED_EDGE($,*,*,#3024,.T.);
#3837=ORIENTED_EDGE($,*,*,#3025,.T.);
#3838=ORIENTED_EDGE($,*,*,#3026,.T.);
#3839=ORIENTED_EDGE($,*,*,#3027,.T.);
#3840=ORIENTED_EDGE($,*,*,#3028,.T.);
#3841=ORIENTED_EDGE($,*,*,#3029,.T.);
#3842=ORIENTED_EDGE($,*,*,#3030,.T.);
#3843=ORIENTED_EDGE($,*,*,#3027,.F.);
#3844=ORIENTED_EDGE($,*,*,#3031,.F.);
#3845=ORIENTED_EDGE($,*,*,#3025,.F.);
#3846=ORIENTED_EDGE($,*,*,#3032,.T.);
#3847=ORIENTED_EDGE($,*,*,#3028,.F.);
#3848=ORIENTED_EDGE($,*,*,#3030,.F.);
#3849=ORIENTED_EDGE($,*,*,#3024,.F.);
#3850=ORIENTED_EDGE($,*,*,#3033,.T.);
#3851=ORIENTED_EDGE($,*,*,#3029,.F.);
#3852=ORIENTED_EDGE($,*,*,#3032,.F.);
#3853=ORIENTED_EDGE($,*,*,#3023,.F.);
#3854=ORIENTED_EDGE($,*,*,#3031,.T.);
#3855=ORIENTED_EDGE($,*,*,#3026,.F.);
#3856=ORIENTED_EDGE($,*,*,#3033,.F.);
#3857=ORIENTED_EDGE($,*,*,#3022,.F.);
#3858=ORIENTED_EDGE($,*,*,#3034,.T.);
#3859=ORIENTED_EDGE($,*,*,#3034,.F.);
#3860=ORIENTED_EDGE($,*,*,#3035,.F.);
#3861=ORIENTED_EDGE($,*,*,#3035,.T.);
#3862=ORIENTED_EDGE($,*,*,#3036,.F.);
#3863=ORIENTED_EDGE($,*,*,#3037,.F.);
#3864=ORIENTED_EDGE($,*,*,#3038,.F.);
#3865=ORIENTED_EDGE($,*,*,#3039,.F.);
#3866=ORIENTED_EDGE($,*,*,#3040,.F.);
#3867=ORIENTED_EDGE($,*,*,#3041,.F.);
#3868=ORIENTED_EDGE($,*,*,#3042,.T.);
#3869=ORIENTED_EDGE($,*,*,#3039,.T.);
#3870=ORIENTED_EDGE($,*,*,#3043,.F.);
#3871=ORIENTED_EDGE($,*,*,#3044,.F.);
#3872=ORIENTED_EDGE($,*,*,#3040,.T.);
#3873=ORIENTED_EDGE($,*,*,#3038,.T.);
#3874=ORIENTED_EDGE($,*,*,#3045,.F.);
#3875=ORIENTED_EDGE($,*,*,#3046,.F.);
#3876=ORIENTED_EDGE($,*,*,#3043,.T.);
#3877=ORIENTED_EDGE($,*,*,#3037,.T.);
#3878=ORIENTED_EDGE($,*,*,#3042,.F.);
#3879=ORIENTED_EDGE($,*,*,#3047,.F.);
#3880=ORIENTED_EDGE($,*,*,#3045,.T.);
#3881=ORIENTED_EDGE($,*,*,#3036,.T.);
#3882=ORIENTED_EDGE($,*,*,#3041,.T.);
#3883=ORIENTED_EDGE($,*,*,#3044,.T.);
#3884=ORIENTED_EDGE($,*,*,#3046,.T.);
#3885=ORIENTED_EDGE($,*,*,#3047,.T.);
#3886=ORIENTED_EDGE($,*,*,#3048,.T.);
#3887=ORIENTED_EDGE($,*,*,#3049,.T.);
#3888=ORIENTED_EDGE($,*,*,#3050,.T.);
#3889=ORIENTED_EDGE($,*,*,#3051,.T.);
#3890=ORIENTED_EDGE($,*,*,#3052,.T.);
#3891=ORIENTED_EDGE($,*,*,#3053,.T.);
#3892=ORIENTED_EDGE($,*,*,#3054,.T.);
#3893=ORIENTED_EDGE($,*,*,#3055,.T.);
#3894=ORIENTED_EDGE($,*,*,#3056,.T.);
#3895=ORIENTED_EDGE($,*,*,#3053,.F.);
#3896=ORIENTED_EDGE($,*,*,#3057,.F.);
#3897=ORIENTED_EDGE($,*,*,#3051,.F.);
#3898=ORIENTED_EDGE($,*,*,#3058,.T.);
#3899=ORIENTED_EDGE($,*,*,#3054,.F.);
#3900=ORIENTED_EDGE($,*,*,#3056,.F.);
#3901=ORIENTED_EDGE($,*,*,#3050,.F.);
#3902=ORIENTED_EDGE($,*,*,#3059,.T.);
#3903=ORIENTED_EDGE($,*,*,#3055,.F.);
#3904=ORIENTED_EDGE($,*,*,#3058,.F.);
#3905=ORIENTED_EDGE($,*,*,#3049,.F.);
#3906=ORIENTED_EDGE($,*,*,#3057,.T.);
#3907=ORIENTED_EDGE($,*,*,#3052,.F.);
#3908=ORIENTED_EDGE($,*,*,#3059,.F.);
#3909=ORIENTED_EDGE($,*,*,#3048,.F.);
#3910=ORIENTED_EDGE($,*,*,#3060,.T.);
#3911=ORIENTED_EDGE($,*,*,#3060,.F.);
#3912=ORIENTED_EDGE($,*,*,#3061,.F.);
#3913=ORIENTED_EDGE($,*,*,#3061,.T.);
#3914=ORIENTED_EDGE($,*,*,#3062,.F.);
#3915=ORIENTED_EDGE($,*,*,#3063,.T.);
#3916=ORIENTED_EDGE($,*,*,#3064,.F.);
#3917=ORIENTED_EDGE($,*,*,#3065,.F.);
#3918=ORIENTED_EDGE($,*,*,#3066,.F.);
#3919=ORIENTED_EDGE($,*,*,#3067,.F.);
#3920=ORIENTED_EDGE($,*,*,#3068,.F.);
#3921=ORIENTED_EDGE($,*,*,#3069,.T.);
#3922=ORIENTED_EDGE($,*,*,#3070,.T.);
#3923=ORIENTED_EDGE($,*,*,#3071,.T.);
#3924=ORIENTED_EDGE($,*,*,#3072,.T.);
#3925=ORIENTED_EDGE($,*,*,#3073,.T.);
#3926=ORIENTED_EDGE($,*,*,#3074,.T.);
#3927=ORIENTED_EDGE($,*,*,#3075,.F.);
#3928=ORIENTED_EDGE($,*,*,#3076,.F.);
#3929=ORIENTED_EDGE($,*,*,#3073,.F.);
#3930=ORIENTED_EDGE($,*,*,#3077,.T.);
#3931=ORIENTED_EDGE($,*,*,#3078,.F.);
#3932=ORIENTED_EDGE($,*,*,#3074,.F.);
#3933=ORIENTED_EDGE($,*,*,#3072,.F.);
#3934=ORIENTED_EDGE($,*,*,#3079,.T.);
#3935=ORIENTED_EDGE($,*,*,#3080,.F.);
#3936=ORIENTED_EDGE($,*,*,#3077,.F.);
#3937=ORIENTED_EDGE($,*,*,#3071,.F.);
#3938=ORIENTED_EDGE($,*,*,#3076,.T.);
#3939=ORIENTED_EDGE($,*,*,#3081,.F.);
#3940=ORIENTED_EDGE($,*,*,#3079,.F.);
#3941=ORIENTED_EDGE($,*,*,#3070,.F.);
#3942=ORIENTED_EDGE($,*,*,#3082,.T.);
#3943=ORIENTED_EDGE($,*,*,#3083,.T.);
#3944=ORIENTED_EDGE($,*,*,#3084,.T.);
#3945=ORIENTED_EDGE($,*,*,#3068,.T.);
#3946=ORIENTED_EDGE($,*,*,#3085,.T.);
#3947=ORIENTED_EDGE($,*,*,#3064,.T.);
#3948=ORIENTED_EDGE($,*,*,#3086,.T.);
#3949=ORIENTED_EDGE($,*,*,#3087,.T.);
#3950=ORIENTED_EDGE($,*,*,#3075,.T.);
#3951=ORIENTED_EDGE($,*,*,#3078,.T.);
#3952=ORIENTED_EDGE($,*,*,#3080,.T.);
#3953=ORIENTED_EDGE($,*,*,#3081,.T.);
#3954=ORIENTED_EDGE($,*,*,#3088,.T.);
#3955=ORIENTED_EDGE($,*,*,#3087,.F.);
#3956=ORIENTED_EDGE($,*,*,#3089,.F.);
#3957=ORIENTED_EDGE($,*,*,#3083,.F.);
#3958=ORIENTED_EDGE($,*,*,#3069,.F.);
#3959=ORIENTED_EDGE($,*,*,#3084,.F.);
#3960=ORIENTED_EDGE($,*,*,#3089,.T.);
#3961=ORIENTED_EDGE($,*,*,#3086,.F.);
#3962=ORIENTED_EDGE($,*,*,#3063,.F.);
#3963=ORIENTED_EDGE($,*,*,#3090,.F.);
#3964=ORIENTED_EDGE($,*,*,#3091,.F.);
#3965=ORIENTED_EDGE($,*,*,#3092,.T.);
#3966=ORIENTED_EDGE($,*,*,#3062,.T.);
#3967=ORIENTED_EDGE($,*,*,#3093,.F.);
#3968=ORIENTED_EDGE($,*,*,#3094,.F.);
#3969=ORIENTED_EDGE($,*,*,#3090,.T.);
#3970=ORIENTED_EDGE($,*,*,#3095,.T.);
#3971=ORIENTED_EDGE($,*,*,#3096,.T.);
#3972=ORIENTED_EDGE($,*,*,#3091,.T.);
#3973=ORIENTED_EDGE($,*,*,#3094,.T.);
#3974=ORIENTED_EDGE($,*,*,#3066,.T.);
#3975=ORIENTED_EDGE($,*,*,#3092,.F.);
#3976=ORIENTED_EDGE($,*,*,#3096,.F.);
#3977=ORIENTED_EDGE($,*,*,#3097,.T.);
#3978=ORIENTED_EDGE($,*,*,#3097,.F.);
#3979=ORIENTED_EDGE($,*,*,#3095,.F.);
#3980=ORIENTED_EDGE($,*,*,#3093,.T.);
#3981=ORIENTED_EDGE($,*,*,#3065,.T.);
#3982=ORIENTED_EDGE($,*,*,#3085,.F.);
#3983=ORIENTED_EDGE($,*,*,#3088,.F.);
#3984=ORIENTED_EDGE($,*,*,#3082,.F.);
#3985=ORIENTED_EDGE($,*,*,#3067,.T.);
#3986=ORIENTED_EDGE($,*,*,#3098,.F.);
#3987=ORIENTED_EDGE($,*,*,#3099,.T.);
#3988=ORIENTED_EDGE($,*,*,#3100,.T.);
#3989=ORIENTED_EDGE($,*,*,#3101,.F.);
#3990=ORIENTED_EDGE($,*,*,#3102,.F.);
#3991=ORIENTED_EDGE($,*,*,#3103,.T.);
#3992=ORIENTED_EDGE($,*,*,#3104,.T.);
#3993=ORIENTED_EDGE($,*,*,#3105,.F.);
#3994=ORIENTED_EDGE($,*,*,#3106,.F.);
#3995=ORIENTED_EDGE($,*,*,#3107,.F.);
#3996=ORIENTED_EDGE($,*,*,#3108,.T.);
#3997=ORIENTED_EDGE($,*,*,#3103,.F.);
#3998=ORIENTED_EDGE($,*,*,#3109,.F.);
#3999=ORIENTED_EDGE($,*,*,#3101,.T.);
#4000=ORIENTED_EDGE($,*,*,#3110,.T.);
#4001=ORIENTED_EDGE($,*,*,#3111,.F.);
#4002=ORIENTED_EDGE($,*,*,#3112,.F.);
#4003=ORIENTED_EDGE($,*,*,#3105,.T.);
#4004=ORIENTED_EDGE($,*,*,#3113,.T.);
#4005=ORIENTED_EDGE($,*,*,#3114,.F.);
#4006=ORIENTED_EDGE($,*,*,#3115,.F.);
#4007=ORIENTED_EDGE($,*,*,#3116,.F.);
#4008=ORIENTED_EDGE($,*,*,#3117,.T.);
#4009=ORIENTED_EDGE($,*,*,#3099,.F.);
#4010=ORIENTED_EDGE($,*,*,#3111,.T.);
#4011=ORIENTED_EDGE($,*,*,#3118,.T.);
#4012=ORIENTED_EDGE($,*,*,#3119,.F.);
#4013=ORIENTED_EDGE($,*,*,#3120,.F.);
#4014=ORIENTED_EDGE($,*,*,#3121,.T.);
#4015=ORIENTED_EDGE($,*,*,#3122,.T.);
#4016=ORIENTED_EDGE($,*,*,#3123,.T.);
#4017=ORIENTED_EDGE($,*,*,#3124,.T.);
#4018=ORIENTED_EDGE($,*,*,#3115,.T.);
#4019=ORIENTED_EDGE($,*,*,#3098,.T.);
#4020=ORIENTED_EDGE($,*,*,#3109,.T.);
#4021=ORIENTED_EDGE($,*,*,#3120,.T.);
#4022=ORIENTED_EDGE($,*,*,#3125,.T.);
#4023=ORIENTED_EDGE($,*,*,#3126,.T.);
#4024=ORIENTED_EDGE($,*,*,#3106,.T.);
#4025=ORIENTED_EDGE($,*,*,#3102,.T.);
#4026=ORIENTED_EDGE($,*,*,#3112,.T.);
#4027=ORIENTED_EDGE($,*,*,#3127,.T.);
#4028=ORIENTED_EDGE($,*,*,#3128,.T.);
#4029=ORIENTED_EDGE($,*,*,#3129,.T.);
#4030=ORIENTED_EDGE($,*,*,#3114,.T.);
#4031=ORIENTED_EDGE($,*,*,#3130,.T.);
#4032=ORIENTED_EDGE($,*,*,#3131,.F.);
#4033=ORIENTED_EDGE($,*,*,#3127,.F.);
#4034=ORIENTED_EDGE($,*,*,#3116,.T.);
#4035=ORIENTED_EDGE($,*,*,#3129,.F.);
#4036=ORIENTED_EDGE($,*,*,#3132,.T.);
#4037=ORIENTED_EDGE($,*,*,#3133,.T.);
#4038=ORIENTED_EDGE($,*,*,#3125,.F.);
#4039=ORIENTED_EDGE($,*,*,#3119,.T.);
#4040=ORIENTED_EDGE($,*,*,#3134,.T.);
#4041=ORIENTED_EDGE($,*,*,#3135,.F.);
#4042=ORIENTED_EDGE($,*,*,#3133,.F.);
#4043=ORIENTED_EDGE($,*,*,#3136,.F.);
#4044=ORIENTED_EDGE($,*,*,#3130,.F.);
#4045=ORIENTED_EDGE($,*,*,#3113,.F.);
#4046=ORIENTED_EDGE($,*,*,#3104,.F.);
#4047=ORIENTED_EDGE($,*,*,#3108,.F.);
#4048=ORIENTED_EDGE($,*,*,#3137,.F.);
#4049=ORIENTED_EDGE($,*,*,#3134,.F.);
#4050=ORIENTED_EDGE($,*,*,#3118,.F.);
#4051=ORIENTED_EDGE($,*,*,#3110,.F.);
#4052=ORIENTED_EDGE($,*,*,#3100,.F.);
#4053=ORIENTED_EDGE($,*,*,#3117,.F.);
#4054=ORIENTED_EDGE($,*,*,#3107,.T.);
#4055=ORIENTED_EDGE($,*,*,#3126,.F.);
#4056=ORIENTED_EDGE($,*,*,#3135,.T.);
#4057=ORIENTED_EDGE($,*,*,#3137,.T.);
#4058=ORIENTED_EDGE($,*,*,#3128,.F.);
#4059=ORIENTED_EDGE($,*,*,#3131,.T.);
#4060=ORIENTED_EDGE($,*,*,#3136,.T.);
#4061=ORIENTED_EDGE($,*,*,#3132,.F.);
#4062=ORIENTED_EDGE($,*,*,#3138,.F.);
#4063=ORIENTED_EDGE($,*,*,#3139,.F.);
#4064=ORIENTED_EDGE($,*,*,#3140,.F.);
#4065=ORIENTED_EDGE($,*,*,#3141,.F.);
#4066=ORIENTED_EDGE($,*,*,#3142,.F.);
#4067=ORIENTED_EDGE($,*,*,#3141,.T.);
#4068=ORIENTED_EDGE($,*,*,#3143,.F.);
#4069=ORIENTED_EDGE($,*,*,#3123,.F.);
#4070=ORIENTED_EDGE($,*,*,#3124,.F.);
#4071=ORIENTED_EDGE($,*,*,#3143,.T.);
#4072=ORIENTED_EDGE($,*,*,#3140,.T.);
#4073=ORIENTED_EDGE($,*,*,#3144,.F.);
#4074=ORIENTED_EDGE($,*,*,#3145,.F.);
#4075=ORIENTED_EDGE($,*,*,#3121,.F.);
#4076=ORIENTED_EDGE($,*,*,#3144,.T.);
#4077=ORIENTED_EDGE($,*,*,#3139,.T.);
#4078=ORIENTED_EDGE($,*,*,#3145,.T.);
#4079=ORIENTED_EDGE($,*,*,#3138,.T.);
#4080=ORIENTED_EDGE($,*,*,#3142,.T.);
#4081=ORIENTED_EDGE($,*,*,#3122,.F.);
#4082=ORIENTED_EDGE($,*,*,#3146,.F.);
#4083=ORIENTED_EDGE($,*,*,#3146,.T.);
#4084=ORIENTED_EDGE($,*,*,#3147,.T.);
#4085=ORIENTED_EDGE($,*,*,#3148,.T.);
#4086=ORIENTED_EDGE($,*,*,#3149,.T.);
#4087=ORIENTED_EDGE($,*,*,#3150,.T.);
#4088=ORIENTED_EDGE($,*,*,#3151,.T.);
#4089=ORIENTED_EDGE($,*,*,#3152,.T.);
#4090=ORIENTED_EDGE($,*,*,#3153,.T.);
#4091=ORIENTED_EDGE($,*,*,#3154,.T.);
#4092=ORIENTED_EDGE($,*,*,#3155,.T.);
#4093=ORIENTED_EDGE($,*,*,#3152,.F.);
#4094=ORIENTED_EDGE($,*,*,#3156,.F.);
#4095=ORIENTED_EDGE($,*,*,#3150,.F.);
#4096=ORIENTED_EDGE($,*,*,#3157,.T.);
#4097=ORIENTED_EDGE($,*,*,#3153,.F.);
#4098=ORIENTED_EDGE($,*,*,#3155,.F.);
#4099=ORIENTED_EDGE($,*,*,#3149,.F.);
#4100=ORIENTED_EDGE($,*,*,#3158,.T.);
#4101=ORIENTED_EDGE($,*,*,#3154,.F.);
#4102=ORIENTED_EDGE($,*,*,#3157,.F.);
#4103=ORIENTED_EDGE($,*,*,#3148,.F.);
#4104=ORIENTED_EDGE($,*,*,#3156,.T.);
#4105=ORIENTED_EDGE($,*,*,#3151,.F.);
#4106=ORIENTED_EDGE($,*,*,#3158,.F.);
#4107=ORIENTED_EDGE($,*,*,#3147,.F.);
#4108=ORIENTED_EDGE($,*,*,#3159,.T.);
#4109=ORIENTED_EDGE($,*,*,#3160,.T.);
#4110=ORIENTED_EDGE($,*,*,#3161,.T.);
#4111=ORIENTED_EDGE($,*,*,#3162,.T.);
#4112=ORIENTED_EDGE($,*,*,#3163,.T.);
#4113=ORIENTED_EDGE($,*,*,#3164,.T.);
#4114=ORIENTED_EDGE($,*,*,#3165,.T.);
#4115=ORIENTED_EDGE($,*,*,#3166,.T.);
#4116=ORIENTED_EDGE($,*,*,#3167,.T.);
#4117=ORIENTED_EDGE($,*,*,#3164,.F.);
#4118=ORIENTED_EDGE($,*,*,#3168,.F.);
#4119=ORIENTED_EDGE($,*,*,#3162,.F.);
#4120=ORIENTED_EDGE($,*,*,#3169,.T.);
#4121=ORIENTED_EDGE($,*,*,#3165,.F.);
#4122=ORIENTED_EDGE($,*,*,#3167,.F.);
#4123=ORIENTED_EDGE($,*,*,#3161,.F.);
#4124=ORIENTED_EDGE($,*,*,#3170,.T.);
#4125=ORIENTED_EDGE($,*,*,#3166,.F.);
#4126=ORIENTED_EDGE($,*,*,#3169,.F.);
#4127=ORIENTED_EDGE($,*,*,#3160,.F.);
#4128=ORIENTED_EDGE($,*,*,#3168,.T.);
#4129=ORIENTED_EDGE($,*,*,#3163,.F.);
#4130=ORIENTED_EDGE($,*,*,#3170,.F.);
#4131=ORIENTED_EDGE($,*,*,#3159,.F.);
#4132=ORIENTED_EDGE($,*,*,#3171,.T.);
#4133=ORIENTED_EDGE($,*,*,#3172,.T.);
#4134=ORIENTED_EDGE($,*,*,#3173,.T.);
#4135=ORIENTED_EDGE($,*,*,#3174,.T.);
#4136=ORIENTED_EDGE($,*,*,#3173,.F.);
#4137=ORIENTED_EDGE($,*,*,#3175,.T.);
#4138=ORIENTED_EDGE($,*,*,#3176,.T.);
#4139=ORIENTED_EDGE($,*,*,#3177,.T.);
#4140=ORIENTED_EDGE($,*,*,#3178,.T.);
#4141=ORIENTED_EDGE($,*,*,#3179,.T.);
#4142=ORIENTED_EDGE($,*,*,#3180,.T.);
#4143=ORIENTED_EDGE($,*,*,#3181,.T.);
#4144=ORIENTED_EDGE($,*,*,#3182,.T.);
#4145=ORIENTED_EDGE($,*,*,#3183,.T.);
#4146=ORIENTED_EDGE($,*,*,#3184,.F.);
#4147=ORIENTED_EDGE($,*,*,#3185,.T.);
#4148=ORIENTED_EDGE($,*,*,#3186,.T.);
#4149=ORIENTED_EDGE($,*,*,#3187,.T.);
#4150=ORIENTED_EDGE($,*,*,#3188,.T.);
#4151=ORIENTED_EDGE($,*,*,#3189,.T.);
#4152=ORIENTED_EDGE($,*,*,#3184,.T.);
#4153=ORIENTED_EDGE($,*,*,#3190,.T.);
#4154=ORIENTED_EDGE($,*,*,#3191,.T.);
#4155=ORIENTED_EDGE($,*,*,#3192,.T.);
#4156=ORIENTED_EDGE($,*,*,#3193,.F.);
#4157=ORIENTED_EDGE($,*,*,#3174,.F.);
#4158=ORIENTED_EDGE($,*,*,#3185,.F.);
#4159=ORIENTED_EDGE($,*,*,#3192,.F.);
#4160=ORIENTED_EDGE($,*,*,#3171,.F.);
#4161=ORIENTED_EDGE($,*,*,#3193,.T.);
#4162=ORIENTED_EDGE($,*,*,#3191,.F.);
#4163=ORIENTED_EDGE($,*,*,#3194,.T.);
#4164=ORIENTED_EDGE($,*,*,#3195,.T.);
#4165=ORIENTED_EDGE($,*,*,#3196,.T.);
#4166=ORIENTED_EDGE($,*,*,#3197,.T.);
#4167=ORIENTED_EDGE($,*,*,#3198,.T.);
#4168=ORIENTED_EDGE($,*,*,#3199,.T.);
#4169=ORIENTED_EDGE($,*,*,#3200,.T.);
#4170=ORIENTED_EDGE($,*,*,#3201,.T.);
#4171=ORIENTED_EDGE($,*,*,#3202,.T.);
#4172=ORIENTED_EDGE($,*,*,#3203,.T.);
#4173=ORIENTED_EDGE($,*,*,#3204,.T.);
#4174=ORIENTED_EDGE($,*,*,#3205,.T.);
#4175=ORIENTED_EDGE($,*,*,#3206,.T.);
#4176=ORIENTED_EDGE($,*,*,#3190,.F.);
#4177=ORIENTED_EDGE($,*,*,#3183,.F.);
#4178=ORIENTED_EDGE($,*,*,#3207,.F.);
#4179=ORIENTED_EDGE($,*,*,#3194,.F.);
#4180=ORIENTED_EDGE($,*,*,#3205,.F.);
#4181=ORIENTED_EDGE($,*,*,#3208,.T.);
#4182=ORIENTED_EDGE($,*,*,#3188,.F.);
#4183=ORIENTED_EDGE($,*,*,#3209,.F.);
#4184=ORIENTED_EDGE($,*,*,#3206,.F.);
#4185=ORIENTED_EDGE($,*,*,#3209,.T.);
#4186=ORIENTED_EDGE($,*,*,#3187,.F.);
#4187=ORIENTED_EDGE($,*,*,#3210,.F.);
#4188=ORIENTED_EDGE($,*,*,#3203,.F.);
#4189=ORIENTED_EDGE($,*,*,#3210,.T.);
#4190=ORIENTED_EDGE($,*,*,#3186,.F.);
#4191=ORIENTED_EDGE($,*,*,#3211,.F.);
#4192=ORIENTED_EDGE($,*,*,#3204,.F.);
#4193=ORIENTED_EDGE($,*,*,#3211,.T.);
#4194=ORIENTED_EDGE($,*,*,#3189,.F.);
#4195=ORIENTED_EDGE($,*,*,#3208,.F.);
#4196=ORIENTED_EDGE($,*,*,#3207,.T.);
#4197=ORIENTED_EDGE($,*,*,#3182,.F.);
#4198=ORIENTED_EDGE($,*,*,#3212,.F.);
#4199=ORIENTED_EDGE($,*,*,#3195,.F.);
#4200=ORIENTED_EDGE($,*,*,#3172,.F.);
#4201=ORIENTED_EDGE($,*,*,#3202,.F.);
#4202=ORIENTED_EDGE($,*,*,#3213,.T.);
#4203=ORIENTED_EDGE($,*,*,#3175,.F.);
#4204=ORIENTED_EDGE($,*,*,#3214,.T.);
#4205=ORIENTED_EDGE($,*,*,#3176,.F.);
#4206=ORIENTED_EDGE($,*,*,#3213,.F.);
#4207=ORIENTED_EDGE($,*,*,#3201,.F.);
#4208=ORIENTED_EDGE($,*,*,#3215,.T.);
#4209=ORIENTED_EDGE($,*,*,#3177,.F.);
#4210=ORIENTED_EDGE($,*,*,#3214,.F.);
#4211=ORIENTED_EDGE($,*,*,#3200,.F.);
#4212=ORIENTED_EDGE($,*,*,#3216,.T.);
#4213=ORIENTED_EDGE($,*,*,#3178,.F.);
#4214=ORIENTED_EDGE($,*,*,#3215,.F.);
#4215=ORIENTED_EDGE($,*,*,#3199,.F.);
#4216=ORIENTED_EDGE($,*,*,#3217,.T.);
#4217=ORIENTED_EDGE($,*,*,#3179,.F.);
#4218=ORIENTED_EDGE($,*,*,#3216,.F.);
#4219=ORIENTED_EDGE($,*,*,#3198,.F.);
#4220=ORIENTED_EDGE($,*,*,#3218,.T.);
#4221=ORIENTED_EDGE($,*,*,#3180,.F.);
#4222=ORIENTED_EDGE($,*,*,#3217,.F.);
#4223=ORIENTED_EDGE($,*,*,#3197,.F.);
#4224=ORIENTED_EDGE($,*,*,#3212,.T.);
#4225=ORIENTED_EDGE($,*,*,#3181,.F.);
#4226=ORIENTED_EDGE($,*,*,#3218,.F.);
#4227=ORIENTED_EDGE($,*,*,#3196,.F.);
#4228=ORIENTED_EDGE($,*,*,#3219,.F.);
#4229=ORIENTED_EDGE($,*,*,#3220,.T.);
#4230=ORIENTED_EDGE($,*,*,#3221,.F.);
#4231=ORIENTED_EDGE($,*,*,#3222,.F.);
#4232=ORIENTED_EDGE($,*,*,#3223,.F.);
#4233=ORIENTED_EDGE($,*,*,#3222,.T.);
#4234=ORIENTED_EDGE($,*,*,#3224,.F.);
#4235=ORIENTED_EDGE($,*,*,#3225,.F.);
#4236=ORIENTED_EDGE($,*,*,#3226,.T.);
#4237=ORIENTED_EDGE($,*,*,#3227,.T.);
#4238=ORIENTED_EDGE($,*,*,#3224,.T.);
#4239=ORIENTED_EDGE($,*,*,#3221,.T.);
#4240=ORIENTED_EDGE($,*,*,#3228,.F.);
#4241=ORIENTED_EDGE($,*,*,#3225,.T.);
#4242=ORIENTED_EDGE($,*,*,#3227,.F.);
#4243=ORIENTED_EDGE($,*,*,#3229,.F.);
#4244=ORIENTED_EDGE($,*,*,#3230,.F.);
#4245=ORIENTED_EDGE($,*,*,#3229,.T.);
#4246=ORIENTED_EDGE($,*,*,#3226,.F.);
#4247=ORIENTED_EDGE($,*,*,#3220,.F.);
#4248=ORIENTED_EDGE($,*,*,#3228,.T.);
#4249=ORIENTED_EDGE($,*,*,#3230,.T.);
#4250=ORIENTED_EDGE($,*,*,#3219,.T.);
#4251=ORIENTED_EDGE($,*,*,#3223,.T.);
#4252=ORIENTED_EDGE($,*,*,#3231,.F.);
#4253=ORIENTED_EDGE($,*,*,#3232,.F.);
#4254=ORIENTED_EDGE($,*,*,#3233,.F.);
#4255=ORIENTED_EDGE($,*,*,#3234,.F.);
#4256=ORIENTED_EDGE($,*,*,#3233,.T.);
#4257=ORIENTED_EDGE($,*,*,#3235,.F.);
#4258=ORIENTED_EDGE($,*,*,#3236,.F.);
#4259=ORIENTED_EDGE($,*,*,#3237,.T.);
#4260=ORIENTED_EDGE($,*,*,#3232,.T.);
#4261=ORIENTED_EDGE($,*,*,#3238,.F.);
#4262=ORIENTED_EDGE($,*,*,#3239,.F.);
#4263=ORIENTED_EDGE($,*,*,#3235,.T.);
#4264=ORIENTED_EDGE($,*,*,#3240,.T.);
#4265=ORIENTED_EDGE($,*,*,#3236,.T.);
#4266=ORIENTED_EDGE($,*,*,#3239,.T.);
#4267=ORIENTED_EDGE($,*,*,#3241,.T.);
#4268=ORIENTED_EDGE($,*,*,#3231,.T.);
#4269=ORIENTED_EDGE($,*,*,#3242,.F.);
#4270=ORIENTED_EDGE($,*,*,#3241,.F.);
#4271=ORIENTED_EDGE($,*,*,#3238,.T.);
#4272=ORIENTED_EDGE($,*,*,#3234,.T.);
#4273=ORIENTED_EDGE($,*,*,#3237,.F.);
#4274=ORIENTED_EDGE($,*,*,#3240,.F.);
#4275=ORIENTED_EDGE($,*,*,#3242,.T.);
#4276=ORIENTED_EDGE($,*,*,#3243,.F.);
#4277=ORIENTED_EDGE($,*,*,#3244,.T.);
#4278=ORIENTED_EDGE($,*,*,#3245,.F.);
#4279=ORIENTED_EDGE($,*,*,#3246,.F.);
#4280=ORIENTED_EDGE($,*,*,#3247,.F.);
#4281=ORIENTED_EDGE($,*,*,#3248,.T.);
#4282=ORIENTED_EDGE($,*,*,#3249,.F.);
#4283=ORIENTED_EDGE($,*,*,#3244,.F.);
#4284=ORIENTED_EDGE($,*,*,#3245,.T.);
#4285=ORIENTED_EDGE($,*,*,#3249,.T.);
#4286=ORIENTED_EDGE($,*,*,#3250,.T.);
#4287=ORIENTED_EDGE($,*,*,#3251,.T.);
#4288=ORIENTED_EDGE($,*,*,#3252,.F.);
#4289=ORIENTED_EDGE($,*,*,#3253,.T.);
#4290=ORIENTED_EDGE($,*,*,#3250,.F.);
#4291=ORIENTED_EDGE($,*,*,#3248,.F.);
#4292=ORIENTED_EDGE($,*,*,#3254,.F.);
#4293=ORIENTED_EDGE($,*,*,#3246,.T.);
#4294=ORIENTED_EDGE($,*,*,#3251,.F.);
#4295=ORIENTED_EDGE($,*,*,#3253,.F.);
#4296=ORIENTED_EDGE($,*,*,#3255,.F.);
#4297=ORIENTED_EDGE($,*,*,#3256,.T.);
#4298=ORIENTED_EDGE($,*,*,#3257,.F.);
#4299=ORIENTED_EDGE($,*,*,#3258,.F.);
#4300=ORIENTED_EDGE($,*,*,#3259,.F.);
#4301=ORIENTED_EDGE($,*,*,#3260,.T.);
#4302=ORIENTED_EDGE($,*,*,#3261,.F.);
#4303=ORIENTED_EDGE($,*,*,#3256,.F.);
#4304=ORIENTED_EDGE($,*,*,#3257,.T.);
#4305=ORIENTED_EDGE($,*,*,#3261,.T.);
#4306=ORIENTED_EDGE($,*,*,#3262,.T.);
#4307=ORIENTED_EDGE($,*,*,#3263,.T.);
#4308=ORIENTED_EDGE($,*,*,#3264,.F.);
#4309=ORIENTED_EDGE($,*,*,#3265,.T.);
#4310=ORIENTED_EDGE($,*,*,#3262,.F.);
#4311=ORIENTED_EDGE($,*,*,#3260,.F.);
#4312=ORIENTED_EDGE($,*,*,#3266,.F.);
#4313=ORIENTED_EDGE($,*,*,#3258,.T.);
#4314=ORIENTED_EDGE($,*,*,#3263,.F.);
#4315=ORIENTED_EDGE($,*,*,#3265,.F.);
#4316=ORIENTED_EDGE($,*,*,#3267,.F.);
#4317=ORIENTED_EDGE($,*,*,#3268,.T.);
#4318=ORIENTED_EDGE($,*,*,#3269,.F.);
#4319=ORIENTED_EDGE($,*,*,#3270,.F.);
#4320=ORIENTED_EDGE($,*,*,#3271,.F.);
#4321=ORIENTED_EDGE($,*,*,#3272,.T.);
#4322=ORIENTED_EDGE($,*,*,#3273,.F.);
#4323=ORIENTED_EDGE($,*,*,#3268,.F.);
#4324=ORIENTED_EDGE($,*,*,#3269,.T.);
#4325=ORIENTED_EDGE($,*,*,#3273,.T.);
#4326=ORIENTED_EDGE($,*,*,#3274,.T.);
#4327=ORIENTED_EDGE($,*,*,#3275,.T.);
#4328=ORIENTED_EDGE($,*,*,#3276,.F.);
#4329=ORIENTED_EDGE($,*,*,#3277,.T.);
#4330=ORIENTED_EDGE($,*,*,#3274,.F.);
#4331=ORIENTED_EDGE($,*,*,#3272,.F.);
#4332=ORIENTED_EDGE($,*,*,#3278,.F.);
#4333=ORIENTED_EDGE($,*,*,#3270,.T.);
#4334=ORIENTED_EDGE($,*,*,#3275,.F.);
#4335=ORIENTED_EDGE($,*,*,#3277,.F.);
#4336=ORIENTED_EDGE($,*,*,#3247,.T.);
#4337=ORIENTED_EDGE($,*,*,#3243,.T.);
#4338=ORIENTED_EDGE($,*,*,#3254,.T.);
#4339=ORIENTED_EDGE($,*,*,#3252,.T.);
#4340=ORIENTED_EDGE($,*,*,#3259,.T.);
#4341=ORIENTED_EDGE($,*,*,#3255,.T.);
#4342=ORIENTED_EDGE($,*,*,#3266,.T.);
#4343=ORIENTED_EDGE($,*,*,#3264,.T.);
#4344=ORIENTED_EDGE($,*,*,#3271,.T.);
#4345=ORIENTED_EDGE($,*,*,#3267,.T.);
#4346=ORIENTED_EDGE($,*,*,#3278,.T.);
#4347=ORIENTED_EDGE($,*,*,#3276,.T.);
#4348=ORIENTED_EDGE($,*,*,#3279,.T.);
#4349=ORIENTED_EDGE($,*,*,#3280,.T.);
#4350=ORIENTED_EDGE($,*,*,#3281,.T.);
#4351=ORIENTED_EDGE($,*,*,#3282,.T.);
#4352=ORIENTED_EDGE($,*,*,#3283,.F.);
#4353=ORIENTED_EDGE($,*,*,#3284,.F.);
#4354=ORIENTED_EDGE($,*,*,#3285,.F.);
#4355=ORIENTED_EDGE($,*,*,#3286,.F.);
#4356=ORIENTED_EDGE($,*,*,#3280,.F.);
#4357=ORIENTED_EDGE($,*,*,#3287,.T.);
#4358=ORIENTED_EDGE($,*,*,#3288,.F.);
#4359=ORIENTED_EDGE($,*,*,#3289,.F.);
#4360=ORIENTED_EDGE($,*,*,#3281,.F.);
#4361=ORIENTED_EDGE($,*,*,#3289,.T.);
#4362=ORIENTED_EDGE($,*,*,#3290,.F.);
#4363=ORIENTED_EDGE($,*,*,#3291,.F.);
#4364=ORIENTED_EDGE($,*,*,#3282,.F.);
#4365=ORIENTED_EDGE($,*,*,#3291,.T.);
#4366=ORIENTED_EDGE($,*,*,#3292,.F.);
#4367=ORIENTED_EDGE($,*,*,#3293,.F.);
#4368=ORIENTED_EDGE($,*,*,#3279,.F.);
#4369=ORIENTED_EDGE($,*,*,#3293,.T.);
#4370=ORIENTED_EDGE($,*,*,#3294,.F.);
#4371=ORIENTED_EDGE($,*,*,#3287,.F.);
#4372=ORIENTED_EDGE($,*,*,#3285,.T.);
#4373=ORIENTED_EDGE($,*,*,#3295,.T.);
#4374=ORIENTED_EDGE($,*,*,#3296,.F.);
#4375=ORIENTED_EDGE($,*,*,#3297,.F.);
#4376=ORIENTED_EDGE($,*,*,#3284,.T.);
#4377=ORIENTED_EDGE($,*,*,#3298,.T.);
#4378=ORIENTED_EDGE($,*,*,#3299,.F.);
#4379=ORIENTED_EDGE($,*,*,#3295,.F.);
#4380=ORIENTED_EDGE($,*,*,#3294,.T.);
#4381=ORIENTED_EDGE($,*,*,#3292,.T.);
#4382=ORIENTED_EDGE($,*,*,#3290,.T.);
#4383=ORIENTED_EDGE($,*,*,#3288,.T.);
#4384=ORIENTED_EDGE($,*,*,#3299,.T.);
#4385=ORIENTED_EDGE($,*,*,#3300,.T.);
#4386=ORIENTED_EDGE($,*,*,#3301,.T.);
#4387=ORIENTED_EDGE($,*,*,#3296,.T.);
#4388=ORIENTED_EDGE($,*,*,#3283,.T.);
#4389=ORIENTED_EDGE($,*,*,#3302,.T.);
#4390=ORIENTED_EDGE($,*,*,#3300,.F.);
#4391=ORIENTED_EDGE($,*,*,#3298,.F.);
#4392=ORIENTED_EDGE($,*,*,#3286,.T.);
#4393=ORIENTED_EDGE($,*,*,#3297,.T.);
#4394=ORIENTED_EDGE($,*,*,#3301,.F.);
#4395=ORIENTED_EDGE($,*,*,#3302,.F.);
#4396=ORIENTED_EDGE($,*,*,#3303,.T.);
#4397=ORIENTED_EDGE($,*,*,#3304,.T.);
#4398=ORIENTED_EDGE($,*,*,#3305,.T.);
#4399=ORIENTED_EDGE($,*,*,#3306,.T.);
#4400=ORIENTED_EDGE($,*,*,#3307,.T.);
#4401=ORIENTED_EDGE($,*,*,#3308,.T.);
#4402=ORIENTED_EDGE($,*,*,#3309,.T.);
#4403=ORIENTED_EDGE($,*,*,#3310,.T.);
#4404=ORIENTED_EDGE($,*,*,#3311,.T.);
#4405=ORIENTED_EDGE($,*,*,#3308,.F.);
#4406=ORIENTED_EDGE($,*,*,#3312,.F.);
#4407=ORIENTED_EDGE($,*,*,#3306,.F.);
#4408=ORIENTED_EDGE($,*,*,#3313,.T.);
#4409=ORIENTED_EDGE($,*,*,#3309,.F.);
#4410=ORIENTED_EDGE($,*,*,#3311,.F.);
#4411=ORIENTED_EDGE($,*,*,#3305,.F.);
#4412=ORIENTED_EDGE($,*,*,#3314,.T.);
#4413=ORIENTED_EDGE($,*,*,#3310,.F.);
#4414=ORIENTED_EDGE($,*,*,#3313,.F.);
#4415=ORIENTED_EDGE($,*,*,#3304,.F.);
#4416=ORIENTED_EDGE($,*,*,#3312,.T.);
#4417=ORIENTED_EDGE($,*,*,#3307,.F.);
#4418=ORIENTED_EDGE($,*,*,#3314,.F.);
#4419=ORIENTED_EDGE($,*,*,#3303,.F.);
#4420=ORIENTED_EDGE($,*,*,#3315,.F.);
#4421=ORIENTED_EDGE($,*,*,#3315,.T.);
#4422=ORIENTED_EDGE($,*,*,#3316,.T.);
#4423=ORIENTED_EDGE($,*,*,#3317,.T.);
#4424=ORIENTED_EDGE($,*,*,#3318,.T.);
#4425=ORIENTED_EDGE($,*,*,#3319,.T.);
#4426=ORIENTED_EDGE($,*,*,#3320,.T.);
#4427=ORIENTED_EDGE($,*,*,#3321,.T.);
#4428=ORIENTED_EDGE($,*,*,#3322,.T.);
#4429=ORIENTED_EDGE($,*,*,#3323,.T.);
#4430=ORIENTED_EDGE($,*,*,#3324,.T.);
#4431=ORIENTED_EDGE($,*,*,#3325,.F.);
#4432=ORIENTED_EDGE($,*,*,#3326,.F.);
#4433=ORIENTED_EDGE($,*,*,#3323,.F.);
#4434=ORIENTED_EDGE($,*,*,#3327,.T.);
#4435=ORIENTED_EDGE($,*,*,#3318,.F.);
#4436=ORIENTED_EDGE($,*,*,#3328,.F.);
#4437=ORIENTED_EDGE($,*,*,#3321,.F.);
#4438=ORIENTED_EDGE($,*,*,#3325,.T.);
#4439=ORIENTED_EDGE($,*,*,#3329,.T.);
#4440=ORIENTED_EDGE($,*,*,#3330,.T.);
#4441=ORIENTED_EDGE($,*,*,#3331,.T.);
#4442=ORIENTED_EDGE($,*,*,#3332,.F.);
#4443=ORIENTED_EDGE($,*,*,#3333,.T.);
#4444=ORIENTED_EDGE($,*,*,#3334,.F.);
#4445=ORIENTED_EDGE($,*,*,#3335,.F.);
#4446=ORIENTED_EDGE($,*,*,#3336,.F.);
#4447=ORIENTED_EDGE($,*,*,#3337,.T.);
#4448=ORIENTED_EDGE($,*,*,#3338,.F.);
#4449=ORIENTED_EDGE($,*,*,#3333,.F.);
#4450=ORIENTED_EDGE($,*,*,#3334,.T.);
#4451=ORIENTED_EDGE($,*,*,#3338,.T.);
#4452=ORIENTED_EDGE($,*,*,#3339,.T.);
#4453=ORIENTED_EDGE($,*,*,#3340,.T.);
#4454=ORIENTED_EDGE($,*,*,#3341,.F.);
#4455=ORIENTED_EDGE($,*,*,#3342,.T.);
#4456=ORIENTED_EDGE($,*,*,#3339,.F.);
#4457=ORIENTED_EDGE($,*,*,#3337,.F.);
#4458=ORIENTED_EDGE($,*,*,#3343,.F.);
#4459=ORIENTED_EDGE($,*,*,#3335,.T.);
#4460=ORIENTED_EDGE($,*,*,#3340,.F.);
#4461=ORIENTED_EDGE($,*,*,#3342,.F.);
#4462=ORIENTED_EDGE($,*,*,#3344,.F.);
#4463=ORIENTED_EDGE($,*,*,#3345,.T.);
#4464=ORIENTED_EDGE($,*,*,#3346,.F.);
#4465=ORIENTED_EDGE($,*,*,#3347,.F.);
#4466=ORIENTED_EDGE($,*,*,#3348,.F.);
#4467=ORIENTED_EDGE($,*,*,#3349,.T.);
#4468=ORIENTED_EDGE($,*,*,#3350,.F.);
#4469=ORIENTED_EDGE($,*,*,#3345,.F.);
#4470=ORIENTED_EDGE($,*,*,#3346,.T.);
#4471=ORIENTED_EDGE($,*,*,#3350,.T.);
#4472=ORIENTED_EDGE($,*,*,#3351,.T.);
#4473=ORIENTED_EDGE($,*,*,#3352,.T.);
#4474=ORIENTED_EDGE($,*,*,#3353,.F.);
#4475=ORIENTED_EDGE($,*,*,#3354,.T.);
#4476=ORIENTED_EDGE($,*,*,#3351,.F.);
#4477=ORIENTED_EDGE($,*,*,#3349,.F.);
#4478=ORIENTED_EDGE($,*,*,#3355,.F.);
#4479=ORIENTED_EDGE($,*,*,#3347,.T.);
#4480=ORIENTED_EDGE($,*,*,#3352,.F.);
#4481=ORIENTED_EDGE($,*,*,#3354,.F.);
#4482=ORIENTED_EDGE($,*,*,#3356,.F.);
#4483=ORIENTED_EDGE($,*,*,#3357,.T.);
#4484=ORIENTED_EDGE($,*,*,#3358,.F.);
#4485=ORIENTED_EDGE($,*,*,#3359,.F.);
#4486=ORIENTED_EDGE($,*,*,#3360,.F.);
#4487=ORIENTED_EDGE($,*,*,#3361,.T.);
#4488=ORIENTED_EDGE($,*,*,#3362,.F.);
#4489=ORIENTED_EDGE($,*,*,#3357,.F.);
#4490=ORIENTED_EDGE($,*,*,#3358,.T.);
#4491=ORIENTED_EDGE($,*,*,#3362,.T.);
#4492=ORIENTED_EDGE($,*,*,#3363,.T.);
#4493=ORIENTED_EDGE($,*,*,#3364,.T.);
#4494=ORIENTED_EDGE($,*,*,#3365,.F.);
#4495=ORIENTED_EDGE($,*,*,#3366,.T.);
#4496=ORIENTED_EDGE($,*,*,#3363,.F.);
#4497=ORIENTED_EDGE($,*,*,#3361,.F.);
#4498=ORIENTED_EDGE($,*,*,#3367,.F.);
#4499=ORIENTED_EDGE($,*,*,#3359,.T.);
#4500=ORIENTED_EDGE($,*,*,#3364,.F.);
#4501=ORIENTED_EDGE($,*,*,#3366,.F.);
#4502=ORIENTED_EDGE($,*,*,#3336,.T.);
#4503=ORIENTED_EDGE($,*,*,#3332,.T.);
#4504=ORIENTED_EDGE($,*,*,#3343,.T.);
#4505=ORIENTED_EDGE($,*,*,#3341,.T.);
#4506=ORIENTED_EDGE($,*,*,#3348,.T.);
#4507=ORIENTED_EDGE($,*,*,#3344,.T.);
#4508=ORIENTED_EDGE($,*,*,#3355,.T.);
#4509=ORIENTED_EDGE($,*,*,#3353,.T.);
#4510=ORIENTED_EDGE($,*,*,#3360,.T.);
#4511=ORIENTED_EDGE($,*,*,#3356,.T.);
#4512=ORIENTED_EDGE($,*,*,#3367,.T.);
#4513=ORIENTED_EDGE($,*,*,#3365,.T.);
#4514=ORIENTED_EDGE($,*,*,#3368,.T.);
#4515=ORIENTED_EDGE($,*,*,#3369,.T.);
#4516=ORIENTED_EDGE($,*,*,#3370,.T.);
#4517=ORIENTED_EDGE($,*,*,#3371,.T.);
#4518=ORIENTED_EDGE($,*,*,#3372,.F.);
#4519=ORIENTED_EDGE($,*,*,#3373,.F.);
#4520=ORIENTED_EDGE($,*,*,#3374,.F.);
#4521=ORIENTED_EDGE($,*,*,#3375,.F.);
#4522=ORIENTED_EDGE($,*,*,#3369,.F.);
#4523=ORIENTED_EDGE($,*,*,#3376,.T.);
#4524=ORIENTED_EDGE($,*,*,#3329,.F.);
#4525=ORIENTED_EDGE($,*,*,#3324,.F.);
#4526=ORIENTED_EDGE($,*,*,#3322,.F.);
#4527=ORIENTED_EDGE($,*,*,#3328,.T.);
#4528=ORIENTED_EDGE($,*,*,#3317,.F.);
#4529=ORIENTED_EDGE($,*,*,#3377,.F.);
#4530=ORIENTED_EDGE($,*,*,#3370,.F.);
#4531=ORIENTED_EDGE($,*,*,#3377,.T.);
#4532=ORIENTED_EDGE($,*,*,#3316,.F.);
#4533=ORIENTED_EDGE($,*,*,#3378,.F.);
#4534=ORIENTED_EDGE($,*,*,#3371,.F.);
#4535=ORIENTED_EDGE($,*,*,#3378,.T.);
#4536=ORIENTED_EDGE($,*,*,#3319,.F.);
#4537=ORIENTED_EDGE($,*,*,#3327,.F.);
#4538=ORIENTED_EDGE($,*,*,#3320,.F.);
#4539=ORIENTED_EDGE($,*,*,#3326,.T.);
#4540=ORIENTED_EDGE($,*,*,#3331,.F.);
#4541=ORIENTED_EDGE($,*,*,#3379,.F.);
#4542=ORIENTED_EDGE($,*,*,#3368,.F.);
#4543=ORIENTED_EDGE($,*,*,#3379,.T.);
#4544=ORIENTED_EDGE($,*,*,#3330,.F.);
#4545=ORIENTED_EDGE($,*,*,#3376,.F.);
#4546=ORIENTED_EDGE($,*,*,#3374,.T.);
#4547=ORIENTED_EDGE($,*,*,#3380,.T.);
#4548=ORIENTED_EDGE($,*,*,#3381,.F.);
#4549=ORIENTED_EDGE($,*,*,#3382,.F.);
#4550=ORIENTED_EDGE($,*,*,#3373,.T.);
#4551=ORIENTED_EDGE($,*,*,#3383,.T.);
#4552=ORIENTED_EDGE($,*,*,#3384,.F.);
#4553=ORIENTED_EDGE($,*,*,#3380,.F.);
#4554=ORIENTED_EDGE($,*,*,#3384,.T.);
#4555=ORIENTED_EDGE($,*,*,#3385,.T.);
#4556=ORIENTED_EDGE($,*,*,#3386,.T.);
#4557=ORIENTED_EDGE($,*,*,#3381,.T.);
#4558=ORIENTED_EDGE($,*,*,#3372,.T.);
#4559=ORIENTED_EDGE($,*,*,#3387,.T.);
#4560=ORIENTED_EDGE($,*,*,#3385,.F.);
#4561=ORIENTED_EDGE($,*,*,#3383,.F.);
#4562=ORIENTED_EDGE($,*,*,#3375,.T.);
#4563=ORIENTED_EDGE($,*,*,#3382,.T.);
#4564=ORIENTED_EDGE($,*,*,#3386,.F.);
#4565=ORIENTED_EDGE($,*,*,#3387,.F.);
#4566=ORIENTED_EDGE($,*,*,#3388,.T.);
#4567=ORIENTED_EDGE($,*,*,#3389,.T.);
#4568=ORIENTED_EDGE($,*,*,#3390,.T.);
#4569=ORIENTED_EDGE($,*,*,#3391,.T.);
#4570=ORIENTED_EDGE($,*,*,#3392,.T.);
#4571=ORIENTED_EDGE($,*,*,#3393,.T.);
#4572=ORIENTED_EDGE($,*,*,#3394,.T.);
#4573=ORIENTED_EDGE($,*,*,#3395,.T.);
#4574=ORIENTED_EDGE($,*,*,#3396,.T.);
#4575=ORIENTED_EDGE($,*,*,#3393,.F.);
#4576=ORIENTED_EDGE($,*,*,#3397,.F.);
#4577=ORIENTED_EDGE($,*,*,#3391,.F.);
#4578=ORIENTED_EDGE($,*,*,#3398,.T.);
#4579=ORIENTED_EDGE($,*,*,#3394,.F.);
#4580=ORIENTED_EDGE($,*,*,#3396,.F.);
#4581=ORIENTED_EDGE($,*,*,#3390,.F.);
#4582=ORIENTED_EDGE($,*,*,#3399,.T.);
#4583=ORIENTED_EDGE($,*,*,#3395,.F.);
#4584=ORIENTED_EDGE($,*,*,#3398,.F.);
#4585=ORIENTED_EDGE($,*,*,#3389,.F.);
#4586=ORIENTED_EDGE($,*,*,#3397,.T.);
#4587=ORIENTED_EDGE($,*,*,#3392,.F.);
#4588=ORIENTED_EDGE($,*,*,#3399,.F.);
#4589=ORIENTED_EDGE($,*,*,#3388,.F.);
#4590=ORIENTED_EDGE($,*,*,#3400,.T.);
#4591=ORIENTED_EDGE($,*,*,#3401,.T.);
#4592=ORIENTED_EDGE($,*,*,#3402,.T.);
#4593=ORIENTED_EDGE($,*,*,#3403,.T.);
#4594=ORIENTED_EDGE($,*,*,#3404,.T.);
#4595=ORIENTED_EDGE($,*,*,#3405,.T.);
#4596=ORIENTED_EDGE($,*,*,#3406,.T.);
#4597=ORIENTED_EDGE($,*,*,#3407,.T.);
#4598=ORIENTED_EDGE($,*,*,#3408,.T.);
#4599=ORIENTED_EDGE($,*,*,#3405,.F.);
#4600=ORIENTED_EDGE($,*,*,#3409,.F.);
#4601=ORIENTED_EDGE($,*,*,#3403,.F.);
#4602=ORIENTED_EDGE($,*,*,#3410,.T.);
#4603=ORIENTED_EDGE($,*,*,#3406,.F.);
#4604=ORIENTED_EDGE($,*,*,#3408,.F.);
#4605=ORIENTED_EDGE($,*,*,#3402,.F.);
#4606=ORIENTED_EDGE($,*,*,#3411,.T.);
#4607=ORIENTED_EDGE($,*,*,#3407,.F.);
#4608=ORIENTED_EDGE($,*,*,#3410,.F.);
#4609=ORIENTED_EDGE($,*,*,#3401,.F.);
#4610=ORIENTED_EDGE($,*,*,#3409,.T.);
#4611=ORIENTED_EDGE($,*,*,#3404,.F.);
#4612=ORIENTED_EDGE($,*,*,#3411,.F.);
#4613=ORIENTED_EDGE($,*,*,#3400,.F.);
#4614=ORIENTED_EDGE($,*,*,#3412,.T.);
#4615=ORIENTED_EDGE($,*,*,#3413,.T.);
#4616=ORIENTED_EDGE($,*,*,#3414,.T.);
#4617=ORIENTED_EDGE($,*,*,#3415,.T.);
#4618=ORIENTED_EDGE($,*,*,#3416,.T.);
#4619=ORIENTED_EDGE($,*,*,#3417,.T.);
#4620=ORIENTED_EDGE($,*,*,#3418,.T.);
#4621=ORIENTED_EDGE($,*,*,#3419,.T.);
#4622=ORIENTED_EDGE($,*,*,#3420,.T.);
#4623=ORIENTED_EDGE($,*,*,#3417,.F.);
#4624=ORIENTED_EDGE($,*,*,#3421,.F.);
#4625=ORIENTED_EDGE($,*,*,#3415,.F.);
#4626=ORIENTED_EDGE($,*,*,#3422,.T.);
#4627=ORIENTED_EDGE($,*,*,#3418,.F.);
#4628=ORIENTED_EDGE($,*,*,#3420,.F.);
#4629=ORIENTED_EDGE($,*,*,#3414,.F.);
#4630=ORIENTED_EDGE($,*,*,#3423,.T.);
#4631=ORIENTED_EDGE($,*,*,#3419,.F.);
#4632=ORIENTED_EDGE($,*,*,#3422,.F.);
#4633=ORIENTED_EDGE($,*,*,#3413,.F.);
#4634=ORIENTED_EDGE($,*,*,#3421,.T.);
#4635=ORIENTED_EDGE($,*,*,#3416,.F.);
#4636=ORIENTED_EDGE($,*,*,#3423,.F.);
#4637=ORIENTED_EDGE($,*,*,#3412,.F.);
#4638=ORIENTED_EDGE($,*,*,#3424,.F.);
#4639=ORIENTED_EDGE($,*,*,#3425,.F.);
#4640=ORIENTED_EDGE($,*,*,#3426,.T.);
#4641=ORIENTED_EDGE($,*,*,#3427,.F.);
#4642=ORIENTED_EDGE($,*,*,#3425,.T.);
#4643=ORIENTED_EDGE($,*,*,#3428,.F.);
#4644=ORIENTED_EDGE($,*,*,#3429,.T.);
#4645=ORIENTED_EDGE($,*,*,#3430,.T.);
#4646=ORIENTED_EDGE($,*,*,#3429,.F.);
#4647=ORIENTED_EDGE($,*,*,#3431,.T.);
#4648=ORIENTED_EDGE($,*,*,#3432,.F.);
#4649=ORIENTED_EDGE($,*,*,#3433,.F.);
#4650=ORIENTED_EDGE($,*,*,#3430,.F.);
#4651=ORIENTED_EDGE($,*,*,#3433,.T.);
#4652=ORIENTED_EDGE($,*,*,#3434,.F.);
#4653=ORIENTED_EDGE($,*,*,#3426,.F.);
#4654=ORIENTED_EDGE($,*,*,#3424,.T.);
#4655=ORIENTED_EDGE($,*,*,#3435,.F.);
#4656=ORIENTED_EDGE($,*,*,#3431,.F.);
#4657=ORIENTED_EDGE($,*,*,#3428,.T.);
#4658=ORIENTED_EDGE($,*,*,#3427,.T.);
#4659=ORIENTED_EDGE($,*,*,#3434,.T.);
#4660=ORIENTED_EDGE($,*,*,#3432,.T.);
#4661=ORIENTED_EDGE($,*,*,#3435,.T.);
#4662=ORIENTED_EDGE($,*,*,#3436,.T.);
#4663=ORIENTED_EDGE($,*,*,#3437,.T.);
#4664=ORIENTED_EDGE($,*,*,#3438,.T.);
#4665=ORIENTED_EDGE($,*,*,#3439,.T.);
#4666=ORIENTED_EDGE($,*,*,#3440,.T.);
#4667=ORIENTED_EDGE($,*,*,#3441,.T.);
#4668=ORIENTED_EDGE($,*,*,#3442,.T.);
#4669=ORIENTED_EDGE($,*,*,#3443,.T.);
#4670=ORIENTED_EDGE($,*,*,#3444,.T.);
#4671=ORIENTED_EDGE($,*,*,#3441,.F.);
#4672=ORIENTED_EDGE($,*,*,#3445,.F.);
#4673=ORIENTED_EDGE($,*,*,#3439,.F.);
#4674=ORIENTED_EDGE($,*,*,#3446,.T.);
#4675=ORIENTED_EDGE($,*,*,#3442,.F.);
#4676=ORIENTED_EDGE($,*,*,#3444,.F.);
#4677=ORIENTED_EDGE($,*,*,#3438,.F.);
#4678=ORIENTED_EDGE($,*,*,#3447,.T.);
#4679=ORIENTED_EDGE($,*,*,#3443,.F.);
#4680=ORIENTED_EDGE($,*,*,#3446,.F.);
#4681=ORIENTED_EDGE($,*,*,#3437,.F.);
#4682=ORIENTED_EDGE($,*,*,#3445,.T.);
#4683=ORIENTED_EDGE($,*,*,#3440,.F.);
#4684=ORIENTED_EDGE($,*,*,#3447,.F.);
#4685=ORIENTED_EDGE($,*,*,#3436,.F.);
#4686=ORIENTED_EDGE($,*,*,#3448,.F.);
#4687=ORIENTED_EDGE($,*,*,#3449,.F.);
#4688=ORIENTED_EDGE($,*,*,#3450,.F.);
#4689=ORIENTED_EDGE($,*,*,#3451,.F.);
#4690=ORIENTED_EDGE($,*,*,#3450,.T.);
#4691=ORIENTED_EDGE($,*,*,#3452,.T.);
#4692=ORIENTED_EDGE($,*,*,#3453,.F.);
#4693=ORIENTED_EDGE($,*,*,#3454,.F.);
#4694=ORIENTED_EDGE($,*,*,#3449,.T.);
#4695=ORIENTED_EDGE($,*,*,#3455,.T.);
#4696=ORIENTED_EDGE($,*,*,#3456,.F.);
#4697=ORIENTED_EDGE($,*,*,#3452,.F.);
#4698=ORIENTED_EDGE($,*,*,#3448,.T.);
#4699=ORIENTED_EDGE($,*,*,#3457,.T.);
#4700=ORIENTED_EDGE($,*,*,#3458,.F.);
#4701=ORIENTED_EDGE($,*,*,#3455,.F.);
#4702=ORIENTED_EDGE($,*,*,#3451,.T.);
#4703=ORIENTED_EDGE($,*,*,#3454,.T.);
#4704=ORIENTED_EDGE($,*,*,#3459,.F.);
#4705=ORIENTED_EDGE($,*,*,#3457,.F.);
#4706=ORIENTED_EDGE($,*,*,#3453,.T.);
#4707=ORIENTED_EDGE($,*,*,#3456,.T.);
#4708=ORIENTED_EDGE($,*,*,#3458,.T.);
#4709=ORIENTED_EDGE($,*,*,#3459,.T.);
#4710=ORIENTED_EDGE($,*,*,#3460,.F.);
#4711=ORIENTED_EDGE($,*,*,#3461,.F.);
#4712=ORIENTED_EDGE($,*,*,#3462,.F.);
#4713=ORIENTED_EDGE($,*,*,#3463,.F.);
#4714=ORIENTED_EDGE($,*,*,#3464,.F.);
#4715=ORIENTED_EDGE($,*,*,#3465,.F.);
#4716=ORIENTED_EDGE($,*,*,#3463,.T.);
#4717=ORIENTED_EDGE($,*,*,#3460,.T.);
#4718=ORIENTED_EDGE($,*,*,#3465,.T.);
#4719=ORIENTED_EDGE($,*,*,#3462,.T.);
#4720=ORIENTED_EDGE($,*,*,#3466,.T.);
#4721=ORIENTED_EDGE($,*,*,#3467,.T.);
#4722=ORIENTED_EDGE($,*,*,#3468,.T.);
#4723=ORIENTED_EDGE($,*,*,#3469,.T.);
#4724=ORIENTED_EDGE($,*,*,#3470,.T.);
#4725=ORIENTED_EDGE($,*,*,#3471,.T.);
#4726=ORIENTED_EDGE($,*,*,#3472,.T.);
#4727=ORIENTED_EDGE($,*,*,#3473,.T.);
#4728=ORIENTED_EDGE($,*,*,#3474,.T.);
#4729=ORIENTED_EDGE($,*,*,#3461,.T.);
#4730=ORIENTED_EDGE($,*,*,#3470,.F.);
#4731=ORIENTED_EDGE($,*,*,#3475,.F.);
#4732=ORIENTED_EDGE($,*,*,#3474,.F.);
#4733=ORIENTED_EDGE($,*,*,#3476,.T.);
#4734=ORIENTED_EDGE($,*,*,#3466,.F.);
#4735=ORIENTED_EDGE($,*,*,#3477,.T.);
#4736=ORIENTED_EDGE($,*,*,#3467,.F.);
#4737=ORIENTED_EDGE($,*,*,#3476,.F.);
#4738=ORIENTED_EDGE($,*,*,#3473,.F.);
#4739=ORIENTED_EDGE($,*,*,#3478,.T.);
#4740=ORIENTED_EDGE($,*,*,#3468,.F.);
#4741=ORIENTED_EDGE($,*,*,#3477,.F.);
#4742=ORIENTED_EDGE($,*,*,#3472,.F.);
#4743=ORIENTED_EDGE($,*,*,#3475,.T.);
#4744=ORIENTED_EDGE($,*,*,#3469,.F.);
#4745=ORIENTED_EDGE($,*,*,#3478,.F.);
#4746=ORIENTED_EDGE($,*,*,#3471,.F.);
#4747=ORIENTED_EDGE($,*,*,#3479,.F.);
#4748=ORIENTED_EDGE($,*,*,#3480,.F.);
#4749=ORIENTED_EDGE($,*,*,#3479,.T.);
#4750=ORIENTED_EDGE($,*,*,#3464,.T.);
#4751=ORIENTED_EDGE($,*,*,#3480,.T.);
#4752=ORIENTED_EDGE($,*,*,#3481,.F.);
#4753=ORIENTED_EDGE($,*,*,#3481,.T.);
#4754=ORIENTED_EDGE($,*,*,#3482,.T.);
#4755=ORIENTED_EDGE($,*,*,#3483,.T.);
#4756=ORIENTED_EDGE($,*,*,#3484,.T.);
#4757=ORIENTED_EDGE($,*,*,#3485,.T.);
#4758=ORIENTED_EDGE($,*,*,#3486,.T.);
#4759=ORIENTED_EDGE($,*,*,#3487,.T.);
#4760=ORIENTED_EDGE($,*,*,#3488,.T.);
#4761=ORIENTED_EDGE($,*,*,#3489,.T.);
#4762=ORIENTED_EDGE($,*,*,#3490,.T.);
#4763=ORIENTED_EDGE($,*,*,#3487,.F.);
#4764=ORIENTED_EDGE($,*,*,#3491,.F.);
#4765=ORIENTED_EDGE($,*,*,#3485,.F.);
#4766=ORIENTED_EDGE($,*,*,#3492,.T.);
#4767=ORIENTED_EDGE($,*,*,#3488,.F.);
#4768=ORIENTED_EDGE($,*,*,#3490,.F.);
#4769=ORIENTED_EDGE($,*,*,#3484,.F.);
#4770=ORIENTED_EDGE($,*,*,#3493,.T.);
#4771=ORIENTED_EDGE($,*,*,#3489,.F.);
#4772=ORIENTED_EDGE($,*,*,#3492,.F.);
#4773=ORIENTED_EDGE($,*,*,#3483,.F.);
#4774=ORIENTED_EDGE($,*,*,#3491,.T.);
#4775=ORIENTED_EDGE($,*,*,#3486,.F.);
#4776=ORIENTED_EDGE($,*,*,#3493,.F.);
#4777=ORIENTED_EDGE($,*,*,#3482,.F.);
#4778=ORIENTED_EDGE($,*,*,#3494,.T.);
#4779=ORIENTED_EDGE($,*,*,#3495,.T.);
#4780=ORIENTED_EDGE($,*,*,#3496,.T.);
#4781=ORIENTED_EDGE($,*,*,#3497,.T.);
#4782=ORIENTED_EDGE($,*,*,#3498,.T.);
#4783=ORIENTED_EDGE($,*,*,#3499,.T.);
#4784=ORIENTED_EDGE($,*,*,#3500,.T.);
#4785=ORIENTED_EDGE($,*,*,#3501,.T.);
#4786=ORIENTED_EDGE($,*,*,#3502,.T.);
#4787=ORIENTED_EDGE($,*,*,#3499,.F.);
#4788=ORIENTED_EDGE($,*,*,#3503,.F.);
#4789=ORIENTED_EDGE($,*,*,#3497,.F.);
#4790=ORIENTED_EDGE($,*,*,#3504,.T.);
#4791=ORIENTED_EDGE($,*,*,#3500,.F.);
#4792=ORIENTED_EDGE($,*,*,#3502,.F.);
#4793=ORIENTED_EDGE($,*,*,#3496,.F.);
#4794=ORIENTED_EDGE($,*,*,#3505,.T.);
#4795=ORIENTED_EDGE($,*,*,#3501,.F.);
#4796=ORIENTED_EDGE($,*,*,#3504,.F.);
#4797=ORIENTED_EDGE($,*,*,#3495,.F.);
#4798=ORIENTED_EDGE($,*,*,#3503,.T.);
#4799=ORIENTED_EDGE($,*,*,#3498,.F.);
#4800=ORIENTED_EDGE($,*,*,#3505,.F.);
#4801=ORIENTED_EDGE($,*,*,#3494,.F.);
#4802=ORIENTED_EDGE($,*,*,#3506,.T.);
#4803=ORIENTED_EDGE($,*,*,#3507,.T.);
#4804=ORIENTED_EDGE($,*,*,#3508,.T.);
#4805=ORIENTED_EDGE($,*,*,#3509,.T.);
#4806=ORIENTED_EDGE($,*,*,#3510,.T.);
#4807=ORIENTED_EDGE($,*,*,#3511,.T.);
#4808=ORIENTED_EDGE($,*,*,#3512,.T.);
#4809=ORIENTED_EDGE($,*,*,#3513,.T.);
#4810=ORIENTED_EDGE($,*,*,#3514,.T.);
#4811=ORIENTED_EDGE($,*,*,#3511,.F.);
#4812=ORIENTED_EDGE($,*,*,#3515,.F.);
#4813=ORIENTED_EDGE($,*,*,#3509,.F.);
#4814=ORIENTED_EDGE($,*,*,#3516,.T.);
#4815=ORIENTED_EDGE($,*,*,#3512,.F.);
#4816=ORIENTED_EDGE($,*,*,#3514,.F.);
#4817=ORIENTED_EDGE($,*,*,#3508,.F.);
#4818=ORIENTED_EDGE($,*,*,#3517,.T.);
#4819=ORIENTED_EDGE($,*,*,#3513,.F.);
#4820=ORIENTED_EDGE($,*,*,#3516,.F.);
#4821=ORIENTED_EDGE($,*,*,#3507,.F.);
#4822=ORIENTED_EDGE($,*,*,#3515,.T.);
#4823=ORIENTED_EDGE($,*,*,#3510,.F.);
#4824=ORIENTED_EDGE($,*,*,#3517,.F.);
#4825=ORIENTED_EDGE($,*,*,#3506,.F.);
#4826=ORIENTED_EDGE($,*,*,#3518,.T.);
#4827=ORIENTED_EDGE($,*,*,#3519,.T.);
#4828=ORIENTED_EDGE($,*,*,#3520,.T.);
#4829=ORIENTED_EDGE($,*,*,#3521,.T.);
#4830=ORIENTED_EDGE($,*,*,#3522,.T.);
#4831=ORIENTED_EDGE($,*,*,#3523,.T.);
#4832=ORIENTED_EDGE($,*,*,#3524,.T.);
#4833=ORIENTED_EDGE($,*,*,#3525,.T.);
#4834=ORIENTED_EDGE($,*,*,#3526,.T.);
#4835=ORIENTED_EDGE($,*,*,#3523,.F.);
#4836=ORIENTED_EDGE($,*,*,#3527,.F.);
#4837=ORIENTED_EDGE($,*,*,#3521,.F.);
#4838=ORIENTED_EDGE($,*,*,#3528,.T.);
#4839=ORIENTED_EDGE($,*,*,#3524,.F.);
#4840=ORIENTED_EDGE($,*,*,#3526,.F.);
#4841=ORIENTED_EDGE($,*,*,#3520,.F.);
#4842=ORIENTED_EDGE($,*,*,#3529,.T.);
#4843=ORIENTED_EDGE($,*,*,#3525,.F.);
#4844=ORIENTED_EDGE($,*,*,#3528,.F.);
#4845=ORIENTED_EDGE($,*,*,#3519,.F.);
#4846=ORIENTED_EDGE($,*,*,#3527,.T.);
#4847=ORIENTED_EDGE($,*,*,#3522,.F.);
#4848=ORIENTED_EDGE($,*,*,#3529,.F.);
#4849=ORIENTED_EDGE($,*,*,#3518,.F.);
#4850=ORIENTED_EDGE($,*,*,#3530,.T.);
#4851=ORIENTED_EDGE($,*,*,#3531,.T.);
#4852=ORIENTED_EDGE($,*,*,#3532,.T.);
#4853=ORIENTED_EDGE($,*,*,#3533,.T.);
#4854=ORIENTED_EDGE($,*,*,#3534,.T.);
#4855=ORIENTED_EDGE($,*,*,#3535,.T.);
#4856=ORIENTED_EDGE($,*,*,#3536,.T.);
#4857=ORIENTED_EDGE($,*,*,#3537,.T.);
#4858=ORIENTED_EDGE($,*,*,#3538,.T.);
#4859=ORIENTED_EDGE($,*,*,#3535,.F.);
#4860=ORIENTED_EDGE($,*,*,#3539,.F.);
#4861=ORIENTED_EDGE($,*,*,#3533,.F.);
#4862=ORIENTED_EDGE($,*,*,#3540,.T.);
#4863=ORIENTED_EDGE($,*,*,#3536,.F.);
#4864=ORIENTED_EDGE($,*,*,#3538,.F.);
#4865=ORIENTED_EDGE($,*,*,#3532,.F.);
#4866=ORIENTED_EDGE($,*,*,#3541,.T.);
#4867=ORIENTED_EDGE($,*,*,#3537,.F.);
#4868=ORIENTED_EDGE($,*,*,#3540,.F.);
#4869=ORIENTED_EDGE($,*,*,#3531,.F.);
#4870=ORIENTED_EDGE($,*,*,#3539,.T.);
#4871=ORIENTED_EDGE($,*,*,#3534,.F.);
#4872=ORIENTED_EDGE($,*,*,#3541,.F.);
#4873=ORIENTED_EDGE($,*,*,#3530,.F.);
#4874=ORIENTED_EDGE($,*,*,#3542,.T.);
#4875=ORIENTED_EDGE($,*,*,#3543,.T.);
#4876=ORIENTED_EDGE($,*,*,#3544,.T.);
#4877=ORIENTED_EDGE($,*,*,#3545,.T.);
#4878=ORIENTED_EDGE($,*,*,#3546,.T.);
#4879=ORIENTED_EDGE($,*,*,#3547,.T.);
#4880=ORIENTED_EDGE($,*,*,#3548,.T.);
#4881=ORIENTED_EDGE($,*,*,#3549,.T.);
#4882=ORIENTED_EDGE($,*,*,#3550,.T.);
#4883=ORIENTED_EDGE($,*,*,#3547,.F.);
#4884=ORIENTED_EDGE($,*,*,#3551,.F.);
#4885=ORIENTED_EDGE($,*,*,#3545,.F.);
#4886=ORIENTED_EDGE($,*,*,#3552,.T.);
#4887=ORIENTED_EDGE($,*,*,#3548,.F.);
#4888=ORIENTED_EDGE($,*,*,#3550,.F.);
#4889=ORIENTED_EDGE($,*,*,#3544,.F.);
#4890=ORIENTED_EDGE($,*,*,#3553,.T.);
#4891=ORIENTED_EDGE($,*,*,#3549,.F.);
#4892=ORIENTED_EDGE($,*,*,#3552,.F.);
#4893=ORIENTED_EDGE($,*,*,#3543,.F.);
#4894=ORIENTED_EDGE($,*,*,#3551,.T.);
#4895=ORIENTED_EDGE($,*,*,#3546,.F.);
#4896=ORIENTED_EDGE($,*,*,#3553,.F.);
#4897=ORIENTED_EDGE($,*,*,#3542,.F.);
#4898=ORIENTED_EDGE($,*,*,#3554,.T.);
#4899=ORIENTED_EDGE($,*,*,#3555,.T.);
#4900=ORIENTED_EDGE($,*,*,#3556,.T.);
#4901=ORIENTED_EDGE($,*,*,#3557,.T.);
#4902=ORIENTED_EDGE($,*,*,#3558,.T.);
#4903=ORIENTED_EDGE($,*,*,#3559,.T.);
#4904=ORIENTED_EDGE($,*,*,#3560,.T.);
#4905=ORIENTED_EDGE($,*,*,#3561,.T.);
#4906=ORIENTED_EDGE($,*,*,#3562,.T.);
#4907=ORIENTED_EDGE($,*,*,#3559,.F.);
#4908=ORIENTED_EDGE($,*,*,#3563,.F.);
#4909=ORIENTED_EDGE($,*,*,#3557,.F.);
#4910=ORIENTED_EDGE($,*,*,#3564,.T.);
#4911=ORIENTED_EDGE($,*,*,#3560,.F.);
#4912=ORIENTED_EDGE($,*,*,#3562,.F.);
#4913=ORIENTED_EDGE($,*,*,#3556,.F.);
#4914=ORIENTED_EDGE($,*,*,#3565,.T.);
#4915=ORIENTED_EDGE($,*,*,#3561,.F.);
#4916=ORIENTED_EDGE($,*,*,#3564,.F.);
#4917=ORIENTED_EDGE($,*,*,#3555,.F.);
#4918=ORIENTED_EDGE($,*,*,#3563,.T.);
#4919=ORIENTED_EDGE($,*,*,#3558,.F.);
#4920=ORIENTED_EDGE($,*,*,#3565,.F.);
#4921=ORIENTED_EDGE($,*,*,#3554,.F.);
#4922=ORIENTED_EDGE($,*,*,#3566,.F.);
#4923=ORIENTED_EDGE($,*,*,#3567,.F.);
#4924=ORIENTED_EDGE($,*,*,#3566,.T.);
#4925=ORIENTED_EDGE($,*,*,#3567,.T.);
#4926=CYLINDRICAL_SURFACE($,#5351,0.075);
#4927=CYLINDRICAL_SURFACE($,#5373,0.075);
#4928=CYLINDRICAL_SURFACE($,#5397,0.025);
#4929=CYLINDRICAL_SURFACE($,#5401,0.025);
#4930=CYLINDRICAL_SURFACE($,#5405,0.025);
#4931=CYLINDRICAL_SURFACE($,#5409,0.025);
#4932=CYLINDRICAL_SURFACE($,#5444,0.02);
#4933=CYLINDRICAL_SURFACE($,#5460,0.02);
#4934=CYLINDRICAL_SURFACE($,#5498,0.15);
#4935=CYLINDRICAL_SURFACE($,#5644,0.02);
#4936=CYLINDRICAL_SURFACE($,#5655,0.1);
#4937=CYLINDRICAL_SURFACE($,#5705,0.02);
#4938=ADVANCED_FACE($,(#1715,#1671),#4926,.F.);
#4939=ADVANCED_FACE($,(#1716),#1356,.F.);
#4940=ADVANCED_FACE($,(#1717),#1357,.F.);
#4941=ADVANCED_FACE($,(#1718),#1358,.T.);
#4942=ADVANCED_FACE($,(#1719),#1359,.T.);
#4943=ADVANCED_FACE($,(#1672,#1673),#1360,.T.);
#4944=ADVANCED_FACE($,(#1720),#1361,.T.);
#4945=ADVANCED_FACE($,(#1721),#1362,.T.);
#4946=ADVANCED_FACE($,(#1722),#1363,.F.);
#4947=ADVANCED_FACE($,(#1723),#1364,.T.);
#4948=ADVANCED_FACE($,(#1724),#1365,.T.);
#4949=ADVANCED_FACE($,(#1725),#1366,.T.);
#4950=ADVANCED_FACE($,(#1726),#1367,.F.);
#4951=ADVANCED_FACE($,(#1727),#1368,.T.);
#4952=ADVANCED_FACE($,(#1728),#1369,.T.);
#4953=ADVANCED_FACE($,(#1729),#1370,.T.);
#4954=ADVANCED_FACE($,(#1730),#1371,.T.);
#4955=ADVANCED_FACE($,(#1731),#1372,.T.);
#4956=ADVANCED_FACE($,(#1732),#1373,.T.);
#4957=ADVANCED_FACE($,(#1733),#1374,.T.);
#4958=ADVANCED_FACE($,(#1734,#1674),#4927,.F.);
#4959=ADVANCED_FACE($,(#1735),#1375,.F.);
#4960=ADVANCED_FACE($,(#1736),#1376,.T.);
#4961=ADVANCED_FACE($,(#1675,#1676),#1377,.T.);
#4962=ADVANCED_FACE($,(#1737),#1378,.F.);
#4963=ADVANCED_FACE($,(#1738),#1379,.T.);
#4964=ADVANCED_FACE($,(#1677,#1678),#1380,.T.);
#4965=ADVANCED_FACE($,(#1739),#1381,.T.);
#4966=ADVANCED_FACE($,(#1740),#1382,.F.);
#4967=ADVANCED_FACE($,(#1741),#1383,.F.);
#4968=ADVANCED_FACE($,(#1742),#1384,.F.);
#4969=ADVANCED_FACE($,(#1743),#1385,.F.);
#4970=ADVANCED_FACE($,(#1744),#1386,.F.);
#4971=ADVANCED_FACE($,(#1745),#1387,.T.);
#4972=ADVANCED_FACE($,(#1746),#10,.T.);
#4973=ADVANCED_FACE($,(#1747),#1388,.T.);
#4974=ADVANCED_FACE($,(#1748),#1389,.F.);
#4975=ADVANCED_FACE($,(#1749),#1390,.F.);
#4976=ADVANCED_FACE($,(#1750),#1391,.F.);
#4977=ADVANCED_FACE($,(#1751),#1392,.F.);
#4978=ADVANCED_FACE($,(#1752),#1393,.F.);
#4979=ADVANCED_FACE($,(#1753,#1679),#4928,.T.);
#4980=ADVANCED_FACE($,(#1754),#1394,.T.);
#4981=ADVANCED_FACE($,(#1755,#1680),#4929,.T.);
#4982=ADVANCED_FACE($,(#1756),#1395,.T.);
#4983=ADVANCED_FACE($,(#1757,#1681),#4930,.T.);
#4984=ADVANCED_FACE($,(#1758),#1396,.T.);
#4985=ADVANCED_FACE($,(#1759,#1682),#4931,.T.);
#4986=ADVANCED_FACE($,(#1760),#1397,.T.);
#4987=ADVANCED_FACE($,(#1761),#1398,.T.);
#4988=ADVANCED_FACE($,(#1683,#1684,#1685,#1686,#1687),#1399,.F.);
#4989=ADVANCED_FACE($,(#1762),#1400,.F.);
#4990=ADVANCED_FACE($,(#1763),#1401,.F.);
#4991=ADVANCED_FACE($,(#1764),#1402,.F.);
#4992=ADVANCED_FACE($,(#1765),#1403,.F.);
#4993=ADVANCED_FACE($,(#1766),#1404,.T.);
#4994=ADVANCED_FACE($,(#1767),#1405,.F.);
#4995=ADVANCED_FACE($,(#1768),#1406,.F.);
#4996=ADVANCED_FACE($,(#1769),#1407,.F.);
#4997=ADVANCED_FACE($,(#1770),#1408,.F.);
#4998=ADVANCED_FACE($,(#1771),#1409,.F.);
#4999=ADVANCED_FACE($,(#1772),#1410,.T.);
#5000=ADVANCED_FACE($,(#1773),#1411,.F.);
#5001=ADVANCED_FACE($,(#1774),#1412,.F.);
#5002=ADVANCED_FACE($,(#1775),#1413,.F.);
#5003=ADVANCED_FACE($,(#1776),#1414,.F.);
#5004=ADVANCED_FACE($,(#1777),#1415,.F.);
#5005=ADVANCED_FACE($,(#1778),#1416,.T.);
#5006=ADVANCED_FACE($,(#1779),#1417,.T.);
#5007=ADVANCED_FACE($,(#1780),#1418,.T.);
#5008=ADVANCED_FACE($,(#1781),#1419,.T.);
#5009=ADVANCED_FACE($,(#1782),#1420,.T.);
#5010=ADVANCED_FACE($,(#1688,#1689),#1421,.T.);
#5011=ADVANCED_FACE($,(#1783),#1422,.F.);
#5012=ADVANCED_FACE($,(#1784),#1423,.F.);
#5013=ADVANCED_FACE($,(#1785),#1424,.F.);
#5014=ADVANCED_FACE($,(#1786),#1425,.F.);
#5015=ADVANCED_FACE($,(#1787),#1426,.F.);
#5016=ADVANCED_FACE($,(#1788),#1427,.T.);
#5017=ADVANCED_FACE($,(#1789,#1690),#4932,.T.);
#5018=ADVANCED_FACE($,(#1790),#1428,.T.);
#5019=ADVANCED_FACE($,(#1791),#1429,.T.);
#5020=ADVANCED_FACE($,(#1792),#1430,.T.);
#5021=ADVANCED_FACE($,(#1793),#1431,.T.);
#5022=ADVANCED_FACE($,(#1794),#1432,.T.);
#5023=ADVANCED_FACE($,(#1795),#1433,.T.);
#5024=ADVANCED_FACE($,(#1691,#1692),#1434,.T.);
#5025=ADVANCED_FACE($,(#1796),#1435,.F.);
#5026=ADVANCED_FACE($,(#1797),#1436,.F.);
#5027=ADVANCED_FACE($,(#1798),#1437,.F.);
#5028=ADVANCED_FACE($,(#1799),#1438,.F.);
#5029=ADVANCED_FACE($,(#1800),#1439,.F.);
#5030=ADVANCED_FACE($,(#1801),#1440,.T.);
#5031=ADVANCED_FACE($,(#1802,#1693),#4933,.T.);
#5032=ADVANCED_FACE($,(#1803),#1441,.T.);
#5033=ADVANCED_FACE($,(#1804),#1442,.F.);
#5034=ADVANCED_FACE($,(#1805),#1443,.F.);
#5035=ADVANCED_FACE($,(#1806),#1444,.T.);
#5036=ADVANCED_FACE($,(#1807),#1445,.F.);
#5037=ADVANCED_FACE($,(#1808),#1446,.F.);
#5038=ADVANCED_FACE($,(#1809),#1447,.F.);
#5039=ADVANCED_FACE($,(#1810),#1448,.F.);
#5040=ADVANCED_FACE($,(#1811),#1449,.T.);
#5041=ADVANCED_FACE($,(#1812),#1450,.F.);
#5042=ADVANCED_FACE($,(#1694,#1695),#1451,.F.);
#5043=ADVANCED_FACE($,(#1813),#1452,.F.);
#5044=ADVANCED_FACE($,(#1814),#1453,.F.);
#5045=ADVANCED_FACE($,(#1815),#1454,.T.);
#5046=ADVANCED_FACE($,(#1816),#1455,.F.);
#5047=ADVANCED_FACE($,(#1817),#1456,.F.);
#5048=ADVANCED_FACE($,(#1818),#1457,.T.);
#5049=ADVANCED_FACE($,(#1819),#1458,.T.);
#5050=ADVANCED_FACE($,(#1820),#1459,.T.);
#5051=ADVANCED_FACE($,(#1821),#1460,.T.);
#5052=ADVANCED_FACE($,(#1822),#1461,.T.);
#5053=ADVANCED_FACE($,(#1823),#1462,.T.);
#5054=ADVANCED_FACE($,(#1824),#1463,.T.);
#5055=ADVANCED_FACE($,(#1825,#1696),#1464,.T.);
#5056=ADVANCED_FACE($,(#1826),#1465,.T.);
#5057=ADVANCED_FACE($,(#1827),#1466,.T.);
#5058=ADVANCED_FACE($,(#1828),#1467,.T.);
#5059=ADVANCED_FACE($,(#1829),#1468,.T.);
#5060=ADVANCED_FACE($,(#1830),#1469,.T.);
#5061=ADVANCED_FACE($,(#1831),#1470,.T.);
#5062=ADVANCED_FACE($,(#1832),#1471,.T.);
#5063=ADVANCED_FACE($,(#1833),#1472,.T.);
#5064=ADVANCED_FACE($,(#1834),#1473,.T.);
#5065=ADVANCED_FACE($,(#1835),#1474,.T.);
#5066=ADVANCED_FACE($,(#1836,#1697),#4934,.T.);
#5067=ADVANCED_FACE($,(#1837),#1475,.T.);
#5068=ADVANCED_FACE($,(#1838),#1476,.T.);
#5069=ADVANCED_FACE($,(#1839),#1477,.F.);
#5070=ADVANCED_FACE($,(#1840),#1478,.F.);
#5071=ADVANCED_FACE($,(#1841),#1479,.F.);
#5072=ADVANCED_FACE($,(#1842),#1480,.F.);
#5073=ADVANCED_FACE($,(#1843),#1481,.F.);
#5074=ADVANCED_FACE($,(#1844),#1482,.T.);
#5075=ADVANCED_FACE($,(#1845),#1483,.F.);
#5076=ADVANCED_FACE($,(#1846),#1484,.F.);
#5077=ADVANCED_FACE($,(#1847),#1485,.F.);
#5078=ADVANCED_FACE($,(#1848),#1486,.F.);
#5079=ADVANCED_FACE($,(#1849),#1487,.F.);
#5080=ADVANCED_FACE($,(#1850),#1488,.T.);
#5081=ADVANCED_FACE($,(#1851,#1698),#1489,.F.);
#5082=ADVANCED_FACE($,(#1852),#1490,.T.);
#5083=ADVANCED_FACE($,(#1853),#1491,.T.);
#5084=ADVANCED_FACE($,(#1854,#1699),#1492,.T.);
#5085=ADVANCED_FACE($,(#1855),#1493,.F.);
#5086=ADVANCED_FACE($,(#1856),#1494,.T.);
#5087=ADVANCED_FACE($,(#1857),#1495,.T.);
#5088=ADVANCED_FACE($,(#1858),#1496,.T.);
#5089=ADVANCED_FACE($,(#1859),#1497,.T.);
#5090=ADVANCED_FACE($,(#1860),#1498,.F.);
#5091=ADVANCED_FACE($,(#1861),#1499,.F.);
#5092=ADVANCED_FACE($,(#1862),#1500,.F.);
#5093=ADVANCED_FACE($,(#1863),#1501,.F.);
#5094=ADVANCED_FACE($,(#1864),#1502,.F.);
#5095=ADVANCED_FACE($,(#1865),#1503,.F.);
#5096=ADVANCED_FACE($,(#1866),#1504,.F.);
#5097=ADVANCED_FACE($,(#1867),#1505,.F.);
#5098=ADVANCED_FACE($,(#1868),#1506,.F.);
#5099=ADVANCED_FACE($,(#1869),#1507,.F.);
#5100=ADVANCED_FACE($,(#1870),#1508,.F.);
#5101=ADVANCED_FACE($,(#1871),#1509,.F.);
#5102=ADVANCED_FACE($,(#1872),#1510,.F.);
#5103=ADVANCED_FACE($,(#1873),#1511,.T.);
#5104=ADVANCED_FACE($,(#1874),#1512,.F.);
#5105=ADVANCED_FACE($,(#1875),#1513,.F.);
#5106=ADVANCED_FACE($,(#1876),#1514,.F.);
#5107=ADVANCED_FACE($,(#1877),#1515,.T.);
#5108=ADVANCED_FACE($,(#1878),#1516,.F.);
#5109=ADVANCED_FACE($,(#1879),#1517,.F.);
#5110=ADVANCED_FACE($,(#1880),#1518,.F.);
#5111=ADVANCED_FACE($,(#1881),#1519,.F.);
#5112=ADVANCED_FACE($,(#1882),#1520,.F.);
#5113=ADVANCED_FACE($,(#1883),#1521,.F.);
#5114=ADVANCED_FACE($,(#1884),#1522,.F.);
#5115=ADVANCED_FACE($,(#1885),#1523,.F.);
#5116=ADVANCED_FACE($,(#1886),#1524,.F.);
#5117=ADVANCED_FACE($,(#1887),#1525,.F.);
#5118=ADVANCED_FACE($,(#1888),#1526,.F.);
#5119=ADVANCED_FACE($,(#1889),#1527,.F.);
#5120=ADVANCED_FACE($,(#1890),#1528,.F.);
#5121=ADVANCED_FACE($,(#1891),#1529,.F.);
#5122=ADVANCED_FACE($,(#1892),#1530,.F.);
#5123=ADVANCED_FACE($,(#1893),#1531,.F.);
#5124=ADVANCED_FACE($,(#1894),#1532,.F.);
#5125=ADVANCED_FACE($,(#1700,#1701,#1702,#1703,#1704),#1533,.F.);
#5126=ADVANCED_FACE($,(#1895),#1534,.T.);
#5127=ADVANCED_FACE($,(#1896),#1535,.T.);
#5128=ADVANCED_FACE($,(#1897),#1536,.T.);
#5129=ADVANCED_FACE($,(#1898),#1537,.T.);
#5130=ADVANCED_FACE($,(#1899),#1538,.F.);
#5131=ADVANCED_FACE($,(#1900),#1539,.F.);
#5132=ADVANCED_FACE($,(#1901),#1540,.T.);
#5133=ADVANCED_FACE($,(#1902),#1541,.F.);
#5134=ADVANCED_FACE($,(#1903),#1542,.F.);
#5135=ADVANCED_FACE($,(#1904),#1543,.F.);
#5136=ADVANCED_FACE($,(#1905),#1544,.T.);
#5137=ADVANCED_FACE($,(#1906),#1545,.F.);
#5138=ADVANCED_FACE($,(#1907),#1546,.F.);
#5139=ADVANCED_FACE($,(#1908),#1547,.F.);
#5140=ADVANCED_FACE($,(#1909),#1548,.F.);
#5141=ADVANCED_FACE($,(#1910),#1549,.F.);
#5142=ADVANCED_FACE($,(#1911),#1550,.T.);
#5143=ADVANCED_FACE($,(#1912),#11,.T.);
#5144=ADVANCED_FACE($,(#1913),#1551,.F.);
#5145=ADVANCED_FACE($,(#1914),#1552,.T.);
#5146=ADVANCED_FACE($,(#1915),#1553,.F.);
#5147=ADVANCED_FACE($,(#1916),#1554,.F.);
#5148=ADVANCED_FACE($,(#1917),#1555,.T.);
#5149=ADVANCED_FACE($,(#1918),#1556,.F.);
#5150=ADVANCED_FACE($,(#1919),#1557,.F.);
#5151=ADVANCED_FACE($,(#1920),#1558,.F.);
#5152=ADVANCED_FACE($,(#1921),#1559,.F.);
#5153=ADVANCED_FACE($,(#1922),#1560,.F.);
#5154=ADVANCED_FACE($,(#1923),#1561,.F.);
#5155=ADVANCED_FACE($,(#1924),#1562,.F.);
#5156=ADVANCED_FACE($,(#1925),#1563,.F.);
#5157=ADVANCED_FACE($,(#1926),#1564,.F.);
#5158=ADVANCED_FACE($,(#1927),#1565,.F.);
#5159=ADVANCED_FACE($,(#1928),#1566,.F.);
#5160=ADVANCED_FACE($,(#1929),#1567,.F.);
#5161=ADVANCED_FACE($,(#1930),#1568,.F.);
#5162=ADVANCED_FACE($,(#1931),#1569,.F.);
#5163=ADVANCED_FACE($,(#1932),#1570,.F.);
#5164=ADVANCED_FACE($,(#1705,#1706,#1707,#1708,#1709),#1571,.F.);
#5165=ADVANCED_FACE($,(#1933),#1572,.T.);
#5166=ADVANCED_FACE($,(#1934),#1573,.T.);
#5167=ADVANCED_FACE($,(#1935),#1574,.T.);
#5168=ADVANCED_FACE($,(#1936),#1575,.T.);
#5169=ADVANCED_FACE($,(#1937),#1576,.F.);
#5170=ADVANCED_FACE($,(#1938),#1577,.F.);
#5171=ADVANCED_FACE($,(#1939),#1578,.F.);
#5172=ADVANCED_FACE($,(#1940),#1579,.F.);
#5173=ADVANCED_FACE($,(#1941),#1580,.F.);
#5174=ADVANCED_FACE($,(#1942),#1581,.T.);
#5175=ADVANCED_FACE($,(#1943),#1582,.F.);
#5176=ADVANCED_FACE($,(#1944),#1583,.F.);
#5177=ADVANCED_FACE($,(#1945),#1584,.F.);
#5178=ADVANCED_FACE($,(#1946),#1585,.F.);
#5179=ADVANCED_FACE($,(#1947),#1586,.F.);
#5180=ADVANCED_FACE($,(#1948),#1587,.T.);
#5181=ADVANCED_FACE($,(#1949),#1588,.F.);
#5182=ADVANCED_FACE($,(#1950),#1589,.F.);
#5183=ADVANCED_FACE($,(#1951),#1590,.F.);
#5184=ADVANCED_FACE($,(#1952),#1591,.F.);
#5185=ADVANCED_FACE($,(#1953),#1592,.F.);
#5186=ADVANCED_FACE($,(#1954),#1593,.T.);
#5187=ADVANCED_FACE($,(#1955),#1594,.F.);
#5188=ADVANCED_FACE($,(#1956),#1595,.F.);
#5189=ADVANCED_FACE($,(#1957),#1596,.F.);
#5190=ADVANCED_FACE($,(#1958),#1597,.F.);
#5191=ADVANCED_FACE($,(#1959),#1598,.F.);
#5192=ADVANCED_FACE($,(#1960),#1599,.F.);
#5193=ADVANCED_FACE($,(#1961),#1600,.F.);
#5194=ADVANCED_FACE($,(#1962),#1601,.T.);
#5195=ADVANCED_FACE($,(#1963),#1602,.T.);
#5196=ADVANCED_FACE($,(#1964),#1603,.T.);
#5197=ADVANCED_FACE($,(#1965),#1604,.T.);
#5198=ADVANCED_FACE($,(#1966),#1605,.T.);
#5199=ADVANCED_FACE($,(#1967),#1606,.F.);
#5200=ADVANCED_FACE($,(#1968),#1607,.F.);
#5201=ADVANCED_FACE($,(#1969),#1608,.F.);
#5202=ADVANCED_FACE($,(#1970),#1609,.F.);
#5203=ADVANCED_FACE($,(#1971),#1610,.F.);
#5204=ADVANCED_FACE($,(#1972),#1611,.F.);
#5205=ADVANCED_FACE($,(#1973),#1612,.F.);
#5206=ADVANCED_FACE($,(#1974),#1613,.T.);
#5207=ADVANCED_FACE($,(#1975),#1614,.T.);
#5208=ADVANCED_FACE($,(#1976),#1615,.T.);
#5209=ADVANCED_FACE($,(#1977),#1616,.T.);
#5210=ADVANCED_FACE($,(#1978,#1710),#4935,.T.);
#5211=ADVANCED_FACE($,(#1979),#1617,.T.);
#5212=ADVANCED_FACE($,(#1980),#1618,.F.);
#5213=ADVANCED_FACE($,(#1981),#1619,.T.);
#5214=ADVANCED_FACE($,(#1982),#1620,.F.);
#5215=ADVANCED_FACE($,(#1983),#1621,.F.);
#5216=ADVANCED_FACE($,(#1984),#1622,.F.);
#5217=ADVANCED_FACE($,(#1985),#1623,.F.);
#5218=ADVANCED_FACE($,(#1986,#1711),#4936,.T.);
#5219=ADVANCED_FACE($,(#1987),#1624,.T.);
#5220=ADVANCED_FACE($,(#1712,#1713),#1625,.T.);
#5221=ADVANCED_FACE($,(#1988),#1626,.T.);
#5222=ADVANCED_FACE($,(#1989),#12,.T.);
#5223=ADVANCED_FACE($,(#1990),#1627,.T.);
#5224=ADVANCED_FACE($,(#1991),#1628,.F.);
#5225=ADVANCED_FACE($,(#1992),#1629,.F.);
#5226=ADVANCED_FACE($,(#1993),#1630,.F.);
#5227=ADVANCED_FACE($,(#1994),#1631,.F.);
#5228=ADVANCED_FACE($,(#1995),#1632,.F.);
#5229=ADVANCED_FACE($,(#1996),#1633,.T.);
#5230=ADVANCED_FACE($,(#1997),#1634,.F.);
#5231=ADVANCED_FACE($,(#1998),#1635,.F.);
#5232=ADVANCED_FACE($,(#1999),#1636,.F.);
#5233=ADVANCED_FACE($,(#2000),#1637,.F.);
#5234=ADVANCED_FACE($,(#2001),#1638,.F.);
#5235=ADVANCED_FACE($,(#2002),#1639,.T.);
#5236=ADVANCED_FACE($,(#2003),#1640,.F.);
#5237=ADVANCED_FACE($,(#2004),#1641,.F.);
#5238=ADVANCED_FACE($,(#2005),#1642,.F.);
#5239=ADVANCED_FACE($,(#2006),#1643,.F.);
#5240=ADVANCED_FACE($,(#2007),#1644,.F.);
#5241=ADVANCED_FACE($,(#2008),#1645,.T.);
#5242=ADVANCED_FACE($,(#2009),#1646,.F.);
#5243=ADVANCED_FACE($,(#2010),#1647,.F.);
#5244=ADVANCED_FACE($,(#2011),#1648,.F.);
#5245=ADVANCED_FACE($,(#2012),#1649,.F.);
#5246=ADVANCED_FACE($,(#2013),#1650,.F.);
#5247=ADVANCED_FACE($,(#2014),#1651,.T.);
#5248=ADVANCED_FACE($,(#2015),#1652,.F.);
#5249=ADVANCED_FACE($,(#2016),#1653,.F.);
#5250=ADVANCED_FACE($,(#2017),#1654,.F.);
#5251=ADVANCED_FACE($,(#2018),#1655,.F.);
#5252=ADVANCED_FACE($,(#2019),#1656,.F.);
#5253=ADVANCED_FACE($,(#2020),#1657,.T.);
#5254=ADVANCED_FACE($,(#2021),#1658,.F.);
#5255=ADVANCED_FACE($,(#2022),#1659,.F.);
#5256=ADVANCED_FACE($,(#2023),#1660,.F.);
#5257=ADVANCED_FACE($,(#2024),#1661,.F.);
#5258=ADVANCED_FACE($,(#2025),#1662,.F.);
#5259=ADVANCED_FACE($,(#2026),#1663,.T.);
#5260=ADVANCED_FACE($,(#2027),#1664,.F.);
#5261=ADVANCED_FACE($,(#2028),#1665,.F.);
#5262=ADVANCED_FACE($,(#2029),#1666,.F.);
#5263=ADVANCED_FACE($,(#2030),#1667,.F.);
#5264=ADVANCED_FACE($,(#2031),#1668,.F.);
#5265=ADVANCED_FACE($,(#2032,#1714),#4937,.T.);
#5266=ADVANCED_FACE($,(#2033),#1669,.T.);
#5267=ADVANCED_FACE($,(#2034),#1670,.T.);
#5268=CLOSED_SHELL($,(#4938,#4939,#4940,#4941,#4942,#4943,#4944,#4945));
#5269=CLOSED_SHELL($,(#4946,#4947,#4948,#4949,#4950,#4951));
#5270=CLOSED_SHELL($,(#4952,#4953,#4954,#4955,#4956,#4957));
#5271=CLOSED_SHELL($,(#4958,#4959,#4960,#4961,#4962,#4963,#4964));
#5272=CLOSED_SHELL($,(#4965,#4966,#4967,#4968,#4969,#4970));
#5273=CLOSED_SHELL($,(#4971,#4972));
#5274=CLOSED_SHELL($,(#4973,#4974,#4975,#4976,#4977,#4978));
#5275=CLOSED_SHELL($,(#4979,#4980,#4981,#4982,#4983,#4984,#4985,#4986,#4987,
#4988,#4989,#4990,#4991,#4992));
#5276=CLOSED_SHELL($,(#4993,#4994,#4995,#4996,#4997,#4998));
#5277=CLOSED_SHELL($,(#4999,#5000,#5001,#5002,#5003,#5004));
#5278=CLOSED_SHELL($,(#5005,#5006,#5007,#5008,#5009,#5010,#5011,#5012,#5013,
#5014,#5015));
#5279=CLOSED_SHELL($,(#5016,#5017,#5018));
#5280=CLOSED_SHELL($,(#5019,#5020,#5021,#5022,#5023,#5024,#5025,#5026,#5027,
#5028,#5029));
#5281=CLOSED_SHELL($,(#5030,#5031,#5032));
#5282=CLOSED_SHELL($,(#5033,#5034,#5035,#5036,#5037,#5038,#5039,#5040,#5041,
#5042,#5043,#5044,#5045,#5046,#5047));
#5283=CLOSED_SHELL($,(#5048,#5049,#5050,#5051,#5052,#5053,#5054,#5055,#5056,
#5057,#5058,#5059,#5060,#5061,#5062,#5063,#5064,#5065,#5066,#5067));
#5284=CLOSED_SHELL($,(#5068,#5069,#5070,#5071,#5072,#5073));
#5285=CLOSED_SHELL($,(#5074,#5075,#5076,#5077,#5078,#5079));
#5286=CLOSED_SHELL($,(#5080,#5081,#5082,#5083,#5084,#5085,#5086,#5087,#5088,
#5089,#5090,#5091,#5092,#5093,#5094,#5095,#5096,#5097));
#5287=CLOSED_SHELL($,(#5098,#5099,#5100,#5101,#5102,#5103));
#5288=CLOSED_SHELL($,(#5104,#5105,#5106,#5107,#5108,#5109));
#5289=CLOSED_SHELL($,(#5110,#5111,#5112,#5113,#5114,#5115,#5116,#5117,#5118,
#5119,#5120,#5121,#5122,#5123,#5124,#5125,#5126,#5127,#5128,#5129,#5130,
#5131,#5132,#5133,#5134,#5135));
#5290=CLOSED_SHELL($,(#5136,#5137,#5138,#5139,#5140,#5141));
#5291=CLOSED_SHELL($,(#5142,#5143));
#5292=CLOSED_SHELL($,(#5144,#5145,#5146,#5147,#5148,#5149,#5150,#5151,#5152,
#5153,#5154,#5155,#5156,#5157,#5158,#5159,#5160,#5161,#5162,#5163,#5164,
#5165,#5166,#5167,#5168,#5169,#5170,#5171,#5172,#5173));
#5293=CLOSED_SHELL($,(#5174,#5175,#5176,#5177,#5178,#5179));
#5294=CLOSED_SHELL($,(#5180,#5181,#5182,#5183,#5184,#5185));
#5295=CLOSED_SHELL($,(#5186,#5187,#5188,#5189,#5190,#5191));
#5296=CLOSED_SHELL($,(#5192,#5193,#5194,#5195,#5196,#5197));
#5297=CLOSED_SHELL($,(#5198,#5199,#5200,#5201,#5202,#5203));
#5298=CLOSED_SHELL($,(#5204,#5205,#5206,#5207,#5208,#5209));
#5299=CLOSED_SHELL($,(#5210,#5211,#5212,#5213,#5214,#5215,#5216,#5217,#5218,
#5219,#5220));
#5300=CLOSED_SHELL($,(#5221,#5222));
#5301=CLOSED_SHELL($,(#5223,#5224,#5225,#5226,#5227,#5228));
#5302=CLOSED_SHELL($,(#5229,#5230,#5231,#5232,#5233,#5234));
#5303=CLOSED_SHELL($,(#5235,#5236,#5237,#5238,#5239,#5240));
#5304=CLOSED_SHELL($,(#5241,#5242,#5243,#5244,#5245,#5246));
#5305=CLOSED_SHELL($,(#5247,#5248,#5249,#5250,#5251,#5252));
#5306=CLOSED_SHELL($,(#5253,#5254,#5255,#5256,#5257,#5258));
#5307=CLOSED_SHELL($,(#5259,#5260,#5261,#5262,#5263,#5264));
#5308=CLOSED_SHELL($,(#5265,#5266,#5267));
#5309=MANIFOLD_SOLID_BREP('ASM Body',#5268);
#5310=MANIFOLD_SOLID_BREP('ASM Body',#5269);
#5311=MANIFOLD_SOLID_BREP('ASM Body',#5270);
#5312=MANIFOLD_SOLID_BREP('ASM Body',#5271);
#5313=MANIFOLD_SOLID_BREP('ASM Body',#5272);
#5314=MANIFOLD_SOLID_BREP('ASM Body',#5273);
#5315=MANIFOLD_SOLID_BREP('ASM Body',#5274);
#5316=MANIFOLD_SOLID_BREP('ASM Body',#5275);
#5317=MANIFOLD_SOLID_BREP('ASM Body',#5276);
#5318=MANIFOLD_SOLID_BREP('ASM Body',#5277);
#5319=MANIFOLD_SOLID_BREP('ASM Body',#5278);
#5320=MANIFOLD_SOLID_BREP('ASM Body',#5279);
#5321=MANIFOLD_SOLID_BREP('ASM Body',#5280);
#5322=MANIFOLD_SOLID_BREP('ASM Body',#5281);
#5323=MANIFOLD_SOLID_BREP('ASM Body',#5282);
#5324=MANIFOLD_SOLID_BREP('ASM Body',#5283);
#5325=MANIFOLD_SOLID_BREP('ASM Body',#5284);
#5326=MANIFOLD_SOLID_BREP('ASM Body',#5285);
#5327=MANIFOLD_SOLID_BREP('ASM Body',#5286);
#5328=MANIFOLD_SOLID_BREP('ASM Body',#5287);
#5329=MANIFOLD_SOLID_BREP('ASM Body',#5288);
#5330=MANIFOLD_SOLID_BREP('ASM Body',#5289);
#5331=MANIFOLD_SOLID_BREP('ASM Body',#5290);
#5332=MANIFOLD_SOLID_BREP('ASM Body',#5291);
#5333=MANIFOLD_SOLID_BREP('ASM Body',#5292);
#5334=MANIFOLD_SOLID_BREP('ASM Body',#5293);
#5335=MANIFOLD_SOLID_BREP('ASM Body',#5294);
#5336=MANIFOLD_SOLID_BREP('ASM Body',#5295);
#5337=MANIFOLD_SOLID_BREP('ASM Body',#5296);
#5338=MANIFOLD_SOLID_BREP('ASM Body',#5297);
#5339=MANIFOLD_SOLID_BREP('ASM Body',#5298);
#5340=MANIFOLD_SOLID_BREP('ASM Body',#5299);
#5341=MANIFOLD_SOLID_BREP('ASM Body',#5300);
#5342=MANIFOLD_SOLID_BREP('ASM Body',#5301);
#5343=MANIFOLD_SOLID_BREP('ASM Body',#5302);
#5344=MANIFOLD_SOLID_BREP('ASM Body',#5303);
#5345=MANIFOLD_SOLID_BREP('ASM Body',#5304);
#5346=MANIFOLD_SOLID_BREP('ASM Body',#5305);
#5347=MANIFOLD_SOLID_BREP('ASM Body',#5306);
#5348=MANIFOLD_SOLID_BREP('ASM Body',#5307);
#5349=MANIFOLD_SOLID_BREP('ASM Body',#5308);
#5350=AXIS2_PLACEMENT_3D('placement',#7080,#5710,#5711);
#5351=AXIS2_PLACEMENT_3D($,#7081,#5712,#5713);
#5352=AXIS2_PLACEMENT_3D($,#7083,#5714,#5715);
#5353=AXIS2_PLACEMENT_3D($,#7085,#5716,#5717);
#5354=AXIS2_PLACEMENT_3D($,#7086,#5718,#5719);
#5355=AXIS2_PLACEMENT_3D($,#7087,#5720,#5721);
#5356=AXIS2_PLACEMENT_3D($,#7096,#5726,#5727);
#5357=AXIS2_PLACEMENT_3D($,#7102,#5731,#5732);
#5358=AXIS2_PLACEMENT_3D($,#7106,#5735,#5736);
#5359=AXIS2_PLACEMENT_3D($,#7110,#5739,#5740);
#5360=AXIS2_PLACEMENT_3D($,#7112,#5742,#5743);
#5361=AXIS2_PLACEMENT_3D($,#7113,#5744,#5745);
#5362=AXIS2_PLACEMENT_3D($,#7122,#5750,#5751);
#5363=AXIS2_PLACEMENT_3D($,#7128,#5755,#5756);
#5364=AXIS2_PLACEMENT_3D($,#7132,#5759,#5760);
#5365=AXIS2_PLACEMENT_3D($,#7136,#5763,#5764);
#5366=AXIS2_PLACEMENT_3D($,#7138,#5766,#5767);
#5367=AXIS2_PLACEMENT_3D($,#7139,#5768,#5769);
#5368=AXIS2_PLACEMENT_3D($,#7148,#5774,#5775);
#5369=AXIS2_PLACEMENT_3D($,#7154,#5779,#5780);
#5370=AXIS2_PLACEMENT_3D($,#7158,#5783,#5784);
#5371=AXIS2_PLACEMENT_3D($,#7162,#5787,#5788);
#5372=AXIS2_PLACEMENT_3D($,#7164,#5790,#5791);
#5373=AXIS2_PLACEMENT_3D($,#7165,#5792,#5793);
#5374=AXIS2_PLACEMENT_3D($,#7167,#5794,#5795);
#5375=AXIS2_PLACEMENT_3D($,#7169,#5796,#5797);
#5376=AXIS2_PLACEMENT_3D($,#7170,#5798,#5799);
#5377=AXIS2_PLACEMENT_3D($,#7179,#5804,#5805);
#5378=AXIS2_PLACEMENT_3D($,#7185,#5809,#5810);
#5379=AXIS2_PLACEMENT_3D($,#7189,#5813,#5814);
#5380=AXIS2_PLACEMENT_3D($,#7193,#5817,#5818);
#5381=AXIS2_PLACEMENT_3D($,#7195,#5820,#5821);
#5382=AXIS2_PLACEMENT_3D($,#7196,#5822,#5823);
#5383=AXIS2_PLACEMENT_3D($,#7205,#5828,#5829);
#5384=AXIS2_PLACEMENT_3D($,#7214,#5834,#5835);
#5385=AXIS2_PLACEMENT_3D($,#7217,#5838,#5839);
#5386=AXIS2_PLACEMENT_3D($,#7219,#5841,#5842);
#5387=AXIS2_PLACEMENT_3D($,#7221,#5844,#5845);
#5388=AXIS2_PLACEMENT_3D($,#7222,#5846,#5847);
#5389=AXIS2_PLACEMENT_3D($,#7224,#5848,#5849);
#5390=AXIS2_PLACEMENT_3D($,#7225,#5850,#5851);
#5391=AXIS2_PLACEMENT_3D($,#7226,#5852,#5853);
#5392=AXIS2_PLACEMENT_3D($,#7235,#5858,#5859);
#5393=AXIS2_PLACEMENT_3D($,#7244,#5864,#5865);
#5394=AXIS2_PLACEMENT_3D($,#7247,#5868,#5869);
#5395=AXIS2_PLACEMENT_3D($,#7249,#5871,#5872);
#5396=AXIS2_PLACEMENT_3D($,#7251,#5874,#5875);
#5397=AXIS2_PLACEMENT_3D($,#7252,#5876,#5877);
#5398=AXIS2_PLACEMENT_3D($,#7254,#5878,#5879);
#5399=AXIS2_PLACEMENT_3D($,#7256,#5880,#5881);
#5400=AXIS2_PLACEMENT_3D($,#7257,#5882,#5883);
#5401=AXIS2_PLACEMENT_3D($,#7258,#5884,#5885);
#5402=AXIS2_PLACEMENT_3D($,#7260,#5886,#5887);
#5403=AXIS2_PLACEMENT_3D($,#7262,#5888,#5889);
#5404=AXIS2_PLACEMENT_3D($,#7263,#5890,#5891);
#5405=AXIS2_PLACEMENT_3D($,#7264,#5892,#5893);
#5406=AXIS2_PLACEMENT_3D($,#7266,#5894,#5895);
#5407=AXIS2_PLACEMENT_3D($,#7268,#5896,#5897);
#5408=AXIS2_PLACEMENT_3D($,#7269,#5898,#5899);
#5409=AXIS2_PLACEMENT_3D($,#7270,#5900,#5901);
#5410=AXIS2_PLACEMENT_3D($,#7272,#5902,#5903);
#5411=AXIS2_PLACEMENT_3D($,#7274,#5904,#5905);
#5412=AXIS2_PLACEMENT_3D($,#7275,#5906,#5907);
#5413=AXIS2_PLACEMENT_3D($,#7276,#5908,#5909);
#5414=AXIS2_PLACEMENT_3D($,#7285,#5914,#5915);
#5415=AXIS2_PLACEMENT_3D($,#7294,#5920,#5921);
#5416=AXIS2_PLACEMENT_3D($,#7297,#5924,#5925);
#5417=AXIS2_PLACEMENT_3D($,#7299,#5927,#5928);
#5418=AXIS2_PLACEMENT_3D($,#7301,#5930,#5931);
#5419=AXIS2_PLACEMENT_3D($,#7302,#5932,#5933);
#5420=AXIS2_PLACEMENT_3D($,#7311,#5938,#5939);
#5421=AXIS2_PLACEMENT_3D($,#7320,#5944,#5945);
#5422=AXIS2_PLACEMENT_3D($,#7323,#5948,#5949);
#5423=AXIS2_PLACEMENT_3D($,#7325,#5951,#5952);
#5424=AXIS2_PLACEMENT_3D($,#7327,#5954,#5955);
#5425=AXIS2_PLACEMENT_3D($,#7328,#5956,#5957);
#5426=AXIS2_PLACEMENT_3D($,#7337,#5962,#5963);
#5427=AXIS2_PLACEMENT_3D($,#7346,#5968,#5969);
#5428=AXIS2_PLACEMENT_3D($,#7349,#5972,#5973);
#5429=AXIS2_PLACEMENT_3D($,#7351,#5975,#5976);
#5430=AXIS2_PLACEMENT_3D($,#7353,#5978,#5979);
#5431=AXIS2_PLACEMENT_3D($,#7354,#5980,#5981);
#5432=AXIS2_PLACEMENT_3D($,#7363,#5986,#5987);
#5433=AXIS2_PLACEMENT_3D($,#7369,#5991,#5992);
#5434=AXIS2_PLACEMENT_3D($,#7373,#5995,#5996);
#5435=AXIS2_PLACEMENT_3D($,#7377,#5999,#6000);
#5436=AXIS2_PLACEMENT_3D($,#7379,#6002,#6003);
#5437=AXIS2_PLACEMENT_3D($,#7388,#6008,#6009);
#5438=AXIS2_PLACEMENT_3D($,#7397,#6014,#6015);
#5439=AXIS2_PLACEMENT_3D($,#7400,#6018,#6019);
#5440=AXIS2_PLACEMENT_3D($,#7402,#6021,#6022);
#5441=AXIS2_PLACEMENT_3D($,#7404,#6024,#6025);
#5442=AXIS2_PLACEMENT_3D($,#7405,#6026,#6027);
#5443=AXIS2_PLACEMENT_3D($,#7407,#6028,#6029);
#5444=AXIS2_PLACEMENT_3D($,#7408,#6030,#6031);
#5445=AXIS2_PLACEMENT_3D($,#7410,#6032,#6033);
#5446=AXIS2_PLACEMENT_3D($,#7411,#6034,#6035);
#5447=AXIS2_PLACEMENT_3D($,#7412,#6036,#6037);
#5448=AXIS2_PLACEMENT_3D($,#7421,#6042,#6043);
#5449=AXIS2_PLACEMENT_3D($,#7427,#6047,#6048);
#5450=AXIS2_PLACEMENT_3D($,#7431,#6051,#6052);
#5451=AXIS2_PLACEMENT_3D($,#7435,#6055,#6056);
#5452=AXIS2_PLACEMENT_3D($,#7437,#6058,#6059);
#5453=AXIS2_PLACEMENT_3D($,#7446,#6064,#6065);
#5454=AXIS2_PLACEMENT_3D($,#7455,#6070,#6071);
#5455=AXIS2_PLACEMENT_3D($,#7458,#6074,#6075);
#5456=AXIS2_PLACEMENT_3D($,#7460,#6077,#6078);
#5457=AXIS2_PLACEMENT_3D($,#7462,#6080,#6081);
#5458=AXIS2_PLACEMENT_3D($,#7463,#6082,#6083);
#5459=AXIS2_PLACEMENT_3D($,#7465,#6084,#6085);
#5460=AXIS2_PLACEMENT_3D($,#7466,#6086,#6087);
#5461=AXIS2_PLACEMENT_3D($,#7468,#6088,#6089);
#5462=AXIS2_PLACEMENT_3D($,#7469,#6090,#6091);
#5463=AXIS2_PLACEMENT_3D($,#7470,#6092,#6093);
#5464=AXIS2_PLACEMENT_3D($,#7479,#6098,#6099);
#5465=AXIS2_PLACEMENT_3D($,#7488,#6104,#6105);
#5466=AXIS2_PLACEMENT_3D($,#7497,#6110,#6111);
#5467=AXIS2_PLACEMENT_3D($,#7503,#6115,#6116);
#5468=AXIS2_PLACEMENT_3D($,#7507,#6119,#6120);
#5469=AXIS2_PLACEMENT_3D($,#7511,#6123,#6124);
#5470=AXIS2_PLACEMENT_3D($,#7513,#6126,#6127);
#5471=AXIS2_PLACEMENT_3D($,#7519,#6131,#6132);
#5472=AXIS2_PLACEMENT_3D($,#7525,#6136,#6137);
#5473=AXIS2_PLACEMENT_3D($,#7528,#6140,#6141);
#5474=AXIS2_PLACEMENT_3D($,#7534,#6145,#6146);
#5475=AXIS2_PLACEMENT_3D($,#7538,#6149,#6150);
#5476=AXIS2_PLACEMENT_3D($,#7542,#6153,#6154);
#5477=AXIS2_PLACEMENT_3D($,#7544,#6156,#6157);
#5478=AXIS2_PLACEMENT_3D($,#7545,#6158,#6159);
#5479=AXIS2_PLACEMENT_3D($,#7554,#6164,#6165);
#5480=AXIS2_PLACEMENT_3D($,#7563,#6170,#6171);
#5481=AXIS2_PLACEMENT_3D($,#7569,#6175,#6176);
#5482=AXIS2_PLACEMENT_3D($,#7575,#6180,#6181);
#5483=AXIS2_PLACEMENT_3D($,#7581,#6185,#6186);
#5484=AXIS2_PLACEMENT_3D($,#7587,#6190,#6191);
#5485=AXIS2_PLACEMENT_3D($,#7593,#6195,#6196);
#5486=AXIS2_PLACEMENT_3D($,#7598,#6198,#6199);
#5487=AXIS2_PLACEMENT_3D($,#7610,#6207,#6208);
#5488=AXIS2_PLACEMENT_3D($,#7614,#6211,#6212);
#5489=AXIS2_PLACEMENT_3D($,#7618,#6215,#6216);
#5490=AXIS2_PLACEMENT_3D($,#7622,#6219,#6220);
#5491=AXIS2_PLACEMENT_3D($,#7625,#6223,#6224);
#5492=AXIS2_PLACEMENT_3D($,#7626,#6225,#6226);
#5493=AXIS2_PLACEMENT_3D($,#7627,#6227,#6228);
#5494=AXIS2_PLACEMENT_3D($,#7630,#6229,#6230);
#5495=AXIS2_PLACEMENT_3D($,#7636,#6234,#6235);
#5496=AXIS2_PLACEMENT_3D($,#7639,#6238,#6239);
#5497=AXIS2_PLACEMENT_3D($,#7641,#6241,#6242);
#5498=AXIS2_PLACEMENT_3D($,#7643,#6244,#6245);
#5499=AXIS2_PLACEMENT_3D($,#7645,#6246,#6247);
#5500=AXIS2_PLACEMENT_3D($,#7646,#6248,#6249);
#5501=AXIS2_PLACEMENT_3D($,#7647,#6250,#6251);
#5502=AXIS2_PLACEMENT_3D($,#7656,#6256,#6257);
#5503=AXIS2_PLACEMENT_3D($,#7665,#6262,#6263);
#5504=AXIS2_PLACEMENT_3D($,#7668,#6266,#6267);
#5505=AXIS2_PLACEMENT_3D($,#7670,#6269,#6270);
#5506=AXIS2_PLACEMENT_3D($,#7672,#6272,#6273);
#5507=AXIS2_PLACEMENT_3D($,#7673,#6274,#6275);
#5508=AXIS2_PLACEMENT_3D($,#7682,#6280,#6281);
#5509=AXIS2_PLACEMENT_3D($,#7691,#6286,#6287);
#5510=AXIS2_PLACEMENT_3D($,#7694,#6290,#6291);
#5511=AXIS2_PLACEMENT_3D($,#7696,#6293,#6294);
#5512=AXIS2_PLACEMENT_3D($,#7698,#6296,#6297);
#5513=AXIS2_PLACEMENT_3D($,#7699,#6298,#6299);
#5514=AXIS2_PLACEMENT_3D($,#7708,#6304,#6305);
#5515=AXIS2_PLACEMENT_3D($,#7738,#6321,#6322);
#5516=AXIS2_PLACEMENT_3D($,#7744,#6326,#6327);
#5517=AXIS2_PLACEMENT_3D($,#7746,#6329,#6330);
#5518=AXIS2_PLACEMENT_3D($,#7772,#6344,#6345);
#5519=AXIS2_PLACEMENT_3D($,#7774,#6347,#6348);
#5520=AXIS2_PLACEMENT_3D($,#7777,#6351,#6352);
#5521=AXIS2_PLACEMENT_3D($,#7779,#6354,#6355);
#5522=AXIS2_PLACEMENT_3D($,#7781,#6357,#6358);
#5523=AXIS2_PLACEMENT_3D($,#7782,#6359,#6360);
#5524=AXIS2_PLACEMENT_3D($,#7784,#6362,#6363);
#5525=AXIS2_PLACEMENT_3D($,#7786,#6365,#6366);
#5526=AXIS2_PLACEMENT_3D($,#7788,#6368,#6369);
#5527=AXIS2_PLACEMENT_3D($,#7790,#6371,#6372);
#5528=AXIS2_PLACEMENT_3D($,#7792,#6374,#6375);
#5529=AXIS2_PLACEMENT_3D($,#7794,#6377,#6378);
#5530=AXIS2_PLACEMENT_3D($,#7796,#6380,#6381);
#5531=AXIS2_PLACEMENT_3D($,#7797,#6382,#6383);
#5532=AXIS2_PLACEMENT_3D($,#7806,#6388,#6389);
#5533=AXIS2_PLACEMENT_3D($,#7812,#6393,#6394);
#5534=AXIS2_PLACEMENT_3D($,#7816,#6397,#6398);
#5535=AXIS2_PLACEMENT_3D($,#7820,#6401,#6402);
#5536=AXIS2_PLACEMENT_3D($,#7822,#6404,#6405);
#5537=AXIS2_PLACEMENT_3D($,#7823,#6406,#6407);
#5538=AXIS2_PLACEMENT_3D($,#7832,#6412,#6413);
#5539=AXIS2_PLACEMENT_3D($,#7838,#6417,#6418);
#5540=AXIS2_PLACEMENT_3D($,#7842,#6421,#6422);
#5541=AXIS2_PLACEMENT_3D($,#7846,#6425,#6426);
#5542=AXIS2_PLACEMENT_3D($,#7848,#6428,#6429);
#5543=AXIS2_PLACEMENT_3D($,#7849,#6430,#6431);
#5544=AXIS2_PLACEMENT_3D($,#7858,#6436,#6437);
#5545=AXIS2_PLACEMENT_3D($,#7864,#6441,#6442);
#5546=AXIS2_PLACEMENT_3D($,#7868,#6445,#6446);
#5547=AXIS2_PLACEMENT_3D($,#7872,#6449,#6450);
#5548=AXIS2_PLACEMENT_3D($,#7874,#6452,#6453);
#5549=AXIS2_PLACEMENT_3D($,#7883,#6458,#6459);
#5550=AXIS2_PLACEMENT_3D($,#7889,#6463,#6464);
#5551=AXIS2_PLACEMENT_3D($,#7893,#6467,#6468);
#5552=AXIS2_PLACEMENT_3D($,#7897,#6471,#6472);
#5553=AXIS2_PLACEMENT_3D($,#7899,#6474,#6475);
#5554=AXIS2_PLACEMENT_3D($,#7908,#6480,#6481);
#5555=AXIS2_PLACEMENT_3D($,#7914,#6485,#6486);
#5556=AXIS2_PLACEMENT_3D($,#7918,#6489,#6490);
#5557=AXIS2_PLACEMENT_3D($,#7922,#6493,#6494);
#5558=AXIS2_PLACEMENT_3D($,#7924,#6496,#6497);
#5559=AXIS2_PLACEMENT_3D($,#7941,#6506,#6507);
#5560=AXIS2_PLACEMENT_3D($,#7947,#6511,#6512);
#5561=AXIS2_PLACEMENT_3D($,#7951,#6515,#6516);
#5562=AXIS2_PLACEMENT_3D($,#7955,#6519,#6520);
#5563=AXIS2_PLACEMENT_3D($,#7957,#6522,#6523);
#5564=AXIS2_PLACEMENT_3D($,#7963,#6527,#6528);
#5565=AXIS2_PLACEMENT_3D($,#7967,#6531,#6532);
#5566=AXIS2_PLACEMENT_3D($,#7968,#6533,#6534);
#5567=AXIS2_PLACEMENT_3D($,#7972,#6537,#6538);
#5568=AXIS2_PLACEMENT_3D($,#7974,#6540,#6541);
#5569=AXIS2_PLACEMENT_3D($,#7975,#6542,#6543);
#5570=AXIS2_PLACEMENT_3D($,#7984,#6548,#6549);
#5571=AXIS2_PLACEMENT_3D($,#7993,#6554,#6555);
#5572=AXIS2_PLACEMENT_3D($,#7996,#6558,#6559);
#5573=AXIS2_PLACEMENT_3D($,#7998,#6561,#6562);
#5574=AXIS2_PLACEMENT_3D($,#8000,#6564,#6565);
#5575=AXIS2_PLACEMENT_3D($,#8001,#6566,#6567);
#5576=AXIS2_PLACEMENT_3D($,#8003,#6568,#6569);
#5577=AXIS2_PLACEMENT_3D($,#8004,#6570,#6571);
#5578=AXIS2_PLACEMENT_3D($,#8005,#6572,#6573);
#5579=AXIS2_PLACEMENT_3D($,#8014,#6578,#6579);
#5580=AXIS2_PLACEMENT_3D($,#8023,#6584,#6585);
#5581=AXIS2_PLACEMENT_3D($,#8029,#6589,#6590);
#5582=AXIS2_PLACEMENT_3D($,#8032,#6593,#6594);
#5583=AXIS2_PLACEMENT_3D($,#8038,#6598,#6599);
#5584=AXIS2_PLACEMENT_3D($,#8047,#6604,#6605);
#5585=AXIS2_PLACEMENT_3D($,#8053,#6609,#6610);
#5586=AXIS2_PLACEMENT_3D($,#8057,#6613,#6614);
#5587=AXIS2_PLACEMENT_3D($,#8061,#6617,#6618);
#5588=AXIS2_PLACEMENT_3D($,#8063,#6620,#6621);
#5589=AXIS2_PLACEMENT_3D($,#8072,#6626,#6627);
#5590=AXIS2_PLACEMENT_3D($,#8078,#6631,#6632);
#5591=AXIS2_PLACEMENT_3D($,#8082,#6635,#6636);
#5592=AXIS2_PLACEMENT_3D($,#8086,#6639,#6640);
#5593=AXIS2_PLACEMENT_3D($,#8088,#6642,#6643);
#5594=AXIS2_PLACEMENT_3D($,#8097,#6648,#6649);
#5595=AXIS2_PLACEMENT_3D($,#8103,#6653,#6654);
#5596=AXIS2_PLACEMENT_3D($,#8107,#6657,#6658);
#5597=AXIS2_PLACEMENT_3D($,#8111,#6661,#6662);
#5598=AXIS2_PLACEMENT_3D($,#8113,#6664,#6665);
#5599=AXIS2_PLACEMENT_3D($,#8130,#6674,#6675);
#5600=AXIS2_PLACEMENT_3D($,#8133,#6678,#6679);
#5601=AXIS2_PLACEMENT_3D($,#8135,#6681,#6682);
#5602=AXIS2_PLACEMENT_3D($,#8137,#6684,#6685);
#5603=AXIS2_PLACEMENT_3D($,#8138,#6686,#6687);
#5604=AXIS2_PLACEMENT_3D($,#8144,#6691,#6692);
#5605=AXIS2_PLACEMENT_3D($,#8148,#6695,#6696);
#5606=AXIS2_PLACEMENT_3D($,#8152,#6699,#6700);
#5607=AXIS2_PLACEMENT_3D($,#8154,#6702,#6703);
#5608=AXIS2_PLACEMENT_3D($,#8155,#6704,#6705);
#5609=AXIS2_PLACEMENT_3D($,#8164,#6710,#6711);
#5610=AXIS2_PLACEMENT_3D($,#8173,#6716,#6717);
#5611=AXIS2_PLACEMENT_3D($,#8176,#6720,#6721);
#5612=AXIS2_PLACEMENT_3D($,#8178,#6723,#6724);
#5613=AXIS2_PLACEMENT_3D($,#8180,#6726,#6727);
#5614=AXIS2_PLACEMENT_3D($,#8181,#6728,#6729);
#5615=AXIS2_PLACEMENT_3D($,#8190,#6734,#6735);
#5616=AXIS2_PLACEMENT_3D($,#8199,#6740,#6741);
#5617=AXIS2_PLACEMENT_3D($,#8202,#6744,#6745);
#5618=AXIS2_PLACEMENT_3D($,#8204,#6747,#6748);
#5619=AXIS2_PLACEMENT_3D($,#8206,#6750,#6751);
#5620=AXIS2_PLACEMENT_3D($,#8207,#6752,#6753);
#5621=AXIS2_PLACEMENT_3D($,#8216,#6758,#6759);
#5622=AXIS2_PLACEMENT_3D($,#8225,#6764,#6765);
#5623=AXIS2_PLACEMENT_3D($,#8228,#6768,#6769);
#5624=AXIS2_PLACEMENT_3D($,#8230,#6771,#6772);
#5625=AXIS2_PLACEMENT_3D($,#8232,#6774,#6775);
#5626=AXIS2_PLACEMENT_3D($,#8233,#6776,#6777);
#5627=AXIS2_PLACEMENT_3D($,#8242,#6782,#6783);
#5628=AXIS2_PLACEMENT_3D($,#8248,#6787,#6788);
#5629=AXIS2_PLACEMENT_3D($,#8254,#6792,#6793);
#5630=AXIS2_PLACEMENT_3D($,#8256,#6795,#6796);
#5631=AXIS2_PLACEMENT_3D($,#8258,#6798,#6799);
#5632=AXIS2_PLACEMENT_3D($,#8259,#6800,#6801);
#5633=AXIS2_PLACEMENT_3D($,#8268,#6806,#6807);
#5634=AXIS2_PLACEMENT_3D($,#8277,#6812,#6813);
#5635=AXIS2_PLACEMENT_3D($,#8280,#6816,#6817);
#5636=AXIS2_PLACEMENT_3D($,#8282,#6819,#6820);
#5637=AXIS2_PLACEMENT_3D($,#8284,#6822,#6823);
#5638=AXIS2_PLACEMENT_3D($,#8285,#6824,#6825);
#5639=AXIS2_PLACEMENT_3D($,#8294,#6830,#6831);
#5640=AXIS2_PLACEMENT_3D($,#8300,#6835,#6836);
#5641=AXIS2_PLACEMENT_3D($,#8304,#6839,#6840);
#5642=AXIS2_PLACEMENT_3D($,#8308,#6843,#6844);
#5643=AXIS2_PLACEMENT_3D($,#8310,#6846,#6847);
#5644=AXIS2_PLACEMENT_3D($,#8311,#6848,#6849);
#5645=AXIS2_PLACEMENT_3D($,#8316,#6851,#6852);
#5646=AXIS2_PLACEMENT_3D($,#8319,#6854,#6855);
#5647=AXIS2_PLACEMENT_3D($,#8321,#6856,#6857);
#5648=AXIS2_PLACEMENT_3D($,#8322,#6858,#6859);
#5649=AXIS2_PLACEMENT_3D($,#8324,#6861,#6862);
#5650=AXIS2_PLACEMENT_3D($,#8334,#6868,#6869);
#5651=AXIS2_PLACEMENT_3D($,#8343,#6874,#6875);
#5652=AXIS2_PLACEMENT_3D($,#8346,#6878,#6879);
#5653=AXIS2_PLACEMENT_3D($,#8348,#6881,#6882);
#5654=AXIS2_PLACEMENT_3D($,#8350,#6884,#6885);
#5655=AXIS2_PLACEMENT_3D($,#8351,#6886,#6887);
#5656=AXIS2_PLACEMENT_3D($,#8353,#6888,#6889);
#5657=AXIS2_PLACEMENT_3D($,#8355,#6890,#6891);
#5658=AXIS2_PLACEMENT_3D($,#8356,#6892,#6893);
#5659=AXIS2_PLACEMENT_3D($,#8357,#6894,#6895);
#5660=AXIS2_PLACEMENT_3D($,#8358,#6896,#6897);
#5661=AXIS2_PLACEMENT_3D($,#8360,#6898,#6899);
#5662=AXIS2_PLACEMENT_3D($,#8361,#6900,#6901);
#5663=AXIS2_PLACEMENT_3D($,#8362,#6902,#6903);
#5664=AXIS2_PLACEMENT_3D($,#8371,#6908,#6909);
#5665=AXIS2_PLACEMENT_3D($,#8380,#6914,#6915);
#5666=AXIS2_PLACEMENT_3D($,#8383,#6918,#6919);
#5667=AXIS2_PLACEMENT_3D($,#8385,#6921,#6922);
#5668=AXIS2_PLACEMENT_3D($,#8387,#6924,#6925);
#5669=AXIS2_PLACEMENT_3D($,#8388,#6926,#6927);
#5670=AXIS2_PLACEMENT_3D($,#8397,#6932,#6933);
#5671=AXIS2_PLACEMENT_3D($,#8406,#6938,#6939);
#5672=AXIS2_PLACEMENT_3D($,#8409,#6942,#6943);
#5673=AXIS2_PLACEMENT_3D($,#8411,#6945,#6946);
#5674=AXIS2_PLACEMENT_3D($,#8413,#6948,#6949);
#5675=AXIS2_PLACEMENT_3D($,#8414,#6950,#6951);
#5676=AXIS2_PLACEMENT_3D($,#8423,#6956,#6957);
#5677=AXIS2_PLACEMENT_3D($,#8432,#6962,#6963);
#5678=AXIS2_PLACEMENT_3D($,#8435,#6966,#6967);
#5679=AXIS2_PLACEMENT_3D($,#8437,#6969,#6970);
#5680=AXIS2_PLACEMENT_3D($,#8439,#6972,#6973);
#5681=AXIS2_PLACEMENT_3D($,#8440,#6974,#6975);
#5682=AXIS2_PLACEMENT_3D($,#8449,#6980,#6981);
#5683=AXIS2_PLACEMENT_3D($,#8458,#6986,#6987);
#5684=AXIS2_PLACEMENT_3D($,#8461,#6990,#6991);
#5685=AXIS2_PLACEMENT_3D($,#8463,#6993,#6994);
#5686=AXIS2_PLACEMENT_3D($,#8465,#6996,#6997);
#5687=AXIS2_PLACEMENT_3D($,#8466,#6998,#6999);
#5688=AXIS2_PLACEMENT_3D($,#8475,#7004,#7005);
#5689=AXIS2_PLACEMENT_3D($,#8484,#7010,#7011);
#5690=AXIS2_PLACEMENT_3D($,#8487,#7014,#7015);
#5691=AXIS2_PLACEMENT_3D($,#8489,#7017,#7018);
#5692=AXIS2_PLACEMENT_3D($,#8491,#7020,#7021);
#5693=AXIS2_PLACEMENT_3D($,#8492,#7022,#7023);
#5694=AXIS2_PLACEMENT_3D($,#8501,#7028,#7029);
#5695=AXIS2_PLACEMENT_3D($,#8510,#7034,#7035);
#5696=AXIS2_PLACEMENT_3D($,#8513,#7038,#7039);
#5697=AXIS2_PLACEMENT_3D($,#8515,#7041,#7042);
#5698=AXIS2_PLACEMENT_3D($,#8517,#7044,#7045);
#5699=AXIS2_PLACEMENT_3D($,#8518,#7046,#7047);
#5700=AXIS2_PLACEMENT_3D($,#8527,#7052,#7053);
#5701=AXIS2_PLACEMENT_3D($,#8536,#7058,#7059);
#5702=AXIS2_PLACEMENT_3D($,#8539,#7062,#7063);
#5703=AXIS2_PLACEMENT_3D($,#8541,#7065,#7066);
#5704=AXIS2_PLACEMENT_3D($,#8543,#7068,#7069);
#5705=AXIS2_PLACEMENT_3D($,#8544,#7070,#7071);
#5706=AXIS2_PLACEMENT_3D($,#8546,#7072,#7073);
#5707=AXIS2_PLACEMENT_3D($,#8548,#7074,#7075);
#5708=AXIS2_PLACEMENT_3D($,#8549,#7076,#7077);
#5709=AXIS2_PLACEMENT_3D($,#8550,#7078,#7079);
#5710=DIRECTION('axis',(0.,0.,1.));
#5711=DIRECTION('refdir',(1.,0.,0.));
#5712=DIRECTION('center_axis',(0.,1.,0.));
#5713=DIRECTION('ref_axis',(1.,0.,0.));
#5714=DIRECTION('center_axis',(0.,-1.,0.));
#5715=DIRECTION('ref_axis',(1.,0.,0.));
#5716=DIRECTION('center_axis',(0.,-1.,0.));
#5717=DIRECTION('ref_axis',(1.,0.,0.));
#5718=DIRECTION('center_axis',(0.,-1.,0.));
#5719=DIRECTION('ref_axis',(-1.,0.,0.));
#5720=DIRECTION('center_axis',(0.,0.,1.));
#5721=DIRECTION('ref_axis',(1.,0.,0.));
#5722=DIRECTION($,(-1.,0.,0.));
#5723=DIRECTION($,(0.,1.,0.));
#5724=DIRECTION($,(1.,0.,0.));
#5725=DIRECTION($,(0.,-1.,0.));
#5726=DIRECTION('center_axis',(0.,-1.,0.));
#5727=DIRECTION('ref_axis',(1.,0.,0.));
#5728=DIRECTION($,(0.,0.,1.));
#5729=DIRECTION($,(1.,0.,0.));
#5730=DIRECTION($,(0.,0.,1.));
#5731=DIRECTION('center_axis',(1.,0.,0.));
#5732=DIRECTION('ref_axis',(0.,1.,0.));
#5733=DIRECTION($,(0.,0.,1.));
#5734=DIRECTION($,(0.,1.,0.));
#5735=DIRECTION('center_axis',(0.,1.,0.));
#5736=DIRECTION('ref_axis',(-1.,0.,0.));
#5737=DIRECTION($,(0.,0.,1.));
#5738=DIRECTION($,(-1.,0.,0.));
#5739=DIRECTION('center_axis',(-1.,0.,0.));
#5740=DIRECTION('ref_axis',(0.,-1.,0.));
#5741=DIRECTION($,(0.,-1.,0.));
#5742=DIRECTION('center_axis',(0.,0.,1.));
#5743=DIRECTION('ref_axis',(1.,0.,0.));
#5744=DIRECTION('center_axis',(0.,-2.22044604925031E-016,1.));
#5745=DIRECTION('ref_axis',(1.,0.,0.));
#5746=DIRECTION($,(0.,-1.,-2.22044604925031E-016));
#5747=DIRECTION($,(-1.,0.,0.));
#5748=DIRECTION($,(0.,1.,2.22044604925031E-016));
#5749=DIRECTION($,(1.,0.,0.));
#5750=DIRECTION('center_axis',(1.,0.,0.));
#5751=DIRECTION('ref_axis',(0.,0.,-1.));
#5752=DIRECTION($,(0.,0.,1.));
#5753=DIRECTION($,(0.,-1.,0.));
#5754=DIRECTION($,(0.,0.,-1.));
#5755=DIRECTION('center_axis',(0.,1.,0.));
#5756=DIRECTION('ref_axis',(0.,0.,1.));
#5757=DIRECTION($,(0.,0.,-1.));
#5758=DIRECTION($,(1.,0.,0.));
#5759=DIRECTION('center_axis',(-1.,0.,0.));
#5760=DIRECTION('ref_axis',(0.,0.,-1.));
#5761=DIRECTION($,(0.,0.,-1.));
#5762=DIRECTION($,(0.,1.,0.));
#5763=DIRECTION('center_axis',(0.,0.,-1.));
#5764=DIRECTION('ref_axis',(1.,0.,0.));
#5765=DIRECTION($,(-1.,0.,0.));
#5766=DIRECTION('center_axis',(0.,-1.,0.));
#5767=DIRECTION('ref_axis',(0.,0.,-1.));
#5768=DIRECTION('center_axis',(1.,0.,0.));
#5769=DIRECTION('ref_axis',(0.,0.,-1.));
#5770=DIRECTION($,(0.,1.,2.22044604925031E-016));
#5771=DIRECTION($,(0.,0.,-1.));
#5772=DIRECTION($,(0.,1.,0.));
#5773=DIRECTION($,(0.,0.,1.));
#5774=DIRECTION('center_axis',(0.,1.,0.));
#5775=DIRECTION('ref_axis',(0.,0.,1.));
#5776=DIRECTION($,(-1.,0.,0.));
#5777=DIRECTION($,(1.,0.,0.));
#5778=DIRECTION($,(0.,0.,-1.));
#5779=DIRECTION('center_axis',(0.,0.,-1.));
#5780=DIRECTION('ref_axis',(1.,0.,0.));
#5781=DIRECTION($,(-1.,0.,0.));
#5782=DIRECTION($,(0.,1.,0.));
#5783=DIRECTION('center_axis',(-1.,0.,0.));
#5784=DIRECTION('ref_axis',(0.,0.,-1.));
#5785=DIRECTION($,(0.,-1.,-2.22044604925031E-016));
#5786=DIRECTION($,(0.,0.,-1.));
#5787=DIRECTION('center_axis',(0.,-1.,0.));
#5788=DIRECTION('ref_axis',(0.,0.,-1.));
#5789=DIRECTION($,(1.,0.,0.));
#5790=DIRECTION('center_axis',(0.,-2.22044604925031E-016,1.));
#5791=DIRECTION('ref_axis',(1.,0.,0.));
#5792=DIRECTION('center_axis',(0.,1.,0.));
#5793=DIRECTION('ref_axis',(1.,0.,0.));
#5794=DIRECTION('center_axis',(0.,-1.,0.));
#5795=DIRECTION('ref_axis',(1.,0.,0.));
#5796=DIRECTION('center_axis',(0.,1.,0.));
#5797=DIRECTION('ref_axis',(1.,0.,0.));
#5798=DIRECTION('center_axis',(1.,0.,0.));
#5799=DIRECTION('ref_axis',(0.,0.,-1.));
#5800=DIRECTION($,(0.,-1.,0.));
#5801=DIRECTION($,(0.,0.,1.));
#5802=DIRECTION($,(0.,1.,0.));
#5803=DIRECTION($,(0.,0.,-1.));
#5804=DIRECTION('center_axis',(0.,0.,-1.));
#5805=DIRECTION('ref_axis',(1.,0.,0.));
#5806=DIRECTION($,(1.,0.,0.));
#5807=DIRECTION($,(0.,-1.,0.));
#5808=DIRECTION($,(-1.,0.,0.));
#5809=DIRECTION('center_axis',(0.,1.,0.));
#5810=DIRECTION('ref_axis',(0.,0.,1.));
#5811=DIRECTION($,(1.,0.,0.));
#5812=DIRECTION($,(0.,0.,-1.));
#5813=DIRECTION('center_axis',(0.,0.,-1.));
#5814=DIRECTION('ref_axis',(1.,0.,0.));
#5815=DIRECTION($,(-1.,0.,0.));
#5816=DIRECTION($,(0.,-1.,0.));
#5817=DIRECTION('center_axis',(1.,0.,0.));
#5818=DIRECTION('ref_axis',(0.,0.,1.));
#5819=DIRECTION($,(0.,0.,-1.));
#5820=DIRECTION('center_axis',(0.,-1.,0.));
#5821=DIRECTION('ref_axis',(0.,0.,-1.));
#5822=DIRECTION('center_axis',(0.,1.,0.));
#5823=DIRECTION('ref_axis',(1.,0.,0.));
#5824=DIRECTION($,(0.,0.,-1.));
#5825=DIRECTION($,(-1.,0.,0.));
#5826=DIRECTION($,(0.,0.,1.));
#5827=DIRECTION($,(1.,0.,0.));
#5828=DIRECTION('center_axis',(0.,1.,0.));
#5829=DIRECTION('ref_axis',(1.,0.,0.));
#5830=DIRECTION($,(0.,0.,1.));
#5831=DIRECTION($,(-1.,0.,0.));
#5832=DIRECTION($,(0.,0.,-1.));
#5833=DIRECTION($,(1.,0.,0.));
#5834=DIRECTION('center_axis',(0.,0.,-1.));
#5835=DIRECTION('ref_axis',(0.,1.,0.));
#5836=DIRECTION($,(0.,-1.,0.));
#5837=DIRECTION($,(0.,-1.,0.));
#5838=DIRECTION('center_axis',(1.,0.,0.));
#5839=DIRECTION('ref_axis',(0.,-1.,0.));
#5840=DIRECTION($,(0.,-1.,0.));
#5841=DIRECTION('center_axis',(0.,0.,1.));
#5842=DIRECTION('ref_axis',(0.,-1.,0.));
#5843=DIRECTION($,(0.,-1.,0.));
#5844=DIRECTION('center_axis',(-1.,0.,0.));
#5845=DIRECTION('ref_axis',(0.,1.,0.));
#5846=DIRECTION('center_axis',(0.,-1.,0.));
#5847=DIRECTION('ref_axis',(0.,0.,-1.));
#5848=DIRECTION('center_axis',(0.,1.,0.));
#5849=DIRECTION('ref_axis',(0.,0.,-1.));
#5850=DIRECTION('center_axis',(0.,1.,0.));
#5851=DIRECTION('ref_axis',(1.,0.,0.));
#5852=DIRECTION('center_axis',(0.,0.,1.));
#5853=DIRECTION('ref_axis',(1.,0.,0.));
#5854=DIRECTION($,(0.,1.,0.));
#5855=DIRECTION($,(-1.,0.,0.));
#5856=DIRECTION($,(0.,-1.,0.));
#5857=DIRECTION($,(1.,0.,0.));
#5858=DIRECTION('center_axis',(0.,0.,1.));
#5859=DIRECTION('ref_axis',(1.,0.,0.));
#5860=DIRECTION($,(0.,-1.,0.));
#5861=DIRECTION($,(-1.,0.,0.));
#5862=DIRECTION($,(0.,1.,0.));
#5863=DIRECTION($,(1.,0.,0.));
#5864=DIRECTION('center_axis',(0.,1.,0.));
#5865=DIRECTION('ref_axis',(0.,0.,1.));
#5866=DIRECTION($,(0.,0.,-1.));
#5867=DIRECTION($,(0.,0.,-1.));
#5868=DIRECTION('center_axis',(1.,0.,0.));
#5869=DIRECTION('ref_axis',(0.,0.,-1.));
#5870=DIRECTION($,(0.,0.,-1.));
#5871=DIRECTION('center_axis',(0.,-1.,0.));
#5872=DIRECTION('ref_axis',(0.,0.,-1.));
#5873=DIRECTION($,(0.,0.,-1.));
#5874=DIRECTION('center_axis',(-1.,0.,0.));
#5875=DIRECTION('ref_axis',(0.,0.,1.));
#5876=DIRECTION('center_axis',(0.,0.,1.));
#5877=DIRECTION('ref_axis',(1.,0.,0.));
#5878=DIRECTION('center_axis',(0.,0.,-1.));
#5879=DIRECTION('ref_axis',(1.,0.,0.));
#5880=DIRECTION('center_axis',(0.,0.,1.));
#5881=DIRECTION('ref_axis',(1.,0.,0.));
#5882=DIRECTION('center_axis',(0.,0.,-1.));
#5883=DIRECTION('ref_axis',(-1.,0.,0.));
#5884=DIRECTION('center_axis',(0.,0.,1.));
#5885=DIRECTION('ref_axis',(1.,0.,0.));
#5886=DIRECTION('center_axis',(0.,0.,-1.));
#5887=DIRECTION('ref_axis',(1.,0.,0.));
#5888=DIRECTION('center_axis',(0.,0.,1.));
#5889=DIRECTION('ref_axis',(1.,0.,0.));
#5890=DIRECTION('center_axis',(0.,0.,-1.));
#5891=DIRECTION('ref_axis',(-1.,0.,0.));
#5892=DIRECTION('center_axis',(0.,0.,1.));
#5893=DIRECTION('ref_axis',(1.,0.,0.));
#5894=DIRECTION('center_axis',(0.,0.,-1.));
#5895=DIRECTION('ref_axis',(1.,0.,0.));
#5896=DIRECTION('center_axis',(0.,0.,1.));
#5897=DIRECTION('ref_axis',(1.,0.,0.));
#5898=DIRECTION('center_axis',(0.,0.,-1.));
#5899=DIRECTION('ref_axis',(-1.,0.,0.));
#5900=DIRECTION('center_axis',(0.,0.,1.));
#5901=DIRECTION('ref_axis',(1.,0.,0.));
#5902=DIRECTION('center_axis',(0.,0.,-1.));
#5903=DIRECTION('ref_axis',(1.,0.,0.));
#5904=DIRECTION('center_axis',(0.,0.,1.));
#5905=DIRECTION('ref_axis',(1.,0.,0.));
#5906=DIRECTION('center_axis',(0.,0.,-1.));
#5907=DIRECTION('ref_axis',(-1.,0.,0.));
#5908=DIRECTION('center_axis',(0.,0.,1.));
#5909=DIRECTION('ref_axis',(1.,0.,0.));
#5910=DIRECTION($,(0.,-1.,0.));
#5911=DIRECTION($,(1.,0.,0.));
#5912=DIRECTION($,(0.,1.,0.));
#5913=DIRECTION($,(-1.,0.,0.));
#5914=DIRECTION('center_axis',(0.,0.,1.));
#5915=DIRECTION('ref_axis',(1.,0.,0.));
#5916=DIRECTION($,(0.,-1.,0.));
#5917=DIRECTION($,(-1.,0.,0.));
#5918=DIRECTION($,(0.,1.,0.));
#5919=DIRECTION($,(-1.,0.,0.));
#5920=DIRECTION('center_axis',(0.,1.,0.));
#5921=DIRECTION('ref_axis',(0.,0.,1.));
#5922=DIRECTION($,(0.,0.,-1.));
#5923=DIRECTION($,(0.,0.,-1.));
#5924=DIRECTION('center_axis',(1.,0.,0.));
#5925=DIRECTION('ref_axis',(0.,0.,-1.));
#5926=DIRECTION($,(0.,0.,1.));
#5927=DIRECTION('center_axis',(0.,-1.,0.));
#5928=DIRECTION('ref_axis',(0.,0.,-1.));
#5929=DIRECTION($,(0.,0.,-1.));
#5930=DIRECTION('center_axis',(-1.,0.,0.));
#5931=DIRECTION('ref_axis',(0.,0.,1.));
#5932=DIRECTION('center_axis',(0.,0.,1.));
#5933=DIRECTION('ref_axis',(1.,0.,0.));
#5934=DIRECTION($,(0.,1.,0.));
#5935=DIRECTION($,(-1.,0.,0.));
#5936=DIRECTION($,(0.,-1.,0.));
#5937=DIRECTION($,(1.,0.,0.));
#5938=DIRECTION('center_axis',(0.,0.,1.));
#5939=DIRECTION('ref_axis',(1.,0.,0.));
#5940=DIRECTION($,(0.,-1.,0.));
#5941=DIRECTION($,(-1.,0.,0.));
#5942=DIRECTION($,(0.,1.,0.));
#5943=DIRECTION($,(1.,0.,0.));
#5944=DIRECTION('center_axis',(0.,1.,0.));
#5945=DIRECTION('ref_axis',(0.,0.,1.));
#5946=DIRECTION($,(0.,0.,-1.));
#5947=DIRECTION($,(0.,0.,-1.));
#5948=DIRECTION('center_axis',(1.,0.,0.));
#5949=DIRECTION('ref_axis',(0.,0.,-1.));
#5950=DIRECTION($,(0.,0.,-1.));
#5951=DIRECTION('center_axis',(0.,-1.,0.));
#5952=DIRECTION('ref_axis',(0.,0.,-1.));
#5953=DIRECTION($,(0.,0.,-1.));
#5954=DIRECTION('center_axis',(-1.,0.,0.));
#5955=DIRECTION('ref_axis',(0.,0.,1.));
#5956=DIRECTION('center_axis',(0.,0.,-1.));
#5957=DIRECTION('ref_axis',(1.,0.,0.));
#5958=DIRECTION($,(0.,-1.,0.));
#5959=DIRECTION($,(-1.,0.,0.));
#5960=DIRECTION($,(0.,1.,0.));
#5961=DIRECTION($,(1.,0.,0.));
#5962=DIRECTION('center_axis',(0.,0.,-1.));
#5963=DIRECTION('ref_axis',(1.,0.,0.));
#5964=DIRECTION($,(0.,1.,0.));
#5965=DIRECTION($,(-1.,0.,0.));
#5966=DIRECTION($,(0.,-1.,0.));
#5967=DIRECTION($,(1.,0.,0.));
#5968=DIRECTION('center_axis',(0.,-1.,0.));
#5969=DIRECTION('ref_axis',(0.,0.,-1.));
#5970=DIRECTION($,(0.,0.,1.));
#5971=DIRECTION($,(0.,0.,1.));
#5972=DIRECTION('center_axis',(1.,0.,0.));
#5973=DIRECTION('ref_axis',(0.,0.,1.));
#5974=DIRECTION($,(0.,0.,1.));
#5975=DIRECTION('center_axis',(0.,1.,0.));
#5976=DIRECTION('ref_axis',(0.,0.,1.));
#5977=DIRECTION($,(0.,0.,1.));
#5978=DIRECTION('center_axis',(-1.,0.,0.));
#5979=DIRECTION('ref_axis',(0.,0.,-1.));
#5980=DIRECTION('center_axis',(0.,0.,1.));
#5981=DIRECTION('ref_axis',(1.,0.,0.));
#5982=DIRECTION($,(0.,-1.,0.));
#5983=DIRECTION($,(1.,0.,0.));
#5984=DIRECTION($,(0.,1.,0.));
#5985=DIRECTION($,(-1.,0.,0.));
#5986=DIRECTION('center_axis',(0.,1.,0.));
#5987=DIRECTION('ref_axis',(0.,0.,1.));
#5988=DIRECTION($,(0.,0.,-1.));
#5989=DIRECTION($,(-1.,0.,0.));
#5990=DIRECTION($,(0.,0.,1.));
#5991=DIRECTION('center_axis',(1.,0.,0.));
#5992=DIRECTION('ref_axis',(0.,0.,-1.));
#5993=DIRECTION($,(0.,0.,-1.));
#5994=DIRECTION($,(0.,1.,0.));
#5995=DIRECTION('center_axis',(0.,-1.,0.));
#5996=DIRECTION('ref_axis',(0.,0.,-1.));
#5997=DIRECTION($,(0.,0.,-1.));
#5998=DIRECTION($,(1.,0.,0.));
#5999=DIRECTION('center_axis',(-1.,0.,0.));
#6000=DIRECTION('ref_axis',(0.,0.,1.));
#6001=DIRECTION($,(0.,-1.,0.));
#6002=DIRECTION('center_axis',(0.,0.,1.));
#6003=DIRECTION('ref_axis',(1.,0.,0.));
#6004=DIRECTION($,(0.,-1.,0.));
#6005=DIRECTION($,(1.,0.,0.));
#6006=DIRECTION($,(0.,1.,0.));
#6007=DIRECTION($,(-1.,0.,0.));
#6008=DIRECTION('center_axis',(0.,0.,1.));
#6009=DIRECTION('ref_axis',(1.,0.,0.));
#6010=DIRECTION($,(0.,-1.,0.));
#6011=DIRECTION($,(-1.,0.,0.));
#6012=DIRECTION($,(0.,1.,0.));
#6013=DIRECTION($,(1.,0.,0.));
#6014=DIRECTION('center_axis',(0.,1.,0.));
#6015=DIRECTION('ref_axis',(0.,0.,1.));
#6016=DIRECTION($,(0.,0.,-1.));
#6017=DIRECTION($,(0.,0.,-1.));
#6018=DIRECTION('center_axis',(1.,0.,0.));
#6019=DIRECTION('ref_axis',(0.,0.,-1.));
#6020=DIRECTION($,(0.,0.,-1.));
#6021=DIRECTION('center_axis',(0.,-1.,0.));
#6022=DIRECTION('ref_axis',(0.,0.,-1.));
#6023=DIRECTION($,(0.,0.,-1.));
#6024=DIRECTION('center_axis',(-1.,0.,0.));
#6025=DIRECTION('ref_axis',(0.,0.,1.));
#6026=DIRECTION('center_axis',(0.,-1.,0.));
#6027=DIRECTION('ref_axis',(-1.,0.,0.));
#6028=DIRECTION('center_axis',(0.,-1.,0.));
#6029=DIRECTION('ref_axis',(1.,0.,0.));
#6030=DIRECTION('center_axis',(0.,1.,0.));
#6031=DIRECTION('ref_axis',(1.,0.,0.));
#6032=DIRECTION('center_axis',(0.,1.,0.));
#6033=DIRECTION('ref_axis',(1.,0.,0.));
#6034=DIRECTION('center_axis',(0.,1.,0.));
#6035=DIRECTION('ref_axis',(0.,0.,1.));
#6036=DIRECTION('center_axis',(0.,0.,1.));
#6037=DIRECTION('ref_axis',(0.,1.,0.));
#6038=DIRECTION($,(1.,-2.22044604925031E-016,0.));
#6039=DIRECTION($,(2.22044604925031E-016,1.,0.));
#6040=DIRECTION($,(-1.,2.22044604925031E-016,0.));
#6041=DIRECTION($,(-2.22044604925031E-016,-1.,0.));
#6042=DIRECTION('center_axis',(-1.,2.22044604925031E-016,0.));
#6043=DIRECTION('ref_axis',(0.,0.,1.));
#6044=DIRECTION($,(0.,0.,-1.));
#6045=DIRECTION($,(-2.22044604925031E-016,-1.,0.));
#6046=DIRECTION($,(0.,0.,1.));
#6047=DIRECTION('center_axis',(2.22044604925031E-016,1.,0.));
#6048=DIRECTION('ref_axis',(0.,0.,-1.));
#6049=DIRECTION($,(0.,0.,-1.));
#6050=DIRECTION($,(-1.,2.22044604925031E-016,0.));
#6051=DIRECTION('center_axis',(1.,-2.22044604925031E-016,0.));
#6052=DIRECTION('ref_axis',(0.,0.,-1.));
#6053=DIRECTION($,(0.,0.,-1.));
#6054=DIRECTION($,(2.22044604925031E-016,1.,0.));
#6055=DIRECTION('center_axis',(-2.22044604925031E-016,-1.,0.));
#6056=DIRECTION('ref_axis',(0.,0.,1.));
#6057=DIRECTION($,(1.,-2.22044604925031E-016,0.));
#6058=DIRECTION('center_axis',(0.,0.,1.));
#6059=DIRECTION('ref_axis',(0.,1.,0.));
#6060=DIRECTION($,(1.,-2.22044604925031E-016,0.));
#6061=DIRECTION($,(2.22044604925031E-016,1.,0.));
#6062=DIRECTION($,(-1.,2.22044604925031E-016,0.));
#6063=DIRECTION($,(-2.22044604925031E-016,-1.,0.));
#6064=DIRECTION('center_axis',(0.,0.,1.));
#6065=DIRECTION('ref_axis',(0.,1.,0.));
#6066=DIRECTION($,(1.,-2.22044604925031E-016,0.));
#6067=DIRECTION($,(-2.22044604925031E-016,-1.,0.));
#6068=DIRECTION($,(-1.,2.22044604925031E-016,0.));
#6069=DIRECTION($,(2.22044604925031E-016,1.,0.));
#6070=DIRECTION('center_axis',(-1.,2.22044604925031E-016,0.));
#6071=DIRECTION('ref_axis',(0.,0.,1.));
#6072=DIRECTION($,(0.,0.,-1.));
#6073=DIRECTION($,(0.,0.,-1.));
#6074=DIRECTION('center_axis',(2.22044604925031E-016,1.,0.));
#6075=DIRECTION('ref_axis',(0.,0.,-1.));
#6076=DIRECTION($,(0.,0.,-1.));
#6077=DIRECTION('center_axis',(1.,-2.22044604925031E-016,0.));
#6078=DIRECTION('ref_axis',(0.,0.,-1.));
#6079=DIRECTION($,(0.,0.,-1.));
#6080=DIRECTION('center_axis',(-2.22044604925031E-016,-1.,0.));
#6081=DIRECTION('ref_axis',(0.,0.,1.));
#6082=DIRECTION('center_axis',(-1.,2.22044604925031E-016,0.));
#6083=DIRECTION('ref_axis',(0.,-2.22044604925031E-016,1.));
#6084=DIRECTION('center_axis',(-1.,2.22044604925031E-016,0.));
#6085=DIRECTION('ref_axis',(4.93038065763132E-032,2.22044604925031E-016,
-1.));
#6086=DIRECTION('center_axis',(1.,-2.22044604925031E-016,0.));
#6087=DIRECTION('ref_axis',(4.93038065763132E-032,2.22044604925031E-016,
-1.));
#6088=DIRECTION('center_axis',(1.,-2.22044604925031E-016,0.));
#6089=DIRECTION('ref_axis',(4.93038065763132E-032,2.22044604925031E-016,
-1.));
#6090=DIRECTION('center_axis',(1.,-2.22044604925031E-016,0.));
#6091=DIRECTION('ref_axis',(0.,0.,-1.));
#6092=DIRECTION('center_axis',(-0.406574299726963,0.76465504562615,0.5));
#6093=DIRECTION('ref_axis',(0.234735781392946,-0.441473796429463,0.866025403784439));
#6094=DIRECTION($,(0.882947592858927,0.469471562785891,0.));
#6095=DIRECTION($,(-0.234735781392945,0.441473796429463,-0.866025403784439));
#6096=DIRECTION($,(-0.882947592858927,-0.469471562785891,0.));
#6097=DIRECTION($,(-0.234735781392945,0.441473796429463,-0.866025403784439));
#6098=DIRECTION('center_axis',(-0.406574299726963,0.76465504562615,0.5));
#6099=DIRECTION('ref_axis',(0.234735781392946,-0.441473796429463,0.866025403784439));
#6100=DIRECTION($,(-0.882947592858927,-0.469471562785891,0.));
#6101=DIRECTION($,(-0.234735781392945,0.441473796429463,-0.866025403784439));
#6102=DIRECTION($,(0.882947592858927,0.469471562785891,0.));
#6103=DIRECTION($,(-0.234735781392945,0.441473796429463,-0.866025403784439));
#6104=DIRECTION('center_axis',(-0.406574299726963,0.76465504562615,0.5));
#6105=DIRECTION('ref_axis',(0.882947592858927,0.469471562785891,0.));
#6106=DIRECTION($,(-0.234735781392945,0.441473796429463,-0.866025403784439));
#6107=DIRECTION($,(-0.882947592858927,-0.469471562785891,0.));
#6108=DIRECTION($,(0.234735781392945,-0.441473796429463,0.866025403784439));
#6109=DIRECTION($,(0.882947592858927,0.469471562785891,0.));
#6110=DIRECTION('center_axis',(-0.234735781392945,0.441473796429463,-0.866025403784439));
#6111=DIRECTION('ref_axis',(-0.406574299726962,0.76465504562615,0.5));
#6112=DIRECTION($,(0.406574299726963,-0.76465504562615,-0.5));
#6113=DIRECTION($,(-0.882947592858927,-0.469471562785891,0.));
#6114=DIRECTION($,(0.406574299726963,-0.76465504562615,-0.5));
#6115=DIRECTION('center_axis',(0.882947592858927,0.469471562785891,0.));
#6116=DIRECTION('ref_axis',(0.406574299726962,-0.76465504562615,-0.5));
#6117=DIRECTION($,(0.406574299726963,-0.76465504562615,-0.5));
#6118=DIRECTION($,(-0.234735781392945,0.441473796429463,-0.866025403784439));
#6119=DIRECTION('center_axis',(0.234735781392945,-0.441473796429463,0.866025403784439));
#6120=DIRECTION('ref_axis',(0.406574299726962,-0.76465504562615,-0.5));
#6121=DIRECTION($,(0.406574299726963,-0.76465504562615,-0.5));
#6122=DIRECTION($,(0.882947592858927,0.469471562785891,0.));
#6123=DIRECTION('center_axis',(-0.882947592858927,-0.469471562785891,0.));
#6124=DIRECTION('ref_axis',(-0.406574299726962,0.76465504562615,0.5));
#6125=DIRECTION($,(0.234735781392945,-0.441473796429463,0.866025403784439));
#6126=DIRECTION('center_axis',(0.234735781392945,-0.441473796429463,0.866025403784439));
#6127=DIRECTION('ref_axis',(0.882947592858927,0.469471562785891,0.));
#6128=DIRECTION($,(-0.406574299726963,0.76465504562615,0.5));
#6129=DIRECTION($,(-0.882947592858927,-0.469471562785891,0.));
#6130=DIRECTION($,(0.406574299726963,-0.76465504562615,-0.5));
#6131=DIRECTION('center_axis',(0.234735781392945,-0.441473796429463,0.866025403784439));
#6132=DIRECTION('ref_axis',(0.882947592858927,0.469471562785891,0.));
#6133=DIRECTION($,(0.406574299726963,-0.76465504562615,-0.5));
#6134=DIRECTION($,(-0.406574299726963,0.76465504562615,0.5));
#6135=DIRECTION($,(0.882947592858927,0.469471562785891,0.));
#6136=DIRECTION('center_axis',(0.406574299726963,-0.76465504562615,-0.5));
#6137=DIRECTION('ref_axis',(-0.234735781392946,0.441473796429463,-0.866025403784439));
#6138=DIRECTION($,(-0.234735781392945,0.441473796429463,-0.866025403784439));
#6139=DIRECTION($,(-0.234735781392945,0.441473796429463,-0.866025403784439));
#6140=DIRECTION('center_axis',(0.882947592858927,0.469471562785891,0.));
#6141=DIRECTION('ref_axis',(-0.469471562785891,0.882947592858927,-2.22044604925031E-016));
#6142=DIRECTION($,(-0.469471562785891,0.882947592858927,-2.22044604925031E-016));
#6143=DIRECTION($,(1.0424362768233E-016,-1.96053749425868E-016,-1.));
#6144=DIRECTION($,(-0.469471562785891,0.882947592858927,-2.22044604925031E-016));
#6145=DIRECTION('center_axis',(-1.0424362768233E-016,1.96053749425868E-016,
1.));
#6146=DIRECTION('ref_axis',(0.469471562785891,-0.882947592858927,2.22044604925031E-016));
#6147=DIRECTION($,(-0.469471562785891,0.882947592858927,-2.22044604925031E-016));
#6148=DIRECTION($,(0.882947592858927,0.469471562785891,0.));
#6149=DIRECTION('center_axis',(0.469471562785891,-0.882947592858927,2.22044604925031E-016));
#6150=DIRECTION('ref_axis',(0.882947592858927,0.469471562785891,0.));
#6151=DIRECTION($,(-1.0424362768233E-016,1.96053749425868E-016,1.));
#6152=DIRECTION($,(-0.882947592858927,-0.469471562785891,0.));
#6153=DIRECTION('center_axis',(1.0424362768233E-016,-1.96053749425868E-016,
-1.));
#6154=DIRECTION('ref_axis',(-0.469471562785891,0.882947592858927,-2.22044604925031E-016));
#6155=DIRECTION($,(-0.469471562785891,0.882947592858927,-2.22044604925031E-016));
#6156=DIRECTION('center_axis',(-0.882947592858927,-0.469471562785891,0.));
#6157=DIRECTION('ref_axis',(0.469471562785891,-0.882947592858927,2.22044604925031E-016));
#6158=DIRECTION('center_axis',(-1.,0.,0.));
#6159=DIRECTION('ref_axis',(0.,0.,1.));
#6160=DIRECTION($,(0.,-1.,0.));
#6161=DIRECTION($,(0.,0.,-1.));
#6162=DIRECTION($,(0.,-1.,0.));
#6163=DIRECTION($,(0.,0.,-1.));
#6164=DIRECTION('center_axis',(1.,0.,0.));
#6165=DIRECTION('ref_axis',(0.,0.,-1.));
#6166=DIRECTION($,(0.,1.,0.));
#6167=DIRECTION($,(0.,0.,-1.));
#6168=DIRECTION($,(0.,1.,0.));
#6169=DIRECTION($,(0.,0.,-1.));
#6170=DIRECTION('center_axis',(0.,1.,0.));
#6171=DIRECTION('ref_axis',(0.,0.,1.));
#6172=DIRECTION($,(-1.,0.,0.));
#6173=DIRECTION($,(0.,0.,1.));
#6174=DIRECTION($,(-1.,0.,0.));
#6175=DIRECTION('center_axis',(0.,1.,0.));
#6176=DIRECTION('ref_axis',(0.,0.,1.));
#6177=DIRECTION($,(-1.,0.,0.));
#6178=DIRECTION($,(-1.,0.,0.));
#6179=DIRECTION($,(0.,0.,-1.));
#6180=DIRECTION('center_axis',(0.,-1.,0.));
#6181=DIRECTION('ref_axis',(0.,0.,-1.));
#6182=DIRECTION($,(1.,0.,0.));
#6183=DIRECTION($,(1.,0.,0.));
#6184=DIRECTION($,(0.,0.,-1.));
#6185=DIRECTION('center_axis',(0.,-1.,0.));
#6186=DIRECTION('ref_axis',(0.,0.,-1.));
#6187=DIRECTION($,(1.,0.,0.));
#6188=DIRECTION($,(0.,0.,1.));
#6189=DIRECTION($,(1.,0.,0.));
#6190=DIRECTION('center_axis',(-1.,-2.22044604925031E-016,0.));
#6191=DIRECTION('ref_axis',(0.,0.,-1.));
#6192=DIRECTION($,(2.22044604925031E-016,-1.,0.));
#6193=DIRECTION($,(0.,0.,-1.));
#6194=DIRECTION($,(2.22044604925031E-016,-1.,0.));
#6195=DIRECTION('center_axis',(0.,0.,1.));
#6196=DIRECTION('ref_axis',(1.,0.,0.));
#6197=DIRECTION($,(0.,1.,0.));
#6198=DIRECTION('center_axis',(0.,0.,1.));
#6199=DIRECTION('ref_axis',(1.,0.,0.));
#6200=DIRECTION($,(0.,-1.,0.));
#6201=DIRECTION($,(-1.,0.,0.));
#6202=DIRECTION($,(-1.,-2.22044604925031E-016,0.));
#6203=DIRECTION($,(-2.22044604925031E-016,1.,0.));
#6204=DIRECTION($,(-2.22044604925031E-016,1.,0.));
#6205=DIRECTION($,(1.,2.22044604925031E-016,0.));
#6206=DIRECTION($,(2.22044604925031E-016,-1.,0.));
#6207=DIRECTION('center_axis',(1.,2.22044604925031E-016,0.));
#6208=DIRECTION('ref_axis',(0.,0.,1.));
#6209=DIRECTION($,(-2.22044604925031E-016,1.,0.));
#6210=DIRECTION($,(0.,0.,-1.));
#6211=DIRECTION('center_axis',(-1.,-2.22044604925031E-016,0.));
#6212=DIRECTION('ref_axis',(0.,0.,-1.));
#6213=DIRECTION($,(0.,0.,-1.));
#6214=DIRECTION($,(2.22044604925031E-016,-1.,0.));
#6215=DIRECTION('center_axis',(-2.22044604925031E-016,1.,0.));
#6216=DIRECTION('ref_axis',(0.,0.,1.));
#6217=DIRECTION($,(-1.,-2.22044604925031E-016,0.));
#6218=DIRECTION($,(0.,0.,-1.));
#6219=DIRECTION('center_axis',(0.,0.,1.));
#6220=DIRECTION('ref_axis',(0.,-1.,0.));
#6221=DIRECTION($,(1.,2.22044604925031E-016,0.));
#6222=DIRECTION($,(-2.22044604925031E-016,1.,0.));
#6223=DIRECTION('center_axis',(1.,2.22044604925031E-016,0.));
#6224=DIRECTION('ref_axis',(0.,0.,1.));
#6225=DIRECTION('center_axis',(2.22044604925031E-016,-1.,0.));
#6226=DIRECTION('ref_axis',(0.,0.,-1.));
#6227=DIRECTION('center_axis',(0.,0.,1.));
#6228=DIRECTION('ref_axis',(1.,0.,0.));
#6229=DIRECTION('center_axis',(0.,0.,-1.));
#6230=DIRECTION('ref_axis',(1.,0.,0.));
#6231=DIRECTION($,(0.,1.,0.));
#6232=DIRECTION($,(-1.,0.,0.));
#6233=DIRECTION($,(0.,-1.,0.));
#6234=DIRECTION('center_axis',(-1.,0.,0.));
#6235=DIRECTION('ref_axis',(0.,0.,1.));
#6236=DIRECTION($,(0.,0.,1.));
#6237=DIRECTION($,(0.,0.,-1.));
#6238=DIRECTION('center_axis',(0.,1.,0.));
#6239=DIRECTION('ref_axis',(0.,0.,1.));
#6240=DIRECTION($,(0.,0.,-1.));
#6241=DIRECTION('center_axis',(1.,0.,0.));
#6242=DIRECTION('ref_axis',(0.,0.,-1.));
#6243=DIRECTION($,(0.,0.,-1.));
#6244=DIRECTION('center_axis',(0.,0.,1.));
#6245=DIRECTION('ref_axis',(1.,0.,0.));
#6246=DIRECTION('center_axis',(0.,0.,-1.));
#6247=DIRECTION('ref_axis',(1.,0.,0.));
#6248=DIRECTION('center_axis',(0.,0.,-1.));
#6249=DIRECTION('ref_axis',(-1.,0.,0.));
#6250=DIRECTION('center_axis',(0.,1.,0.));
#6251=DIRECTION('ref_axis',(0.965925826289068,0.,-0.258819045102521));
#6252=DIRECTION($,(-0.258819045102521,0.,-0.965925826289068));
#6253=DIRECTION($,(-0.965925826289068,0.,0.258819045102521));
#6254=DIRECTION($,(0.258819045102521,0.,0.965925826289068));
#6255=DIRECTION($,(0.965925826289068,0.,-0.258819045102521));
#6256=DIRECTION('center_axis',(0.,1.,0.));
#6257=DIRECTION('ref_axis',(0.965925826289068,0.,-0.258819045102521));
#6258=DIRECTION($,(0.258819045102521,0.,0.965925826289068));
#6259=DIRECTION($,(-0.965925826289068,0.,0.258819045102521));
#6260=DIRECTION($,(-0.258819045102521,0.,-0.965925826289068));
#6261=DIRECTION($,(0.965925826289068,0.,-0.258819045102521));
#6262=DIRECTION('center_axis',(-0.258819045102521,0.,-0.965925826289068));
#6263=DIRECTION('ref_axis',(0.,1.,0.));
#6264=DIRECTION($,(0.,-1.,0.));
#6265=DIRECTION($,(0.,-1.,0.));
#6266=DIRECTION('center_axis',(0.965925826289068,0.,-0.258819045102521));
#6267=DIRECTION('ref_axis',(0.,-1.,0.));
#6268=DIRECTION($,(0.,-1.,0.));
#6269=DIRECTION('center_axis',(0.258819045102521,0.,0.965925826289068));
#6270=DIRECTION('ref_axis',(0.,-1.,0.));
#6271=DIRECTION($,(0.,-1.,0.));
#6272=DIRECTION('center_axis',(-0.965925826289068,0.,0.258819045102521));
#6273=DIRECTION('ref_axis',(0.,1.,0.));
#6274=DIRECTION('center_axis',(0.,1.,0.));
#6275=DIRECTION('ref_axis',(0.965925826289068,0.,0.258819045102521));
#6276=DIRECTION($,(0.258819045102521,0.,-0.965925826289068));
#6277=DIRECTION($,(-0.965925826289068,0.,-0.258819045102521));
#6278=DIRECTION($,(-0.258819045102521,0.,0.965925826289068));
#6279=DIRECTION($,(0.965925826289068,0.,0.258819045102521));
#6280=DIRECTION('center_axis',(0.,1.,0.));
#6281=DIRECTION('ref_axis',(0.965925826289068,0.,0.258819045102521));
#6282=DIRECTION($,(-0.258819045102521,0.,0.965925826289068));
#6283=DIRECTION($,(-0.965925826289068,0.,-0.258819045102521));
#6284=DIRECTION($,(0.258819045102521,0.,-0.965925826289068));
#6285=DIRECTION($,(0.965925826289068,0.,0.258819045102521));
#6286=DIRECTION('center_axis',(0.258819045102521,0.,-0.965925826289068));
#6287=DIRECTION('ref_axis',(0.,1.,0.));
#6288=DIRECTION($,(0.,-1.,0.));
#6289=DIRECTION($,(0.,-1.,0.));
#6290=DIRECTION('center_axis',(0.965925826289068,0.,0.258819045102521));
#6291=DIRECTION('ref_axis',(0.,-1.,0.));
#6292=DIRECTION($,(0.,-1.,0.));
#6293=DIRECTION('center_axis',(-0.258819045102521,0.,0.965925826289068));
#6294=DIRECTION('ref_axis',(0.,-1.,0.));
#6295=DIRECTION($,(0.,-1.,0.));
#6296=DIRECTION('center_axis',(-0.965925826289068,0.,-0.258819045102521));
#6297=DIRECTION('ref_axis',(0.,1.,0.));
#6298=DIRECTION('center_axis',(0.707106781186548,0.,0.707106781186548));
#6299=DIRECTION('ref_axis',(0.707106781186548,0.,-0.707106781186547));
#6300=DIRECTION($,(-0.707106781186548,0.,0.707106781186548));
#6301=DIRECTION($,(0.,-1.,0.));
#6302=DIRECTION($,(0.707106781186548,0.,-0.707106781186548));
#6303=DIRECTION($,(0.,1.,0.));
#6304=DIRECTION('center_axis',(0.,1.,0.));
#6305=DIRECTION('ref_axis',(1.,0.,0.));
#6306=DIRECTION($,(1.,0.,2.4176271445471E-016));
#6307=DIRECTION($,(-0.707106781186547,0.,-0.707106781186548));
#6308=DIRECTION($,(0.,0.,-1.));
#6309=DIRECTION($,(0.707106781186548,0.,-0.707106781186547));
#6310=DIRECTION($,(1.,0.,0.));
#6311=DIRECTION($,(0.707106781186547,0.,0.707106781186547));
#6312=DIRECTION($,(0.,0.,1.));
#6313=DIRECTION($,(-0.707106781186548,0.,0.707106781186548));
#6314=DIRECTION($,(1.,0.,2.4176271445471E-016));
#6315=DIRECTION($,(0.707106781186548,0.,0.707106781186547));
#6316=DIRECTION($,(-1.,0.,0.));
#6317=DIRECTION($,(1.,0.,0.));
#6318=DIRECTION($,(0.,0.,-1.));
#6319=DIRECTION($,(-1.,0.,0.));
#6320=DIRECTION($,(0.,0.,1.));
#6321=DIRECTION('center_axis',(-0.707106781186547,0.,0.707106781186548));
#6322=DIRECTION('ref_axis',(0.707106781186548,0.,0.707106781186547));
#6323=DIRECTION($,(0.,1.,0.));
#6324=DIRECTION($,(-0.707106781186548,0.,-0.707106781186547));
#6325=DIRECTION($,(0.,-1.,0.));
#6326=DIRECTION('center_axis',(0.,0.,1.));
#6327=DIRECTION('ref_axis',(1.,0.,0.));
#6328=DIRECTION($,(1.,0.,0.));
#6329=DIRECTION('center_axis',(0.,1.,0.));
#6330=DIRECTION('ref_axis',(1.,0.,0.));
#6331=DIRECTION($,(1.,0.,2.4176271445471E-016));
#6332=DIRECTION($,(0.707106781186548,0.,-0.707106781186548));
#6333=DIRECTION($,(0.,0.,-1.));
#6334=DIRECTION($,(-0.707106781186547,0.,-0.707106781186547));
#6335=DIRECTION($,(-1.,0.,0.));
#6336=DIRECTION($,(-0.707106781186548,0.,0.707106781186547));
#6337=DIRECTION($,(0.,0.,1.));
#6338=DIRECTION($,(0.707106781186547,0.,0.707106781186548));
#6339=DIRECTION($,(1.,0.,2.4176271445471E-016));
#6340=DIRECTION($,(-1.,0.,0.));
#6341=DIRECTION($,(0.,0.,-1.));
#6342=DIRECTION($,(1.,0.,0.));
#6343=DIRECTION($,(0.,0.,1.));
#6344=DIRECTION('center_axis',(2.4176271445471E-016,0.,-1.));
#6345=DIRECTION('ref_axis',(0.,1.,0.));
#6346=DIRECTION($,(0.,1.,0.));
#6347=DIRECTION('center_axis',(0.,0.,1.));
#6348=DIRECTION('ref_axis',(0.,-1.,0.));
#6349=DIRECTION($,(0.,-1.,0.));
#6350=DIRECTION($,(0.,-1.,0.));
#6351=DIRECTION('center_axis',(-1.,0.,0.));
#6352=DIRECTION('ref_axis',(0.,1.,0.));
#6353=DIRECTION($,(0.,-1.,0.));
#6354=DIRECTION('center_axis',(0.,0.,-1.));
#6355=DIRECTION('ref_axis',(0.,1.,0.));
#6356=DIRECTION($,(0.,-1.,0.));
#6357=DIRECTION('center_axis',(1.,0.,0.));
#6358=DIRECTION('ref_axis',(0.,-1.,0.));
#6359=DIRECTION('center_axis',(-0.707106781186548,0.,-0.707106781186548));
#6360=DIRECTION('ref_axis',(0.,1.,0.));
#6361=DIRECTION($,(0.,-1.,0.));
#6362=DIRECTION('center_axis',(2.4176271445471E-016,0.,-1.));
#6363=DIRECTION('ref_axis',(0.,1.,0.));
#6364=DIRECTION($,(0.,-1.,0.));
#6365=DIRECTION('center_axis',(0.707106781186548,0.,-0.707106781186547));
#6366=DIRECTION('ref_axis',(0.,-1.,0.));
#6367=DIRECTION($,(0.,-1.,0.));
#6368=DIRECTION('center_axis',(1.,0.,0.));
#6369=DIRECTION('ref_axis',(0.,-1.,0.));
#6370=DIRECTION($,(0.,-1.,0.));
#6371=DIRECTION('center_axis',(0.707106781186547,0.,0.707106781186548));
#6372=DIRECTION('ref_axis',(0.,-1.,0.));
#6373=DIRECTION($,(0.,-1.,0.));
#6374=DIRECTION('center_axis',(0.,0.,1.));
#6375=DIRECTION('ref_axis',(0.,-1.,0.));
#6376=DIRECTION($,(0.,-1.,0.));
#6377=DIRECTION('center_axis',(-0.707106781186548,0.,0.707106781186548));
#6378=DIRECTION('ref_axis',(0.,1.,0.));
#6379=DIRECTION($,(0.,-1.,0.));
#6380=DIRECTION('center_axis',(-1.,0.,0.));
#6381=DIRECTION('ref_axis',(0.,1.,0.));
#6382=DIRECTION('center_axis',(0.,-1.,0.));
#6383=DIRECTION('ref_axis',(0.965925826289068,0.,-0.258819045102521));
#6384=DIRECTION($,(-0.258819045102521,0.,-0.965925826289068));
#6385=DIRECTION($,(0.965925826289068,0.,-0.258819045102521));
#6386=DIRECTION($,(0.258819045102521,0.,0.965925826289068));
#6387=DIRECTION($,(0.965925826289068,0.,-0.258819045102521));
#6388=DIRECTION('center_axis',(0.258819045102521,0.,0.965925826289068));
#6389=DIRECTION('ref_axis',(0.965925826289068,0.,-0.258819045102521));
#6390=DIRECTION($,(0.,-1.,0.));
#6391=DIRECTION($,(0.,1.,0.));
#6392=DIRECTION($,(0.965925826289068,0.,-0.258819045102521));
#6393=DIRECTION('center_axis',(-0.965925826289068,0.,0.258819045102521));
#6394=DIRECTION('ref_axis',(0.258819045102521,0.,0.965925826289068));
#6395=DIRECTION($,(0.,-1.,0.));
#6396=DIRECTION($,(-0.258819045102521,0.,-0.965925826289068));
#6397=DIRECTION('center_axis',(0.,1.,0.));
#6398=DIRECTION('ref_axis',(-0.965925826289068,0.,0.258819045102521));
#6399=DIRECTION($,(0.258819045102521,0.,0.965925826289068));
#6400=DIRECTION($,(0.965925826289068,0.,-0.258819045102521));
#6401=DIRECTION('center_axis',(-0.258819045102521,0.,-0.965925826289068));
#6402=DIRECTION('ref_axis',(-0.965925826289068,0.,0.258819045102521));
#6403=DIRECTION($,(0.,1.,0.));
#6404=DIRECTION('center_axis',(-0.965925826289068,0.,0.258819045102521));
#6405=DIRECTION('ref_axis',(0.258819045102521,0.,0.965925826289068));
#6406=DIRECTION('center_axis',(-0.965925826289068,0.,0.258819045102521));
#6407=DIRECTION('ref_axis',(0.258819045102521,0.,0.965925826289068));
#6408=DIRECTION($,(0.258819045102521,0.,0.965925826289068));
#6409=DIRECTION($,(0.,-1.,0.));
#6410=DIRECTION($,(-0.258819045102521,0.,-0.965925826289068));
#6411=DIRECTION($,(0.,1.,0.));
#6412=DIRECTION('center_axis',(0.,-1.,0.));
#6413=DIRECTION('ref_axis',(0.965925826289068,0.,-0.258819045102521));
#6414=DIRECTION($,(0.965925826289068,0.,-0.258819045102521));
#6415=DIRECTION($,(0.258819045102521,0.,0.965925826289068));
#6416=DIRECTION($,(0.965925826289068,0.,-0.258819045102521));
#6417=DIRECTION('center_axis',(0.258819045102521,0.,0.965925826289068));
#6418=DIRECTION('ref_axis',(0.965925826289068,0.,-0.258819045102521));
#6419=DIRECTION($,(0.965925826289068,0.,-0.258819045102521));
#6420=DIRECTION($,(0.,1.,0.));
#6421=DIRECTION('center_axis',(-0.965925826289068,0.,0.258819045102521));
#6422=DIRECTION('ref_axis',(0.258819045102521,0.,0.965925826289068));
#6423=DIRECTION($,(0.,-1.,0.));
#6424=DIRECTION($,(-0.258819045102521,0.,-0.965925826289068));
#6425=DIRECTION('center_axis',(0.,1.,0.));
#6426=DIRECTION('ref_axis',(-0.965925826289068,0.,0.258819045102521));
#6427=DIRECTION($,(0.965925826289068,0.,-0.258819045102521));
#6428=DIRECTION('center_axis',(-0.258819045102521,0.,-0.965925826289068));
#6429=DIRECTION('ref_axis',(-0.965925826289068,0.,0.258819045102521));
#6430=DIRECTION('center_axis',(-1.,0.,0.));
#6431=DIRECTION('ref_axis',(0.,0.,1.));
#6432=DIRECTION($,(0.,1.,0.));
#6433=DIRECTION($,(0.,0.,-1.));
#6434=DIRECTION($,(0.,-1.,0.));
#6435=DIRECTION($,(0.,0.,-1.));
#6436=DIRECTION('center_axis',(0.,1.,0.));
#6437=DIRECTION('ref_axis',(0.,0.,1.));
#6438=DIRECTION($,(1.,0.,0.));
#6439=DIRECTION($,(0.,0.,-1.));
#6440=DIRECTION($,(-1.,0.,0.));
#6441=DIRECTION('center_axis',(0.,0.,1.));
#6442=DIRECTION('ref_axis',(1.,0.,0.));
#6443=DIRECTION($,(0.,1.,0.));
#6444=DIRECTION($,(1.,0.,0.));
#6445=DIRECTION('center_axis',(1.,0.,0.));
#6446=DIRECTION('ref_axis',(0.,0.,-1.));
#6447=DIRECTION($,(0.,-1.,0.));
#6448=DIRECTION($,(0.,0.,-1.));
#6449=DIRECTION('center_axis',(0.,-1.,0.));
#6450=DIRECTION('ref_axis',(0.,0.,-1.));
#6451=DIRECTION($,(-1.,0.,0.));
#6452=DIRECTION('center_axis',(-1.,0.,0.));
#6453=DIRECTION('ref_axis',(0.,0.,1.));
#6454=DIRECTION($,(0.,1.,0.));
#6455=DIRECTION($,(0.,0.,-1.));
#6456=DIRECTION($,(0.,-1.,0.));
#6457=DIRECTION($,(0.,0.,-1.));
#6458=DIRECTION('center_axis',(0.,1.,0.));
#6459=DIRECTION('ref_axis',(0.,0.,1.));
#6460=DIRECTION($,(1.,0.,0.));
#6461=DIRECTION($,(0.,0.,-1.));
#6462=DIRECTION($,(-1.,0.,0.));
#6463=DIRECTION('center_axis',(0.,0.,1.));
#6464=DIRECTION('ref_axis',(1.,0.,0.));
#6465=DIRECTION($,(0.,1.,0.));
#6466=DIRECTION($,(1.,0.,0.));
#6467=DIRECTION('center_axis',(1.,0.,0.));
#6468=DIRECTION('ref_axis',(0.,0.,-1.));
#6469=DIRECTION($,(0.,-1.,0.));
#6470=DIRECTION($,(0.,0.,-1.));
#6471=DIRECTION('center_axis',(0.,-1.,0.));
#6472=DIRECTION('ref_axis',(0.,0.,-1.));
#6473=DIRECTION($,(-1.,0.,0.));
#6474=DIRECTION('center_axis',(-1.,0.,0.));
#6475=DIRECTION('ref_axis',(0.,0.,1.));
#6476=DIRECTION($,(0.,1.,0.));
#6477=DIRECTION($,(0.,0.,-1.));
#6478=DIRECTION($,(0.,-1.,0.));
#6479=DIRECTION($,(0.,0.,-1.));
#6480=DIRECTION('center_axis',(0.,1.,0.));
#6481=DIRECTION('ref_axis',(0.,0.,1.));
#6482=DIRECTION($,(1.,0.,0.));
#6483=DIRECTION($,(0.,0.,-1.));
#6484=DIRECTION($,(-1.,0.,0.));
#6485=DIRECTION('center_axis',(0.,0.,1.));
#6486=DIRECTION('ref_axis',(1.,0.,0.));
#6487=DIRECTION($,(0.,1.,0.));
#6488=DIRECTION($,(1.,0.,0.));
#6489=DIRECTION('center_axis',(1.,0.,0.));
#6490=DIRECTION('ref_axis',(0.,0.,-1.));
#6491=DIRECTION($,(0.,-1.,0.));
#6492=DIRECTION($,(0.,0.,-1.));
#6493=DIRECTION('center_axis',(0.,-1.,0.));
#6494=DIRECTION('ref_axis',(0.,0.,-1.));
#6495=DIRECTION($,(-1.,0.,0.));
#6496=DIRECTION('center_axis',(0.,0.,1.));
#6497=DIRECTION('ref_axis',(1.,0.,0.));
#6498=DIRECTION($,(-1.,0.,0.));
#6499=DIRECTION($,(0.,1.,0.));
#6500=DIRECTION($,(1.,0.,0.));
#6501=DIRECTION($,(0.,-1.,0.));
#6502=DIRECTION($,(-1.,0.,0.));
#6503=DIRECTION($,(0.,-1.,0.));
#6504=DIRECTION($,(1.,0.,0.));
#6505=DIRECTION($,(0.,1.,0.));
#6506=DIRECTION('center_axis',(-1.,0.,0.));
#6507=DIRECTION('ref_axis',(0.,0.,1.));
#6508=DIRECTION($,(0.,0.,1.));
#6509=DIRECTION($,(0.,-1.,0.));
#6510=DIRECTION($,(0.,0.,1.));
#6511=DIRECTION('center_axis',(0.,1.,0.));
#6512=DIRECTION('ref_axis',(0.,0.,1.));
#6513=DIRECTION($,(-1.,0.,0.));
#6514=DIRECTION($,(0.,0.,1.));
#6515=DIRECTION('center_axis',(1.,0.,0.));
#6516=DIRECTION('ref_axis',(0.,0.,-1.));
#6517=DIRECTION($,(0.,1.,0.));
#6518=DIRECTION($,(0.,0.,-1.));
#6519=DIRECTION('center_axis',(0.,-1.,0.));
#6520=DIRECTION('ref_axis',(0.,0.,-1.));
#6521=DIRECTION($,(1.,0.,0.));
#6522=DIRECTION('center_axis',(0.,-1.,0.));
#6523=DIRECTION('ref_axis',(0.,0.,-1.));
#6524=DIRECTION($,(0.,0.,-1.));
#6525=DIRECTION($,(1.,0.,0.));
#6526=DIRECTION($,(0.,0.,-1.));
#6527=DIRECTION('center_axis',(-1.,0.,0.));
#6528=DIRECTION('ref_axis',(0.,0.,1.));
#6529=DIRECTION($,(0.,0.,-1.));
#6530=DIRECTION($,(0.,-1.,0.));
#6531=DIRECTION('center_axis',(0.,0.,1.));
#6532=DIRECTION('ref_axis',(1.,0.,0.));
#6533=DIRECTION('center_axis',(0.,0.,1.));
#6534=DIRECTION('ref_axis',(1.,0.,0.));
#6535=DIRECTION($,(-1.,0.,0.));
#6536=DIRECTION($,(0.,1.,0.));
#6537=DIRECTION('center_axis',(0.,1.,0.));
#6538=DIRECTION('ref_axis',(0.,0.,1.));
#6539=DIRECTION($,(0.,0.,-1.));
#6540=DIRECTION('center_axis',(1.,0.,0.));
#6541=DIRECTION('ref_axis',(0.,0.,-1.));
#6542=DIRECTION('center_axis',(0.,0.,1.));
#6543=DIRECTION('ref_axis',(1.,0.,0.));
#6544=DIRECTION($,(0.,1.,0.));
#6545=DIRECTION($,(-1.,0.,0.));
#6546=DIRECTION($,(0.,-1.,0.));
#6547=DIRECTION($,(1.,0.,0.));
#6548=DIRECTION('center_axis',(0.,0.,1.));
#6549=DIRECTION('ref_axis',(1.,0.,0.));
#6550=DIRECTION($,(0.,-1.,0.));
#6551=DIRECTION($,(-1.,0.,0.));
#6552=DIRECTION($,(0.,1.,0.));
#6553=DIRECTION($,(1.,0.,0.));
#6554=DIRECTION('center_axis',(0.,1.,0.));
#6555=DIRECTION('ref_axis',(0.,0.,1.));
#6556=DIRECTION($,(0.,0.,-1.));
#6557=DIRECTION($,(0.,0.,-1.));
#6558=DIRECTION('center_axis',(1.,0.,0.));
#6559=DIRECTION('ref_axis',(0.,0.,-1.));
#6560=DIRECTION($,(0.,0.,-1.));
#6561=DIRECTION('center_axis',(0.,-1.,0.));
#6562=DIRECTION('ref_axis',(0.,0.,-1.));
#6563=DIRECTION($,(0.,0.,-1.));
#6564=DIRECTION('center_axis',(-1.,0.,0.));
#6565=DIRECTION('ref_axis',(0.,0.,1.));
#6566=DIRECTION('center_axis',(0.,0.,-1.));
#6567=DIRECTION('ref_axis',(0.,1.,0.));
#6568=DIRECTION('center_axis',(0.,0.,1.));
#6569=DIRECTION('ref_axis',(0.,1.,0.));
#6570=DIRECTION('center_axis',(0.,0.,1.));
#6571=DIRECTION('ref_axis',(1.,0.,0.));
#6572=DIRECTION('center_axis',(0.,0.,1.));
#6573=DIRECTION('ref_axis',(1.,0.,0.));
#6574=DIRECTION($,(-1.,0.,0.));
#6575=DIRECTION($,(0.,1.,0.));
#6576=DIRECTION($,(1.,0.,0.));
#6577=DIRECTION($,(0.,-1.,0.));
#6578=DIRECTION('center_axis',(0.,0.,1.));
#6579=DIRECTION('ref_axis',(1.,0.,0.));
#6580=DIRECTION($,(0.,1.,0.));
#6581=DIRECTION($,(-1.,0.,0.));
#6582=DIRECTION($,(0.,-1.,0.));
#6583=DIRECTION($,(1.,0.,0.));
#6584=DIRECTION('center_axis',(0.,1.,0.));
#6585=DIRECTION('ref_axis',(0.,0.,1.));
#6586=DIRECTION($,(0.,0.,-1.));
#6587=DIRECTION($,(-1.,0.,0.));
#6588=DIRECTION($,(0.,0.,-1.));
#6589=DIRECTION('center_axis',(0.,-1.,0.));
#6590=DIRECTION('ref_axis',(0.,0.,-1.));
#6591=DIRECTION($,(0.,0.,-1.));
#6592=DIRECTION($,(0.,0.,-1.));
#6593=DIRECTION('center_axis',(0.,0.,1.));
#6594=DIRECTION('ref_axis',(1.,0.,0.));
#6595=DIRECTION($,(0.,-1.,0.));
#6596=DIRECTION($,(1.,0.,0.));
#6597=DIRECTION($,(0.,1.,0.));
#6598=DIRECTION('center_axis',(-1.,0.,0.));
#6599=DIRECTION('ref_axis',(0.,0.,1.));
#6600=DIRECTION($,(0.,1.,0.));
#6601=DIRECTION($,(0.,0.,-1.));
#6602=DIRECTION($,(0.,-1.,0.));
#6603=DIRECTION($,(0.,0.,-1.));
#6604=DIRECTION('center_axis',(0.,1.,0.));
#6605=DIRECTION('ref_axis',(0.,0.,1.));
#6606=DIRECTION($,(1.,0.,0.));
#6607=DIRECTION($,(0.,0.,-1.));
#6608=DIRECTION($,(-1.,0.,0.));
#6609=DIRECTION('center_axis',(0.,0.,1.));
#6610=DIRECTION('ref_axis',(1.,0.,0.));
#6611=DIRECTION($,(0.,1.,0.));
#6612=DIRECTION($,(1.,0.,0.));
#6613=DIRECTION('center_axis',(1.,0.,0.));
#6614=DIRECTION('ref_axis',(0.,0.,-1.));
#6615=DIRECTION($,(0.,-1.,0.));
#6616=DIRECTION($,(0.,0.,-1.));
#6617=DIRECTION('center_axis',(0.,-1.,0.));
#6618=DIRECTION('ref_axis',(0.,0.,-1.));
#6619=DIRECTION($,(-1.,0.,0.));
#6620=DIRECTION('center_axis',(-1.,0.,0.));
#6621=DIRECTION('ref_axis',(0.,0.,1.));
#6622=DIRECTION($,(0.,1.,0.));
#6623=DIRECTION($,(0.,0.,-1.));
#6624=DIRECTION($,(0.,-1.,0.));
#6625=DIRECTION($,(0.,0.,-1.));
#6626=DIRECTION('center_axis',(0.,1.,0.));
#6627=DIRECTION('ref_axis',(0.,0.,1.));
#6628=DIRECTION($,(1.,0.,0.));
#6629=DIRECTION($,(0.,0.,-1.));
#6630=DIRECTION($,(-1.,0.,0.));
#6631=DIRECTION('center_axis',(0.,0.,1.));
#6632=DIRECTION('ref_axis',(1.,0.,0.));
#6633=DIRECTION($,(0.,1.,0.));
#6634=DIRECTION($,(1.,0.,0.));
#6635=DIRECTION('center_axis',(1.,0.,0.));
#6636=DIRECTION('ref_axis',(0.,0.,-1.));
#6637=DIRECTION($,(0.,-1.,0.));
#6638=DIRECTION($,(0.,0.,-1.));
#6639=DIRECTION('center_axis',(0.,-1.,0.));
#6640=DIRECTION('ref_axis',(0.,0.,-1.));
#6641=DIRECTION($,(-1.,0.,0.));
#6642=DIRECTION('center_axis',(-1.,0.,0.));
#6643=DIRECTION('ref_axis',(0.,0.,1.));
#6644=DIRECTION($,(0.,1.,0.));
#6645=DIRECTION($,(0.,0.,-1.));
#6646=DIRECTION($,(0.,-1.,0.));
#6647=DIRECTION($,(0.,0.,-1.));
#6648=DIRECTION('center_axis',(0.,1.,0.));
#6649=DIRECTION('ref_axis',(0.,0.,1.));
#6650=DIRECTION($,(1.,0.,0.));
#6651=DIRECTION($,(0.,0.,-1.));
#6652=DIRECTION($,(-1.,0.,0.));
#6653=DIRECTION('center_axis',(0.,0.,1.));
#6654=DIRECTION('ref_axis',(1.,0.,0.));
#6655=DIRECTION($,(0.,1.,0.));
#6656=DIRECTION($,(1.,0.,0.));
#6657=DIRECTION('center_axis',(1.,0.,0.));
#6658=DIRECTION('ref_axis',(0.,0.,-1.));
#6659=DIRECTION($,(0.,-1.,0.));
#6660=DIRECTION($,(0.,0.,-1.));
#6661=DIRECTION('center_axis',(0.,-1.,0.));
#6662=DIRECTION('ref_axis',(0.,0.,-1.));
#6663=DIRECTION($,(-1.,0.,0.));
#6664=DIRECTION('center_axis',(0.,0.,1.));
#6665=DIRECTION('ref_axis',(1.,0.,0.));
#6666=DIRECTION($,(-1.,0.,0.));
#6667=DIRECTION($,(0.,1.,0.));
#6668=DIRECTION($,(1.,0.,0.));
#6669=DIRECTION($,(0.,-1.,0.));
#6670=DIRECTION($,(-1.,0.,0.));
#6671=DIRECTION($,(0.,-1.,0.));
#6672=DIRECTION($,(1.,0.,0.));
#6673=DIRECTION($,(0.,1.,0.));
#6674=DIRECTION('center_axis',(-1.,0.,0.));
#6675=DIRECTION('ref_axis',(0.,0.,1.));
#6676=DIRECTION($,(0.,0.,1.));
#6677=DIRECTION($,(0.,0.,1.));
#6678=DIRECTION('center_axis',(0.,1.,0.));
#6679=DIRECTION('ref_axis',(0.,0.,1.));
#6680=DIRECTION($,(0.,0.,1.));
#6681=DIRECTION('center_axis',(1.,0.,0.));
#6682=DIRECTION('ref_axis',(0.,0.,-1.));
#6683=DIRECTION($,(0.,0.,-1.));
#6684=DIRECTION('center_axis',(0.,-1.,0.));
#6685=DIRECTION('ref_axis',(0.,0.,-1.));
#6686=DIRECTION('center_axis',(0.,-1.,0.));
#6687=DIRECTION('ref_axis',(0.,0.,-1.));
#6688=DIRECTION($,(0.,0.,-1.));
#6689=DIRECTION($,(1.,0.,0.));
#6690=DIRECTION($,(0.,0.,-1.));
#6691=DIRECTION('center_axis',(-1.,0.,0.));
#6692=DIRECTION('ref_axis',(0.,0.,1.));
#6693=DIRECTION($,(0.,0.,-1.));
#6694=DIRECTION($,(0.,-1.,0.));
#6695=DIRECTION('center_axis',(0.,0.,1.));
#6696=DIRECTION('ref_axis',(1.,0.,0.));
#6697=DIRECTION($,(-1.,0.,0.));
#6698=DIRECTION($,(0.,1.,0.));
#6699=DIRECTION('center_axis',(0.,1.,0.));
#6700=DIRECTION('ref_axis',(0.,0.,1.));
#6701=DIRECTION($,(0.,0.,-1.));
#6702=DIRECTION('center_axis',(1.,0.,0.));
#6703=DIRECTION('ref_axis',(0.,0.,-1.));
#6704=DIRECTION('center_axis',(0.,0.,1.));
#6705=DIRECTION('ref_axis',(1.,0.,0.));
#6706=DIRECTION($,(0.,1.,0.));
#6707=DIRECTION($,(-1.,0.,0.));
#6708=DIRECTION($,(0.,-1.,0.));
#6709=DIRECTION($,(1.,0.,0.));
#6710=DIRECTION('center_axis',(0.,0.,1.));
#6711=DIRECTION('ref_axis',(1.,0.,0.));
#6712=DIRECTION($,(0.,-1.,0.));
#6713=DIRECTION($,(-1.,0.,0.));
#6714=DIRECTION($,(0.,1.,0.));
#6715=DIRECTION($,(1.,0.,0.));
#6716=DIRECTION('center_axis',(0.,1.,0.));
#6717=DIRECTION('ref_axis',(0.,0.,1.));
#6718=DIRECTION($,(0.,0.,-1.));
#6719=DIRECTION($,(0.,0.,-1.));
#6720=DIRECTION('center_axis',(1.,0.,0.));
#6721=DIRECTION('ref_axis',(0.,0.,-1.));
#6722=DIRECTION($,(0.,0.,-1.));
#6723=DIRECTION('center_axis',(0.,-1.,0.));
#6724=DIRECTION('ref_axis',(0.,0.,-1.));
#6725=DIRECTION($,(0.,0.,-1.));
#6726=DIRECTION('center_axis',(-1.,0.,0.));
#6727=DIRECTION('ref_axis',(0.,0.,1.));
#6728=DIRECTION('center_axis',(0.,0.,1.));
#6729=DIRECTION('ref_axis',(1.,0.,0.));
#6730=DIRECTION($,(0.,1.,0.));
#6731=DIRECTION($,(-1.,0.,0.));
#6732=DIRECTION($,(0.,-1.,0.));
#6733=DIRECTION($,(1.,0.,0.));
#6734=DIRECTION('center_axis',(0.,0.,1.));
#6735=DIRECTION('ref_axis',(1.,0.,0.));
#6736=DIRECTION($,(0.,-1.,0.));
#6737=DIRECTION($,(-1.,0.,0.));
#6738=DIRECTION($,(0.,1.,0.));
#6739=DIRECTION($,(1.,0.,0.));
#6740=DIRECTION('center_axis',(0.,1.,0.));
#6741=DIRECTION('ref_axis',(0.,0.,1.));
#6742=DIRECTION($,(0.,0.,-1.));
#6743=DIRECTION($,(0.,0.,-1.));
#6744=DIRECTION('center_axis',(1.,0.,0.));
#6745=DIRECTION('ref_axis',(0.,0.,-1.));
#6746=DIRECTION($,(0.,0.,-1.));
#6747=DIRECTION('center_axis',(0.,-1.,0.));
#6748=DIRECTION('ref_axis',(0.,0.,-1.));
#6749=DIRECTION($,(0.,0.,-1.));
#6750=DIRECTION('center_axis',(-1.,0.,0.));
#6751=DIRECTION('ref_axis',(0.,0.,1.));
#6752=DIRECTION('center_axis',(0.,0.,1.));
#6753=DIRECTION('ref_axis',(1.,0.,0.));
#6754=DIRECTION($,(0.,1.,0.));
#6755=DIRECTION($,(-1.,0.,0.));
#6756=DIRECTION($,(0.,-1.,0.));
#6757=DIRECTION($,(1.,0.,0.));
#6758=DIRECTION('center_axis',(0.,0.,1.));
#6759=DIRECTION('ref_axis',(1.,0.,0.));
#6760=DIRECTION($,(0.,-1.,0.));
#6761=DIRECTION($,(-1.,0.,0.));
#6762=DIRECTION($,(0.,1.,0.));
#6763=DIRECTION($,(1.,0.,0.));
#6764=DIRECTION('center_axis',(0.,1.,0.));
#6765=DIRECTION('ref_axis',(0.,0.,1.));
#6766=DIRECTION($,(0.,0.,-1.));
#6767=DIRECTION($,(0.,0.,-1.));
#6768=DIRECTION('center_axis',(1.,0.,0.));
#6769=DIRECTION('ref_axis',(0.,0.,-1.));
#6770=DIRECTION($,(0.,0.,-1.));
#6771=DIRECTION('center_axis',(0.,-1.,0.));
#6772=DIRECTION('ref_axis',(0.,0.,-1.));
#6773=DIRECTION($,(0.,0.,-1.));
#6774=DIRECTION('center_axis',(-1.,0.,0.));
#6775=DIRECTION('ref_axis',(0.,0.,1.));
#6776=DIRECTION('center_axis',(0.,1.,0.));
#6777=DIRECTION('ref_axis',(0.,0.,1.));
#6778=DIRECTION($,(0.,0.,1.));
#6779=DIRECTION($,(1.,0.,0.));
#6780=DIRECTION($,(0.,0.,-1.));
#6781=DIRECTION($,(-1.,0.,0.));
#6782=DIRECTION('center_axis',(0.,0.,1.));
#6783=DIRECTION('ref_axis',(1.,0.,0.));
#6784=DIRECTION($,(0.,-1.,0.));
#6785=DIRECTION($,(1.,0.,0.));
#6786=DIRECTION($,(0.,-1.,0.));
#6787=DIRECTION('center_axis',(0.,1.,0.));
#6788=DIRECTION('ref_axis',(-1.,0.,0.));
#6789=DIRECTION($,(0.,0.,1.));
#6790=DIRECTION($,(-1.,0.,0.));
#6791=DIRECTION($,(0.,0.,1.));
#6792=DIRECTION('center_axis',(1.,0.,0.));
#6793=DIRECTION('ref_axis',(0.,1.,0.));
#6794=DIRECTION($,(0.,1.,0.));
#6795=DIRECTION('center_axis',(-1.,0.,0.));
#6796=DIRECTION('ref_axis',(0.,-1.,0.));
#6797=DIRECTION($,(0.,-1.,0.));
#6798=DIRECTION('center_axis',(0.,0.,1.));
#6799=DIRECTION('ref_axis',(1.,0.,0.));
#6800=DIRECTION('center_axis',(0.,0.,1.));
#6801=DIRECTION('ref_axis',(0.615661475325658,-0.788010753606722,0.));
#6802=DIRECTION($,(0.788010753606722,0.615661475325658,0.));
#6803=DIRECTION($,(-0.615661475325658,0.788010753606722,0.));
#6804=DIRECTION($,(-0.788010753606722,-0.615661475325658,0.));
#6805=DIRECTION($,(0.615661475325658,-0.788010753606722,0.));
#6806=DIRECTION('center_axis',(0.,0.,1.));
#6807=DIRECTION('ref_axis',(0.615661475325658,-0.788010753606722,0.));
#6808=DIRECTION($,(-0.788010753606722,-0.615661475325658,0.));
#6809=DIRECTION($,(-0.615661475325658,0.788010753606722,0.));
#6810=DIRECTION($,(0.788010753606722,0.615661475325658,0.));
#6811=DIRECTION($,(0.615661475325658,-0.788010753606722,0.));
#6812=DIRECTION('center_axis',(0.788010753606722,0.615661475325658,0.));
#6813=DIRECTION('ref_axis',(0.,0.,1.));
#6814=DIRECTION($,(0.,0.,-1.));
#6815=DIRECTION($,(0.,0.,-1.));
#6816=DIRECTION('center_axis',(0.615661475325658,-0.788010753606722,0.));
#6817=DIRECTION('ref_axis',(0.,0.,-1.));
#6818=DIRECTION($,(0.,0.,-1.));
#6819=DIRECTION('center_axis',(-0.788010753606722,-0.615661475325658,0.));
#6820=DIRECTION('ref_axis',(0.,0.,-1.));
#6821=DIRECTION($,(0.,0.,-1.));
#6822=DIRECTION('center_axis',(-0.615661475325658,0.788010753606722,0.));
#6823=DIRECTION('ref_axis',(0.,0.,1.));
#6824=DIRECTION('center_axis',(0.,0.,1.));
#6825=DIRECTION('ref_axis',(1.,0.,0.));
#6826=DIRECTION($,(-1.,0.,0.));
#6827=DIRECTION($,(0.,1.,0.));
#6828=DIRECTION($,(-1.,0.,0.));
#6829=DIRECTION($,(0.,-1.,0.));
#6830=DIRECTION('center_axis',(0.,1.,0.));
#6831=DIRECTION('ref_axis',(0.,0.,1.));
#6832=DIRECTION($,(0.,0.,-1.));
#6833=DIRECTION($,(-1.,0.,0.));
#6834=DIRECTION($,(0.,0.,1.));
#6835=DIRECTION('center_axis',(1.,0.,0.));
#6836=DIRECTION('ref_axis',(0.,1.,0.));
#6837=DIRECTION($,(0.,0.,1.));
#6838=DIRECTION($,(0.,1.,0.));
#6839=DIRECTION('center_axis',(0.,1.,0.));
#6840=DIRECTION('ref_axis',(-1.,0.,0.));
#6841=DIRECTION($,(0.,0.,1.));
#6842=DIRECTION($,(-1.,0.,0.));
#6843=DIRECTION('center_axis',(-1.,0.,0.));
#6844=DIRECTION('ref_axis',(0.,-1.,0.));
#6845=DIRECTION($,(0.,-1.,0.));
#6846=DIRECTION('center_axis',(0.,0.,1.));
#6847=DIRECTION('ref_axis',(1.,0.,0.));
#6848=DIRECTION('center_axis',(0.,0.,1.));
#6849=DIRECTION('ref_axis',(1.,0.,0.));
#6850=DIRECTION($,(0.,0.,1.));
#6851=DIRECTION('center_axis',(-6.31879634386508E-017,1.713943639069E-017,
1.));
#6852=DIRECTION('ref_axis',(1.,0.,0.));
#6853=DIRECTION($,(0.,0.,-1.));
#6854=DIRECTION('center_axis',(0.,0.,1.));
#6855=DIRECTION('ref_axis',(1.,0.,0.));
#6856=DIRECTION('center_axis',(0.,0.,-1.));
#6857=DIRECTION('ref_axis',(1.,0.,0.));
#6858=DIRECTION('center_axis',(0.,0.,1.));
#6859=DIRECTION('ref_axis',(1.,0.,0.));
#6860=DIRECTION($,(0.679503072787787,-0.733672661390593,0.));
#6861=DIRECTION('center_axis',(0.733672661390593,0.679503072787787,3.47129816105618E-017));
#6862=DIRECTION('ref_axis',(-0.679503072787787,0.733672661390593,0.));
#6863=DIRECTION($,(0.679503072787786,-0.733672661390593,5.55111512312578E-017));
#6864=DIRECTION($,(-6.31879634386508E-017,1.713943639069E-017,1.));
#6865=DIRECTION($,(-0.679503072787787,0.733672661390593,-5.55111512312578E-017));
#6866=DIRECTION($,(6.31879634386508E-017,-1.713943639069E-017,-1.));
#6867=DIRECTION($,(0.679503072787786,-0.733672661390593,5.55111512312578E-017));
#6868=DIRECTION('center_axis',(0.733672661390593,0.679503072787787,3.47129816105618E-017));
#6869=DIRECTION('ref_axis',(-0.679503072787787,0.733672661390593,0.));
#6870=DIRECTION($,(-6.31879634386508E-017,1.713943639069E-017,1.));
#6871=DIRECTION($,(0.679503072787787,-0.733672661390593,5.55111512312578E-017));
#6872=DIRECTION($,(6.31879634386508E-017,-1.713943639069E-017,-1.));
#6873=DIRECTION($,(-0.679503072787787,0.733672661390593,-5.55111512312578E-017));
#6874=DIRECTION('center_axis',(-6.31879634386508E-017,1.713943639069E-017,
1.));
#6875=DIRECTION('ref_axis',(0.733672661390593,0.679503072787787,0.));
#6876=DIRECTION($,(-0.733672661390593,-0.679503072787787,-3.47129816105618E-017));
#6877=DIRECTION($,(-0.733672661390593,-0.679503072787786,-3.47129816105618E-017));
#6878=DIRECTION('center_axis',(-0.679503072787787,0.733672661390593,-5.55111512312578E-017));
#6879=DIRECTION('ref_axis',(-0.733672661390593,-0.679503072787787,0.));
#6880=DIRECTION($,(-0.733672661390593,-0.679503072787786,-3.47129816105618E-017));
#6881=DIRECTION('center_axis',(6.31879634386508E-017,-1.713943639069E-017,
-1.));
#6882=DIRECTION('ref_axis',(-0.733672661390593,-0.679503072787787,0.));
#6883=DIRECTION($,(-0.733672661390593,-0.679503072787787,-3.47129816105618E-017));
#6884=DIRECTION('center_axis',(0.679503072787787,-0.733672661390593,5.55111512312578E-017));
#6885=DIRECTION('ref_axis',(0.733672661390593,0.679503072787786,0.));
#6886=DIRECTION('center_axis',(0.,0.,1.));
#6887=DIRECTION('ref_axis',(1.,0.,0.));
#6888=DIRECTION('center_axis',(0.,0.,-1.));
#6889=DIRECTION('ref_axis',(1.,0.,0.));
#6890=DIRECTION('center_axis',(0.,0.,1.));
#6891=DIRECTION('ref_axis',(1.,0.,0.));
#6892=DIRECTION('center_axis',(0.,0.,-1.));
#6893=DIRECTION('ref_axis',(-1.,0.,0.));
#6894=DIRECTION('center_axis',(0.,0.,1.));
#6895=DIRECTION('ref_axis',(1.,0.,0.));
#6896=DIRECTION('center_axis',(0.,0.,-1.));
#6897=DIRECTION('ref_axis',(0.788010753606722,0.615661475325658,0.));
#6898=DIRECTION('center_axis',(0.,0.,1.));
#6899=DIRECTION('ref_axis',(0.788010753606722,0.615661475325658,0.));
#6900=DIRECTION('center_axis',(0.,0.,1.));
#6901=DIRECTION('ref_axis',(0.615661475325658,-0.788010753606722,0.));
#6902=DIRECTION('center_axis',(0.,0.,1.));
#6903=DIRECTION('ref_axis',(1.,0.,0.));
#6904=DIRECTION($,(0.,1.,0.));
#6905=DIRECTION($,(-1.,0.,0.));
#6906=DIRECTION($,(0.,-1.,0.));
#6907=DIRECTION($,(1.,0.,0.));
#6908=DIRECTION('center_axis',(0.,0.,1.));
#6909=DIRECTION('ref_axis',(1.,0.,0.));
#6910=DIRECTION($,(0.,-1.,0.));
#6911=DIRECTION($,(-1.,0.,0.));
#6912=DIRECTION($,(0.,1.,0.));
#6913=DIRECTION($,(1.,0.,0.));
#6914=DIRECTION('center_axis',(0.,1.,0.));
#6915=DIRECTION('ref_axis',(0.,0.,1.));
#6916=DIRECTION($,(0.,0.,-1.));
#6917=DIRECTION($,(0.,0.,-1.));
#6918=DIRECTION('center_axis',(1.,0.,0.));
#6919=DIRECTION('ref_axis',(0.,0.,-1.));
#6920=DIRECTION($,(0.,0.,-1.));
#6921=DIRECTION('center_axis',(0.,-1.,0.));
#6922=DIRECTION('ref_axis',(0.,0.,-1.));
#6923=DIRECTION($,(0.,0.,-1.));
#6924=DIRECTION('center_axis',(-1.,0.,0.));
#6925=DIRECTION('ref_axis',(0.,0.,1.));
#6926=DIRECTION('center_axis',(0.,0.,1.));
#6927=DIRECTION('ref_axis',(1.,0.,0.));
#6928=DIRECTION($,(0.,1.,0.));
#6929=DIRECTION($,(-1.,0.,0.));
#6930=DIRECTION($,(0.,-1.,0.));
#6931=DIRECTION($,(1.,0.,0.));
#6932=DIRECTION('center_axis',(0.,0.,1.));
#6933=DIRECTION('ref_axis',(1.,0.,0.));
#6934=DIRECTION($,(0.,-1.,0.));
#6935=DIRECTION($,(-1.,0.,0.));
#6936=DIRECTION($,(0.,1.,0.));
#6937=DIRECTION($,(1.,0.,0.));
#6938=DIRECTION('center_axis',(0.,1.,0.));
#6939=DIRECTION('ref_axis',(0.,0.,1.));
#6940=DIRECTION($,(0.,0.,-1.));
#6941=DIRECTION($,(0.,0.,-1.));
#6942=DIRECTION('center_axis',(1.,0.,0.));
#6943=DIRECTION('ref_axis',(0.,0.,-1.));
#6944=DIRECTION($,(0.,0.,-1.));
#6945=DIRECTION('center_axis',(0.,-1.,0.));
#6946=DIRECTION('ref_axis',(0.,0.,-1.));
#6947=DIRECTION($,(0.,0.,-1.));
#6948=DIRECTION('center_axis',(-1.,0.,0.));
#6949=DIRECTION('ref_axis',(0.,0.,1.));
#6950=DIRECTION('center_axis',(0.,0.,1.));
#6951=DIRECTION('ref_axis',(1.,0.,0.));
#6952=DIRECTION($,(0.,1.,0.));
#6953=DIRECTION($,(-1.,0.,0.));
#6954=DIRECTION($,(0.,-1.,0.));
#6955=DIRECTION($,(1.,0.,0.));
#6956=DIRECTION('center_axis',(0.,0.,1.));
#6957=DIRECTION('ref_axis',(1.,0.,0.));
#6958=DIRECTION($,(0.,-1.,0.));
#6959=DIRECTION($,(-1.,0.,0.));
#6960=DIRECTION($,(0.,1.,0.));
#6961=DIRECTION($,(1.,0.,0.));
#6962=DIRECTION('center_axis',(0.,1.,0.));
#6963=DIRECTION('ref_axis',(0.,0.,1.));
#6964=DIRECTION($,(0.,0.,-1.));
#6965=DIRECTION($,(0.,0.,-1.));
#6966=DIRECTION('center_axis',(1.,0.,0.));
#6967=DIRECTION('ref_axis',(0.,0.,-1.));
#6968=DIRECTION($,(0.,0.,-1.));
#6969=DIRECTION('center_axis',(0.,-1.,0.));
#6970=DIRECTION('ref_axis',(0.,0.,-1.));
#6971=DIRECTION($,(0.,0.,-1.));
#6972=DIRECTION('center_axis',(-1.,0.,0.));
#6973=DIRECTION('ref_axis',(0.,0.,1.));
#6974=DIRECTION('center_axis',(0.,0.,1.));
#6975=DIRECTION('ref_axis',(1.,0.,0.));
#6976=DIRECTION($,(0.,1.,0.));
#6977=DIRECTION($,(-1.,0.,0.));
#6978=DIRECTION($,(0.,-1.,0.));
#6979=DIRECTION($,(1.,0.,0.));
#6980=DIRECTION('center_axis',(0.,0.,1.));
#6981=DIRECTION('ref_axis',(1.,0.,0.));
#6982=DIRECTION($,(0.,-1.,0.));
#6983=DIRECTION($,(-1.,0.,0.));
#6984=DIRECTION($,(0.,1.,0.));
#6985=DIRECTION($,(1.,0.,0.));
#6986=DIRECTION('center_axis',(0.,1.,0.));
#6987=DIRECTION('ref_axis',(0.,0.,1.));
#6988=DIRECTION($,(0.,0.,-1.));
#6989=DIRECTION($,(0.,0.,-1.));
#6990=DIRECTION('center_axis',(1.,0.,0.));
#6991=DIRECTION('ref_axis',(0.,0.,-1.));
#6992=DIRECTION($,(0.,0.,-1.));
#6993=DIRECTION('center_axis',(0.,-1.,0.));
#6994=DIRECTION('ref_axis',(0.,0.,-1.));
#6995=DIRECTION($,(0.,0.,-1.));
#6996=DIRECTION('center_axis',(-1.,0.,0.));
#6997=DIRECTION('ref_axis',(0.,0.,1.));
#6998=DIRECTION('center_axis',(0.,0.,1.));
#6999=DIRECTION('ref_axis',(1.,0.,0.));
#7000=DIRECTION($,(0.,1.,0.));
#7001=DIRECTION($,(-1.,0.,0.));
#7002=DIRECTION($,(0.,-1.,0.));
#7003=DIRECTION($,(1.,0.,0.));
#7004=DIRECTION('center_axis',(0.,0.,1.));
#7005=DIRECTION('ref_axis',(1.,0.,0.));
#7006=DIRECTION($,(0.,-1.,0.));
#7007=DIRECTION($,(-1.,0.,0.));
#7008=DIRECTION($,(0.,1.,0.));
#7009=DIRECTION($,(1.,0.,0.));
#7010=DIRECTION('center_axis',(0.,1.,0.));
#7011=DIRECTION('ref_axis',(0.,0.,1.));
#7012=DIRECTION($,(0.,0.,-1.));
#7013=DIRECTION($,(0.,0.,-1.));
#7014=DIRECTION('center_axis',(1.,0.,0.));
#7015=DIRECTION('ref_axis',(0.,0.,-1.));
#7016=DIRECTION($,(0.,0.,-1.));
#7017=DIRECTION('center_axis',(0.,-1.,0.));
#7018=DIRECTION('ref_axis',(0.,0.,-1.));
#7019=DIRECTION($,(0.,0.,-1.));
#7020=DIRECTION('center_axis',(-1.,0.,0.));
#7021=DIRECTION('ref_axis',(0.,0.,1.));
#7022=DIRECTION('center_axis',(0.,0.,1.));
#7023=DIRECTION('ref_axis',(1.,0.,0.));
#7024=DIRECTION($,(0.,1.,0.));
#7025=DIRECTION($,(-1.,0.,0.));
#7026=DIRECTION($,(0.,-1.,0.));
#7027=DIRECTION($,(1.,0.,0.));
#7028=DIRECTION('center_axis',(0.,0.,1.));
#7029=DIRECTION('ref_axis',(1.,0.,0.));
#7030=DIRECTION($,(0.,-1.,0.));
#7031=DIRECTION($,(-1.,0.,0.));
#7032=DIRECTION($,(0.,1.,0.));
#7033=DIRECTION($,(1.,0.,0.));
#7034=DIRECTION('center_axis',(0.,1.,0.));
#7035=DIRECTION('ref_axis',(0.,0.,1.));
#7036=DIRECTION($,(0.,0.,-1.));
#7037=DIRECTION($,(0.,0.,-1.));
#7038=DIRECTION('center_axis',(1.,0.,0.));
#7039=DIRECTION('ref_axis',(0.,0.,-1.));
#7040=DIRECTION($,(0.,0.,-1.));
#7041=DIRECTION('center_axis',(0.,-1.,0.));
#7042=DIRECTION('ref_axis',(0.,0.,-1.));
#7043=DIRECTION($,(0.,0.,-1.));
#7044=DIRECTION('center_axis',(-1.,0.,0.));
#7045=DIRECTION('ref_axis',(0.,0.,1.));
#7046=DIRECTION('center_axis',(0.,0.,1.));
#7047=DIRECTION('ref_axis',(1.,0.,0.));
#7048=DIRECTION($,(0.,1.,0.));
#7049=DIRECTION($,(-1.,0.,0.));
#7050=DIRECTION($,(0.,-1.,0.));
#7051=DIRECTION($,(1.,0.,0.));
#7052=DIRECTION('center_axis',(0.,0.,1.));
#7053=DIRECTION('ref_axis',(1.,0.,0.));
#7054=DIRECTION($,(0.,-1.,0.));
#7055=DIRECTION($,(-1.,0.,0.));
#7056=DIRECTION($,(0.,1.,0.));
#7057=DIRECTION($,(1.,0.,0.));
#7058=DIRECTION('center_axis',(0.,1.,0.));
#7059=DIRECTION('ref_axis',(0.,0.,1.));
#7060=DIRECTION($,(0.,0.,-1.));
#7061=DIRECTION($,(0.,0.,-1.));
#7062=DIRECTION('center_axis',(1.,0.,0.));
#7063=DIRECTION('ref_axis',(0.,0.,-1.));
#7064=DIRECTION($,(0.,0.,-1.));
#7065=DIRECTION('center_axis',(0.,-1.,0.));
#7066=DIRECTION('ref_axis',(0.,0.,-1.));
#7067=DIRECTION($,(0.,0.,-1.));
#7068=DIRECTION('center_axis',(-1.,0.,0.));
#7069=DIRECTION('ref_axis',(0.,0.,1.));
#7070=DIRECTION('center_axis',(0.,1.,0.));
#7071=DIRECTION('ref_axis',(1.,0.,0.));
#7072=DIRECTION('center_axis',(0.,-1.,0.));
#7073=DIRECTION('ref_axis',(1.,0.,0.));
#7074=DIRECTION('center_axis',(0.,1.,0.));
#7075=DIRECTION('ref_axis',(1.,0.,0.));
#7076=DIRECTION('center_axis',(0.,-1.,0.));
#7077=DIRECTION('ref_axis',(-1.,0.,0.));
#7078=DIRECTION('center_axis',(0.,1.,0.));
#7079=DIRECTION('ref_axis',(1.,0.,0.));
#7080=CARTESIAN_POINT('',(0.,0.,0.));
#7081=CARTESIAN_POINT('Origin',(-6.2277626991272,2.30006411075592,0.922326624393463));
#7082=CARTESIAN_POINT('',(-6.3027626991272,1.37580911791439,0.922326624393463));
#7083=CARTESIAN_POINT('Origin',(-6.2277626991272,1.37580911791439,0.922326624393463));
#7084=CARTESIAN_POINT('',(-6.1527626991272,1.30006411075592,0.922326624393463));
#7085=CARTESIAN_POINT('Origin',(-6.2277626991272,1.30006411075592,0.922326624393463));
#7086=CARTESIAN_POINT('Origin',(-6.2277626991272,1.30006411075592,0.922326624393463));
#7087=CARTESIAN_POINT('Origin',(-4.34020692411019,6.90917645746524,0.226500000000038));
#7088=CARTESIAN_POINT('',(-5.87128677704974,1.37580911791439,0.226500000000038));
#7089=CARTESIAN_POINT('',(-7.07128677704974,1.37580911791439,0.226500000000038));
#7090=CARTESIAN_POINT($,(-5.40574685057997,1.37580911791439,0.226500000000038));
#7091=CARTESIAN_POINT('',(-5.87128677704974,0.615809117914353,0.226500000000038));
#7092=CARTESIAN_POINT($,(-5.87128677704974,0.615809117914353,0.226500000000038));
#7093=CARTESIAN_POINT('',(-7.07128677704974,0.615809117914353,0.226500000000038));
#7094=CARTESIAN_POINT($,(-7.07128677704974,0.615809117914353,0.226500000000038));
#7095=CARTESIAN_POINT($,(-7.07128677704974,1.37580911791439,0.226500000000038));
#7096=CARTESIAN_POINT('Origin',(-7.07128677704974,0.615809117914353,0.226500000000038));
#7097=CARTESIAN_POINT('',(-5.87128677704974,0.615809117914353,1.12650000000003));
#7098=CARTESIAN_POINT($,(-5.87128677704974,0.615809117914353,0.226500000000038));
#7099=CARTESIAN_POINT('',(-7.07128677704974,0.615809117914353,1.12650000000003));
#7100=CARTESIAN_POINT($,(-5.70574685057997,0.615809117914353,1.12650000000003));
#7101=CARTESIAN_POINT($,(-7.07128677704974,0.615809117914353,0.226500000000038));
#7102=CARTESIAN_POINT('Origin',(-5.87128677704974,0.615809117914353,0.226500000000038));
#7103=CARTESIAN_POINT('',(-5.87128677704974,1.37580911791439,1.12650000000003));
#7104=CARTESIAN_POINT($,(-5.87128677704974,1.37580911791439,0.226500000000038));
#7105=CARTESIAN_POINT($,(-5.87128677704974,3.76249278768979,1.12650000000003));
#7106=CARTESIAN_POINT('Origin',(-5.87128677704974,1.37580911791439,0.226500000000038));
#7107=CARTESIAN_POINT('',(-7.07128677704974,1.37580911791439,1.12650000000003));
#7108=CARTESIAN_POINT($,(-7.07128677704974,1.37580911791439,0.476500000000037));
#7109=CARTESIAN_POINT($,(-5.10574685057997,1.37580911791439,1.12650000000003));
#7110=CARTESIAN_POINT('Origin',(-7.07128677704974,2.01580911791436,0.226500000000038));
#7111=CARTESIAN_POINT($,(-7.07128677704974,4.4624927876898,1.12650000000003));
#7112=CARTESIAN_POINT('Origin',(-4.34020692411019,6.90917645746524,1.12650000000003));
#7113=CARTESIAN_POINT('Origin',(-6.71528677704974,1.38805911791439,0.849210000000021));
#7114=CARTESIAN_POINT('',(-7.05240677704974,1.40006411791439,0.849210000000021));
#7115=CARTESIAN_POINT('',(-7.05240677704974,1.37605411791439,0.849210000000021));
#7116=CARTESIAN_POINT($,(-7.05240677704974,1.37194714423018,0.849210000000021));
#7117=CARTESIAN_POINT('',(-6.37816677704974,1.40006411791439,0.849210000000021));
#7118=CARTESIAN_POINT($,(-6.88384677704974,1.40006411791439,0.849210000000021));
#7119=CARTESIAN_POINT('',(-6.37816677704974,1.37605411791439,0.849210000000021));
#7120=CARTESIAN_POINT($,(-6.37816677704974,1.53885661791438,0.849210000000021));
#7121=CARTESIAN_POINT($,(-6.30760677704974,1.37605411791439,0.849210000000021));
#7122=CARTESIAN_POINT('Origin',(-6.37816677704974,1.68965411791437,0.633610000000035));
#7123=CARTESIAN_POINT('',(-6.37816677704974,1.40006411791439,1.11479000000003));
#7124=CARTESIAN_POINT($,(-6.37816677704974,1.40006411791439,0.874200000000034));
#7125=CARTESIAN_POINT('',(-6.37816677704974,1.37605411791439,1.11479000000003));
#7126=CARTESIAN_POINT($,(-6.37816677704974,1.44544875618898,1.11479000000003));
#7127=CARTESIAN_POINT($,(-6.37816677704974,1.37605411791439,0.874200000000034));
#7128=CARTESIAN_POINT('Origin',(-7.05240677704974,1.40006411791439,1.11479000000003));
#7129=CARTESIAN_POINT('',(-7.05240677704974,1.40006411791439,1.11479000000003));
#7130=CARTESIAN_POINT($,(-7.05240677704974,1.40006411791439,1.11479000000003));
#7131=CARTESIAN_POINT($,(-7.05240677704974,1.40006411791439,1.11479000000003));
#7132=CARTESIAN_POINT('Origin',(-7.05240677704974,1.35583517054597,1.11479000000003));
#7133=CARTESIAN_POINT('',(-7.05240677704974,1.37605411791439,1.11479000000003));
#7134=CARTESIAN_POINT($,(-7.05240677704974,1.37605411791439,0.874690000000034));
#7135=CARTESIAN_POINT($,(-7.05240677704974,1.37605411791439,1.11479000000003));
#7136=CARTESIAN_POINT('Origin',(-4.4294776862866,1.20124339446358,1.11479000000003));
#7137=CARTESIAN_POINT($,(-5.45282223166817,1.37605411791439,1.11479000000003));
#7138=CARTESIAN_POINT('Origin',(-5.89992677704974,1.37605411791439,1.11479000000003));
#7139=CARTESIAN_POINT('Origin',(-6.37816677704974,1.68965411791437,0.624790000000035));
#7140=CARTESIAN_POINT('',(-6.37816677704974,1.37605411791439,0.840390000000022));
#7141=CARTESIAN_POINT('',(-6.37816677704974,1.40006411791439,0.840390000000022));
#7142=CARTESIAN_POINT($,(-6.37816677704974,1.53885661791438,0.840390000000022));
#7143=CARTESIAN_POINT('',(-6.37816677704974,1.37605411791439,0.241610000000038));
#7144=CARTESIAN_POINT($,(-6.37816677704974,1.37605411791439,0.865380000000034));
#7145=CARTESIAN_POINT('',(-6.37816677704974,1.40006411791439,0.241610000000038));
#7146=CARTESIAN_POINT($,(-6.37816677704974,1.44544875618898,0.241610000000038));
#7147=CARTESIAN_POINT($,(-6.37816677704974,1.40006411791439,0.865380000000034));
#7148=CARTESIAN_POINT('Origin',(-7.05240677704974,1.40006411791439,1.10597000000003));
#7149=CARTESIAN_POINT('',(-7.05240677704974,1.40006411791439,0.840390000000022));
#7150=CARTESIAN_POINT($,(-6.88384677704974,1.40006411791439,0.840390000000022));
#7151=CARTESIAN_POINT('',(-7.05240677704974,1.40006411791439,0.241610000000038));
#7152=CARTESIAN_POINT($,(-5.74094223166817,1.40006411791439,0.241610000000038));
#7153=CARTESIAN_POINT($,(-7.05240677704974,1.40006411791439,1.10597000000003));
#7154=CARTESIAN_POINT('Origin',(-4.4294776862866,1.20124339446358,0.241610000000038));
#7155=CARTESIAN_POINT('',(-7.05240677704974,1.37605411791439,0.241610000000038));
#7156=CARTESIAN_POINT($,(-5.16470223166817,1.37605411791439,0.241610000000038));
#7157=CARTESIAN_POINT($,(-7.05240677704974,1.27853928250478,0.241610000000038));
#7158=CARTESIAN_POINT('Origin',(-7.05240677704974,1.35583517054597,1.10597000000003));
#7159=CARTESIAN_POINT('',(-7.05240677704974,1.37605411791439,0.840390000000022));
#7160=CARTESIAN_POINT($,(-7.05240677704974,1.37194714423018,0.840390000000022));
#7161=CARTESIAN_POINT($,(-7.05240677704974,1.37605411791439,0.865870000000034));
#7162=CARTESIAN_POINT('Origin',(-5.89992677704974,1.37605411791439,1.10597000000003));
#7163=CARTESIAN_POINT($,(-6.30760677704974,1.37605411791439,0.840390000000022));
#7164=CARTESIAN_POINT('Origin',(-6.71528677704974,1.38805911791439,0.840390000000022));
#7165=CARTESIAN_POINT('Origin',(-6.2277626991272,2.30006411075592,0.922326624393463));
#7166=CARTESIAN_POINT('',(-6.3027626991272,1.40006411791439,0.922326624393463));
#7167=CARTESIAN_POINT('Origin',(-6.2277626991272,1.40006411791439,0.922326624393463));
#7168=CARTESIAN_POINT('',(-6.3027626991272,1.37605411791439,0.922326624393463));
#7169=CARTESIAN_POINT('Origin',(-6.2277626991272,1.37605411791439,0.922326624393463));
#7170=CARTESIAN_POINT('Origin',(-6.36640677704974,1.68965411791437,0.627500000000035));
#7171=CARTESIAN_POINT('',(-6.36640677704974,1.40006411791439,1.10868000000003));
#7172=CARTESIAN_POINT('',(-6.36640677704974,1.37605411791439,1.10868000000003));
#7173=CARTESIAN_POINT($,(-6.36640677704974,1.44544875618898,1.10868000000003));
#7174=CARTESIAN_POINT('',(-6.36640677704974,1.40006411791439,0.244320000000038));
#7175=CARTESIAN_POINT($,(-6.36640677704974,1.40006411791439,0.868090000000034));
#7176=CARTESIAN_POINT('',(-6.36640677704974,1.37605411791439,0.244320000000038));
#7177=CARTESIAN_POINT($,(-6.36640677704974,1.44544875618898,0.244320000000038));
#7178=CARTESIAN_POINT($,(-6.36640677704974,1.37605411791439,0.868090000000034));
#7179=CARTESIAN_POINT('Origin',(-4.4177176862866,1.20124339446358,0.244320000000038));
#7180=CARTESIAN_POINT('',(-5.88816677704974,1.40006411791439,0.244320000000038));
#7181=CARTESIAN_POINT($,(-5.72918223166817,1.40006411791439,0.244320000000038));
#7182=CARTESIAN_POINT('',(-5.88816677704974,1.37605411791439,0.244320000000038));
#7183=CARTESIAN_POINT($,(-5.88816677704974,1.30065375618898,0.244320000000038));
#7184=CARTESIAN_POINT($,(-5.15294223166817,1.37605411791439,0.244320000000038));
#7185=CARTESIAN_POINT('Origin',(-7.04064677704974,1.40006411791439,1.10868000000003));
#7186=CARTESIAN_POINT('',(-5.88816677704974,1.40006411791439,1.10868000000003));
#7187=CARTESIAN_POINT($,(-7.04064677704974,1.40006411791439,1.10868000000003));
#7188=CARTESIAN_POINT($,(-5.88816677704974,1.40006411791439,1.10868000000003));
#7189=CARTESIAN_POINT('Origin',(-4.4177176862866,1.20124339446358,1.10868000000003));
#7190=CARTESIAN_POINT('',(-5.88816677704974,1.37605411791439,1.10868000000003));
#7191=CARTESIAN_POINT($,(-5.44106223166817,1.37605411791439,1.10868000000003));
#7192=CARTESIAN_POINT($,(-5.88816677704974,1.40006411791439,1.10868000000003));
#7193=CARTESIAN_POINT('Origin',(-5.88816677704974,1.40006411791439,1.10868000000003));
#7194=CARTESIAN_POINT($,(-5.88816677704974,1.37605411791439,1.10868000000003));
#7195=CARTESIAN_POINT('Origin',(-5.88816677704974,1.37605411791439,1.10868000000003));
#7196=CARTESIAN_POINT('Origin',(-6.2277626991272,1.40006408691406,0.922326624393463));
#7197=CARTESIAN_POINT('',(-6.1902626991272,1.40006408691406,0.959826624393463));
#7198=CARTESIAN_POINT('',(-6.1902626991272,1.40006408691406,0.884826624393463));
#7199=CARTESIAN_POINT($,(-6.1902626991272,1.40006408691406,0.922326624393463));
#7200=CARTESIAN_POINT('',(-6.2652626991272,1.40006408691406,0.884826624393463));
#7201=CARTESIAN_POINT($,(-6.2277626991272,1.40006408691406,0.884826624393463));
#7202=CARTESIAN_POINT('',(-6.2652626991272,1.40006408691406,0.959826624393463));
#7203=CARTESIAN_POINT($,(-6.2652626991272,1.40006408691406,0.922326624393463));
#7204=CARTESIAN_POINT($,(-6.2277626991272,1.40006408691406,0.959826624393463));
#7205=CARTESIAN_POINT('Origin',(-6.2277626991272,1.30006408691406,0.922326624393463));
#7206=CARTESIAN_POINT('',(-6.1902626991272,1.30006408691406,0.884826624393463));
#7207=CARTESIAN_POINT('',(-6.1902626991272,1.30006408691406,0.959826624393463));
#7208=CARTESIAN_POINT($,(-6.1902626991272,1.30006408691406,0.922326624393463));
#7209=CARTESIAN_POINT('',(-6.2652626991272,1.30006408691406,0.959826624393463));
#7210=CARTESIAN_POINT($,(-6.2277626991272,1.30006408691406,0.959826624393463));
#7211=CARTESIAN_POINT('',(-6.2652626991272,1.30006408691406,0.884826624393463));
#7212=CARTESIAN_POINT($,(-6.2652626991272,1.30006408691406,0.922326624393463));
#7213=CARTESIAN_POINT($,(-6.2277626991272,1.30006408691406,0.884826624393463));
#7214=CARTESIAN_POINT('Origin',(-6.2277626991272,1.35006408691406,0.959826624393463));
#7215=CARTESIAN_POINT($,(-6.2652626991272,1.35006408691406,0.959826624393463));
#7216=CARTESIAN_POINT($,(-6.1902626991272,1.35006408691406,0.959826624393463));
#7217=CARTESIAN_POINT('Origin',(-6.2652626991272,1.35006408691406,0.922326624393463));
#7218=CARTESIAN_POINT($,(-6.2652626991272,1.35006408691406,0.884826624393463));
#7219=CARTESIAN_POINT('Origin',(-6.2277626991272,1.35006408691406,0.884826624393463));
#7220=CARTESIAN_POINT($,(-6.1902626991272,1.35006408691406,0.884826624393463));
#7221=CARTESIAN_POINT('Origin',(-6.1902626991272,1.35006408691406,0.922326624393463));
#7222=CARTESIAN_POINT('Origin',(-6.2277626991272,1.40006399154663,0.922326624393463));
#7223=CARTESIAN_POINT('',(-6.2277626991272,1.40006399154663,0.892326624393463));
#7224=CARTESIAN_POINT('Origin',(-6.2277626991272,1.40006399154663,0.922326624393463));
#7225=CARTESIAN_POINT('Origin',(-6.2277626991272,1.40006399154663,0.922326624393463));
#7226=CARTESIAN_POINT('Origin',(-6.05519008636475,0.935049438476563,1.22649989128113));
#7227=CARTESIAN_POINT('',(-5.90519008636475,0.685049438476563,1.22649989128113));
#7228=CARTESIAN_POINT('',(-5.90519008636475,1.18504943847656,1.22649989128113));
#7229=CARTESIAN_POINT($,(-5.90519008636475,0.935049438476563,1.22649989128113));
#7230=CARTESIAN_POINT('',(-6.20519008636475,1.18504943847656,1.22649989128113));
#7231=CARTESIAN_POINT($,(-6.05519008636475,1.18504943847656,1.22649989128113));
#7232=CARTESIAN_POINT('',(-6.20519008636475,0.685049438476563,1.22649989128113));
#7233=CARTESIAN_POINT($,(-6.20519008636475,0.935049438476563,1.22649989128113));
#7234=CARTESIAN_POINT($,(-6.05519008636475,0.685049438476563,1.22649989128113));
#7235=CARTESIAN_POINT('Origin',(-6.05519008636475,0.935049438476563,1.12649989128113));
#7236=CARTESIAN_POINT('',(-5.90519008636475,1.18504943847656,1.12649989128113));
#7237=CARTESIAN_POINT('',(-5.90519008636475,0.685049438476563,1.12649989128113));
#7238=CARTESIAN_POINT($,(-5.90519008636475,0.935049438476563,1.12649989128113));
#7239=CARTESIAN_POINT('',(-6.20519008636475,0.685049438476563,1.12649989128113));
#7240=CARTESIAN_POINT($,(-6.05519008636475,0.685049438476563,1.12649989128113));
#7241=CARTESIAN_POINT('',(-6.20519008636475,1.18504943847656,1.12649989128113));
#7242=CARTESIAN_POINT($,(-6.20519008636475,0.935049438476563,1.12649989128113));
#7243=CARTESIAN_POINT($,(-6.05519008636475,1.18504943847656,1.12649989128113));
#7244=CARTESIAN_POINT('Origin',(-6.05519008636475,0.685049438476563,1.17649989128113));
#7245=CARTESIAN_POINT($,(-6.20519008636475,0.685049438476563,1.17649989128113));
#7246=CARTESIAN_POINT($,(-5.90519008636475,0.685049438476563,1.17649989128113));
#7247=CARTESIAN_POINT('Origin',(-6.20519008636475,0.935049438476563,1.17649989128113));
#7248=CARTESIAN_POINT($,(-6.20519008636475,1.18504943847656,1.17649989128113));
#7249=CARTESIAN_POINT('Origin',(-6.05519008636475,1.18504943847656,1.17649989128113));
#7250=CARTESIAN_POINT($,(-5.90519008636475,1.18504943847656,1.17649989128113));
#7251=CARTESIAN_POINT('Origin',(-5.90519008636475,0.935049438476563,1.17649989128113));
#7252=CARTESIAN_POINT('Origin',(-6.28505563735962,0.731310129165649,1.13900003433228));
#7253=CARTESIAN_POINT('',(-6.26005563735962,0.731310129165649,1.12650003433228));
#7254=CARTESIAN_POINT('Origin',(-6.28505563735962,0.731310129165649,1.12650003433228));
#7255=CARTESIAN_POINT('',(-6.31005563735962,0.731310129165649,1.17650003433228));
#7256=CARTESIAN_POINT('Origin',(-6.28505563735962,0.731310129165649,1.17650001049042));
#7257=CARTESIAN_POINT('Origin',(-6.28505563735962,0.731310129165649,1.12650003433228));
#7258=CARTESIAN_POINT('Origin',(-6.78505563735962,0.731310129165649,1.13900003433228));
#7259=CARTESIAN_POINT('',(-6.76005563735962,0.731310129165649,1.12650003433228));
#7260=CARTESIAN_POINT('Origin',(-6.78505563735962,0.731310129165649,1.12650003433228));
#7261=CARTESIAN_POINT('',(-6.81005563735962,0.731310129165649,1.17650003433228));
#7262=CARTESIAN_POINT('Origin',(-6.78505563735962,0.731310129165649,1.17650001049042));
#7263=CARTESIAN_POINT('Origin',(-6.78505563735962,0.731310129165649,1.12650003433228));
#7264=CARTESIAN_POINT('Origin',(-6.78505563735962,1.13131012916565,1.13900003433228));
#7265=CARTESIAN_POINT('',(-6.76005563735962,1.13131012916565,1.12650003433228));
#7266=CARTESIAN_POINT('Origin',(-6.78505563735962,1.13131012916565,1.12650003433228));
#7267=CARTESIAN_POINT('',(-6.81005563735962,1.13131012916565,1.17650003433228));
#7268=CARTESIAN_POINT('Origin',(-6.78505563735962,1.13131012916565,1.17650001049042));
#7269=CARTESIAN_POINT('Origin',(-6.78505563735962,1.13131012916565,1.12650003433228));
#7270=CARTESIAN_POINT('Origin',(-6.28505563735962,1.13131012916565,1.13900003433228));
#7271=CARTESIAN_POINT('',(-6.26005563735962,1.13131012916565,1.12650003433228));
#7272=CARTESIAN_POINT('Origin',(-6.28505563735962,1.13131012916565,1.12650003433228));
#7273=CARTESIAN_POINT('',(-6.31005563735962,1.13131012916565,1.17650003433228));
#7274=CARTESIAN_POINT('Origin',(-6.28505563735962,1.13131012916565,1.17650001049042));
#7275=CARTESIAN_POINT('Origin',(-6.28505563735962,1.13131012916565,1.12650003433228));
#7276=CARTESIAN_POINT('Origin',(-6.53505563735962,0.981310129165649,1.25150001049042));
#7277=CARTESIAN_POINT('',(-6.23505563735962,0.681310129165649,1.25150001049042));
#7278=CARTESIAN_POINT('',(-6.23505563735962,1.18131012916565,1.25150001049042));
#7279=CARTESIAN_POINT($,(-6.23505563735962,0.981310129165649,1.25150001049042));
#7280=CARTESIAN_POINT('',(-6.83505563735962,1.18131012916565,1.25150001049042));
#7281=CARTESIAN_POINT($,(-6.53505563735962,1.18131012916565,1.25150001049042));
#7282=CARTESIAN_POINT('',(-6.83505563735962,0.681310129165649,1.25150001049042));
#7283=CARTESIAN_POINT($,(-6.83505563735962,0.981310129165649,1.25150001049042));
#7284=CARTESIAN_POINT($,(-6.53505563735962,0.681310129165649,1.25150001049042));
#7285=CARTESIAN_POINT('Origin',(-6.53505563735962,0.981310129165649,1.17650001049042));
#7286=CARTESIAN_POINT('',(-6.23505563735962,1.18131012916565,1.17650001049042));
#7287=CARTESIAN_POINT('',(-6.23505563735962,0.681310129165649,1.17650001049042));
#7288=CARTESIAN_POINT($,(-6.23505563735962,0.981310129165649,1.17650001049042));
#7289=CARTESIAN_POINT('',(-6.83505563735962,0.681310129165649,1.17650001049042));
#7290=CARTESIAN_POINT($,(-6.53505563735962,0.681310129165649,1.17650001049042));
#7291=CARTESIAN_POINT('',(-6.83505563735962,1.18131012916565,1.17650001049042));
#7292=CARTESIAN_POINT($,(-6.83505563735962,0.981310129165649,1.17650001049042));
#7293=CARTESIAN_POINT($,(-6.53505563735962,1.18131012916565,1.17650001049042));
#7294=CARTESIAN_POINT('Origin',(-6.53505563735962,0.681310129165649,1.22650001049042));
#7295=CARTESIAN_POINT($,(-6.83505563735962,0.681310129165649,1.22650001049042));
#7296=CARTESIAN_POINT($,(-6.23505563735962,0.681310129165649,1.22650001049042));
#7297=CARTESIAN_POINT('Origin',(-6.83505563735962,0.981310129165649,1.22650001049042));
#7298=CARTESIAN_POINT($,(-6.83505563735962,1.18131012916565,1.22650001049042));
#7299=CARTESIAN_POINT('Origin',(-6.53505563735962,1.18131012916565,1.22650001049042));
#7300=CARTESIAN_POINT($,(-6.23505563735962,1.18131012916565,1.22650001049042));
#7301=CARTESIAN_POINT('Origin',(-6.23505563735962,0.981310129165649,1.22650001049042));
#7302=CARTESIAN_POINT('Origin',(-6.53505563735962,0.971310129165649,1.26149989128113));
#7303=CARTESIAN_POINT('',(-6.28505563735962,0.771310129165649,1.26149989128113));
#7304=CARTESIAN_POINT('',(-6.28505563735962,1.17131012916565,1.26149989128113));
#7305=CARTESIAN_POINT($,(-6.28505563735962,0.971310129165649,1.26149989128113));
#7306=CARTESIAN_POINT('',(-6.78505563735962,1.17131012916565,1.26149989128113));
#7307=CARTESIAN_POINT($,(-6.53505563735962,1.17131012916565,1.26149989128113));
#7308=CARTESIAN_POINT('',(-6.78505563735962,0.771310129165649,1.26149989128113));
#7309=CARTESIAN_POINT($,(-6.78505563735962,0.971310129165649,1.26149989128113));
#7310=CARTESIAN_POINT($,(-6.53505563735962,0.771310129165649,1.26149989128113));
#7311=CARTESIAN_POINT('Origin',(-6.53505563735962,0.971310129165649,1.25149989128113));
#7312=CARTESIAN_POINT('',(-6.28505563735962,1.17131012916565,1.25149989128113));
#7313=CARTESIAN_POINT('',(-6.28505563735962,0.771310129165649,1.25149989128113));
#7314=CARTESIAN_POINT($,(-6.28505563735962,0.971310129165649,1.25149989128113));
#7315=CARTESIAN_POINT('',(-6.78505563735962,0.771310129165649,1.25149989128113));
#7316=CARTESIAN_POINT($,(-6.53505563735962,0.771310129165649,1.25149989128113));
#7317=CARTESIAN_POINT('',(-6.78505563735962,1.17131012916565,1.25149989128113));
#7318=CARTESIAN_POINT($,(-6.78505563735962,0.971310129165649,1.25149989128113));
#7319=CARTESIAN_POINT($,(-6.53505563735962,1.17131012916565,1.25149989128113));
#7320=CARTESIAN_POINT('Origin',(-6.53505563735962,0.771310129165649,1.25649989128113));
#7321=CARTESIAN_POINT($,(-6.78505563735962,0.771310129165649,1.25649989128113));
#7322=CARTESIAN_POINT($,(-6.28505563735962,0.771310129165649,1.25649989128113));
#7323=CARTESIAN_POINT('Origin',(-6.78505563735962,0.971310129165649,1.25649989128113));
#7324=CARTESIAN_POINT($,(-6.78505563735962,1.17131012916565,1.25649989128113));
#7325=CARTESIAN_POINT('Origin',(-6.53505563735962,1.17131012916565,1.25649989128113));
#7326=CARTESIAN_POINT($,(-6.28505563735962,1.17131012916565,1.25649989128113));
#7327=CARTESIAN_POINT('Origin',(-6.28505563735962,0.971310129165649,1.25649989128113));
#7328=CARTESIAN_POINT('Origin',(-6.53505563735962,0.971310129165649,1.26149989128113));
#7329=CARTESIAN_POINT('',(-6.33505563735962,1.12131012916565,1.26149989128113));
#7330=CARTESIAN_POINT('',(-6.33505563735962,0.821310129165649,1.26149989128113));
#7331=CARTESIAN_POINT($,(-6.33505563735962,0.971310129165649,1.26149989128113));
#7332=CARTESIAN_POINT('',(-6.73505563735962,0.821310129165649,1.26149989128113));
#7333=CARTESIAN_POINT($,(-6.53505563735962,0.821310129165649,1.26149989128113));
#7334=CARTESIAN_POINT('',(-6.73505563735962,1.12131012916565,1.26149989128113));
#7335=CARTESIAN_POINT($,(-6.73505563735962,0.971310129165649,1.26149989128113));
#7336=CARTESIAN_POINT($,(-6.53505563735962,1.12131012916565,1.26149989128113));
#7337=CARTESIAN_POINT('Origin',(-6.53505563735962,0.971310129165649,1.27149989128113));
#7338=CARTESIAN_POINT('',(-6.33505563735962,0.821310129165649,1.27149989128113));
#7339=CARTESIAN_POINT('',(-6.33505563735962,1.12131012916565,1.27149989128113));
#7340=CARTESIAN_POINT($,(-6.33505563735962,0.971310129165649,1.27149989128113));
#7341=CARTESIAN_POINT('',(-6.73505563735962,1.12131012916565,1.27149989128113));
#7342=CARTESIAN_POINT($,(-6.53505563735962,1.12131012916565,1.27149989128113));
#7343=CARTESIAN_POINT('',(-6.73505563735962,0.821310129165649,1.27149989128113));
#7344=CARTESIAN_POINT($,(-6.73505563735962,0.971310129165649,1.27149989128113));
#7345=CARTESIAN_POINT($,(-6.53505563735962,0.821310129165649,1.27149989128113));
#7346=CARTESIAN_POINT('Origin',(-6.53505563735962,1.12131012916565,1.26649989128113));
#7347=CARTESIAN_POINT($,(-6.73505563735962,1.12131012916565,1.26649989128113));
#7348=CARTESIAN_POINT($,(-6.33505563735962,1.12131012916565,1.26649989128113));
#7349=CARTESIAN_POINT('Origin',(-6.73505563735962,0.971310129165649,1.26649989128113));
#7350=CARTESIAN_POINT($,(-6.73505563735962,0.821310129165649,1.26649989128113));
#7351=CARTESIAN_POINT('Origin',(-6.53505563735962,0.821310129165649,1.26649989128113));
#7352=CARTESIAN_POINT($,(-6.33505563735962,0.821310129165649,1.26649989128113));
#7353=CARTESIAN_POINT('Origin',(-6.33505563735962,0.971310129165649,1.26649989128113));
#7354=CARTESIAN_POINT('Origin',(-6.53505563735962,0.971310129165649,1.30149987220764));
#7355=CARTESIAN_POINT('',(-6.49005563735962,1.14131012916565,1.30149987220764));
#7356=CARTESIAN_POINT('',(-6.49005563735962,0.801310129165649,1.30149987220764));
#7357=CARTESIAN_POINT($,(-6.49005563735962,0.971310129165649,1.30149987220764));
#7358=CARTESIAN_POINT('',(-6.58005563735962,1.14131012916565,1.30149987220764));
#7359=CARTESIAN_POINT($,(-6.53505563735962,1.14131012916565,1.30149987220764));
#7360=CARTESIAN_POINT('',(-6.58005563735962,0.801310129165649,1.30149987220764));
#7361=CARTESIAN_POINT($,(-6.58005563735962,0.971310129165649,1.30149987220764));
#7362=CARTESIAN_POINT($,(-6.53505563735962,0.801310129165649,1.30149987220764));
#7363=CARTESIAN_POINT('Origin',(-6.53505563735962,0.801310129165649,1.28149987220764));
#7364=CARTESIAN_POINT('',(-6.58005563735962,0.801310129165649,1.34149987220764));
#7365=CARTESIAN_POINT($,(-6.58005563735962,0.801310129165649,1.28149987220764));
#7366=CARTESIAN_POINT('',(-6.49005563735962,0.801310129165649,1.34149987220764));
#7367=CARTESIAN_POINT($,(-6.53505563735962,0.801310129165649,1.34149987220764));
#7368=CARTESIAN_POINT($,(-6.49005563735962,0.801310129165649,1.28149987220764));
#7369=CARTESIAN_POINT('Origin',(-6.58005563735962,0.971310129165649,1.28149987220764));
#7370=CARTESIAN_POINT('',(-6.58005563735962,1.14131012916565,1.34149987220764));
#7371=CARTESIAN_POINT($,(-6.58005563735962,1.14131012916565,1.28149987220764));
#7372=CARTESIAN_POINT($,(-6.58005563735962,0.971310129165649,1.34149987220764));
#7373=CARTESIAN_POINT('Origin',(-6.53505563735962,1.14131012916565,1.28149987220764));
#7374=CARTESIAN_POINT('',(-6.49005563735962,1.14131012916565,1.34149987220764));
#7375=CARTESIAN_POINT($,(-6.49005563735962,1.14131012916565,1.28149987220764));
#7376=CARTESIAN_POINT($,(-6.53505563735962,1.14131012916565,1.34149987220764));
#7377=CARTESIAN_POINT('Origin',(-6.49005563735962,0.971310129165649,1.28149987220764));
#7378=CARTESIAN_POINT($,(-6.49005563735962,0.971310129165649,1.34149987220764));
#7379=CARTESIAN_POINT('Origin',(-6.53505563735962,0.971310129165649,1.34149987220764));
#7380=CARTESIAN_POINT('',(-6.46005563735962,0.771310129165649,1.34149987220764));
#7381=CARTESIAN_POINT('',(-6.46005563735962,1.17131012916565,1.34149987220764));
#7382=CARTESIAN_POINT($,(-6.46005563735962,0.971310129165649,1.34149987220764));
#7383=CARTESIAN_POINT('',(-6.61005563735962,1.17131012916565,1.34149987220764));
#7384=CARTESIAN_POINT($,(-6.53505563735962,1.17131012916565,1.34149987220764));
#7385=CARTESIAN_POINT('',(-6.61005563735962,0.771310129165649,1.34149987220764));
#7386=CARTESIAN_POINT($,(-6.61005563735962,0.971310129165649,1.34149987220764));
#7387=CARTESIAN_POINT($,(-6.53505563735962,0.771310129165649,1.34149987220764));
#7388=CARTESIAN_POINT('Origin',(-6.53505563735962,0.971310129165649,1.27149987220764));
#7389=CARTESIAN_POINT('',(-6.46005563735962,1.17131012916565,1.27149987220764));
#7390=CARTESIAN_POINT('',(-6.46005563735962,0.771310129165649,1.27149987220764));
#7391=CARTESIAN_POINT($,(-6.46005563735962,0.971310129165649,1.27149987220764));
#7392=CARTESIAN_POINT('',(-6.61005563735962,0.771310129165649,1.27149987220764));
#7393=CARTESIAN_POINT($,(-6.53505563735962,0.771310129165649,1.27149987220764));
#7394=CARTESIAN_POINT('',(-6.61005563735962,1.17131012916565,1.27149987220764));
#7395=CARTESIAN_POINT($,(-6.61005563735962,0.971310129165649,1.27149987220764));
#7396=CARTESIAN_POINT($,(-6.53505563735962,1.17131012916565,1.27149987220764));
#7397=CARTESIAN_POINT('Origin',(-6.53505563735962,0.771310129165649,1.28149987220764));
#7398=CARTESIAN_POINT($,(-6.61005563735962,0.771310129165649,1.28149987220764));
#7399=CARTESIAN_POINT($,(-6.46005563735962,0.771310129165649,1.28149987220764));
#7400=CARTESIAN_POINT('Origin',(-6.61005563735962,0.971310129165649,1.28149987220764));
#7401=CARTESIAN_POINT($,(-6.61005563735962,1.17131012916565,1.28149987220764));
#7402=CARTESIAN_POINT('Origin',(-6.53505563735962,1.17131012916565,1.28149987220764));
#7403=CARTESIAN_POINT($,(-6.46005563735962,1.17131012916565,1.28149987220764));
#7404=CARTESIAN_POINT('Origin',(-6.46005563735962,0.971310129165649,1.28149987220764));
#7405=CARTESIAN_POINT('Origin',(-6.53505563735962,0.771310186386108,1.30649987220764));
#7406=CARTESIAN_POINT('',(-6.51505563735962,0.771310186386108,1.30649987220764));
#7407=CARTESIAN_POINT('Origin',(-6.53505563735962,0.771310186386108,1.30649987220764));
#7408=CARTESIAN_POINT('Origin',(-6.53505563735962,1.77131018638611,1.30649987220764));
#7409=CARTESIAN_POINT('',(-6.55505563735962,1.22131012916565,1.30649987220764));
#7410=CARTESIAN_POINT('Origin',(-6.53505563735962,1.22131012916565,1.30649987220764));
#7411=CARTESIAN_POINT('Origin',(-6.53505563735962,1.22131012916565,1.30649987220764));
#7412=CARTESIAN_POINT('Origin',(-6.53505563735962,0.971310129165649,1.37149987220764));
#7413=CARTESIAN_POINT('',(-6.70505563735962,1.01631012916565,1.37149987220764));
#7414=CARTESIAN_POINT('',(-6.36505563735962,1.01631012916565,1.37149987220764));
#7415=CARTESIAN_POINT($,(-6.53505563735962,1.01631012916565,1.37149987220764));
#7416=CARTESIAN_POINT('',(-6.70505563735962,0.926310129165648,1.37149987220764));
#7417=CARTESIAN_POINT($,(-6.70505563735962,0.971310129165649,1.37149987220764));
#7418=CARTESIAN_POINT('',(-6.36505563735962,0.926310129165648,1.37149987220764));
#7419=CARTESIAN_POINT($,(-6.53505563735962,0.926310129165649,1.37149987220764));
#7420=CARTESIAN_POINT($,(-6.36505563735962,0.971310129165649,1.37149987220764));
#7421=CARTESIAN_POINT('Origin',(-6.36505563735962,0.971310129165649,1.35149987220764));
#7422=CARTESIAN_POINT('',(-6.36505563735962,0.926310129165648,1.41149987220764));
#7423=CARTESIAN_POINT($,(-6.36505563735962,0.926310129165649,1.35149987220764));
#7424=CARTESIAN_POINT('',(-6.36505563735962,1.01631012916565,1.41149987220764));
#7425=CARTESIAN_POINT($,(-6.36505563735962,0.971310129165649,1.41149987220764));
#7426=CARTESIAN_POINT($,(-6.36505563735962,1.01631012916565,1.35149987220764));
#7427=CARTESIAN_POINT('Origin',(-6.53505563735962,0.926310129165649,1.35149987220764));
#7428=CARTESIAN_POINT('',(-6.70505563735962,0.926310129165648,1.41149987220764));
#7429=CARTESIAN_POINT($,(-6.70505563735962,0.926310129165649,1.35149987220764));
#7430=CARTESIAN_POINT($,(-6.53505563735962,0.926310129165649,1.41149987220764));
#7431=CARTESIAN_POINT('Origin',(-6.70505563735962,0.971310129165649,1.35149987220764));
#7432=CARTESIAN_POINT('',(-6.70505563735962,1.01631012916565,1.41149987220764));
#7433=CARTESIAN_POINT($,(-6.70505563735962,1.01631012916565,1.35149987220764));
#7434=CARTESIAN_POINT($,(-6.70505563735962,0.971310129165649,1.41149987220764));
#7435=CARTESIAN_POINT('Origin',(-6.53505563735962,1.01631012916565,1.35149987220764));
#7436=CARTESIAN_POINT($,(-6.53505563735962,1.01631012916565,1.41149987220764));
#7437=CARTESIAN_POINT('Origin',(-6.53505563735962,0.971310129165649,1.41149987220764));
#7438=CARTESIAN_POINT('',(-6.33505563735962,1.04631012916565,1.41149987220764));
#7439=CARTESIAN_POINT('',(-6.73505563735962,1.04631012916565,1.41149987220764));
#7440=CARTESIAN_POINT($,(-6.53505563735962,1.04631012916565,1.41149987220764));
#7441=CARTESIAN_POINT('',(-6.73505563735962,0.896310129165649,1.41149987220764));
#7442=CARTESIAN_POINT($,(-6.73505563735962,0.971310129165649,1.41149987220764));
#7443=CARTESIAN_POINT('',(-6.33505563735962,0.896310129165649,1.41149987220764));
#7444=CARTESIAN_POINT($,(-6.53505563735962,0.896310129165649,1.41149987220764));
#7445=CARTESIAN_POINT($,(-6.33505563735962,0.971310129165649,1.41149987220764));
#7446=CARTESIAN_POINT('Origin',(-6.53505563735962,0.971310129165649,1.34149987220764));
#7447=CARTESIAN_POINT('',(-6.73505563735962,1.04631012916565,1.34149987220764));
#7448=CARTESIAN_POINT('',(-6.33505563735962,1.04631012916565,1.34149987220764));
#7449=CARTESIAN_POINT($,(-6.53505563735962,1.04631012916565,1.34149987220764));
#7450=CARTESIAN_POINT('',(-6.33505563735962,0.896310129165649,1.34149987220764));
#7451=CARTESIAN_POINT($,(-6.33505563735962,0.971310129165649,1.34149987220764));
#7452=CARTESIAN_POINT('',(-6.73505563735962,0.896310129165649,1.34149987220764));
#7453=CARTESIAN_POINT($,(-6.53505563735962,0.896310129165649,1.34149987220764));
#7454=CARTESIAN_POINT($,(-6.73505563735962,0.971310129165649,1.34149987220764));
#7455=CARTESIAN_POINT('Origin',(-6.33505563735962,0.971310129165649,1.35149987220764));
#7456=CARTESIAN_POINT($,(-6.33505563735962,0.896310129165649,1.35149987220764));
#7457=CARTESIAN_POINT($,(-6.33505563735962,1.04631012916565,1.35149987220764));
#7458=CARTESIAN_POINT('Origin',(-6.53505563735962,0.896310129165649,1.35149987220764));
#7459=CARTESIAN_POINT($,(-6.73505563735962,0.896310129165649,1.35149987220764));
#7460=CARTESIAN_POINT('Origin',(-6.73505563735962,0.971310129165649,1.35149987220764));
#7461=CARTESIAN_POINT($,(-6.73505563735962,1.04631012916565,1.35149987220764));
#7462=CARTESIAN_POINT('Origin',(-6.53505563735962,1.04631012916565,1.35149987220764));
#7463=CARTESIAN_POINT('Origin',(-6.78505582809448,0.971310129165649,1.37649987220764));
#7464=CARTESIAN_POINT('',(-6.78505582809448,0.971310129165649,1.35649987220764));
#7465=CARTESIAN_POINT('Origin',(-6.78505582809448,0.971310129165649,1.37649987220764));
#7466=CARTESIAN_POINT('Origin',(-5.78505582809448,0.971310129165649,1.37649987220764));
#7467=CARTESIAN_POINT('',(-6.33505563735962,0.971310129165649,1.39649987220764));
#7468=CARTESIAN_POINT('Origin',(-6.33505563735962,0.971310129165649,1.37649987220764));
#7469=CARTESIAN_POINT('Origin',(-6.33505563735962,0.971310129165649,1.37649987220764));
#7470=CARTESIAN_POINT('Origin',(-6.94425636368829,0.874994021554853,1.20149989724159));
#7471=CARTESIAN_POINT('',(-7.05287983957612,0.866279620596037,1.12649989128113));
#7472=CARTESIAN_POINT('',(-6.87629032100433,0.960173933153215,1.12649989128113));
#7473=CARTESIAN_POINT($,(-6.96458508029022,0.913226776874626,1.12649989128113));
#7474=CARTESIAN_POINT('',(-7.05602470111348,0.87219424491921,1.11489735686315));
#7475=CARTESIAN_POINT($,(-7.03255112297419,0.828046865276264,1.20149989724159));
#7476=CARTESIAN_POINT('',(-6.8794351825417,0.966088557476388,1.11489735686315));
#7477=CARTESIAN_POINT($,(-6.96772994182759,0.919141401197799,1.11489735686315));
#7478=CARTESIAN_POINT($,(-6.8559616044024,0.921941177833442,1.20149989724159));
#7479=CARTESIAN_POINT('Origin',(-6.94425636368829,0.874994021554853,1.20149989724159));
#7480=CARTESIAN_POINT('',(-6.86273784434677,0.934685431632344,1.17649989128113));
#7481=CARTESIAN_POINT('',(-7.03932736291855,0.840791119075166,1.17649989128113));
#7482=CARTESIAN_POINT($,(-6.95103260363266,0.887738275353755,1.17649989128113));
#7483=CARTESIAN_POINT('',(-6.83248802626311,0.877793798190496,1.28810243762004));
#7484=CARTESIAN_POINT($,(-6.8559616044024,0.921941177833442,1.20149989724159));
#7485=CARTESIAN_POINT('',(-7.00907754483489,0.783899485633317,1.28810243762004));
#7486=CARTESIAN_POINT($,(-6.920782785549,0.830846641911906,1.28810243762004));
#7487=CARTESIAN_POINT($,(-7.03255112297419,0.828046865276264,1.20149989724159));
#7488=CARTESIAN_POINT('Origin',(-6.9402171497256,0.969558423655573,1.26016603632867));
#7489=CARTESIAN_POINT('',(-6.90053827629965,0.948184677993011,1.3251179416125));
#7490=CARTESIAN_POINT('',(-6.93574864350859,1.01440574745743,1.19521413104484));
#7491=CARTESIAN_POINT($,(-6.91814345990412,0.98129521272522,1.26016603632867));
#7492=CARTESIAN_POINT('',(-6.97989602315154,0.990932169318135,1.19521413104484));
#7493=CARTESIAN_POINT($,(-6.95782233333007,1.00266895838778,1.19521413104484));
#7494=CARTESIAN_POINT('',(-6.9446856559426,0.924711099853716,1.3251179416125));
#7495=CARTESIAN_POINT($,(-6.96229083954707,0.957821634585925,1.26016603632867));
#7496=CARTESIAN_POINT($,(-6.92261196612113,0.936447888923363,1.3251179416125));
#7497=CARTESIAN_POINT('Origin',(-6.91244760862795,0.917331512782709,1.3126179416125));
#7498=CARTESIAN_POINT('',(-6.92435694095625,0.886478347572408,1.3001179416125));
#7499=CARTESIAN_POINT($,(-6.93452129844942,0.905594723713062,1.3126179416125));
#7500=CARTESIAN_POINT('',(-6.8802095613133,0.909951925711703,1.3001179416125));
#7501=CARTESIAN_POINT($,(-6.92345709985675,0.886956824956925,1.30011795353343));
#7502=CARTESIAN_POINT($,(-6.89037391880648,0.929068301852356,1.3126179416125));
#7503=CARTESIAN_POINT('Origin',(-6.9521264820539,0.938705258445272,1.24766603632867));
#7504=CARTESIAN_POINT('',(-6.95956730816519,0.952699417036828,1.17021413104484));
#7505=CARTESIAN_POINT($,(-6.96973166565837,0.971815793177481,1.18271413104484));
#7506=CARTESIAN_POINT($,(-6.94313661234668,0.921797772566891,1.2308329727456));
#7507=CARTESIAN_POINT('Origin',(-6.94765797583689,0.983552582247129,1.18271413104484));
#7508=CARTESIAN_POINT('',(-6.91541992852224,0.976172995176122,1.17021413104484));
#7509=CARTESIAN_POINT($,(-6.92558428601542,0.995289371316776,1.18271413104484));
#7510=CARTESIAN_POINT($,(-6.95866746706569,0.953177894421344,1.17021414296576));
#7511=CARTESIAN_POINT('Origin',(-6.90797910241095,0.962178836584566,1.24766603632867));
#7512=CARTESIAN_POINT($,(-6.89898923270373,0.945271350706186,1.2308329727456));
#7513=CARTESIAN_POINT('Origin',(-6.93094714304217,0.84996301805256,1.30060243762004));
#7514=CARTESIAN_POINT('',(-6.85281674124946,0.916026550471803,1.31310243762004));
#7515=CARTESIAN_POINT($,(-6.84265238375628,0.896910174331149,1.30060243762004));
#7516=CARTESIAN_POINT('',(-7.02940625982124,0.822132237914625,1.31310243762004));
#7517=CARTESIAN_POINT($,(-6.94111150053535,0.869079394193214,1.31310243762004));
#7518=CARTESIAN_POINT($,(-7.01924190232807,0.803015861773971,1.30060243762004));
#7519=CARTESIAN_POINT('Origin',(-6.97789429932076,0.938257777338453,1.12739735686315));
#7520=CARTESIAN_POINT('',(-6.89976389752804,1.0043213097577,1.13989735686315));
#7521=CARTESIAN_POINT($,(-6.88959954003487,0.985204933617042,1.12739735686315));
#7522=CARTESIAN_POINT('',(-7.07635341609983,0.910426997200518,1.13989735686315));
#7523=CARTESIAN_POINT($,(-7.06618905860665,0.891310621059864,1.12739735686315));
#7524=CARTESIAN_POINT($,(-6.98805865681394,0.957374153479106,1.13989735686315));
#7525=CARTESIAN_POINT('Origin',(-6.96458507867464,0.91322677383616,1.22649989724159));
#7526=CARTESIAN_POINT($,(-6.87629031938875,0.960173930114749,1.22649989724159));
#7527=CARTESIAN_POINT($,(-7.05287983796053,0.866279617557571,1.22649989724159));
#7528=CARTESIAN_POINT('Origin',(-7.06461662777997,0.888353308789201,1.15149989128113));
#7529=CARTESIAN_POINT('',(-7.01766947150139,0.800058549503309,1.12649989128113));
#7530=CARTESIAN_POINT($,(-7.06461662777997,0.888353308789201,1.12649989128113));
#7531=CARTESIAN_POINT('',(-7.01766947150139,0.800058549503309,1.17649989128113));
#7532=CARTESIAN_POINT($,(-7.01766947150139,0.800058549503309,1.15149989128113));
#7533=CARTESIAN_POINT($,(-7.06461662777997,0.888353308789201,1.17649989128113));
#7534=CARTESIAN_POINT('Origin',(-6.97632186849408,0.93530046506779,1.12649989128113));
#7535=CARTESIAN_POINT('',(-6.8410799529296,0.893952862060487,1.12649989128113));
#7536=CARTESIAN_POINT($,(-6.88802710920819,0.982247621346379,1.12649989128113));
#7537=CARTESIAN_POINT($,(-6.92937471221549,0.847005705781898,1.12649989128113));
#7538=CARTESIAN_POINT('Origin',(-6.92937471221549,0.847005705781898,1.15149989128113));
#7539=CARTESIAN_POINT('',(-6.8410799529296,0.893952862060487,1.17649989128113));
#7540=CARTESIAN_POINT($,(-6.8410799529296,0.893952862060487,1.15149989128113));
#7541=CARTESIAN_POINT($,(-6.92937471221549,0.847005705781898,1.17649989128113));
#7542=CARTESIAN_POINT('Origin',(-6.97632186849408,0.93530046506779,1.17649989128113));
#7543=CARTESIAN_POINT($,(-6.88802710920819,0.982247621346379,1.17649989128113));
#7544=CARTESIAN_POINT('Origin',(-6.88802710920819,0.982247621346379,1.15149989128113));
#7545=CARTESIAN_POINT('Origin',(-6.51505563735962,0.966607388070128,1.51149988174438));
#7546=CARTESIAN_POINT('',(-6.51505563735962,0.971607388070128,1.51149987697601));
#7547=CARTESIAN_POINT('',(-6.51505563735962,0.961607388070128,1.51149987697601));
#7548=CARTESIAN_POINT($,(-6.51505563735962,0.968958758617888,1.51149987697601));
#7549=CARTESIAN_POINT('',(-6.51505563735962,0.971607388070128,1.50149988174438));
#7550=CARTESIAN_POINT($,(-6.51505563735962,0.971607388070128,1.51149988174438));
#7551=CARTESIAN_POINT('',(-6.51505563735962,0.961607388070128,1.50149988174438));
#7552=CARTESIAN_POINT($,(-6.51505563735962,0.966607388070128,1.50149988174438));
#7553=CARTESIAN_POINT($,(-6.51505563735962,0.961607388070128,1.51149988174438));
#7554=CARTESIAN_POINT('Origin',(-6.55505563735962,0.966607388070128,1.51149988174438));
#7555=CARTESIAN_POINT('',(-6.55505563735962,0.961607388070128,1.51149987697601));
#7556=CARTESIAN_POINT('',(-6.55505563735962,0.971607388070128,1.51149987697601));
#7557=CARTESIAN_POINT($,(-6.55505563735962,0.968958758617888,1.51149987697601));
#7558=CARTESIAN_POINT('',(-6.55505563735962,0.961607388070128,1.50149988174438));
#7559=CARTESIAN_POINT($,(-6.55505563735962,0.961607388070128,1.51149988174438));
#7560=CARTESIAN_POINT('',(-6.55505563735962,0.971607388070128,1.50149988174438));
#7561=CARTESIAN_POINT($,(-6.55505563735962,0.966607388070128,1.50149988174438));
#7562=CARTESIAN_POINT($,(-6.55505563735962,0.971607388070128,1.51149988174438));
#7563=CARTESIAN_POINT('Origin',(-6.53505563735962,0.961607388070128,1.51149988174438));
#7564=CARTESIAN_POINT('',(-6.54005563735962,0.961607388070128,1.51149987697601));
#7565=CARTESIAN_POINT($,(-6.53505563735962,0.961607388070128,1.51149987697601));
#7566=CARTESIAN_POINT('',(-6.54005563735962,0.961607388070128,1.50149988174438));
#7567=CARTESIAN_POINT($,(-6.54005563735962,0.961607388070128,1.51149988174438));
#7568=CARTESIAN_POINT($,(-6.53505563735962,0.961607388070128,1.50149988174438));
#7569=CARTESIAN_POINT('Origin',(-6.53505563735962,0.961607388070128,1.51149988174438));
#7570=CARTESIAN_POINT('',(-6.53005563735962,0.961607388070128,1.51149987697601));
#7571=CARTESIAN_POINT($,(-6.53505563735962,0.961607388070128,1.51149987697601));
#7572=CARTESIAN_POINT('',(-6.53005563735962,0.961607388070128,1.50149988174438));
#7573=CARTESIAN_POINT($,(-6.53505563735962,0.961607388070128,1.50149988174438));
#7574=CARTESIAN_POINT($,(-6.53005563735962,0.961607388070128,1.51149988174438));
#7575=CARTESIAN_POINT('Origin',(-6.53505563735962,0.971607388070128,1.51149988174438));
#7576=CARTESIAN_POINT('',(-6.54005563735962,0.971607388070128,1.51149987697601));
#7577=CARTESIAN_POINT($,(-6.53505563735962,0.971607388070128,1.51149987697601));
#7578=CARTESIAN_POINT('',(-6.54005563735962,0.971607388070128,1.50149988174438));
#7579=CARTESIAN_POINT($,(-6.53505563735962,0.971607388070128,1.50149988174438));
#7580=CARTESIAN_POINT($,(-6.54005563735962,0.971607388070128,1.51149988174438));
#7581=CARTESIAN_POINT('Origin',(-6.53505563735962,0.971607388070128,1.51149988174438));
#7582=CARTESIAN_POINT('',(-6.53005563735962,0.971607388070128,1.51149987697601));
#7583=CARTESIAN_POINT($,(-6.53505563735962,0.971607388070128,1.51149987697601));
#7584=CARTESIAN_POINT('',(-6.53005563735962,0.971607388070128,1.50149988174438));
#7585=CARTESIAN_POINT($,(-6.53005563735962,0.971607388070128,1.51149988174438));
#7586=CARTESIAN_POINT($,(-6.53505563735962,0.971607388070128,1.50149988174438));
#7587=CARTESIAN_POINT('Origin',(-6.53005563735962,0.966607388070128,1.51149988174438));
#7588=CARTESIAN_POINT('',(-6.53005563735962,0.946607388070128,1.50149988174438));
#7589=CARTESIAN_POINT($,(-6.53005563735962,0.966607388070128,1.50149988174438));
#7590=CARTESIAN_POINT('',(-6.53005563735962,0.946607388070128,1.51149987697601));
#7591=CARTESIAN_POINT($,(-6.53005563735962,0.946607388070128,1.51149988174438));
#7592=CARTESIAN_POINT($,(-6.53005563735962,0.968958758617888,1.51149987697601));
#7593=CARTESIAN_POINT('Origin',(-6.53505563735962,0.971310129165649,1.51149987697601));
#7594=CARTESIAN_POINT('',(-6.55505563735962,1.05131012916565,1.51149987697601));
#7595=CARTESIAN_POINT('',(-6.55505563735962,1.11997081663883,1.51149987697601));
#7596=CARTESIAN_POINT($,(-6.55505563735962,1.02131012916565,1.51149987697601));
#7597=CARTESIAN_POINT('',(-6.51505563735962,1.11997081663883,1.51149987697601));
#7598=CARTESIAN_POINT('Origin',(-6.53505563735962,0.971310129165649,1.51149987697601));
#7599=CARTESIAN_POINT('',(-6.51505563735962,1.05131012916565,1.51149987697601));
#7600=CARTESIAN_POINT($,(-6.51505563735962,1.02131012916565,1.51149987697601));
#7601=CARTESIAN_POINT($,(-6.53505563735962,1.05131012916565,1.51149987697601));
#7602=CARTESIAN_POINT('',(-6.54005563735962,0.946607388070128,1.51149987697601));
#7603=CARTESIAN_POINT($,(-6.53505563735962,0.946607388070128,1.51149987697601));
#7604=CARTESIAN_POINT($,(-6.54005563735962,0.968958758617888,1.51149987697601));
#7605=CARTESIAN_POINT('',(-6.54005563735962,0.986607388070127,1.51149987697601));
#7606=CARTESIAN_POINT($,(-6.54005563735962,0.968958758617888,1.51149987697601));
#7607=CARTESIAN_POINT('',(-6.53005563735962,0.986607388070127,1.51149987697601));
#7608=CARTESIAN_POINT($,(-6.53505563735962,0.986607388070127,1.51149987697601));
#7609=CARTESIAN_POINT($,(-6.53005563735962,0.968958758617888,1.51149987697601));
#7610=CARTESIAN_POINT('Origin',(-6.54005563735962,0.966607388070128,1.51149988174438));
#7611=CARTESIAN_POINT('',(-6.54005563735962,0.986607388070127,1.50149988174438));
#7612=CARTESIAN_POINT($,(-6.54005563735962,0.966607388070128,1.50149988174438));
#7613=CARTESIAN_POINT($,(-6.54005563735962,0.986607388070127,1.51149988174438));
#7614=CARTESIAN_POINT('Origin',(-6.53005563735962,0.966607388070128,1.51149988174438));
#7615=CARTESIAN_POINT('',(-6.53005563735962,0.986607388070127,1.50149988174438));
#7616=CARTESIAN_POINT($,(-6.53005563735962,0.986607388070127,1.51149988174438));
#7617=CARTESIAN_POINT($,(-6.53005563735962,0.966607388070128,1.50149988174438));
#7618=CARTESIAN_POINT('Origin',(-6.53505563735962,0.946607388070128,1.51149988174438));
#7619=CARTESIAN_POINT('',(-6.54005563735962,0.946607388070128,1.50149988174438));
#7620=CARTESIAN_POINT($,(-6.53505563735962,0.946607388070128,1.50149988174438));
#7621=CARTESIAN_POINT($,(-6.54005563735962,0.946607388070128,1.51149988174438));
#7622=CARTESIAN_POINT('Origin',(-6.53505563735962,0.966607388070128,1.50149988174438));
#7623=CARTESIAN_POINT($,(-6.53505563735962,0.986607388070127,1.50149988174438));
#7624=CARTESIAN_POINT($,(-6.54005563735962,0.966607388070128,1.50149988174438));
#7625=CARTESIAN_POINT('Origin',(-6.54005563735962,0.966607388070128,1.51149988174438));
#7626=CARTESIAN_POINT('Origin',(-6.53505563735962,0.986607388070127,1.51149988174438));
#7627=CARTESIAN_POINT('Origin',(-6.53505563735962,1.07131012916565,1.50149988174438));
#7628=CARTESIAN_POINT('',(-6.55505563735962,1.11997081663883,1.50149988174438));
#7629=CARTESIAN_POINT('',(-6.51505563735962,1.11997081663883,1.50149988174438));
#7630=CARTESIAN_POINT('Origin',(-6.53505563735962,0.971310129165649,1.50149988174438));
#7631=CARTESIAN_POINT('',(-6.55505563735962,1.05131012916565,1.50149988174438));
#7632=CARTESIAN_POINT($,(-6.55505563735962,1.07131012916565,1.50149988174438));
#7633=CARTESIAN_POINT('',(-6.51505563735962,1.05131012916565,1.50149988174438));
#7634=CARTESIAN_POINT($,(-6.53505563735962,1.05131012916565,1.50149988174438));
#7635=CARTESIAN_POINT($,(-6.51505563735962,1.07131012916565,1.50149988174438));
#7636=CARTESIAN_POINT('Origin',(-6.51505563735962,1.07131012916565,1.52149988174438));
#7637=CARTESIAN_POINT($,(-6.51505563735962,1.11997081663883,1.50149987697601));
#7638=CARTESIAN_POINT($,(-6.51505563735962,1.05131012916565,1.52149988174438));
#7639=CARTESIAN_POINT('Origin',(-6.53505563735962,1.05131012916565,1.52149988174438));
#7640=CARTESIAN_POINT($,(-6.55505563735962,1.05131012916565,1.52149988174438));
#7641=CARTESIAN_POINT('Origin',(-6.55505563735962,1.07131012916565,1.52149988174438));
#7642=CARTESIAN_POINT($,(-6.55505563735962,1.11997081663883,1.50149987697601));
#7643=CARTESIAN_POINT('Origin',(-6.53505563735962,0.971310129165649,1.50149987697601));
#7644=CARTESIAN_POINT('',(-6.38505563735962,0.971310129165649,1.49149987697601));
#7645=CARTESIAN_POINT('Origin',(-6.53505563735962,0.971310129165649,1.49149987697601));
#7646=CARTESIAN_POINT('Origin',(-6.53505563735962,0.971310129165649,1.49149987697601));
#7647=CARTESIAN_POINT('Origin',(-6.88505563735962,1.23131012916565,1.65150001049042));
#7648=CARTESIAN_POINT('',(-6.68410590074873,1.23131012916565,1.62871397625858));
#7649=CARTESIAN_POINT('',(-6.69963504345488,1.23131012916565,1.57075842668124));
#7650=CARTESIAN_POINT($,(-6.69187047210181,1.23131012916565,1.59973620146991));
#7651=CARTESIAN_POINT('',(-7.08600537397051,1.23131012916565,1.67428604472225));
#7652=CARTESIAN_POINT($,(-6.8928202087127,1.23131012916565,1.62252223570174));
#7653=CARTESIAN_POINT('',(-7.07047623126436,1.23131012916565,1.73224159429959));
#7654=CARTESIAN_POINT($,(-7.07824080261743,1.23131012916565,1.70326381951092));
#7655=CARTESIAN_POINT($,(-6.87729106600654,1.23131012916565,1.68047778527909));
#7656=CARTESIAN_POINT('Origin',(-6.88505563735962,0.731310129165649,1.65150001049042));
#7657=CARTESIAN_POINT('',(-6.69963504345488,0.731310129165649,1.57075842668124));
#7658=CARTESIAN_POINT('',(-6.68410590074873,0.731310129165649,1.62871397625858));
#7659=CARTESIAN_POINT($,(-6.69187047210181,0.731310129165649,1.59973620146991));
#7660=CARTESIAN_POINT('',(-7.07047623126436,0.731310129165649,1.73224159429959));
#7661=CARTESIAN_POINT($,(-6.87729106600654,0.731310129165649,1.68047778527909));
#7662=CARTESIAN_POINT('',(-7.08600537397051,0.731310129165649,1.67428604472225));
#7663=CARTESIAN_POINT($,(-7.07824080261743,0.731310129165649,1.70326381951092));
#7664=CARTESIAN_POINT($,(-6.8928202087127,0.731310129165649,1.62252223570174));
#7665=CARTESIAN_POINT('Origin',(-6.87729106600654,0.981310129165649,1.68047778527909));
#7666=CARTESIAN_POINT($,(-7.07047623126436,0.981310129165649,1.73224159429959));
#7667=CARTESIAN_POINT($,(-6.68410590074873,0.981310129165649,1.62871397625858));
#7668=CARTESIAN_POINT('Origin',(-7.07824080261743,0.981310129165649,1.70326381951092));
#7669=CARTESIAN_POINT($,(-7.08600537397051,0.981310129165649,1.67428604472225));
#7670=CARTESIAN_POINT('Origin',(-6.8928202087127,0.981310129165649,1.62252223570174));
#7671=CARTESIAN_POINT($,(-6.69963504345488,0.981310129165649,1.57075842668124));
#7672=CARTESIAN_POINT('Origin',(-6.69187047210181,0.981310129165649,1.59973620146991));
#7673=CARTESIAN_POINT('Origin',(-6.18505563735962,1.23131012916565,1.65150001049042));
#7674=CARTESIAN_POINT('',(-5.99963504345488,1.23131012916565,1.73224159429959));
#7675=CARTESIAN_POINT('',(-5.98410590074873,1.23131012916565,1.67428604472225));
#7676=CARTESIAN_POINT($,(-5.99187047210181,1.23131012916565,1.70326381951092));
#7677=CARTESIAN_POINT('',(-6.37047623126436,1.23131012916565,1.57075842668124));
#7678=CARTESIAN_POINT($,(-6.17729106600654,1.23131012916565,1.62252223570175));
#7679=CARTESIAN_POINT('',(-6.38600537397051,1.23131012916565,1.62871397625859));
#7680=CARTESIAN_POINT($,(-6.37824080261743,1.23131012916565,1.59973620146991));
#7681=CARTESIAN_POINT($,(-6.19282020871269,1.23131012916565,1.68047778527909));
#7682=CARTESIAN_POINT('Origin',(-6.18505563735962,0.731310129165649,1.65150001049042));
#7683=CARTESIAN_POINT('',(-5.98410590074873,0.731310129165649,1.67428604472225));
#7684=CARTESIAN_POINT('',(-5.99963504345488,0.731310129165649,1.73224159429959));
#7685=CARTESIAN_POINT($,(-5.99187047210181,0.731310129165649,1.70326381951092));
#7686=CARTESIAN_POINT('',(-6.38600537397051,0.731310129165649,1.62871397625859));
#7687=CARTESIAN_POINT($,(-6.19282020871269,0.731310129165649,1.68047778527909));
#7688=CARTESIAN_POINT('',(-6.37047623126436,0.731310129165649,1.57075842668124));
#7689=CARTESIAN_POINT($,(-6.37824080261743,0.731310129165649,1.59973620146991));
#7690=CARTESIAN_POINT($,(-6.17729106600654,0.731310129165649,1.62252223570175));
#7691=CARTESIAN_POINT('Origin',(-6.19282020871269,0.981310129165649,1.68047778527909));
#7692=CARTESIAN_POINT($,(-6.38600537397051,0.981310129165649,1.62871397625859));
#7693=CARTESIAN_POINT($,(-5.99963504345488,0.981310129165649,1.73224159429959));
#7694=CARTESIAN_POINT('Origin',(-6.37824080261743,0.981310129165649,1.59973620146991));
#7695=CARTESIAN_POINT($,(-6.37047623126436,0.981310129165649,1.57075842668124));
#7696=CARTESIAN_POINT('Origin',(-6.17729106600654,0.981310129165649,1.62252223570175));
#7697=CARTESIAN_POINT($,(-5.98410590074873,0.981310129165649,1.67428604472225));
#7698=CARTESIAN_POINT('Origin',(-5.99187047210181,0.981310129165649,1.70326381951092));
#7699=CARTESIAN_POINT('Origin',(-6.78505563735962,0.718810176849365,1.85582772999719));
#7700=CARTESIAN_POINT('',(-6.63505563735962,0.731310176849365,1.70582766532898));
#7701=CARTESIAN_POINT('',(-6.93505563735962,0.731310176849365,2.00582772999719));
#7702=CARTESIAN_POINT($,(-6.69647370748293,0.731310176849365,1.7672458001205));
#7703=CARTESIAN_POINT('',(-6.93505563735962,0.681310176849365,2.00582772999719));
#7704=CARTESIAN_POINT($,(-6.93505563735962,0.718810176849365,2.00582772999719));
#7705=CARTESIAN_POINT('',(-6.63505563735962,0.681310176849365,1.70582766532898));
#7706=CARTESIAN_POINT($,(-6.69647370748293,0.681310176849365,1.7672458001205));
#7707=CARTESIAN_POINT($,(-6.63505563735962,0.731310176849365,1.70582766532898));
#7708=CARTESIAN_POINT('Origin',(-6.53505563735962,0.681310176849365,1.75150001049042));
#7709=CARTESIAN_POINT('',(-7.06466569677867,0.681310176849365,2.00582772999719));
#7710=CARTESIAN_POINT($,(-6.53505563735962,0.681310176849365,2.00582772999719));
#7711=CARTESIAN_POINT('',(-7.08938335686639,0.681310176849365,1.98111006990947));
#7712=CARTESIAN_POINT($,(-6.92702452682253,0.681310176849365,2.14346889995333));
#7713=CARTESIAN_POINT('',(-7.08938335686639,0.681310176849365,1.52188995107136));
#7714=CARTESIAN_POINT($,(-7.08938335686639,0.681310176849365,1.75150001049042));
#7715=CARTESIAN_POINT('',(-6.76466569677867,0.681310176849365,1.19717229098365));
#7716=CARTESIAN_POINT($,(-6.92702452682253,0.681310176849365,1.3595311210275));
#7717=CARTESIAN_POINT('',(-6.30544557794057,0.681310176849365,1.19717229098365));
#7718=CARTESIAN_POINT($,(-6.53505563735962,0.681310176849365,1.19717229098365));
#7719=CARTESIAN_POINT('',(-5.98072791785285,0.681310176849365,1.52188995107136));
#7720=CARTESIAN_POINT($,(-6.14308674789671,0.681310176849365,1.3595311210275));
#7721=CARTESIAN_POINT('',(-5.98072791785285,0.681310176849365,1.98111006990947));
#7722=CARTESIAN_POINT($,(-5.98072791785285,0.681310176849365,1.75150001049042));
#7723=CARTESIAN_POINT('',(-6.00544557794057,0.681310176849365,2.00582772999719));
#7724=CARTESIAN_POINT($,(-6.14308674789671,0.681310176849365,2.14346889995333));
#7725=CARTESIAN_POINT('',(-6.13505563735962,0.681310176849365,2.00582772999719));
#7726=CARTESIAN_POINT($,(-6.53505563735962,0.681310176849365,2.00582772999719));
#7727=CARTESIAN_POINT('',(-6.43505563735962,0.681310176849365,1.70582766532898));
#7728=CARTESIAN_POINT($,(-6.37363756723631,0.681310176849365,1.7672458001205));
#7729=CARTESIAN_POINT($,(-6.53505563735962,0.681310176849365,1.70582766532898));
#7730=CARTESIAN_POINT('',(-6.73505563735962,0.681310176849365,1.53150001049042));
#7731=CARTESIAN_POINT('',(-6.33505563735962,0.681310176849365,1.53150001049042));
#7732=CARTESIAN_POINT($,(-6.53505563735962,0.681310176849365,1.53150001049042));
#7733=CARTESIAN_POINT('',(-6.33505563735962,0.681310176849365,1.47150001049042));
#7734=CARTESIAN_POINT($,(-6.33505563735962,0.681310176849365,1.62650001049042));
#7735=CARTESIAN_POINT('',(-6.73505563735962,0.681310176849365,1.47150001049042));
#7736=CARTESIAN_POINT($,(-6.53505563735962,0.681310176849365,1.47150001049042));
#7737=CARTESIAN_POINT($,(-6.73505563735962,0.681310176849365,1.62650001049042));
#7738=CARTESIAN_POINT('Origin',(-6.28505563735962,0.718810176849365,1.85582772999719));
#7739=CARTESIAN_POINT('',(-6.13505563735962,0.731310176849365,2.00582772999719));
#7740=CARTESIAN_POINT($,(-6.13505563735962,0.718810176849365,2.00582772999719));
#7741=CARTESIAN_POINT('',(-6.43505563735962,0.731310176849365,1.70582766532898));
#7742=CARTESIAN_POINT($,(-6.37363756723631,0.731310176849365,1.7672458001205));
#7743=CARTESIAN_POINT($,(-6.43505563735962,0.731310176849365,1.70582766532898));
#7744=CARTESIAN_POINT('Origin',(-6.53505563735962,0.731310176849365,1.70582766532898));
#7745=CARTESIAN_POINT($,(-6.53505563735962,0.731310176849365,1.70582766532898));
#7746=CARTESIAN_POINT('Origin',(-6.53505563735962,0.731310176849365,1.75150001049042));
#7747=CARTESIAN_POINT('',(-6.00544557794057,0.731310176849365,2.00582772999719));
#7748=CARTESIAN_POINT($,(-6.53505563735962,0.731310176849365,2.00582772999719));
#7749=CARTESIAN_POINT('',(-5.98072791785285,0.731310176849365,1.98111006990947));
#7750=CARTESIAN_POINT($,(-6.14308674789671,0.731310176849365,2.14346889995333));
#7751=CARTESIAN_POINT('',(-5.98072791785285,0.731310176849365,1.52188995107136));
#7752=CARTESIAN_POINT($,(-5.98072791785285,0.731310176849365,1.75150001049042));
#7753=CARTESIAN_POINT('',(-6.30544557794057,0.731310176849365,1.19717229098365));
#7754=CARTESIAN_POINT($,(-6.14308674789671,0.731310176849365,1.3595311210275));
#7755=CARTESIAN_POINT('',(-6.76466569677867,0.731310176849365,1.19717229098365));
#7756=CARTESIAN_POINT($,(-6.53505563735962,0.731310176849365,1.19717229098365));
#7757=CARTESIAN_POINT('',(-7.08938335686639,0.731310176849365,1.52188995107136));
#7758=CARTESIAN_POINT($,(-6.92702452682253,0.731310176849365,1.3595311210275));
#7759=CARTESIAN_POINT('',(-7.08938335686639,0.731310176849365,1.98111006990947));
#7760=CARTESIAN_POINT($,(-7.08938335686639,0.731310176849365,1.75150001049042));
#7761=CARTESIAN_POINT('',(-7.06466569677867,0.731310176849365,2.00582772999719));
#7762=CARTESIAN_POINT($,(-6.92702452682253,0.731310176849365,2.14346889995333));
#7763=CARTESIAN_POINT($,(-6.53505563735962,0.731310176849365,2.00582772999719));
#7764=CARTESIAN_POINT('',(-6.33505563735962,0.731310176849365,1.53150001049042));
#7765=CARTESIAN_POINT('',(-6.73505563735962,0.731310176849365,1.53150001049042));
#7766=CARTESIAN_POINT($,(-6.53505563735962,0.731310176849365,1.53150001049042));
#7767=CARTESIAN_POINT('',(-6.73505563735962,0.731310176849365,1.47150001049042));
#7768=CARTESIAN_POINT($,(-6.73505563735962,0.731310176849365,1.62650001049042));
#7769=CARTESIAN_POINT('',(-6.33505563735962,0.731310176849365,1.47150001049042));
#7770=CARTESIAN_POINT($,(-6.53505563735962,0.731310176849365,1.47150001049042));
#7771=CARTESIAN_POINT($,(-6.33505563735962,0.731310176849365,1.62650001049042));
#7772=CARTESIAN_POINT('Origin',(-6.53505563735962,0.706310176849365,2.00582772999719));
#7773=CARTESIAN_POINT($,(-6.00544557794057,0.706310176849365,2.00582772999719));
#7774=CARTESIAN_POINT('Origin',(-6.53505563735962,0.681310129165649,1.47150001049042));
#7775=CARTESIAN_POINT($,(-6.73505563735962,0.681310129165649,1.47150001049042));
#7776=CARTESIAN_POINT($,(-6.33505563735962,0.681310129165649,1.47150001049042));
#7777=CARTESIAN_POINT('Origin',(-6.33505563735962,0.681310129165649,1.50150001049042));
#7778=CARTESIAN_POINT($,(-6.33505563735962,0.681310129165649,1.53150001049042));
#7779=CARTESIAN_POINT('Origin',(-6.53505563735962,0.681310129165649,1.53150001049042));
#7780=CARTESIAN_POINT($,(-6.73505563735962,0.681310129165649,1.53150001049042));
#7781=CARTESIAN_POINT('Origin',(-6.73505563735962,0.681310129165649,1.50150001049042));
#7782=CARTESIAN_POINT('Origin',(-6.14308674789671,0.706310176849365,2.14346889995333));
#7783=CARTESIAN_POINT($,(-5.98072791785285,0.706310176849365,1.98111006990947));
#7784=CARTESIAN_POINT('Origin',(-6.53505563735962,0.706310176849365,2.00582772999719));
#7785=CARTESIAN_POINT($,(-7.06466569677867,0.706310176849365,2.00582772999719));
#7786=CARTESIAN_POINT('Origin',(-6.92702452682253,0.706310176849365,2.14346889995333));
#7787=CARTESIAN_POINT($,(-7.08938335686639,0.706310176849365,1.98111006990947));
#7788=CARTESIAN_POINT('Origin',(-7.08938335686639,0.706310176849365,1.75150001049042));
#7789=CARTESIAN_POINT($,(-7.08938335686639,0.706310176849365,1.52188995107136));
#7790=CARTESIAN_POINT('Origin',(-6.92702452682253,0.706310176849365,1.3595311210275));
#7791=CARTESIAN_POINT($,(-6.76466569677867,0.706310176849365,1.19717229098365));
#7792=CARTESIAN_POINT('Origin',(-6.53505563735962,0.706310176849365,1.19717229098365));
#7793=CARTESIAN_POINT($,(-6.30544557794057,0.706310176849365,1.19717229098365));
#7794=CARTESIAN_POINT('Origin',(-6.14308674789671,0.706310176849365,1.3595311210275));
#7795=CARTESIAN_POINT($,(-5.98072791785285,0.706310176849365,1.52188995107136));
#7796=CARTESIAN_POINT('Origin',(-5.98072791785285,0.706310176849365,1.75150001049042));
#7797=CARTESIAN_POINT('Origin',(-7.12354644008765,1.23385141372681,1.72736510939777));
#7798=CARTESIAN_POINT('',(-7.16189216020374,1.23385141372681,1.78940362315657));
#7799=CARTESIAN_POINT('',(-7.18777406471399,1.23385141372681,1.69281104052766));
#7800=CARTESIAN_POINT($,(-7.17483311245887,1.23385141372681,1.74110733184211));
#7801=CARTESIAN_POINT('',(-7.06230919651807,1.23385141372681,1.76272044845709));
#7802=CARTESIAN_POINT($,(-7.11060548783252,1.23385141372681,1.77566140071222));
#7803=CARTESIAN_POINT('',(-7.08819110102832,1.23385141372681,1.66612786582819));
#7804=CARTESIAN_POINT($,(-7.07525014877319,1.23385141372681,1.71442415714264));
#7805=CARTESIAN_POINT($,(-7.13648739234277,1.23385141372681,1.67906881808331));
#7806=CARTESIAN_POINT('Origin',(-7.13648739234277,1.18385141372681,1.67906881808331));
#7807=CARTESIAN_POINT('',(-7.18777406471399,1.13385141372681,1.69281104052766));
#7808=CARTESIAN_POINT($,(-7.18777406471399,1.18385141372681,1.69281104052766));
#7809=CARTESIAN_POINT('',(-7.08819110102832,1.13385141372681,1.66612786582819));
#7810=CARTESIAN_POINT($,(-7.08819110102832,1.18385141372681,1.66612786582819));
#7811=CARTESIAN_POINT($,(-7.13648739234277,1.13385141372681,1.67906881808331));
#7812=CARTESIAN_POINT('Origin',(-7.07525014877319,1.18385141372681,1.71442415714264));
#7813=CARTESIAN_POINT('',(-7.06230919651807,1.13385141372681,1.76272044845709));
#7814=CARTESIAN_POINT($,(-7.06230919651807,1.18385141372681,1.76272044845709));
#7815=CARTESIAN_POINT($,(-7.07525014877319,1.13385141372681,1.71442415714264));
#7816=CARTESIAN_POINT('Origin',(-7.12354644008765,1.13385141372681,1.72736510939777));
#7817=CARTESIAN_POINT('',(-7.16189216020374,1.13385141372681,1.78940362315657));
#7818=CARTESIAN_POINT($,(-7.17483311245887,1.13385141372681,1.74110733184211));
#7819=CARTESIAN_POINT($,(-7.11060548783252,1.13385141372681,1.77566140071222));
#7820=CARTESIAN_POINT('Origin',(-7.11060548783252,1.18385141372681,1.77566140071222));
#7821=CARTESIAN_POINT($,(-7.16189216020374,1.18385141372681,1.78940362315657));
#7822=CARTESIAN_POINT('Origin',(-7.17483311245887,1.18385141372681,1.74110733184211));
#7823=CARTESIAN_POINT('Origin',(-7.17483311245887,1.18385141372681,1.74110733184211));
#7824=CARTESIAN_POINT('',(-7.18777406471399,1.13385141372681,1.69281104052766));
#7825=CARTESIAN_POINT('',(-7.16189216020374,1.13385141372681,1.78940362315657));
#7826=CARTESIAN_POINT($,(-7.17483311245887,1.13385141372681,1.74110733184211));
#7827=CARTESIAN_POINT('',(-7.18777406471399,1.23385141372681,1.69281104052766));
#7828=CARTESIAN_POINT($,(-7.18777406471399,1.18385141372681,1.69281104052766));
#7829=CARTESIAN_POINT('',(-7.16189216020374,1.23385141372681,1.78940362315657));
#7830=CARTESIAN_POINT($,(-7.17483311245887,1.23385141372681,1.74110733184211));
#7831=CARTESIAN_POINT($,(-7.16189216020374,1.18385141372681,1.78940362315657));
#7832=CARTESIAN_POINT('Origin',(-7.12354644008765,1.23385141372681,1.72736510939777));
#7833=CARTESIAN_POINT('',(-7.20410220018301,1.23385141372681,1.69718615124049));
#7834=CARTESIAN_POINT($,(-7.13648739234277,1.23385141372681,1.67906881808331));
#7835=CARTESIAN_POINT('',(-7.17822029567276,1.23385141372681,1.7937787338694));
#7836=CARTESIAN_POINT($,(-7.19116124792788,1.23385141372681,1.74548244255494));
#7837=CARTESIAN_POINT($,(-7.11060548783252,1.23385141372681,1.77566140071222));
#7838=CARTESIAN_POINT('Origin',(-7.13648739234277,1.18385141372681,1.67906881808331));
#7839=CARTESIAN_POINT('',(-7.20410220018301,1.13385141372681,1.69718615124049));
#7840=CARTESIAN_POINT($,(-7.13648739234277,1.13385141372681,1.67906881808331));
#7841=CARTESIAN_POINT($,(-7.20410220018301,1.18385141372681,1.69718615124049));
#7842=CARTESIAN_POINT('Origin',(-7.19116124792788,1.18385141372681,1.74548244255494));
#7843=CARTESIAN_POINT('',(-7.17822029567276,1.13385141372681,1.7937787338694));
#7844=CARTESIAN_POINT($,(-7.17822029567276,1.18385141372681,1.79377873386939));
#7845=CARTESIAN_POINT($,(-7.19116124792788,1.13385141372681,1.74548244255494));
#7846=CARTESIAN_POINT('Origin',(-7.12354644008765,1.13385141372681,1.72736510939777));
#7847=CARTESIAN_POINT($,(-7.11060548783252,1.13385141372681,1.77566140071222));
#7848=CARTESIAN_POINT('Origin',(-7.11060548783252,1.18385141372681,1.77566140071222));
#7849=CARTESIAN_POINT('Origin',(-7.16855875374214,0.69387369633326,0.626500010490417));
#7850=CARTESIAN_POINT('',(-7.16855875374214,0.66887369633326,1.07650000000004));
#7851=CARTESIAN_POINT('',(-7.16855875374214,0.71887369633326,1.07650000000004));
#7852=CARTESIAN_POINT($,(-7.16855875374214,3.25152507689925,1.07650000000004));
#7853=CARTESIAN_POINT('',(-7.16855875374214,0.66887369633326,0.126500010490417));
#7854=CARTESIAN_POINT($,(-7.16855875374214,0.66887369633326,0.626500010490417));
#7855=CARTESIAN_POINT('',(-7.16855875374214,0.71887369633326,0.126500010490417));
#7856=CARTESIAN_POINT($,(-7.16855875374214,0.69387369633326,0.126500010490417));
#7857=CARTESIAN_POINT($,(-7.16855875374214,0.71887369633326,0.626500010490417));
#7858=CARTESIAN_POINT('Origin',(-7.19355875374214,0.66887369633326,0.626500010490417));
#7859=CARTESIAN_POINT('',(-7.21855875374214,0.66887369633326,1.07650000000004));
#7860=CARTESIAN_POINT($,(-6.98721802188936,0.66887369633326,1.07650000000004));
#7861=CARTESIAN_POINT('',(-7.21855875374214,0.66887369633326,0.126500010490417));
#7862=CARTESIAN_POINT($,(-7.21855875374214,0.66887369633326,0.626500010490417));
#7863=CARTESIAN_POINT($,(-7.19355875374214,0.66887369633326,0.126500010490417));
#7864=CARTESIAN_POINT('Origin',(-7.19355875374214,0.69387369633326,0.126500010490417));
#7865=CARTESIAN_POINT('',(-7.21855875374214,0.71887369633326,0.126500010490417));
#7866=CARTESIAN_POINT($,(-7.21855875374214,0.69387369633326,0.126500010490417));
#7867=CARTESIAN_POINT($,(-7.19355875374214,0.71887369633326,0.126500010490417));
#7868=CARTESIAN_POINT('Origin',(-7.21855875374214,0.69387369633326,0.626500010490417));
#7869=CARTESIAN_POINT('',(-7.21855875374214,0.71887369633326,1.07650000000004));
#7870=CARTESIAN_POINT($,(-7.21855875374214,3.25152507689925,1.07650000000004));
#7871=CARTESIAN_POINT($,(-7.21855875374214,0.71887369633326,0.626500010490417));
#7872=CARTESIAN_POINT('Origin',(-7.19355875374214,0.71887369633326,0.626500010490417));
#7873=CARTESIAN_POINT($,(-6.98721802188936,0.71887369633326,1.07650000000004));
#7874=CARTESIAN_POINT('Origin',(-7.56855875374214,0.69387369633326,0.626500010490417));
#7875=CARTESIAN_POINT('',(-7.56855875374214,0.66887369633326,1.07650000000004));
#7876=CARTESIAN_POINT('',(-7.56855875374214,0.71887369633326,1.07650000000004));
#7877=CARTESIAN_POINT($,(-7.56855875374214,3.25152507689925,1.07650000000004));
#7878=CARTESIAN_POINT('',(-7.56855875374214,0.66887369633326,0.126500010490417));
#7879=CARTESIAN_POINT($,(-7.56855875374214,0.66887369633326,0.626500010490417));
#7880=CARTESIAN_POINT('',(-7.56855875374214,0.71887369633326,0.126500010490417));
#7881=CARTESIAN_POINT($,(-7.56855875374214,0.69387369633326,0.126500010490417));
#7882=CARTESIAN_POINT($,(-7.56855875374214,0.71887369633326,0.626500010490417));
#7883=CARTESIAN_POINT('Origin',(-7.59355875374214,0.66887369633326,0.626500010490417));
#7884=CARTESIAN_POINT('',(-7.61855875374214,0.66887369633326,1.07650000000004));
#7885=CARTESIAN_POINT($,(-7.18721802188936,0.66887369633326,1.07650000000004));
#7886=CARTESIAN_POINT('',(-7.61855875374214,0.66887369633326,0.126500010490417));
#7887=CARTESIAN_POINT($,(-7.61855875374214,0.66887369633326,0.626500010490417));
#7888=CARTESIAN_POINT($,(-7.59355875374214,0.66887369633326,0.126500010490417));
#7889=CARTESIAN_POINT('Origin',(-7.59355875374214,0.69387369633326,0.126500010490417));
#7890=CARTESIAN_POINT('',(-7.61855875374214,0.71887369633326,0.126500010490417));
#7891=CARTESIAN_POINT($,(-7.61855875374214,0.69387369633326,0.126500010490417));
#7892=CARTESIAN_POINT($,(-7.59355875374214,0.71887369633326,0.126500010490417));
#7893=CARTESIAN_POINT('Origin',(-7.61855875374214,0.69387369633326,0.626500010490417));
#7894=CARTESIAN_POINT('',(-7.61855875374214,0.71887369633326,1.07650000000004));
#7895=CARTESIAN_POINT($,(-7.61855875374214,3.25152507689925,1.07650000000004));
#7896=CARTESIAN_POINT($,(-7.61855875374214,0.71887369633326,0.626500010490417));
#7897=CARTESIAN_POINT('Origin',(-7.59355875374214,0.71887369633326,0.626500010490417));
#7898=CARTESIAN_POINT($,(-7.18721802188936,0.71887369633326,1.07650000000004));
#7899=CARTESIAN_POINT('Origin',(-7.56855875374214,1.09387369633326,0.626500010490417));
#7900=CARTESIAN_POINT('',(-7.56855875374214,1.06887369633326,1.07650000000004));
#7901=CARTESIAN_POINT('',(-7.56855875374214,1.11887369633326,1.07650000000004));
#7902=CARTESIAN_POINT($,(-7.56855875374214,3.45152507689925,1.07650000000004));
#7903=CARTESIAN_POINT('',(-7.56855875374214,1.06887369633326,0.126500010490417));
#7904=CARTESIAN_POINT($,(-7.56855875374214,1.06887369633326,0.626500010490417));
#7905=CARTESIAN_POINT('',(-7.56855875374214,1.11887369633326,0.126500010490417));
#7906=CARTESIAN_POINT($,(-7.56855875374214,1.09387369633326,0.126500010490417));
#7907=CARTESIAN_POINT($,(-7.56855875374214,1.11887369633326,0.626500010490417));
#7908=CARTESIAN_POINT('Origin',(-7.59355875374214,1.06887369633326,0.626500010490417));
#7909=CARTESIAN_POINT('',(-7.61855875374214,1.06887369633326,1.07650000000004));
#7910=CARTESIAN_POINT($,(-7.18721802188936,1.06887369633326,1.07650000000004));
#7911=CARTESIAN_POINT('',(-7.61855875374214,1.06887369633326,0.126500010490417));
#7912=CARTESIAN_POINT($,(-7.61855875374214,1.06887369633326,0.626500010490417));
#7913=CARTESIAN_POINT($,(-7.59355875374214,1.06887369633326,0.126500010490417));
#7914=CARTESIAN_POINT('Origin',(-7.59355875374214,1.09387369633326,0.126500010490417));
#7915=CARTESIAN_POINT('',(-7.61855875374214,1.11887369633326,0.126500010490417));
#7916=CARTESIAN_POINT($,(-7.61855875374214,1.09387369633326,0.126500010490417));
#7917=CARTESIAN_POINT($,(-7.59355875374214,1.11887369633326,0.126500010490417));
#7918=CARTESIAN_POINT('Origin',(-7.61855875374214,1.09387369633326,0.626500010490417));
#7919=CARTESIAN_POINT('',(-7.61855875374214,1.11887369633326,1.07650000000004));
#7920=CARTESIAN_POINT($,(-7.61855875374214,3.45152507689925,1.07650000000004));
#7921=CARTESIAN_POINT($,(-7.61855875374214,1.11887369633326,0.626500010490417));
#7922=CARTESIAN_POINT('Origin',(-7.59355875374214,1.11887369633326,0.626500010490417));
#7923=CARTESIAN_POINT($,(-7.18721802188936,1.11887369633326,1.07650000000004));
#7924=CARTESIAN_POINT('Origin',(-6.78087729003658,5.80917645746524,1.07650000000004));
#7925=CARTESIAN_POINT('',(-7.14755875374215,0.613873696333266,1.07650000000004));
#7926=CARTESIAN_POINT('',(-7.63955875374213,0.613873696333266,1.07650000000004));
#7927=CARTESIAN_POINT($,(-7.04755875374215,0.613873696333266,1.07650000000004));
#7928=CARTESIAN_POINT('',(-7.63955875374213,1.17387369633325,1.07650000000004));
#7929=CARTESIAN_POINT($,(-7.63955875374213,0.613873696333266,1.07650000000004));
#7930=CARTESIAN_POINT('',(-7.14755875374215,1.17387369633325,1.07650000000004));
#7931=CARTESIAN_POINT($,(-7.63955875374213,1.17387369633325,1.07650000000004));
#7932=CARTESIAN_POINT($,(-7.14755875374215,3.21152507689925,1.07650000000004));
#7933=CARTESIAN_POINT('',(-7.16855875374214,1.06887369633326,1.07650000000004));
#7934=CARTESIAN_POINT('',(-7.21855875374214,1.06887369633326,1.07650000000004));
#7935=CARTESIAN_POINT($,(-6.98721802188936,1.06887369633326,1.07650000000004));
#7936=CARTESIAN_POINT('',(-7.16855875374214,1.11887369633326,1.07650000000004));
#7937=CARTESIAN_POINT($,(-7.16855875374214,3.45152507689925,1.07650000000004));
#7938=CARTESIAN_POINT('',(-7.21855875374214,1.11887369633326,1.07650000000004));
#7939=CARTESIAN_POINT($,(-6.98721802188936,1.11887369633326,1.07650000000004));
#7940=CARTESIAN_POINT($,(-7.21855875374214,3.45152507689925,1.07650000000004));
#7941=CARTESIAN_POINT('Origin',(-7.63955875374213,1.17387369633325,1.07650000000004));
#7942=CARTESIAN_POINT('',(-7.63955875374213,0.613873696333266,1.12650000000003));
#7943=CARTESIAN_POINT($,(-7.63955875374213,0.613873696333266,1.07650000000004));
#7944=CARTESIAN_POINT('',(-7.63955875374213,1.17387369633325,1.12650000000003));
#7945=CARTESIAN_POINT($,(-7.63955875374213,3.49152507689925,1.12650000000003));
#7946=CARTESIAN_POINT($,(-7.63955875374213,1.17387369633325,1.07650000000004));
#7947=CARTESIAN_POINT('Origin',(-7.04755875374215,1.17387369633325,1.07650000000004));
#7948=CARTESIAN_POINT('',(-7.14755875374215,1.17387369633325,1.12650000000003));
#7949=CARTESIAN_POINT($,(-6.91421802188937,1.17387369633325,1.12650000000003));
#7950=CARTESIAN_POINT($,(-7.14755875374215,1.17387369633325,1.07650000000004));
#7951=CARTESIAN_POINT('Origin',(-7.14755875374215,0.613873696333266,1.07650000000004));
#7952=CARTESIAN_POINT('',(-7.14755875374215,0.613873696333266,1.12650000000003));
#7953=CARTESIAN_POINT($,(-7.14755875374215,3.21152507689925,1.12650000000003));
#7954=CARTESIAN_POINT($,(-7.14755875374215,0.613873696333266,1.07650000000004));
#7955=CARTESIAN_POINT('Origin',(-7.63955875374213,0.613873696333266,1.07650000000004));
#7956=CARTESIAN_POINT($,(-7.21021802188935,0.613873696333266,1.12650000000003));
#7957=CARTESIAN_POINT('Origin',(-7.19355875374214,1.11887369633326,0.626500010490417));
#7958=CARTESIAN_POINT('',(-7.16855875374214,1.11887369633326,0.126500010490417));
#7959=CARTESIAN_POINT($,(-7.16855875374214,1.11887369633326,0.626500010490417));
#7960=CARTESIAN_POINT('',(-7.21855875374214,1.11887369633326,0.126500010490417));
#7961=CARTESIAN_POINT($,(-7.19355875374214,1.11887369633326,0.126500010490417));
#7962=CARTESIAN_POINT($,(-7.21855875374214,1.11887369633326,0.626500010490417));
#7963=CARTESIAN_POINT('Origin',(-7.16855875374214,1.09387369633326,0.626500010490417));
#7964=CARTESIAN_POINT('',(-7.16855875374214,1.06887369633326,0.126500010490417));
#7965=CARTESIAN_POINT($,(-7.16855875374214,1.06887369633326,0.626500010490417));
#7966=CARTESIAN_POINT($,(-7.16855875374214,1.09387369633326,0.126500010490417));
#7967=CARTESIAN_POINT('Origin',(-7.19355875374214,1.09387369633326,1.12650001049042));
#7968=CARTESIAN_POINT('Origin',(-7.19355875374214,1.09387369633326,0.126500010490417));
#7969=CARTESIAN_POINT('',(-7.21855875374214,1.06887369633326,0.126500010490417));
#7970=CARTESIAN_POINT($,(-7.19355875374214,1.06887369633326,0.126500010490417));
#7971=CARTESIAN_POINT($,(-7.21855875374214,1.09387369633326,0.126500010490417));
#7972=CARTESIAN_POINT('Origin',(-7.19355875374214,1.06887369633326,0.626500010490417));
#7973=CARTESIAN_POINT($,(-7.21855875374214,1.06887369633326,0.626500010490417));
#7974=CARTESIAN_POINT('Origin',(-7.21855875374214,1.09387369633326,0.626500010490417));
#7975=CARTESIAN_POINT('Origin',(-7.34530687332153,0.997958183288574,1.17650001049042));
#7976=CARTESIAN_POINT('',(-7.19530687332153,0.897958183288574,1.17650001049042));
#7977=CARTESIAN_POINT('',(-7.19530687332153,1.09795818328857,1.17650001049042));
#7978=CARTESIAN_POINT($,(-7.19530687332153,0.997958183288574,1.17650001049042));
#7979=CARTESIAN_POINT('',(-7.49530687332153,1.09795818328857,1.17650001049042));
#7980=CARTESIAN_POINT($,(-7.34530687332153,1.09795818328857,1.17650001049042));
#7981=CARTESIAN_POINT('',(-7.49530687332153,0.897958183288574,1.17650001049042));
#7982=CARTESIAN_POINT($,(-7.49530687332153,0.997958183288574,1.17650001049042));
#7983=CARTESIAN_POINT($,(-7.34530687332153,0.897958183288574,1.17650001049042));
#7984=CARTESIAN_POINT('Origin',(-7.34530687332153,0.997958183288574,1.12650001049042));
#7985=CARTESIAN_POINT('',(-7.19530687332153,1.09795818328857,1.12650001049042));
#7986=CARTESIAN_POINT('',(-7.19530687332153,0.897958183288574,1.12650001049042));
#7987=CARTESIAN_POINT($,(-7.19530687332153,0.997958183288574,1.12650001049042));
#7988=CARTESIAN_POINT('',(-7.49530687332153,0.897958183288574,1.12650001049042));
#7989=CARTESIAN_POINT($,(-7.34530687332153,0.897958183288574,1.12650001049042));
#7990=CARTESIAN_POINT('',(-7.49530687332153,1.09795818328857,1.12650001049042));
#7991=CARTESIAN_POINT($,(-7.49530687332153,0.997958183288574,1.12650001049042));
#7992=CARTESIAN_POINT($,(-7.34530687332153,1.09795818328857,1.12650001049042));
#7993=CARTESIAN_POINT('Origin',(-7.34530687332153,0.897958183288574,1.15150001049042));
#7994=CARTESIAN_POINT($,(-7.49530687332153,0.897958183288574,1.15150001049042));
#7995=CARTESIAN_POINT($,(-7.19530687332153,0.897958183288574,1.15150001049042));
#7996=CARTESIAN_POINT('Origin',(-7.49530687332153,0.997958183288574,1.15150001049042));
#7997=CARTESIAN_POINT($,(-7.49530687332153,1.09795818328857,1.15150001049042));
#7998=CARTESIAN_POINT('Origin',(-7.34530687332153,1.09795818328857,1.15150001049042));
#7999=CARTESIAN_POINT($,(-7.19530687332153,1.09795818328857,1.15150001049042));
#8000=CARTESIAN_POINT('Origin',(-7.19530687332153,0.997958183288574,1.15150001049042));
#8001=CARTESIAN_POINT('Origin',(-7.56633615493774,0.982622683048248,1.12650001049042));
#8002=CARTESIAN_POINT('',(-7.56633615493774,1.02262268304825,1.12650001049042));
#8003=CARTESIAN_POINT('Origin',(-7.56633615493774,0.982622683048248,1.12650001049042));
#8004=CARTESIAN_POINT('Origin',(-7.56633615493774,0.982622683048248,1.12650001049042));
#8005=CARTESIAN_POINT('Origin',(-7.39355875374214,1.57387369633326,0.726500082015991));
#8006=CARTESIAN_POINT('',(-7.19355875374214,1.59387369633326,0.726500005245225));
#8007=CARTESIAN_POINT('',(-7.59355875374214,1.59387369633326,0.726500005245225));
#8008=CARTESIAN_POINT($,(-7.00385084166669,1.59387369633326,0.726500005245225));
#8009=CARTESIAN_POINT('',(-7.59355875374214,1.59887369633326,0.726500082015991));
#8010=CARTESIAN_POINT($,(-7.59355875374214,1.57387369633326,0.726500082015991));
#8011=CARTESIAN_POINT('',(-7.19355875374214,1.59887369633326,0.726500082015991));
#8012=CARTESIAN_POINT($,(-7.39355875374214,1.59887369633326,0.726500082015991));
#8013=CARTESIAN_POINT($,(-7.19355875374214,1.57387369633326,0.726500082015991));
#8014=CARTESIAN_POINT('Origin',(-7.39355875374214,1.57387369633326,1.12650008201599));
#8015=CARTESIAN_POINT('',(-7.19355875374214,1.54887369633326,1.12650008201599));
#8016=CARTESIAN_POINT('',(-7.19355875374214,1.59887369633326,1.12650008201599));
#8017=CARTESIAN_POINT($,(-7.19355875374214,1.57387369633326,1.12650008201599));
#8018=CARTESIAN_POINT('',(-7.59355875374214,1.59887369633326,1.12650008201599));
#8019=CARTESIAN_POINT($,(-7.39355875374214,1.59887369633326,1.12650008201599));
#8020=CARTESIAN_POINT('',(-7.59355875374214,1.54887369633326,1.12650008201599));
#8021=CARTESIAN_POINT($,(-7.59355875374214,1.57387369633326,1.12650008201599));
#8022=CARTESIAN_POINT($,(-7.39355875374214,1.54887369633326,1.12650008201599));
#8023=CARTESIAN_POINT('Origin',(-7.39355875374214,1.54887369633326,0.926500082015991));
#8024=CARTESIAN_POINT('',(-7.59355875374214,1.54887369633326,0.726500082015991));
#8025=CARTESIAN_POINT($,(-7.59355875374214,1.54887369633326,0.926500082015991));
#8026=CARTESIAN_POINT('',(-7.19355875374214,1.54887369633326,0.726500082015991));
#8027=CARTESIAN_POINT($,(-7.31225794073401,1.54887369633326,0.726500011539456));
#8028=CARTESIAN_POINT($,(-7.19355875374214,1.54887369633326,0.926500082015991));
#8029=CARTESIAN_POINT('Origin',(-7.39355875374214,1.59887369633326,0.926500082015991));
#8030=CARTESIAN_POINT($,(-7.19355875374214,1.59887369633326,0.926500082015991));
#8031=CARTESIAN_POINT($,(-7.59355875374214,1.59887369633326,0.926500082015991));
#8032=CARTESIAN_POINT('Origin',(-7.23095712772587,1.53673083919041,0.726500011539456));
#8033=CARTESIAN_POINT('',(-7.59355875374214,1.19387369633326,0.726500005245225));
#8034=CARTESIAN_POINT($,(-7.59355875374214,3.24933896816614,0.726500005245225));
#8035=CARTESIAN_POINT('',(-7.19355875374214,1.19387369633326,0.726500005245225));
#8036=CARTESIAN_POINT($,(-7.24450124817076,1.19387369633326,0.726500005245225));
#8037=CARTESIAN_POINT($,(-7.19355875374214,3.04933896816615,0.726500005245225));
#8038=CARTESIAN_POINT('Origin',(-7.21063192447384,1.25101655347611,0.42650000839234));
#8039=CARTESIAN_POINT('',(-7.21063192447384,1.23315941061897,0.696500004930517));
#8040=CARTESIAN_POINT('',(-7.21063192447384,1.26887369633326,0.696500004930517));
#8041=CARTESIAN_POINT($,(-7.21063192447384,3.07791039673757,0.696500004930517));
#8042=CARTESIAN_POINT('',(-7.21063192447384,1.23315941061897,0.126500005245225));
#8043=CARTESIAN_POINT($,(-7.21063192447384,1.23315941061897,0.42650000839234));
#8044=CARTESIAN_POINT('',(-7.21063192447384,1.26887369633326,0.126500005245225));
#8045=CARTESIAN_POINT($,(-7.21063192447384,1.25101655347611,0.126500005245225));
#8046=CARTESIAN_POINT($,(-7.21063192447384,1.26887369633326,0.42650000839234));
#8047=CARTESIAN_POINT('Origin',(-7.23095712772587,1.23315941061897,0.42650000839234));
#8048=CARTESIAN_POINT('',(-7.2512823309779,1.23315941061897,0.696500004930517));
#8049=CARTESIAN_POINT($,(-7.06320043516263,1.23315941061897,0.696500004930517));
#8050=CARTESIAN_POINT('',(-7.2512823309779,1.23315941061897,0.126500005245225));
#8051=CARTESIAN_POINT($,(-7.2512823309779,1.23315941061897,0.42650000839234));
#8052=CARTESIAN_POINT($,(-7.23095712772587,1.23315941061897,0.126500005245225));
#8053=CARTESIAN_POINT('Origin',(-7.23095712772587,1.25101655347611,0.126500005245225));
#8054=CARTESIAN_POINT('',(-7.2512823309779,1.26887369633326,0.126500005245225));
#8055=CARTESIAN_POINT($,(-7.2512823309779,1.25101655347611,0.126500005245225));
#8056=CARTESIAN_POINT($,(-7.23095712772587,1.26887369633326,0.126500005245225));
#8057=CARTESIAN_POINT('Origin',(-7.2512823309779,1.25101655347611,0.42650000839234));
#8058=CARTESIAN_POINT('',(-7.2512823309779,1.26887369633326,0.696500004930517));
#8059=CARTESIAN_POINT($,(-7.2512823309779,3.07791039673757,0.696500004930517));
#8060=CARTESIAN_POINT($,(-7.2512823309779,1.26887369633326,0.42650000839234));
#8061=CARTESIAN_POINT('Origin',(-7.23095712772587,1.26887369633326,0.42650000839234));
#8062=CARTESIAN_POINT($,(-7.06320043516263,1.26887369633326,0.696500004930517));
#8063=CARTESIAN_POINT('Origin',(-7.53583517650637,1.25101655347611,0.42650000839234));
#8064=CARTESIAN_POINT('',(-7.53583517650637,1.23315941061897,0.696500004930517));
#8065=CARTESIAN_POINT('',(-7.53583517650637,1.26887369633326,0.696500004930517));
#8066=CARTESIAN_POINT($,(-7.53583517650637,3.07791039673757,0.696500004930517));
#8067=CARTESIAN_POINT('',(-7.53583517650637,1.23315941061897,0.126500005245225));
#8068=CARTESIAN_POINT($,(-7.53583517650637,1.23315941061897,0.42650000839234));
#8069=CARTESIAN_POINT('',(-7.53583517650637,1.26887369633326,0.126500005245225));
#8070=CARTESIAN_POINT($,(-7.53583517650637,1.25101655347611,0.126500005245225));
#8071=CARTESIAN_POINT($,(-7.53583517650637,1.26887369633326,0.42650000839234));
#8072=CARTESIAN_POINT('Origin',(-7.55616037975841,1.23315941061897,0.42650000839234));
#8073=CARTESIAN_POINT('',(-7.57648558301044,1.23315941061897,0.696500004930517));
#8074=CARTESIAN_POINT($,(-7.2258020611789,1.23315941061897,0.696500004930517));
#8075=CARTESIAN_POINT('',(-7.57648558301044,1.23315941061897,0.126500005245225));
#8076=CARTESIAN_POINT($,(-7.57648558301044,1.23315941061897,0.42650000839234));
#8077=CARTESIAN_POINT($,(-7.55616037975841,1.23315941061897,0.126500005245225));
#8078=CARTESIAN_POINT('Origin',(-7.55616037975841,1.25101655347611,0.126500005245225));
#8079=CARTESIAN_POINT('',(-7.57648558301044,1.26887369633326,0.126500005245225));
#8080=CARTESIAN_POINT($,(-7.57648558301044,1.25101655347611,0.126500005245225));
#8081=CARTESIAN_POINT($,(-7.55616037975841,1.26887369633326,0.126500005245225));
#8082=CARTESIAN_POINT('Origin',(-7.57648558301044,1.25101655347611,0.42650000839234));
#8083=CARTESIAN_POINT('',(-7.57648558301044,1.26887369633326,0.696500004930517));
#8084=CARTESIAN_POINT($,(-7.57648558301044,3.07791039673757,0.696500004930517));
#8085=CARTESIAN_POINT($,(-7.57648558301044,1.26887369633326,0.42650000839234));
#8086=CARTESIAN_POINT('Origin',(-7.55616037975841,1.26887369633326,0.42650000839234));
#8087=CARTESIAN_POINT($,(-7.2258020611789,1.26887369633326,0.696500004930517));
#8088=CARTESIAN_POINT('Origin',(-7.53583517650637,1.53673083919041,0.42650000839234));
#8089=CARTESIAN_POINT('',(-7.53583517650637,1.51887369633326,0.696500004930517));
#8090=CARTESIAN_POINT('',(-7.53583517650637,1.55458798204755,0.696500004930517));
#8091=CARTESIAN_POINT($,(-7.53583517650637,3.22076753959472,0.696500004930517));
#8092=CARTESIAN_POINT('',(-7.53583517650637,1.51887369633326,0.126500005245225));
#8093=CARTESIAN_POINT($,(-7.53583517650637,1.51887369633326,0.42650000839234));
#8094=CARTESIAN_POINT('',(-7.53583517650637,1.55458798204755,0.126500005245225));
#8095=CARTESIAN_POINT($,(-7.53583517650637,1.53673083919041,0.126500005245225));
#8096=CARTESIAN_POINT($,(-7.53583517650637,1.55458798204755,0.42650000839234));
#8097=CARTESIAN_POINT('Origin',(-7.55616037975841,1.51887369633326,0.42650000839234));
#8098=CARTESIAN_POINT('',(-7.57648558301044,1.51887369633326,0.696500004930517));
#8099=CARTESIAN_POINT($,(-7.2258020611789,1.51887369633326,0.696500004930517));
#8100=CARTESIAN_POINT('',(-7.57648558301044,1.51887369633326,0.126500005245225));
#8101=CARTESIAN_POINT($,(-7.57648558301044,1.51887369633326,0.42650000839234));
#8102=CARTESIAN_POINT($,(-7.55616037975841,1.51887369633326,0.126500005245225));
#8103=CARTESIAN_POINT('Origin',(-7.55616037975841,1.53673083919041,0.126500005245225));
#8104=CARTESIAN_POINT('',(-7.57648558301044,1.55458798204755,0.126500005245225));
#8105=CARTESIAN_POINT($,(-7.57648558301044,1.53673083919041,0.126500005245225));
#8106=CARTESIAN_POINT($,(-7.55616037975841,1.55458798204755,0.126500005245225));
#8107=CARTESIAN_POINT('Origin',(-7.57648558301044,1.53673083919041,0.42650000839234));
#8108=CARTESIAN_POINT('',(-7.57648558301044,1.55458798204755,0.696500004930517));
#8109=CARTESIAN_POINT($,(-7.57648558301044,3.22076753959472,0.696500004930517));
#8110=CARTESIAN_POINT($,(-7.57648558301044,1.55458798204755,0.42650000839234));
#8111=CARTESIAN_POINT('Origin',(-7.55616037975841,1.55458798204755,0.42650000839234));
#8112=CARTESIAN_POINT($,(-7.2258020611789,1.55458798204755,0.696500004930517));
#8113=CARTESIAN_POINT('Origin',(-6.89544374259938,4.90480423999903,0.696500004930517));
#8114=CARTESIAN_POINT('',(-7.19355875374214,1.19387369633326,0.696500004930517));
#8115=CARTESIAN_POINT('',(-7.59355875374214,1.19387369633326,0.696500004930517));
#8116=CARTESIAN_POINT($,(-7.11225794073401,1.19387369633326,0.696500004930517));
#8117=CARTESIAN_POINT('',(-7.59355875374214,1.59387369633326,0.696500004930517));
#8118=CARTESIAN_POINT($,(-7.59355875374214,1.19387369633326,0.696500004930517));
#8119=CARTESIAN_POINT('',(-7.19355875374214,1.59387369633326,0.696500004930517));
#8120=CARTESIAN_POINT($,(-7.59355875374214,1.59387369633326,0.696500004930517));
#8121=CARTESIAN_POINT($,(-7.19355875374214,3.04933896816615,0.696500004930517));
#8122=CARTESIAN_POINT('',(-7.21063192447384,1.51887369633326,0.696500004930517));
#8123=CARTESIAN_POINT('',(-7.2512823309779,1.51887369633326,0.696500004930517));
#8124=CARTESIAN_POINT($,(-7.06320043516263,1.51887369633326,0.696500004930517));
#8125=CARTESIAN_POINT('',(-7.21063192447384,1.55458798204755,0.696500004930517));
#8126=CARTESIAN_POINT($,(-7.21063192447384,3.22076753959472,0.696500004930517));
#8127=CARTESIAN_POINT('',(-7.2512823309779,1.55458798204755,0.696500004930517));
#8128=CARTESIAN_POINT($,(-7.06320043516263,1.55458798204755,0.696500004930517));
#8129=CARTESIAN_POINT($,(-7.2512823309779,3.22076753959472,0.696500004930517));
#8130=CARTESIAN_POINT('Origin',(-7.59355875374214,1.59387369633326,0.696500004930517));
#8131=CARTESIAN_POINT($,(-7.59355875374214,1.19387369633326,0.696500004930517));
#8132=CARTESIAN_POINT($,(-7.59355875374214,1.59387369633326,0.696500004930517));
#8133=CARTESIAN_POINT('Origin',(-7.11225794073401,1.59387369633326,0.696500004930517));
#8134=CARTESIAN_POINT($,(-7.19355875374214,1.59387369633326,0.696500004930517));
#8135=CARTESIAN_POINT('Origin',(-7.19355875374214,1.19387369633326,0.696500004930517));
#8136=CARTESIAN_POINT($,(-7.19355875374214,1.19387369633326,0.696500004930517));
#8137=CARTESIAN_POINT('Origin',(-7.59355875374214,1.19387369633326,0.696500004930517));
#8138=CARTESIAN_POINT('Origin',(-7.23095712772587,1.55458798204755,0.42650000839234));
#8139=CARTESIAN_POINT('',(-7.21063192447384,1.55458798204755,0.126500005245225));
#8140=CARTESIAN_POINT($,(-7.21063192447384,1.55458798204755,0.42650000839234));
#8141=CARTESIAN_POINT('',(-7.2512823309779,1.55458798204755,0.126500005245225));
#8142=CARTESIAN_POINT($,(-7.23095712772587,1.55458798204755,0.126500005245225));
#8143=CARTESIAN_POINT($,(-7.2512823309779,1.55458798204755,0.42650000839234));
#8144=CARTESIAN_POINT('Origin',(-7.21063192447384,1.53673083919041,0.42650000839234));
#8145=CARTESIAN_POINT('',(-7.21063192447384,1.51887369633326,0.126500005245225));
#8146=CARTESIAN_POINT($,(-7.21063192447384,1.51887369633326,0.42650000839234));
#8147=CARTESIAN_POINT($,(-7.21063192447384,1.53673083919041,0.126500005245225));
#8148=CARTESIAN_POINT('Origin',(-7.23095712772587,1.53673083919041,0.126500005245225));
#8149=CARTESIAN_POINT('',(-7.2512823309779,1.51887369633326,0.126500005245225));
#8150=CARTESIAN_POINT($,(-7.23095712772587,1.51887369633326,0.126500005245225));
#8151=CARTESIAN_POINT($,(-7.2512823309779,1.53673083919041,0.126500005245225));
#8152=CARTESIAN_POINT('Origin',(-7.23095712772587,1.51887369633326,0.42650000839234));
#8153=CARTESIAN_POINT($,(-7.2512823309779,1.51887369633326,0.42650000839234));
#8154=CARTESIAN_POINT('Origin',(-7.2512823309779,1.53673083919041,0.42650000839234));
#8155=CARTESIAN_POINT('Origin',(-5.97128677704974,1.29580911791437,0.226500129699707));
#8156=CARTESIAN_POINT('',(-5.92128677704974,1.24580911791437,0.226500129699707));
#8157=CARTESIAN_POINT('',(-5.92128677704974,1.34580911791437,0.226500129699707));
#8158=CARTESIAN_POINT($,(-5.92128677704974,1.29580911791437,0.226500129699707));
#8159=CARTESIAN_POINT('',(-6.02128677704974,1.34580911791437,0.226500129699707));
#8160=CARTESIAN_POINT($,(-5.97128677704974,1.34580911791437,0.226500129699707));
#8161=CARTESIAN_POINT('',(-6.02128677704974,1.24580911791437,0.226500129699707));
#8162=CARTESIAN_POINT($,(-6.02128677704974,1.29580911791437,0.226500129699707));
#8163=CARTESIAN_POINT($,(-5.97128677704974,1.24580911791437,0.226500129699707));
#8164=CARTESIAN_POINT('Origin',(-5.97128677704974,1.29580911791437,0.126500129699707));
#8165=CARTESIAN_POINT('',(-5.92128677704974,1.34580911791437,0.126500129699707));
#8166=CARTESIAN_POINT('',(-5.92128677704974,1.24580911791437,0.126500129699707));
#8167=CARTESIAN_POINT($,(-5.92128677704974,1.29580911791437,0.126500129699707));
#8168=CARTESIAN_POINT('',(-6.02128677704974,1.24580911791437,0.126500129699707));
#8169=CARTESIAN_POINT($,(-5.97128677704974,1.24580911791437,0.126500129699707));
#8170=CARTESIAN_POINT('',(-6.02128677704974,1.34580911791437,0.126500129699707));
#8171=CARTESIAN_POINT($,(-6.02128677704974,1.29580911791437,0.126500129699707));
#8172=CARTESIAN_POINT($,(-5.97128677704974,1.34580911791437,0.126500129699707));
#8173=CARTESIAN_POINT('Origin',(-5.97128677704974,1.24580911791437,0.176500129699707));
#8174=CARTESIAN_POINT($,(-6.02128677704974,1.24580911791437,0.176500129699707));
#8175=CARTESIAN_POINT($,(-5.92128677704974,1.24580911791437,0.176500129699707));
#8176=CARTESIAN_POINT('Origin',(-6.02128677704974,1.29580911791437,0.176500129699707));
#8177=CARTESIAN_POINT($,(-6.02128677704974,1.34580911791437,0.176500129699707));
#8178=CARTESIAN_POINT('Origin',(-5.97128677704974,1.34580911791437,0.176500129699707));
#8179=CARTESIAN_POINT($,(-5.92128677704974,1.34580911791437,0.176500129699707));
#8180=CARTESIAN_POINT('Origin',(-5.92128677704974,1.29580911791437,0.176500129699707));
#8181=CARTESIAN_POINT('Origin',(-7.02128677704974,1.94580911791437,0.226500000000038));
#8182=CARTESIAN_POINT('',(-6.97128677704974,1.89580911791437,0.226500000000038));
#8183=CARTESIAN_POINT('',(-6.97128677704974,1.99580911791437,0.226500000000038));
#8184=CARTESIAN_POINT($,(-6.97128677704974,1.94580911791437,0.226500000000038));
#8185=CARTESIAN_POINT('',(-7.07128677704974,1.99580911791437,0.226500000000038));
#8186=CARTESIAN_POINT($,(-7.02128677704974,1.99580911791437,0.226500000000038));
#8187=CARTESIAN_POINT('',(-7.07128677704974,1.89580911791437,0.226500000000038));
#8188=CARTESIAN_POINT($,(-7.07128677704974,1.94580911791437,0.226500000000038));
#8189=CARTESIAN_POINT($,(-7.02128677704974,1.89580911791437,0.226500000000038));
#8190=CARTESIAN_POINT('Origin',(-7.02128677704974,1.94580911791437,0.126500000000038));
#8191=CARTESIAN_POINT('',(-6.97128677704974,1.99580911791437,0.126500000000038));
#8192=CARTESIAN_POINT('',(-6.97128677704974,1.89580911791437,0.126500000000038));
#8193=CARTESIAN_POINT($,(-6.97128677704974,1.94580911791437,0.126500000000038));
#8194=CARTESIAN_POINT('',(-7.07128677704974,1.89580911791437,0.126500000000038));
#8195=CARTESIAN_POINT($,(-7.02128677704974,1.89580911791437,0.126500000000038));
#8196=CARTESIAN_POINT('',(-7.07128677704974,1.99580911791437,0.126500000000038));
#8197=CARTESIAN_POINT($,(-7.07128677704974,1.94580911791437,0.126500000000038));
#8198=CARTESIAN_POINT($,(-7.02128677704974,1.99580911791437,0.126500000000038));
#8199=CARTESIAN_POINT('Origin',(-7.02128677704974,1.89580911791437,0.176500000000038));
#8200=CARTESIAN_POINT($,(-7.07128677704974,1.89580911791437,0.176500000000038));
#8201=CARTESIAN_POINT($,(-6.97128677704974,1.89580911791437,0.176500000000038));
#8202=CARTESIAN_POINT('Origin',(-7.07128677704974,1.94580911791437,0.176500000000038));
#8203=CARTESIAN_POINT($,(-7.07128677704974,1.99580911791437,0.176500000000038));
#8204=CARTESIAN_POINT('Origin',(-7.02128677704974,1.99580911791437,0.176500000000038));
#8205=CARTESIAN_POINT($,(-6.97128677704974,1.99580911791437,0.176500000000038));
#8206=CARTESIAN_POINT('Origin',(-6.97128677704974,1.94580911791437,0.176500000000038));
#8207=CARTESIAN_POINT('Origin',(-6.72128677704974,1.94580911791437,0.226500000000038));
#8208=CARTESIAN_POINT('',(-6.67128677704974,1.89580911791437,0.226500000000038));
#8209=CARTESIAN_POINT('',(-6.67128677704974,1.99580911791437,0.226500000000038));
#8210=CARTESIAN_POINT($,(-6.67128677704974,1.94580911791437,0.226500000000038));
#8211=CARTESIAN_POINT('',(-6.77128677704974,1.99580911791437,0.226500000000038));
#8212=CARTESIAN_POINT($,(-6.72128677704974,1.99580911791437,0.226500000000038));
#8213=CARTESIAN_POINT('',(-6.77128677704974,1.89580911791437,0.226500000000038));
#8214=CARTESIAN_POINT($,(-6.77128677704974,1.94580911791437,0.226500000000038));
#8215=CARTESIAN_POINT($,(-6.72128677704974,1.89580911791437,0.226500000000038));
#8216=CARTESIAN_POINT('Origin',(-6.72128677704974,1.94580911791437,0.126500000000038));
#8217=CARTESIAN_POINT('',(-6.67128677704974,1.99580911791437,0.126500000000038));
#8218=CARTESIAN_POINT('',(-6.67128677704974,1.89580911791437,0.126500000000038));
#8219=CARTESIAN_POINT($,(-6.67128677704974,1.94580911791437,0.126500000000038));
#8220=CARTESIAN_POINT('',(-6.77128677704974,1.89580911791437,0.126500000000038));
#8221=CARTESIAN_POINT($,(-6.72128677704974,1.89580911791437,0.126500000000038));
#8222=CARTESIAN_POINT('',(-6.77128677704974,1.99580911791437,0.126500000000038));
#8223=CARTESIAN_POINT($,(-6.77128677704974,1.94580911791437,0.126500000000038));
#8224=CARTESIAN_POINT($,(-6.72128677704974,1.99580911791437,0.126500000000038));
#8225=CARTESIAN_POINT('Origin',(-6.72128677704974,1.89580911791437,0.176500000000038));
#8226=CARTESIAN_POINT($,(-6.77128677704974,1.89580911791437,0.176500000000038));
#8227=CARTESIAN_POINT($,(-6.67128677704974,1.89580911791437,0.176500000000038));
#8228=CARTESIAN_POINT('Origin',(-6.77128677704974,1.94580911791437,0.176500000000038));
#8229=CARTESIAN_POINT($,(-6.77128677704974,1.99580911791437,0.176500000000038));
#8230=CARTESIAN_POINT('Origin',(-6.72128677704974,1.99580911791437,0.176500000000038));
#8231=CARTESIAN_POINT($,(-6.67128677704974,1.99580911791437,0.176500000000038));
#8232=CARTESIAN_POINT('Origin',(-6.67128677704974,1.94580911791437,0.176500000000038));
#8233=CARTESIAN_POINT('Origin',(-6.47128677704974,1.57580911791439,0.726500000000035));
#8234=CARTESIAN_POINT('',(-7.07128677704974,1.57580911791439,0.226500000000038));
#8235=CARTESIAN_POINT('',(-7.07128677704974,1.57580911791439,1.07650000000003));
#8236=CARTESIAN_POINT($,(-7.07128677704974,1.57580911791439,0.476500000000037));
#8237=CARTESIAN_POINT('',(-6.67128677704974,1.57580911791439,0.226500000000038));
#8238=CARTESIAN_POINT($,(-5.40574685057997,1.57580911791439,0.226500000000038));
#8239=CARTESIAN_POINT('',(-6.67128677704974,1.57580911791439,1.07650000000003));
#8240=CARTESIAN_POINT($,(-6.67128677704974,1.57580911791439,0.476500000000037));
#8241=CARTESIAN_POINT($,(-5.40574685057997,1.57580911791439,1.07650000000003));
#8242=CARTESIAN_POINT('Origin',(-4.34020692411019,6.90917645746524,0.226500000000038));
#8243=CARTESIAN_POINT('',(-7.07128677704974,2.01580911791436,0.226500000000038));
#8244=CARTESIAN_POINT($,(-7.07128677704974,1.37580911791439,0.226500000000038));
#8245=CARTESIAN_POINT('',(-6.67128677704974,2.01580911791436,0.226500000000038));
#8246=CARTESIAN_POINT($,(-7.07128677704974,2.01580911791436,0.226500000000038));
#8247=CARTESIAN_POINT($,(-6.67128677704974,2.01580911791436,0.226500000000038));
#8248=CARTESIAN_POINT('Origin',(-6.67128677704974,2.01580911791436,0.226500000000038));
#8249=CARTESIAN_POINT('',(-7.07128677704974,2.01580911791436,1.07650000000003));
#8250=CARTESIAN_POINT($,(-7.07128677704974,2.01580911791436,0.226500000000038));
#8251=CARTESIAN_POINT('',(-6.67128677704974,2.01580911791436,1.07650000000003));
#8252=CARTESIAN_POINT($,(-5.50574685057997,2.01580911791436,1.07650000000003));
#8253=CARTESIAN_POINT($,(-6.67128677704974,2.01580911791436,0.226500000000038));
#8254=CARTESIAN_POINT('Origin',(-6.67128677704974,1.37580911791439,0.226500000000038));
#8255=CARTESIAN_POINT($,(-6.67128677704974,4.14249278768981,1.07650000000003));
#8256=CARTESIAN_POINT('Origin',(-7.07128677704974,2.01580911791436,0.226500000000038));
#8257=CARTESIAN_POINT($,(-7.07128677704974,4.4624927876898,1.07650000000003));
#8258=CARTESIAN_POINT('Origin',(-4.34020692411019,6.90917645746524,1.07650000000003));
#8259=CARTESIAN_POINT('Origin',(-6.78240350353968,1.84189881984266,1.17650001049042));
#8260=CARTESIAN_POINT('',(-6.7688553576015,1.66213105926909,1.17650001049042));
#8261=CARTESIAN_POINT('',(-6.61125320688016,1.78526335433422,1.17650001049042));
#8262=CARTESIAN_POINT($,(-6.69005428224083,1.72369720680165,1.17650001049042));
#8263=CARTESIAN_POINT('',(-6.79595164947786,2.02166658041623,1.17650001049042));
#8264=CARTESIAN_POINT($,(-6.70360242817901,1.90346496737522,1.17650001049042));
#8265=CARTESIAN_POINT('',(-6.9535538001992,1.8985342853511,1.17650001049042));
#8266=CARTESIAN_POINT($,(-6.87475272483853,1.96010043288367,1.17650001049042));
#8267=CARTESIAN_POINT($,(-6.86120457890035,1.78033267231009,1.17650001049042));
#8268=CARTESIAN_POINT('Origin',(-6.78240350353968,1.84189881984266,1.12650001049042));
#8269=CARTESIAN_POINT('',(-6.61125320688016,1.78526335433422,1.12650001049042));
#8270=CARTESIAN_POINT('',(-6.7688553576015,1.66213105926909,1.12650001049042));
#8271=CARTESIAN_POINT($,(-6.69005428224083,1.72369720680165,1.12650001049042));
#8272=CARTESIAN_POINT('',(-6.9535538001992,1.8985342853511,1.12650001049042));
#8273=CARTESIAN_POINT($,(-6.86120457890035,1.78033267231009,1.12650001049042));
#8274=CARTESIAN_POINT('',(-6.79595164947786,2.02166658041623,1.12650001049042));
#8275=CARTESIAN_POINT($,(-6.87475272483853,1.96010043288367,1.12650001049042));
#8276=CARTESIAN_POINT($,(-6.70360242817901,1.90346496737522,1.12650001049042));
#8277=CARTESIAN_POINT('Origin',(-6.86120457890035,1.78033267231009,1.15150001049042));
#8278=CARTESIAN_POINT($,(-6.9535538001992,1.8985342853511,1.15150001049042));
#8279=CARTESIAN_POINT($,(-6.7688553576015,1.66213105926909,1.15150001049042));
#8280=CARTESIAN_POINT('Origin',(-6.87475272483853,1.96010043288367,1.15150001049042));
#8281=CARTESIAN_POINT($,(-6.79595164947786,2.02166658041623,1.15150001049042));
#8282=CARTESIAN_POINT('Origin',(-6.70360242817901,1.90346496737522,1.15150001049042));
#8283=CARTESIAN_POINT($,(-6.61125320688016,1.78526335433422,1.15150001049042));
#8284=CARTESIAN_POINT('Origin',(-6.69005428224083,1.72369720680165,1.15150001049042));
#8285=CARTESIAN_POINT('Origin',(-6.87128677704974,1.79580911791437,1.07650000000003));
#8286=CARTESIAN_POINT('',(-6.67128677704974,2.01580911791436,1.07650000000003));
#8287=CARTESIAN_POINT('',(-7.07128677704974,2.01580911791436,1.07650000000003));
#8288=CARTESIAN_POINT($,(-6.77128677704974,2.01580911791436,1.07650000000003));
#8289=CARTESIAN_POINT('',(-6.67128677704974,1.57580911791439,1.07650000000003));
#8290=CARTESIAN_POINT($,(-6.67128677704974,1.58580911791438,1.07650000000003));
#8291=CARTESIAN_POINT('',(-7.07128677704974,1.57580911791439,1.07650000000003));
#8292=CARTESIAN_POINT($,(-6.67128677704974,1.57580911791439,1.07650000000003));
#8293=CARTESIAN_POINT($,(-7.07128677704974,1.90580911791437,1.07650000000003));
#8294=CARTESIAN_POINT('Origin',(-6.47128677704974,1.57580911791439,0.726500000000035));
#8295=CARTESIAN_POINT('',(-6.67128677704974,1.57580911791439,1.12650000000003));
#8296=CARTESIAN_POINT($,(-6.67128677704974,1.57580911791439,0.476500000000037));
#8297=CARTESIAN_POINT('',(-7.07128677704974,1.57580911791439,1.12650000000003));
#8298=CARTESIAN_POINT($,(-5.40574685057997,1.57580911791439,1.12650000000003));
#8299=CARTESIAN_POINT($,(-7.07128677704974,1.57580911791439,0.476500000000037));
#8300=CARTESIAN_POINT('Origin',(-6.67128677704974,1.37580911791439,0.226500000000038));
#8301=CARTESIAN_POINT('',(-6.67128677704974,2.01580911791436,1.12650000000003));
#8302=CARTESIAN_POINT($,(-6.67128677704974,2.01580911791436,0.226500000000038));
#8303=CARTESIAN_POINT($,(-6.67128677704974,4.14249278768981,1.12650000000003));
#8304=CARTESIAN_POINT('Origin',(-6.67128677704974,2.01580911791436,0.226500000000038));
#8305=CARTESIAN_POINT('',(-7.07128677704974,2.01580911791436,1.12650000000003));
#8306=CARTESIAN_POINT($,(-7.07128677704974,2.01580911791436,0.226500000000038));
#8307=CARTESIAN_POINT($,(-5.50574685057997,2.01580911791436,1.12650000000003));
#8308=CARTESIAN_POINT('Origin',(-7.07128677704974,2.01580911791436,0.226500000000038));
#8309=CARTESIAN_POINT($,(-7.07128677704974,4.4624927876898,1.12650000000003));
#8310=CARTESIAN_POINT('Origin',(-4.34020692411019,6.90917645746524,1.12650000000003));
#8311=CARTESIAN_POINT('Origin',(-6.94760513305664,1.70230448246002,1.24649999141693));
#8312=CARTESIAN_POINT('',(-6.93690189841869,1.71919947486265,1.19649999141693));
#8313=CARTESIAN_POINT('',(-6.93690189841869,1.71919947486265,1.34649999141693));
#8314=CARTESIAN_POINT($,(-6.93690189841869,1.71919947486265,1.24649999141693));
#8315=CARTESIAN_POINT('',(-6.92994037147877,1.71168297905581,1.19649999141693));
#8316=CARTESIAN_POINT('Origin',(-6.94760513305664,1.70230448246002,1.19649999141693));
#8317=CARTESIAN_POINT('',(-6.92994037147877,1.71168297905581,1.34649999141693));
#8318=CARTESIAN_POINT($,(-6.92994037147877,1.71168297905581,1.24649999141693));
#8319=CARTESIAN_POINT('Origin',(-6.94760513305664,1.70230448246002,1.34649999141693));
#8320=CARTESIAN_POINT('',(-6.92760513305664,1.70230448246002,1.14649999141693));
#8321=CARTESIAN_POINT('Origin',(-6.94760513305664,1.70230448246002,1.14650001049042));
#8322=CARTESIAN_POINT('Origin',(-6.94760513305664,1.70230448246002,1.34649999141693));
#8323=CARTESIAN_POINT($,(-6.93342113494873,1.71544122695923,1.34649999141693));
#8324=CARTESIAN_POINT('Origin',(-6.93342113494873,1.71544122695923,1.34649999141693));
#8325=CARTESIAN_POINT('',(-6.83149567403056,1.60539032775064,1.19649999141693));
#8326=CARTESIAN_POINT($,(-6.93342113494873,1.71544122695923,1.19649999141693));
#8327=CARTESIAN_POINT('',(-6.83149567403056,1.60539032775064,1.49649999141693));
#8328=CARTESIAN_POINT($,(-6.83149567403056,1.60539032775064,1.34649999141693));
#8329=CARTESIAN_POINT('',(-7.0353465958669,1.82549212616782,1.49649999141693));
#8330=CARTESIAN_POINT($,(-6.93342113494873,1.71544122695923,1.49649999141693));
#8331=CARTESIAN_POINT('',(-7.0353465958669,1.82549212616782,1.19649999141693));
#8332=CARTESIAN_POINT($,(-7.0353465958669,1.82549212616782,1.34649999141693));
#8333=CARTESIAN_POINT($,(-6.93342113494873,1.71544122695923,1.19649999141693));
#8334=CARTESIAN_POINT('Origin',(-6.8967375018792,1.74941638059862,1.34649999141693));
#8335=CARTESIAN_POINT('',(-6.99866296279737,1.85946727980721,1.19649999141693));
#8336=CARTESIAN_POINT('',(-6.99866296279737,1.85946727980721,1.49649999141693));
#8337=CARTESIAN_POINT($,(-6.99866296279737,1.85946727980721,1.34649999141693));
#8338=CARTESIAN_POINT('',(-6.79481204096103,1.63936548139003,1.49649999141693));
#8339=CARTESIAN_POINT($,(-6.8967375018792,1.74941638059862,1.49649999141693));
#8340=CARTESIAN_POINT('',(-6.79481204096103,1.63936548139003,1.19649999141693));
#8341=CARTESIAN_POINT($,(-6.79481204096103,1.63936548139003,1.34649999141693));
#8342=CARTESIAN_POINT($,(-6.8967375018792,1.74941638059862,1.19649999141693));
#8343=CARTESIAN_POINT('Origin',(-6.91507931841397,1.73242880377892,1.19649999141693));
#8344=CARTESIAN_POINT($,(-7.01700477933213,1.84247970298751,1.19649999141693));
#8345=CARTESIAN_POINT($,(-6.8131538574958,1.62237790457033,1.19649999141693));
#8346=CARTESIAN_POINT('Origin',(-6.8131538574958,1.62237790457033,1.34649999141693));
#8347=CARTESIAN_POINT($,(-6.8131538574958,1.62237790457033,1.49649999141693));
#8348=CARTESIAN_POINT('Origin',(-6.91507931841397,1.73242880377892,1.49649999141693));
#8349=CARTESIAN_POINT($,(-7.01700477933213,1.84247970298751,1.49649999141693));
#8350=CARTESIAN_POINT('Origin',(-7.01700477933213,1.84247970298751,1.34649999141693));
#8351=CARTESIAN_POINT('Origin',(-6.94760513305664,1.70230448246002,1.13650001049042));
#8352=CARTESIAN_POINT('',(-6.84760513305664,1.70230448246002,1.12650001049042));
#8353=CARTESIAN_POINT('Origin',(-6.94760513305664,1.70230448246002,1.12650001049042));
#8354=CARTESIAN_POINT('',(-6.84760513305664,1.70230448246002,1.14650001049042));
#8355=CARTESIAN_POINT('Origin',(-6.94760513305664,1.70230448246002,1.14650001049042));
#8356=CARTESIAN_POINT('Origin',(-6.94760513305664,1.70230448246002,1.12650001049042));
#8357=CARTESIAN_POINT('Origin',(-6.94760513305664,1.70230448246002,1.14650001049042));
#8358=CARTESIAN_POINT('Origin',(-7.030567256251,1.90663079391539,1.12650001049042));
#8359=CARTESIAN_POINT('',(-6.99904682610673,1.93125725292841,1.12650001049042));
#8360=CARTESIAN_POINT('Origin',(-7.030567256251,1.90663079391539,1.12650001049042));
#8361=CARTESIAN_POINT('Origin',(-7.030567256251,1.90663079391539,1.12650001049042));
#8362=CARTESIAN_POINT('Origin',(-6.72128677704974,1.64580911791437,0.226500000000038));
#8363=CARTESIAN_POINT('',(-6.67128677704974,1.59580911791437,0.226500000000038));
#8364=CARTESIAN_POINT('',(-6.67128677704974,1.69580911791437,0.226500000000038));
#8365=CARTESIAN_POINT($,(-6.67128677704974,1.64580911791437,0.226500000000038));
#8366=CARTESIAN_POINT('',(-6.77128677704974,1.69580911791437,0.226500000000038));
#8367=CARTESIAN_POINT($,(-6.72128677704974,1.69580911791437,0.226500000000038));
#8368=CARTESIAN_POINT('',(-6.77128677704974,1.59580911791437,0.226500000000038));
#8369=CARTESIAN_POINT($,(-6.77128677704974,1.64580911791437,0.226500000000038));
#8370=CARTESIAN_POINT($,(-6.72128677704974,1.59580911791437,0.226500000000038));
#8371=CARTESIAN_POINT('Origin',(-6.72128677704974,1.64580911791437,0.126500000000038));
#8372=CARTESIAN_POINT('',(-6.67128677704974,1.69580911791437,0.126500000000038));
#8373=CARTESIAN_POINT('',(-6.67128677704974,1.59580911791437,0.126500000000038));
#8374=CARTESIAN_POINT($,(-6.67128677704974,1.64580911791437,0.126500000000038));
#8375=CARTESIAN_POINT('',(-6.77128677704974,1.59580911791437,0.126500000000038));
#8376=CARTESIAN_POINT($,(-6.72128677704974,1.59580911791437,0.126500000000038));
#8377=CARTESIAN_POINT('',(-6.77128677704974,1.69580911791437,0.126500000000038));
#8378=CARTESIAN_POINT($,(-6.77128677704974,1.64580911791437,0.126500000000038));
#8379=CARTESIAN_POINT($,(-6.72128677704974,1.69580911791437,0.126500000000038));
#8380=CARTESIAN_POINT('Origin',(-6.72128677704974,1.59580911791437,0.176500000000038));
#8381=CARTESIAN_POINT($,(-6.77128677704974,1.59580911791437,0.176500000000038));
#8382=CARTESIAN_POINT($,(-6.67128677704974,1.59580911791437,0.176500000000038));
#8383=CARTESIAN_POINT('Origin',(-6.77128677704974,1.64580911791437,0.176500000000038));
#8384=CARTESIAN_POINT($,(-6.77128677704974,1.69580911791437,0.176500000000038));
#8385=CARTESIAN_POINT('Origin',(-6.72128677704974,1.69580911791437,0.176500000000038));
#8386=CARTESIAN_POINT($,(-6.67128677704974,1.69580911791437,0.176500000000038));
#8387=CARTESIAN_POINT('Origin',(-6.67128677704974,1.64580911791437,0.176500000000038));
#8388=CARTESIAN_POINT('Origin',(-5.97128677704974,0.695809117914369,0.226500129699707));
#8389=CARTESIAN_POINT('',(-5.92128677704974,0.645809117914369,0.226500129699707));
#8390=CARTESIAN_POINT('',(-5.92128677704974,0.745809117914369,0.226500129699707));
#8391=CARTESIAN_POINT($,(-5.92128677704974,0.695809117914369,0.226500129699707));
#8392=CARTESIAN_POINT('',(-6.02128677704974,0.745809117914369,0.226500129699707));
#8393=CARTESIAN_POINT($,(-5.97128677704974,0.745809117914369,0.226500129699707));
#8394=CARTESIAN_POINT('',(-6.02128677704974,0.645809117914369,0.226500129699707));
#8395=CARTESIAN_POINT($,(-6.02128677704974,0.695809117914369,0.226500129699707));
#8396=CARTESIAN_POINT($,(-5.97128677704974,0.645809117914369,0.226500129699707));
#8397=CARTESIAN_POINT('Origin',(-5.97128677704974,0.695809117914369,0.126500129699707));
#8398=CARTESIAN_POINT('',(-5.92128677704974,0.745809117914369,0.126500129699707));
#8399=CARTESIAN_POINT('',(-5.92128677704974,0.645809117914369,0.126500129699707));
#8400=CARTESIAN_POINT($,(-5.92128677704974,0.695809117914369,0.126500129699707));
#8401=CARTESIAN_POINT('',(-6.02128677704974,0.645809117914369,0.126500129699707));
#8402=CARTESIAN_POINT($,(-5.97128677704974,0.645809117914369,0.126500129699707));
#8403=CARTESIAN_POINT('',(-6.02128677704974,0.745809117914369,0.126500129699707));
#8404=CARTESIAN_POINT($,(-6.02128677704974,0.695809117914369,0.126500129699707));
#8405=CARTESIAN_POINT($,(-5.97128677704974,0.745809117914369,0.126500129699707));
#8406=CARTESIAN_POINT('Origin',(-5.97128677704974,0.645809117914369,0.176500129699707));
#8407=CARTESIAN_POINT($,(-6.02128677704974,0.645809117914369,0.176500129699707));
#8408=CARTESIAN_POINT($,(-5.92128677704974,0.645809117914369,0.176500129699707));
#8409=CARTESIAN_POINT('Origin',(-6.02128677704974,0.695809117914369,0.176500129699707));
#8410=CARTESIAN_POINT($,(-6.02128677704974,0.745809117914369,0.176500129699707));
#8411=CARTESIAN_POINT('Origin',(-5.97128677704974,0.745809117914369,0.176500129699707));
#8412=CARTESIAN_POINT($,(-5.92128677704974,0.745809117914369,0.176500129699707));
#8413=CARTESIAN_POINT('Origin',(-5.92128677704974,0.695809117914369,0.176500129699707));
#8414=CARTESIAN_POINT('Origin',(-6.97128677704974,0.695809117914369,0.226500129699707));
#8415=CARTESIAN_POINT('',(-6.92128677704974,0.645809117914369,0.226500129699707));
#8416=CARTESIAN_POINT('',(-6.92128677704974,0.745809117914369,0.226500129699707));
#8417=CARTESIAN_POINT($,(-6.92128677704974,0.695809117914369,0.226500129699707));
#8418=CARTESIAN_POINT('',(-7.02128677704974,0.745809117914369,0.226500129699707));
#8419=CARTESIAN_POINT($,(-6.97128677704974,0.745809117914369,0.226500129699707));
#8420=CARTESIAN_POINT('',(-7.02128677704974,0.645809117914369,0.226500129699707));
#8421=CARTESIAN_POINT($,(-7.02128677704974,0.695809117914369,0.226500129699707));
#8422=CARTESIAN_POINT($,(-6.97128677704974,0.645809117914369,0.226500129699707));
#8423=CARTESIAN_POINT('Origin',(-6.97128677704974,0.695809117914369,0.126500129699707));
#8424=CARTESIAN_POINT('',(-6.92128677704974,0.745809117914369,0.126500129699707));
#8425=CARTESIAN_POINT('',(-6.92128677704974,0.645809117914369,0.126500129699707));
#8426=CARTESIAN_POINT($,(-6.92128677704974,0.695809117914369,0.126500129699707));
#8427=CARTESIAN_POINT('',(-7.02128677704974,0.645809117914369,0.126500129699707));
#8428=CARTESIAN_POINT($,(-6.97128677704974,0.645809117914369,0.126500129699707));
#8429=CARTESIAN_POINT('',(-7.02128677704974,0.745809117914369,0.126500129699707));
#8430=CARTESIAN_POINT($,(-7.02128677704974,0.695809117914369,0.126500129699707));
#8431=CARTESIAN_POINT($,(-6.97128677704974,0.745809117914369,0.126500129699707));
#8432=CARTESIAN_POINT('Origin',(-6.97128677704974,0.645809117914369,0.176500129699707));
#8433=CARTESIAN_POINT($,(-7.02128677704974,0.645809117914369,0.176500129699707));
#8434=CARTESIAN_POINT($,(-6.92128677704974,0.645809117914369,0.176500129699707));
#8435=CARTESIAN_POINT('Origin',(-7.02128677704974,0.695809117914369,0.176500129699707));
#8436=CARTESIAN_POINT($,(-7.02128677704974,0.745809117914369,0.176500129699707));
#8437=CARTESIAN_POINT('Origin',(-6.97128677704974,0.745809117914369,0.176500129699707));
#8438=CARTESIAN_POINT($,(-6.92128677704974,0.745809117914369,0.176500129699707));
#8439=CARTESIAN_POINT('Origin',(-6.92128677704974,0.695809117914369,0.176500129699707));
#8440=CARTESIAN_POINT('Origin',(-6.97128677704974,1.29580911791437,0.226500129699707));
#8441=CARTESIAN_POINT('',(-6.92128677704974,1.24580911791437,0.226500129699707));
#8442=CARTESIAN_POINT('',(-6.92128677704974,1.34580911791437,0.226500129699707));
#8443=CARTESIAN_POINT($,(-6.92128677704974,1.29580911791437,0.226500129699707));
#8444=CARTESIAN_POINT('',(-7.02128677704974,1.34580911791437,0.226500129699707));
#8445=CARTESIAN_POINT($,(-6.97128677704974,1.34580911791437,0.226500129699707));
#8446=CARTESIAN_POINT('',(-7.02128677704974,1.24580911791437,0.226500129699707));
#8447=CARTESIAN_POINT($,(-7.02128677704974,1.29580911791437,0.226500129699707));
#8448=CARTESIAN_POINT($,(-6.97128677704974,1.24580911791437,0.226500129699707));
#8449=CARTESIAN_POINT('Origin',(-6.97128677704974,1.29580911791437,0.126500129699707));
#8450=CARTESIAN_POINT('',(-6.92128677704974,1.34580911791437,0.126500129699707));
#8451=CARTESIAN_POINT('',(-6.92128677704974,1.24580911791437,0.126500129699707));
#8452=CARTESIAN_POINT($,(-6.92128677704974,1.29580911791437,0.126500129699707));
#8453=CARTESIAN_POINT('',(-7.02128677704974,1.24580911791437,0.126500129699707));
#8454=CARTESIAN_POINT($,(-6.97128677704974,1.24580911791437,0.126500129699707));
#8455=CARTESIAN_POINT('',(-7.02128677704974,1.34580911791437,0.126500129699707));
#8456=CARTESIAN_POINT($,(-7.02128677704974,1.29580911791437,0.126500129699707));
#8457=CARTESIAN_POINT($,(-6.97128677704974,1.34580911791437,0.126500129699707));
#8458=CARTESIAN_POINT('Origin',(-6.97128677704974,1.24580911791437,0.176500129699707));
#8459=CARTESIAN_POINT($,(-7.02128677704974,1.24580911791437,0.176500129699707));
#8460=CARTESIAN_POINT($,(-6.92128677704974,1.24580911791437,0.176500129699707));
#8461=CARTESIAN_POINT('Origin',(-7.02128677704974,1.29580911791437,0.176500129699707));
#8462=CARTESIAN_POINT($,(-7.02128677704974,1.34580911791437,0.176500129699707));
#8463=CARTESIAN_POINT('Origin',(-6.97128677704974,1.34580911791437,0.176500129699707));
#8464=CARTESIAN_POINT($,(-6.92128677704974,1.34580911791437,0.176500129699707));
#8465=CARTESIAN_POINT('Origin',(-6.92128677704974,1.29580911791437,0.176500129699707));
#8466=CARTESIAN_POINT('Origin',(-7.02128677704974,1.64580911791437,0.226500000000038));
#8467=CARTESIAN_POINT('',(-6.97128677704974,1.59580911791437,0.226500000000038));
#8468=CARTESIAN_POINT('',(-6.97128677704974,1.69580911791437,0.226500000000038));
#8469=CARTESIAN_POINT($,(-6.97128677704974,1.64580911791437,0.226500000000038));
#8470=CARTESIAN_POINT('',(-7.07128677704974,1.69580911791437,0.226500000000038));
#8471=CARTESIAN_POINT($,(-7.02128677704974,1.69580911791437,0.226500000000038));
#8472=CARTESIAN_POINT('',(-7.07128677704974,1.59580911791437,0.226500000000038));
#8473=CARTESIAN_POINT($,(-7.07128677704974,1.64580911791437,0.226500000000038));
#8474=CARTESIAN_POINT($,(-7.02128677704974,1.59580911791437,0.226500000000038));
#8475=CARTESIAN_POINT('Origin',(-7.02128677704974,1.64580911791437,0.126500000000038));
#8476=CARTESIAN_POINT('',(-6.97128677704974,1.69580911791437,0.126500000000038));
#8477=CARTESIAN_POINT('',(-6.97128677704974,1.59580911791437,0.126500000000038));
#8478=CARTESIAN_POINT($,(-6.97128677704974,1.64580911791437,0.126500000000038));
#8479=CARTESIAN_POINT('',(-7.07128677704974,1.59580911791437,0.126500000000038));
#8480=CARTESIAN_POINT($,(-7.02128677704974,1.59580911791437,0.126500000000038));
#8481=CARTESIAN_POINT('',(-7.07128677704974,1.69580911791437,0.126500000000038));
#8482=CARTESIAN_POINT($,(-7.07128677704974,1.64580911791437,0.126500000000038));
#8483=CARTESIAN_POINT($,(-7.02128677704974,1.69580911791437,0.126500000000038));
#8484=CARTESIAN_POINT('Origin',(-7.02128677704974,1.59580911791437,0.176500000000038));
#8485=CARTESIAN_POINT($,(-7.07128677704974,1.59580911791437,0.176500000000038));
#8486=CARTESIAN_POINT($,(-6.97128677704974,1.59580911791437,0.176500000000038));
#8487=CARTESIAN_POINT('Origin',(-7.07128677704974,1.64580911791437,0.176500000000038));
#8488=CARTESIAN_POINT($,(-7.07128677704974,1.69580911791437,0.176500000000038));
#8489=CARTESIAN_POINT('Origin',(-7.02128677704974,1.69580911791437,0.176500000000038));
#8490=CARTESIAN_POINT($,(-6.97128677704974,1.69580911791437,0.176500000000038));
#8491=CARTESIAN_POINT('Origin',(-6.97128677704974,1.64580911791437,0.176500000000038));
#8492=CARTESIAN_POINT('Origin',(-6.53505563735962,0.971310129165649,1.45149983406067));
#8493=CARTESIAN_POINT('',(-6.48505563735962,0.896310129165649,1.45149983406067));
#8494=CARTESIAN_POINT('',(-6.48505563735962,1.04631012916565,1.45149983406067));
#8495=CARTESIAN_POINT($,(-6.48505563735962,0.971310129165649,1.45149983406067));
#8496=CARTESIAN_POINT('',(-6.58505563735962,1.04631012916565,1.45149983406067));
#8497=CARTESIAN_POINT($,(-6.53505563735962,1.04631012916565,1.45149983406067));
#8498=CARTESIAN_POINT('',(-6.58505563735962,0.896310129165649,1.45149983406067));
#8499=CARTESIAN_POINT($,(-6.58505563735962,0.971310129165649,1.45149983406067));
#8500=CARTESIAN_POINT($,(-6.53505563735962,0.896310129165649,1.45149983406067));
#8501=CARTESIAN_POINT('Origin',(-6.53505563735962,0.971310129165649,1.41149983406067));
#8502=CARTESIAN_POINT('',(-6.48505563735962,1.04631012916565,1.41149983406067));
#8503=CARTESIAN_POINT('',(-6.48505563735962,0.896310129165649,1.41149983406067));
#8504=CARTESIAN_POINT($,(-6.48505563735962,0.971310129165649,1.41149983406067));
#8505=CARTESIAN_POINT('',(-6.58505563735962,0.896310129165649,1.41149983406067));
#8506=CARTESIAN_POINT($,(-6.53505563735962,0.896310129165649,1.41149983406067));
#8507=CARTESIAN_POINT('',(-6.58505563735962,1.04631012916565,1.41149983406067));
#8508=CARTESIAN_POINT($,(-6.58505563735962,0.971310129165649,1.41149983406067));
#8509=CARTESIAN_POINT($,(-6.53505563735962,1.04631012916565,1.41149983406067));
#8510=CARTESIAN_POINT('Origin',(-6.53505563735962,0.896310129165649,1.43149983406067));
#8511=CARTESIAN_POINT($,(-6.58505563735962,0.896310129165649,1.43149983406067));
#8512=CARTESIAN_POINT($,(-6.48505563735962,0.896310129165649,1.43149983406067));
#8513=CARTESIAN_POINT('Origin',(-6.58505563735962,0.971310129165649,1.43149983406067));
#8514=CARTESIAN_POINT($,(-6.58505563735962,1.04631012916565,1.43149983406067));
#8515=CARTESIAN_POINT('Origin',(-6.53505563735962,1.04631012916565,1.43149983406067));
#8516=CARTESIAN_POINT($,(-6.48505563735962,1.04631012916565,1.43149983406067));
#8517=CARTESIAN_POINT('Origin',(-6.48505563735962,0.971310129165649,1.43149983406067));
#8518=CARTESIAN_POINT('Origin',(-6.53505563735962,0.971310129165649,1.49149983406067));
#8519=CARTESIAN_POINT('',(-6.48505563735962,0.896310129165649,1.49149983406067));
#8520=CARTESIAN_POINT('',(-6.48505563735962,1.04631012916565,1.49149983406067));
#8521=CARTESIAN_POINT($,(-6.48505563735962,0.971310129165649,1.49149983406067));
#8522=CARTESIAN_POINT('',(-6.58505563735962,1.04631012916565,1.49149983406067));
#8523=CARTESIAN_POINT($,(-6.53505563735962,1.04631012916565,1.49149983406067));
#8524=CARTESIAN_POINT('',(-6.58505563735962,0.896310129165649,1.49149983406067));
#8525=CARTESIAN_POINT($,(-6.58505563735962,0.971310129165649,1.49149983406067));
#8526=CARTESIAN_POINT($,(-6.53505563735962,0.896310129165649,1.49149983406067));
#8527=CARTESIAN_POINT('Origin',(-6.53505563735962,0.971310129165649,1.45149983406067));
#8528=CARTESIAN_POINT('',(-6.48505563735962,1.04631012916565,1.45149983406067));
#8529=CARTESIAN_POINT('',(-6.48505563735962,0.896310129165649,1.45149983406067));
#8530=CARTESIAN_POINT($,(-6.48505563735962,0.971310129165649,1.45149983406067));
#8531=CARTESIAN_POINT('',(-6.58505563735962,0.896310129165649,1.45149983406067));
#8532=CARTESIAN_POINT($,(-6.53505563735962,0.896310129165649,1.45149983406067));
#8533=CARTESIAN_POINT('',(-6.58505563735962,1.04631012916565,1.45149983406067));
#8534=CARTESIAN_POINT($,(-6.58505563735962,0.971310129165649,1.45149983406067));
#8535=CARTESIAN_POINT($,(-6.53505563735962,1.04631012916565,1.45149983406067));
#8536=CARTESIAN_POINT('Origin',(-6.53505563735962,0.896310129165649,1.47149983406067));
#8537=CARTESIAN_POINT($,(-6.58505563735962,0.896310129165649,1.47149983406067));
#8538=CARTESIAN_POINT($,(-6.48505563735962,0.896310129165649,1.47149983406067));
#8539=CARTESIAN_POINT('Origin',(-6.58505563735962,0.971310129165649,1.47149983406067));
#8540=CARTESIAN_POINT($,(-6.58505563735962,1.04631012916565,1.47149983406067));
#8541=CARTESIAN_POINT('Origin',(-6.53505563735962,1.04631012916565,1.47149983406067));
#8542=CARTESIAN_POINT($,(-6.48505563735962,1.04631012916565,1.47149983406067));
#8543=CARTESIAN_POINT('Origin',(-6.48505563735962,0.971310129165649,1.47149983406067));
#8544=CARTESIAN_POINT('Origin',(-6.53505563735962,1.07131018638611,1.43149983406067));
#8545=CARTESIAN_POINT('',(-6.51505563735962,1.04631018638611,1.43149983406067));
#8546=CARTESIAN_POINT('Origin',(-6.53505563735962,1.04631018638611,1.43149983406067));
#8547=CARTESIAN_POINT('',(-6.51505563735962,1.09631018638611,1.43149983406067));
#8548=CARTESIAN_POINT('Origin',(-6.53505563735962,1.09631018638611,1.43149983406067));
#8549=CARTESIAN_POINT('Origin',(-6.53505563735962,1.04631018638611,1.43149983406067));
#8550=CARTESIAN_POINT('Origin',(-6.53505563735962,1.09631018638611,1.43149983406067));
#8551=UNCERTAINTY_MEASURE_WITH_UNIT(LENGTH_MEASURE(0.001),#8553,
'DISTANCE_ACCURACY_VALUE',
'Maximum model space distance between geometric entities at asserted c
onnectivities');
#8552=(
GEOMETRIC_REPRESENTATION_CONTEXT(3)
GLOBAL_UNCERTAINTY_ASSIGNED_CONTEXT((#8551))
GLOBAL_UNIT_ASSIGNED_CONTEXT((#8553,#8555,#8554))
REPRESENTATION_CONTEXT('','3D')
);
#8553=(
LENGTH_UNIT()
NAMED_UNIT(*)
SI_UNIT(.CENTI.,.METRE.)
);
#8554=(
NAMED_UNIT(*)
SI_UNIT($,.STERADIAN.)
SOLID_ANGLE_UNIT()
);
#8555=(
NAMED_UNIT(*)
PLANE_ANGLE_UNIT()
SI_UNIT($,.RADIAN.)
);
#8556=SHAPE_DEFINITION_REPRESENTATION(#8557,#8558);
#8557=PRODUCT_DEFINITION_SHAPE('',$,#8560);
#8558=SHAPE_REPRESENTATION('',(#5350),#8552);
#8559=PRODUCT_DEFINITION_CONTEXT('3D Mechanical Parts',#8563,'design');
#8560=PRODUCT_DEFINITION('machine 1','machine 1',#8561,#8559);
#8561=PRODUCT_DEFINITION_FORMATION('',$,#8565);
#8562=APPLICATION_PROTOCOL_DEFINITION('international standard',
'automotive_design',2009,#8563);
#8563=APPLICATION_CONTEXT(
'Core Data for Automotive Mechanical Design Process');
#8564=PRODUCT_CONTEXT('3D Mechanical Parts',#8563,'mechanical');
#8565=PRODUCT('machine 1','machine 1',$,(#8564));
#8566=PRESENTATION_STYLE_ASSIGNMENT((#8572));
#8567=PRESENTATION_STYLE_ASSIGNMENT((#8573));
#8568=PRESENTATION_STYLE_ASSIGNMENT((#8574));
#8569=PRESENTATION_STYLE_ASSIGNMENT((#8575));
#8570=PRESENTATION_STYLE_ASSIGNMENT((#8576));
#8571=PRESENTATION_STYLE_ASSIGNMENT((#8577));
#8572=SURFACE_STYLE_USAGE(.BOTH.,#8578);
#8573=SURFACE_STYLE_USAGE(.BOTH.,#8579);
#8574=SURFACE_STYLE_USAGE(.BOTH.,#8580);
#8575=SURFACE_STYLE_USAGE(.BOTH.,#8581);
#8576=SURFACE_STYLE_USAGE(.BOTH.,#8582);
#8577=SURFACE_STYLE_USAGE(.BOTH.,#8583);
#8578=SURFACE_SIDE_STYLE($,(#8584));
#8579=SURFACE_SIDE_STYLE($,(#8585));
#8580=SURFACE_SIDE_STYLE($,(#8586));
#8581=SURFACE_SIDE_STYLE($,(#8587));
#8582=SURFACE_SIDE_STYLE($,(#8588));
#8583=SURFACE_SIDE_STYLE($,(#8589));
#8584=SURFACE_STYLE_FILL_AREA(#8590);
#8585=SURFACE_STYLE_FILL_AREA(#8591);
#8586=SURFACE_STYLE_FILL_AREA(#8592);
#8587=SURFACE_STYLE_FILL_AREA(#8593);
#8588=SURFACE_STYLE_FILL_AREA(#8594);
#8589=SURFACE_STYLE_FILL_AREA(#8595);
#8590=FILL_AREA_STYLE($,(#8596));
#8591=FILL_AREA_STYLE($,(#8597));
#8592=FILL_AREA_STYLE($,(#8598));
#8593=FILL_AREA_STYLE($,(#8599));
#8594=FILL_AREA_STYLE($,(#8600));
#8595=FILL_AREA_STYLE($,(#8601));
#8596=FILL_AREA_STYLE_COLOUR($,#8602);
#8597=FILL_AREA_STYLE_COLOUR($,#8603);
#8598=FILL_AREA_STYLE_COLOUR($,#8604);
#8599=FILL_AREA_STYLE_COLOUR($,#8605);
#8600=FILL_AREA_STYLE_COLOUR($,#8606);
#8601=FILL_AREA_STYLE_COLOUR($,#8607);
#8602=COLOUR_RGB('__RGBA_0.168627_0.282353_0.34902',0.168627450980392,0.282352941176471,
0.349019607843137);
#8603=COLOUR_RGB('__RGBA_0.827451_0.929412_0.952941',0.827450980392157,
0.929411764705882,0.952941176470588);
#8604=COLOUR_RGB('__RGBA_0.933333_0.882353_0.321569',0.933333333333333,
0.882352941176471,0.32156862745098);
#8605=COLOUR_RGB('__RGBA_0.933333_0.333333_0.321569',0.933333333333333,
0.333333333333333,0.32156862745098);
#8606=COLOUR_RGB('__RGBA_0.0196078_0.105882_0.156863',0.0196078431372549,
0.105882352941176,0.156862745098039);
#8607=COLOUR_RGB('__RGBA_0.890196_0.937255_0.960784',0.890196078431373,
0.937254901960784,0.96078431372549);
ENDSEC;
END-ISO-10303-21;
