ISO-10303-21;
HEADER;
/* Generated by software containing ST-Developer
 * from STEP Tools, Inc. (www.steptools.com) 
 */

FILE_DESCRIPTION(
/* description */ (''),
/* implementation_level */ '2;1');

FILE_NAME(
/* name */ 
'C:/Users/max/Desktop/extra files/lab objects/clutter 1/Step file/clut
ter 1.stp',
/* time_stamp */ '2025-12-06T04:18:21+00:00',
/* author */ (''),
/* organization */ (''),
/* preprocessor_version */ 'ST-DEVELOPER v15.2',
/* originating_system */ 'Autodesk Translator Framework v2.0.0.5431',
/* authorisation */ '');

FILE_SCHEMA (('AUTOMOTIVE_DESIGN { 1 0 10303 214 3 1 1 }'));
ENDSEC;

DATA;
#10=SPHERICAL_SURFACE($,#10215,0.04);
#11=SPHERICAL_SURFACE($,#10532,0.04);
#12=SPHERICAL_SURFACE($,#10743,0.04);
#13=CIRCLE($,#10186,0.02);
#14=CIRCLE($,#10187,0.02);
#15=CIRCLE($,#10188,0.02);
#16=CIRCLE($,#10197,0.1);
#17=CIRCLE($,#10198,0.1);
#18=CIRCLE($,#10214,0.04);
#19=CIRCLE($,#10509,0.02);
#20=CIRCLE($,#10510,0.02);
#21=CIRCLE($,#10511,0.02);
#22=CIRCLE($,#10520,0.1);
#23=CIRCLE($,#10521,0.1);
#24=CIRCLE($,#10531,0.04);
#25=CIRCLE($,#10602,0.02);
#26=CIRCLE($,#10603,0.02);
#27=CIRCLE($,#10604,0.02);
#28=CIRCLE($,#10613,0.1);
#29=CIRCLE($,#10614,0.1);
#30=CIRCLE($,#10618,0.02);
#31=CIRCLE($,#10619,0.02);
#32=CIRCLE($,#10620,0.02);
#33=CIRCLE($,#10629,0.1);
#34=CIRCLE($,#10630,0.1);
#35=CIRCLE($,#10742,0.04);
#36=CYLINDRICAL_SURFACE($,#10185,0.02);
#37=CYLINDRICAL_SURFACE($,#10196,0.1);
#38=CYLINDRICAL_SURFACE($,#10508,0.02);
#39=CYLINDRICAL_SURFACE($,#10519,0.1);
#40=CYLINDRICAL_SURFACE($,#10601,0.02);
#41=CYLINDRICAL_SURFACE($,#10612,0.1);
#42=CYLINDRICAL_SURFACE($,#10617,0.02);
#43=CYLINDRICAL_SURFACE($,#10628,0.1);
#44=SHAPE_REPRESENTATION_RELATIONSHIP('SRR','None',#16062,#45);
#45=ADVANCED_BREP_SHAPE_REPRESENTATION($,(#10125,#10126,#10127,#10128,#10129,
#10130,#10131,#10132,#10133,#10134,#10135,#10136,#10137,#10138,#10139,#10140,
#10141,#10142,#10143,#10144,#10145,#10146,#10147,#10148,#10149,#10150,#10151,
#10152,#10153,#10154,#10155,#10156,#10157,#10158,#10159,#10160,#10161,#10162,
#10163,#10164,#10165,#10166,#10167),#16056);
#46=STYLED_ITEM($,(#16070),#10125);
#47=STYLED_ITEM($,(#16071),#10126);
#48=STYLED_ITEM($,(#16071),#10127);
#49=STYLED_ITEM($,(#16070),#10128);
#50=STYLED_ITEM($,(#16071),#10129);
#51=STYLED_ITEM($,(#16072),#10130);
#52=STYLED_ITEM($,(#16072),#10131);
#53=STYLED_ITEM($,(#16072),#10132);
#54=STYLED_ITEM($,(#16072),#10133);
#55=STYLED_ITEM($,(#16072),#10134);
#56=STYLED_ITEM($,(#16072),#10135);
#57=STYLED_ITEM($,(#16072),#10136);
#58=STYLED_ITEM($,(#16072),#10137);
#59=STYLED_ITEM($,(#16072),#10138);
#60=STYLED_ITEM($,(#16072),#10139);
#61=STYLED_ITEM($,(#16072),#10140);
#62=STYLED_ITEM($,(#16073),#10141);
#63=STYLED_ITEM($,(#16074),#10142);
#64=STYLED_ITEM($,(#16075),#10143);
#65=STYLED_ITEM($,(#16076),#10144);
#66=STYLED_ITEM($,(#16076),#10145);
#67=STYLED_ITEM($,(#16074),#10146);
#68=STYLED_ITEM($,(#16077),#10147);
#69=STYLED_ITEM($,(#16070),#10148);
#70=STYLED_ITEM($,(#16073),#10149);
#71=STYLED_ITEM($,(#16073),#10150);
#72=STYLED_ITEM($,(#16073),#10151);
#73=STYLED_ITEM($,(#16071),#10152);
#74=STYLED_ITEM($,(#16071),#10153);
#75=STYLED_ITEM($,(#16071),#10154);
#76=STYLED_ITEM($,(#16071),#10155);
#77=STYLED_ITEM($,(#16071),#10156);
#78=STYLED_ITEM($,(#16072),#10157);
#79=STYLED_ITEM($,(#16073),#10158);
#80=STYLED_ITEM($,(#16071),#10159);
#81=STYLED_ITEM($,(#16071),#10160);
#82=STYLED_ITEM($,(#16071),#10161);
#83=STYLED_ITEM($,(#16072),#10162);
#84=STYLED_ITEM($,(#16073),#10163);
#85=STYLED_ITEM($,(#16073),#10164);
#86=STYLED_ITEM($,(#16072),#10165);
#87=STYLED_ITEM($,(#16071),#10166);
#88=STYLED_ITEM($,(#16071),#10167);
#89=FACE_BOUND($,#719,.T.);
#90=FACE_BOUND($,#720,.T.);
#91=FACE_BOUND($,#721,.T.);
#92=FACE_BOUND($,#722,.T.);
#93=FACE_BOUND($,#723,.T.);
#94=FACE_BOUND($,#724,.T.);
#95=FACE_BOUND($,#725,.T.);
#96=FACE_BOUND($,#726,.T.);
#97=FACE_BOUND($,#730,.T.);
#98=FACE_BOUND($,#739,.T.);
#99=FACE_BOUND($,#741,.T.);
#100=FACE_BOUND($,#742,.T.);
#101=FACE_BOUND($,#777,.T.);
#102=FACE_BOUND($,#778,.T.);
#103=FACE_BOUND($,#779,.T.);
#104=FACE_BOUND($,#780,.T.);
#105=FACE_BOUND($,#781,.T.);
#106=FACE_BOUND($,#811,.T.);
#107=FACE_BOUND($,#812,.T.);
#108=FACE_BOUND($,#813,.T.);
#109=FACE_BOUND($,#814,.T.);
#110=FACE_BOUND($,#815,.T.);
#111=FACE_BOUND($,#887,.T.);
#112=FACE_BOUND($,#888,.T.);
#113=FACE_BOUND($,#889,.T.);
#114=FACE_BOUND($,#942,.T.);
#115=FACE_BOUND($,#943,.T.);
#116=FACE_BOUND($,#944,.T.);
#117=FACE_BOUND($,#945,.T.);
#118=FACE_BOUND($,#946,.T.);
#119=FACE_BOUND($,#967,.T.);
#120=FACE_BOUND($,#968,.T.);
#121=FACE_BOUND($,#969,.T.);
#122=FACE_BOUND($,#970,.T.);
#123=FACE_BOUND($,#971,.T.);
#124=FACE_BOUND($,#972,.T.);
#125=FACE_BOUND($,#974,.T.);
#126=FACE_BOUND($,#975,.T.);
#127=FACE_BOUND($,#977,.T.);
#128=FACE_BOUND($,#978,.T.);
#129=FACE_BOUND($,#989,.T.);
#130=FACE_BOUND($,#1011,.T.);
#131=FACE_BOUND($,#1012,.T.);
#132=FACE_BOUND($,#1023,.T.);
#133=FACE_BOUND($,#1024,.T.);
#134=FACE_BOUND($,#1025,.T.);
#135=FACE_BOUND($,#1031,.T.);
#136=FACE_BOUND($,#1032,.T.);
#137=FACE_BOUND($,#1033,.T.);
#138=FACE_BOUND($,#1034,.T.);
#139=FACE_BOUND($,#1035,.T.);
#140=FACE_BOUND($,#1080,.T.);
#141=FACE_BOUND($,#1089,.T.);
#142=FACE_BOUND($,#1091,.T.);
#143=FACE_BOUND($,#1092,.T.);
#144=FACE_BOUND($,#1121,.T.);
#145=FACE_BOUND($,#1122,.T.);
#146=FACE_BOUND($,#1123,.T.);
#147=FACE_BOUND($,#1124,.T.);
#148=FACE_BOUND($,#1125,.T.);
#149=FACE_BOUND($,#1135,.T.);
#150=FACE_BOUND($,#1136,.T.);
#151=FACE_BOUND($,#1137,.T.);
#152=FACE_BOUND($,#1138,.T.);
#153=FACE_BOUND($,#1139,.T.);
#154=FACE_BOUND($,#1178,.T.);
#155=FACE_BOUND($,#1187,.T.);
#156=FACE_BOUND($,#1189,.T.);
#157=FACE_BOUND($,#1190,.T.);
#158=FACE_BOUND($,#1192,.T.);
#159=FACE_BOUND($,#1201,.T.);
#160=FACE_BOUND($,#1203,.T.);
#161=FACE_BOUND($,#1204,.T.);
#162=FACE_BOUND($,#1225,.T.);
#163=FACE_BOUND($,#1226,.T.);
#164=FACE_BOUND($,#1227,.T.);
#165=FACE_BOUND($,#1228,.T.);
#166=FACE_BOUND($,#1229,.T.);
#167=FACE_BOUND($,#1239,.T.);
#168=FACE_BOUND($,#1240,.T.);
#169=FACE_BOUND($,#1241,.T.);
#170=FACE_BOUND($,#1242,.T.);
#171=FACE_BOUND($,#1243,.T.);
#172=FACE_BOUND($,#1283,.T.);
#173=FACE_BOUND($,#1284,.T.);
#174=FACE_BOUND($,#1285,.T.);
#175=FACE_BOUND($,#1306,.T.);
#176=FACE_BOUND($,#1307,.T.);
#177=FACE_BOUND($,#1308,.T.);
#178=FACE_BOUND($,#1309,.T.);
#179=FACE_BOUND($,#1310,.T.);
#180=FACE_OUTER_BOUND($,#709,.T.);
#181=FACE_OUTER_BOUND($,#710,.T.);
#182=FACE_OUTER_BOUND($,#711,.T.);
#183=FACE_OUTER_BOUND($,#712,.T.);
#184=FACE_OUTER_BOUND($,#713,.T.);
#185=FACE_OUTER_BOUND($,#714,.T.);
#186=FACE_OUTER_BOUND($,#715,.T.);
#187=FACE_OUTER_BOUND($,#716,.T.);
#188=FACE_OUTER_BOUND($,#717,.T.);
#189=FACE_OUTER_BOUND($,#718,.T.);
#190=FACE_OUTER_BOUND($,#727,.T.);
#191=FACE_OUTER_BOUND($,#728,.T.);
#192=FACE_OUTER_BOUND($,#729,.T.);
#193=FACE_OUTER_BOUND($,#731,.T.);
#194=FACE_OUTER_BOUND($,#732,.T.);
#195=FACE_OUTER_BOUND($,#733,.T.);
#196=FACE_OUTER_BOUND($,#734,.T.);
#197=FACE_OUTER_BOUND($,#735,.T.);
#198=FACE_OUTER_BOUND($,#736,.T.);
#199=FACE_OUTER_BOUND($,#737,.T.);
#200=FACE_OUTER_BOUND($,#738,.T.);
#201=FACE_OUTER_BOUND($,#740,.T.);
#202=FACE_OUTER_BOUND($,#743,.T.);
#203=FACE_OUTER_BOUND($,#744,.T.);
#204=FACE_OUTER_BOUND($,#745,.T.);
#205=FACE_OUTER_BOUND($,#746,.T.);
#206=FACE_OUTER_BOUND($,#747,.T.);
#207=FACE_OUTER_BOUND($,#748,.T.);
#208=FACE_OUTER_BOUND($,#749,.T.);
#209=FACE_OUTER_BOUND($,#750,.T.);
#210=FACE_OUTER_BOUND($,#751,.T.);
#211=FACE_OUTER_BOUND($,#752,.T.);
#212=FACE_OUTER_BOUND($,#753,.T.);
#213=FACE_OUTER_BOUND($,#754,.T.);
#214=FACE_OUTER_BOUND($,#755,.T.);
#215=FACE_OUTER_BOUND($,#756,.T.);
#216=FACE_OUTER_BOUND($,#757,.T.);
#217=FACE_OUTER_BOUND($,#758,.T.);
#218=FACE_OUTER_BOUND($,#759,.T.);
#219=FACE_OUTER_BOUND($,#760,.T.);
#220=FACE_OUTER_BOUND($,#761,.T.);
#221=FACE_OUTER_BOUND($,#762,.T.);
#222=FACE_OUTER_BOUND($,#763,.T.);
#223=FACE_OUTER_BOUND($,#764,.T.);
#224=FACE_OUTER_BOUND($,#765,.T.);
#225=FACE_OUTER_BOUND($,#766,.T.);
#226=FACE_OUTER_BOUND($,#767,.T.);
#227=FACE_OUTER_BOUND($,#768,.T.);
#228=FACE_OUTER_BOUND($,#769,.T.);
#229=FACE_OUTER_BOUND($,#770,.T.);
#230=FACE_OUTER_BOUND($,#771,.T.);
#231=FACE_OUTER_BOUND($,#772,.T.);
#232=FACE_OUTER_BOUND($,#773,.T.);
#233=FACE_OUTER_BOUND($,#774,.T.);
#234=FACE_OUTER_BOUND($,#775,.T.);
#235=FACE_OUTER_BOUND($,#776,.T.);
#236=FACE_OUTER_BOUND($,#782,.T.);
#237=FACE_OUTER_BOUND($,#783,.T.);
#238=FACE_OUTER_BOUND($,#784,.T.);
#239=FACE_OUTER_BOUND($,#785,.T.);
#240=FACE_OUTER_BOUND($,#786,.T.);
#241=FACE_OUTER_BOUND($,#787,.T.);
#242=FACE_OUTER_BOUND($,#788,.T.);
#243=FACE_OUTER_BOUND($,#789,.T.);
#244=FACE_OUTER_BOUND($,#790,.T.);
#245=FACE_OUTER_BOUND($,#791,.T.);
#246=FACE_OUTER_BOUND($,#792,.T.);
#247=FACE_OUTER_BOUND($,#793,.T.);
#248=FACE_OUTER_BOUND($,#794,.T.);
#249=FACE_OUTER_BOUND($,#795,.T.);
#250=FACE_OUTER_BOUND($,#796,.T.);
#251=FACE_OUTER_BOUND($,#797,.T.);
#252=FACE_OUTER_BOUND($,#798,.T.);
#253=FACE_OUTER_BOUND($,#799,.T.);
#254=FACE_OUTER_BOUND($,#800,.T.);
#255=FACE_OUTER_BOUND($,#801,.T.);
#256=FACE_OUTER_BOUND($,#802,.T.);
#257=FACE_OUTER_BOUND($,#803,.T.);
#258=FACE_OUTER_BOUND($,#804,.T.);
#259=FACE_OUTER_BOUND($,#805,.T.);
#260=FACE_OUTER_BOUND($,#806,.T.);
#261=FACE_OUTER_BOUND($,#807,.T.);
#262=FACE_OUTER_BOUND($,#808,.T.);
#263=FACE_OUTER_BOUND($,#809,.T.);
#264=FACE_OUTER_BOUND($,#810,.T.);
#265=FACE_OUTER_BOUND($,#816,.T.);
#266=FACE_OUTER_BOUND($,#817,.T.);
#267=FACE_OUTER_BOUND($,#818,.T.);
#268=FACE_OUTER_BOUND($,#819,.T.);
#269=FACE_OUTER_BOUND($,#820,.T.);
#270=FACE_OUTER_BOUND($,#821,.T.);
#271=FACE_OUTER_BOUND($,#822,.T.);
#272=FACE_OUTER_BOUND($,#823,.T.);
#273=FACE_OUTER_BOUND($,#824,.T.);
#274=FACE_OUTER_BOUND($,#825,.T.);
#275=FACE_OUTER_BOUND($,#826,.T.);
#276=FACE_OUTER_BOUND($,#827,.T.);
#277=FACE_OUTER_BOUND($,#828,.T.);
#278=FACE_OUTER_BOUND($,#829,.T.);
#279=FACE_OUTER_BOUND($,#830,.T.);
#280=FACE_OUTER_BOUND($,#831,.T.);
#281=FACE_OUTER_BOUND($,#832,.T.);
#282=FACE_OUTER_BOUND($,#833,.T.);
#283=FACE_OUTER_BOUND($,#834,.T.);
#284=FACE_OUTER_BOUND($,#835,.T.);
#285=FACE_OUTER_BOUND($,#836,.T.);
#286=FACE_OUTER_BOUND($,#837,.T.);
#287=FACE_OUTER_BOUND($,#838,.T.);
#288=FACE_OUTER_BOUND($,#839,.T.);
#289=FACE_OUTER_BOUND($,#840,.T.);
#290=FACE_OUTER_BOUND($,#841,.T.);
#291=FACE_OUTER_BOUND($,#842,.T.);
#292=FACE_OUTER_BOUND($,#843,.T.);
#293=FACE_OUTER_BOUND($,#844,.T.);
#294=FACE_OUTER_BOUND($,#845,.T.);
#295=FACE_OUTER_BOUND($,#846,.T.);
#296=FACE_OUTER_BOUND($,#847,.T.);
#297=FACE_OUTER_BOUND($,#848,.T.);
#298=FACE_OUTER_BOUND($,#849,.T.);
#299=FACE_OUTER_BOUND($,#850,.T.);
#300=FACE_OUTER_BOUND($,#851,.T.);
#301=FACE_OUTER_BOUND($,#852,.T.);
#302=FACE_OUTER_BOUND($,#853,.T.);
#303=FACE_OUTER_BOUND($,#854,.T.);
#304=FACE_OUTER_BOUND($,#855,.T.);
#305=FACE_OUTER_BOUND($,#856,.T.);
#306=FACE_OUTER_BOUND($,#857,.T.);
#307=FACE_OUTER_BOUND($,#858,.T.);
#308=FACE_OUTER_BOUND($,#859,.T.);
#309=FACE_OUTER_BOUND($,#860,.T.);
#310=FACE_OUTER_BOUND($,#861,.T.);
#311=FACE_OUTER_BOUND($,#862,.T.);
#312=FACE_OUTER_BOUND($,#863,.T.);
#313=FACE_OUTER_BOUND($,#864,.T.);
#314=FACE_OUTER_BOUND($,#865,.T.);
#315=FACE_OUTER_BOUND($,#866,.T.);
#316=FACE_OUTER_BOUND($,#867,.T.);
#317=FACE_OUTER_BOUND($,#868,.T.);
#318=FACE_OUTER_BOUND($,#869,.T.);
#319=FACE_OUTER_BOUND($,#870,.T.);
#320=FACE_OUTER_BOUND($,#871,.T.);
#321=FACE_OUTER_BOUND($,#872,.T.);
#322=FACE_OUTER_BOUND($,#873,.T.);
#323=FACE_OUTER_BOUND($,#874,.T.);
#324=FACE_OUTER_BOUND($,#875,.T.);
#325=FACE_OUTER_BOUND($,#876,.T.);
#326=FACE_OUTER_BOUND($,#877,.T.);
#327=FACE_OUTER_BOUND($,#878,.T.);
#328=FACE_OUTER_BOUND($,#879,.T.);
#329=FACE_OUTER_BOUND($,#880,.T.);
#330=FACE_OUTER_BOUND($,#881,.T.);
#331=FACE_OUTER_BOUND($,#882,.T.);
#332=FACE_OUTER_BOUND($,#883,.T.);
#333=FACE_OUTER_BOUND($,#884,.T.);
#334=FACE_OUTER_BOUND($,#885,.T.);
#335=FACE_OUTER_BOUND($,#886,.T.);
#336=FACE_OUTER_BOUND($,#890,.T.);
#337=FACE_OUTER_BOUND($,#891,.T.);
#338=FACE_OUTER_BOUND($,#892,.T.);
#339=FACE_OUTER_BOUND($,#893,.T.);
#340=FACE_OUTER_BOUND($,#894,.T.);
#341=FACE_OUTER_BOUND($,#895,.T.);
#342=FACE_OUTER_BOUND($,#896,.T.);
#343=FACE_OUTER_BOUND($,#897,.T.);
#344=FACE_OUTER_BOUND($,#898,.T.);
#345=FACE_OUTER_BOUND($,#899,.T.);
#346=FACE_OUTER_BOUND($,#900,.T.);
#347=FACE_OUTER_BOUND($,#901,.T.);
#348=FACE_OUTER_BOUND($,#902,.T.);
#349=FACE_OUTER_BOUND($,#903,.T.);
#350=FACE_OUTER_BOUND($,#904,.T.);
#351=FACE_OUTER_BOUND($,#905,.T.);
#352=FACE_OUTER_BOUND($,#906,.T.);
#353=FACE_OUTER_BOUND($,#907,.T.);
#354=FACE_OUTER_BOUND($,#908,.T.);
#355=FACE_OUTER_BOUND($,#909,.T.);
#356=FACE_OUTER_BOUND($,#910,.T.);
#357=FACE_OUTER_BOUND($,#911,.T.);
#358=FACE_OUTER_BOUND($,#912,.T.);
#359=FACE_OUTER_BOUND($,#913,.T.);
#360=FACE_OUTER_BOUND($,#914,.T.);
#361=FACE_OUTER_BOUND($,#915,.T.);
#362=FACE_OUTER_BOUND($,#916,.T.);
#363=FACE_OUTER_BOUND($,#917,.T.);
#364=FACE_OUTER_BOUND($,#918,.T.);
#365=FACE_OUTER_BOUND($,#919,.T.);
#366=FACE_OUTER_BOUND($,#920,.T.);
#367=FACE_OUTER_BOUND($,#921,.T.);
#368=FACE_OUTER_BOUND($,#922,.T.);
#369=FACE_OUTER_BOUND($,#923,.T.);
#370=FACE_OUTER_BOUND($,#924,.T.);
#371=FACE_OUTER_BOUND($,#925,.T.);
#372=FACE_OUTER_BOUND($,#926,.T.);
#373=FACE_OUTER_BOUND($,#927,.T.);
#374=FACE_OUTER_BOUND($,#928,.T.);
#375=FACE_OUTER_BOUND($,#929,.T.);
#376=FACE_OUTER_BOUND($,#930,.T.);
#377=FACE_OUTER_BOUND($,#931,.T.);
#378=FACE_OUTER_BOUND($,#932,.T.);
#379=FACE_OUTER_BOUND($,#933,.T.);
#380=FACE_OUTER_BOUND($,#934,.T.);
#381=FACE_OUTER_BOUND($,#935,.T.);
#382=FACE_OUTER_BOUND($,#936,.T.);
#383=FACE_OUTER_BOUND($,#937,.T.);
#384=FACE_OUTER_BOUND($,#938,.T.);
#385=FACE_OUTER_BOUND($,#939,.T.);
#386=FACE_OUTER_BOUND($,#940,.T.);
#387=FACE_OUTER_BOUND($,#941,.T.);
#388=FACE_OUTER_BOUND($,#947,.T.);
#389=FACE_OUTER_BOUND($,#948,.T.);
#390=FACE_OUTER_BOUND($,#949,.T.);
#391=FACE_OUTER_BOUND($,#950,.T.);
#392=FACE_OUTER_BOUND($,#951,.T.);
#393=FACE_OUTER_BOUND($,#952,.T.);
#394=FACE_OUTER_BOUND($,#953,.T.);
#395=FACE_OUTER_BOUND($,#954,.T.);
#396=FACE_OUTER_BOUND($,#955,.T.);
#397=FACE_OUTER_BOUND($,#956,.T.);
#398=FACE_OUTER_BOUND($,#957,.T.);
#399=FACE_OUTER_BOUND($,#958,.T.);
#400=FACE_OUTER_BOUND($,#959,.T.);
#401=FACE_OUTER_BOUND($,#960,.T.);
#402=FACE_OUTER_BOUND($,#961,.T.);
#403=FACE_OUTER_BOUND($,#962,.T.);
#404=FACE_OUTER_BOUND($,#963,.T.);
#405=FACE_OUTER_BOUND($,#964,.T.);
#406=FACE_OUTER_BOUND($,#965,.T.);
#407=FACE_OUTER_BOUND($,#966,.T.);
#408=FACE_OUTER_BOUND($,#973,.T.);
#409=FACE_OUTER_BOUND($,#976,.T.);
#410=FACE_OUTER_BOUND($,#979,.T.);
#411=FACE_OUTER_BOUND($,#980,.T.);
#412=FACE_OUTER_BOUND($,#981,.T.);
#413=FACE_OUTER_BOUND($,#982,.T.);
#414=FACE_OUTER_BOUND($,#983,.T.);
#415=FACE_OUTER_BOUND($,#984,.T.);
#416=FACE_OUTER_BOUND($,#985,.T.);
#417=FACE_OUTER_BOUND($,#986,.T.);
#418=FACE_OUTER_BOUND($,#987,.T.);
#419=FACE_OUTER_BOUND($,#988,.T.);
#420=FACE_OUTER_BOUND($,#990,.T.);
#421=FACE_OUTER_BOUND($,#991,.T.);
#422=FACE_OUTER_BOUND($,#992,.T.);
#423=FACE_OUTER_BOUND($,#993,.T.);
#424=FACE_OUTER_BOUND($,#994,.T.);
#425=FACE_OUTER_BOUND($,#995,.T.);
#426=FACE_OUTER_BOUND($,#996,.T.);
#427=FACE_OUTER_BOUND($,#997,.T.);
#428=FACE_OUTER_BOUND($,#998,.T.);
#429=FACE_OUTER_BOUND($,#999,.T.);
#430=FACE_OUTER_BOUND($,#1000,.T.);
#431=FACE_OUTER_BOUND($,#1001,.T.);
#432=FACE_OUTER_BOUND($,#1002,.T.);
#433=FACE_OUTER_BOUND($,#1003,.T.);
#434=FACE_OUTER_BOUND($,#1004,.T.);
#435=FACE_OUTER_BOUND($,#1005,.T.);
#436=FACE_OUTER_BOUND($,#1006,.T.);
#437=FACE_OUTER_BOUND($,#1007,.T.);
#438=FACE_OUTER_BOUND($,#1008,.T.);
#439=FACE_OUTER_BOUND($,#1009,.T.);
#440=FACE_OUTER_BOUND($,#1010,.T.);
#441=FACE_OUTER_BOUND($,#1013,.T.);
#442=FACE_OUTER_BOUND($,#1014,.T.);
#443=FACE_OUTER_BOUND($,#1015,.T.);
#444=FACE_OUTER_BOUND($,#1016,.T.);
#445=FACE_OUTER_BOUND($,#1017,.T.);
#446=FACE_OUTER_BOUND($,#1018,.T.);
#447=FACE_OUTER_BOUND($,#1019,.T.);
#448=FACE_OUTER_BOUND($,#1020,.T.);
#449=FACE_OUTER_BOUND($,#1021,.T.);
#450=FACE_OUTER_BOUND($,#1022,.T.);
#451=FACE_OUTER_BOUND($,#1026,.T.);
#452=FACE_OUTER_BOUND($,#1027,.T.);
#453=FACE_OUTER_BOUND($,#1028,.T.);
#454=FACE_OUTER_BOUND($,#1029,.T.);
#455=FACE_OUTER_BOUND($,#1030,.T.);
#456=FACE_OUTER_BOUND($,#1036,.T.);
#457=FACE_OUTER_BOUND($,#1037,.T.);
#458=FACE_OUTER_BOUND($,#1038,.T.);
#459=FACE_OUTER_BOUND($,#1039,.T.);
#460=FACE_OUTER_BOUND($,#1040,.T.);
#461=FACE_OUTER_BOUND($,#1041,.T.);
#462=FACE_OUTER_BOUND($,#1042,.T.);
#463=FACE_OUTER_BOUND($,#1043,.T.);
#464=FACE_OUTER_BOUND($,#1044,.T.);
#465=FACE_OUTER_BOUND($,#1045,.T.);
#466=FACE_OUTER_BOUND($,#1046,.T.);
#467=FACE_OUTER_BOUND($,#1047,.T.);
#468=FACE_OUTER_BOUND($,#1048,.T.);
#469=FACE_OUTER_BOUND($,#1049,.T.);
#470=FACE_OUTER_BOUND($,#1050,.T.);
#471=FACE_OUTER_BOUND($,#1051,.T.);
#472=FACE_OUTER_BOUND($,#1052,.T.);
#473=FACE_OUTER_BOUND($,#1053,.T.);
#474=FACE_OUTER_BOUND($,#1054,.T.);
#475=FACE_OUTER_BOUND($,#1055,.T.);
#476=FACE_OUTER_BOUND($,#1056,.T.);
#477=FACE_OUTER_BOUND($,#1057,.T.);
#478=FACE_OUTER_BOUND($,#1058,.T.);
#479=FACE_OUTER_BOUND($,#1059,.T.);
#480=FACE_OUTER_BOUND($,#1060,.T.);
#481=FACE_OUTER_BOUND($,#1061,.T.);
#482=FACE_OUTER_BOUND($,#1062,.T.);
#483=FACE_OUTER_BOUND($,#1063,.T.);
#484=FACE_OUTER_BOUND($,#1064,.T.);
#485=FACE_OUTER_BOUND($,#1065,.T.);
#486=FACE_OUTER_BOUND($,#1066,.T.);
#487=FACE_OUTER_BOUND($,#1067,.T.);
#488=FACE_OUTER_BOUND($,#1068,.T.);
#489=FACE_OUTER_BOUND($,#1069,.T.);
#490=FACE_OUTER_BOUND($,#1070,.T.);
#491=FACE_OUTER_BOUND($,#1071,.T.);
#492=FACE_OUTER_BOUND($,#1072,.T.);
#493=FACE_OUTER_BOUND($,#1073,.T.);
#494=FACE_OUTER_BOUND($,#1074,.T.);
#495=FACE_OUTER_BOUND($,#1075,.T.);
#496=FACE_OUTER_BOUND($,#1076,.T.);
#497=FACE_OUTER_BOUND($,#1077,.T.);
#498=FACE_OUTER_BOUND($,#1078,.T.);
#499=FACE_OUTER_BOUND($,#1079,.T.);
#500=FACE_OUTER_BOUND($,#1081,.T.);
#501=FACE_OUTER_BOUND($,#1082,.T.);
#502=FACE_OUTER_BOUND($,#1083,.T.);
#503=FACE_OUTER_BOUND($,#1084,.T.);
#504=FACE_OUTER_BOUND($,#1085,.T.);
#505=FACE_OUTER_BOUND($,#1086,.T.);
#506=FACE_OUTER_BOUND($,#1087,.T.);
#507=FACE_OUTER_BOUND($,#1088,.T.);
#508=FACE_OUTER_BOUND($,#1090,.T.);
#509=FACE_OUTER_BOUND($,#1093,.T.);
#510=FACE_OUTER_BOUND($,#1094,.T.);
#511=FACE_OUTER_BOUND($,#1095,.T.);
#512=FACE_OUTER_BOUND($,#1096,.T.);
#513=FACE_OUTER_BOUND($,#1097,.T.);
#514=FACE_OUTER_BOUND($,#1098,.T.);
#515=FACE_OUTER_BOUND($,#1099,.T.);
#516=FACE_OUTER_BOUND($,#1100,.T.);
#517=FACE_OUTER_BOUND($,#1101,.T.);
#518=FACE_OUTER_BOUND($,#1102,.T.);
#519=FACE_OUTER_BOUND($,#1103,.T.);
#520=FACE_OUTER_BOUND($,#1104,.T.);
#521=FACE_OUTER_BOUND($,#1105,.T.);
#522=FACE_OUTER_BOUND($,#1106,.T.);
#523=FACE_OUTER_BOUND($,#1107,.T.);
#524=FACE_OUTER_BOUND($,#1108,.T.);
#525=FACE_OUTER_BOUND($,#1109,.T.);
#526=FACE_OUTER_BOUND($,#1110,.T.);
#527=FACE_OUTER_BOUND($,#1111,.T.);
#528=FACE_OUTER_BOUND($,#1112,.T.);
#529=FACE_OUTER_BOUND($,#1113,.T.);
#530=FACE_OUTER_BOUND($,#1114,.T.);
#531=FACE_OUTER_BOUND($,#1115,.T.);
#532=FACE_OUTER_BOUND($,#1116,.T.);
#533=FACE_OUTER_BOUND($,#1117,.T.);
#534=FACE_OUTER_BOUND($,#1118,.T.);
#535=FACE_OUTER_BOUND($,#1119,.T.);
#536=FACE_OUTER_BOUND($,#1120,.T.);
#537=FACE_OUTER_BOUND($,#1126,.T.);
#538=FACE_OUTER_BOUND($,#1127,.T.);
#539=FACE_OUTER_BOUND($,#1128,.T.);
#540=FACE_OUTER_BOUND($,#1129,.T.);
#541=FACE_OUTER_BOUND($,#1130,.T.);
#542=FACE_OUTER_BOUND($,#1131,.T.);
#543=FACE_OUTER_BOUND($,#1132,.T.);
#544=FACE_OUTER_BOUND($,#1133,.T.);
#545=FACE_OUTER_BOUND($,#1134,.T.);
#546=FACE_OUTER_BOUND($,#1140,.T.);
#547=FACE_OUTER_BOUND($,#1141,.T.);
#548=FACE_OUTER_BOUND($,#1142,.T.);
#549=FACE_OUTER_BOUND($,#1143,.T.);
#550=FACE_OUTER_BOUND($,#1144,.T.);
#551=FACE_OUTER_BOUND($,#1145,.T.);
#552=FACE_OUTER_BOUND($,#1146,.T.);
#553=FACE_OUTER_BOUND($,#1147,.T.);
#554=FACE_OUTER_BOUND($,#1148,.T.);
#555=FACE_OUTER_BOUND($,#1149,.T.);
#556=FACE_OUTER_BOUND($,#1150,.T.);
#557=FACE_OUTER_BOUND($,#1151,.T.);
#558=FACE_OUTER_BOUND($,#1152,.T.);
#559=FACE_OUTER_BOUND($,#1153,.T.);
#560=FACE_OUTER_BOUND($,#1154,.T.);
#561=FACE_OUTER_BOUND($,#1155,.T.);
#562=FACE_OUTER_BOUND($,#1156,.T.);
#563=FACE_OUTER_BOUND($,#1157,.T.);
#564=FACE_OUTER_BOUND($,#1158,.T.);
#565=FACE_OUTER_BOUND($,#1159,.T.);
#566=FACE_OUTER_BOUND($,#1160,.T.);
#567=FACE_OUTER_BOUND($,#1161,.T.);
#568=FACE_OUTER_BOUND($,#1162,.T.);
#569=FACE_OUTER_BOUND($,#1163,.T.);
#570=FACE_OUTER_BOUND($,#1164,.T.);
#571=FACE_OUTER_BOUND($,#1165,.T.);
#572=FACE_OUTER_BOUND($,#1166,.T.);
#573=FACE_OUTER_BOUND($,#1167,.T.);
#574=FACE_OUTER_BOUND($,#1168,.T.);
#575=FACE_OUTER_BOUND($,#1169,.T.);
#576=FACE_OUTER_BOUND($,#1170,.T.);
#577=FACE_OUTER_BOUND($,#1171,.T.);
#578=FACE_OUTER_BOUND($,#1172,.T.);
#579=FACE_OUTER_BOUND($,#1173,.T.);
#580=FACE_OUTER_BOUND($,#1174,.T.);
#581=FACE_OUTER_BOUND($,#1175,.T.);
#582=FACE_OUTER_BOUND($,#1176,.T.);
#583=FACE_OUTER_BOUND($,#1177,.T.);
#584=FACE_OUTER_BOUND($,#1179,.T.);
#585=FACE_OUTER_BOUND($,#1180,.T.);
#586=FACE_OUTER_BOUND($,#1181,.T.);
#587=FACE_OUTER_BOUND($,#1182,.T.);
#588=FACE_OUTER_BOUND($,#1183,.T.);
#589=FACE_OUTER_BOUND($,#1184,.T.);
#590=FACE_OUTER_BOUND($,#1185,.T.);
#591=FACE_OUTER_BOUND($,#1186,.T.);
#592=FACE_OUTER_BOUND($,#1188,.T.);
#593=FACE_OUTER_BOUND($,#1191,.T.);
#594=FACE_OUTER_BOUND($,#1193,.T.);
#595=FACE_OUTER_BOUND($,#1194,.T.);
#596=FACE_OUTER_BOUND($,#1195,.T.);
#597=FACE_OUTER_BOUND($,#1196,.T.);
#598=FACE_OUTER_BOUND($,#1197,.T.);
#599=FACE_OUTER_BOUND($,#1198,.T.);
#600=FACE_OUTER_BOUND($,#1199,.T.);
#601=FACE_OUTER_BOUND($,#1200,.T.);
#602=FACE_OUTER_BOUND($,#1202,.T.);
#603=FACE_OUTER_BOUND($,#1205,.T.);
#604=FACE_OUTER_BOUND($,#1206,.T.);
#605=FACE_OUTER_BOUND($,#1207,.T.);
#606=FACE_OUTER_BOUND($,#1208,.T.);
#607=FACE_OUTER_BOUND($,#1209,.T.);
#608=FACE_OUTER_BOUND($,#1210,.T.);
#609=FACE_OUTER_BOUND($,#1211,.T.);
#610=FACE_OUTER_BOUND($,#1212,.T.);
#611=FACE_OUTER_BOUND($,#1213,.T.);
#612=FACE_OUTER_BOUND($,#1214,.T.);
#613=FACE_OUTER_BOUND($,#1215,.T.);
#614=FACE_OUTER_BOUND($,#1216,.T.);
#615=FACE_OUTER_BOUND($,#1217,.T.);
#616=FACE_OUTER_BOUND($,#1218,.T.);
#617=FACE_OUTER_BOUND($,#1219,.T.);
#618=FACE_OUTER_BOUND($,#1220,.T.);
#619=FACE_OUTER_BOUND($,#1221,.T.);
#620=FACE_OUTER_BOUND($,#1222,.T.);
#621=FACE_OUTER_BOUND($,#1223,.T.);
#622=FACE_OUTER_BOUND($,#1224,.T.);
#623=FACE_OUTER_BOUND($,#1230,.T.);
#624=FACE_OUTER_BOUND($,#1231,.T.);
#625=FACE_OUTER_BOUND($,#1232,.T.);
#626=FACE_OUTER_BOUND($,#1233,.T.);
#627=FACE_OUTER_BOUND($,#1234,.T.);
#628=FACE_OUTER_BOUND($,#1235,.T.);
#629=FACE_OUTER_BOUND($,#1236,.T.);
#630=FACE_OUTER_BOUND($,#1237,.T.);
#631=FACE_OUTER_BOUND($,#1238,.T.);
#632=FACE_OUTER_BOUND($,#1244,.T.);
#633=FACE_OUTER_BOUND($,#1245,.T.);
#634=FACE_OUTER_BOUND($,#1246,.T.);
#635=FACE_OUTER_BOUND($,#1247,.T.);
#636=FACE_OUTER_BOUND($,#1248,.T.);
#637=FACE_OUTER_BOUND($,#1249,.T.);
#638=FACE_OUTER_BOUND($,#1250,.T.);
#639=FACE_OUTER_BOUND($,#1251,.T.);
#640=FACE_OUTER_BOUND($,#1252,.T.);
#641=FACE_OUTER_BOUND($,#1253,.T.);
#642=FACE_OUTER_BOUND($,#1254,.T.);
#643=FACE_OUTER_BOUND($,#1255,.T.);
#644=FACE_OUTER_BOUND($,#1256,.T.);
#645=FACE_OUTER_BOUND($,#1257,.T.);
#646=FACE_OUTER_BOUND($,#1258,.T.);
#647=FACE_OUTER_BOUND($,#1259,.T.);
#648=FACE_OUTER_BOUND($,#1260,.T.);
#649=FACE_OUTER_BOUND($,#1261,.T.);
#650=FACE_OUTER_BOUND($,#1262,.T.);
#651=FACE_OUTER_BOUND($,#1263,.T.);
#652=FACE_OUTER_BOUND($,#1264,.T.);
#653=FACE_OUTER_BOUND($,#1265,.T.);
#654=FACE_OUTER_BOUND($,#1266,.T.);
#655=FACE_OUTER_BOUND($,#1267,.T.);
#656=FACE_OUTER_BOUND($,#1268,.T.);
#657=FACE_OUTER_BOUND($,#1269,.T.);
#658=FACE_OUTER_BOUND($,#1270,.T.);
#659=FACE_OUTER_BOUND($,#1271,.T.);
#660=FACE_OUTER_BOUND($,#1272,.T.);
#661=FACE_OUTER_BOUND($,#1273,.T.);
#662=FACE_OUTER_BOUND($,#1274,.T.);
#663=FACE_OUTER_BOUND($,#1275,.T.);
#664=FACE_OUTER_BOUND($,#1276,.T.);
#665=FACE_OUTER_BOUND($,#1277,.T.);
#666=FACE_OUTER_BOUND($,#1278,.T.);
#667=FACE_OUTER_BOUND($,#1279,.T.);
#668=FACE_OUTER_BOUND($,#1280,.T.);
#669=FACE_OUTER_BOUND($,#1281,.T.);
#670=FACE_OUTER_BOUND($,#1282,.T.);
#671=FACE_OUTER_BOUND($,#1286,.T.);
#672=FACE_OUTER_BOUND($,#1287,.T.);
#673=FACE_OUTER_BOUND($,#1288,.T.);
#674=FACE_OUTER_BOUND($,#1289,.T.);
#675=FACE_OUTER_BOUND($,#1290,.T.);
#676=FACE_OUTER_BOUND($,#1291,.T.);
#677=FACE_OUTER_BOUND($,#1292,.T.);
#678=FACE_OUTER_BOUND($,#1293,.T.);
#679=FACE_OUTER_BOUND($,#1294,.T.);
#680=FACE_OUTER_BOUND($,#1295,.T.);
#681=FACE_OUTER_BOUND($,#1296,.T.);
#682=FACE_OUTER_BOUND($,#1297,.T.);
#683=FACE_OUTER_BOUND($,#1298,.T.);
#684=FACE_OUTER_BOUND($,#1299,.T.);
#685=FACE_OUTER_BOUND($,#1300,.T.);
#686=FACE_OUTER_BOUND($,#1301,.T.);
#687=FACE_OUTER_BOUND($,#1302,.T.);
#688=FACE_OUTER_BOUND($,#1303,.T.);
#689=FACE_OUTER_BOUND($,#1304,.T.);
#690=FACE_OUTER_BOUND($,#1305,.T.);
#691=FACE_OUTER_BOUND($,#1311,.T.);
#692=FACE_OUTER_BOUND($,#1312,.T.);
#693=FACE_OUTER_BOUND($,#1313,.T.);
#694=FACE_OUTER_BOUND($,#1314,.T.);
#695=FACE_OUTER_BOUND($,#1315,.T.);
#696=FACE_OUTER_BOUND($,#1316,.T.);
#697=FACE_OUTER_BOUND($,#1317,.T.);
#698=FACE_OUTER_BOUND($,#1318,.T.);
#699=FACE_OUTER_BOUND($,#1319,.T.);
#700=FACE_OUTER_BOUND($,#1320,.T.);
#701=FACE_OUTER_BOUND($,#1321,.T.);
#702=FACE_OUTER_BOUND($,#1322,.T.);
#703=FACE_OUTER_BOUND($,#1323,.T.);
#704=FACE_OUTER_BOUND($,#1324,.T.);
#705=FACE_OUTER_BOUND($,#1325,.T.);
#706=FACE_OUTER_BOUND($,#1326,.T.);
#707=FACE_OUTER_BOUND($,#1327,.T.);
#708=FACE_OUTER_BOUND($,#1328,.T.);
#709=EDGE_LOOP($,(#6271,#6272,#6273,#6274));
#710=EDGE_LOOP($,(#6275,#6276,#6277,#6278));
#711=EDGE_LOOP($,(#6279,#6280,#6281,#6282));
#712=EDGE_LOOP($,(#6283,#6284,#6285,#6286));
#713=EDGE_LOOP($,(#6287,#6288,#6289,#6290,#6291,#6292,#6293,#6294,#6295,
#6296,#6297,#6298));
#714=EDGE_LOOP($,(#6299,#6300,#6301,#6302));
#715=EDGE_LOOP($,(#6303,#6304,#6305,#6306));
#716=EDGE_LOOP($,(#6307,#6308,#6309,#6310));
#717=EDGE_LOOP($,(#6311,#6312,#6313,#6314,#6315,#6316,#6317,#6318,#6319,
#6320,#6321,#6322));
#718=EDGE_LOOP($,(#6323,#6324,#6325,#6326));
#719=EDGE_LOOP($,(#6327,#6328,#6329,#6330));
#720=EDGE_LOOP($,(#6331,#6332,#6333,#6334));
#721=EDGE_LOOP($,(#6335,#6336,#6337,#6338));
#722=EDGE_LOOP($,(#6339,#6340,#6341,#6342));
#723=EDGE_LOOP($,(#6343,#6344,#6345,#6346));
#724=EDGE_LOOP($,(#6347,#6348,#6349,#6350));
#725=EDGE_LOOP($,(#6351,#6352,#6353,#6354));
#726=EDGE_LOOP($,(#6355,#6356,#6357,#6358));
#727=EDGE_LOOP($,(#6359,#6360,#6361,#6362));
#728=EDGE_LOOP($,(#6363,#6364,#6365,#6366));
#729=EDGE_LOOP($,(#6367,#6368,#6369,#6370));
#730=EDGE_LOOP($,(#6371));
#731=EDGE_LOOP($,(#6372,#6373));
#732=EDGE_LOOP($,(#6374,#6375,#6376,#6377,#6378,#6379,#6380,#6381));
#733=EDGE_LOOP($,(#6382,#6383,#6384,#6385));
#734=EDGE_LOOP($,(#6386,#6387,#6388,#6389,#6390,#6391));
#735=EDGE_LOOP($,(#6392,#6393,#6394,#6395));
#736=EDGE_LOOP($,(#6396,#6397,#6398,#6399));
#737=EDGE_LOOP($,(#6400,#6401,#6402,#6403));
#738=EDGE_LOOP($,(#6404));
#739=EDGE_LOOP($,(#6405));
#740=EDGE_LOOP($,(#6406));
#741=EDGE_LOOP($,(#6407));
#742=EDGE_LOOP($,(#6408));
#743=EDGE_LOOP($,(#6409,#6410,#6411,#6412));
#744=EDGE_LOOP($,(#6413,#6414,#6415,#6416));
#745=EDGE_LOOP($,(#6417,#6418,#6419,#6420));
#746=EDGE_LOOP($,(#6421,#6422,#6423,#6424));
#747=EDGE_LOOP($,(#6425,#6426,#6427,#6428));
#748=EDGE_LOOP($,(#6429,#6430,#6431,#6432));
#749=EDGE_LOOP($,(#6433,#6434,#6435,#6436));
#750=EDGE_LOOP($,(#6437,#6438,#6439,#6440));
#751=EDGE_LOOP($,(#6441,#6442,#6443,#6444));
#752=EDGE_LOOP($,(#6445,#6446,#6447,#6448));
#753=EDGE_LOOP($,(#6449,#6450,#6451,#6452));
#754=EDGE_LOOP($,(#6453,#6454,#6455,#6456));
#755=EDGE_LOOP($,(#6457));
#756=EDGE_LOOP($,(#6458));
#757=EDGE_LOOP($,(#6459,#6460,#6461,#6462));
#758=EDGE_LOOP($,(#6463,#6464,#6465,#6466));
#759=EDGE_LOOP($,(#6467,#6468,#6469,#6470));
#760=EDGE_LOOP($,(#6471,#6472,#6473,#6474));
#761=EDGE_LOOP($,(#6475,#6476,#6477,#6478));
#762=EDGE_LOOP($,(#6479,#6480,#6481,#6482));
#763=EDGE_LOOP($,(#6483,#6484,#6485,#6486));
#764=EDGE_LOOP($,(#6487,#6488,#6489,#6490));
#765=EDGE_LOOP($,(#6491,#6492,#6493,#6494));
#766=EDGE_LOOP($,(#6495,#6496,#6497,#6498));
#767=EDGE_LOOP($,(#6499,#6500,#6501,#6502));
#768=EDGE_LOOP($,(#6503,#6504,#6505,#6506));
#769=EDGE_LOOP($,(#6507,#6508,#6509,#6510));
#770=EDGE_LOOP($,(#6511,#6512,#6513,#6514));
#771=EDGE_LOOP($,(#6515,#6516,#6517,#6518));
#772=EDGE_LOOP($,(#6519,#6520,#6521,#6522));
#773=EDGE_LOOP($,(#6523,#6524,#6525,#6526));
#774=EDGE_LOOP($,(#6527,#6528,#6529,#6530));
#775=EDGE_LOOP($,(#6531,#6532,#6533,#6534));
#776=EDGE_LOOP($,(#6535,#6536,#6537,#6538));
#777=EDGE_LOOP($,(#6539,#6540,#6541,#6542));
#778=EDGE_LOOP($,(#6543,#6544,#6545,#6546));
#779=EDGE_LOOP($,(#6547,#6548,#6549,#6550));
#780=EDGE_LOOP($,(#6551,#6552,#6553,#6554));
#781=EDGE_LOOP($,(#6555,#6556,#6557,#6558));
#782=EDGE_LOOP($,(#6559,#6560,#6561,#6562,#6563,#6564,#6565,#6566));
#783=EDGE_LOOP($,(#6567,#6568,#6569,#6570));
#784=EDGE_LOOP($,(#6571,#6572,#6573,#6574,#6575,#6576,#6577,#6578));
#785=EDGE_LOOP($,(#6579,#6580,#6581,#6582));
#786=EDGE_LOOP($,(#6583,#6584,#6585,#6586));
#787=EDGE_LOOP($,(#6587,#6588,#6589,#6590));
#788=EDGE_LOOP($,(#6591,#6592,#6593,#6594));
#789=EDGE_LOOP($,(#6595,#6596,#6597,#6598));
#790=EDGE_LOOP($,(#6599,#6600,#6601,#6602));
#791=EDGE_LOOP($,(#6603,#6604,#6605,#6606));
#792=EDGE_LOOP($,(#6607,#6608,#6609,#6610));
#793=EDGE_LOOP($,(#6611,#6612,#6613,#6614));
#794=EDGE_LOOP($,(#6615,#6616,#6617,#6618));
#795=EDGE_LOOP($,(#6619,#6620,#6621,#6622));
#796=EDGE_LOOP($,(#6623,#6624,#6625,#6626));
#797=EDGE_LOOP($,(#6627,#6628,#6629,#6630));
#798=EDGE_LOOP($,(#6631,#6632,#6633,#6634));
#799=EDGE_LOOP($,(#6635,#6636,#6637,#6638));
#800=EDGE_LOOP($,(#6639,#6640,#6641,#6642));
#801=EDGE_LOOP($,(#6643,#6644,#6645,#6646));
#802=EDGE_LOOP($,(#6647,#6648,#6649,#6650));
#803=EDGE_LOOP($,(#6651,#6652,#6653,#6654));
#804=EDGE_LOOP($,(#6655,#6656,#6657,#6658));
#805=EDGE_LOOP($,(#6659,#6660,#6661,#6662));
#806=EDGE_LOOP($,(#6663,#6664,#6665,#6666));
#807=EDGE_LOOP($,(#6667,#6668,#6669,#6670));
#808=EDGE_LOOP($,(#6671,#6672,#6673,#6674));
#809=EDGE_LOOP($,(#6675,#6676,#6677,#6678));
#810=EDGE_LOOP($,(#6679,#6680,#6681,#6682));
#811=EDGE_LOOP($,(#6683,#6684,#6685,#6686));
#812=EDGE_LOOP($,(#6687,#6688,#6689,#6690));
#813=EDGE_LOOP($,(#6691,#6692,#6693,#6694));
#814=EDGE_LOOP($,(#6695,#6696,#6697,#6698));
#815=EDGE_LOOP($,(#6699,#6700,#6701,#6702));
#816=EDGE_LOOP($,(#6703,#6704,#6705,#6706,#6707,#6708,#6709,#6710));
#817=EDGE_LOOP($,(#6711,#6712,#6713,#6714));
#818=EDGE_LOOP($,(#6715,#6716,#6717,#6718,#6719,#6720,#6721,#6722));
#819=EDGE_LOOP($,(#6723,#6724,#6725,#6726));
#820=EDGE_LOOP($,(#6727,#6728,#6729,#6730));
#821=EDGE_LOOP($,(#6731,#6732,#6733,#6734));
#822=EDGE_LOOP($,(#6735,#6736,#6737,#6738));
#823=EDGE_LOOP($,(#6739,#6740,#6741,#6742));
#824=EDGE_LOOP($,(#6743,#6744,#6745,#6746));
#825=EDGE_LOOP($,(#6747,#6748,#6749,#6750));
#826=EDGE_LOOP($,(#6751,#6752,#6753,#6754));
#827=EDGE_LOOP($,(#6755,#6756,#6757,#6758));
#828=EDGE_LOOP($,(#6759,#6760,#6761,#6762));
#829=EDGE_LOOP($,(#6763,#6764,#6765,#6766));
#830=EDGE_LOOP($,(#6767,#6768,#6769,#6770));
#831=EDGE_LOOP($,(#6771,#6772,#6773,#6774));
#832=EDGE_LOOP($,(#6775,#6776,#6777,#6778));
#833=EDGE_LOOP($,(#6779,#6780,#6781,#6782));
#834=EDGE_LOOP($,(#6783,#6784,#6785,#6786));
#835=EDGE_LOOP($,(#6787,#6788,#6789,#6790));
#836=EDGE_LOOP($,(#6791,#6792,#6793,#6794));
#837=EDGE_LOOP($,(#6795,#6796,#6797,#6798));
#838=EDGE_LOOP($,(#6799,#6800,#6801,#6802));
#839=EDGE_LOOP($,(#6803,#6804,#6805,#6806));
#840=EDGE_LOOP($,(#6807,#6808,#6809,#6810));
#841=EDGE_LOOP($,(#6811,#6812,#6813,#6814));
#842=EDGE_LOOP($,(#6815,#6816,#6817,#6818));
#843=EDGE_LOOP($,(#6819,#6820,#6821,#6822));
#844=EDGE_LOOP($,(#6823,#6824,#6825,#6826));
#845=EDGE_LOOP($,(#6827,#6828,#6829,#6830));
#846=EDGE_LOOP($,(#6831,#6832,#6833,#6834));
#847=EDGE_LOOP($,(#6835,#6836,#6837,#6838));
#848=EDGE_LOOP($,(#6839,#6840,#6841,#6842));
#849=EDGE_LOOP($,(#6843,#6844,#6845,#6846));
#850=EDGE_LOOP($,(#6847,#6848,#6849,#6850));
#851=EDGE_LOOP($,(#6851,#6852,#6853,#6854));
#852=EDGE_LOOP($,(#6855,#6856,#6857,#6858));
#853=EDGE_LOOP($,(#6859,#6860,#6861,#6862));
#854=EDGE_LOOP($,(#6863,#6864,#6865,#6866));
#855=EDGE_LOOP($,(#6867,#6868,#6869,#6870));
#856=EDGE_LOOP($,(#6871,#6872,#6873,#6874));
#857=EDGE_LOOP($,(#6875,#6876,#6877,#6878));
#858=EDGE_LOOP($,(#6879,#6880,#6881,#6882));
#859=EDGE_LOOP($,(#6883,#6884,#6885,#6886));
#860=EDGE_LOOP($,(#6887,#6888,#6889,#6890));
#861=EDGE_LOOP($,(#6891,#6892,#6893,#6894));
#862=EDGE_LOOP($,(#6895,#6896,#6897,#6898));
#863=EDGE_LOOP($,(#6899,#6900,#6901,#6902));
#864=EDGE_LOOP($,(#6903,#6904,#6905,#6906));
#865=EDGE_LOOP($,(#6907,#6908,#6909,#6910));
#866=EDGE_LOOP($,(#6911,#6912,#6913,#6914));
#867=EDGE_LOOP($,(#6915,#6916,#6917,#6918));
#868=EDGE_LOOP($,(#6919,#6920,#6921,#6922));
#869=EDGE_LOOP($,(#6923,#6924,#6925,#6926));
#870=EDGE_LOOP($,(#6927,#6928,#6929,#6930));
#871=EDGE_LOOP($,(#6931,#6932,#6933,#6934));
#872=EDGE_LOOP($,(#6935,#6936,#6937,#6938));
#873=EDGE_LOOP($,(#6939,#6940,#6941,#6942));
#874=EDGE_LOOP($,(#6943,#6944,#6945,#6946));
#875=EDGE_LOOP($,(#6947,#6948,#6949,#6950));
#876=EDGE_LOOP($,(#6951,#6952,#6953,#6954));
#877=EDGE_LOOP($,(#6955,#6956,#6957,#6958));
#878=EDGE_LOOP($,(#6959,#6960,#6961,#6962));
#879=EDGE_LOOP($,(#6963,#6964,#6965,#6966));
#880=EDGE_LOOP($,(#6967,#6968,#6969,#6970));
#881=EDGE_LOOP($,(#6971,#6972,#6973,#6974,#6975,#6976,#6977,#6978));
#882=EDGE_LOOP($,(#6979,#6980,#6981,#6982));
#883=EDGE_LOOP($,(#6983,#6984,#6985,#6986));
#884=EDGE_LOOP($,(#6987,#6988,#6989,#6990));
#885=EDGE_LOOP($,(#6991,#6992,#6993,#6994,#6995,#6996,#6997,#6998));
#886=EDGE_LOOP($,(#6999,#7000,#7001,#7002));
#887=EDGE_LOOP($,(#7003,#7004,#7005,#7006));
#888=EDGE_LOOP($,(#7007,#7008,#7009,#7010));
#889=EDGE_LOOP($,(#7011,#7012,#7013,#7014));
#890=EDGE_LOOP($,(#7015,#7016,#7017,#7018));
#891=EDGE_LOOP($,(#7019,#7020,#7021,#7022));
#892=EDGE_LOOP($,(#7023,#7024,#7025,#7026));
#893=EDGE_LOOP($,(#7027,#7028,#7029,#7030));
#894=EDGE_LOOP($,(#7031,#7032,#7033,#7034));
#895=EDGE_LOOP($,(#7035,#7036,#7037,#7038));
#896=EDGE_LOOP($,(#7039,#7040,#7041,#7042));
#897=EDGE_LOOP($,(#7043,#7044,#7045,#7046));
#898=EDGE_LOOP($,(#7047,#7048,#7049,#7050));
#899=EDGE_LOOP($,(#7051,#7052,#7053,#7054));
#900=EDGE_LOOP($,(#7055,#7056,#7057,#7058));
#901=EDGE_LOOP($,(#7059,#7060,#7061,#7062));
#902=EDGE_LOOP($,(#7063,#7064,#7065,#7066));
#903=EDGE_LOOP($,(#7067,#7068,#7069,#7070));
#904=EDGE_LOOP($,(#7071,#7072,#7073,#7074));
#905=EDGE_LOOP($,(#7075,#7076,#7077,#7078));
#906=EDGE_LOOP($,(#7079,#7080,#7081,#7082));
#907=EDGE_LOOP($,(#7083,#7084,#7085,#7086));
#908=EDGE_LOOP($,(#7087,#7088,#7089,#7090));
#909=EDGE_LOOP($,(#7091,#7092,#7093,#7094));
#910=EDGE_LOOP($,(#7095,#7096,#7097,#7098));
#911=EDGE_LOOP($,(#7099,#7100,#7101,#7102));
#912=EDGE_LOOP($,(#7103,#7104,#7105,#7106));
#913=EDGE_LOOP($,(#7107,#7108,#7109,#7110));
#914=EDGE_LOOP($,(#7111,#7112,#7113,#7114));
#915=EDGE_LOOP($,(#7115,#7116,#7117,#7118));
#916=EDGE_LOOP($,(#7119,#7120,#7121,#7122));
#917=EDGE_LOOP($,(#7123,#7124,#7125,#7126));
#918=EDGE_LOOP($,(#7127,#7128,#7129,#7130));
#919=EDGE_LOOP($,(#7131,#7132,#7133,#7134));
#920=EDGE_LOOP($,(#7135,#7136,#7137,#7138));
#921=EDGE_LOOP($,(#7139,#7140,#7141,#7142));
#922=EDGE_LOOP($,(#7143,#7144,#7145,#7146));
#923=EDGE_LOOP($,(#7147,#7148,#7149,#7150));
#924=EDGE_LOOP($,(#7151,#7152,#7153,#7154));
#925=EDGE_LOOP($,(#7155,#7156,#7157,#7158));
#926=EDGE_LOOP($,(#7159,#7160,#7161,#7162));
#927=EDGE_LOOP($,(#7163,#7164,#7165,#7166));
#928=EDGE_LOOP($,(#7167,#7168,#7169,#7170));
#929=EDGE_LOOP($,(#7171,#7172,#7173,#7174));
#930=EDGE_LOOP($,(#7175,#7176,#7177,#7178));
#931=EDGE_LOOP($,(#7179,#7180,#7181,#7182));
#932=EDGE_LOOP($,(#7183,#7184,#7185,#7186));
#933=EDGE_LOOP($,(#7187,#7188,#7189,#7190,#7191,#7192,#7193,#7194));
#934=EDGE_LOOP($,(#7195,#7196,#7197,#7198,#7199,#7200,#7201,#7202));
#935=EDGE_LOOP($,(#7203,#7204,#7205,#7206,#7207,#7208,#7209,#7210));
#936=EDGE_LOOP($,(#7211,#7212,#7213,#7214,#7215,#7216,#7217,#7218));
#937=EDGE_LOOP($,(#7219,#7220,#7221,#7222,#7223,#7224,#7225,#7226,#7227,
#7228,#7229,#7230));
#938=EDGE_LOOP($,(#7231,#7232,#7233,#7234,#7235,#7236,#7237,#7238,#7239,
#7240,#7241,#7242));
#939=EDGE_LOOP($,(#7243,#7244,#7245,#7246,#7247,#7248,#7249,#7250,#7251,
#7252,#7253,#7254));
#940=EDGE_LOOP($,(#7255,#7256,#7257,#7258));
#941=EDGE_LOOP($,(#7259,#7260,#7261,#7262));
#942=EDGE_LOOP($,(#7263,#7264,#7265,#7266));
#943=EDGE_LOOP($,(#7267,#7268,#7269,#7270));
#944=EDGE_LOOP($,(#7271,#7272,#7273,#7274));
#945=EDGE_LOOP($,(#7275,#7276,#7277,#7278));
#946=EDGE_LOOP($,(#7279,#7280,#7281,#7282));
#947=EDGE_LOOP($,(#7283,#7284,#7285,#7286));
#948=EDGE_LOOP($,(#7287,#7288,#7289,#7290));
#949=EDGE_LOOP($,(#7291,#7292,#7293,#7294));
#950=EDGE_LOOP($,(#7295,#7296,#7297,#7298));
#951=EDGE_LOOP($,(#7299,#7300,#7301,#7302));
#952=EDGE_LOOP($,(#7303,#7304,#7305,#7306));
#953=EDGE_LOOP($,(#7307,#7308,#7309,#7310));
#954=EDGE_LOOP($,(#7311,#7312,#7313,#7314));
#955=EDGE_LOOP($,(#7315,#7316,#7317,#7318));
#956=EDGE_LOOP($,(#7319,#7320,#7321,#7322));
#957=EDGE_LOOP($,(#7323,#7324,#7325,#7326));
#958=EDGE_LOOP($,(#7327,#7328,#7329,#7330));
#959=EDGE_LOOP($,(#7331,#7332,#7333,#7334));
#960=EDGE_LOOP($,(#7335,#7336,#7337,#7338));
#961=EDGE_LOOP($,(#7339,#7340,#7341,#7342));
#962=EDGE_LOOP($,(#7343,#7344,#7345,#7346,#7347,#7348,#7349,#7350,#7351,
#7352,#7353,#7354));
#963=EDGE_LOOP($,(#7355,#7356,#7357,#7358));
#964=EDGE_LOOP($,(#7359,#7360,#7361,#7362));
#965=EDGE_LOOP($,(#7363,#7364,#7365,#7366));
#966=EDGE_LOOP($,(#7367,#7368,#7369,#7370));
#967=EDGE_LOOP($,(#7371,#7372,#7373,#7374));
#968=EDGE_LOOP($,(#7375,#7376,#7377,#7378));
#969=EDGE_LOOP($,(#7379,#7380,#7381,#7382,#7383,#7384,#7385,#7386,#7387,
#7388,#7389,#7390));
#970=EDGE_LOOP($,(#7391,#7392,#7393,#7394));
#971=EDGE_LOOP($,(#7395,#7396,#7397,#7398));
#972=EDGE_LOOP($,(#7399,#7400,#7401,#7402,#7403,#7404,#7405,#7406,#7407,
#7408,#7409,#7410));
#973=EDGE_LOOP($,(#7411,#7412,#7413,#7414,#7415,#7416,#7417,#7418,#7419,
#7420,#7421,#7422));
#974=EDGE_LOOP($,(#7423,#7424,#7425,#7426));
#975=EDGE_LOOP($,(#7427,#7428,#7429,#7430));
#976=EDGE_LOOP($,(#7431,#7432,#7433,#7434,#7435,#7436,#7437,#7438,#7439,
#7440,#7441,#7442));
#977=EDGE_LOOP($,(#7443,#7444,#7445,#7446));
#978=EDGE_LOOP($,(#7447,#7448,#7449,#7450));
#979=EDGE_LOOP($,(#7451,#7452,#7453,#7454));
#980=EDGE_LOOP($,(#7455,#7456,#7457,#7458));
#981=EDGE_LOOP($,(#7459,#7460,#7461,#7462));
#982=EDGE_LOOP($,(#7463,#7464,#7465,#7466));
#983=EDGE_LOOP($,(#7467,#7468,#7469,#7470));
#984=EDGE_LOOP($,(#7471,#7472,#7473,#7474));
#985=EDGE_LOOP($,(#7475,#7476,#7477,#7478));
#986=EDGE_LOOP($,(#7479,#7480,#7481,#7482));
#987=EDGE_LOOP($,(#7483,#7484,#7485,#7486));
#988=EDGE_LOOP($,(#7487,#7488,#7489,#7490));
#989=EDGE_LOOP($,(#7491,#7492,#7493,#7494));
#990=EDGE_LOOP($,(#7495,#7496,#7497,#7498));
#991=EDGE_LOOP($,(#7499,#7500,#7501,#7502));
#992=EDGE_LOOP($,(#7503,#7504,#7505,#7506));
#993=EDGE_LOOP($,(#7507,#7508,#7509,#7510));
#994=EDGE_LOOP($,(#7511,#7512,#7513,#7514));
#995=EDGE_LOOP($,(#7515,#7516,#7517,#7518));
#996=EDGE_LOOP($,(#7519,#7520,#7521,#7522));
#997=EDGE_LOOP($,(#7523,#7524,#7525,#7526));
#998=EDGE_LOOP($,(#7527,#7528,#7529,#7530));
#999=EDGE_LOOP($,(#7531,#7532,#7533,#7534));
#1000=EDGE_LOOP($,(#7535,#7536,#7537,#7538));
#1001=EDGE_LOOP($,(#7539,#7540,#7541,#7542));
#1002=EDGE_LOOP($,(#7543,#7544,#7545,#7546));
#1003=EDGE_LOOP($,(#7547,#7548,#7549,#7550));
#1004=EDGE_LOOP($,(#7551,#7552,#7553,#7554));
#1005=EDGE_LOOP($,(#7555,#7556,#7557,#7558));
#1006=EDGE_LOOP($,(#7559,#7560,#7561,#7562,#7563,#7564,#7565,#7566));
#1007=EDGE_LOOP($,(#7567,#7568,#7569,#7570,#7571,#7572,#7573,#7574));
#1008=EDGE_LOOP($,(#7575,#7576,#7577,#7578));
#1009=EDGE_LOOP($,(#7579,#7580,#7581,#7582,#7583,#7584,#7585,#7586));
#1010=EDGE_LOOP($,(#7587,#7588,#7589,#7590));
#1011=EDGE_LOOP($,(#7591,#7592,#7593,#7594));
#1012=EDGE_LOOP($,(#7595,#7596,#7597,#7598));
#1013=EDGE_LOOP($,(#7599,#7600,#7601,#7602));
#1014=EDGE_LOOP($,(#7603,#7604,#7605,#7606,#7607,#7608,#7609,#7610));
#1015=EDGE_LOOP($,(#7611,#7612,#7613,#7614));
#1016=EDGE_LOOP($,(#7615,#7616,#7617,#7618));
#1017=EDGE_LOOP($,(#7619,#7620,#7621,#7622,#7623,#7624,#7625,#7626));
#1018=EDGE_LOOP($,(#7627,#7628,#7629,#7630));
#1019=EDGE_LOOP($,(#7631,#7632,#7633,#7634));
#1020=EDGE_LOOP($,(#7635,#7636,#7637,#7638));
#1021=EDGE_LOOP($,(#7639,#7640,#7641,#7642,#7643,#7644,#7645,#7646));
#1022=EDGE_LOOP($,(#7647,#7648,#7649,#7650));
#1023=EDGE_LOOP($,(#7651,#7652,#7653,#7654));
#1024=EDGE_LOOP($,(#7655,#7656,#7657,#7658));
#1025=EDGE_LOOP($,(#7659,#7660,#7661,#7662));
#1026=EDGE_LOOP($,(#7663,#7664,#7665,#7666));
#1027=EDGE_LOOP($,(#7667,#7668,#7669,#7670));
#1028=EDGE_LOOP($,(#7671,#7672,#7673,#7674));
#1029=EDGE_LOOP($,(#7675,#7676,#7677,#7678));
#1030=EDGE_LOOP($,(#7679,#7680,#7681,#7682));
#1031=EDGE_LOOP($,(#7683,#7684,#7685,#7686));
#1032=EDGE_LOOP($,(#7687,#7688,#7689,#7690));
#1033=EDGE_LOOP($,(#7691,#7692,#7693,#7694));
#1034=EDGE_LOOP($,(#7695,#7696,#7697,#7698));
#1035=EDGE_LOOP($,(#7699,#7700,#7701,#7702));
#1036=EDGE_LOOP($,(#7703,#7704,#7705,#7706));
#1037=EDGE_LOOP($,(#7707,#7708,#7709,#7710));
#1038=EDGE_LOOP($,(#7711,#7712,#7713,#7714));
#1039=EDGE_LOOP($,(#7715,#7716,#7717,#7718));
#1040=EDGE_LOOP($,(#7719,#7720,#7721,#7722));
#1041=EDGE_LOOP($,(#7723,#7724,#7725,#7726,#7727,#7728,#7729,#7730));
#1042=EDGE_LOOP($,(#7731,#7732,#7733,#7734,#7735,#7736,#7737,#7738));
#1043=EDGE_LOOP($,(#7739,#7740,#7741,#7742));
#1044=EDGE_LOOP($,(#7743,#7744,#7745,#7746));
#1045=EDGE_LOOP($,(#7747,#7748,#7749,#7750));
#1046=EDGE_LOOP($,(#7751,#7752,#7753,#7754));
#1047=EDGE_LOOP($,(#7755,#7756,#7757,#7758,#7759,#7760,#7761,#7762,#7763,
#7764,#7765,#7766));
#1048=EDGE_LOOP($,(#7767,#7768,#7769,#7770));
#1049=EDGE_LOOP($,(#7771,#7772,#7773,#7774));
#1050=EDGE_LOOP($,(#7775,#7776,#7777,#7778));
#1051=EDGE_LOOP($,(#7779,#7780,#7781,#7782));
#1052=EDGE_LOOP($,(#7783,#7784,#7785,#7786));
#1053=EDGE_LOOP($,(#7787,#7788,#7789,#7790));
#1054=EDGE_LOOP($,(#7791,#7792,#7793,#7794));
#1055=EDGE_LOOP($,(#7795,#7796,#7797,#7798));
#1056=EDGE_LOOP($,(#7799,#7800,#7801,#7802));
#1057=EDGE_LOOP($,(#7803,#7804,#7805,#7806));
#1058=EDGE_LOOP($,(#7807,#7808,#7809,#7810,#7811,#7812,#7813,#7814));
#1059=EDGE_LOOP($,(#7815,#7816,#7817,#7818,#7819,#7820,#7821,#7822,#7823,
#7824,#7825,#7826));
#1060=EDGE_LOOP($,(#7827,#7828,#7829,#7830,#7831,#7832,#7833,#7834));
#1061=EDGE_LOOP($,(#7835,#7836,#7837,#7838));
#1062=EDGE_LOOP($,(#7839,#7840,#7841,#7842));
#1063=EDGE_LOOP($,(#7843,#7844,#7845,#7846));
#1064=EDGE_LOOP($,(#7847,#7848,#7849,#7850));
#1065=EDGE_LOOP($,(#7851,#7852,#7853,#7854,#7855,#7856,#7857,#7858,#7859,
#7860,#7861,#7862));
#1066=EDGE_LOOP($,(#7863,#7864,#7865,#7866,#7867,#7868,#7869,#7870,#7871,
#7872,#7873,#7874));
#1067=EDGE_LOOP($,(#7875,#7876,#7877,#7878));
#1068=EDGE_LOOP($,(#7879,#7880,#7881,#7882));
#1069=EDGE_LOOP($,(#7883,#7884,#7885,#7886));
#1070=EDGE_LOOP($,(#7887,#7888,#7889,#7890));
#1071=EDGE_LOOP($,(#7891,#7892,#7893,#7894));
#1072=EDGE_LOOP($,(#7895,#7896,#7897,#7898));
#1073=EDGE_LOOP($,(#7899,#7900,#7901,#7902));
#1074=EDGE_LOOP($,(#7903,#7904,#7905,#7906));
#1075=EDGE_LOOP($,(#7907,#7908,#7909,#7910));
#1076=EDGE_LOOP($,(#7911,#7912,#7913,#7914));
#1077=EDGE_LOOP($,(#7915,#7916,#7917,#7918));
#1078=EDGE_LOOP($,(#7919,#7920,#7921,#7922));
#1079=EDGE_LOOP($,(#7923,#7924,#7925,#7926));
#1080=EDGE_LOOP($,(#7927));
#1081=EDGE_LOOP($,(#7928,#7929));
#1082=EDGE_LOOP($,(#7930,#7931,#7932,#7933,#7934,#7935,#7936,#7937));
#1083=EDGE_LOOP($,(#7938,#7939,#7940,#7941));
#1084=EDGE_LOOP($,(#7942,#7943,#7944,#7945,#7946,#7947));
#1085=EDGE_LOOP($,(#7948,#7949,#7950,#7951));
#1086=EDGE_LOOP($,(#7952,#7953,#7954,#7955));
#1087=EDGE_LOOP($,(#7956,#7957,#7958,#7959));
#1088=EDGE_LOOP($,(#7960));
#1089=EDGE_LOOP($,(#7961));
#1090=EDGE_LOOP($,(#7962));
#1091=EDGE_LOOP($,(#7963));
#1092=EDGE_LOOP($,(#7964));
#1093=EDGE_LOOP($,(#7965,#7966,#7967,#7968));
#1094=EDGE_LOOP($,(#7969,#7970,#7971,#7972));
#1095=EDGE_LOOP($,(#7973,#7974,#7975,#7976));
#1096=EDGE_LOOP($,(#7977,#7978,#7979,#7980));
#1097=EDGE_LOOP($,(#7981,#7982,#7983,#7984));
#1098=EDGE_LOOP($,(#7985,#7986,#7987,#7988));
#1099=EDGE_LOOP($,(#7989));
#1100=EDGE_LOOP($,(#7990));
#1101=EDGE_LOOP($,(#7991,#7992,#7993,#7994));
#1102=EDGE_LOOP($,(#7995,#7996,#7997,#7998));
#1103=EDGE_LOOP($,(#7999,#8000,#8001,#8002));
#1104=EDGE_LOOP($,(#8003,#8004,#8005,#8006));
#1105=EDGE_LOOP($,(#8007,#8008,#8009,#8010));
#1106=EDGE_LOOP($,(#8011,#8012,#8013,#8014));
#1107=EDGE_LOOP($,(#8015,#8016,#8017,#8018));
#1108=EDGE_LOOP($,(#8019,#8020,#8021,#8022));
#1109=EDGE_LOOP($,(#8023,#8024,#8025,#8026));
#1110=EDGE_LOOP($,(#8027,#8028,#8029,#8030));
#1111=EDGE_LOOP($,(#8031,#8032,#8033,#8034));
#1112=EDGE_LOOP($,(#8035,#8036,#8037,#8038));
#1113=EDGE_LOOP($,(#8039,#8040,#8041,#8042));
#1114=EDGE_LOOP($,(#8043,#8044,#8045,#8046));
#1115=EDGE_LOOP($,(#8047,#8048,#8049,#8050));
#1116=EDGE_LOOP($,(#8051,#8052,#8053,#8054));
#1117=EDGE_LOOP($,(#8055,#8056,#8057,#8058));
#1118=EDGE_LOOP($,(#8059,#8060,#8061,#8062));
#1119=EDGE_LOOP($,(#8063,#8064,#8065,#8066));
#1120=EDGE_LOOP($,(#8067,#8068,#8069,#8070));
#1121=EDGE_LOOP($,(#8071,#8072,#8073,#8074));
#1122=EDGE_LOOP($,(#8075,#8076,#8077,#8078));
#1123=EDGE_LOOP($,(#8079,#8080,#8081,#8082));
#1124=EDGE_LOOP($,(#8083,#8084,#8085,#8086));
#1125=EDGE_LOOP($,(#8087,#8088,#8089,#8090));
#1126=EDGE_LOOP($,(#8091,#8092,#8093,#8094,#8095,#8096,#8097,#8098));
#1127=EDGE_LOOP($,(#8099,#8100,#8101,#8102));
#1128=EDGE_LOOP($,(#8103,#8104,#8105,#8106,#8107,#8108,#8109,#8110));
#1129=EDGE_LOOP($,(#8111,#8112,#8113,#8114));
#1130=EDGE_LOOP($,(#8115,#8116,#8117,#8118));
#1131=EDGE_LOOP($,(#8119,#8120,#8121,#8122));
#1132=EDGE_LOOP($,(#8123,#8124,#8125,#8126));
#1133=EDGE_LOOP($,(#8127,#8128,#8129,#8130));
#1134=EDGE_LOOP($,(#8131,#8132,#8133,#8134));
#1135=EDGE_LOOP($,(#8135,#8136,#8137,#8138));
#1136=EDGE_LOOP($,(#8139,#8140,#8141,#8142));
#1137=EDGE_LOOP($,(#8143,#8144,#8145,#8146));
#1138=EDGE_LOOP($,(#8147,#8148,#8149,#8150));
#1139=EDGE_LOOP($,(#8151,#8152,#8153,#8154));
#1140=EDGE_LOOP($,(#8155,#8156,#8157,#8158));
#1141=EDGE_LOOP($,(#8159,#8160,#8161,#8162));
#1142=EDGE_LOOP($,(#8163,#8164,#8165,#8166));
#1143=EDGE_LOOP($,(#8167,#8168,#8169,#8170));
#1144=EDGE_LOOP($,(#8171,#8172,#8173,#8174));
#1145=EDGE_LOOP($,(#8175,#8176,#8177,#8178,#8179,#8180,#8181,#8182));
#1146=EDGE_LOOP($,(#8183,#8184,#8185,#8186,#8187,#8188,#8189,#8190));
#1147=EDGE_LOOP($,(#8191,#8192,#8193,#8194));
#1148=EDGE_LOOP($,(#8195,#8196,#8197,#8198));
#1149=EDGE_LOOP($,(#8199,#8200,#8201,#8202));
#1150=EDGE_LOOP($,(#8203,#8204,#8205,#8206));
#1151=EDGE_LOOP($,(#8207,#8208,#8209,#8210,#8211,#8212,#8213,#8214,#8215,
#8216,#8217,#8218));
#1152=EDGE_LOOP($,(#8219,#8220,#8221,#8222));
#1153=EDGE_LOOP($,(#8223,#8224,#8225,#8226));
#1154=EDGE_LOOP($,(#8227,#8228,#8229,#8230));
#1155=EDGE_LOOP($,(#8231,#8232,#8233,#8234));
#1156=EDGE_LOOP($,(#8235,#8236,#8237,#8238));
#1157=EDGE_LOOP($,(#8239,#8240,#8241,#8242));
#1158=EDGE_LOOP($,(#8243,#8244,#8245,#8246));
#1159=EDGE_LOOP($,(#8247,#8248,#8249,#8250));
#1160=EDGE_LOOP($,(#8251,#8252,#8253,#8254));
#1161=EDGE_LOOP($,(#8255,#8256,#8257,#8258));
#1162=EDGE_LOOP($,(#8259,#8260,#8261,#8262,#8263,#8264,#8265,#8266));
#1163=EDGE_LOOP($,(#8267,#8268,#8269,#8270,#8271,#8272,#8273,#8274,#8275,
#8276,#8277,#8278));
#1164=EDGE_LOOP($,(#8279,#8280,#8281,#8282,#8283,#8284,#8285,#8286));
#1165=EDGE_LOOP($,(#8287,#8288,#8289,#8290));
#1166=EDGE_LOOP($,(#8291,#8292,#8293,#8294));
#1167=EDGE_LOOP($,(#8295,#8296,#8297,#8298));
#1168=EDGE_LOOP($,(#8299,#8300,#8301,#8302));
#1169=EDGE_LOOP($,(#8303,#8304,#8305,#8306,#8307,#8308,#8309,#8310,#8311,
#8312,#8313,#8314));
#1170=EDGE_LOOP($,(#8315,#8316,#8317,#8318,#8319,#8320,#8321,#8322,#8323,
#8324,#8325,#8326));
#1171=EDGE_LOOP($,(#8327,#8328,#8329,#8330));
#1172=EDGE_LOOP($,(#8331,#8332,#8333,#8334));
#1173=EDGE_LOOP($,(#8335,#8336,#8337,#8338));
#1174=EDGE_LOOP($,(#8339,#8340,#8341,#8342));
#1175=EDGE_LOOP($,(#8343,#8344,#8345,#8346));
#1176=EDGE_LOOP($,(#8347,#8348,#8349,#8350));
#1177=EDGE_LOOP($,(#8351,#8352,#8353,#8354));
#1178=EDGE_LOOP($,(#8355));
#1179=EDGE_LOOP($,(#8356,#8357));
#1180=EDGE_LOOP($,(#8358,#8359,#8360,#8361,#8362,#8363,#8364,#8365));
#1181=EDGE_LOOP($,(#8366,#8367,#8368,#8369));
#1182=EDGE_LOOP($,(#8370,#8371,#8372,#8373,#8374,#8375));
#1183=EDGE_LOOP($,(#8376,#8377,#8378,#8379));
#1184=EDGE_LOOP($,(#8380,#8381,#8382,#8383));
#1185=EDGE_LOOP($,(#8384,#8385,#8386,#8387));
#1186=EDGE_LOOP($,(#8388));
#1187=EDGE_LOOP($,(#8389));
#1188=EDGE_LOOP($,(#8390));
#1189=EDGE_LOOP($,(#8391));
#1190=EDGE_LOOP($,(#8392));
#1191=EDGE_LOOP($,(#8393,#8394,#8395,#8396));
#1192=EDGE_LOOP($,(#8397));
#1193=EDGE_LOOP($,(#8398,#8399));
#1194=EDGE_LOOP($,(#8400,#8401,#8402,#8403,#8404,#8405,#8406,#8407));
#1195=EDGE_LOOP($,(#8408,#8409,#8410,#8411));
#1196=EDGE_LOOP($,(#8412,#8413,#8414,#8415,#8416,#8417));
#1197=EDGE_LOOP($,(#8418,#8419,#8420,#8421));
#1198=EDGE_LOOP($,(#8422,#8423,#8424,#8425));
#1199=EDGE_LOOP($,(#8426,#8427,#8428,#8429));
#1200=EDGE_LOOP($,(#8430));
#1201=EDGE_LOOP($,(#8431));
#1202=EDGE_LOOP($,(#8432));
#1203=EDGE_LOOP($,(#8433));
#1204=EDGE_LOOP($,(#8434));
#1205=EDGE_LOOP($,(#8435,#8436,#8437,#8438));
#1206=EDGE_LOOP($,(#8439,#8440,#8441,#8442));
#1207=EDGE_LOOP($,(#8443,#8444,#8445,#8446));
#1208=EDGE_LOOP($,(#8447,#8448,#8449,#8450));
#1209=EDGE_LOOP($,(#8451,#8452,#8453,#8454));
#1210=EDGE_LOOP($,(#8455,#8456,#8457,#8458));
#1211=EDGE_LOOP($,(#8459,#8460,#8461,#8462));
#1212=EDGE_LOOP($,(#8463,#8464,#8465,#8466));
#1213=EDGE_LOOP($,(#8467,#8468,#8469,#8470));
#1214=EDGE_LOOP($,(#8471,#8472,#8473,#8474));
#1215=EDGE_LOOP($,(#8475,#8476,#8477,#8478));
#1216=EDGE_LOOP($,(#8479,#8480,#8481,#8482));
#1217=EDGE_LOOP($,(#8483,#8484,#8485,#8486));
#1218=EDGE_LOOP($,(#8487,#8488,#8489,#8490));
#1219=EDGE_LOOP($,(#8491,#8492,#8493,#8494));
#1220=EDGE_LOOP($,(#8495,#8496,#8497,#8498));
#1221=EDGE_LOOP($,(#8499,#8500,#8501,#8502));
#1222=EDGE_LOOP($,(#8503,#8504,#8505,#8506));
#1223=EDGE_LOOP($,(#8507,#8508,#8509,#8510));
#1224=EDGE_LOOP($,(#8511,#8512,#8513,#8514));
#1225=EDGE_LOOP($,(#8515,#8516,#8517,#8518));
#1226=EDGE_LOOP($,(#8519,#8520,#8521,#8522));
#1227=EDGE_LOOP($,(#8523,#8524,#8525,#8526));
#1228=EDGE_LOOP($,(#8527,#8528,#8529,#8530));
#1229=EDGE_LOOP($,(#8531,#8532,#8533,#8534));
#1230=EDGE_LOOP($,(#8535,#8536,#8537,#8538,#8539,#8540,#8541,#8542));
#1231=EDGE_LOOP($,(#8543,#8544,#8545,#8546));
#1232=EDGE_LOOP($,(#8547,#8548,#8549,#8550,#8551,#8552,#8553,#8554));
#1233=EDGE_LOOP($,(#8555,#8556,#8557,#8558));
#1234=EDGE_LOOP($,(#8559,#8560,#8561,#8562));
#1235=EDGE_LOOP($,(#8563,#8564,#8565,#8566));
#1236=EDGE_LOOP($,(#8567,#8568,#8569,#8570));
#1237=EDGE_LOOP($,(#8571,#8572,#8573,#8574));
#1238=EDGE_LOOP($,(#8575,#8576,#8577,#8578));
#1239=EDGE_LOOP($,(#8579,#8580,#8581,#8582));
#1240=EDGE_LOOP($,(#8583,#8584,#8585,#8586));
#1241=EDGE_LOOP($,(#8587,#8588,#8589,#8590));
#1242=EDGE_LOOP($,(#8591,#8592,#8593,#8594));
#1243=EDGE_LOOP($,(#8595,#8596,#8597,#8598));
#1244=EDGE_LOOP($,(#8599,#8600,#8601,#8602));
#1245=EDGE_LOOP($,(#8603,#8604,#8605,#8606));
#1246=EDGE_LOOP($,(#8607,#8608,#8609,#8610));
#1247=EDGE_LOOP($,(#8611,#8612,#8613,#8614));
#1248=EDGE_LOOP($,(#8615,#8616,#8617,#8618));
#1249=EDGE_LOOP($,(#8619,#8620,#8621,#8622,#8623,#8624,#8625,#8626));
#1250=EDGE_LOOP($,(#8627,#8628,#8629,#8630,#8631,#8632,#8633,#8634));
#1251=EDGE_LOOP($,(#8635,#8636,#8637,#8638));
#1252=EDGE_LOOP($,(#8639,#8640,#8641,#8642));
#1253=EDGE_LOOP($,(#8643,#8644,#8645,#8646));
#1254=EDGE_LOOP($,(#8647,#8648,#8649,#8650));
#1255=EDGE_LOOP($,(#8651,#8652,#8653,#8654,#8655,#8656,#8657,#8658,#8659,
#8660,#8661,#8662));
#1256=EDGE_LOOP($,(#8663,#8664,#8665,#8666));
#1257=EDGE_LOOP($,(#8667,#8668,#8669,#8670));
#1258=EDGE_LOOP($,(#8671,#8672,#8673,#8674));
#1259=EDGE_LOOP($,(#8675,#8676,#8677,#8678));
#1260=EDGE_LOOP($,(#8679,#8680,#8681,#8682));
#1261=EDGE_LOOP($,(#8683,#8684,#8685,#8686));
#1262=EDGE_LOOP($,(#8687,#8688,#8689,#8690));
#1263=EDGE_LOOP($,(#8691,#8692,#8693,#8694));
#1264=EDGE_LOOP($,(#8695,#8696,#8697,#8698));
#1265=EDGE_LOOP($,(#8699,#8700,#8701,#8702));
#1266=EDGE_LOOP($,(#8703,#8704,#8705,#8706,#8707,#8708,#8709,#8710));
#1267=EDGE_LOOP($,(#8711,#8712,#8713,#8714,#8715,#8716,#8717,#8718,#8719,
#8720,#8721,#8722));
#1268=EDGE_LOOP($,(#8723,#8724,#8725,#8726,#8727,#8728,#8729,#8730));
#1269=EDGE_LOOP($,(#8731,#8732,#8733,#8734));
#1270=EDGE_LOOP($,(#8735,#8736,#8737,#8738));
#1271=EDGE_LOOP($,(#8739,#8740,#8741,#8742));
#1272=EDGE_LOOP($,(#8743,#8744,#8745,#8746));
#1273=EDGE_LOOP($,(#8747,#8748,#8749,#8750,#8751,#8752,#8753,#8754,#8755,
#8756,#8757,#8758));
#1274=EDGE_LOOP($,(#8759,#8760,#8761,#8762,#8763,#8764,#8765,#8766,#8767,
#8768,#8769,#8770));
#1275=EDGE_LOOP($,(#8771,#8772,#8773,#8774));
#1276=EDGE_LOOP($,(#8775,#8776,#8777,#8778));
#1277=EDGE_LOOP($,(#8779,#8780,#8781,#8782,#8783,#8784,#8785,#8786));
#1278=EDGE_LOOP($,(#8787,#8788,#8789,#8790));
#1279=EDGE_LOOP($,(#8791,#8792,#8793,#8794));
#1280=EDGE_LOOP($,(#8795,#8796,#8797,#8798));
#1281=EDGE_LOOP($,(#8799,#8800,#8801,#8802,#8803,#8804,#8805,#8806));
#1282=EDGE_LOOP($,(#8807,#8808,#8809,#8810));
#1283=EDGE_LOOP($,(#8811,#8812,#8813,#8814));
#1284=EDGE_LOOP($,(#8815,#8816,#8817,#8818));
#1285=EDGE_LOOP($,(#8819,#8820,#8821,#8822));
#1286=EDGE_LOOP($,(#8823,#8824,#8825,#8826));
#1287=EDGE_LOOP($,(#8827,#8828,#8829,#8830));
#1288=EDGE_LOOP($,(#8831,#8832,#8833,#8834));
#1289=EDGE_LOOP($,(#8835,#8836,#8837,#8838));
#1290=EDGE_LOOP($,(#8839,#8840,#8841,#8842));
#1291=EDGE_LOOP($,(#8843,#8844,#8845,#8846));
#1292=EDGE_LOOP($,(#8847,#8848,#8849,#8850));
#1293=EDGE_LOOP($,(#8851,#8852,#8853,#8854));
#1294=EDGE_LOOP($,(#8855,#8856,#8857,#8858));
#1295=EDGE_LOOP($,(#8859,#8860,#8861,#8862));
#1296=EDGE_LOOP($,(#8863,#8864,#8865,#8866));
#1297=EDGE_LOOP($,(#8867,#8868,#8869,#8870));
#1298=EDGE_LOOP($,(#8871,#8872,#8873,#8874));
#1299=EDGE_LOOP($,(#8875,#8876,#8877,#8878));
#1300=EDGE_LOOP($,(#8879,#8880,#8881,#8882));
#1301=EDGE_LOOP($,(#8883,#8884,#8885,#8886));
#1302=EDGE_LOOP($,(#8887,#8888,#8889,#8890));
#1303=EDGE_LOOP($,(#8891,#8892,#8893,#8894));
#1304=EDGE_LOOP($,(#8895,#8896,#8897,#8898));
#1305=EDGE_LOOP($,(#8899,#8900,#8901,#8902));
#1306=EDGE_LOOP($,(#8903,#8904,#8905,#8906));
#1307=EDGE_LOOP($,(#8907,#8908,#8909,#8910));
#1308=EDGE_LOOP($,(#8911,#8912,#8913,#8914));
#1309=EDGE_LOOP($,(#8915,#8916,#8917,#8918));
#1310=EDGE_LOOP($,(#8919,#8920,#8921,#8922));
#1311=EDGE_LOOP($,(#8923,#8924,#8925,#8926));
#1312=EDGE_LOOP($,(#8927,#8928,#8929,#8930));
#1313=EDGE_LOOP($,(#8931,#8932,#8933,#8934));
#1314=EDGE_LOOP($,(#8935,#8936,#8937,#8938));
#1315=EDGE_LOOP($,(#8939,#8940,#8941,#8942));
#1316=EDGE_LOOP($,(#8943,#8944,#8945,#8946));
#1317=EDGE_LOOP($,(#8947,#8948,#8949,#8950));
#1318=EDGE_LOOP($,(#8951,#8952,#8953,#8954));
#1319=EDGE_LOOP($,(#8955,#8956,#8957,#8958));
#1320=EDGE_LOOP($,(#8959,#8960,#8961,#8962));
#1321=EDGE_LOOP($,(#8963,#8964,#8965,#8966));
#1322=EDGE_LOOP($,(#8967,#8968,#8969,#8970));
#1323=EDGE_LOOP($,(#8971,#8972,#8973,#8974));
#1324=EDGE_LOOP($,(#8975,#8976,#8977,#8978));
#1325=EDGE_LOOP($,(#8979,#8980,#8981,#8982));
#1326=EDGE_LOOP($,(#8983,#8984,#8985,#8986));
#1327=EDGE_LOOP($,(#8987));
#1328=EDGE_LOOP($,(#8988));
#1329=LINE($,#13236,#2665);
#1330=LINE($,#13238,#2666);
#1331=LINE($,#13240,#2667);
#1332=LINE($,#13241,#2668);
#1333=LINE($,#13245,#2669);
#1334=LINE($,#13247,#2670);
#1335=LINE($,#13249,#2671);
#1336=LINE($,#13250,#2672);
#1337=LINE($,#13254,#2673);
#1338=LINE($,#13256,#2674);
#1339=LINE($,#13258,#2675);
#1340=LINE($,#13259,#2676);
#1341=LINE($,#13263,#2677);
#1342=LINE($,#13265,#2678);
#1343=LINE($,#13267,#2679);
#1344=LINE($,#13268,#2680);
#1345=LINE($,#13271,#2681);
#1346=LINE($,#13273,#2682);
#1347=LINE($,#13274,#2683);
#1348=LINE($,#13275,#2684);
#1349=LINE($,#13277,#2685);
#1350=LINE($,#13279,#2686);
#1351=LINE($,#13280,#2687);
#1352=LINE($,#13281,#2688);
#1353=LINE($,#13284,#2689);
#1354=LINE($,#13285,#2690);
#1355=LINE($,#13288,#2691);
#1356=LINE($,#13289,#2692);
#1357=LINE($,#13292,#2693);
#1358=LINE($,#13293,#2694);
#1359=LINE($,#13296,#2695);
#1360=LINE($,#13297,#2696);
#1361=LINE($,#13298,#2697);
#1362=LINE($,#13299,#2698);
#1363=LINE($,#13300,#2699);
#1364=LINE($,#13302,#2700);
#1365=LINE($,#13306,#2701);
#1366=LINE($,#13308,#2702);
#1367=LINE($,#13310,#2703);
#1368=LINE($,#13311,#2704);
#1369=LINE($,#13314,#2705);
#1370=LINE($,#13316,#2706);
#1371=LINE($,#13317,#2707);
#1372=LINE($,#13320,#2708);
#1373=LINE($,#13322,#2709);
#1374=LINE($,#13323,#2710);
#1375=LINE($,#13325,#2711);
#1376=LINE($,#13326,#2712);
#1377=LINE($,#13332,#2713);
#1378=LINE($,#13336,#2714);
#1379=LINE($,#13341,#2715);
#1380=LINE($,#13344,#2716);
#1381=LINE($,#13346,#2717);
#1382=LINE($,#13348,#2718);
#1383=LINE($,#13350,#2719);
#1384=LINE($,#13351,#2720);
#1385=LINE($,#13355,#2721);
#1386=LINE($,#13357,#2722);
#1387=LINE($,#13359,#2723);
#1388=LINE($,#13360,#2724);
#1389=LINE($,#13362,#2725);
#1390=LINE($,#13363,#2726);
#1391=LINE($,#13365,#2727);
#1392=LINE($,#13367,#2728);
#1393=LINE($,#13379,#2729);
#1394=LINE($,#13381,#2730);
#1395=LINE($,#13383,#2731);
#1396=LINE($,#13384,#2732);
#1397=LINE($,#13388,#2733);
#1398=LINE($,#13390,#2734);
#1399=LINE($,#13392,#2735);
#1400=LINE($,#13393,#2736);
#1401=LINE($,#13395,#2737);
#1402=LINE($,#13396,#2738);
#1403=LINE($,#13398,#2739);
#1404=LINE($,#13400,#2740);
#1405=LINE($,#13405,#2741);
#1406=LINE($,#13407,#2742);
#1407=LINE($,#13409,#2743);
#1408=LINE($,#13410,#2744);
#1409=LINE($,#13413,#2745);
#1410=LINE($,#13415,#2746);
#1411=LINE($,#13416,#2747);
#1412=LINE($,#13419,#2748);
#1413=LINE($,#13421,#2749);
#1414=LINE($,#13422,#2750);
#1415=LINE($,#13424,#2751);
#1416=LINE($,#13426,#2752);
#1417=LINE($,#13435,#2753);
#1418=LINE($,#13437,#2754);
#1419=LINE($,#13439,#2755);
#1420=LINE($,#13440,#2756);
#1421=LINE($,#13444,#2757);
#1422=LINE($,#13446,#2758);
#1423=LINE($,#13448,#2759);
#1424=LINE($,#13449,#2760);
#1425=LINE($,#13452,#2761);
#1426=LINE($,#13454,#2762);
#1427=LINE($,#13455,#2763);
#1428=LINE($,#13457,#2764);
#1429=LINE($,#13458,#2765);
#1430=LINE($,#13461,#2766);
#1431=LINE($,#13463,#2767);
#1432=LINE($,#13464,#2768);
#1433=LINE($,#13468,#2769);
#1434=LINE($,#13470,#2770);
#1435=LINE($,#13472,#2771);
#1436=LINE($,#13473,#2772);
#1437=LINE($,#13476,#2773);
#1438=LINE($,#13478,#2774);
#1439=LINE($,#13479,#2775);
#1440=LINE($,#13482,#2776);
#1441=LINE($,#13483,#2777);
#1442=LINE($,#13486,#2778);
#1443=LINE($,#13487,#2779);
#1444=LINE($,#13489,#2780);
#1445=LINE($,#13493,#2781);
#1446=LINE($,#13495,#2782);
#1447=LINE($,#13497,#2783);
#1448=LINE($,#13498,#2784);
#1449=LINE($,#13501,#2785);
#1450=LINE($,#13503,#2786);
#1451=LINE($,#13504,#2787);
#1452=LINE($,#13507,#2788);
#1453=LINE($,#13508,#2789);
#1454=LINE($,#13511,#2790);
#1455=LINE($,#13512,#2791);
#1456=LINE($,#13514,#2792);
#1457=LINE($,#13518,#2793);
#1458=LINE($,#13520,#2794);
#1459=LINE($,#13522,#2795);
#1460=LINE($,#13523,#2796);
#1461=LINE($,#13526,#2797);
#1462=LINE($,#13528,#2798);
#1463=LINE($,#13529,#2799);
#1464=LINE($,#13532,#2800);
#1465=LINE($,#13533,#2801);
#1466=LINE($,#13536,#2802);
#1467=LINE($,#13537,#2803);
#1468=LINE($,#13539,#2804);
#1469=LINE($,#13543,#2805);
#1470=LINE($,#13545,#2806);
#1471=LINE($,#13547,#2807);
#1472=LINE($,#13548,#2808);
#1473=LINE($,#13551,#2809);
#1474=LINE($,#13553,#2810);
#1475=LINE($,#13555,#2811);
#1476=LINE($,#13556,#2812);
#1477=LINE($,#13558,#2813);
#1478=LINE($,#13559,#2814);
#1479=LINE($,#13561,#2815);
#1480=LINE($,#13563,#2816);
#1481=LINE($,#13567,#2817);
#1482=LINE($,#13569,#2818);
#1483=LINE($,#13570,#2819);
#1484=LINE($,#13573,#2820);
#1485=LINE($,#13574,#2821);
#1486=LINE($,#13577,#2822);
#1487=LINE($,#13578,#2823);
#1488=LINE($,#13580,#2824);
#1489=LINE($,#13585,#2825);
#1490=LINE($,#13587,#2826);
#1491=LINE($,#13589,#2827);
#1492=LINE($,#13590,#2828);
#1493=LINE($,#13594,#2829);
#1494=LINE($,#13596,#2830);
#1495=LINE($,#13598,#2831);
#1496=LINE($,#13599,#2832);
#1497=LINE($,#13602,#2833);
#1498=LINE($,#13604,#2834);
#1499=LINE($,#13605,#2835);
#1500=LINE($,#13607,#2836);
#1501=LINE($,#13608,#2837);
#1502=LINE($,#13611,#2838);
#1503=LINE($,#13613,#2839);
#1504=LINE($,#13614,#2840);
#1505=LINE($,#13618,#2841);
#1506=LINE($,#13620,#2842);
#1507=LINE($,#13622,#2843);
#1508=LINE($,#13623,#2844);
#1509=LINE($,#13626,#2845);
#1510=LINE($,#13628,#2846);
#1511=LINE($,#13629,#2847);
#1512=LINE($,#13632,#2848);
#1513=LINE($,#13633,#2849);
#1514=LINE($,#13636,#2850);
#1515=LINE($,#13637,#2851);
#1516=LINE($,#13639,#2852);
#1517=LINE($,#13643,#2853);
#1518=LINE($,#13645,#2854);
#1519=LINE($,#13647,#2855);
#1520=LINE($,#13648,#2856);
#1521=LINE($,#13651,#2857);
#1522=LINE($,#13653,#2858);
#1523=LINE($,#13654,#2859);
#1524=LINE($,#13657,#2860);
#1525=LINE($,#13658,#2861);
#1526=LINE($,#13661,#2862);
#1527=LINE($,#13662,#2863);
#1528=LINE($,#13664,#2864);
#1529=LINE($,#13668,#2865);
#1530=LINE($,#13670,#2866);
#1531=LINE($,#13672,#2867);
#1532=LINE($,#13673,#2868);
#1533=LINE($,#13676,#2869);
#1534=LINE($,#13678,#2870);
#1535=LINE($,#13679,#2871);
#1536=LINE($,#13682,#2872);
#1537=LINE($,#13683,#2873);
#1538=LINE($,#13686,#2874);
#1539=LINE($,#13687,#2875);
#1540=LINE($,#13689,#2876);
#1541=LINE($,#13693,#2877);
#1542=LINE($,#13695,#2878);
#1543=LINE($,#13697,#2879);
#1544=LINE($,#13698,#2880);
#1545=LINE($,#13701,#2881);
#1546=LINE($,#13703,#2882);
#1547=LINE($,#13705,#2883);
#1548=LINE($,#13706,#2884);
#1549=LINE($,#13708,#2885);
#1550=LINE($,#13709,#2886);
#1551=LINE($,#13711,#2887);
#1552=LINE($,#13713,#2888);
#1553=LINE($,#13717,#2889);
#1554=LINE($,#13719,#2890);
#1555=LINE($,#13720,#2891);
#1556=LINE($,#13723,#2892);
#1557=LINE($,#13724,#2893);
#1558=LINE($,#13727,#2894);
#1559=LINE($,#13728,#2895);
#1560=LINE($,#13730,#2896);
#1561=LINE($,#13735,#2897);
#1562=LINE($,#13737,#2898);
#1563=LINE($,#13739,#2899);
#1564=LINE($,#13740,#2900);
#1565=LINE($,#13743,#2901);
#1566=LINE($,#13745,#2902);
#1567=LINE($,#13746,#2903);
#1568=LINE($,#13749,#2904);
#1569=LINE($,#13750,#2905);
#1570=LINE($,#13753,#2906);
#1571=LINE($,#13754,#2907);
#1572=LINE($,#13756,#2908);
#1573=LINE($,#13761,#2909);
#1574=LINE($,#13763,#2910);
#1575=LINE($,#13765,#2911);
#1576=LINE($,#13766,#2912);
#1577=LINE($,#13770,#2913);
#1578=LINE($,#13772,#2914);
#1579=LINE($,#13774,#2915);
#1580=LINE($,#13775,#2916);
#1581=LINE($,#13777,#2917);
#1582=LINE($,#13778,#2918);
#1583=LINE($,#13780,#2919);
#1584=LINE($,#13782,#2920);
#1585=LINE($,#13787,#2921);
#1586=LINE($,#13789,#2922);
#1587=LINE($,#13791,#2923);
#1588=LINE($,#13792,#2924);
#1589=LINE($,#13796,#2925);
#1590=LINE($,#13798,#2926);
#1591=LINE($,#13800,#2927);
#1592=LINE($,#13801,#2928);
#1593=LINE($,#13803,#2929);
#1594=LINE($,#13804,#2930);
#1595=LINE($,#13806,#2931);
#1596=LINE($,#13808,#2932);
#1597=LINE($,#13813,#2933);
#1598=LINE($,#13815,#2934);
#1599=LINE($,#13817,#2935);
#1600=LINE($,#13818,#2936);
#1601=LINE($,#13822,#2937);
#1602=LINE($,#13824,#2938);
#1603=LINE($,#13826,#2939);
#1604=LINE($,#13827,#2940);
#1605=LINE($,#13829,#2941);
#1606=LINE($,#13830,#2942);
#1607=LINE($,#13832,#2943);
#1608=LINE($,#13834,#2944);
#1609=LINE($,#13839,#2945);
#1610=LINE($,#13841,#2946);
#1611=LINE($,#13843,#2947);
#1612=LINE($,#13844,#2948);
#1613=LINE($,#13848,#2949);
#1614=LINE($,#13850,#2950);
#1615=LINE($,#13852,#2951);
#1616=LINE($,#13853,#2952);
#1617=LINE($,#13855,#2953);
#1618=LINE($,#13856,#2954);
#1619=LINE($,#13858,#2955);
#1620=LINE($,#13860,#2956);
#1621=LINE($,#13865,#2957);
#1622=LINE($,#13867,#2958);
#1623=LINE($,#13869,#2959);
#1624=LINE($,#13870,#2960);
#1625=LINE($,#13874,#2961);
#1626=LINE($,#13876,#2962);
#1627=LINE($,#13878,#2963);
#1628=LINE($,#13879,#2964);
#1629=LINE($,#13881,#2965);
#1630=LINE($,#13882,#2966);
#1631=LINE($,#13884,#2967);
#1632=LINE($,#13886,#2968);
#1633=LINE($,#13891,#2969);
#1634=LINE($,#13893,#2970);
#1635=LINE($,#13895,#2971);
#1636=LINE($,#13896,#2972);
#1637=LINE($,#13900,#2973);
#1638=LINE($,#13902,#2974);
#1639=LINE($,#13904,#2975);
#1640=LINE($,#13905,#2976);
#1641=LINE($,#13907,#2977);
#1642=LINE($,#13908,#2978);
#1643=LINE($,#13910,#2979);
#1644=LINE($,#13912,#2980);
#1645=LINE($,#13917,#2981);
#1646=LINE($,#13919,#2982);
#1647=LINE($,#13921,#2983);
#1648=LINE($,#13922,#2984);
#1649=LINE($,#13926,#2985);
#1650=LINE($,#13928,#2986);
#1651=LINE($,#13930,#2987);
#1652=LINE($,#13931,#2988);
#1653=LINE($,#13933,#2989);
#1654=LINE($,#13934,#2990);
#1655=LINE($,#13936,#2991);
#1656=LINE($,#13938,#2992);
#1657=LINE($,#13943,#2993);
#1658=LINE($,#13945,#2994);
#1659=LINE($,#13947,#2995);
#1660=LINE($,#13948,#2996);
#1661=LINE($,#13952,#2997);
#1662=LINE($,#13954,#2998);
#1663=LINE($,#13956,#2999);
#1664=LINE($,#13957,#3000);
#1665=LINE($,#13959,#3001);
#1666=LINE($,#13960,#3002);
#1667=LINE($,#13962,#3003);
#1668=LINE($,#13964,#3004);
#1669=LINE($,#13969,#3005);
#1670=LINE($,#13971,#3006);
#1671=LINE($,#13973,#3007);
#1672=LINE($,#13974,#3008);
#1673=LINE($,#13978,#3009);
#1674=LINE($,#13980,#3010);
#1675=LINE($,#13982,#3011);
#1676=LINE($,#13983,#3012);
#1677=LINE($,#13986,#3013);
#1678=LINE($,#13987,#3014);
#1679=LINE($,#13989,#3015);
#1680=LINE($,#13991,#3016);
#1681=LINE($,#13993,#3017);
#1682=LINE($,#13994,#3018);
#1683=LINE($,#13998,#3019);
#1684=LINE($,#13999,#3020);
#1685=LINE($,#14000,#3021);
#1686=LINE($,#14003,#3022);
#1687=LINE($,#14004,#3023);
#1688=LINE($,#14006,#3024);
#1689=LINE($,#14008,#3025);
#1690=LINE($,#14010,#3026);
#1691=LINE($,#14011,#3027);
#1692=LINE($,#14013,#3028);
#1693=LINE($,#14017,#3029);
#1694=LINE($,#14019,#3030);
#1695=LINE($,#14021,#3031);
#1696=LINE($,#14022,#3032);
#1697=LINE($,#14026,#3033);
#1698=LINE($,#14028,#3034);
#1699=LINE($,#14030,#3035);
#1700=LINE($,#14031,#3036);
#1701=LINE($,#14033,#3037);
#1702=LINE($,#14034,#3038);
#1703=LINE($,#14036,#3039);
#1704=LINE($,#14038,#3040);
#1705=LINE($,#14043,#3041);
#1706=LINE($,#14045,#3042);
#1707=LINE($,#14047,#3043);
#1708=LINE($,#14048,#3044);
#1709=LINE($,#14052,#3045);
#1710=LINE($,#14054,#3046);
#1711=LINE($,#14056,#3047);
#1712=LINE($,#14057,#3048);
#1713=LINE($,#14059,#3049);
#1714=LINE($,#14060,#3050);
#1715=LINE($,#14062,#3051);
#1716=LINE($,#14064,#3052);
#1717=LINE($,#14069,#3053);
#1718=LINE($,#14071,#3054);
#1719=LINE($,#14073,#3055);
#1720=LINE($,#14074,#3056);
#1721=LINE($,#14078,#3057);
#1722=LINE($,#14080,#3058);
#1723=LINE($,#14082,#3059);
#1724=LINE($,#14083,#3060);
#1725=LINE($,#14085,#3061);
#1726=LINE($,#14086,#3062);
#1727=LINE($,#14088,#3063);
#1728=LINE($,#14090,#3064);
#1729=LINE($,#14095,#3065);
#1730=LINE($,#14097,#3066);
#1731=LINE($,#14099,#3067);
#1732=LINE($,#14100,#3068);
#1733=LINE($,#14104,#3069);
#1734=LINE($,#14106,#3070);
#1735=LINE($,#14108,#3071);
#1736=LINE($,#14109,#3072);
#1737=LINE($,#14111,#3073);
#1738=LINE($,#14112,#3074);
#1739=LINE($,#14114,#3075);
#1740=LINE($,#14116,#3076);
#1741=LINE($,#14121,#3077);
#1742=LINE($,#14123,#3078);
#1743=LINE($,#14125,#3079);
#1744=LINE($,#14126,#3080);
#1745=LINE($,#14130,#3081);
#1746=LINE($,#14132,#3082);
#1747=LINE($,#14134,#3083);
#1748=LINE($,#14135,#3084);
#1749=LINE($,#14137,#3085);
#1750=LINE($,#14138,#3086);
#1751=LINE($,#14140,#3087);
#1752=LINE($,#14142,#3088);
#1753=LINE($,#14147,#3089);
#1754=LINE($,#14149,#3090);
#1755=LINE($,#14151,#3091);
#1756=LINE($,#14152,#3092);
#1757=LINE($,#14156,#3093);
#1758=LINE($,#14158,#3094);
#1759=LINE($,#14160,#3095);
#1760=LINE($,#14161,#3096);
#1761=LINE($,#14163,#3097);
#1762=LINE($,#14164,#3098);
#1763=LINE($,#14166,#3099);
#1764=LINE($,#14168,#3100);
#1765=LINE($,#14173,#3101);
#1766=LINE($,#14175,#3102);
#1767=LINE($,#14177,#3103);
#1768=LINE($,#14178,#3104);
#1769=LINE($,#14182,#3105);
#1770=LINE($,#14184,#3106);
#1771=LINE($,#14186,#3107);
#1772=LINE($,#14187,#3108);
#1773=LINE($,#14189,#3109);
#1774=LINE($,#14190,#3110);
#1775=LINE($,#14192,#3111);
#1776=LINE($,#14194,#3112);
#1777=LINE($,#14199,#3113);
#1778=LINE($,#14201,#3114);
#1779=LINE($,#14203,#3115);
#1780=LINE($,#14204,#3116);
#1781=LINE($,#14208,#3117);
#1782=LINE($,#14210,#3118);
#1783=LINE($,#14212,#3119);
#1784=LINE($,#14213,#3120);
#1785=LINE($,#14216,#3121);
#1786=LINE($,#14218,#3122);
#1787=LINE($,#14220,#3123);
#1788=LINE($,#14222,#3124);
#1789=LINE($,#14224,#3125);
#1790=LINE($,#14226,#3126);
#1791=LINE($,#14227,#3127);
#1792=LINE($,#14230,#3128);
#1793=LINE($,#14232,#3129);
#1794=LINE($,#14234,#3130);
#1795=LINE($,#14236,#3131);
#1796=LINE($,#14238,#3132);
#1797=LINE($,#14240,#3133);
#1798=LINE($,#14241,#3134);
#1799=LINE($,#14244,#3135);
#1800=LINE($,#14246,#3136);
#1801=LINE($,#14248,#3137);
#1802=LINE($,#14250,#3138);
#1803=LINE($,#14252,#3139);
#1804=LINE($,#14254,#3140);
#1805=LINE($,#14255,#3141);
#1806=LINE($,#14258,#3142);
#1807=LINE($,#14260,#3143);
#1808=LINE($,#14262,#3144);
#1809=LINE($,#14264,#3145);
#1810=LINE($,#14266,#3146);
#1811=LINE($,#14268,#3147);
#1812=LINE($,#14269,#3148);
#1813=LINE($,#14272,#3149);
#1814=LINE($,#14274,#3150);
#1815=LINE($,#14275,#3151);
#1816=LINE($,#14277,#3152);
#1817=LINE($,#14279,#3153);
#1818=LINE($,#14280,#3154);
#1819=LINE($,#14283,#3155);
#1820=LINE($,#14285,#3156);
#1821=LINE($,#14286,#3157);
#1822=LINE($,#14288,#3158);
#1823=LINE($,#14290,#3159);
#1824=LINE($,#14291,#3160);
#1825=LINE($,#14294,#3161);
#1826=LINE($,#14296,#3162);
#1827=LINE($,#14298,#3163);
#1828=LINE($,#14300,#3164);
#1829=LINE($,#14301,#3165);
#1830=LINE($,#14303,#3166);
#1831=LINE($,#14305,#3167);
#1832=LINE($,#14307,#3168);
#1833=LINE($,#14309,#3169);
#1834=LINE($,#14310,#3170);
#1835=LINE($,#14312,#3171);
#1836=LINE($,#14314,#3172);
#1837=LINE($,#14317,#3173);
#1838=LINE($,#14319,#3174);
#1839=LINE($,#14320,#3175);
#1840=LINE($,#14322,#3176);
#1841=LINE($,#14324,#3177);
#1842=LINE($,#14325,#3178);
#1843=LINE($,#14326,#3179);
#1844=LINE($,#14327,#3180);
#1845=LINE($,#14328,#3181);
#1846=LINE($,#14331,#3182);
#1847=LINE($,#14333,#3183);
#1848=LINE($,#14335,#3184);
#1849=LINE($,#14336,#3185);
#1850=LINE($,#14339,#3186);
#1851=LINE($,#14341,#3187);
#1852=LINE($,#14342,#3188);
#1853=LINE($,#14345,#3189);
#1854=LINE($,#14346,#3190);
#1855=LINE($,#14349,#3191);
#1856=LINE($,#14350,#3192);
#1857=LINE($,#14352,#3193);
#1858=LINE($,#14355,#3194);
#1859=LINE($,#14359,#3195);
#1860=LINE($,#14360,#3196);
#1861=LINE($,#14364,#3197);
#1862=LINE($,#14367,#3198);
#1863=LINE($,#14369,#3199);
#1864=LINE($,#14370,#3200);
#1865=LINE($,#14372,#3201);
#1866=LINE($,#14374,#3202);
#1867=LINE($,#14376,#3203);
#1868=LINE($,#14378,#3204);
#1869=LINE($,#14380,#3205);
#1870=LINE($,#14381,#3206);
#1871=LINE($,#14383,#3207);
#1872=LINE($,#14385,#3208);
#1873=LINE($,#14391,#3209);
#1874=LINE($,#14393,#3210);
#1875=LINE($,#14395,#3211);
#1876=LINE($,#14396,#3212);
#1877=LINE($,#14399,#3213);
#1878=LINE($,#14401,#3214);
#1879=LINE($,#14403,#3215);
#1880=LINE($,#14404,#3216);
#1881=LINE($,#14407,#3217);
#1882=LINE($,#14409,#3218);
#1883=LINE($,#14411,#3219);
#1884=LINE($,#14413,#3220);
#1885=LINE($,#14415,#3221);
#1886=LINE($,#14417,#3222);
#1887=LINE($,#14419,#3223);
#1888=LINE($,#14421,#3224);
#1889=LINE($,#14423,#3225);
#1890=LINE($,#14425,#3226);
#1891=LINE($,#14427,#3227);
#1892=LINE($,#14428,#3228);
#1893=LINE($,#14432,#3229);
#1894=LINE($,#14434,#3230);
#1895=LINE($,#14436,#3231);
#1896=LINE($,#14437,#3232);
#1897=LINE($,#14440,#3233);
#1898=LINE($,#14442,#3234);
#1899=LINE($,#14444,#3235);
#1900=LINE($,#14445,#3236);
#1901=LINE($,#14448,#3237);
#1902=LINE($,#14450,#3238);
#1903=LINE($,#14452,#3239);
#1904=LINE($,#14454,#3240);
#1905=LINE($,#14456,#3241);
#1906=LINE($,#14458,#3242);
#1907=LINE($,#14460,#3243);
#1908=LINE($,#14462,#3244);
#1909=LINE($,#14464,#3245);
#1910=LINE($,#14466,#3246);
#1911=LINE($,#14468,#3247);
#1912=LINE($,#14469,#3248);
#1913=LINE($,#14473,#3249);
#1914=LINE($,#14475,#3250);
#1915=LINE($,#14477,#3251);
#1916=LINE($,#14479,#3252);
#1917=LINE($,#14481,#3253);
#1918=LINE($,#14483,#3254);
#1919=LINE($,#14485,#3255);
#1920=LINE($,#14487,#3256);
#1921=LINE($,#14489,#3257);
#1922=LINE($,#14491,#3258);
#1923=LINE($,#14493,#3259);
#1924=LINE($,#14494,#3260);
#1925=LINE($,#14497,#3261);
#1926=LINE($,#14499,#3262);
#1927=LINE($,#14501,#3263);
#1928=LINE($,#14502,#3264);
#1929=LINE($,#14505,#3265);
#1930=LINE($,#14507,#3266);
#1931=LINE($,#14509,#3267);
#1932=LINE($,#14510,#3268);
#1933=LINE($,#14514,#3269);
#1934=LINE($,#14516,#3270);
#1935=LINE($,#14518,#3271);
#1936=LINE($,#14520,#3272);
#1937=LINE($,#14522,#3273);
#1938=LINE($,#14524,#3274);
#1939=LINE($,#14526,#3275);
#1940=LINE($,#14528,#3276);
#1941=LINE($,#14530,#3277);
#1942=LINE($,#14532,#3278);
#1943=LINE($,#14534,#3279);
#1944=LINE($,#14535,#3280);
#1945=LINE($,#14538,#3281);
#1946=LINE($,#14540,#3282);
#1947=LINE($,#14542,#3283);
#1948=LINE($,#14543,#3284);
#1949=LINE($,#14546,#3285);
#1950=LINE($,#14548,#3286);
#1951=LINE($,#14550,#3287);
#1952=LINE($,#14551,#3288);
#1953=LINE($,#14553,#3289);
#1954=LINE($,#14554,#3290);
#1955=LINE($,#14556,#3291);
#1956=LINE($,#14557,#3292);
#1957=LINE($,#14559,#3293);
#1958=LINE($,#14560,#3294);
#1959=LINE($,#14562,#3295);
#1960=LINE($,#14564,#3296);
#1961=LINE($,#14565,#3297);
#1962=LINE($,#14567,#3298);
#1963=LINE($,#14569,#3299);
#1964=LINE($,#14570,#3300);
#1965=LINE($,#14572,#3301);
#1966=LINE($,#14574,#3302);
#1967=LINE($,#14576,#3303);
#1968=LINE($,#14577,#3304);
#1969=LINE($,#14578,#3305);
#1970=LINE($,#14579,#3306);
#1971=LINE($,#14581,#3307);
#1972=LINE($,#14582,#3308);
#1973=LINE($,#14584,#3309);
#1974=LINE($,#14585,#3310);
#1975=LINE($,#14587,#3311);
#1976=LINE($,#14589,#3312);
#1977=LINE($,#14590,#3313);
#1978=LINE($,#14592,#3314);
#1979=LINE($,#14593,#3315);
#1980=LINE($,#14595,#3316);
#1981=LINE($,#14598,#3317);
#1982=LINE($,#14600,#3318);
#1983=LINE($,#14601,#3319);
#1984=LINE($,#14603,#3320);
#1985=LINE($,#14605,#3321);
#1986=LINE($,#14607,#3322);
#1987=LINE($,#14611,#3323);
#1988=LINE($,#14615,#3324);
#1989=LINE($,#14617,#3325);
#1990=LINE($,#14619,#3326);
#1991=LINE($,#14621,#3327);
#1992=LINE($,#14623,#3328);
#1993=LINE($,#14629,#3329);
#1994=LINE($,#14631,#3330);
#1995=LINE($,#14633,#3331);
#1996=LINE($,#14634,#3332);
#1997=LINE($,#14638,#3333);
#1998=LINE($,#14640,#3334);
#1999=LINE($,#14642,#3335);
#2000=LINE($,#14643,#3336);
#2001=LINE($,#14646,#3337);
#2002=LINE($,#14647,#3338);
#2003=LINE($,#14649,#3339);
#2004=LINE($,#14651,#3340);
#2005=LINE($,#14653,#3341);
#2006=LINE($,#14654,#3342);
#2007=LINE($,#14658,#3343);
#2008=LINE($,#14659,#3344);
#2009=LINE($,#14660,#3345);
#2010=LINE($,#14663,#3346);
#2011=LINE($,#14664,#3347);
#2012=LINE($,#14666,#3348);
#2013=LINE($,#14668,#3349);
#2014=LINE($,#14670,#3350);
#2015=LINE($,#14671,#3351);
#2016=LINE($,#14673,#3352);
#2017=LINE($,#14677,#3353);
#2018=LINE($,#14679,#3354);
#2019=LINE($,#14681,#3355);
#2020=LINE($,#14682,#3356);
#2021=LINE($,#14686,#3357);
#2022=LINE($,#14688,#3358);
#2023=LINE($,#14690,#3359);
#2024=LINE($,#14691,#3360);
#2025=LINE($,#14693,#3361);
#2026=LINE($,#14694,#3362);
#2027=LINE($,#14696,#3363);
#2028=LINE($,#14698,#3364);
#2029=LINE($,#14703,#3365);
#2030=LINE($,#14705,#3366);
#2031=LINE($,#14707,#3367);
#2032=LINE($,#14708,#3368);
#2033=LINE($,#14711,#3369);
#2034=LINE($,#14713,#3370);
#2035=LINE($,#14715,#3371);
#2036=LINE($,#14716,#3372);
#2037=LINE($,#14719,#3373);
#2038=LINE($,#14721,#3374);
#2039=LINE($,#14723,#3375);
#2040=LINE($,#14724,#3376);
#2041=LINE($,#14727,#3377);
#2042=LINE($,#14729,#3378);
#2043=LINE($,#14731,#3379);
#2044=LINE($,#14732,#3380);
#2045=LINE($,#14735,#3381);
#2046=LINE($,#14737,#3382);
#2047=LINE($,#14739,#3383);
#2048=LINE($,#14740,#3384);
#2049=LINE($,#14743,#3385);
#2050=LINE($,#14745,#3386);
#2051=LINE($,#14746,#3387);
#2052=LINE($,#14749,#3388);
#2053=LINE($,#14750,#3389);
#2054=LINE($,#14753,#3390);
#2055=LINE($,#14754,#3391);
#2056=LINE($,#14756,#3392);
#2057=LINE($,#14760,#3393);
#2058=LINE($,#14762,#3394);
#2059=LINE($,#14764,#3395);
#2060=LINE($,#14766,#3396);
#2061=LINE($,#14768,#3397);
#2062=LINE($,#14770,#3398);
#2063=LINE($,#14771,#3399);
#2064=LINE($,#14774,#3400);
#2065=LINE($,#14776,#3401);
#2066=LINE($,#14778,#3402);
#2067=LINE($,#14780,#3403);
#2068=LINE($,#14782,#3404);
#2069=LINE($,#14784,#3405);
#2070=LINE($,#14785,#3406);
#2071=LINE($,#14788,#3407);
#2072=LINE($,#14789,#3408);
#2073=LINE($,#14792,#3409);
#2074=LINE($,#14794,#3410);
#2075=LINE($,#14795,#3411);
#2076=LINE($,#14798,#3412);
#2077=LINE($,#14799,#3413);
#2078=LINE($,#14801,#3414);
#2079=LINE($,#14804,#3415);
#2080=LINE($,#14806,#3416);
#2081=LINE($,#14808,#3417);
#2082=LINE($,#14809,#3418);
#2083=LINE($,#14811,#3419);
#2084=LINE($,#14812,#3420);
#2085=LINE($,#14815,#3421);
#2086=LINE($,#14817,#3422);
#2087=LINE($,#14818,#3423);
#2088=LINE($,#14821,#3424);
#2089=LINE($,#14822,#3425);
#2090=LINE($,#14824,#3426);
#2091=LINE($,#14827,#3427);
#2092=LINE($,#14828,#3428);
#2093=LINE($,#14832,#3429);
#2094=LINE($,#14834,#3430);
#2095=LINE($,#14836,#3431);
#2096=LINE($,#14837,#3432);
#2097=LINE($,#14839,#3433);
#2098=LINE($,#14840,#3434);
#2099=LINE($,#14843,#3435);
#2100=LINE($,#14844,#3436);
#2101=LINE($,#14847,#3437);
#2102=LINE($,#14848,#3438);
#2103=LINE($,#14851,#3439);
#2104=LINE($,#14853,#3440);
#2105=LINE($,#14854,#3441);
#2106=LINE($,#14856,#3442);
#2107=LINE($,#14858,#3443);
#2108=LINE($,#14859,#3444);
#2109=LINE($,#14862,#3445);
#2110=LINE($,#14863,#3446);
#2111=LINE($,#14865,#3447);
#2112=LINE($,#14867,#3448);
#2113=LINE($,#14869,#3449);
#2114=LINE($,#14870,#3450);
#2115=LINE($,#14873,#3451);
#2116=LINE($,#14875,#3452);
#2117=LINE($,#14876,#3453);
#2118=LINE($,#14878,#3454);
#2119=LINE($,#14880,#3455);
#2120=LINE($,#14881,#3456);
#2121=LINE($,#14883,#3457);
#2122=LINE($,#14884,#3458);
#2123=LINE($,#14886,#3459);
#2124=LINE($,#14889,#3460);
#2125=LINE($,#14895,#3461);
#2126=LINE($,#14897,#3462);
#2127=LINE($,#14899,#3463);
#2128=LINE($,#14900,#3464);
#2129=LINE($,#14904,#3465);
#2130=LINE($,#14906,#3466);
#2131=LINE($,#14908,#3467);
#2132=LINE($,#14909,#3468);
#2133=LINE($,#14911,#3469);
#2134=LINE($,#14912,#3470);
#2135=LINE($,#14914,#3471);
#2136=LINE($,#14916,#3472);
#2137=LINE($,#14921,#3473);
#2138=LINE($,#14923,#3474);
#2139=LINE($,#14925,#3475);
#2140=LINE($,#14926,#3476);
#2141=LINE($,#14930,#3477);
#2142=LINE($,#14932,#3478);
#2143=LINE($,#14934,#3479);
#2144=LINE($,#14935,#3480);
#2145=LINE($,#14937,#3481);
#2146=LINE($,#14938,#3482);
#2147=LINE($,#14940,#3483);
#2148=LINE($,#14942,#3484);
#2149=LINE($,#14947,#3485);
#2150=LINE($,#14951,#3486);
#2151=LINE($,#14956,#3487);
#2152=LINE($,#14959,#3488);
#2153=LINE($,#14961,#3489);
#2154=LINE($,#14963,#3490);
#2155=LINE($,#14965,#3491);
#2156=LINE($,#14966,#3492);
#2157=LINE($,#14970,#3493);
#2158=LINE($,#14972,#3494);
#2159=LINE($,#14974,#3495);
#2160=LINE($,#14975,#3496);
#2161=LINE($,#14977,#3497);
#2162=LINE($,#14978,#3498);
#2163=LINE($,#14980,#3499);
#2164=LINE($,#14982,#3500);
#2165=LINE($,#14994,#3501);
#2166=LINE($,#14996,#3502);
#2167=LINE($,#14998,#3503);
#2168=LINE($,#14999,#3504);
#2169=LINE($,#15003,#3505);
#2170=LINE($,#15005,#3506);
#2171=LINE($,#15007,#3507);
#2172=LINE($,#15008,#3508);
#2173=LINE($,#15010,#3509);
#2174=LINE($,#15011,#3510);
#2175=LINE($,#15013,#3511);
#2176=LINE($,#15015,#3512);
#2177=LINE($,#15024,#3513);
#2178=LINE($,#15026,#3514);
#2179=LINE($,#15028,#3515);
#2180=LINE($,#15029,#3516);
#2181=LINE($,#15033,#3517);
#2182=LINE($,#15035,#3518);
#2183=LINE($,#15037,#3519);
#2184=LINE($,#15038,#3520);
#2185=LINE($,#15041,#3521);
#2186=LINE($,#15043,#3522);
#2187=LINE($,#15044,#3523);
#2188=LINE($,#15046,#3524);
#2189=LINE($,#15047,#3525);
#2190=LINE($,#15050,#3526);
#2191=LINE($,#15052,#3527);
#2192=LINE($,#15053,#3528);
#2193=LINE($,#15057,#3529);
#2194=LINE($,#15059,#3530);
#2195=LINE($,#15061,#3531);
#2196=LINE($,#15062,#3532);
#2197=LINE($,#15065,#3533);
#2198=LINE($,#15067,#3534);
#2199=LINE($,#15068,#3535);
#2200=LINE($,#15071,#3536);
#2201=LINE($,#15072,#3537);
#2202=LINE($,#15075,#3538);
#2203=LINE($,#15076,#3539);
#2204=LINE($,#15078,#3540);
#2205=LINE($,#15082,#3541);
#2206=LINE($,#15084,#3542);
#2207=LINE($,#15086,#3543);
#2208=LINE($,#15087,#3544);
#2209=LINE($,#15090,#3545);
#2210=LINE($,#15092,#3546);
#2211=LINE($,#15093,#3547);
#2212=LINE($,#15096,#3548);
#2213=LINE($,#15097,#3549);
#2214=LINE($,#15100,#3550);
#2215=LINE($,#15101,#3551);
#2216=LINE($,#15103,#3552);
#2217=LINE($,#15107,#3553);
#2218=LINE($,#15109,#3554);
#2219=LINE($,#15111,#3555);
#2220=LINE($,#15112,#3556);
#2221=LINE($,#15115,#3557);
#2222=LINE($,#15117,#3558);
#2223=LINE($,#15118,#3559);
#2224=LINE($,#15121,#3560);
#2225=LINE($,#15122,#3561);
#2226=LINE($,#15125,#3562);
#2227=LINE($,#15126,#3563);
#2228=LINE($,#15128,#3564);
#2229=LINE($,#15132,#3565);
#2230=LINE($,#15134,#3566);
#2231=LINE($,#15136,#3567);
#2232=LINE($,#15137,#3568);
#2233=LINE($,#15140,#3569);
#2234=LINE($,#15142,#3570);
#2235=LINE($,#15144,#3571);
#2236=LINE($,#15145,#3572);
#2237=LINE($,#15147,#3573);
#2238=LINE($,#15148,#3574);
#2239=LINE($,#15150,#3575);
#2240=LINE($,#15152,#3576);
#2241=LINE($,#15156,#3577);
#2242=LINE($,#15158,#3578);
#2243=LINE($,#15159,#3579);
#2244=LINE($,#15162,#3580);
#2245=LINE($,#15163,#3581);
#2246=LINE($,#15166,#3582);
#2247=LINE($,#15167,#3583);
#2248=LINE($,#15169,#3584);
#2249=LINE($,#15174,#3585);
#2250=LINE($,#15176,#3586);
#2251=LINE($,#15178,#3587);
#2252=LINE($,#15179,#3588);
#2253=LINE($,#15182,#3589);
#2254=LINE($,#15184,#3590);
#2255=LINE($,#15186,#3591);
#2256=LINE($,#15187,#3592);
#2257=LINE($,#15190,#3593);
#2258=LINE($,#15192,#3594);
#2259=LINE($,#15194,#3595);
#2260=LINE($,#15195,#3596);
#2261=LINE($,#15198,#3597);
#2262=LINE($,#15200,#3598);
#2263=LINE($,#15202,#3599);
#2264=LINE($,#15203,#3600);
#2265=LINE($,#15206,#3601);
#2266=LINE($,#15208,#3602);
#2267=LINE($,#15210,#3603);
#2268=LINE($,#15211,#3604);
#2269=LINE($,#15214,#3605);
#2270=LINE($,#15216,#3606);
#2271=LINE($,#15217,#3607);
#2272=LINE($,#15220,#3608);
#2273=LINE($,#15221,#3609);
#2274=LINE($,#15224,#3610);
#2275=LINE($,#15225,#3611);
#2276=LINE($,#15227,#3612);
#2277=LINE($,#15231,#3613);
#2278=LINE($,#15233,#3614);
#2279=LINE($,#15235,#3615);
#2280=LINE($,#15237,#3616);
#2281=LINE($,#15239,#3617);
#2282=LINE($,#15241,#3618);
#2283=LINE($,#15242,#3619);
#2284=LINE($,#15245,#3620);
#2285=LINE($,#15247,#3621);
#2286=LINE($,#15249,#3622);
#2287=LINE($,#15251,#3623);
#2288=LINE($,#15253,#3624);
#2289=LINE($,#15255,#3625);
#2290=LINE($,#15256,#3626);
#2291=LINE($,#15259,#3627);
#2292=LINE($,#15260,#3628);
#2293=LINE($,#15263,#3629);
#2294=LINE($,#15265,#3630);
#2295=LINE($,#15266,#3631);
#2296=LINE($,#15269,#3632);
#2297=LINE($,#15270,#3633);
#2298=LINE($,#15272,#3634);
#2299=LINE($,#15275,#3635);
#2300=LINE($,#15277,#3636);
#2301=LINE($,#15279,#3637);
#2302=LINE($,#15280,#3638);
#2303=LINE($,#15282,#3639);
#2304=LINE($,#15283,#3640);
#2305=LINE($,#15286,#3641);
#2306=LINE($,#15288,#3642);
#2307=LINE($,#15289,#3643);
#2308=LINE($,#15292,#3644);
#2309=LINE($,#15293,#3645);
#2310=LINE($,#15295,#3646);
#2311=LINE($,#15298,#3647);
#2312=LINE($,#15299,#3648);
#2313=LINE($,#15303,#3649);
#2314=LINE($,#15305,#3650);
#2315=LINE($,#15307,#3651);
#2316=LINE($,#15308,#3652);
#2317=LINE($,#15310,#3653);
#2318=LINE($,#15311,#3654);
#2319=LINE($,#15314,#3655);
#2320=LINE($,#15315,#3656);
#2321=LINE($,#15318,#3657);
#2322=LINE($,#15319,#3658);
#2323=LINE($,#15322,#3659);
#2324=LINE($,#15324,#3660);
#2325=LINE($,#15325,#3661);
#2326=LINE($,#15327,#3662);
#2327=LINE($,#15329,#3663);
#2328=LINE($,#15330,#3664);
#2329=LINE($,#15333,#3665);
#2330=LINE($,#15334,#3666);
#2331=LINE($,#15336,#3667);
#2332=LINE($,#15338,#3668);
#2333=LINE($,#15340,#3669);
#2334=LINE($,#15341,#3670);
#2335=LINE($,#15344,#3671);
#2336=LINE($,#15346,#3672);
#2337=LINE($,#15347,#3673);
#2338=LINE($,#15349,#3674);
#2339=LINE($,#15351,#3675);
#2340=LINE($,#15352,#3676);
#2341=LINE($,#15354,#3677);
#2342=LINE($,#15355,#3678);
#2343=LINE($,#15357,#3679);
#2344=LINE($,#15360,#3680);
#2345=LINE($,#15366,#3681);
#2346=LINE($,#15368,#3682);
#2347=LINE($,#15370,#3683);
#2348=LINE($,#15371,#3684);
#2349=LINE($,#15375,#3685);
#2350=LINE($,#15377,#3686);
#2351=LINE($,#15379,#3687);
#2352=LINE($,#15380,#3688);
#2353=LINE($,#15382,#3689);
#2354=LINE($,#15383,#3690);
#2355=LINE($,#15385,#3691);
#2356=LINE($,#15387,#3692);
#2357=LINE($,#15392,#3693);
#2358=LINE($,#15396,#3694);
#2359=LINE($,#15401,#3695);
#2360=LINE($,#15404,#3696);
#2361=LINE($,#15406,#3697);
#2362=LINE($,#15408,#3698);
#2363=LINE($,#15410,#3699);
#2364=LINE($,#15411,#3700);
#2365=LINE($,#15415,#3701);
#2366=LINE($,#15417,#3702);
#2367=LINE($,#15419,#3703);
#2368=LINE($,#15420,#3704);
#2369=LINE($,#15422,#3705);
#2370=LINE($,#15423,#3706);
#2371=LINE($,#15425,#3707);
#2372=LINE($,#15427,#3708);
#2373=LINE($,#15439,#3709);
#2374=LINE($,#15443,#3710);
#2375=LINE($,#15448,#3711);
#2376=LINE($,#15451,#3712);
#2377=LINE($,#15453,#3713);
#2378=LINE($,#15455,#3714);
#2379=LINE($,#15457,#3715);
#2380=LINE($,#15458,#3716);
#2381=LINE($,#15462,#3717);
#2382=LINE($,#15464,#3718);
#2383=LINE($,#15466,#3719);
#2384=LINE($,#15467,#3720);
#2385=LINE($,#15469,#3721);
#2386=LINE($,#15470,#3722);
#2387=LINE($,#15472,#3723);
#2388=LINE($,#15474,#3724);
#2389=LINE($,#15486,#3725);
#2390=LINE($,#15488,#3726);
#2391=LINE($,#15490,#3727);
#2392=LINE($,#15491,#3728);
#2393=LINE($,#15495,#3729);
#2394=LINE($,#15497,#3730);
#2395=LINE($,#15499,#3731);
#2396=LINE($,#15500,#3732);
#2397=LINE($,#15503,#3733);
#2398=LINE($,#15505,#3734);
#2399=LINE($,#15506,#3735);
#2400=LINE($,#15508,#3736);
#2401=LINE($,#15509,#3737);
#2402=LINE($,#15512,#3738);
#2403=LINE($,#15514,#3739);
#2404=LINE($,#15515,#3740);
#2405=LINE($,#15519,#3741);
#2406=LINE($,#15521,#3742);
#2407=LINE($,#15523,#3743);
#2408=LINE($,#15524,#3744);
#2409=LINE($,#15527,#3745);
#2410=LINE($,#15529,#3746);
#2411=LINE($,#15530,#3747);
#2412=LINE($,#15533,#3748);
#2413=LINE($,#15534,#3749);
#2414=LINE($,#15537,#3750);
#2415=LINE($,#15538,#3751);
#2416=LINE($,#15540,#3752);
#2417=LINE($,#15544,#3753);
#2418=LINE($,#15546,#3754);
#2419=LINE($,#15548,#3755);
#2420=LINE($,#15549,#3756);
#2421=LINE($,#15552,#3757);
#2422=LINE($,#15554,#3758);
#2423=LINE($,#15555,#3759);
#2424=LINE($,#15558,#3760);
#2425=LINE($,#15559,#3761);
#2426=LINE($,#15562,#3762);
#2427=LINE($,#15563,#3763);
#2428=LINE($,#15565,#3764);
#2429=LINE($,#15569,#3765);
#2430=LINE($,#15571,#3766);
#2431=LINE($,#15573,#3767);
#2432=LINE($,#15574,#3768);
#2433=LINE($,#15577,#3769);
#2434=LINE($,#15579,#3770);
#2435=LINE($,#15580,#3771);
#2436=LINE($,#15583,#3772);
#2437=LINE($,#15584,#3773);
#2438=LINE($,#15587,#3774);
#2439=LINE($,#15588,#3775);
#2440=LINE($,#15590,#3776);
#2441=LINE($,#15594,#3777);
#2442=LINE($,#15596,#3778);
#2443=LINE($,#15598,#3779);
#2444=LINE($,#15599,#3780);
#2445=LINE($,#15602,#3781);
#2446=LINE($,#15604,#3782);
#2447=LINE($,#15606,#3783);
#2448=LINE($,#15607,#3784);
#2449=LINE($,#15609,#3785);
#2450=LINE($,#15610,#3786);
#2451=LINE($,#15612,#3787);
#2452=LINE($,#15614,#3788);
#2453=LINE($,#15618,#3789);
#2454=LINE($,#15620,#3790);
#2455=LINE($,#15621,#3791);
#2456=LINE($,#15624,#3792);
#2457=LINE($,#15625,#3793);
#2458=LINE($,#15628,#3794);
#2459=LINE($,#15629,#3795);
#2460=LINE($,#15631,#3796);
#2461=LINE($,#15636,#3797);
#2462=LINE($,#15638,#3798);
#2463=LINE($,#15640,#3799);
#2464=LINE($,#15641,#3800);
#2465=LINE($,#15644,#3801);
#2466=LINE($,#15646,#3802);
#2467=LINE($,#15648,#3803);
#2468=LINE($,#15649,#3804);
#2469=LINE($,#15652,#3805);
#2470=LINE($,#15654,#3806);
#2471=LINE($,#15656,#3807);
#2472=LINE($,#15657,#3808);
#2473=LINE($,#15660,#3809);
#2474=LINE($,#15662,#3810);
#2475=LINE($,#15664,#3811);
#2476=LINE($,#15665,#3812);
#2477=LINE($,#15668,#3813);
#2478=LINE($,#15670,#3814);
#2479=LINE($,#15672,#3815);
#2480=LINE($,#15673,#3816);
#2481=LINE($,#15676,#3817);
#2482=LINE($,#15678,#3818);
#2483=LINE($,#15679,#3819);
#2484=LINE($,#15682,#3820);
#2485=LINE($,#15683,#3821);
#2486=LINE($,#15686,#3822);
#2487=LINE($,#15687,#3823);
#2488=LINE($,#15689,#3824);
#2489=LINE($,#15693,#3825);
#2490=LINE($,#15695,#3826);
#2491=LINE($,#15697,#3827);
#2492=LINE($,#15699,#3828);
#2493=LINE($,#15701,#3829);
#2494=LINE($,#15703,#3830);
#2495=LINE($,#15704,#3831);
#2496=LINE($,#15707,#3832);
#2497=LINE($,#15709,#3833);
#2498=LINE($,#15711,#3834);
#2499=LINE($,#15713,#3835);
#2500=LINE($,#15715,#3836);
#2501=LINE($,#15717,#3837);
#2502=LINE($,#15718,#3838);
#2503=LINE($,#15721,#3839);
#2504=LINE($,#15722,#3840);
#2505=LINE($,#15725,#3841);
#2506=LINE($,#15727,#3842);
#2507=LINE($,#15728,#3843);
#2508=LINE($,#15731,#3844);
#2509=LINE($,#15732,#3845);
#2510=LINE($,#15734,#3846);
#2511=LINE($,#15737,#3847);
#2512=LINE($,#15739,#3848);
#2513=LINE($,#15741,#3849);
#2514=LINE($,#15742,#3850);
#2515=LINE($,#15744,#3851);
#2516=LINE($,#15745,#3852);
#2517=LINE($,#15748,#3853);
#2518=LINE($,#15750,#3854);
#2519=LINE($,#15751,#3855);
#2520=LINE($,#15754,#3856);
#2521=LINE($,#15755,#3857);
#2522=LINE($,#15757,#3858);
#2523=LINE($,#15760,#3859);
#2524=LINE($,#15761,#3860);
#2525=LINE($,#15765,#3861);
#2526=LINE($,#15767,#3862);
#2527=LINE($,#15769,#3863);
#2528=LINE($,#15770,#3864);
#2529=LINE($,#15772,#3865);
#2530=LINE($,#15773,#3866);
#2531=LINE($,#15776,#3867);
#2532=LINE($,#15777,#3868);
#2533=LINE($,#15780,#3869);
#2534=LINE($,#15781,#3870);
#2535=LINE($,#15784,#3871);
#2536=LINE($,#15786,#3872);
#2537=LINE($,#15787,#3873);
#2538=LINE($,#15789,#3874);
#2539=LINE($,#15791,#3875);
#2540=LINE($,#15792,#3876);
#2541=LINE($,#15795,#3877);
#2542=LINE($,#15796,#3878);
#2543=LINE($,#15798,#3879);
#2544=LINE($,#15800,#3880);
#2545=LINE($,#15802,#3881);
#2546=LINE($,#15803,#3882);
#2547=LINE($,#15806,#3883);
#2548=LINE($,#15808,#3884);
#2549=LINE($,#15809,#3885);
#2550=LINE($,#15811,#3886);
#2551=LINE($,#15813,#3887);
#2552=LINE($,#15814,#3888);
#2553=LINE($,#15816,#3889);
#2554=LINE($,#15817,#3890);
#2555=LINE($,#15819,#3891);
#2556=LINE($,#15822,#3892);
#2557=LINE($,#15828,#3893);
#2558=LINE($,#15830,#3894);
#2559=LINE($,#15832,#3895);
#2560=LINE($,#15833,#3896);
#2561=LINE($,#15837,#3897);
#2562=LINE($,#15839,#3898);
#2563=LINE($,#15841,#3899);
#2564=LINE($,#15842,#3900);
#2565=LINE($,#15845,#3901);
#2566=LINE($,#15846,#3902);
#2567=LINE($,#15848,#3903);
#2568=LINE($,#15850,#3904);
#2569=LINE($,#15852,#3905);
#2570=LINE($,#15853,#3906);
#2571=LINE($,#15857,#3907);
#2572=LINE($,#15858,#3908);
#2573=LINE($,#15859,#3909);
#2574=LINE($,#15862,#3910);
#2575=LINE($,#15863,#3911);
#2576=LINE($,#15865,#3912);
#2577=LINE($,#15867,#3913);
#2578=LINE($,#15869,#3914);
#2579=LINE($,#15870,#3915);
#2580=LINE($,#15872,#3916);
#2581=LINE($,#15876,#3917);
#2582=LINE($,#15878,#3918);
#2583=LINE($,#15880,#3919);
#2584=LINE($,#15881,#3920);
#2585=LINE($,#15885,#3921);
#2586=LINE($,#15887,#3922);
#2587=LINE($,#15889,#3923);
#2588=LINE($,#15890,#3924);
#2589=LINE($,#15892,#3925);
#2590=LINE($,#15893,#3926);
#2591=LINE($,#15895,#3927);
#2592=LINE($,#15897,#3928);
#2593=LINE($,#15902,#3929);
#2594=LINE($,#15904,#3930);
#2595=LINE($,#15906,#3931);
#2596=LINE($,#15907,#3932);
#2597=LINE($,#15910,#3933);
#2598=LINE($,#15912,#3934);
#2599=LINE($,#15913,#3935);
#2600=LINE($,#15916,#3936);
#2601=LINE($,#15917,#3937);
#2602=LINE($,#15920,#3938);
#2603=LINE($,#15921,#3939);
#2604=LINE($,#15923,#3940);
#2605=LINE($,#15927,#3941);
#2606=LINE($,#15929,#3942);
#2607=LINE($,#15931,#3943);
#2608=LINE($,#15932,#3944);
#2609=LINE($,#15935,#3945);
#2610=LINE($,#15937,#3946);
#2611=LINE($,#15938,#3947);
#2612=LINE($,#15941,#3948);
#2613=LINE($,#15942,#3949);
#2614=LINE($,#15945,#3950);
#2615=LINE($,#15946,#3951);
#2616=LINE($,#15948,#3952);
#2617=LINE($,#15952,#3953);
#2618=LINE($,#15954,#3954);
#2619=LINE($,#15956,#3955);
#2620=LINE($,#15957,#3956);
#2621=LINE($,#15960,#3957);
#2622=LINE($,#15962,#3958);
#2623=LINE($,#15963,#3959);
#2624=LINE($,#15966,#3960);
#2625=LINE($,#15967,#3961);
#2626=LINE($,#15970,#3962);
#2627=LINE($,#15971,#3963);
#2628=LINE($,#15973,#3964);
#2629=LINE($,#15977,#3965);
#2630=LINE($,#15979,#3966);
#2631=LINE($,#15981,#3967);
#2632=LINE($,#15982,#3968);
#2633=LINE($,#15985,#3969);
#2634=LINE($,#15987,#3970);
#2635=LINE($,#15989,#3971);
#2636=LINE($,#15990,#3972);
#2637=LINE($,#15993,#3973);
#2638=LINE($,#15995,#3974);
#2639=LINE($,#15996,#3975);
#2640=LINE($,#15999,#3976);
#2641=LINE($,#16000,#3977);
#2642=LINE($,#16003,#3978);
#2643=LINE($,#16004,#3979);
#2644=LINE($,#16006,#3980);
#2645=LINE($,#16009,#3981);
#2646=LINE($,#16011,#3982);
#2647=LINE($,#16012,#3983);
#2648=LINE($,#16015,#3984);
#2649=LINE($,#16016,#3985);
#2650=LINE($,#16020,#3986);
#2651=LINE($,#16021,#3987);
#2652=LINE($,#16023,#3988);
#2653=LINE($,#16028,#3989);
#2654=LINE($,#16030,#3990);
#2655=LINE($,#16032,#3991);
#2656=LINE($,#16033,#3992);
#2657=LINE($,#16037,#3993);
#2658=LINE($,#16039,#3994);
#2659=LINE($,#16041,#3995);
#2660=LINE($,#16042,#3996);
#2661=LINE($,#16044,#3997);
#2662=LINE($,#16045,#3998);
#2663=LINE($,#16047,#3999);
#2664=LINE($,#16049,#4000);
#2665=VECTOR($,#10748,0.849999999999994);
#2666=VECTOR($,#10749,0.0649999999999888);
#2667=VECTOR($,#10750,0.849999999999994);
#2668=VECTOR($,#10751,0.0649999999999888);
#2669=VECTOR($,#10754,0.849999999999994);
#2670=VECTOR($,#10755,0.0649999999999888);
#2671=VECTOR($,#10756,0.849999999999994);
#2672=VECTOR($,#10757,0.0649999999999888);
#2673=VECTOR($,#10760,0.849999999999994);
#2674=VECTOR($,#10761,0.0649999999999888);
#2675=VECTOR($,#10762,0.849999999999994);
#2676=VECTOR($,#10763,0.0649999999999888);
#2677=VECTOR($,#10766,0.849999999999994);
#2678=VECTOR($,#10767,0.0649999999999888);
#2679=VECTOR($,#10768,0.849999999999994);
#2680=VECTOR($,#10769,0.0649999999999888);
#2681=VECTOR($,#10772,0.0600000000000098);
#2682=VECTOR($,#10773,0.609999999999989);
#2683=VECTOR($,#10774,0.0600000000000098);
#2684=VECTOR($,#10775,0.439999999999967);
#2685=VECTOR($,#10776,0.0600000000000109);
#2686=VECTOR($,#10777,0.609999999999989);
#2687=VECTOR($,#10778,0.0600000000000112);
#2688=VECTOR($,#10779,0.439999999999967);
#2689=VECTOR($,#10782,0.0600000000000109);
#2690=VECTOR($,#10783,0.849999999999994);
#2691=VECTOR($,#10786,0.849999999999994);
#2692=VECTOR($,#10787,0.0600000000000112);
#2693=VECTOR($,#10790,0.0600000000000098);
#2694=VECTOR($,#10791,0.849999999999994);
#2695=VECTOR($,#10794,0.0600000000000098);
#2696=VECTOR($,#10795,0.609999999999989);
#2697=VECTOR($,#10796,0.439999999999967);
#2698=VECTOR($,#10797,0.609999999999989);
#2699=VECTOR($,#10798,0.439999999999967);
#2700=VECTOR($,#10801,0.849999999999994);
#2701=VECTOR($,#10804,0.56);
#2702=VECTOR($,#10805,0.899999999999994);
#2703=VECTOR($,#10806,0.559999999999988);
#2704=VECTOR($,#10807,0.899999999999994);
#2705=VECTOR($,#10810,0.74);
#2706=VECTOR($,#10811,0.739999999999966);
#2707=VECTOR($,#10812,0.899999999999994);
#2708=VECTOR($,#10815,0.56);
#2709=VECTOR($,#10816,0.559999999999988);
#2710=VECTOR($,#10817,0.899999999999994);
#2711=VECTOR($,#10820,0.74);
#2712=VECTOR($,#10821,0.739999999999966);
#2713=VECTOR($,#10828,0.15);
#2714=VECTOR($,#10831,0.15);
#2715=VECTOR($,#10838,0.0102450264299056);
#2716=VECTOR($,#10841,0.144877486785047);
#2717=VECTOR($,#10842,0.3);
#2718=VECTOR($,#10843,0.3);
#2719=VECTOR($,#10844,0.3);
#2720=VECTOR($,#10845,0.144877486785047);
#2721=VECTOR($,#10848,0.3);
#2722=VECTOR($,#10849,0.299999999999999);
#2723=VECTOR($,#10850,0.3);
#2724=VECTOR($,#10851,0.299999999999999);
#2725=VECTOR($,#10854,0.0500000000000004);
#2726=VECTOR($,#10855,0.0499999999999997);
#2727=VECTOR($,#10858,0.0499999999999997);
#2728=VECTOR($,#10861,0.0500000000000004);
#2729=VECTOR($,#10876,0.2);
#2730=VECTOR($,#10877,0.300000000000001);
#2731=VECTOR($,#10878,0.2);
#2732=VECTOR($,#10879,0.300000000000001);
#2733=VECTOR($,#10882,0.2);
#2734=VECTOR($,#10883,0.300000000000001);
#2735=VECTOR($,#10884,0.2);
#2736=VECTOR($,#10885,0.300000000000001);
#2737=VECTOR($,#10888,0.05);
#2738=VECTOR($,#10889,0.05);
#2739=VECTOR($,#10892,0.05);
#2740=VECTOR($,#10895,0.05);
#2741=VECTOR($,#10900,0.849999999999994);
#2742=VECTOR($,#10901,0.399999999999999);
#2743=VECTOR($,#10902,0.849999999999994);
#2744=VECTOR($,#10903,0.399999999999999);
#2745=VECTOR($,#10906,0.439999999999972);
#2746=VECTOR($,#10907,0.4);
#2747=VECTOR($,#10908,0.439999999999972);
#2748=VECTOR($,#10911,0.849999999999994);
#2749=VECTOR($,#10912,0.399999999999999);
#2750=VECTOR($,#10913,0.849999999999994);
#2751=VECTOR($,#10916,0.439999999999972);
#2752=VECTOR($,#10919,0.439999999999972);
#2753=VECTOR($,#10930,0.4);
#2754=VECTOR($,#10931,0.00499999999999989);
#2755=VECTOR($,#10932,0.4);
#2756=VECTOR($,#10933,0.00499999999999989);
#2757=VECTOR($,#10936,0.0499999999999998);
#2758=VECTOR($,#10937,0.4);
#2759=VECTOR($,#10938,0.0499999999999998);
#2760=VECTOR($,#10939,0.4);
#2761=VECTOR($,#10942,0.4);
#2762=VECTOR($,#10943,0.4);
#2763=VECTOR($,#10944,0.4);
#2764=VECTOR($,#10947,0.4);
#2765=VECTOR($,#10948,0.4);
#2766=VECTOR($,#10951,0.355);
#2767=VECTOR($,#10952,0.399999999999999);
#2768=VECTOR($,#10953,0.355);
#2769=VECTOR($,#10956,0.0357142857142863);
#2770=VECTOR($,#10957,0.569999999685292);
#2771=VECTOR($,#10958,0.0357142857142863);
#2772=VECTOR($,#10959,0.569999999685292);
#2773=VECTOR($,#10962,0.040650406504068);
#2774=VECTOR($,#10963,0.569999999685292);
#2775=VECTOR($,#10964,0.040650406504068);
#2776=VECTOR($,#10967,0.0357142857142863);
#2777=VECTOR($,#10968,0.040650406504068);
#2778=VECTOR($,#10971,0.0357142857142863);
#2779=VECTOR($,#10972,0.569999999685292);
#2780=VECTOR($,#10975,0.040650406504068);
#2781=VECTOR($,#10978,0.0357142857142863);
#2782=VECTOR($,#10979,0.569999999685292);
#2783=VECTOR($,#10980,0.0357142857142863);
#2784=VECTOR($,#10981,0.569999999685292);
#2785=VECTOR($,#10984,0.040650406504068);
#2786=VECTOR($,#10985,0.569999999685292);
#2787=VECTOR($,#10986,0.040650406504068);
#2788=VECTOR($,#10989,0.0357142857142863);
#2789=VECTOR($,#10990,0.040650406504068);
#2790=VECTOR($,#10993,0.0357142857142863);
#2791=VECTOR($,#10994,0.569999999685292);
#2792=VECTOR($,#10997,0.040650406504068);
#2793=VECTOR($,#11000,0.0357142857142863);
#2794=VECTOR($,#11001,0.569999999685292);
#2795=VECTOR($,#11002,0.0357142857142863);
#2796=VECTOR($,#11003,0.569999999685292);
#2797=VECTOR($,#11006,0.040650406504068);
#2798=VECTOR($,#11007,0.569999999685292);
#2799=VECTOR($,#11008,0.040650406504068);
#2800=VECTOR($,#11011,0.0357142857142863);
#2801=VECTOR($,#11012,0.040650406504068);
#2802=VECTOR($,#11015,0.0357142857142863);
#2803=VECTOR($,#11016,0.569999999685292);
#2804=VECTOR($,#11019,0.040650406504068);
#2805=VECTOR($,#11022,0.4);
#2806=VECTOR($,#11023,0.4);
#2807=VECTOR($,#11024,0.4);
#2808=VECTOR($,#11025,0.4);
#2809=VECTOR($,#11026,0.040650406504068);
#2810=VECTOR($,#11027,0.0357142857142863);
#2811=VECTOR($,#11028,0.040650406504068);
#2812=VECTOR($,#11029,0.0357142857142863);
#2813=VECTOR($,#11032,0.0300000003147081);
#2814=VECTOR($,#11033,0.0300000003147081);
#2815=VECTOR($,#11036,0.0300000003147081);
#2816=VECTOR($,#11039,0.0300000003147081);
#2817=VECTOR($,#11044,0.569999999685292);
#2818=VECTOR($,#11045,0.040650406504068);
#2819=VECTOR($,#11046,0.569999999685292);
#2820=VECTOR($,#11049,0.569999999685292);
#2821=VECTOR($,#11050,0.0357142857142863);
#2822=VECTOR($,#11053,0.040650406504068);
#2823=VECTOR($,#11054,0.0357142857142863);
#2824=VECTOR($,#11057,0.569999999685292);
#2825=VECTOR($,#11062,0.4);
#2826=VECTOR($,#11063,0.00499999999999989);
#2827=VECTOR($,#11064,0.4);
#2828=VECTOR($,#11065,0.00499999999999989);
#2829=VECTOR($,#11068,0.0499999999999998);
#2830=VECTOR($,#11069,0.4);
#2831=VECTOR($,#11070,0.0499999999999998);
#2832=VECTOR($,#11071,0.4);
#2833=VECTOR($,#11074,0.4);
#2834=VECTOR($,#11075,0.4);
#2835=VECTOR($,#11076,0.4);
#2836=VECTOR($,#11079,0.4);
#2837=VECTOR($,#11080,0.4);
#2838=VECTOR($,#11083,0.355);
#2839=VECTOR($,#11084,0.399999999999999);
#2840=VECTOR($,#11085,0.355);
#2841=VECTOR($,#11088,0.0357142857142863);
#2842=VECTOR($,#11089,0.569999999685292);
#2843=VECTOR($,#11090,0.0357142857142863);
#2844=VECTOR($,#11091,0.569999999685292);
#2845=VECTOR($,#11094,0.040650406504068);
#2846=VECTOR($,#11095,0.569999999685292);
#2847=VECTOR($,#11096,0.040650406504068);
#2848=VECTOR($,#11099,0.0357142857142863);
#2849=VECTOR($,#11100,0.040650406504068);
#2850=VECTOR($,#11103,0.0357142857142863);
#2851=VECTOR($,#11104,0.569999999685292);
#2852=VECTOR($,#11107,0.040650406504068);
#2853=VECTOR($,#11110,0.0357142857142863);
#2854=VECTOR($,#11111,0.569999999685292);
#2855=VECTOR($,#11112,0.0357142857142863);
#2856=VECTOR($,#11113,0.569999999685292);
#2857=VECTOR($,#11116,0.040650406504068);
#2858=VECTOR($,#11117,0.569999999685292);
#2859=VECTOR($,#11118,0.040650406504068);
#2860=VECTOR($,#11121,0.0357142857142863);
#2861=VECTOR($,#11122,0.040650406504068);
#2862=VECTOR($,#11125,0.0357142857142863);
#2863=VECTOR($,#11126,0.569999999685292);
#2864=VECTOR($,#11129,0.040650406504068);
#2865=VECTOR($,#11132,0.0357142857142863);
#2866=VECTOR($,#11133,0.569999999685292);
#2867=VECTOR($,#11134,0.0357142857142863);
#2868=VECTOR($,#11135,0.569999999685292);
#2869=VECTOR($,#11138,0.040650406504068);
#2870=VECTOR($,#11139,0.569999999685292);
#2871=VECTOR($,#11140,0.040650406504068);
#2872=VECTOR($,#11143,0.0357142857142863);
#2873=VECTOR($,#11144,0.040650406504068);
#2874=VECTOR($,#11147,0.0357142857142863);
#2875=VECTOR($,#11148,0.569999999685292);
#2876=VECTOR($,#11151,0.040650406504068);
#2877=VECTOR($,#11154,0.4);
#2878=VECTOR($,#11155,0.4);
#2879=VECTOR($,#11156,0.4);
#2880=VECTOR($,#11157,0.4);
#2881=VECTOR($,#11158,0.040650406504068);
#2882=VECTOR($,#11159,0.0357142857142863);
#2883=VECTOR($,#11160,0.040650406504068);
#2884=VECTOR($,#11161,0.0357142857142863);
#2885=VECTOR($,#11164,0.0300000003147081);
#2886=VECTOR($,#11165,0.0300000003147081);
#2887=VECTOR($,#11168,0.0300000003147081);
#2888=VECTOR($,#11171,0.0300000003147081);
#2889=VECTOR($,#11176,0.569999999685292);
#2890=VECTOR($,#11177,0.040650406504068);
#2891=VECTOR($,#11178,0.569999999685292);
#2892=VECTOR($,#11181,0.569999999685292);
#2893=VECTOR($,#11182,0.0357142857142863);
#2894=VECTOR($,#11185,0.040650406504068);
#2895=VECTOR($,#11186,0.0357142857142863);
#2896=VECTOR($,#11189,0.569999999685292);
#2897=VECTOR($,#11194,0.399999999999999);
#2898=VECTOR($,#11195,0.439999999999972);
#2899=VECTOR($,#11196,0.400000000000002);
#2900=VECTOR($,#11197,0.439999999999972);
#2901=VECTOR($,#11200,0.05);
#2902=VECTOR($,#11201,0.399999999999999);
#2903=VECTOR($,#11202,0.05);
#2904=VECTOR($,#11205,0.05);
#2905=VECTOR($,#11206,0.439999999999972);
#2906=VECTOR($,#11209,0.05);
#2907=VECTOR($,#11210,0.399999999999999);
#2908=VECTOR($,#11213,0.439999999999972);
#2909=VECTOR($,#11218,0.1);
#2910=VECTOR($,#11219,0.0999999999999996);
#2911=VECTOR($,#11220,0.1);
#2912=VECTOR($,#11221,0.0999999999999996);
#2913=VECTOR($,#11224,0.1);
#2914=VECTOR($,#11225,0.0999999999999996);
#2915=VECTOR($,#11226,0.1);
#2916=VECTOR($,#11227,0.0999999999999996);
#2917=VECTOR($,#11230,0.1);
#2918=VECTOR($,#11231,0.1);
#2919=VECTOR($,#11234,0.1);
#2920=VECTOR($,#11237,0.1);
#2921=VECTOR($,#11242,0.1);
#2922=VECTOR($,#11243,0.0999999999999996);
#2923=VECTOR($,#11244,0.1);
#2924=VECTOR($,#11245,0.0999999999999996);
#2925=VECTOR($,#11248,0.1);
#2926=VECTOR($,#11249,0.0999999999999996);
#2927=VECTOR($,#11250,0.1);
#2928=VECTOR($,#11251,0.0999999999999996);
#2929=VECTOR($,#11254,0.1);
#2930=VECTOR($,#11255,0.1);
#2931=VECTOR($,#11258,0.1);
#2932=VECTOR($,#11261,0.1);
#2933=VECTOR($,#11266,0.1);
#2934=VECTOR($,#11267,0.0999999999999996);
#2935=VECTOR($,#11268,0.1);
#2936=VECTOR($,#11269,0.0999999999999996);
#2937=VECTOR($,#11272,0.1);
#2938=VECTOR($,#11273,0.0999999999999996);
#2939=VECTOR($,#11274,0.1);
#2940=VECTOR($,#11275,0.0999999999999996);
#2941=VECTOR($,#11278,0.1);
#2942=VECTOR($,#11279,0.1);
#2943=VECTOR($,#11282,0.1);
#2944=VECTOR($,#11285,0.1);
#2945=VECTOR($,#11290,0.1);
#2946=VECTOR($,#11291,0.0999999999999996);
#2947=VECTOR($,#11292,0.1);
#2948=VECTOR($,#11293,0.0999999999999996);
#2949=VECTOR($,#11296,0.1);
#2950=VECTOR($,#11297,0.0999999999999996);
#2951=VECTOR($,#11298,0.1);
#2952=VECTOR($,#11299,0.0999999999999996);
#2953=VECTOR($,#11302,0.1);
#2954=VECTOR($,#11303,0.1);
#2955=VECTOR($,#11306,0.1);
#2956=VECTOR($,#11309,0.1);
#2957=VECTOR($,#11314,0.1);
#2958=VECTOR($,#11315,0.0999999999999996);
#2959=VECTOR($,#11316,0.1);
#2960=VECTOR($,#11317,0.0999999999999996);
#2961=VECTOR($,#11320,0.1);
#2962=VECTOR($,#11321,0.0999999999999996);
#2963=VECTOR($,#11322,0.1);
#2964=VECTOR($,#11323,0.0999999999999996);
#2965=VECTOR($,#11326,0.1);
#2966=VECTOR($,#11327,0.1);
#2967=VECTOR($,#11330,0.1);
#2968=VECTOR($,#11333,0.1);
#2969=VECTOR($,#11338,0.1);
#2970=VECTOR($,#11339,0.0999999999999996);
#2971=VECTOR($,#11340,0.1);
#2972=VECTOR($,#11341,0.0999999999999996);
#2973=VECTOR($,#11344,0.1);
#2974=VECTOR($,#11345,0.0999999999999996);
#2975=VECTOR($,#11346,0.1);
#2976=VECTOR($,#11347,0.0999999999999996);
#2977=VECTOR($,#11350,0.1);
#2978=VECTOR($,#11351,0.1);
#2979=VECTOR($,#11354,0.1);
#2980=VECTOR($,#11357,0.1);
#2981=VECTOR($,#11362,0.1);
#2982=VECTOR($,#11363,0.0999999999999996);
#2983=VECTOR($,#11364,0.1);
#2984=VECTOR($,#11365,0.0999999999999996);
#2985=VECTOR($,#11368,0.1);
#2986=VECTOR($,#11369,0.0999999999999996);
#2987=VECTOR($,#11370,0.1);
#2988=VECTOR($,#11371,0.0999999999999996);
#2989=VECTOR($,#11374,0.1);
#2990=VECTOR($,#11375,0.1);
#2991=VECTOR($,#11378,0.1);
#2992=VECTOR($,#11381,0.1);
#2993=VECTOR($,#11386,0.1);
#2994=VECTOR($,#11387,0.0999999999999996);
#2995=VECTOR($,#11388,0.1);
#2996=VECTOR($,#11389,0.0999999999999996);
#2997=VECTOR($,#11392,0.1);
#2998=VECTOR($,#11393,0.0999999999999996);
#2999=VECTOR($,#11394,0.1);
#3000=VECTOR($,#11395,0.0999999999999996);
#3001=VECTOR($,#11398,0.1);
#3002=VECTOR($,#11399,0.1);
#3003=VECTOR($,#11402,0.1);
#3004=VECTOR($,#11405,0.1);
#3005=VECTOR($,#11410,0.00999999999999979);
#3006=VECTOR($,#11411,0.0281001281738282);
#3007=VECTOR($,#11412,0.00999999999999979);
#3008=VECTOR($,#11413,0.0281001281738282);
#3009=VECTOR($,#11416,0.00999999999999979);
#3010=VECTOR($,#11417,0.0281001281738282);
#3011=VECTOR($,#11418,0.00999999999999979);
#3012=VECTOR($,#11419,0.0281001281738282);
#3013=VECTOR($,#11422,0.00999999999999979);
#3014=VECTOR($,#11423,0.0699999999999994);
#3015=VECTOR($,#11424,0.00999999999999979);
#3016=VECTOR($,#11425,0.0181001281738284);
#3017=VECTOR($,#11426,0.0499999999999998);
#3018=VECTOR($,#11427,0.0181001281738284);
#3019=VECTOR($,#11430,0.0499999999999998);
#3020=VECTOR($,#11431,0.00999999999999979);
#3021=VECTOR($,#11432,0.00999999999999979);
#3022=VECTOR($,#11435,0.00999999999999979);
#3023=VECTOR($,#11436,0.0181001281738284);
#3024=VECTOR($,#11439,0.0699999999999994);
#3025=VECTOR($,#11442,0.00999999999999979);
#3026=VECTOR($,#11443,0.0181001281738284);
#3027=VECTOR($,#11444,0.00999999999999979);
#3028=VECTOR($,#11447,0.00999999999999979);
#3029=VECTOR($,#11450,0.280000000000001);
#3030=VECTOR($,#11451,0.4);
#3031=VECTOR($,#11452,0.280000000000001);
#3032=VECTOR($,#11453,0.4);
#3033=VECTOR($,#11456,0.280000000000001);
#3034=VECTOR($,#11457,0.4);
#3035=VECTOR($,#11458,0.280000000000001);
#3036=VECTOR($,#11459,0.4);
#3037=VECTOR($,#11462,0.02);
#3038=VECTOR($,#11463,0.02);
#3039=VECTOR($,#11466,0.02);
#3040=VECTOR($,#11469,0.02);
#3041=VECTOR($,#11474,0.5);
#3042=VECTOR($,#11475,0.55);
#3043=VECTOR($,#11476,0.5);
#3044=VECTOR($,#11477,0.55);
#3045=VECTOR($,#11480,0.5);
#3046=VECTOR($,#11481,0.55);
#3047=VECTOR($,#11482,0.5);
#3048=VECTOR($,#11483,0.55);
#3049=VECTOR($,#11486,0.15);
#3050=VECTOR($,#11487,0.15);
#3051=VECTOR($,#11490,0.15);
#3052=VECTOR($,#11493,0.15);
#3053=VECTOR($,#11498,0.5);
#3054=VECTOR($,#11499,0.55);
#3055=VECTOR($,#11500,0.5);
#3056=VECTOR($,#11501,0.55);
#3057=VECTOR($,#11504,0.5);
#3058=VECTOR($,#11505,0.55);
#3059=VECTOR($,#11506,0.5);
#3060=VECTOR($,#11507,0.55);
#3061=VECTOR($,#11510,0.15);
#3062=VECTOR($,#11511,0.15);
#3063=VECTOR($,#11514,0.15);
#3064=VECTOR($,#11517,0.15);
#3065=VECTOR($,#11522,0.5);
#3066=VECTOR($,#11523,0.6);
#3067=VECTOR($,#11524,0.5);
#3068=VECTOR($,#11525,0.6);
#3069=VECTOR($,#11528,0.5);
#3070=VECTOR($,#11529,0.6);
#3071=VECTOR($,#11530,0.5);
#3072=VECTOR($,#11531,0.6);
#3073=VECTOR($,#11534,0.15);
#3074=VECTOR($,#11535,0.15);
#3075=VECTOR($,#11538,0.15);
#3076=VECTOR($,#11541,0.15);
#3077=VECTOR($,#11546,0.25);
#3078=VECTOR($,#11547,0.3);
#3079=VECTOR($,#11548,0.25);
#3080=VECTOR($,#11549,0.3);
#3081=VECTOR($,#11552,0.25);
#3082=VECTOR($,#11553,0.3);
#3083=VECTOR($,#11554,0.25);
#3084=VECTOR($,#11555,0.3);
#3085=VECTOR($,#11558,0.075);
#3086=VECTOR($,#11559,0.075);
#3087=VECTOR($,#11562,0.075);
#3088=VECTOR($,#11565,0.075);
#3089=VECTOR($,#11570,0.25);
#3090=VECTOR($,#11571,0.275);
#3091=VECTOR($,#11572,0.25);
#3092=VECTOR($,#11573,0.275);
#3093=VECTOR($,#11576,0.25);
#3094=VECTOR($,#11577,0.275);
#3095=VECTOR($,#11578,0.25);
#3096=VECTOR($,#11579,0.275);
#3097=VECTOR($,#11582,0.075);
#3098=VECTOR($,#11583,0.075);
#3099=VECTOR($,#11586,0.075);
#3100=VECTOR($,#11589,0.075);
#3101=VECTOR($,#11594,0.15);
#3102=VECTOR($,#11595,0.4);
#3103=VECTOR($,#11596,0.149999999999999);
#3104=VECTOR($,#11597,0.399999999999999);
#3105=VECTOR($,#11600,0.15);
#3106=VECTOR($,#11601,0.399999999999999);
#3107=VECTOR($,#11602,0.149999999999999);
#3108=VECTOR($,#11603,0.4);
#3109=VECTOR($,#11606,0.0750000000000002);
#3110=VECTOR($,#11607,0.075);
#3111=VECTOR($,#11610,0.0750000000000002);
#3112=VECTOR($,#11613,0.0750000000000002);
#3113=VECTOR($,#11618,0.0500000000000013);
#3114=VECTOR($,#11619,0.949999999999999);
#3115=VECTOR($,#11620,0.050000000000001);
#3116=VECTOR($,#11621,0.949999999999999);
#3117=VECTOR($,#11624,0.0500000000000007);
#3118=VECTOR($,#11625,0.949999999999999);
#3119=VECTOR($,#11626,0.0500000000000007);
#3120=VECTOR($,#11627,0.949999999999999);
#3121=VECTOR($,#11630,0.249999999999999);
#3122=VECTOR($,#11631,0.374999999999999);
#3123=VECTOR($,#11632,0.0500000000000007);
#3124=VECTOR($,#11633,0.8);
#3125=VECTOR($,#11634,0.0500000000000007);
#3126=VECTOR($,#11635,0.375);
#3127=VECTOR($,#11636,0.249999999999999);
#3128=VECTOR($,#11639,0.249999999999999);
#3129=VECTOR($,#11640,0.375);
#3130=VECTOR($,#11641,0.0500000000000007);
#3131=VECTOR($,#11642,0.8);
#3132=VECTOR($,#11643,0.0500000000000007);
#3133=VECTOR($,#11644,0.374999999999999);
#3134=VECTOR($,#11645,0.249999999999999);
#3135=VECTOR($,#11648,0.249999999999999);
#3136=VECTOR($,#11649,0.374999999999999);
#3137=VECTOR($,#11650,0.0500000000000007);
#3138=VECTOR($,#11651,0.8);
#3139=VECTOR($,#11652,0.0500000000000007);
#3140=VECTOR($,#11653,0.375);
#3141=VECTOR($,#11654,0.249999999999999);
#3142=VECTOR($,#11657,0.249999999999999);
#3143=VECTOR($,#11658,0.375);
#3144=VECTOR($,#11659,0.0500000000000007);
#3145=VECTOR($,#11660,0.8);
#3146=VECTOR($,#11661,0.0500000000000007);
#3147=VECTOR($,#11662,0.374999999999999);
#3148=VECTOR($,#11663,0.249999999999999);
#3149=VECTOR($,#11666,0.0500000000000007);
#3150=VECTOR($,#11667,0.549999999999999);
#3151=VECTOR($,#11668,0.0500000000000007);
#3152=VECTOR($,#11669,0.0500000000000007);
#3153=VECTOR($,#11670,0.549999999999999);
#3154=VECTOR($,#11671,0.0500000000000007);
#3155=VECTOR($,#11674,0.0500000000000007);
#3156=VECTOR($,#11675,0.549999999999999);
#3157=VECTOR($,#11676,0.0500000000000007);
#3158=VECTOR($,#11677,0.0500000000000007);
#3159=VECTOR($,#11678,0.549999999999999);
#3160=VECTOR($,#11679,0.0500000000000007);
#3161=VECTOR($,#11682,0.375);
#3162=VECTOR($,#11683,0.0500000000000007);
#3163=VECTOR($,#11684,0.8);
#3164=VECTOR($,#11685,0.0500000000000007);
#3165=VECTOR($,#11686,0.374999999999999);
#3166=VECTOR($,#11687,0.374999999999999);
#3167=VECTOR($,#11688,0.0500000000000007);
#3168=VECTOR($,#11689,0.8);
#3169=VECTOR($,#11690,0.0500000000000007);
#3170=VECTOR($,#11691,0.375);
#3171=VECTOR($,#11694,0.0500000000000007);
#3172=VECTOR($,#11697,0.0500000000000007);
#3173=VECTOR($,#11700,0.0500000000000007);
#3174=VECTOR($,#11701,0.0500000000000007);
#3175=VECTOR($,#11702,0.0500000000000007);
#3176=VECTOR($,#11703,0.0500000000000007);
#3177=VECTOR($,#11704,0.0500000000000007);
#3178=VECTOR($,#11705,0.0500000000000007);
#3179=VECTOR($,#11706,0.0500000000000007);
#3180=VECTOR($,#11707,0.0500000000000007);
#3181=VECTOR($,#11708,0.0500000000000007);
#3182=VECTOR($,#11709,1.15);
#3183=VECTOR($,#11710,0.75);
#3184=VECTOR($,#11711,1.15);
#3185=VECTOR($,#11712,0.75);
#3186=VECTOR($,#11715,0.0499999999999943);
#3187=VECTOR($,#11716,0.75);
#3188=VECTOR($,#11717,0.0499999999999943);
#3189=VECTOR($,#11720,1.15000000000001);
#3190=VECTOR($,#11721,0.0499999999999943);
#3191=VECTOR($,#11724,0.75);
#3192=VECTOR($,#11725,0.0499999999999943);
#3193=VECTOR($,#11728,1.15000000000001);
#3194=VECTOR($,#11733,0.0500000000000007);
#3195=VECTOR($,#11740,0.0500000000000007);
#3196=VECTOR($,#11741,0.0500000000000007);
#3197=VECTOR($,#11748,0.374999999999999);
#3198=VECTOR($,#11751,0.0500000000000007);
#3199=VECTOR($,#11752,0.0500000000000007);
#3200=VECTOR($,#11753,0.0500000000000007);
#3201=VECTOR($,#11756,0.375);
#3202=VECTOR($,#11759,0.8);
#3203=VECTOR($,#11762,0.374999999999999);
#3204=VECTOR($,#11763,0.8);
#3205=VECTOR($,#11764,0.0500000000000007);
#3206=VECTOR($,#11765,0.375);
#3207=VECTOR($,#11768,0.0500000000000007);
#3208=VECTOR($,#11771,0.0500000000000007);
#3209=VECTOR($,#11778,0.249999999999999);
#3210=VECTOR($,#11779,0.35);
#3211=VECTOR($,#11780,0.249999999999999);
#3212=VECTOR($,#11781,0.35);
#3213=VECTOR($,#11782,0.35);
#3214=VECTOR($,#11783,0.249999999999999);
#3215=VECTOR($,#11784,0.35);
#3216=VECTOR($,#11785,0.249999999999999);
#3217=VECTOR($,#11786,1.);
#3218=VECTOR($,#11787,0.0500000000000007);
#3219=VECTOR($,#11788,0.175);
#3220=VECTOR($,#11789,0.35);
#3221=VECTOR($,#11790,0.175000000000001);
#3222=VECTOR($,#11791,0.0500000000000007);
#3223=VECTOR($,#11792,0.999999999999999);
#3224=VECTOR($,#11793,0.0500000000000007);
#3225=VECTOR($,#11794,0.174999999999999);
#3226=VECTOR($,#11795,0.35);
#3227=VECTOR($,#11796,0.174999999999999);
#3228=VECTOR($,#11797,0.0500000000000007);
#3229=VECTOR($,#11800,0.35);
#3230=VECTOR($,#11801,0.249999999999999);
#3231=VECTOR($,#11802,0.35);
#3232=VECTOR($,#11803,0.249999999999999);
#3233=VECTOR($,#11804,0.249999999999999);
#3234=VECTOR($,#11805,0.35);
#3235=VECTOR($,#11806,0.249999999999999);
#3236=VECTOR($,#11807,0.35);
#3237=VECTOR($,#11808,0.899999999999999);
#3238=VECTOR($,#11809,0.0500000000000007);
#3239=VECTOR($,#11810,0.125);
#3240=VECTOR($,#11811,0.35);
#3241=VECTOR($,#11812,0.125);
#3242=VECTOR($,#11813,0.0500000000000007);
#3243=VECTOR($,#11814,0.899999999999999);
#3244=VECTOR($,#11815,0.0500000000000007);
#3245=VECTOR($,#11816,0.124999999999998);
#3246=VECTOR($,#11817,0.35);
#3247=VECTOR($,#11818,0.124999999999998);
#3248=VECTOR($,#11819,0.0500000000000007);
#3249=VECTOR($,#11822,0.899999999999999);
#3250=VECTOR($,#11823,0.0500000000000007);
#3251=VECTOR($,#11824,0.124999999999999);
#3252=VECTOR($,#11825,0.35);
#3253=VECTOR($,#11826,0.124999999999998);
#3254=VECTOR($,#11827,0.0500000000000007);
#3255=VECTOR($,#11828,0.899999999999999);
#3256=VECTOR($,#11829,0.0500000000000007);
#3257=VECTOR($,#11830,0.125);
#3258=VECTOR($,#11831,0.35);
#3259=VECTOR($,#11832,0.125);
#3260=VECTOR($,#11833,0.0500000000000007);
#3261=VECTOR($,#11834,0.249999999999999);
#3262=VECTOR($,#11835,0.35);
#3263=VECTOR($,#11836,0.249999999999999);
#3264=VECTOR($,#11837,0.35);
#3265=VECTOR($,#11838,0.35);
#3266=VECTOR($,#11839,0.249999999999999);
#3267=VECTOR($,#11840,0.35);
#3268=VECTOR($,#11841,0.249999999999999);
#3269=VECTOR($,#11844,1.);
#3270=VECTOR($,#11845,0.0500000000000007);
#3271=VECTOR($,#11846,0.174999999999999);
#3272=VECTOR($,#11847,0.35);
#3273=VECTOR($,#11848,0.174999999999999);
#3274=VECTOR($,#11849,0.0500000000000007);
#3275=VECTOR($,#11850,1.);
#3276=VECTOR($,#11851,0.0500000000000007);
#3277=VECTOR($,#11852,0.175000000000001);
#3278=VECTOR($,#11853,0.35);
#3279=VECTOR($,#11854,0.174999999999999);
#3280=VECTOR($,#11855,0.0500000000000007);
#3281=VECTOR($,#11856,0.35);
#3282=VECTOR($,#11857,0.249999999999999);
#3283=VECTOR($,#11858,0.35);
#3284=VECTOR($,#11859,0.25);
#3285=VECTOR($,#11860,0.249999999999999);
#3286=VECTOR($,#11861,0.35);
#3287=VECTOR($,#11862,0.249999999999999);
#3288=VECTOR($,#11863,0.35);
#3289=VECTOR($,#11866,0.0500000000000007);
#3290=VECTOR($,#11867,0.0500000000000007);
#3291=VECTOR($,#11870,0.0500000000000007);
#3292=VECTOR($,#11871,0.0500000000000007);
#3293=VECTOR($,#11874,0.0500000000000007);
#3294=VECTOR($,#11875,0.0500000000000007);
#3295=VECTOR($,#11878,0.0500000000000007);
#3296=VECTOR($,#11881,0.0500000000000007);
#3297=VECTOR($,#11882,0.0500000000000007);
#3298=VECTOR($,#11885,0.0500000000000007);
#3299=VECTOR($,#11888,0.35);
#3300=VECTOR($,#11889,0.35);
#3301=VECTOR($,#11892,0.0500000000000007);
#3302=VECTOR($,#11895,0.0500000000000007);
#3303=VECTOR($,#11898,0.450000000000001);
#3304=VECTOR($,#11899,0.450000000000001);
#3305=VECTOR($,#11900,0.35);
#3306=VECTOR($,#11901,0.35);
#3307=VECTOR($,#11904,0.0500000000000007);
#3308=VECTOR($,#11905,0.0500000000000007);
#3309=VECTOR($,#11908,0.0500000000000007);
#3310=VECTOR($,#11909,0.0500000000000007);
#3311=VECTOR($,#11912,0.0500000000000007);
#3312=VECTOR($,#11915,0.0500000000000007);
#3313=VECTOR($,#11916,0.0500000000000007);
#3314=VECTOR($,#11919,0.0500000000000007);
#3315=VECTOR($,#11920,0.0500000000000007);
#3316=VECTOR($,#11923,0.0500000000000007);
#3317=VECTOR($,#11928,0.0500000000000007);
#3318=VECTOR($,#11931,0.35);
#3319=VECTOR($,#11932,0.35);
#3320=VECTOR($,#11935,0.0500000000000007);
#3321=VECTOR($,#11938,0.35);
#3322=VECTOR($,#11941,0.35);
#3323=VECTOR($,#11948,0.450000000000001);
#3324=VECTOR($,#11955,0.450000000000001);
#3325=VECTOR($,#11958,0.450000000000001);
#3326=VECTOR($,#11961,0.450000000000001);
#3327=VECTOR($,#11964,0.450000000000001);
#3328=VECTOR($,#11967,0.450000000000001);
#3329=VECTOR($,#11974,0.00999999999999979);
#3330=VECTOR($,#11975,0.0281001281738282);
#3331=VECTOR($,#11976,0.00999999999999979);
#3332=VECTOR($,#11977,0.0281001281738282);
#3333=VECTOR($,#11980,0.00999999999999979);
#3334=VECTOR($,#11981,0.0281001281738282);
#3335=VECTOR($,#11982,0.00999999999999979);
#3336=VECTOR($,#11983,0.0281001281738282);
#3337=VECTOR($,#11986,0.00999999999999979);
#3338=VECTOR($,#11987,0.0699999999999994);
#3339=VECTOR($,#11988,0.00999999999999979);
#3340=VECTOR($,#11989,0.0181001281738284);
#3341=VECTOR($,#11990,0.0499999999999998);
#3342=VECTOR($,#11991,0.0181001281738284);
#3343=VECTOR($,#11994,0.0499999999999998);
#3344=VECTOR($,#11995,0.00999999999999979);
#3345=VECTOR($,#11996,0.00999999999999979);
#3346=VECTOR($,#11999,0.00999999999999979);
#3347=VECTOR($,#12000,0.0181001281738284);
#3348=VECTOR($,#12003,0.0699999999999994);
#3349=VECTOR($,#12006,0.00999999999999979);
#3350=VECTOR($,#12007,0.0181001281738284);
#3351=VECTOR($,#12008,0.00999999999999979);
#3352=VECTOR($,#12011,0.00999999999999979);
#3353=VECTOR($,#12014,0.280000000000001);
#3354=VECTOR($,#12015,0.4);
#3355=VECTOR($,#12016,0.280000000000001);
#3356=VECTOR($,#12017,0.4);
#3357=VECTOR($,#12020,0.280000000000001);
#3358=VECTOR($,#12021,0.4);
#3359=VECTOR($,#12022,0.280000000000001);
#3360=VECTOR($,#12023,0.4);
#3361=VECTOR($,#12026,0.02);
#3362=VECTOR($,#12027,0.02);
#3363=VECTOR($,#12030,0.02);
#3364=VECTOR($,#12033,0.02);
#3365=VECTOR($,#12038,0.0500000000000007);
#3366=VECTOR($,#12039,0.0499999999999998);
#3367=VECTOR($,#12040,0.0500000000000007);
#3368=VECTOR($,#12041,0.0499999999999998);
#3369=VECTOR($,#12042,0.0500000000000007);
#3370=VECTOR($,#12043,0.0500000000000007);
#3371=VECTOR($,#12044,0.0500000000000007);
#3372=VECTOR($,#12045,0.0500000000000007);
#3373=VECTOR($,#12046,0.0500000000000007);
#3374=VECTOR($,#12047,0.0499999999999998);
#3375=VECTOR($,#12048,0.0500000000000007);
#3376=VECTOR($,#12049,0.0499999999999998);
#3377=VECTOR($,#12050,0.0500000000000007);
#3378=VECTOR($,#12051,0.0500000000000007);
#3379=VECTOR($,#12052,0.0500000000000007);
#3380=VECTOR($,#12053,0.0500000000000007);
#3381=VECTOR($,#12054,0.600000000000001);
#3382=VECTOR($,#12055,1.80000000000001);
#3383=VECTOR($,#12056,0.600000000000001);
#3384=VECTOR($,#12057,1.80000000000001);
#3385=VECTOR($,#12060,0.0499999999999943);
#3386=VECTOR($,#12061,1.8);
#3387=VECTOR($,#12062,0.0499999999999943);
#3388=VECTOR($,#12065,0.6);
#3389=VECTOR($,#12066,0.0499999999999943);
#3390=VECTOR($,#12069,1.8);
#3391=VECTOR($,#12070,0.0499999999999943);
#3392=VECTOR($,#12073,0.6);
#3393=VECTOR($,#12078,0.95);
#3394=VECTOR($,#12079,0.45);
#3395=VECTOR($,#12080,0.149999999999999);
#3396=VECTOR($,#12081,0.0500000000000014);
#3397=VECTOR($,#12082,0.149999999999999);
#3398=VECTOR($,#12083,0.45);
#3399=VECTOR($,#12084,0.0500000000000007);
#3400=VECTOR($,#12087,0.95);
#3401=VECTOR($,#12088,0.0500000000000007);
#3402=VECTOR($,#12089,0.45);
#3403=VECTOR($,#12090,0.149999999999999);
#3404=VECTOR($,#12091,0.0500000000000015);
#3405=VECTOR($,#12092,0.149999999999999);
#3406=VECTOR($,#12093,0.45);
#3407=VECTOR($,#12096,0.0499999999999998);
#3408=VECTOR($,#12097,0.95);
#3409=VECTOR($,#12100,0.0499999999999998);
#3410=VECTOR($,#12101,0.45);
#3411=VECTOR($,#12102,0.0499999999999998);
#3412=VECTOR($,#12105,0.0499999999999998);
#3413=VECTOR($,#12106,0.45);
#3414=VECTOR($,#12109,0.0500000000000007);
#3415=VECTOR($,#12112,0.35);
#3416=VECTOR($,#12113,0.449999999999999);
#3417=VECTOR($,#12114,0.0500000000000007);
#3418=VECTOR($,#12115,0.95);
#3419=VECTOR($,#12116,0.45);
#3420=VECTOR($,#12117,0.35);
#3421=VECTOR($,#12120,0.0500000000000007);
#3422=VECTOR($,#12121,0.0499999999999998);
#3423=VECTOR($,#12122,0.45);
#3424=VECTOR($,#12125,0.95);
#3425=VECTOR($,#12126,0.0499999999999998);
#3426=VECTOR($,#12129,0.0500000000000007);
#3427=VECTOR($,#12132,0.0500000000000007);
#3428=VECTOR($,#12133,0.45);
#3429=VECTOR($,#12136,0.0499999999999998);
#3430=VECTOR($,#12137,1.55);
#3431=VECTOR($,#12138,0.0499999999999998);
#3432=VECTOR($,#12139,1.55);
#3433=VECTOR($,#12142,1.55);
#3434=VECTOR($,#12143,1.55);
#3435=VECTOR($,#12146,0.95);
#3436=VECTOR($,#12147,0.0499999999999998);
#3437=VECTOR($,#12150,0.0499999999999998);
#3438=VECTOR($,#12151,0.45);
#3439=VECTOR($,#12154,0.0499999999999998);
#3440=VECTOR($,#12155,0.449999999999999);
#3441=VECTOR($,#12156,0.0499999999999998);
#3442=VECTOR($,#12159,0.0500000000000007);
#3443=VECTOR($,#12162,0.15);
#3444=VECTOR($,#12163,0.15);
#3445=VECTOR($,#12166,0.35);
#3446=VECTOR($,#12167,0.45);
#3447=VECTOR($,#12168,0.95);
#3448=VECTOR($,#12169,0.0500000000000007);
#3449=VECTOR($,#12170,0.45);
#3450=VECTOR($,#12171,0.35);
#3451=VECTOR($,#12174,0.95);
#3452=VECTOR($,#12175,0.45);
#3453=VECTOR($,#12176,0.15);
#3454=VECTOR($,#12177,0.15);
#3455=VECTOR($,#12178,0.45);
#3456=VECTOR($,#12179,0.0500000000000007);
#3457=VECTOR($,#12182,0.0500000000000007);
#3458=VECTOR($,#12183,0.0499999999999998);
#3459=VECTOR($,#12186,0.0499999999999998);
#3460=VECTOR($,#12191,0.0500000000000007);
#3461=VECTOR($,#12198,0.2);
#3462=VECTOR($,#12199,0.5);
#3463=VECTOR($,#12200,0.2);
#3464=VECTOR($,#12201,0.5);
#3465=VECTOR($,#12204,0.2);
#3466=VECTOR($,#12205,0.5);
#3467=VECTOR($,#12206,0.2);
#3468=VECTOR($,#12207,0.5);
#3469=VECTOR($,#12210,0.5);
#3470=VECTOR($,#12211,0.5);
#3471=VECTOR($,#12214,0.5);
#3472=VECTOR($,#12217,0.5);
#3473=VECTOR($,#12222,0.2);
#3474=VECTOR($,#12223,0.5);
#3475=VECTOR($,#12224,0.2);
#3476=VECTOR($,#12225,0.5);
#3477=VECTOR($,#12228,0.2);
#3478=VECTOR($,#12229,0.5);
#3479=VECTOR($,#12230,0.2);
#3480=VECTOR($,#12231,0.5);
#3481=VECTOR($,#12234,0.5);
#3482=VECTOR($,#12235,0.5);
#3483=VECTOR($,#12238,0.5);
#3484=VECTOR($,#12241,0.5);
#3485=VECTOR($,#12246,0.15);
#3486=VECTOR($,#12249,0.15);
#3487=VECTOR($,#12256,0.0102450264299056);
#3488=VECTOR($,#12259,0.144877486785047);
#3489=VECTOR($,#12260,0.3);
#3490=VECTOR($,#12261,0.3);
#3491=VECTOR($,#12262,0.3);
#3492=VECTOR($,#12263,0.144877486785047);
#3493=VECTOR($,#12266,0.3);
#3494=VECTOR($,#12267,0.3);
#3495=VECTOR($,#12268,0.3);
#3496=VECTOR($,#12269,0.3);
#3497=VECTOR($,#12272,0.0500000000000004);
#3498=VECTOR($,#12273,0.0499999999999997);
#3499=VECTOR($,#12276,0.0499999999999997);
#3500=VECTOR($,#12279,0.0500000000000004);
#3501=VECTOR($,#12294,0.2);
#3502=VECTOR($,#12295,0.300000000000001);
#3503=VECTOR($,#12296,0.2);
#3504=VECTOR($,#12297,0.300000000000001);
#3505=VECTOR($,#12300,0.2);
#3506=VECTOR($,#12301,0.300000000000001);
#3507=VECTOR($,#12302,0.2);
#3508=VECTOR($,#12303,0.300000000000001);
#3509=VECTOR($,#12306,0.05);
#3510=VECTOR($,#12307,0.05);
#3511=VECTOR($,#12310,0.05);
#3512=VECTOR($,#12313,0.05);
#3513=VECTOR($,#12324,0.4);
#3514=VECTOR($,#12325,0.00499999999999989);
#3515=VECTOR($,#12326,0.4);
#3516=VECTOR($,#12327,0.00499999999999989);
#3517=VECTOR($,#12330,0.0499999999999998);
#3518=VECTOR($,#12331,0.4);
#3519=VECTOR($,#12332,0.0499999999999998);
#3520=VECTOR($,#12333,0.4);
#3521=VECTOR($,#12336,0.4);
#3522=VECTOR($,#12337,0.4);
#3523=VECTOR($,#12338,0.4);
#3524=VECTOR($,#12341,0.4);
#3525=VECTOR($,#12342,0.4);
#3526=VECTOR($,#12345,0.354999999999999);
#3527=VECTOR($,#12346,0.399999999999999);
#3528=VECTOR($,#12347,0.355);
#3529=VECTOR($,#12350,0.0357142857142863);
#3530=VECTOR($,#12351,0.569999999685292);
#3531=VECTOR($,#12352,0.0357142857142863);
#3532=VECTOR($,#12353,0.569999999685292);
#3533=VECTOR($,#12356,0.040650406504068);
#3534=VECTOR($,#12357,0.569999999685292);
#3535=VECTOR($,#12358,0.040650406504068);
#3536=VECTOR($,#12361,0.0357142857142863);
#3537=VECTOR($,#12362,0.040650406504068);
#3538=VECTOR($,#12365,0.0357142857142863);
#3539=VECTOR($,#12366,0.569999999685292);
#3540=VECTOR($,#12369,0.040650406504068);
#3541=VECTOR($,#12372,0.0357142857142863);
#3542=VECTOR($,#12373,0.569999999685292);
#3543=VECTOR($,#12374,0.0357142857142863);
#3544=VECTOR($,#12375,0.569999999685292);
#3545=VECTOR($,#12378,0.040650406504068);
#3546=VECTOR($,#12379,0.569999999685292);
#3547=VECTOR($,#12380,0.040650406504068);
#3548=VECTOR($,#12383,0.0357142857142863);
#3549=VECTOR($,#12384,0.040650406504068);
#3550=VECTOR($,#12387,0.0357142857142863);
#3551=VECTOR($,#12388,0.569999999685292);
#3552=VECTOR($,#12391,0.040650406504068);
#3553=VECTOR($,#12394,0.0357142857142863);
#3554=VECTOR($,#12395,0.569999999685292);
#3555=VECTOR($,#12396,0.0357142857142863);
#3556=VECTOR($,#12397,0.569999999685292);
#3557=VECTOR($,#12400,0.040650406504068);
#3558=VECTOR($,#12401,0.569999999685292);
#3559=VECTOR($,#12402,0.040650406504068);
#3560=VECTOR($,#12405,0.0357142857142863);
#3561=VECTOR($,#12406,0.040650406504068);
#3562=VECTOR($,#12409,0.0357142857142863);
#3563=VECTOR($,#12410,0.569999999685292);
#3564=VECTOR($,#12413,0.040650406504068);
#3565=VECTOR($,#12416,0.4);
#3566=VECTOR($,#12417,0.4);
#3567=VECTOR($,#12418,0.4);
#3568=VECTOR($,#12419,0.4);
#3569=VECTOR($,#12420,0.040650406504068);
#3570=VECTOR($,#12421,0.0357142857142863);
#3571=VECTOR($,#12422,0.040650406504068);
#3572=VECTOR($,#12423,0.0357142857142863);
#3573=VECTOR($,#12426,0.0300000003147081);
#3574=VECTOR($,#12427,0.0300000003147081);
#3575=VECTOR($,#12430,0.0300000003147081);
#3576=VECTOR($,#12433,0.0300000003147081);
#3577=VECTOR($,#12438,0.569999999685292);
#3578=VECTOR($,#12439,0.040650406504068);
#3579=VECTOR($,#12440,0.569999999685292);
#3580=VECTOR($,#12443,0.569999999685292);
#3581=VECTOR($,#12444,0.0357142857142863);
#3582=VECTOR($,#12447,0.040650406504068);
#3583=VECTOR($,#12448,0.0357142857142863);
#3584=VECTOR($,#12451,0.569999999685292);
#3585=VECTOR($,#12456,0.0666666666666682);
#3586=VECTOR($,#12457,0.0388888888888879);
#3587=VECTOR($,#12458,0.0666666666666682);
#3588=VECTOR($,#12459,0.0388888888888879);
#3589=VECTOR($,#12460,0.0666666666666682);
#3590=VECTOR($,#12461,0.0388888888888892);
#3591=VECTOR($,#12462,0.0666666666666682);
#3592=VECTOR($,#12463,0.0388888888888892);
#3593=VECTOR($,#12464,0.0666666666666673);
#3594=VECTOR($,#12465,0.0388888888888879);
#3595=VECTOR($,#12466,0.0666666666666673);
#3596=VECTOR($,#12467,0.0388888888888879);
#3597=VECTOR($,#12468,0.0666666666666673);
#3598=VECTOR($,#12469,0.0388888888888892);
#3599=VECTOR($,#12470,0.0666666666666673);
#3600=VECTOR($,#12471,0.0388888888888892);
#3601=VECTOR($,#12472,0.8);
#3602=VECTOR($,#12473,1.4);
#3603=VECTOR($,#12474,0.8);
#3604=VECTOR($,#12475,1.4);
#3605=VECTOR($,#12478,0.0499999999999943);
#3606=VECTOR($,#12479,1.4);
#3607=VECTOR($,#12480,0.0499999999999943);
#3608=VECTOR($,#12483,0.8);
#3609=VECTOR($,#12484,0.0499999999999943);
#3610=VECTOR($,#12487,1.4);
#3611=VECTOR($,#12488,0.0499999999999943);
#3612=VECTOR($,#12491,0.8);
#3613=VECTOR($,#12496,0.95);
#3614=VECTOR($,#12497,0.45);
#3615=VECTOR($,#12498,0.199999999999998);
#3616=VECTOR($,#12499,0.0500000000000014);
#3617=VECTOR($,#12500,0.199999999999998);
#3618=VECTOR($,#12501,0.45);
#3619=VECTOR($,#12502,0.0666666666666682);
#3620=VECTOR($,#12505,0.95);
#3621=VECTOR($,#12506,0.0666666666666682);
#3622=VECTOR($,#12507,0.45);
#3623=VECTOR($,#12508,0.199999999999997);
#3624=VECTOR($,#12509,0.0500000000000015);
#3625=VECTOR($,#12510,0.199999999999997);
#3626=VECTOR($,#12511,0.45);
#3627=VECTOR($,#12514,0.0388888888888879);
#3628=VECTOR($,#12515,0.95);
#3629=VECTOR($,#12518,0.0388888888888879);
#3630=VECTOR($,#12519,0.45);
#3631=VECTOR($,#12520,0.0388888888888879);
#3632=VECTOR($,#12523,0.0388888888888879);
#3633=VECTOR($,#12524,0.45);
#3634=VECTOR($,#12527,0.0666666666666682);
#3635=VECTOR($,#12530,0.466666666666665);
#3636=VECTOR($,#12531,0.449999999999999);
#3637=VECTOR($,#12532,0.0666666666666673);
#3638=VECTOR($,#12533,0.95);
#3639=VECTOR($,#12534,0.45);
#3640=VECTOR($,#12535,0.466666666666665);
#3641=VECTOR($,#12538,0.0388888888888892);
#3642=VECTOR($,#12539,0.0388888888888892);
#3643=VECTOR($,#12540,0.45);
#3644=VECTOR($,#12543,0.95);
#3645=VECTOR($,#12544,0.0388888888888892);
#3646=VECTOR($,#12547,0.0666666666666682);
#3647=VECTOR($,#12550,0.0388888888888892);
#3648=VECTOR($,#12551,0.45);
#3649=VECTOR($,#12554,0.0499999999999998);
#3650=VECTOR($,#12555,1.20555555555555);
#3651=VECTOR($,#12556,0.0499999999999998);
#3652=VECTOR($,#12557,1.20555555555555);
#3653=VECTOR($,#12560,1.20555555555555);
#3654=VECTOR($,#12561,1.20555555555555);
#3655=VECTOR($,#12564,0.95);
#3656=VECTOR($,#12565,0.0388888888888879);
#3657=VECTOR($,#12568,0.0388888888888879);
#3658=VECTOR($,#12569,0.45);
#3659=VECTOR($,#12572,0.0388888888888879);
#3660=VECTOR($,#12573,0.449999999999999);
#3661=VECTOR($,#12574,0.0388888888888879);
#3662=VECTOR($,#12577,0.0666666666666673);
#3663=VECTOR($,#12580,0.2);
#3664=VECTOR($,#12581,0.2);
#3665=VECTOR($,#12584,0.466666666666665);
#3666=VECTOR($,#12585,0.45);
#3667=VECTOR($,#12586,0.95);
#3668=VECTOR($,#12587,0.0666666666666673);
#3669=VECTOR($,#12588,0.45);
#3670=VECTOR($,#12589,0.466666666666665);
#3671=VECTOR($,#12592,0.95);
#3672=VECTOR($,#12593,0.45);
#3673=VECTOR($,#12594,0.2);
#3674=VECTOR($,#12595,0.2);
#3675=VECTOR($,#12596,0.45);
#3676=VECTOR($,#12597,0.0666666666666673);
#3677=VECTOR($,#12600,0.0388888888888892);
#3678=VECTOR($,#12601,0.0388888888888892);
#3679=VECTOR($,#12604,0.0388888888888892);
#3680=VECTOR($,#12609,0.0388888888888892);
#3681=VECTOR($,#12616,0.2);
#3682=VECTOR($,#12617,0.5);
#3683=VECTOR($,#12618,0.2);
#3684=VECTOR($,#12619,0.5);
#3685=VECTOR($,#12622,0.2);
#3686=VECTOR($,#12623,0.5);
#3687=VECTOR($,#12624,0.2);
#3688=VECTOR($,#12625,0.5);
#3689=VECTOR($,#12628,0.5);
#3690=VECTOR($,#12629,0.5);
#3691=VECTOR($,#12632,0.5);
#3692=VECTOR($,#12635,0.5);
#3693=VECTOR($,#12640,0.15);
#3694=VECTOR($,#12643,0.15);
#3695=VECTOR($,#12650,0.0102450264299056);
#3696=VECTOR($,#12653,0.144877486785047);
#3697=VECTOR($,#12654,0.3);
#3698=VECTOR($,#12655,0.3);
#3699=VECTOR($,#12656,0.3);
#3700=VECTOR($,#12657,0.144877486785047);
#3701=VECTOR($,#12660,0.3);
#3702=VECTOR($,#12661,0.3);
#3703=VECTOR($,#12662,0.3);
#3704=VECTOR($,#12663,0.3);
#3705=VECTOR($,#12666,0.0500000000000004);
#3706=VECTOR($,#12667,0.0499999999999997);
#3707=VECTOR($,#12670,0.0499999999999997);
#3708=VECTOR($,#12673,0.0500000000000004);
#3709=VECTOR($,#12688,0.15);
#3710=VECTOR($,#12691,0.15);
#3711=VECTOR($,#12698,0.0102450264299056);
#3712=VECTOR($,#12701,0.144877486785047);
#3713=VECTOR($,#12702,0.3);
#3714=VECTOR($,#12703,0.3);
#3715=VECTOR($,#12704,0.3);
#3716=VECTOR($,#12705,0.144877486785047);
#3717=VECTOR($,#12708,0.3);
#3718=VECTOR($,#12709,0.3);
#3719=VECTOR($,#12710,0.3);
#3720=VECTOR($,#12711,0.3);
#3721=VECTOR($,#12714,0.0500000000000004);
#3722=VECTOR($,#12715,0.0499999999999997);
#3723=VECTOR($,#12718,0.0499999999999997);
#3724=VECTOR($,#12721,0.0500000000000004);
#3725=VECTOR($,#12736,0.4);
#3726=VECTOR($,#12737,0.00499999999999989);
#3727=VECTOR($,#12738,0.4);
#3728=VECTOR($,#12739,0.00499999999999989);
#3729=VECTOR($,#12742,0.0499999999999998);
#3730=VECTOR($,#12743,0.4);
#3731=VECTOR($,#12744,0.0499999999999998);
#3732=VECTOR($,#12745,0.4);
#3733=VECTOR($,#12748,0.4);
#3734=VECTOR($,#12749,0.4);
#3735=VECTOR($,#12750,0.4);
#3736=VECTOR($,#12753,0.4);
#3737=VECTOR($,#12754,0.4);
#3738=VECTOR($,#12757,0.355);
#3739=VECTOR($,#12758,0.399999999999999);
#3740=VECTOR($,#12759,0.355);
#3741=VECTOR($,#12762,0.0357142857142863);
#3742=VECTOR($,#12763,0.569999999685292);
#3743=VECTOR($,#12764,0.0357142857142863);
#3744=VECTOR($,#12765,0.569999999685292);
#3745=VECTOR($,#12768,0.040650406504068);
#3746=VECTOR($,#12769,0.569999999685292);
#3747=VECTOR($,#12770,0.040650406504068);
#3748=VECTOR($,#12773,0.0357142857142863);
#3749=VECTOR($,#12774,0.040650406504068);
#3750=VECTOR($,#12777,0.0357142857142863);
#3751=VECTOR($,#12778,0.569999999685292);
#3752=VECTOR($,#12781,0.040650406504068);
#3753=VECTOR($,#12784,0.0357142857142863);
#3754=VECTOR($,#12785,0.569999999685292);
#3755=VECTOR($,#12786,0.0357142857142863);
#3756=VECTOR($,#12787,0.569999999685292);
#3757=VECTOR($,#12790,0.040650406504068);
#3758=VECTOR($,#12791,0.569999999685292);
#3759=VECTOR($,#12792,0.040650406504068);
#3760=VECTOR($,#12795,0.0357142857142863);
#3761=VECTOR($,#12796,0.040650406504068);
#3762=VECTOR($,#12799,0.0357142857142863);
#3763=VECTOR($,#12800,0.569999999685292);
#3764=VECTOR($,#12803,0.040650406504068);
#3765=VECTOR($,#12806,0.0357142857142863);
#3766=VECTOR($,#12807,0.569999999685292);
#3767=VECTOR($,#12808,0.0357142857142863);
#3768=VECTOR($,#12809,0.569999999685292);
#3769=VECTOR($,#12812,0.040650406504068);
#3770=VECTOR($,#12813,0.569999999685292);
#3771=VECTOR($,#12814,0.040650406504068);
#3772=VECTOR($,#12817,0.0357142857142863);
#3773=VECTOR($,#12818,0.040650406504068);
#3774=VECTOR($,#12821,0.0357142857142863);
#3775=VECTOR($,#12822,0.569999999685292);
#3776=VECTOR($,#12825,0.040650406504068);
#3777=VECTOR($,#12828,0.4);
#3778=VECTOR($,#12829,0.4);
#3779=VECTOR($,#12830,0.4);
#3780=VECTOR($,#12831,0.4);
#3781=VECTOR($,#12832,0.040650406504068);
#3782=VECTOR($,#12833,0.0357142857142863);
#3783=VECTOR($,#12834,0.040650406504068);
#3784=VECTOR($,#12835,0.0357142857142863);
#3785=VECTOR($,#12838,0.0300000003147081);
#3786=VECTOR($,#12839,0.0300000003147081);
#3787=VECTOR($,#12842,0.0300000003147081);
#3788=VECTOR($,#12845,0.0300000003147081);
#3789=VECTOR($,#12850,0.569999999685292);
#3790=VECTOR($,#12851,0.040650406504068);
#3791=VECTOR($,#12852,0.569999999685292);
#3792=VECTOR($,#12855,0.569999999685292);
#3793=VECTOR($,#12856,0.0357142857142863);
#3794=VECTOR($,#12859,0.040650406504068);
#3795=VECTOR($,#12860,0.0357142857142863);
#3796=VECTOR($,#12863,0.569999999685292);
#3797=VECTOR($,#12868,0.100000000000003);
#3798=VECTOR($,#12869,0.020833333333333);
#3799=VECTOR($,#12870,0.100000000000003);
#3800=VECTOR($,#12871,0.020833333333333);
#3801=VECTOR($,#12872,0.100000000000003);
#3802=VECTOR($,#12873,0.020833333333333);
#3803=VECTOR($,#12874,0.100000000000003);
#3804=VECTOR($,#12875,0.020833333333333);
#3805=VECTOR($,#12876,0.100000000000001);
#3806=VECTOR($,#12877,0.020833333333333);
#3807=VECTOR($,#12878,0.100000000000001);
#3808=VECTOR($,#12879,0.020833333333333);
#3809=VECTOR($,#12880,0.100000000000001);
#3810=VECTOR($,#12881,0.020833333333333);
#3811=VECTOR($,#12882,0.100000000000001);
#3812=VECTOR($,#12883,0.020833333333333);
#3813=VECTOR($,#12884,1.2);
#3814=VECTOR($,#12885,0.75);
#3815=VECTOR($,#12886,1.2);
#3816=VECTOR($,#12887,0.75);
#3817=VECTOR($,#12890,0.0499999999999943);
#3818=VECTOR($,#12891,0.75);
#3819=VECTOR($,#12892,0.0499999999999943);
#3820=VECTOR($,#12895,1.2);
#3821=VECTOR($,#12896,0.0499999999999943);
#3822=VECTOR($,#12899,0.75);
#3823=VECTOR($,#12900,0.0499999999999943);
#3824=VECTOR($,#12903,1.2);
#3825=VECTOR($,#12908,0.95);
#3826=VECTOR($,#12909,0.45);
#3827=VECTOR($,#12910,0.299999999999995);
#3828=VECTOR($,#12911,0.0500000000000014);
#3829=VECTOR($,#12912,0.299999999999995);
#3830=VECTOR($,#12913,0.45);
#3831=VECTOR($,#12914,0.100000000000003);
#3832=VECTOR($,#12917,0.95);
#3833=VECTOR($,#12918,0.100000000000003);
#3834=VECTOR($,#12919,0.45);
#3835=VECTOR($,#12920,0.299999999999995);
#3836=VECTOR($,#12921,0.0500000000000015);
#3837=VECTOR($,#12922,0.299999999999995);
#3838=VECTOR($,#12923,0.45);
#3839=VECTOR($,#12926,0.020833333333333);
#3840=VECTOR($,#12927,0.95);
#3841=VECTOR($,#12930,0.020833333333333);
#3842=VECTOR($,#12931,0.45);
#3843=VECTOR($,#12932,0.020833333333333);
#3844=VECTOR($,#12935,0.020833333333333);
#3845=VECTOR($,#12936,0.45);
#3846=VECTOR($,#12939,0.100000000000003);
#3847=VECTOR($,#12942,0.699999999999998);
#3848=VECTOR($,#12943,0.449999999999999);
#3849=VECTOR($,#12944,0.100000000000001);
#3850=VECTOR($,#12945,0.95);
#3851=VECTOR($,#12946,0.45);
#3852=VECTOR($,#12947,0.699999999999998);
#3853=VECTOR($,#12950,0.020833333333333);
#3854=VECTOR($,#12951,0.020833333333333);
#3855=VECTOR($,#12952,0.45);
#3856=VECTOR($,#12955,0.95);
#3857=VECTOR($,#12956,0.020833333333333);
#3858=VECTOR($,#12959,0.100000000000003);
#3859=VECTOR($,#12962,0.020833333333333);
#3860=VECTOR($,#12963,0.45);
#3861=VECTOR($,#12966,0.0499999999999998);
#3862=VECTOR($,#12967,0.645833333333329);
#3863=VECTOR($,#12968,0.0499999999999998);
#3864=VECTOR($,#12969,0.645833333333329);
#3865=VECTOR($,#12972,0.645833333333329);
#3866=VECTOR($,#12973,0.645833333333329);
#3867=VECTOR($,#12976,0.95);
#3868=VECTOR($,#12977,0.020833333333333);
#3869=VECTOR($,#12980,0.020833333333333);
#3870=VECTOR($,#12981,0.45);
#3871=VECTOR($,#12984,0.020833333333333);
#3872=VECTOR($,#12985,0.449999999999999);
#3873=VECTOR($,#12986,0.020833333333333);
#3874=VECTOR($,#12989,0.100000000000001);
#3875=VECTOR($,#12992,0.300000000000001);
#3876=VECTOR($,#12993,0.300000000000001);
#3877=VECTOR($,#12996,0.699999999999998);
#3878=VECTOR($,#12997,0.45);
#3879=VECTOR($,#12998,0.95);
#3880=VECTOR($,#12999,0.100000000000001);
#3881=VECTOR($,#13000,0.449999999999999);
#3882=VECTOR($,#13001,0.699999999999998);
#3883=VECTOR($,#13004,0.95);
#3884=VECTOR($,#13005,0.45);
#3885=VECTOR($,#13006,0.300000000000001);
#3886=VECTOR($,#13007,0.300000000000001);
#3887=VECTOR($,#13008,0.449999999999999);
#3888=VECTOR($,#13009,0.100000000000001);
#3889=VECTOR($,#13012,0.020833333333333);
#3890=VECTOR($,#13013,0.020833333333333);
#3891=VECTOR($,#13016,0.020833333333333);
#3892=VECTOR($,#13021,0.020833333333333);
#3893=VECTOR($,#13028,0.00999999999999979);
#3894=VECTOR($,#13029,0.0281001281738282);
#3895=VECTOR($,#13030,0.00999999999999979);
#3896=VECTOR($,#13031,0.0281001281738282);
#3897=VECTOR($,#13034,0.00999999999999979);
#3898=VECTOR($,#13035,0.0281001281738282);
#3899=VECTOR($,#13036,0.00999999999999979);
#3900=VECTOR($,#13037,0.0281001281738282);
#3901=VECTOR($,#13040,0.00999999999999979);
#3902=VECTOR($,#13041,0.0699999999999994);
#3903=VECTOR($,#13042,0.00999999999999979);
#3904=VECTOR($,#13043,0.0181001281738284);
#3905=VECTOR($,#13044,0.0499999999999998);
#3906=VECTOR($,#13045,0.0181001281738284);
#3907=VECTOR($,#13048,0.0499999999999998);
#3908=VECTOR($,#13049,0.00999999999999979);
#3909=VECTOR($,#13050,0.00999999999999979);
#3910=VECTOR($,#13053,0.00999999999999979);
#3911=VECTOR($,#13054,0.0181001281738284);
#3912=VECTOR($,#13057,0.0699999999999994);
#3913=VECTOR($,#13060,0.00999999999999979);
#3914=VECTOR($,#13061,0.0181001281738284);
#3915=VECTOR($,#13062,0.00999999999999979);
#3916=VECTOR($,#13065,0.00999999999999979);
#3917=VECTOR($,#13068,0.280000000000001);
#3918=VECTOR($,#13069,0.4);
#3919=VECTOR($,#13070,0.280000000000001);
#3920=VECTOR($,#13071,0.4);
#3921=VECTOR($,#13074,0.280000000000001);
#3922=VECTOR($,#13075,0.4);
#3923=VECTOR($,#13076,0.280000000000001);
#3924=VECTOR($,#13077,0.4);
#3925=VECTOR($,#13080,0.02);
#3926=VECTOR($,#13081,0.02);
#3927=VECTOR($,#13084,0.02);
#3928=VECTOR($,#13087,0.02);
#3929=VECTOR($,#13092,0.0500000000000003);
#3930=VECTOR($,#13093,0.949999989509621);
#3931=VECTOR($,#13094,0.05);
#3932=VECTOR($,#13095,0.949999989509621);
#3933=VECTOR($,#13098,0.0500000000000007);
#3934=VECTOR($,#13099,0.949999989509621);
#3935=VECTOR($,#13100,0.0500000000000007);
#3936=VECTOR($,#13103,0.05);
#3937=VECTOR($,#13104,0.0500000000000007);
#3938=VECTOR($,#13107,0.0500000000000003);
#3939=VECTOR($,#13108,0.949999989509621);
#3940=VECTOR($,#13111,0.0500000000000007);
#3941=VECTOR($,#13114,0.0500000000000003);
#3942=VECTOR($,#13115,0.949999989509621);
#3943=VECTOR($,#13116,0.05);
#3944=VECTOR($,#13117,0.949999989509621);
#3945=VECTOR($,#13120,0.0500000000000007);
#3946=VECTOR($,#13121,0.949999989509621);
#3947=VECTOR($,#13122,0.0500000000000007);
#3948=VECTOR($,#13125,0.05);
#3949=VECTOR($,#13126,0.0500000000000007);
#3950=VECTOR($,#13129,0.0500000000000003);
#3951=VECTOR($,#13130,0.949999989509621);
#3952=VECTOR($,#13133,0.0500000000000007);
#3953=VECTOR($,#13136,0.0499999999999998);
#3954=VECTOR($,#13137,0.949999989509621);
#3955=VECTOR($,#13138,0.05);
#3956=VECTOR($,#13139,0.949999989509621);
#3957=VECTOR($,#13142,0.0500000000000007);
#3958=VECTOR($,#13143,0.949999989509621);
#3959=VECTOR($,#13144,0.0500000000000007);
#3960=VECTOR($,#13147,0.05);
#3961=VECTOR($,#13148,0.0500000000000007);
#3962=VECTOR($,#13151,0.0499999999999998);
#3963=VECTOR($,#13152,0.949999989509621);
#3964=VECTOR($,#13155,0.0500000000000007);
#3965=VECTOR($,#13158,0.491999999999973);
#3966=VECTOR($,#13159,0.559999999999988);
#3967=VECTOR($,#13160,0.491999999999973);
#3968=VECTOR($,#13161,0.559999999999988);
#3969=VECTOR($,#13162,0.0500000000000007);
#3970=VECTOR($,#13163,0.0499999999999998);
#3971=VECTOR($,#13164,0.0500000000000007);
#3972=VECTOR($,#13165,0.0499999999999998);
#3973=VECTOR($,#13168,0.0499999999999944);
#3974=VECTOR($,#13169,0.559999999999988);
#3975=VECTOR($,#13170,0.0499999999999944);
#3976=VECTOR($,#13173,0.491999999999973);
#3977=VECTOR($,#13174,0.0499999999999944);
#3978=VECTOR($,#13177,0.559999999999988);
#3979=VECTOR($,#13178,0.0499999999999944);
#3980=VECTOR($,#13181,0.491999999999972);
#3981=VECTOR($,#13184,0.949999989509621);
#3982=VECTOR($,#13185,0.0500000000000007);
#3983=VECTOR($,#13186,0.949999989509621);
#3984=VECTOR($,#13189,0.949999989509621);
#3985=VECTOR($,#13190,0.05);
#3986=VECTOR($,#13195,0.0500000000000007);
#3987=VECTOR($,#13196,0.05);
#3988=VECTOR($,#13199,0.949999989509621);
#3989=VECTOR($,#13204,0.2);
#3990=VECTOR($,#13205,0.300000000000001);
#3991=VECTOR($,#13206,0.2);
#3992=VECTOR($,#13207,0.300000000000001);
#3993=VECTOR($,#13210,0.2);
#3994=VECTOR($,#13211,0.300000000000001);
#3995=VECTOR($,#13212,0.2);
#3996=VECTOR($,#13213,0.300000000000001);
#3997=VECTOR($,#13216,0.05);
#3998=VECTOR($,#13217,0.05);
#3999=VECTOR($,#13220,0.05);
#4000=VECTOR($,#13223,0.05);
#4001=VERTEX_POINT($,#13234);
#4002=VERTEX_POINT($,#13235);
#4003=VERTEX_POINT($,#13237);
#4004=VERTEX_POINT($,#13239);
#4005=VERTEX_POINT($,#13243);
#4006=VERTEX_POINT($,#13244);
#4007=VERTEX_POINT($,#13246);
#4008=VERTEX_POINT($,#13248);
#4009=VERTEX_POINT($,#13252);
#4010=VERTEX_POINT($,#13253);
#4011=VERTEX_POINT($,#13255);
#4012=VERTEX_POINT($,#13257);
#4013=VERTEX_POINT($,#13261);
#4014=VERTEX_POINT($,#13262);
#4015=VERTEX_POINT($,#13264);
#4016=VERTEX_POINT($,#13266);
#4017=VERTEX_POINT($,#13270);
#4018=VERTEX_POINT($,#13272);
#4019=VERTEX_POINT($,#13276);
#4020=VERTEX_POINT($,#13278);
#4021=VERTEX_POINT($,#13283);
#4022=VERTEX_POINT($,#13287);
#4023=VERTEX_POINT($,#13291);
#4024=VERTEX_POINT($,#13295);
#4025=VERTEX_POINT($,#13304);
#4026=VERTEX_POINT($,#13305);
#4027=VERTEX_POINT($,#13307);
#4028=VERTEX_POINT($,#13309);
#4029=VERTEX_POINT($,#13313);
#4030=VERTEX_POINT($,#13315);
#4031=VERTEX_POINT($,#13319);
#4032=VERTEX_POINT($,#13321);
#4033=VERTEX_POINT($,#13330);
#4034=VERTEX_POINT($,#13331);
#4035=VERTEX_POINT($,#13333);
#4036=VERTEX_POINT($,#13335);
#4037=VERTEX_POINT($,#13338);
#4038=VERTEX_POINT($,#13343);
#4039=VERTEX_POINT($,#13345);
#4040=VERTEX_POINT($,#13347);
#4041=VERTEX_POINT($,#13349);
#4042=VERTEX_POINT($,#13353);
#4043=VERTEX_POINT($,#13354);
#4044=VERTEX_POINT($,#13356);
#4045=VERTEX_POINT($,#13358);
#4046=VERTEX_POINT($,#13370);
#4047=VERTEX_POINT($,#13372);
#4048=VERTEX_POINT($,#13377);
#4049=VERTEX_POINT($,#13378);
#4050=VERTEX_POINT($,#13380);
#4051=VERTEX_POINT($,#13382);
#4052=VERTEX_POINT($,#13386);
#4053=VERTEX_POINT($,#13387);
#4054=VERTEX_POINT($,#13389);
#4055=VERTEX_POINT($,#13391);
#4056=VERTEX_POINT($,#13403);
#4057=VERTEX_POINT($,#13404);
#4058=VERTEX_POINT($,#13406);
#4059=VERTEX_POINT($,#13408);
#4060=VERTEX_POINT($,#13412);
#4061=VERTEX_POINT($,#13414);
#4062=VERTEX_POINT($,#13418);
#4063=VERTEX_POINT($,#13420);
#4064=VERTEX_POINT($,#13429);
#4065=VERTEX_POINT($,#13433);
#4066=VERTEX_POINT($,#13434);
#4067=VERTEX_POINT($,#13436);
#4068=VERTEX_POINT($,#13438);
#4069=VERTEX_POINT($,#13442);
#4070=VERTEX_POINT($,#13443);
#4071=VERTEX_POINT($,#13445);
#4072=VERTEX_POINT($,#13447);
#4073=VERTEX_POINT($,#13451);
#4074=VERTEX_POINT($,#13453);
#4075=VERTEX_POINT($,#13460);
#4076=VERTEX_POINT($,#13462);
#4077=VERTEX_POINT($,#13466);
#4078=VERTEX_POINT($,#13467);
#4079=VERTEX_POINT($,#13469);
#4080=VERTEX_POINT($,#13471);
#4081=VERTEX_POINT($,#13475);
#4082=VERTEX_POINT($,#13477);
#4083=VERTEX_POINT($,#13481);
#4084=VERTEX_POINT($,#13485);
#4085=VERTEX_POINT($,#13491);
#4086=VERTEX_POINT($,#13492);
#4087=VERTEX_POINT($,#13494);
#4088=VERTEX_POINT($,#13496);
#4089=VERTEX_POINT($,#13500);
#4090=VERTEX_POINT($,#13502);
#4091=VERTEX_POINT($,#13506);
#4092=VERTEX_POINT($,#13510);
#4093=VERTEX_POINT($,#13516);
#4094=VERTEX_POINT($,#13517);
#4095=VERTEX_POINT($,#13519);
#4096=VERTEX_POINT($,#13521);
#4097=VERTEX_POINT($,#13525);
#4098=VERTEX_POINT($,#13527);
#4099=VERTEX_POINT($,#13531);
#4100=VERTEX_POINT($,#13535);
#4101=VERTEX_POINT($,#13541);
#4102=VERTEX_POINT($,#13542);
#4103=VERTEX_POINT($,#13544);
#4104=VERTEX_POINT($,#13546);
#4105=VERTEX_POINT($,#13549);
#4106=VERTEX_POINT($,#13550);
#4107=VERTEX_POINT($,#13552);
#4108=VERTEX_POINT($,#13554);
#4109=VERTEX_POINT($,#13566);
#4110=VERTEX_POINT($,#13568);
#4111=VERTEX_POINT($,#13572);
#4112=VERTEX_POINT($,#13576);
#4113=VERTEX_POINT($,#13583);
#4114=VERTEX_POINT($,#13584);
#4115=VERTEX_POINT($,#13586);
#4116=VERTEX_POINT($,#13588);
#4117=VERTEX_POINT($,#13592);
#4118=VERTEX_POINT($,#13593);
#4119=VERTEX_POINT($,#13595);
#4120=VERTEX_POINT($,#13597);
#4121=VERTEX_POINT($,#13601);
#4122=VERTEX_POINT($,#13603);
#4123=VERTEX_POINT($,#13610);
#4124=VERTEX_POINT($,#13612);
#4125=VERTEX_POINT($,#13616);
#4126=VERTEX_POINT($,#13617);
#4127=VERTEX_POINT($,#13619);
#4128=VERTEX_POINT($,#13621);
#4129=VERTEX_POINT($,#13625);
#4130=VERTEX_POINT($,#13627);
#4131=VERTEX_POINT($,#13631);
#4132=VERTEX_POINT($,#13635);
#4133=VERTEX_POINT($,#13641);
#4134=VERTEX_POINT($,#13642);
#4135=VERTEX_POINT($,#13644);
#4136=VERTEX_POINT($,#13646);
#4137=VERTEX_POINT($,#13650);
#4138=VERTEX_POINT($,#13652);
#4139=VERTEX_POINT($,#13656);
#4140=VERTEX_POINT($,#13660);
#4141=VERTEX_POINT($,#13666);
#4142=VERTEX_POINT($,#13667);
#4143=VERTEX_POINT($,#13669);
#4144=VERTEX_POINT($,#13671);
#4145=VERTEX_POINT($,#13675);
#4146=VERTEX_POINT($,#13677);
#4147=VERTEX_POINT($,#13681);
#4148=VERTEX_POINT($,#13685);
#4149=VERTEX_POINT($,#13691);
#4150=VERTEX_POINT($,#13692);
#4151=VERTEX_POINT($,#13694);
#4152=VERTEX_POINT($,#13696);
#4153=VERTEX_POINT($,#13699);
#4154=VERTEX_POINT($,#13700);
#4155=VERTEX_POINT($,#13702);
#4156=VERTEX_POINT($,#13704);
#4157=VERTEX_POINT($,#13716);
#4158=VERTEX_POINT($,#13718);
#4159=VERTEX_POINT($,#13722);
#4160=VERTEX_POINT($,#13726);
#4161=VERTEX_POINT($,#13733);
#4162=VERTEX_POINT($,#13734);
#4163=VERTEX_POINT($,#13736);
#4164=VERTEX_POINT($,#13738);
#4165=VERTEX_POINT($,#13742);
#4166=VERTEX_POINT($,#13744);
#4167=VERTEX_POINT($,#13748);
#4168=VERTEX_POINT($,#13752);
#4169=VERTEX_POINT($,#13759);
#4170=VERTEX_POINT($,#13760);
#4171=VERTEX_POINT($,#13762);
#4172=VERTEX_POINT($,#13764);
#4173=VERTEX_POINT($,#13768);
#4174=VERTEX_POINT($,#13769);
#4175=VERTEX_POINT($,#13771);
#4176=VERTEX_POINT($,#13773);
#4177=VERTEX_POINT($,#13785);
#4178=VERTEX_POINT($,#13786);
#4179=VERTEX_POINT($,#13788);
#4180=VERTEX_POINT($,#13790);
#4181=VERTEX_POINT($,#13794);
#4182=VERTEX_POINT($,#13795);
#4183=VERTEX_POINT($,#13797);
#4184=VERTEX_POINT($,#13799);
#4185=VERTEX_POINT($,#13811);
#4186=VERTEX_POINT($,#13812);
#4187=VERTEX_POINT($,#13814);
#4188=VERTEX_POINT($,#13816);
#4189=VERTEX_POINT($,#13820);
#4190=VERTEX_POINT($,#13821);
#4191=VERTEX_POINT($,#13823);
#4192=VERTEX_POINT($,#13825);
#4193=VERTEX_POINT($,#13837);
#4194=VERTEX_POINT($,#13838);
#4195=VERTEX_POINT($,#13840);
#4196=VERTEX_POINT($,#13842);
#4197=VERTEX_POINT($,#13846);
#4198=VERTEX_POINT($,#13847);
#4199=VERTEX_POINT($,#13849);
#4200=VERTEX_POINT($,#13851);
#4201=VERTEX_POINT($,#13863);
#4202=VERTEX_POINT($,#13864);
#4203=VERTEX_POINT($,#13866);
#4204=VERTEX_POINT($,#13868);
#4205=VERTEX_POINT($,#13872);
#4206=VERTEX_POINT($,#13873);
#4207=VERTEX_POINT($,#13875);
#4208=VERTEX_POINT($,#13877);
#4209=VERTEX_POINT($,#13889);
#4210=VERTEX_POINT($,#13890);
#4211=VERTEX_POINT($,#13892);
#4212=VERTEX_POINT($,#13894);
#4213=VERTEX_POINT($,#13898);
#4214=VERTEX_POINT($,#13899);
#4215=VERTEX_POINT($,#13901);
#4216=VERTEX_POINT($,#13903);
#4217=VERTEX_POINT($,#13915);
#4218=VERTEX_POINT($,#13916);
#4219=VERTEX_POINT($,#13918);
#4220=VERTEX_POINT($,#13920);
#4221=VERTEX_POINT($,#13924);
#4222=VERTEX_POINT($,#13925);
#4223=VERTEX_POINT($,#13927);
#4224=VERTEX_POINT($,#13929);
#4225=VERTEX_POINT($,#13941);
#4226=VERTEX_POINT($,#13942);
#4227=VERTEX_POINT($,#13944);
#4228=VERTEX_POINT($,#13946);
#4229=VERTEX_POINT($,#13950);
#4230=VERTEX_POINT($,#13951);
#4231=VERTEX_POINT($,#13953);
#4232=VERTEX_POINT($,#13955);
#4233=VERTEX_POINT($,#13967);
#4234=VERTEX_POINT($,#13968);
#4235=VERTEX_POINT($,#13970);
#4236=VERTEX_POINT($,#13972);
#4237=VERTEX_POINT($,#13976);
#4238=VERTEX_POINT($,#13977);
#4239=VERTEX_POINT($,#13979);
#4240=VERTEX_POINT($,#13981);
#4241=VERTEX_POINT($,#13985);
#4242=VERTEX_POINT($,#13988);
#4243=VERTEX_POINT($,#13990);
#4244=VERTEX_POINT($,#13992);
#4245=VERTEX_POINT($,#13996);
#4246=VERTEX_POINT($,#13997);
#4247=VERTEX_POINT($,#14002);
#4248=VERTEX_POINT($,#14009);
#4249=VERTEX_POINT($,#14015);
#4250=VERTEX_POINT($,#14016);
#4251=VERTEX_POINT($,#14018);
#4252=VERTEX_POINT($,#14020);
#4253=VERTEX_POINT($,#14024);
#4254=VERTEX_POINT($,#14025);
#4255=VERTEX_POINT($,#14027);
#4256=VERTEX_POINT($,#14029);
#4257=VERTEX_POINT($,#14041);
#4258=VERTEX_POINT($,#14042);
#4259=VERTEX_POINT($,#14044);
#4260=VERTEX_POINT($,#14046);
#4261=VERTEX_POINT($,#14050);
#4262=VERTEX_POINT($,#14051);
#4263=VERTEX_POINT($,#14053);
#4264=VERTEX_POINT($,#14055);
#4265=VERTEX_POINT($,#14067);
#4266=VERTEX_POINT($,#14068);
#4267=VERTEX_POINT($,#14070);
#4268=VERTEX_POINT($,#14072);
#4269=VERTEX_POINT($,#14076);
#4270=VERTEX_POINT($,#14077);
#4271=VERTEX_POINT($,#14079);
#4272=VERTEX_POINT($,#14081);
#4273=VERTEX_POINT($,#14093);
#4274=VERTEX_POINT($,#14094);
#4275=VERTEX_POINT($,#14096);
#4276=VERTEX_POINT($,#14098);
#4277=VERTEX_POINT($,#14102);
#4278=VERTEX_POINT($,#14103);
#4279=VERTEX_POINT($,#14105);
#4280=VERTEX_POINT($,#14107);
#4281=VERTEX_POINT($,#14119);
#4282=VERTEX_POINT($,#14120);
#4283=VERTEX_POINT($,#14122);
#4284=VERTEX_POINT($,#14124);
#4285=VERTEX_POINT($,#14128);
#4286=VERTEX_POINT($,#14129);
#4287=VERTEX_POINT($,#14131);
#4288=VERTEX_POINT($,#14133);
#4289=VERTEX_POINT($,#14145);
#4290=VERTEX_POINT($,#14146);
#4291=VERTEX_POINT($,#14148);
#4292=VERTEX_POINT($,#14150);
#4293=VERTEX_POINT($,#14154);
#4294=VERTEX_POINT($,#14155);
#4295=VERTEX_POINT($,#14157);
#4296=VERTEX_POINT($,#14159);
#4297=VERTEX_POINT($,#14171);
#4298=VERTEX_POINT($,#14172);
#4299=VERTEX_POINT($,#14174);
#4300=VERTEX_POINT($,#14176);
#4301=VERTEX_POINT($,#14180);
#4302=VERTEX_POINT($,#14181);
#4303=VERTEX_POINT($,#14183);
#4304=VERTEX_POINT($,#14185);
#4305=VERTEX_POINT($,#14197);
#4306=VERTEX_POINT($,#14198);
#4307=VERTEX_POINT($,#14200);
#4308=VERTEX_POINT($,#14202);
#4309=VERTEX_POINT($,#14206);
#4310=VERTEX_POINT($,#14207);
#4311=VERTEX_POINT($,#14209);
#4312=VERTEX_POINT($,#14211);
#4313=VERTEX_POINT($,#14215);
#4314=VERTEX_POINT($,#14217);
#4315=VERTEX_POINT($,#14219);
#4316=VERTEX_POINT($,#14221);
#4317=VERTEX_POINT($,#14223);
#4318=VERTEX_POINT($,#14225);
#4319=VERTEX_POINT($,#14229);
#4320=VERTEX_POINT($,#14231);
#4321=VERTEX_POINT($,#14233);
#4322=VERTEX_POINT($,#14235);
#4323=VERTEX_POINT($,#14237);
#4324=VERTEX_POINT($,#14239);
#4325=VERTEX_POINT($,#14243);
#4326=VERTEX_POINT($,#14245);
#4327=VERTEX_POINT($,#14247);
#4328=VERTEX_POINT($,#14249);
#4329=VERTEX_POINT($,#14251);
#4330=VERTEX_POINT($,#14253);
#4331=VERTEX_POINT($,#14257);
#4332=VERTEX_POINT($,#14259);
#4333=VERTEX_POINT($,#14261);
#4334=VERTEX_POINT($,#14263);
#4335=VERTEX_POINT($,#14265);
#4336=VERTEX_POINT($,#14267);
#4337=VERTEX_POINT($,#14271);
#4338=VERTEX_POINT($,#14273);
#4339=VERTEX_POINT($,#14276);
#4340=VERTEX_POINT($,#14278);
#4341=VERTEX_POINT($,#14282);
#4342=VERTEX_POINT($,#14284);
#4343=VERTEX_POINT($,#14287);
#4344=VERTEX_POINT($,#14289);
#4345=VERTEX_POINT($,#14293);
#4346=VERTEX_POINT($,#14295);
#4347=VERTEX_POINT($,#14297);
#4348=VERTEX_POINT($,#14299);
#4349=VERTEX_POINT($,#14302);
#4350=VERTEX_POINT($,#14304);
#4351=VERTEX_POINT($,#14306);
#4352=VERTEX_POINT($,#14308);
#4353=VERTEX_POINT($,#14316);
#4354=VERTEX_POINT($,#14318);
#4355=VERTEX_POINT($,#14321);
#4356=VERTEX_POINT($,#14323);
#4357=VERTEX_POINT($,#14329);
#4358=VERTEX_POINT($,#14330);
#4359=VERTEX_POINT($,#14332);
#4360=VERTEX_POINT($,#14334);
#4361=VERTEX_POINT($,#14338);
#4362=VERTEX_POINT($,#14340);
#4363=VERTEX_POINT($,#14344);
#4364=VERTEX_POINT($,#14348);
#4365=VERTEX_POINT($,#14366);
#4366=VERTEX_POINT($,#14368);
#4367=VERTEX_POINT($,#14377);
#4368=VERTEX_POINT($,#14379);
#4369=VERTEX_POINT($,#14389);
#4370=VERTEX_POINT($,#14390);
#4371=VERTEX_POINT($,#14392);
#4372=VERTEX_POINT($,#14394);
#4373=VERTEX_POINT($,#14397);
#4374=VERTEX_POINT($,#14398);
#4375=VERTEX_POINT($,#14400);
#4376=VERTEX_POINT($,#14402);
#4377=VERTEX_POINT($,#14405);
#4378=VERTEX_POINT($,#14406);
#4379=VERTEX_POINT($,#14408);
#4380=VERTEX_POINT($,#14410);
#4381=VERTEX_POINT($,#14412);
#4382=VERTEX_POINT($,#14414);
#4383=VERTEX_POINT($,#14416);
#4384=VERTEX_POINT($,#14418);
#4385=VERTEX_POINT($,#14420);
#4386=VERTEX_POINT($,#14422);
#4387=VERTEX_POINT($,#14424);
#4388=VERTEX_POINT($,#14426);
#4389=VERTEX_POINT($,#14430);
#4390=VERTEX_POINT($,#14431);
#4391=VERTEX_POINT($,#14433);
#4392=VERTEX_POINT($,#14435);
#4393=VERTEX_POINT($,#14438);
#4394=VERTEX_POINT($,#14439);
#4395=VERTEX_POINT($,#14441);
#4396=VERTEX_POINT($,#14443);
#4397=VERTEX_POINT($,#14446);
#4398=VERTEX_POINT($,#14447);
#4399=VERTEX_POINT($,#14449);
#4400=VERTEX_POINT($,#14451);
#4401=VERTEX_POINT($,#14453);
#4402=VERTEX_POINT($,#14455);
#4403=VERTEX_POINT($,#14457);
#4404=VERTEX_POINT($,#14459);
#4405=VERTEX_POINT($,#14461);
#4406=VERTEX_POINT($,#14463);
#4407=VERTEX_POINT($,#14465);
#4408=VERTEX_POINT($,#14467);
#4409=VERTEX_POINT($,#14471);
#4410=VERTEX_POINT($,#14472);
#4411=VERTEX_POINT($,#14474);
#4412=VERTEX_POINT($,#14476);
#4413=VERTEX_POINT($,#14478);
#4414=VERTEX_POINT($,#14480);
#4415=VERTEX_POINT($,#14482);
#4416=VERTEX_POINT($,#14484);
#4417=VERTEX_POINT($,#14486);
#4418=VERTEX_POINT($,#14488);
#4419=VERTEX_POINT($,#14490);
#4420=VERTEX_POINT($,#14492);
#4421=VERTEX_POINT($,#14495);
#4422=VERTEX_POINT($,#14496);
#4423=VERTEX_POINT($,#14498);
#4424=VERTEX_POINT($,#14500);
#4425=VERTEX_POINT($,#14503);
#4426=VERTEX_POINT($,#14504);
#4427=VERTEX_POINT($,#14506);
#4428=VERTEX_POINT($,#14508);
#4429=VERTEX_POINT($,#14512);
#4430=VERTEX_POINT($,#14513);
#4431=VERTEX_POINT($,#14515);
#4432=VERTEX_POINT($,#14517);
#4433=VERTEX_POINT($,#14519);
#4434=VERTEX_POINT($,#14521);
#4435=VERTEX_POINT($,#14523);
#4436=VERTEX_POINT($,#14525);
#4437=VERTEX_POINT($,#14527);
#4438=VERTEX_POINT($,#14529);
#4439=VERTEX_POINT($,#14531);
#4440=VERTEX_POINT($,#14533);
#4441=VERTEX_POINT($,#14536);
#4442=VERTEX_POINT($,#14537);
#4443=VERTEX_POINT($,#14539);
#4444=VERTEX_POINT($,#14541);
#4445=VERTEX_POINT($,#14544);
#4446=VERTEX_POINT($,#14545);
#4447=VERTEX_POINT($,#14547);
#4448=VERTEX_POINT($,#14549);
#4449=VERTEX_POINT($,#14627);
#4450=VERTEX_POINT($,#14628);
#4451=VERTEX_POINT($,#14630);
#4452=VERTEX_POINT($,#14632);
#4453=VERTEX_POINT($,#14636);
#4454=VERTEX_POINT($,#14637);
#4455=VERTEX_POINT($,#14639);
#4456=VERTEX_POINT($,#14641);
#4457=VERTEX_POINT($,#14645);
#4458=VERTEX_POINT($,#14648);
#4459=VERTEX_POINT($,#14650);
#4460=VERTEX_POINT($,#14652);
#4461=VERTEX_POINT($,#14656);
#4462=VERTEX_POINT($,#14657);
#4463=VERTEX_POINT($,#14662);
#4464=VERTEX_POINT($,#14669);
#4465=VERTEX_POINT($,#14675);
#4466=VERTEX_POINT($,#14676);
#4467=VERTEX_POINT($,#14678);
#4468=VERTEX_POINT($,#14680);
#4469=VERTEX_POINT($,#14684);
#4470=VERTEX_POINT($,#14685);
#4471=VERTEX_POINT($,#14687);
#4472=VERTEX_POINT($,#14689);
#4473=VERTEX_POINT($,#14701);
#4474=VERTEX_POINT($,#14702);
#4475=VERTEX_POINT($,#14704);
#4476=VERTEX_POINT($,#14706);
#4477=VERTEX_POINT($,#14709);
#4478=VERTEX_POINT($,#14710);
#4479=VERTEX_POINT($,#14712);
#4480=VERTEX_POINT($,#14714);
#4481=VERTEX_POINT($,#14717);
#4482=VERTEX_POINT($,#14718);
#4483=VERTEX_POINT($,#14720);
#4484=VERTEX_POINT($,#14722);
#4485=VERTEX_POINT($,#14725);
#4486=VERTEX_POINT($,#14726);
#4487=VERTEX_POINT($,#14728);
#4488=VERTEX_POINT($,#14730);
#4489=VERTEX_POINT($,#14733);
#4490=VERTEX_POINT($,#14734);
#4491=VERTEX_POINT($,#14736);
#4492=VERTEX_POINT($,#14738);
#4493=VERTEX_POINT($,#14742);
#4494=VERTEX_POINT($,#14744);
#4495=VERTEX_POINT($,#14748);
#4496=VERTEX_POINT($,#14752);
#4497=VERTEX_POINT($,#14759);
#4498=VERTEX_POINT($,#14761);
#4499=VERTEX_POINT($,#14763);
#4500=VERTEX_POINT($,#14765);
#4501=VERTEX_POINT($,#14767);
#4502=VERTEX_POINT($,#14769);
#4503=VERTEX_POINT($,#14773);
#4504=VERTEX_POINT($,#14775);
#4505=VERTEX_POINT($,#14777);
#4506=VERTEX_POINT($,#14779);
#4507=VERTEX_POINT($,#14781);
#4508=VERTEX_POINT($,#14783);
#4509=VERTEX_POINT($,#14787);
#4510=VERTEX_POINT($,#14791);
#4511=VERTEX_POINT($,#14793);
#4512=VERTEX_POINT($,#14797);
#4513=VERTEX_POINT($,#14803);
#4514=VERTEX_POINT($,#14805);
#4515=VERTEX_POINT($,#14807);
#4516=VERTEX_POINT($,#14810);
#4517=VERTEX_POINT($,#14814);
#4518=VERTEX_POINT($,#14816);
#4519=VERTEX_POINT($,#14820);
#4520=VERTEX_POINT($,#14826);
#4521=VERTEX_POINT($,#14830);
#4522=VERTEX_POINT($,#14831);
#4523=VERTEX_POINT($,#14833);
#4524=VERTEX_POINT($,#14835);
#4525=VERTEX_POINT($,#14842);
#4526=VERTEX_POINT($,#14846);
#4527=VERTEX_POINT($,#14850);
#4528=VERTEX_POINT($,#14852);
#4529=VERTEX_POINT($,#14861);
#4530=VERTEX_POINT($,#14864);
#4531=VERTEX_POINT($,#14866);
#4532=VERTEX_POINT($,#14868);
#4533=VERTEX_POINT($,#14872);
#4534=VERTEX_POINT($,#14874);
#4535=VERTEX_POINT($,#14877);
#4536=VERTEX_POINT($,#14879);
#4537=VERTEX_POINT($,#14893);
#4538=VERTEX_POINT($,#14894);
#4539=VERTEX_POINT($,#14896);
#4540=VERTEX_POINT($,#14898);
#4541=VERTEX_POINT($,#14902);
#4542=VERTEX_POINT($,#14903);
#4543=VERTEX_POINT($,#14905);
#4544=VERTEX_POINT($,#14907);
#4545=VERTEX_POINT($,#14919);
#4546=VERTEX_POINT($,#14920);
#4547=VERTEX_POINT($,#14922);
#4548=VERTEX_POINT($,#14924);
#4549=VERTEX_POINT($,#14928);
#4550=VERTEX_POINT($,#14929);
#4551=VERTEX_POINT($,#14931);
#4552=VERTEX_POINT($,#14933);
#4553=VERTEX_POINT($,#14945);
#4554=VERTEX_POINT($,#14946);
#4555=VERTEX_POINT($,#14948);
#4556=VERTEX_POINT($,#14950);
#4557=VERTEX_POINT($,#14953);
#4558=VERTEX_POINT($,#14958);
#4559=VERTEX_POINT($,#14960);
#4560=VERTEX_POINT($,#14962);
#4561=VERTEX_POINT($,#14964);
#4562=VERTEX_POINT($,#14968);
#4563=VERTEX_POINT($,#14969);
#4564=VERTEX_POINT($,#14971);
#4565=VERTEX_POINT($,#14973);
#4566=VERTEX_POINT($,#14985);
#4567=VERTEX_POINT($,#14987);
#4568=VERTEX_POINT($,#14992);
#4569=VERTEX_POINT($,#14993);
#4570=VERTEX_POINT($,#14995);
#4571=VERTEX_POINT($,#14997);
#4572=VERTEX_POINT($,#15001);
#4573=VERTEX_POINT($,#15002);
#4574=VERTEX_POINT($,#15004);
#4575=VERTEX_POINT($,#15006);
#4576=VERTEX_POINT($,#15018);
#4577=VERTEX_POINT($,#15022);
#4578=VERTEX_POINT($,#15023);
#4579=VERTEX_POINT($,#15025);
#4580=VERTEX_POINT($,#15027);
#4581=VERTEX_POINT($,#15031);
#4582=VERTEX_POINT($,#15032);
#4583=VERTEX_POINT($,#15034);
#4584=VERTEX_POINT($,#15036);
#4585=VERTEX_POINT($,#15040);
#4586=VERTEX_POINT($,#15042);
#4587=VERTEX_POINT($,#15049);
#4588=VERTEX_POINT($,#15051);
#4589=VERTEX_POINT($,#15055);
#4590=VERTEX_POINT($,#15056);
#4591=VERTEX_POINT($,#15058);
#4592=VERTEX_POINT($,#15060);
#4593=VERTEX_POINT($,#15064);
#4594=VERTEX_POINT($,#15066);
#4595=VERTEX_POINT($,#15070);
#4596=VERTEX_POINT($,#15074);
#4597=VERTEX_POINT($,#15080);
#4598=VERTEX_POINT($,#15081);
#4599=VERTEX_POINT($,#15083);
#4600=VERTEX_POINT($,#15085);
#4601=VERTEX_POINT($,#15089);
#4602=VERTEX_POINT($,#15091);
#4603=VERTEX_POINT($,#15095);
#4604=VERTEX_POINT($,#15099);
#4605=VERTEX_POINT($,#15105);
#4606=VERTEX_POINT($,#15106);
#4607=VERTEX_POINT($,#15108);
#4608=VERTEX_POINT($,#15110);
#4609=VERTEX_POINT($,#15114);
#4610=VERTEX_POINT($,#15116);
#4611=VERTEX_POINT($,#15120);
#4612=VERTEX_POINT($,#15124);
#4613=VERTEX_POINT($,#15130);
#4614=VERTEX_POINT($,#15131);
#4615=VERTEX_POINT($,#15133);
#4616=VERTEX_POINT($,#15135);
#4617=VERTEX_POINT($,#15138);
#4618=VERTEX_POINT($,#15139);
#4619=VERTEX_POINT($,#15141);
#4620=VERTEX_POINT($,#15143);
#4621=VERTEX_POINT($,#15155);
#4622=VERTEX_POINT($,#15157);
#4623=VERTEX_POINT($,#15161);
#4624=VERTEX_POINT($,#15165);
#4625=VERTEX_POINT($,#15172);
#4626=VERTEX_POINT($,#15173);
#4627=VERTEX_POINT($,#15175);
#4628=VERTEX_POINT($,#15177);
#4629=VERTEX_POINT($,#15180);
#4630=VERTEX_POINT($,#15181);
#4631=VERTEX_POINT($,#15183);
#4632=VERTEX_POINT($,#15185);
#4633=VERTEX_POINT($,#15188);
#4634=VERTEX_POINT($,#15189);
#4635=VERTEX_POINT($,#15191);
#4636=VERTEX_POINT($,#15193);
#4637=VERTEX_POINT($,#15196);
#4638=VERTEX_POINT($,#15197);
#4639=VERTEX_POINT($,#15199);
#4640=VERTEX_POINT($,#15201);
#4641=VERTEX_POINT($,#15204);
#4642=VERTEX_POINT($,#15205);
#4643=VERTEX_POINT($,#15207);
#4644=VERTEX_POINT($,#15209);
#4645=VERTEX_POINT($,#15213);
#4646=VERTEX_POINT($,#15215);
#4647=VERTEX_POINT($,#15219);
#4648=VERTEX_POINT($,#15223);
#4649=VERTEX_POINT($,#15230);
#4650=VERTEX_POINT($,#15232);
#4651=VERTEX_POINT($,#15234);
#4652=VERTEX_POINT($,#15236);
#4653=VERTEX_POINT($,#15238);
#4654=VERTEX_POINT($,#15240);
#4655=VERTEX_POINT($,#15244);
#4656=VERTEX_POINT($,#15246);
#4657=VERTEX_POINT($,#15248);
#4658=VERTEX_POINT($,#15250);
#4659=VERTEX_POINT($,#15252);
#4660=VERTEX_POINT($,#15254);
#4661=VERTEX_POINT($,#15258);
#4662=VERTEX_POINT($,#15262);
#4663=VERTEX_POINT($,#15264);
#4664=VERTEX_POINT($,#15268);
#4665=VERTEX_POINT($,#15274);
#4666=VERTEX_POINT($,#15276);
#4667=VERTEX_POINT($,#15278);
#4668=VERTEX_POINT($,#15281);
#4669=VERTEX_POINT($,#15285);
#4670=VERTEX_POINT($,#15287);
#4671=VERTEX_POINT($,#15291);
#4672=VERTEX_POINT($,#15297);
#4673=VERTEX_POINT($,#15301);
#4674=VERTEX_POINT($,#15302);
#4675=VERTEX_POINT($,#15304);
#4676=VERTEX_POINT($,#15306);
#4677=VERTEX_POINT($,#15313);
#4678=VERTEX_POINT($,#15317);
#4679=VERTEX_POINT($,#15321);
#4680=VERTEX_POINT($,#15323);
#4681=VERTEX_POINT($,#15332);
#4682=VERTEX_POINT($,#15335);
#4683=VERTEX_POINT($,#15337);
#4684=VERTEX_POINT($,#15339);
#4685=VERTEX_POINT($,#15343);
#4686=VERTEX_POINT($,#15345);
#4687=VERTEX_POINT($,#15348);
#4688=VERTEX_POINT($,#15350);
#4689=VERTEX_POINT($,#15364);
#4690=VERTEX_POINT($,#15365);
#4691=VERTEX_POINT($,#15367);
#4692=VERTEX_POINT($,#15369);
#4693=VERTEX_POINT($,#15373);
#4694=VERTEX_POINT($,#15374);
#4695=VERTEX_POINT($,#15376);
#4696=VERTEX_POINT($,#15378);
#4697=VERTEX_POINT($,#15390);
#4698=VERTEX_POINT($,#15391);
#4699=VERTEX_POINT($,#15393);
#4700=VERTEX_POINT($,#15395);
#4701=VERTEX_POINT($,#15398);
#4702=VERTEX_POINT($,#15403);
#4703=VERTEX_POINT($,#15405);
#4704=VERTEX_POINT($,#15407);
#4705=VERTEX_POINT($,#15409);
#4706=VERTEX_POINT($,#15413);
#4707=VERTEX_POINT($,#15414);
#4708=VERTEX_POINT($,#15416);
#4709=VERTEX_POINT($,#15418);
#4710=VERTEX_POINT($,#15430);
#4711=VERTEX_POINT($,#15432);
#4712=VERTEX_POINT($,#15437);
#4713=VERTEX_POINT($,#15438);
#4714=VERTEX_POINT($,#15440);
#4715=VERTEX_POINT($,#15442);
#4716=VERTEX_POINT($,#15445);
#4717=VERTEX_POINT($,#15450);
#4718=VERTEX_POINT($,#15452);
#4719=VERTEX_POINT($,#15454);
#4720=VERTEX_POINT($,#15456);
#4721=VERTEX_POINT($,#15460);
#4722=VERTEX_POINT($,#15461);
#4723=VERTEX_POINT($,#15463);
#4724=VERTEX_POINT($,#15465);
#4725=VERTEX_POINT($,#15477);
#4726=VERTEX_POINT($,#15479);
#4727=VERTEX_POINT($,#15484);
#4728=VERTEX_POINT($,#15485);
#4729=VERTEX_POINT($,#15487);
#4730=VERTEX_POINT($,#15489);
#4731=VERTEX_POINT($,#15493);
#4732=VERTEX_POINT($,#15494);
#4733=VERTEX_POINT($,#15496);
#4734=VERTEX_POINT($,#15498);
#4735=VERTEX_POINT($,#15502);
#4736=VERTEX_POINT($,#15504);
#4737=VERTEX_POINT($,#15511);
#4738=VERTEX_POINT($,#15513);
#4739=VERTEX_POINT($,#15517);
#4740=VERTEX_POINT($,#15518);
#4741=VERTEX_POINT($,#15520);
#4742=VERTEX_POINT($,#15522);
#4743=VERTEX_POINT($,#15526);
#4744=VERTEX_POINT($,#15528);
#4745=VERTEX_POINT($,#15532);
#4746=VERTEX_POINT($,#15536);
#4747=VERTEX_POINT($,#15542);
#4748=VERTEX_POINT($,#15543);
#4749=VERTEX_POINT($,#15545);
#4750=VERTEX_POINT($,#15547);
#4751=VERTEX_POINT($,#15551);
#4752=VERTEX_POINT($,#15553);
#4753=VERTEX_POINT($,#15557);
#4754=VERTEX_POINT($,#15561);
#4755=VERTEX_POINT($,#15567);
#4756=VERTEX_POINT($,#15568);
#4757=VERTEX_POINT($,#15570);
#4758=VERTEX_POINT($,#15572);
#4759=VERTEX_POINT($,#15576);
#4760=VERTEX_POINT($,#15578);
#4761=VERTEX_POINT($,#15582);
#4762=VERTEX_POINT($,#15586);
#4763=VERTEX_POINT($,#15592);
#4764=VERTEX_POINT($,#15593);
#4765=VERTEX_POINT($,#15595);
#4766=VERTEX_POINT($,#15597);
#4767=VERTEX_POINT($,#15600);
#4768=VERTEX_POINT($,#15601);
#4769=VERTEX_POINT($,#15603);
#4770=VERTEX_POINT($,#15605);
#4771=VERTEX_POINT($,#15617);
#4772=VERTEX_POINT($,#15619);
#4773=VERTEX_POINT($,#15623);
#4774=VERTEX_POINT($,#15627);
#4775=VERTEX_POINT($,#15634);
#4776=VERTEX_POINT($,#15635);
#4777=VERTEX_POINT($,#15637);
#4778=VERTEX_POINT($,#15639);
#4779=VERTEX_POINT($,#15642);
#4780=VERTEX_POINT($,#15643);
#4781=VERTEX_POINT($,#15645);
#4782=VERTEX_POINT($,#15647);
#4783=VERTEX_POINT($,#15650);
#4784=VERTEX_POINT($,#15651);
#4785=VERTEX_POINT($,#15653);
#4786=VERTEX_POINT($,#15655);
#4787=VERTEX_POINT($,#15658);
#4788=VERTEX_POINT($,#15659);
#4789=VERTEX_POINT($,#15661);
#4790=VERTEX_POINT($,#15663);
#4791=VERTEX_POINT($,#15666);
#4792=VERTEX_POINT($,#15667);
#4793=VERTEX_POINT($,#15669);
#4794=VERTEX_POINT($,#15671);
#4795=VERTEX_POINT($,#15675);
#4796=VERTEX_POINT($,#15677);
#4797=VERTEX_POINT($,#15681);
#4798=VERTEX_POINT($,#15685);
#4799=VERTEX_POINT($,#15692);
#4800=VERTEX_POINT($,#15694);
#4801=VERTEX_POINT($,#15696);
#4802=VERTEX_POINT($,#15698);
#4803=VERTEX_POINT($,#15700);
#4804=VERTEX_POINT($,#15702);
#4805=VERTEX_POINT($,#15706);
#4806=VERTEX_POINT($,#15708);
#4807=VERTEX_POINT($,#15710);
#4808=VERTEX_POINT($,#15712);
#4809=VERTEX_POINT($,#15714);
#4810=VERTEX_POINT($,#15716);
#4811=VERTEX_POINT($,#15720);
#4812=VERTEX_POINT($,#15724);
#4813=VERTEX_POINT($,#15726);
#4814=VERTEX_POINT($,#15730);
#4815=VERTEX_POINT($,#15736);
#4816=VERTEX_POINT($,#15738);
#4817=VERTEX_POINT($,#15740);
#4818=VERTEX_POINT($,#15743);
#4819=VERTEX_POINT($,#15747);
#4820=VERTEX_POINT($,#15749);
#4821=VERTEX_POINT($,#15753);
#4822=VERTEX_POINT($,#15759);
#4823=VERTEX_POINT($,#15763);
#4824=VERTEX_POINT($,#15764);
#4825=VERTEX_POINT($,#15766);
#4826=VERTEX_POINT($,#15768);
#4827=VERTEX_POINT($,#15775);
#4828=VERTEX_POINT($,#15779);
#4829=VERTEX_POINT($,#15783);
#4830=VERTEX_POINT($,#15785);
#4831=VERTEX_POINT($,#15794);
#4832=VERTEX_POINT($,#15797);
#4833=VERTEX_POINT($,#15799);
#4834=VERTEX_POINT($,#15801);
#4835=VERTEX_POINT($,#15805);
#4836=VERTEX_POINT($,#15807);
#4837=VERTEX_POINT($,#15810);
#4838=VERTEX_POINT($,#15812);
#4839=VERTEX_POINT($,#15826);
#4840=VERTEX_POINT($,#15827);
#4841=VERTEX_POINT($,#15829);
#4842=VERTEX_POINT($,#15831);
#4843=VERTEX_POINT($,#15835);
#4844=VERTEX_POINT($,#15836);
#4845=VERTEX_POINT($,#15838);
#4846=VERTEX_POINT($,#15840);
#4847=VERTEX_POINT($,#15844);
#4848=VERTEX_POINT($,#15847);
#4849=VERTEX_POINT($,#15849);
#4850=VERTEX_POINT($,#15851);
#4851=VERTEX_POINT($,#15855);
#4852=VERTEX_POINT($,#15856);
#4853=VERTEX_POINT($,#15861);
#4854=VERTEX_POINT($,#15868);
#4855=VERTEX_POINT($,#15874);
#4856=VERTEX_POINT($,#15875);
#4857=VERTEX_POINT($,#15877);
#4858=VERTEX_POINT($,#15879);
#4859=VERTEX_POINT($,#15883);
#4860=VERTEX_POINT($,#15884);
#4861=VERTEX_POINT($,#15886);
#4862=VERTEX_POINT($,#15888);
#4863=VERTEX_POINT($,#15900);
#4864=VERTEX_POINT($,#15901);
#4865=VERTEX_POINT($,#15903);
#4866=VERTEX_POINT($,#15905);
#4867=VERTEX_POINT($,#15909);
#4868=VERTEX_POINT($,#15911);
#4869=VERTEX_POINT($,#15915);
#4870=VERTEX_POINT($,#15919);
#4871=VERTEX_POINT($,#15925);
#4872=VERTEX_POINT($,#15926);
#4873=VERTEX_POINT($,#15928);
#4874=VERTEX_POINT($,#15930);
#4875=VERTEX_POINT($,#15934);
#4876=VERTEX_POINT($,#15936);
#4877=VERTEX_POINT($,#15940);
#4878=VERTEX_POINT($,#15944);
#4879=VERTEX_POINT($,#15950);
#4880=VERTEX_POINT($,#15951);
#4881=VERTEX_POINT($,#15953);
#4882=VERTEX_POINT($,#15955);
#4883=VERTEX_POINT($,#15959);
#4884=VERTEX_POINT($,#15961);
#4885=VERTEX_POINT($,#15965);
#4886=VERTEX_POINT($,#15969);
#4887=VERTEX_POINT($,#15975);
#4888=VERTEX_POINT($,#15976);
#4889=VERTEX_POINT($,#15978);
#4890=VERTEX_POINT($,#15980);
#4891=VERTEX_POINT($,#15983);
#4892=VERTEX_POINT($,#15984);
#4893=VERTEX_POINT($,#15986);
#4894=VERTEX_POINT($,#15988);
#4895=VERTEX_POINT($,#15992);
#4896=VERTEX_POINT($,#15994);
#4897=VERTEX_POINT($,#15998);
#4898=VERTEX_POINT($,#16002);
#4899=VERTEX_POINT($,#16008);
#4900=VERTEX_POINT($,#16010);
#4901=VERTEX_POINT($,#16014);
#4902=VERTEX_POINT($,#16019);
#4903=VERTEX_POINT($,#16026);
#4904=VERTEX_POINT($,#16027);
#4905=VERTEX_POINT($,#16029);
#4906=VERTEX_POINT($,#16031);
#4907=VERTEX_POINT($,#16035);
#4908=VERTEX_POINT($,#16036);
#4909=VERTEX_POINT($,#16038);
#4910=VERTEX_POINT($,#16040);
#4911=VERTEX_POINT($,#16052);
#4912=EDGE_CURVE($,#4001,#4002,#1329,.T.);
#4913=EDGE_CURVE($,#4001,#4003,#1330,.F.);
#4914=EDGE_CURVE($,#4004,#4003,#1331,.T.);
#4915=EDGE_CURVE($,#4004,#4002,#1332,.T.);
#4916=EDGE_CURVE($,#4005,#4006,#1333,.T.);
#4917=EDGE_CURVE($,#4005,#4007,#1334,.T.);
#4918=EDGE_CURVE($,#4008,#4007,#1335,.T.);
#4919=EDGE_CURVE($,#4008,#4006,#1336,.F.);
#4920=EDGE_CURVE($,#4009,#4010,#1337,.T.);
#4921=EDGE_CURVE($,#4009,#4011,#1338,.F.);
#4922=EDGE_CURVE($,#4012,#4011,#1339,.T.);
#4923=EDGE_CURVE($,#4012,#4010,#1340,.T.);
#4924=EDGE_CURVE($,#4013,#4014,#1341,.T.);
#4925=EDGE_CURVE($,#4013,#4015,#1342,.T.);
#4926=EDGE_CURVE($,#4016,#4015,#1343,.T.);
#4927=EDGE_CURVE($,#4016,#4014,#1344,.F.);
#4928=EDGE_CURVE($,#4017,#4001,#1345,.T.);
#4929=EDGE_CURVE($,#4018,#4017,#1346,.T.);
#4930=EDGE_CURVE($,#4014,#4018,#1347,.T.);
#4931=EDGE_CURVE($,#4011,#4016,#1348,.T.);
#4932=EDGE_CURVE($,#4019,#4009,#1349,.T.);
#4933=EDGE_CURVE($,#4020,#4019,#1350,.T.);
#4934=EDGE_CURVE($,#4006,#4020,#1351,.T.);
#4935=EDGE_CURVE($,#4003,#4008,#1352,.T.);
#4936=EDGE_CURVE($,#4010,#4021,#1353,.F.);
#4937=EDGE_CURVE($,#4019,#4021,#1354,.T.);
#4938=EDGE_CURVE($,#4022,#4020,#1355,.T.);
#4939=EDGE_CURVE($,#4022,#4005,#1356,.F.);
#4940=EDGE_CURVE($,#4002,#4023,#1357,.F.);
#4941=EDGE_CURVE($,#4017,#4023,#1358,.T.);
#4942=EDGE_CURVE($,#4024,#4013,#1359,.F.);
#4943=EDGE_CURVE($,#4023,#4024,#1360,.T.);
#4944=EDGE_CURVE($,#4007,#4004,#1361,.T.);
#4945=EDGE_CURVE($,#4021,#4022,#1362,.T.);
#4946=EDGE_CURVE($,#4015,#4012,#1363,.T.);
#4947=EDGE_CURVE($,#4024,#4018,#1364,.T.);
#4948=EDGE_CURVE($,#4025,#4026,#1365,.T.);
#4949=EDGE_CURVE($,#4025,#4027,#1366,.T.);
#4950=EDGE_CURVE($,#4028,#4027,#1367,.T.);
#4951=EDGE_CURVE($,#4026,#4028,#1368,.T.);
#4952=EDGE_CURVE($,#4026,#4029,#1369,.T.);
#4953=EDGE_CURVE($,#4030,#4028,#1370,.T.);
#4954=EDGE_CURVE($,#4029,#4030,#1371,.T.);
#4955=EDGE_CURVE($,#4029,#4031,#1372,.T.);
#4956=EDGE_CURVE($,#4032,#4030,#1373,.T.);
#4957=EDGE_CURVE($,#4031,#4032,#1374,.T.);
#4958=EDGE_CURVE($,#4031,#4025,#1375,.T.);
#4959=EDGE_CURVE($,#4027,#4032,#1376,.T.);
#4960=EDGE_CURVE($,#4033,#4034,#1377,.T.);
#4961=EDGE_CURVE($,#4035,#4033,#13,.T.);
#4962=EDGE_CURVE($,#4036,#4035,#1378,.T.);
#4963=EDGE_CURVE($,#4034,#4036,#14,.T.);
#4964=EDGE_CURVE($,#4037,#4037,#15,.T.);
#4965=EDGE_CURVE($,#4034,#4036,#1379,.T.);
#4966=EDGE_CURVE($,#4035,#4038,#1380,.T.);
#4967=EDGE_CURVE($,#4038,#4039,#1381,.T.);
#4968=EDGE_CURVE($,#4039,#4040,#1382,.T.);
#4969=EDGE_CURVE($,#4040,#4041,#1383,.T.);
#4970=EDGE_CURVE($,#4041,#4033,#1384,.T.);
#4971=EDGE_CURVE($,#4042,#4043,#1385,.T.);
#4972=EDGE_CURVE($,#4043,#4044,#1386,.T.);
#4973=EDGE_CURVE($,#4044,#4045,#1387,.T.);
#4974=EDGE_CURVE($,#4045,#4042,#1388,.T.);
#4975=EDGE_CURVE($,#4042,#4041,#1389,.T.);
#4976=EDGE_CURVE($,#4045,#4038,#1390,.T.);
#4977=EDGE_CURVE($,#4044,#4039,#1391,.T.);
#4978=EDGE_CURVE($,#4043,#4040,#1392,.T.);
#4979=EDGE_CURVE($,#4046,#4046,#16,.T.);
#4980=EDGE_CURVE($,#4047,#4047,#17,.T.);
#4981=EDGE_CURVE($,#4048,#4049,#1393,.T.);
#4982=EDGE_CURVE($,#4049,#4050,#1394,.T.);
#4983=EDGE_CURVE($,#4050,#4051,#1395,.T.);
#4984=EDGE_CURVE($,#4051,#4048,#1396,.T.);
#4985=EDGE_CURVE($,#4052,#4053,#1397,.T.);
#4986=EDGE_CURVE($,#4053,#4054,#1398,.T.);
#4987=EDGE_CURVE($,#4054,#4055,#1399,.T.);
#4988=EDGE_CURVE($,#4055,#4052,#1400,.T.);
#4989=EDGE_CURVE($,#4051,#4054,#1401,.T.);
#4990=EDGE_CURVE($,#4048,#4053,#1402,.T.);
#4991=EDGE_CURVE($,#4050,#4055,#1403,.T.);
#4992=EDGE_CURVE($,#4049,#4052,#1404,.T.);
#4993=EDGE_CURVE($,#4056,#4057,#1405,.T.);
#4994=EDGE_CURVE($,#4058,#4056,#1406,.F.);
#4995=EDGE_CURVE($,#4058,#4059,#1407,.F.);
#4996=EDGE_CURVE($,#4057,#4059,#1408,.F.);
#4997=EDGE_CURVE($,#4060,#4056,#1409,.T.);
#4998=EDGE_CURVE($,#4060,#4061,#1410,.T.);
#4999=EDGE_CURVE($,#4061,#4058,#1411,.T.);
#5000=EDGE_CURVE($,#4060,#4062,#1412,.T.);
#5001=EDGE_CURVE($,#4063,#4062,#1413,.T.);
#5002=EDGE_CURVE($,#4061,#4063,#1414,.T.);
#5003=EDGE_CURVE($,#4059,#4063,#1415,.T.);
#5004=EDGE_CURVE($,#4062,#4057,#1416,.T.);
#5005=EDGE_CURVE($,#4064,#4064,#18,.T.);
#5006=EDGE_CURVE($,#4065,#4066,#1417,.T.);
#5007=EDGE_CURVE($,#4066,#4067,#1418,.T.);
#5008=EDGE_CURVE($,#4067,#4068,#1419,.T.);
#5009=EDGE_CURVE($,#4068,#4065,#1420,.T.);
#5010=EDGE_CURVE($,#4069,#4070,#1421,.T.);
#5011=EDGE_CURVE($,#4070,#4071,#1422,.T.);
#5012=EDGE_CURVE($,#4071,#4072,#1423,.T.);
#5013=EDGE_CURVE($,#4072,#4069,#1424,.T.);
#5014=EDGE_CURVE($,#4072,#4073,#1425,.T.);
#5015=EDGE_CURVE($,#4074,#4073,#1426,.T.);
#5016=EDGE_CURVE($,#4069,#4074,#1427,.T.);
#5017=EDGE_CURVE($,#4070,#4068,#1428,.T.);
#5018=EDGE_CURVE($,#4071,#4067,#1429,.T.);
#5019=EDGE_CURVE($,#4073,#4075,#1430,.T.);
#5020=EDGE_CURVE($,#4075,#4076,#1431,.T.);
#5021=EDGE_CURVE($,#4076,#4074,#1432,.T.);
#5022=EDGE_CURVE($,#4077,#4078,#1433,.T.);
#5023=EDGE_CURVE($,#4077,#4079,#1434,.T.);
#5024=EDGE_CURVE($,#4080,#4079,#1435,.T.);
#5025=EDGE_CURVE($,#4078,#4080,#1436,.T.);
#5026=EDGE_CURVE($,#4081,#4077,#1437,.T.);
#5027=EDGE_CURVE($,#4081,#4082,#1438,.T.);
#5028=EDGE_CURVE($,#4079,#4082,#1439,.T.);
#5029=EDGE_CURVE($,#4082,#4083,#1440,.T.);
#5030=EDGE_CURVE($,#4083,#4080,#1441,.T.);
#5031=EDGE_CURVE($,#4084,#4081,#1442,.T.);
#5032=EDGE_CURVE($,#4084,#4083,#1443,.T.);
#5033=EDGE_CURVE($,#4078,#4084,#1444,.T.);
#5034=EDGE_CURVE($,#4085,#4086,#1445,.T.);
#5035=EDGE_CURVE($,#4085,#4087,#1446,.T.);
#5036=EDGE_CURVE($,#4088,#4087,#1447,.T.);
#5037=EDGE_CURVE($,#4086,#4088,#1448,.T.);
#5038=EDGE_CURVE($,#4089,#4085,#1449,.T.);
#5039=EDGE_CURVE($,#4089,#4090,#1450,.T.);
#5040=EDGE_CURVE($,#4087,#4090,#1451,.T.);
#5041=EDGE_CURVE($,#4090,#4091,#1452,.T.);
#5042=EDGE_CURVE($,#4091,#4088,#1453,.T.);
#5043=EDGE_CURVE($,#4092,#4089,#1454,.T.);
#5044=EDGE_CURVE($,#4092,#4091,#1455,.T.);
#5045=EDGE_CURVE($,#4086,#4092,#1456,.T.);
#5046=EDGE_CURVE($,#4093,#4094,#1457,.T.);
#5047=EDGE_CURVE($,#4093,#4095,#1458,.T.);
#5048=EDGE_CURVE($,#4096,#4095,#1459,.T.);
#5049=EDGE_CURVE($,#4094,#4096,#1460,.T.);
#5050=EDGE_CURVE($,#4097,#4093,#1461,.T.);
#5051=EDGE_CURVE($,#4097,#4098,#1462,.T.);
#5052=EDGE_CURVE($,#4095,#4098,#1463,.T.);
#5053=EDGE_CURVE($,#4098,#4099,#1464,.T.);
#5054=EDGE_CURVE($,#4099,#4096,#1465,.T.);
#5055=EDGE_CURVE($,#4100,#4097,#1466,.T.);
#5056=EDGE_CURVE($,#4100,#4099,#1467,.T.);
#5057=EDGE_CURVE($,#4094,#4100,#1468,.T.);
#5058=EDGE_CURVE($,#4101,#4102,#1469,.T.);
#5059=EDGE_CURVE($,#4102,#4103,#1470,.T.);
#5060=EDGE_CURVE($,#4103,#4104,#1471,.T.);
#5061=EDGE_CURVE($,#4104,#4101,#1472,.T.);
#5062=EDGE_CURVE($,#4105,#4106,#1473,.T.);
#5063=EDGE_CURVE($,#4107,#4105,#1474,.T.);
#5064=EDGE_CURVE($,#4108,#4107,#1475,.T.);
#5065=EDGE_CURVE($,#4106,#4108,#1476,.T.);
#5066=EDGE_CURVE($,#4102,#4075,#1477,.T.);
#5067=EDGE_CURVE($,#4103,#4066,#1478,.T.);
#5068=EDGE_CURVE($,#4104,#4065,#1479,.T.);
#5069=EDGE_CURVE($,#4101,#4076,#1480,.F.);
#5070=EDGE_CURVE($,#4107,#4109,#1481,.T.);
#5071=EDGE_CURVE($,#4110,#4109,#1482,.T.);
#5072=EDGE_CURVE($,#4108,#4110,#1483,.T.);
#5073=EDGE_CURVE($,#4105,#4111,#1484,.T.);
#5074=EDGE_CURVE($,#4109,#4111,#1485,.T.);
#5075=EDGE_CURVE($,#4111,#4112,#1486,.T.);
#5076=EDGE_CURVE($,#4112,#4110,#1487,.T.);
#5077=EDGE_CURVE($,#4106,#4112,#1488,.T.);
#5078=EDGE_CURVE($,#4113,#4114,#1489,.T.);
#5079=EDGE_CURVE($,#4114,#4115,#1490,.T.);
#5080=EDGE_CURVE($,#4115,#4116,#1491,.T.);
#5081=EDGE_CURVE($,#4116,#4113,#1492,.T.);
#5082=EDGE_CURVE($,#4117,#4118,#1493,.T.);
#5083=EDGE_CURVE($,#4118,#4119,#1494,.T.);
#5084=EDGE_CURVE($,#4119,#4120,#1495,.T.);
#5085=EDGE_CURVE($,#4120,#4117,#1496,.T.);
#5086=EDGE_CURVE($,#4120,#4121,#1497,.T.);
#5087=EDGE_CURVE($,#4122,#4121,#1498,.T.);
#5088=EDGE_CURVE($,#4117,#4122,#1499,.T.);
#5089=EDGE_CURVE($,#4118,#4116,#1500,.T.);
#5090=EDGE_CURVE($,#4119,#4115,#1501,.T.);
#5091=EDGE_CURVE($,#4121,#4123,#1502,.T.);
#5092=EDGE_CURVE($,#4123,#4124,#1503,.T.);
#5093=EDGE_CURVE($,#4124,#4122,#1504,.T.);
#5094=EDGE_CURVE($,#4125,#4126,#1505,.T.);
#5095=EDGE_CURVE($,#4125,#4127,#1506,.T.);
#5096=EDGE_CURVE($,#4128,#4127,#1507,.T.);
#5097=EDGE_CURVE($,#4126,#4128,#1508,.T.);
#5098=EDGE_CURVE($,#4129,#4125,#1509,.T.);
#5099=EDGE_CURVE($,#4129,#4130,#1510,.T.);
#5100=EDGE_CURVE($,#4127,#4130,#1511,.T.);
#5101=EDGE_CURVE($,#4130,#4131,#1512,.T.);
#5102=EDGE_CURVE($,#4131,#4128,#1513,.T.);
#5103=EDGE_CURVE($,#4132,#4129,#1514,.T.);
#5104=EDGE_CURVE($,#4132,#4131,#1515,.T.);
#5105=EDGE_CURVE($,#4126,#4132,#1516,.T.);
#5106=EDGE_CURVE($,#4133,#4134,#1517,.T.);
#5107=EDGE_CURVE($,#4133,#4135,#1518,.T.);
#5108=EDGE_CURVE($,#4136,#4135,#1519,.T.);
#5109=EDGE_CURVE($,#4134,#4136,#1520,.T.);
#5110=EDGE_CURVE($,#4137,#4133,#1521,.T.);
#5111=EDGE_CURVE($,#4137,#4138,#1522,.T.);
#5112=EDGE_CURVE($,#4135,#4138,#1523,.T.);
#5113=EDGE_CURVE($,#4138,#4139,#1524,.T.);
#5114=EDGE_CURVE($,#4139,#4136,#1525,.T.);
#5115=EDGE_CURVE($,#4140,#4137,#1526,.T.);
#5116=EDGE_CURVE($,#4140,#4139,#1527,.T.);
#5117=EDGE_CURVE($,#4134,#4140,#1528,.T.);
#5118=EDGE_CURVE($,#4141,#4142,#1529,.T.);
#5119=EDGE_CURVE($,#4141,#4143,#1530,.T.);
#5120=EDGE_CURVE($,#4144,#4143,#1531,.T.);
#5121=EDGE_CURVE($,#4142,#4144,#1532,.T.);
#5122=EDGE_CURVE($,#4145,#4141,#1533,.T.);
#5123=EDGE_CURVE($,#4145,#4146,#1534,.T.);
#5124=EDGE_CURVE($,#4143,#4146,#1535,.T.);
#5125=EDGE_CURVE($,#4146,#4147,#1536,.T.);
#5126=EDGE_CURVE($,#4147,#4144,#1537,.T.);
#5127=EDGE_CURVE($,#4148,#4145,#1538,.T.);
#5128=EDGE_CURVE($,#4148,#4147,#1539,.T.);
#5129=EDGE_CURVE($,#4142,#4148,#1540,.T.);
#5130=EDGE_CURVE($,#4149,#4150,#1541,.T.);
#5131=EDGE_CURVE($,#4150,#4151,#1542,.T.);
#5132=EDGE_CURVE($,#4151,#4152,#1543,.T.);
#5133=EDGE_CURVE($,#4152,#4149,#1544,.T.);
#5134=EDGE_CURVE($,#4153,#4154,#1545,.T.);
#5135=EDGE_CURVE($,#4155,#4153,#1546,.T.);
#5136=EDGE_CURVE($,#4156,#4155,#1547,.T.);
#5137=EDGE_CURVE($,#4154,#4156,#1548,.T.);
#5138=EDGE_CURVE($,#4150,#4123,#1549,.T.);
#5139=EDGE_CURVE($,#4151,#4114,#1550,.T.);
#5140=EDGE_CURVE($,#4152,#4113,#1551,.T.);
#5141=EDGE_CURVE($,#4149,#4124,#1552,.F.);
#5142=EDGE_CURVE($,#4155,#4157,#1553,.T.);
#5143=EDGE_CURVE($,#4158,#4157,#1554,.T.);
#5144=EDGE_CURVE($,#4156,#4158,#1555,.T.);
#5145=EDGE_CURVE($,#4153,#4159,#1556,.T.);
#5146=EDGE_CURVE($,#4157,#4159,#1557,.T.);
#5147=EDGE_CURVE($,#4159,#4160,#1558,.T.);
#5148=EDGE_CURVE($,#4160,#4158,#1559,.T.);
#5149=EDGE_CURVE($,#4154,#4160,#1560,.T.);
#5150=EDGE_CURVE($,#4161,#4162,#1561,.T.);
#5151=EDGE_CURVE($,#4163,#4161,#1562,.T.);
#5152=EDGE_CURVE($,#4164,#4163,#1563,.F.);
#5153=EDGE_CURVE($,#4162,#4164,#1564,.T.);
#5154=EDGE_CURVE($,#4163,#4165,#1565,.F.);
#5155=EDGE_CURVE($,#4166,#4165,#1566,.F.);
#5156=EDGE_CURVE($,#4164,#4166,#1567,.T.);
#5157=EDGE_CURVE($,#4161,#4167,#1568,.T.);
#5158=EDGE_CURVE($,#4165,#4167,#1569,.T.);
#5159=EDGE_CURVE($,#4162,#4168,#1570,.T.);
#5160=EDGE_CURVE($,#4167,#4168,#1571,.T.);
#5161=EDGE_CURVE($,#4168,#4166,#1572,.T.);
#5162=EDGE_CURVE($,#4169,#4170,#1573,.T.);
#5163=EDGE_CURVE($,#4170,#4171,#1574,.T.);
#5164=EDGE_CURVE($,#4171,#4172,#1575,.T.);
#5165=EDGE_CURVE($,#4172,#4169,#1576,.T.);
#5166=EDGE_CURVE($,#4173,#4174,#1577,.T.);
#5167=EDGE_CURVE($,#4174,#4175,#1578,.T.);
#5168=EDGE_CURVE($,#4175,#4176,#1579,.T.);
#5169=EDGE_CURVE($,#4176,#4173,#1580,.T.);
#5170=EDGE_CURVE($,#4172,#4175,#1581,.T.);
#5171=EDGE_CURVE($,#4169,#4174,#1582,.T.);
#5172=EDGE_CURVE($,#4171,#4176,#1583,.T.);
#5173=EDGE_CURVE($,#4170,#4173,#1584,.T.);
#5174=EDGE_CURVE($,#4177,#4178,#1585,.T.);
#5175=EDGE_CURVE($,#4178,#4179,#1586,.T.);
#5176=EDGE_CURVE($,#4179,#4180,#1587,.T.);
#5177=EDGE_CURVE($,#4180,#4177,#1588,.T.);
#5178=EDGE_CURVE($,#4181,#4182,#1589,.T.);
#5179=EDGE_CURVE($,#4182,#4183,#1590,.T.);
#5180=EDGE_CURVE($,#4183,#4184,#1591,.T.);
#5181=EDGE_CURVE($,#4184,#4181,#1592,.T.);
#5182=EDGE_CURVE($,#4180,#4183,#1593,.T.);
#5183=EDGE_CURVE($,#4177,#4182,#1594,.T.);
#5184=EDGE_CURVE($,#4179,#4184,#1595,.T.);
#5185=EDGE_CURVE($,#4178,#4181,#1596,.T.);
#5186=EDGE_CURVE($,#4185,#4186,#1597,.T.);
#5187=EDGE_CURVE($,#4186,#4187,#1598,.T.);
#5188=EDGE_CURVE($,#4187,#4188,#1599,.T.);
#5189=EDGE_CURVE($,#4188,#4185,#1600,.T.);
#5190=EDGE_CURVE($,#4189,#4190,#1601,.T.);
#5191=EDGE_CURVE($,#4190,#4191,#1602,.T.);
#5192=EDGE_CURVE($,#4191,#4192,#1603,.T.);
#5193=EDGE_CURVE($,#4192,#4189,#1604,.T.);
#5194=EDGE_CURVE($,#4188,#4191,#1605,.T.);
#5195=EDGE_CURVE($,#4185,#4190,#1606,.T.);
#5196=EDGE_CURVE($,#4187,#4192,#1607,.T.);
#5197=EDGE_CURVE($,#4186,#4189,#1608,.T.);
#5198=EDGE_CURVE($,#4193,#4194,#1609,.T.);
#5199=EDGE_CURVE($,#4194,#4195,#1610,.T.);
#5200=EDGE_CURVE($,#4195,#4196,#1611,.T.);
#5201=EDGE_CURVE($,#4196,#4193,#1612,.T.);
#5202=EDGE_CURVE($,#4197,#4198,#1613,.T.);
#5203=EDGE_CURVE($,#4198,#4199,#1614,.T.);
#5204=EDGE_CURVE($,#4199,#4200,#1615,.T.);
#5205=EDGE_CURVE($,#4200,#4197,#1616,.T.);
#5206=EDGE_CURVE($,#4196,#4199,#1617,.T.);
#5207=EDGE_CURVE($,#4193,#4198,#1618,.T.);
#5208=EDGE_CURVE($,#4195,#4200,#1619,.T.);
#5209=EDGE_CURVE($,#4194,#4197,#1620,.T.);
#5210=EDGE_CURVE($,#4201,#4202,#1621,.T.);
#5211=EDGE_CURVE($,#4202,#4203,#1622,.T.);
#5212=EDGE_CURVE($,#4203,#4204,#1623,.T.);
#5213=EDGE_CURVE($,#4204,#4201,#1624,.T.);
#5214=EDGE_CURVE($,#4205,#4206,#1625,.T.);
#5215=EDGE_CURVE($,#4206,#4207,#1626,.T.);
#5216=EDGE_CURVE($,#4207,#4208,#1627,.T.);
#5217=EDGE_CURVE($,#4208,#4205,#1628,.T.);
#5218=EDGE_CURVE($,#4204,#4207,#1629,.T.);
#5219=EDGE_CURVE($,#4201,#4206,#1630,.T.);
#5220=EDGE_CURVE($,#4203,#4208,#1631,.T.);
#5221=EDGE_CURVE($,#4202,#4205,#1632,.T.);
#5222=EDGE_CURVE($,#4209,#4210,#1633,.T.);
#5223=EDGE_CURVE($,#4210,#4211,#1634,.T.);
#5224=EDGE_CURVE($,#4211,#4212,#1635,.T.);
#5225=EDGE_CURVE($,#4212,#4209,#1636,.T.);
#5226=EDGE_CURVE($,#4213,#4214,#1637,.T.);
#5227=EDGE_CURVE($,#4214,#4215,#1638,.T.);
#5228=EDGE_CURVE($,#4215,#4216,#1639,.T.);
#5229=EDGE_CURVE($,#4216,#4213,#1640,.T.);
#5230=EDGE_CURVE($,#4212,#4215,#1641,.T.);
#5231=EDGE_CURVE($,#4209,#4214,#1642,.T.);
#5232=EDGE_CURVE($,#4211,#4216,#1643,.T.);
#5233=EDGE_CURVE($,#4210,#4213,#1644,.T.);
#5234=EDGE_CURVE($,#4217,#4218,#1645,.T.);
#5235=EDGE_CURVE($,#4218,#4219,#1646,.T.);
#5236=EDGE_CURVE($,#4219,#4220,#1647,.T.);
#5237=EDGE_CURVE($,#4220,#4217,#1648,.T.);
#5238=EDGE_CURVE($,#4221,#4222,#1649,.T.);
#5239=EDGE_CURVE($,#4222,#4223,#1650,.T.);
#5240=EDGE_CURVE($,#4223,#4224,#1651,.T.);
#5241=EDGE_CURVE($,#4224,#4221,#1652,.T.);
#5242=EDGE_CURVE($,#4220,#4223,#1653,.T.);
#5243=EDGE_CURVE($,#4217,#4222,#1654,.T.);
#5244=EDGE_CURVE($,#4219,#4224,#1655,.T.);
#5245=EDGE_CURVE($,#4218,#4221,#1656,.T.);
#5246=EDGE_CURVE($,#4225,#4226,#1657,.T.);
#5247=EDGE_CURVE($,#4226,#4227,#1658,.T.);
#5248=EDGE_CURVE($,#4227,#4228,#1659,.T.);
#5249=EDGE_CURVE($,#4228,#4225,#1660,.T.);
#5250=EDGE_CURVE($,#4229,#4230,#1661,.T.);
#5251=EDGE_CURVE($,#4230,#4231,#1662,.T.);
#5252=EDGE_CURVE($,#4231,#4232,#1663,.T.);
#5253=EDGE_CURVE($,#4232,#4229,#1664,.T.);
#5254=EDGE_CURVE($,#4228,#4231,#1665,.T.);
#5255=EDGE_CURVE($,#4225,#4230,#1666,.T.);
#5256=EDGE_CURVE($,#4227,#4232,#1667,.T.);
#5257=EDGE_CURVE($,#4226,#4229,#1668,.T.);
#5258=EDGE_CURVE($,#4233,#4234,#1669,.T.);
#5259=EDGE_CURVE($,#4235,#4233,#1670,.T.);
#5260=EDGE_CURVE($,#4236,#4235,#1671,.T.);
#5261=EDGE_CURVE($,#4236,#4234,#1672,.T.);
#5262=EDGE_CURVE($,#4237,#4238,#1673,.T.);
#5263=EDGE_CURVE($,#4239,#4237,#1674,.T.);
#5264=EDGE_CURVE($,#4240,#4239,#1675,.T.);
#5265=EDGE_CURVE($,#4240,#4238,#1676,.T.);
#5266=EDGE_CURVE($,#4234,#4241,#1677,.T.);
#5267=EDGE_CURVE($,#4239,#4236,#1678,.T.);
#5268=EDGE_CURVE($,#4242,#4237,#1679,.T.);
#5269=EDGE_CURVE($,#4243,#4242,#1680,.T.);
#5270=EDGE_CURVE($,#4243,#4244,#1681,.T.);
#5271=EDGE_CURVE($,#4244,#4241,#1682,.T.);
#5272=EDGE_CURVE($,#4245,#4246,#1683,.T.);
#5273=EDGE_CURVE($,#4244,#4246,#1684,.T.);
#5274=EDGE_CURVE($,#4245,#4243,#1685,.T.);
#5275=EDGE_CURVE($,#4241,#4247,#1686,.T.);
#5276=EDGE_CURVE($,#4246,#4247,#1687,.T.);
#5277=EDGE_CURVE($,#4235,#4240,#1688,.T.);
#5278=EDGE_CURVE($,#4247,#4233,#1689,.T.);
#5279=EDGE_CURVE($,#4245,#4248,#1690,.T.);
#5280=EDGE_CURVE($,#4238,#4248,#1691,.T.);
#5281=EDGE_CURVE($,#4248,#4242,#1692,.T.);
#5282=EDGE_CURVE($,#4249,#4250,#1693,.T.);
#5283=EDGE_CURVE($,#4250,#4251,#1694,.T.);
#5284=EDGE_CURVE($,#4251,#4252,#1695,.T.);
#5285=EDGE_CURVE($,#4252,#4249,#1696,.T.);
#5286=EDGE_CURVE($,#4253,#4254,#1697,.T.);
#5287=EDGE_CURVE($,#4254,#4255,#1698,.F.);
#5288=EDGE_CURVE($,#4255,#4256,#1699,.T.);
#5289=EDGE_CURVE($,#4256,#4253,#1700,.F.);
#5290=EDGE_CURVE($,#4252,#4255,#1701,.T.);
#5291=EDGE_CURVE($,#4249,#4254,#1702,.F.);
#5292=EDGE_CURVE($,#4251,#4256,#1703,.F.);
#5293=EDGE_CURVE($,#4250,#4253,#1704,.T.);
#5294=EDGE_CURVE($,#4257,#4258,#1705,.T.);
#5295=EDGE_CURVE($,#4258,#4259,#1706,.T.);
#5296=EDGE_CURVE($,#4259,#4260,#1707,.T.);
#5297=EDGE_CURVE($,#4260,#4257,#1708,.T.);
#5298=EDGE_CURVE($,#4261,#4262,#1709,.T.);
#5299=EDGE_CURVE($,#4262,#4263,#1710,.T.);
#5300=EDGE_CURVE($,#4263,#4264,#1711,.F.);
#5301=EDGE_CURVE($,#4264,#4261,#1712,.T.);
#5302=EDGE_CURVE($,#4260,#4263,#1713,.F.);
#5303=EDGE_CURVE($,#4257,#4262,#1714,.T.);
#5304=EDGE_CURVE($,#4259,#4264,#1715,.T.);
#5305=EDGE_CURVE($,#4258,#4261,#1716,.T.);
#5306=EDGE_CURVE($,#4265,#4266,#1717,.T.);
#5307=EDGE_CURVE($,#4266,#4267,#1718,.T.);
#5308=EDGE_CURVE($,#4267,#4268,#1719,.T.);
#5309=EDGE_CURVE($,#4268,#4265,#1720,.T.);
#5310=EDGE_CURVE($,#4269,#4270,#1721,.T.);
#5311=EDGE_CURVE($,#4270,#4271,#1722,.T.);
#5312=EDGE_CURVE($,#4271,#4272,#1723,.F.);
#5313=EDGE_CURVE($,#4272,#4269,#1724,.T.);
#5314=EDGE_CURVE($,#4268,#4271,#1725,.F.);
#5315=EDGE_CURVE($,#4265,#4270,#1726,.T.);
#5316=EDGE_CURVE($,#4267,#4272,#1727,.T.);
#5317=EDGE_CURVE($,#4266,#4269,#1728,.T.);
#5318=EDGE_CURVE($,#4273,#4274,#1729,.T.);
#5319=EDGE_CURVE($,#4274,#4275,#1730,.T.);
#5320=EDGE_CURVE($,#4275,#4276,#1731,.T.);
#5321=EDGE_CURVE($,#4276,#4273,#1732,.T.);
#5322=EDGE_CURVE($,#4277,#4278,#1733,.T.);
#5323=EDGE_CURVE($,#4278,#4279,#1734,.T.);
#5324=EDGE_CURVE($,#4279,#4280,#1735,.T.);
#5325=EDGE_CURVE($,#4280,#4277,#1736,.T.);
#5326=EDGE_CURVE($,#4276,#4279,#1737,.T.);
#5327=EDGE_CURVE($,#4273,#4278,#1738,.T.);
#5328=EDGE_CURVE($,#4275,#4280,#1739,.T.);
#5329=EDGE_CURVE($,#4274,#4277,#1740,.T.);
#5330=EDGE_CURVE($,#4281,#4282,#1741,.T.);
#5331=EDGE_CURVE($,#4282,#4283,#1742,.T.);
#5332=EDGE_CURVE($,#4283,#4284,#1743,.T.);
#5333=EDGE_CURVE($,#4284,#4281,#1744,.T.);
#5334=EDGE_CURVE($,#4285,#4286,#1745,.T.);
#5335=EDGE_CURVE($,#4286,#4287,#1746,.T.);
#5336=EDGE_CURVE($,#4287,#4288,#1747,.T.);
#5337=EDGE_CURVE($,#4288,#4285,#1748,.T.);
#5338=EDGE_CURVE($,#4284,#4287,#1749,.T.);
#5339=EDGE_CURVE($,#4281,#4286,#1750,.T.);
#5340=EDGE_CURVE($,#4283,#4288,#1751,.T.);
#5341=EDGE_CURVE($,#4282,#4285,#1752,.T.);
#5342=EDGE_CURVE($,#4289,#4290,#1753,.T.);
#5343=EDGE_CURVE($,#4290,#4291,#1754,.T.);
#5344=EDGE_CURVE($,#4291,#4292,#1755,.T.);
#5345=EDGE_CURVE($,#4292,#4289,#1756,.T.);
#5346=EDGE_CURVE($,#4293,#4294,#1757,.T.);
#5347=EDGE_CURVE($,#4294,#4295,#1758,.T.);
#5348=EDGE_CURVE($,#4295,#4296,#1759,.F.);
#5349=EDGE_CURVE($,#4296,#4293,#1760,.T.);
#5350=EDGE_CURVE($,#4292,#4295,#1761,.F.);
#5351=EDGE_CURVE($,#4289,#4294,#1762,.T.);
#5352=EDGE_CURVE($,#4291,#4296,#1763,.T.);
#5353=EDGE_CURVE($,#4290,#4293,#1764,.T.);
#5354=EDGE_CURVE($,#4297,#4298,#1765,.T.);
#5355=EDGE_CURVE($,#4298,#4299,#1766,.T.);
#5356=EDGE_CURVE($,#4299,#4300,#1767,.T.);
#5357=EDGE_CURVE($,#4300,#4297,#1768,.T.);
#5358=EDGE_CURVE($,#4301,#4302,#1769,.T.);
#5359=EDGE_CURVE($,#4302,#4303,#1770,.T.);
#5360=EDGE_CURVE($,#4303,#4304,#1771,.F.);
#5361=EDGE_CURVE($,#4304,#4301,#1772,.F.);
#5362=EDGE_CURVE($,#4300,#4303,#1773,.F.);
#5363=EDGE_CURVE($,#4297,#4302,#1774,.T.);
#5364=EDGE_CURVE($,#4299,#4304,#1775,.F.);
#5365=EDGE_CURVE($,#4298,#4301,#1776,.T.);
#5366=EDGE_CURVE($,#4305,#4306,#1777,.T.);
#5367=EDGE_CURVE($,#4307,#4305,#1778,.T.);
#5368=EDGE_CURVE($,#4308,#4307,#1779,.T.);
#5369=EDGE_CURVE($,#4308,#4306,#1780,.T.);
#5370=EDGE_CURVE($,#4309,#4310,#1781,.T.);
#5371=EDGE_CURVE($,#4311,#4309,#1782,.T.);
#5372=EDGE_CURVE($,#4312,#4311,#1783,.T.);
#5373=EDGE_CURVE($,#4312,#4310,#1784,.T.);
#5374=EDGE_CURVE($,#4306,#4313,#1785,.T.);
#5375=EDGE_CURVE($,#4314,#4313,#1786,.T.);
#5376=EDGE_CURVE($,#4315,#4314,#1787,.T.);
#5377=EDGE_CURVE($,#4315,#4316,#1788,.T.);
#5378=EDGE_CURVE($,#4317,#4316,#1789,.T.);
#5379=EDGE_CURVE($,#4318,#4317,#1790,.T.);
#5380=EDGE_CURVE($,#4305,#4318,#1791,.T.);
#5381=EDGE_CURVE($,#4319,#4310,#1792,.T.);
#5382=EDGE_CURVE($,#4319,#4320,#1793,.T.);
#5383=EDGE_CURVE($,#4321,#4320,#1794,.T.);
#5384=EDGE_CURVE($,#4322,#4321,#1795,.T.);
#5385=EDGE_CURVE($,#4323,#4322,#1796,.T.);
#5386=EDGE_CURVE($,#4323,#4324,#1797,.T.);
#5387=EDGE_CURVE($,#4324,#4309,#1798,.T.);
#5388=EDGE_CURVE($,#4325,#4311,#1799,.T.);
#5389=EDGE_CURVE($,#4326,#4325,#1800,.T.);
#5390=EDGE_CURVE($,#4327,#4326,#1801,.T.);
#5391=EDGE_CURVE($,#4327,#4328,#1802,.T.);
#5392=EDGE_CURVE($,#4329,#4328,#1803,.T.);
#5393=EDGE_CURVE($,#4330,#4329,#1804,.T.);
#5394=EDGE_CURVE($,#4330,#4312,#1805,.T.);
#5395=EDGE_CURVE($,#4307,#4331,#1806,.T.);
#5396=EDGE_CURVE($,#4331,#4332,#1807,.T.);
#5397=EDGE_CURVE($,#4333,#4332,#1808,.T.);
#5398=EDGE_CURVE($,#4334,#4333,#1809,.T.);
#5399=EDGE_CURVE($,#4335,#4334,#1810,.T.);
#5400=EDGE_CURVE($,#4335,#4336,#1811,.T.);
#5401=EDGE_CURVE($,#4308,#4336,#1812,.T.);
#5402=EDGE_CURVE($,#4337,#4324,#1813,.T.);
#5403=EDGE_CURVE($,#4337,#4338,#1814,.T.);
#5404=EDGE_CURVE($,#4313,#4338,#1815,.T.);
#5405=EDGE_CURVE($,#4339,#4336,#1816,.T.);
#5406=EDGE_CURVE($,#4340,#4339,#1817,.T.);
#5407=EDGE_CURVE($,#4340,#4325,#1818,.T.);
#5408=EDGE_CURVE($,#4341,#4318,#1819,.T.);
#5409=EDGE_CURVE($,#4342,#4341,#1820,.T.);
#5410=EDGE_CURVE($,#4319,#4342,#1821,.T.);
#5411=EDGE_CURVE($,#4330,#4343,#1822,.T.);
#5412=EDGE_CURVE($,#4343,#4344,#1823,.T.);
#5413=EDGE_CURVE($,#4331,#4344,#1824,.T.);
#5414=EDGE_CURVE($,#4341,#4345,#1825,.T.);
#5415=EDGE_CURVE($,#4346,#4345,#1826,.T.);
#5416=EDGE_CURVE($,#4347,#4346,#1827,.T.);
#5417=EDGE_CURVE($,#4348,#4347,#1828,.T.);
#5418=EDGE_CURVE($,#4348,#4338,#1829,.T.);
#5419=EDGE_CURVE($,#4349,#4337,#1830,.T.);
#5420=EDGE_CURVE($,#4350,#4349,#1831,.T.);
#5421=EDGE_CURVE($,#4350,#4351,#1832,.T.);
#5422=EDGE_CURVE($,#4352,#4351,#1833,.T.);
#5423=EDGE_CURVE($,#4342,#4352,#1834,.T.);
#5424=EDGE_CURVE($,#4345,#4317,#1835,.T.);
#5425=EDGE_CURVE($,#4349,#4323,#1836,.T.);
#5426=EDGE_CURVE($,#4353,#4327,#1837,.T.);
#5427=EDGE_CURVE($,#4326,#4354,#1838,.T.);
#5428=EDGE_CURVE($,#4354,#4353,#1839,.T.);
#5429=EDGE_CURVE($,#4334,#4355,#1840,.T.);
#5430=EDGE_CURVE($,#4355,#4356,#1841,.T.);
#5431=EDGE_CURVE($,#4356,#4335,#1842,.T.);
#5432=EDGE_CURVE($,#4322,#4350,#1843,.T.);
#5433=EDGE_CURVE($,#4314,#4348,#1844,.T.);
#5434=EDGE_CURVE($,#4347,#4315,#1845,.T.);
#5435=EDGE_CURVE($,#4357,#4358,#1846,.T.);
#5436=EDGE_CURVE($,#4358,#4359,#1847,.T.);
#5437=EDGE_CURVE($,#4359,#4360,#1848,.T.);
#5438=EDGE_CURVE($,#4360,#4357,#1849,.T.);
#5439=EDGE_CURVE($,#4358,#4361,#1850,.T.);
#5440=EDGE_CURVE($,#4362,#4361,#1851,.T.);
#5441=EDGE_CURVE($,#4359,#4362,#1852,.T.);
#5442=EDGE_CURVE($,#4363,#4362,#1853,.T.);
#5443=EDGE_CURVE($,#4360,#4363,#1854,.T.);
#5444=EDGE_CURVE($,#4364,#4363,#1855,.T.);
#5445=EDGE_CURVE($,#4357,#4364,#1856,.T.);
#5446=EDGE_CURVE($,#4361,#4364,#1857,.T.);
#5447=EDGE_CURVE($,#4316,#4346,#1858,.T.);
#5448=EDGE_CURVE($,#4351,#4321,#1859,.T.);
#5449=EDGE_CURVE($,#4320,#4352,#1860,.T.);
#5450=EDGE_CURVE($,#4354,#4340,#1861,.T.);
#5451=EDGE_CURVE($,#4328,#4365,#1862,.T.);
#5452=EDGE_CURVE($,#4365,#4366,#1863,.T.);
#5453=EDGE_CURVE($,#4366,#4329,#1864,.T.);
#5454=EDGE_CURVE($,#4343,#4366,#1865,.T.);
#5455=EDGE_CURVE($,#4353,#4365,#1866,.T.);
#5456=EDGE_CURVE($,#4356,#4339,#1867,.T.);
#5457=EDGE_CURVE($,#4355,#4367,#1868,.T.);
#5458=EDGE_CURVE($,#4368,#4367,#1869,.T.);
#5459=EDGE_CURVE($,#4344,#4368,#1870,.T.);
#5460=EDGE_CURVE($,#4332,#4368,#1871,.T.);
#5461=EDGE_CURVE($,#4367,#4333,#1872,.T.);
#5462=EDGE_CURVE($,#4369,#4370,#1873,.T.);
#5463=EDGE_CURVE($,#4371,#4369,#1874,.T.);
#5464=EDGE_CURVE($,#4371,#4372,#1875,.T.);
#5465=EDGE_CURVE($,#4372,#4370,#1876,.T.);
#5466=EDGE_CURVE($,#4373,#4374,#1877,.T.);
#5467=EDGE_CURVE($,#4373,#4375,#1878,.T.);
#5468=EDGE_CURVE($,#4375,#4376,#1879,.T.);
#5469=EDGE_CURVE($,#4374,#4376,#1880,.T.);
#5470=EDGE_CURVE($,#4377,#4378,#1881,.T.);
#5471=EDGE_CURVE($,#4378,#4379,#1882,.T.);
#5472=EDGE_CURVE($,#4379,#4380,#1883,.T.);
#5473=EDGE_CURVE($,#4380,#4381,#1884,.T.);
#5474=EDGE_CURVE($,#4381,#4382,#1885,.T.);
#5475=EDGE_CURVE($,#4382,#4383,#1886,.T.);
#5476=EDGE_CURVE($,#4383,#4384,#1887,.T.);
#5477=EDGE_CURVE($,#4384,#4385,#1888,.T.);
#5478=EDGE_CURVE($,#4385,#4386,#1889,.T.);
#5479=EDGE_CURVE($,#4387,#4386,#1890,.T.);
#5480=EDGE_CURVE($,#4387,#4388,#1891,.T.);
#5481=EDGE_CURVE($,#4388,#4377,#1892,.T.);
#5482=EDGE_CURVE($,#4389,#4390,#1893,.T.);
#5483=EDGE_CURVE($,#4391,#4390,#1894,.T.);
#5484=EDGE_CURVE($,#4392,#4391,#1895,.T.);
#5485=EDGE_CURVE($,#4392,#4389,#1896,.T.);
#5486=EDGE_CURVE($,#4393,#4394,#1897,.T.);
#5487=EDGE_CURVE($,#4394,#4395,#1898,.T.);
#5488=EDGE_CURVE($,#4396,#4395,#1899,.T.);
#5489=EDGE_CURVE($,#4393,#4396,#1900,.T.);
#5490=EDGE_CURVE($,#4397,#4398,#1901,.T.);
#5491=EDGE_CURVE($,#4397,#4399,#1902,.T.);
#5492=EDGE_CURVE($,#4399,#4400,#1903,.T.);
#5493=EDGE_CURVE($,#4400,#4401,#1904,.T.);
#5494=EDGE_CURVE($,#4402,#4401,#1905,.T.);
#5495=EDGE_CURVE($,#4402,#4403,#1906,.T.);
#5496=EDGE_CURVE($,#4404,#4403,#1907,.T.);
#5497=EDGE_CURVE($,#4404,#4405,#1908,.T.);
#5498=EDGE_CURVE($,#4406,#4405,#1909,.T.);
#5499=EDGE_CURVE($,#4407,#4406,#1910,.T.);
#5500=EDGE_CURVE($,#4407,#4408,#1911,.T.);
#5501=EDGE_CURVE($,#4408,#4398,#1912,.T.);
#5502=EDGE_CURVE($,#4409,#4410,#1913,.T.);
#5503=EDGE_CURVE($,#4409,#4411,#1914,.T.);
#5504=EDGE_CURVE($,#4412,#4411,#1915,.T.);
#5505=EDGE_CURVE($,#4412,#4413,#1916,.T.);
#5506=EDGE_CURVE($,#4413,#4414,#1917,.T.);
#5507=EDGE_CURVE($,#4415,#4414,#1918,.T.);
#5508=EDGE_CURVE($,#4416,#4415,#1919,.T.);
#5509=EDGE_CURVE($,#4417,#4416,#1920,.T.);
#5510=EDGE_CURVE($,#4417,#4418,#1921,.T.);
#5511=EDGE_CURVE($,#4419,#4418,#1922,.T.);
#5512=EDGE_CURVE($,#4420,#4419,#1923,.T.);
#5513=EDGE_CURVE($,#4420,#4410,#1924,.T.);
#5514=EDGE_CURVE($,#4421,#4422,#1925,.T.);
#5515=EDGE_CURVE($,#4423,#4422,#1926,.T.);
#5516=EDGE_CURVE($,#4424,#4423,#1927,.T.);
#5517=EDGE_CURVE($,#4424,#4421,#1928,.T.);
#5518=EDGE_CURVE($,#4425,#4426,#1929,.T.);
#5519=EDGE_CURVE($,#4427,#4425,#1930,.T.);
#5520=EDGE_CURVE($,#4427,#4428,#1931,.T.);
#5521=EDGE_CURVE($,#4428,#4426,#1932,.T.);
#5522=EDGE_CURVE($,#4429,#4430,#1933,.T.);
#5523=EDGE_CURVE($,#4429,#4431,#1934,.T.);
#5524=EDGE_CURVE($,#4431,#4432,#1935,.T.);
#5525=EDGE_CURVE($,#4432,#4433,#1936,.T.);
#5526=EDGE_CURVE($,#4433,#4434,#1937,.T.);
#5527=EDGE_CURVE($,#4434,#4435,#1938,.T.);
#5528=EDGE_CURVE($,#4435,#4436,#1939,.T.);
#5529=EDGE_CURVE($,#4436,#4437,#1940,.T.);
#5530=EDGE_CURVE($,#4437,#4438,#1941,.T.);
#5531=EDGE_CURVE($,#4439,#4438,#1942,.T.);
#5532=EDGE_CURVE($,#4439,#4440,#1943,.T.);
#5533=EDGE_CURVE($,#4440,#4430,#1944,.T.);
#5534=EDGE_CURVE($,#4441,#4442,#1945,.T.);
#5535=EDGE_CURVE($,#4442,#4443,#1946,.T.);
#5536=EDGE_CURVE($,#4444,#4443,#1947,.T.);
#5537=EDGE_CURVE($,#4441,#4444,#1948,.T.);
#5538=EDGE_CURVE($,#4445,#4446,#1949,.T.);
#5539=EDGE_CURVE($,#4445,#4447,#1950,.T.);
#5540=EDGE_CURVE($,#4447,#4448,#1951,.T.);
#5541=EDGE_CURVE($,#4446,#4448,#1952,.T.);
#5542=EDGE_CURVE($,#4374,#4421,#1953,.T.);
#5543=EDGE_CURVE($,#4422,#4376,#1954,.T.);
#5544=EDGE_CURVE($,#4426,#4370,#1955,.T.);
#5545=EDGE_CURVE($,#4369,#4428,#1956,.T.);
#5546=EDGE_CURVE($,#4418,#4381,#1957,.T.);
#5547=EDGE_CURVE($,#4419,#4380,#1958,.T.);
#5548=EDGE_CURVE($,#4373,#4424,#1959,.T.);
#5549=EDGE_CURVE($,#4386,#4413,#1960,.T.);
#5550=EDGE_CURVE($,#4387,#4412,#1961,.T.);
#5551=EDGE_CURVE($,#4425,#4372,#1962,.T.);
#5552=EDGE_CURVE($,#4414,#4405,#1963,.T.);
#5553=EDGE_CURVE($,#4415,#4404,#1964,.T.);
#5554=EDGE_CURVE($,#4371,#4427,#1965,.T.);
#5555=EDGE_CURVE($,#4423,#4375,#1966,.T.);
#5556=EDGE_CURVE($,#4377,#4429,#1967,.T.);
#5557=EDGE_CURVE($,#4378,#4430,#1968,.T.);
#5558=EDGE_CURVE($,#4410,#4397,#1969,.T.);
#5559=EDGE_CURVE($,#4409,#4398,#1970,.T.);
#5560=EDGE_CURVE($,#4407,#4432,#1971,.T.);
#5561=EDGE_CURVE($,#4433,#4406,#1972,.T.);
#5562=EDGE_CURVE($,#4446,#4389,#1973,.T.);
#5563=EDGE_CURVE($,#4390,#4448,#1974,.T.);
#5564=EDGE_CURVE($,#4447,#4391,#1975,.T.);
#5565=EDGE_CURVE($,#4439,#4400,#1976,.T.);
#5566=EDGE_CURVE($,#4401,#4438,#1977,.T.);
#5567=EDGE_CURVE($,#4393,#4441,#1978,.T.);
#5568=EDGE_CURVE($,#4442,#4396,#1979,.T.);
#5569=EDGE_CURVE($,#4444,#4394,#1980,.T.);
#5570=EDGE_CURVE($,#4392,#4445,#1981,.T.);
#5571=EDGE_CURVE($,#4416,#4403,#1982,.T.);
#5572=EDGE_CURVE($,#4417,#4402,#1983,.T.);
#5573=EDGE_CURVE($,#4395,#4443,#1984,.T.);
#5574=EDGE_CURVE($,#4420,#4399,#1985,.T.);
#5575=EDGE_CURVE($,#4411,#4408,#1986,.T.);
#5576=EDGE_CURVE($,#4440,#4379,#1987,.T.);
#5577=EDGE_CURVE($,#4385,#4434,#1988,.T.);
#5578=EDGE_CURVE($,#4388,#4431,#1989,.T.);
#5579=EDGE_CURVE($,#4382,#4437,#1990,.T.);
#5580=EDGE_CURVE($,#4436,#4383,#1991,.T.);
#5581=EDGE_CURVE($,#4384,#4435,#1992,.T.);
#5582=EDGE_CURVE($,#4449,#4450,#1993,.T.);
#5583=EDGE_CURVE($,#4451,#4449,#1994,.T.);
#5584=EDGE_CURVE($,#4452,#4451,#1995,.T.);
#5585=EDGE_CURVE($,#4452,#4450,#1996,.T.);
#5586=EDGE_CURVE($,#4453,#4454,#1997,.T.);
#5587=EDGE_CURVE($,#4455,#4453,#1998,.T.);
#5588=EDGE_CURVE($,#4456,#4455,#1999,.T.);
#5589=EDGE_CURVE($,#4456,#4454,#2000,.T.);
#5590=EDGE_CURVE($,#4450,#4457,#2001,.T.);
#5591=EDGE_CURVE($,#4455,#4452,#2002,.T.);
#5592=EDGE_CURVE($,#4458,#4453,#2003,.T.);
#5593=EDGE_CURVE($,#4459,#4458,#2004,.T.);
#5594=EDGE_CURVE($,#4459,#4460,#2005,.T.);
#5595=EDGE_CURVE($,#4460,#4457,#2006,.T.);
#5596=EDGE_CURVE($,#4461,#4462,#2007,.T.);
#5597=EDGE_CURVE($,#4460,#4462,#2008,.T.);
#5598=EDGE_CURVE($,#4461,#4459,#2009,.T.);
#5599=EDGE_CURVE($,#4457,#4463,#2010,.T.);
#5600=EDGE_CURVE($,#4462,#4463,#2011,.T.);
#5601=EDGE_CURVE($,#4451,#4456,#2012,.T.);
#5602=EDGE_CURVE($,#4463,#4449,#2013,.T.);
#5603=EDGE_CURVE($,#4461,#4464,#2014,.T.);
#5604=EDGE_CURVE($,#4454,#4464,#2015,.T.);
#5605=EDGE_CURVE($,#4464,#4458,#2016,.T.);
#5606=EDGE_CURVE($,#4465,#4466,#2017,.T.);
#5607=EDGE_CURVE($,#4466,#4467,#2018,.T.);
#5608=EDGE_CURVE($,#4467,#4468,#2019,.T.);
#5609=EDGE_CURVE($,#4468,#4465,#2020,.T.);
#5610=EDGE_CURVE($,#4469,#4470,#2021,.T.);
#5611=EDGE_CURVE($,#4470,#4471,#2022,.F.);
#5612=EDGE_CURVE($,#4471,#4472,#2023,.T.);
#5613=EDGE_CURVE($,#4472,#4469,#2024,.F.);
#5614=EDGE_CURVE($,#4468,#4471,#2025,.T.);
#5615=EDGE_CURVE($,#4465,#4470,#2026,.F.);
#5616=EDGE_CURVE($,#4467,#4472,#2027,.F.);
#5617=EDGE_CURVE($,#4466,#4469,#2028,.T.);
#5618=EDGE_CURVE($,#4473,#4474,#2029,.T.);
#5619=EDGE_CURVE($,#4474,#4475,#2030,.T.);
#5620=EDGE_CURVE($,#4475,#4476,#2031,.T.);
#5621=EDGE_CURVE($,#4476,#4473,#2032,.T.);
#5622=EDGE_CURVE($,#4477,#4478,#2033,.T.);
#5623=EDGE_CURVE($,#4478,#4479,#2034,.T.);
#5624=EDGE_CURVE($,#4479,#4480,#2035,.T.);
#5625=EDGE_CURVE($,#4480,#4477,#2036,.T.);
#5626=EDGE_CURVE($,#4481,#4482,#2037,.T.);
#5627=EDGE_CURVE($,#4482,#4483,#2038,.T.);
#5628=EDGE_CURVE($,#4483,#4484,#2039,.T.);
#5629=EDGE_CURVE($,#4484,#4481,#2040,.T.);
#5630=EDGE_CURVE($,#4485,#4486,#2041,.T.);
#5631=EDGE_CURVE($,#4486,#4487,#2042,.T.);
#5632=EDGE_CURVE($,#4487,#4488,#2043,.T.);
#5633=EDGE_CURVE($,#4488,#4485,#2044,.T.);
#5634=EDGE_CURVE($,#4489,#4490,#2045,.T.);
#5635=EDGE_CURVE($,#4491,#4489,#2046,.T.);
#5636=EDGE_CURVE($,#4492,#4491,#2047,.T.);
#5637=EDGE_CURVE($,#4490,#4492,#2048,.T.);
#5638=EDGE_CURVE($,#4489,#4493,#2049,.T.);
#5639=EDGE_CURVE($,#4494,#4493,#2050,.T.);
#5640=EDGE_CURVE($,#4491,#4494,#2051,.T.);
#5641=EDGE_CURVE($,#4495,#4494,#2052,.T.);
#5642=EDGE_CURVE($,#4492,#4495,#2053,.T.);
#5643=EDGE_CURVE($,#4496,#4495,#2054,.T.);
#5644=EDGE_CURVE($,#4490,#4496,#2055,.T.);
#5645=EDGE_CURVE($,#4493,#4496,#2056,.T.);
#5646=EDGE_CURVE($,#4474,#4497,#2057,.T.);
#5647=EDGE_CURVE($,#4498,#4473,#2058,.T.);
#5648=EDGE_CURVE($,#4499,#4498,#2059,.T.);
#5649=EDGE_CURVE($,#4499,#4500,#2060,.T.);
#5650=EDGE_CURVE($,#4500,#4501,#2061,.T.);
#5651=EDGE_CURVE($,#4502,#4501,#2062,.T.);
#5652=EDGE_CURVE($,#4497,#4502,#2063,.T.);
#5653=EDGE_CURVE($,#4503,#4477,#2064,.T.);
#5654=EDGE_CURVE($,#4504,#4503,#2065,.T.);
#5655=EDGE_CURVE($,#4504,#4505,#2066,.T.);
#5656=EDGE_CURVE($,#4506,#4505,#2067,.T.);
#5657=EDGE_CURVE($,#4506,#4507,#2068,.T.);
#5658=EDGE_CURVE($,#4507,#4508,#2069,.T.);
#5659=EDGE_CURVE($,#4508,#4478,#2070,.T.);
#5660=EDGE_CURVE($,#4509,#4497,#2071,.T.);
#5661=EDGE_CURVE($,#4509,#4475,#2072,.T.);
#5662=EDGE_CURVE($,#4510,#4501,#2073,.T.);
#5663=EDGE_CURVE($,#4511,#4510,#2074,.T.);
#5664=EDGE_CURVE($,#4502,#4511,#2075,.T.);
#5665=EDGE_CURVE($,#4498,#4512,#2076,.T.);
#5666=EDGE_CURVE($,#4512,#4476,#2077,.T.);
#5667=EDGE_CURVE($,#4511,#4509,#2078,.T.);
#5668=EDGE_CURVE($,#4513,#4510,#2079,.T.);
#5669=EDGE_CURVE($,#4514,#4513,#2080,.T.);
#5670=EDGE_CURVE($,#4515,#4514,#2081,.T.);
#5671=EDGE_CURVE($,#4482,#4515,#2082,.T.);
#5672=EDGE_CURVE($,#4516,#4481,#2083,.T.);
#5673=EDGE_CURVE($,#4516,#4512,#2084,.T.);
#5674=EDGE_CURVE($,#4505,#4517,#2085,.T.);
#5675=EDGE_CURVE($,#4518,#4504,#2086,.T.);
#5676=EDGE_CURVE($,#4518,#4517,#2087,.T.);
#5677=EDGE_CURVE($,#4480,#4519,#2088,.T.);
#5678=EDGE_CURVE($,#4503,#4519,#2089,.T.);
#5679=EDGE_CURVE($,#4519,#4518,#2090,.T.);
#5680=EDGE_CURVE($,#4520,#4508,#2091,.T.);
#5681=EDGE_CURVE($,#4520,#4479,#2092,.T.);
#5682=EDGE_CURVE($,#4521,#4522,#2093,.T.);
#5683=EDGE_CURVE($,#4523,#4521,#2094,.T.);
#5684=EDGE_CURVE($,#4524,#4523,#2095,.T.);
#5685=EDGE_CURVE($,#4524,#4522,#2096,.T.);
#5686=EDGE_CURVE($,#4500,#4506,#2097,.T.);
#5687=EDGE_CURVE($,#4499,#4507,#2098,.T.);
#5688=EDGE_CURVE($,#4525,#4483,#2099,.T.);
#5689=EDGE_CURVE($,#4525,#4515,#2100,.T.);
#5690=EDGE_CURVE($,#4516,#4526,#2101,.T.);
#5691=EDGE_CURVE($,#4526,#4484,#2102,.T.);
#5692=EDGE_CURVE($,#4527,#4513,#2103,.T.);
#5693=EDGE_CURVE($,#4528,#4527,#2104,.T.);
#5694=EDGE_CURVE($,#4514,#4528,#2105,.T.);
#5695=EDGE_CURVE($,#4528,#4525,#2106,.T.);
#5696=EDGE_CURVE($,#4527,#4524,#2107,.T.);
#5697=EDGE_CURVE($,#4526,#4523,#2108,.T.);
#5698=EDGE_CURVE($,#4529,#4520,#2109,.T.);
#5699=EDGE_CURVE($,#4529,#4488,#2110,.T.);
#5700=EDGE_CURVE($,#4530,#4487,#2111,.T.);
#5701=EDGE_CURVE($,#4531,#4530,#2112,.T.);
#5702=EDGE_CURVE($,#4531,#4532,#2113,.T.);
#5703=EDGE_CURVE($,#4532,#4517,#2114,.T.);
#5704=EDGE_CURVE($,#4486,#4533,#2115,.T.);
#5705=EDGE_CURVE($,#4534,#4485,#2116,.T.);
#5706=EDGE_CURVE($,#4534,#4521,#2117,.T.);
#5707=EDGE_CURVE($,#4535,#4522,#2118,.T.);
#5708=EDGE_CURVE($,#4536,#4535,#2119,.T.);
#5709=EDGE_CURVE($,#4533,#4536,#2120,.T.);
#5710=EDGE_CURVE($,#4535,#4532,#2121,.T.);
#5711=EDGE_CURVE($,#4536,#4531,#2122,.T.);
#5712=EDGE_CURVE($,#4530,#4533,#2123,.T.);
#5713=EDGE_CURVE($,#4529,#4534,#2124,.T.);
#5714=EDGE_CURVE($,#4537,#4538,#2125,.T.);
#5715=EDGE_CURVE($,#4538,#4539,#2126,.T.);
#5716=EDGE_CURVE($,#4539,#4540,#2127,.T.);
#5717=EDGE_CURVE($,#4540,#4537,#2128,.T.);
#5718=EDGE_CURVE($,#4541,#4542,#2129,.T.);
#5719=EDGE_CURVE($,#4542,#4543,#2130,.T.);
#5720=EDGE_CURVE($,#4543,#4544,#2131,.T.);
#5721=EDGE_CURVE($,#4544,#4541,#2132,.T.);
#5722=EDGE_CURVE($,#4540,#4543,#2133,.T.);
#5723=EDGE_CURVE($,#4537,#4542,#2134,.T.);
#5724=EDGE_CURVE($,#4539,#4544,#2135,.T.);
#5725=EDGE_CURVE($,#4538,#4541,#2136,.T.);
#5726=EDGE_CURVE($,#4545,#4546,#2137,.T.);
#5727=EDGE_CURVE($,#4546,#4547,#2138,.T.);
#5728=EDGE_CURVE($,#4547,#4548,#2139,.T.);
#5729=EDGE_CURVE($,#4548,#4545,#2140,.T.);
#5730=EDGE_CURVE($,#4549,#4550,#2141,.T.);
#5731=EDGE_CURVE($,#4550,#4551,#2142,.T.);
#5732=EDGE_CURVE($,#4551,#4552,#2143,.T.);
#5733=EDGE_CURVE($,#4552,#4549,#2144,.T.);
#5734=EDGE_CURVE($,#4548,#4551,#2145,.T.);
#5735=EDGE_CURVE($,#4545,#4550,#2146,.T.);
#5736=EDGE_CURVE($,#4547,#4552,#2147,.T.);
#5737=EDGE_CURVE($,#4546,#4549,#2148,.T.);
#5738=EDGE_CURVE($,#4553,#4554,#2149,.T.);
#5739=EDGE_CURVE($,#4555,#4553,#19,.T.);
#5740=EDGE_CURVE($,#4556,#4555,#2150,.T.);
#5741=EDGE_CURVE($,#4554,#4556,#20,.T.);
#5742=EDGE_CURVE($,#4557,#4557,#21,.T.);
#5743=EDGE_CURVE($,#4554,#4556,#2151,.T.);
#5744=EDGE_CURVE($,#4555,#4558,#2152,.T.);
#5745=EDGE_CURVE($,#4558,#4559,#2153,.T.);
#5746=EDGE_CURVE($,#4559,#4560,#2154,.T.);
#5747=EDGE_CURVE($,#4560,#4561,#2155,.T.);
#5748=EDGE_CURVE($,#4561,#4553,#2156,.T.);
#5749=EDGE_CURVE($,#4562,#4563,#2157,.T.);
#5750=EDGE_CURVE($,#4563,#4564,#2158,.T.);
#5751=EDGE_CURVE($,#4564,#4565,#2159,.T.);
#5752=EDGE_CURVE($,#4565,#4562,#2160,.T.);
#5753=EDGE_CURVE($,#4562,#4561,#2161,.T.);
#5754=EDGE_CURVE($,#4565,#4558,#2162,.T.);
#5755=EDGE_CURVE($,#4564,#4559,#2163,.T.);
#5756=EDGE_CURVE($,#4563,#4560,#2164,.T.);
#5757=EDGE_CURVE($,#4566,#4566,#22,.T.);
#5758=EDGE_CURVE($,#4567,#4567,#23,.T.);
#5759=EDGE_CURVE($,#4568,#4569,#2165,.T.);
#5760=EDGE_CURVE($,#4569,#4570,#2166,.T.);
#5761=EDGE_CURVE($,#4570,#4571,#2167,.T.);
#5762=EDGE_CURVE($,#4571,#4568,#2168,.T.);
#5763=EDGE_CURVE($,#4572,#4573,#2169,.T.);
#5764=EDGE_CURVE($,#4573,#4574,#2170,.T.);
#5765=EDGE_CURVE($,#4574,#4575,#2171,.T.);
#5766=EDGE_CURVE($,#4575,#4572,#2172,.T.);
#5767=EDGE_CURVE($,#4571,#4574,#2173,.T.);
#5768=EDGE_CURVE($,#4568,#4573,#2174,.T.);
#5769=EDGE_CURVE($,#4570,#4575,#2175,.T.);
#5770=EDGE_CURVE($,#4569,#4572,#2176,.T.);
#5771=EDGE_CURVE($,#4576,#4576,#24,.T.);
#5772=EDGE_CURVE($,#4577,#4578,#2177,.T.);
#5773=EDGE_CURVE($,#4578,#4579,#2178,.T.);
#5774=EDGE_CURVE($,#4579,#4580,#2179,.T.);
#5775=EDGE_CURVE($,#4580,#4577,#2180,.T.);
#5776=EDGE_CURVE($,#4581,#4582,#2181,.T.);
#5777=EDGE_CURVE($,#4582,#4583,#2182,.T.);
#5778=EDGE_CURVE($,#4583,#4584,#2183,.T.);
#5779=EDGE_CURVE($,#4584,#4581,#2184,.T.);
#5780=EDGE_CURVE($,#4584,#4585,#2185,.T.);
#5781=EDGE_CURVE($,#4586,#4585,#2186,.T.);
#5782=EDGE_CURVE($,#4581,#4586,#2187,.T.);
#5783=EDGE_CURVE($,#4582,#4580,#2188,.T.);
#5784=EDGE_CURVE($,#4583,#4579,#2189,.T.);
#5785=EDGE_CURVE($,#4585,#4587,#2190,.T.);
#5786=EDGE_CURVE($,#4587,#4588,#2191,.T.);
#5787=EDGE_CURVE($,#4588,#4586,#2192,.T.);
#5788=EDGE_CURVE($,#4589,#4590,#2193,.T.);
#5789=EDGE_CURVE($,#4589,#4591,#2194,.T.);
#5790=EDGE_CURVE($,#4592,#4591,#2195,.T.);
#5791=EDGE_CURVE($,#4590,#4592,#2196,.T.);
#5792=EDGE_CURVE($,#4593,#4589,#2197,.T.);
#5793=EDGE_CURVE($,#4593,#4594,#2198,.T.);
#5794=EDGE_CURVE($,#4591,#4594,#2199,.T.);
#5795=EDGE_CURVE($,#4594,#4595,#2200,.T.);
#5796=EDGE_CURVE($,#4595,#4592,#2201,.T.);
#5797=EDGE_CURVE($,#4596,#4593,#2202,.T.);
#5798=EDGE_CURVE($,#4596,#4595,#2203,.T.);
#5799=EDGE_CURVE($,#4590,#4596,#2204,.T.);
#5800=EDGE_CURVE($,#4597,#4598,#2205,.T.);
#5801=EDGE_CURVE($,#4597,#4599,#2206,.T.);
#5802=EDGE_CURVE($,#4600,#4599,#2207,.T.);
#5803=EDGE_CURVE($,#4598,#4600,#2208,.T.);
#5804=EDGE_CURVE($,#4601,#4597,#2209,.T.);
#5805=EDGE_CURVE($,#4601,#4602,#2210,.T.);
#5806=EDGE_CURVE($,#4599,#4602,#2211,.T.);
#5807=EDGE_CURVE($,#4602,#4603,#2212,.T.);
#5808=EDGE_CURVE($,#4603,#4600,#2213,.T.);
#5809=EDGE_CURVE($,#4604,#4601,#2214,.T.);
#5810=EDGE_CURVE($,#4604,#4603,#2215,.T.);
#5811=EDGE_CURVE($,#4598,#4604,#2216,.T.);
#5812=EDGE_CURVE($,#4605,#4606,#2217,.T.);
#5813=EDGE_CURVE($,#4605,#4607,#2218,.T.);
#5814=EDGE_CURVE($,#4608,#4607,#2219,.T.);
#5815=EDGE_CURVE($,#4606,#4608,#2220,.T.);
#5816=EDGE_CURVE($,#4609,#4605,#2221,.T.);
#5817=EDGE_CURVE($,#4609,#4610,#2222,.T.);
#5818=EDGE_CURVE($,#4607,#4610,#2223,.T.);
#5819=EDGE_CURVE($,#4610,#4611,#2224,.T.);
#5820=EDGE_CURVE($,#4611,#4608,#2225,.T.);
#5821=EDGE_CURVE($,#4612,#4609,#2226,.T.);
#5822=EDGE_CURVE($,#4612,#4611,#2227,.T.);
#5823=EDGE_CURVE($,#4606,#4612,#2228,.T.);
#5824=EDGE_CURVE($,#4613,#4614,#2229,.T.);
#5825=EDGE_CURVE($,#4614,#4615,#2230,.T.);
#5826=EDGE_CURVE($,#4615,#4616,#2231,.T.);
#5827=EDGE_CURVE($,#4616,#4613,#2232,.T.);
#5828=EDGE_CURVE($,#4617,#4618,#2233,.T.);
#5829=EDGE_CURVE($,#4619,#4617,#2234,.T.);
#5830=EDGE_CURVE($,#4620,#4619,#2235,.T.);
#5831=EDGE_CURVE($,#4618,#4620,#2236,.T.);
#5832=EDGE_CURVE($,#4614,#4587,#2237,.T.);
#5833=EDGE_CURVE($,#4615,#4578,#2238,.T.);
#5834=EDGE_CURVE($,#4616,#4577,#2239,.T.);
#5835=EDGE_CURVE($,#4613,#4588,#2240,.F.);
#5836=EDGE_CURVE($,#4619,#4621,#2241,.T.);
#5837=EDGE_CURVE($,#4622,#4621,#2242,.T.);
#5838=EDGE_CURVE($,#4620,#4622,#2243,.T.);
#5839=EDGE_CURVE($,#4617,#4623,#2244,.T.);
#5840=EDGE_CURVE($,#4621,#4623,#2245,.T.);
#5841=EDGE_CURVE($,#4623,#4624,#2246,.T.);
#5842=EDGE_CURVE($,#4624,#4622,#2247,.T.);
#5843=EDGE_CURVE($,#4618,#4624,#2248,.T.);
#5844=EDGE_CURVE($,#4625,#4626,#2249,.T.);
#5845=EDGE_CURVE($,#4626,#4627,#2250,.T.);
#5846=EDGE_CURVE($,#4627,#4628,#2251,.T.);
#5847=EDGE_CURVE($,#4628,#4625,#2252,.T.);
#5848=EDGE_CURVE($,#4629,#4630,#2253,.T.);
#5849=EDGE_CURVE($,#4630,#4631,#2254,.T.);
#5850=EDGE_CURVE($,#4631,#4632,#2255,.T.);
#5851=EDGE_CURVE($,#4632,#4629,#2256,.T.);
#5852=EDGE_CURVE($,#4633,#4634,#2257,.T.);
#5853=EDGE_CURVE($,#4634,#4635,#2258,.T.);
#5854=EDGE_CURVE($,#4635,#4636,#2259,.T.);
#5855=EDGE_CURVE($,#4636,#4633,#2260,.T.);
#5856=EDGE_CURVE($,#4637,#4638,#2261,.T.);
#5857=EDGE_CURVE($,#4638,#4639,#2262,.T.);
#5858=EDGE_CURVE($,#4639,#4640,#2263,.T.);
#5859=EDGE_CURVE($,#4640,#4637,#2264,.T.);
#5860=EDGE_CURVE($,#4641,#4642,#2265,.T.);
#5861=EDGE_CURVE($,#4643,#4641,#2266,.T.);
#5862=EDGE_CURVE($,#4644,#4643,#2267,.T.);
#5863=EDGE_CURVE($,#4642,#4644,#2268,.T.);
#5864=EDGE_CURVE($,#4641,#4645,#2269,.T.);
#5865=EDGE_CURVE($,#4646,#4645,#2270,.T.);
#5866=EDGE_CURVE($,#4643,#4646,#2271,.T.);
#5867=EDGE_CURVE($,#4647,#4646,#2272,.T.);
#5868=EDGE_CURVE($,#4644,#4647,#2273,.T.);
#5869=EDGE_CURVE($,#4648,#4647,#2274,.T.);
#5870=EDGE_CURVE($,#4642,#4648,#2275,.T.);
#5871=EDGE_CURVE($,#4645,#4648,#2276,.T.);
#5872=EDGE_CURVE($,#4626,#4649,#2277,.T.);
#5873=EDGE_CURVE($,#4650,#4625,#2278,.T.);
#5874=EDGE_CURVE($,#4651,#4650,#2279,.T.);
#5875=EDGE_CURVE($,#4651,#4652,#2280,.T.);
#5876=EDGE_CURVE($,#4652,#4653,#2281,.T.);
#5877=EDGE_CURVE($,#4654,#4653,#2282,.T.);
#5878=EDGE_CURVE($,#4649,#4654,#2283,.T.);
#5879=EDGE_CURVE($,#4655,#4629,#2284,.T.);
#5880=EDGE_CURVE($,#4656,#4655,#2285,.T.);
#5881=EDGE_CURVE($,#4656,#4657,#2286,.T.);
#5882=EDGE_CURVE($,#4658,#4657,#2287,.T.);
#5883=EDGE_CURVE($,#4658,#4659,#2288,.T.);
#5884=EDGE_CURVE($,#4659,#4660,#2289,.T.);
#5885=EDGE_CURVE($,#4660,#4630,#2290,.T.);
#5886=EDGE_CURVE($,#4661,#4649,#2291,.T.);
#5887=EDGE_CURVE($,#4661,#4627,#2292,.T.);
#5888=EDGE_CURVE($,#4662,#4653,#2293,.T.);
#5889=EDGE_CURVE($,#4663,#4662,#2294,.T.);
#5890=EDGE_CURVE($,#4654,#4663,#2295,.T.);
#5891=EDGE_CURVE($,#4650,#4664,#2296,.T.);
#5892=EDGE_CURVE($,#4664,#4628,#2297,.T.);
#5893=EDGE_CURVE($,#4663,#4661,#2298,.T.);
#5894=EDGE_CURVE($,#4665,#4662,#2299,.T.);
#5895=EDGE_CURVE($,#4666,#4665,#2300,.T.);
#5896=EDGE_CURVE($,#4667,#4666,#2301,.T.);
#5897=EDGE_CURVE($,#4634,#4667,#2302,.T.);
#5898=EDGE_CURVE($,#4668,#4633,#2303,.T.);
#5899=EDGE_CURVE($,#4668,#4664,#2304,.T.);
#5900=EDGE_CURVE($,#4657,#4669,#2305,.T.);
#5901=EDGE_CURVE($,#4670,#4656,#2306,.T.);
#5902=EDGE_CURVE($,#4670,#4669,#2307,.T.);
#5903=EDGE_CURVE($,#4632,#4671,#2308,.T.);
#5904=EDGE_CURVE($,#4655,#4671,#2309,.T.);
#5905=EDGE_CURVE($,#4671,#4670,#2310,.T.);
#5906=EDGE_CURVE($,#4672,#4660,#2311,.T.);
#5907=EDGE_CURVE($,#4672,#4631,#2312,.T.);
#5908=EDGE_CURVE($,#4673,#4674,#2313,.T.);
#5909=EDGE_CURVE($,#4675,#4673,#2314,.T.);
#5910=EDGE_CURVE($,#4676,#4675,#2315,.T.);
#5911=EDGE_CURVE($,#4676,#4674,#2316,.T.);
#5912=EDGE_CURVE($,#4652,#4658,#2317,.T.);
#5913=EDGE_CURVE($,#4651,#4659,#2318,.T.);
#5914=EDGE_CURVE($,#4677,#4635,#2319,.T.);
#5915=EDGE_CURVE($,#4677,#4667,#2320,.T.);
#5916=EDGE_CURVE($,#4668,#4678,#2321,.T.);
#5917=EDGE_CURVE($,#4678,#4636,#2322,.T.);
#5918=EDGE_CURVE($,#4679,#4665,#2323,.T.);
#5919=EDGE_CURVE($,#4680,#4679,#2324,.T.);
#5920=EDGE_CURVE($,#4666,#4680,#2325,.T.);
#5921=EDGE_CURVE($,#4680,#4677,#2326,.T.);
#5922=EDGE_CURVE($,#4679,#4676,#2327,.T.);
#5923=EDGE_CURVE($,#4678,#4675,#2328,.T.);
#5924=EDGE_CURVE($,#4681,#4672,#2329,.T.);
#5925=EDGE_CURVE($,#4681,#4640,#2330,.T.);
#5926=EDGE_CURVE($,#4682,#4639,#2331,.T.);
#5927=EDGE_CURVE($,#4683,#4682,#2332,.T.);
#5928=EDGE_CURVE($,#4683,#4684,#2333,.T.);
#5929=EDGE_CURVE($,#4684,#4669,#2334,.T.);
#5930=EDGE_CURVE($,#4638,#4685,#2335,.T.);
#5931=EDGE_CURVE($,#4686,#4637,#2336,.T.);
#5932=EDGE_CURVE($,#4686,#4673,#2337,.T.);
#5933=EDGE_CURVE($,#4687,#4674,#2338,.T.);
#5934=EDGE_CURVE($,#4688,#4687,#2339,.T.);
#5935=EDGE_CURVE($,#4685,#4688,#2340,.T.);
#5936=EDGE_CURVE($,#4687,#4684,#2341,.T.);
#5937=EDGE_CURVE($,#4688,#4683,#2342,.T.);
#5938=EDGE_CURVE($,#4682,#4685,#2343,.T.);
#5939=EDGE_CURVE($,#4681,#4686,#2344,.T.);
#5940=EDGE_CURVE($,#4689,#4690,#2345,.T.);
#5941=EDGE_CURVE($,#4690,#4691,#2346,.T.);
#5942=EDGE_CURVE($,#4691,#4692,#2347,.T.);
#5943=EDGE_CURVE($,#4692,#4689,#2348,.T.);
#5944=EDGE_CURVE($,#4693,#4694,#2349,.T.);
#5945=EDGE_CURVE($,#4694,#4695,#2350,.T.);
#5946=EDGE_CURVE($,#4695,#4696,#2351,.T.);
#5947=EDGE_CURVE($,#4696,#4693,#2352,.T.);
#5948=EDGE_CURVE($,#4692,#4695,#2353,.T.);
#5949=EDGE_CURVE($,#4689,#4694,#2354,.T.);
#5950=EDGE_CURVE($,#4691,#4696,#2355,.T.);
#5951=EDGE_CURVE($,#4690,#4693,#2356,.T.);
#5952=EDGE_CURVE($,#4697,#4698,#2357,.T.);
#5953=EDGE_CURVE($,#4699,#4697,#25,.T.);
#5954=EDGE_CURVE($,#4700,#4699,#2358,.T.);
#5955=EDGE_CURVE($,#4698,#4700,#26,.T.);
#5956=EDGE_CURVE($,#4701,#4701,#27,.T.);
#5957=EDGE_CURVE($,#4698,#4700,#2359,.T.);
#5958=EDGE_CURVE($,#4699,#4702,#2360,.T.);
#5959=EDGE_CURVE($,#4702,#4703,#2361,.T.);
#5960=EDGE_CURVE($,#4703,#4704,#2362,.T.);
#5961=EDGE_CURVE($,#4704,#4705,#2363,.T.);
#5962=EDGE_CURVE($,#4705,#4697,#2364,.T.);
#5963=EDGE_CURVE($,#4706,#4707,#2365,.T.);
#5964=EDGE_CURVE($,#4707,#4708,#2366,.T.);
#5965=EDGE_CURVE($,#4708,#4709,#2367,.T.);
#5966=EDGE_CURVE($,#4709,#4706,#2368,.T.);
#5967=EDGE_CURVE($,#4706,#4705,#2369,.T.);
#5968=EDGE_CURVE($,#4709,#4702,#2370,.T.);
#5969=EDGE_CURVE($,#4708,#4703,#2371,.T.);
#5970=EDGE_CURVE($,#4707,#4704,#2372,.T.);
#5971=EDGE_CURVE($,#4710,#4710,#28,.T.);
#5972=EDGE_CURVE($,#4711,#4711,#29,.T.);
#5973=EDGE_CURVE($,#4712,#4713,#2373,.T.);
#5974=EDGE_CURVE($,#4714,#4712,#30,.T.);
#5975=EDGE_CURVE($,#4715,#4714,#2374,.T.);
#5976=EDGE_CURVE($,#4713,#4715,#31,.T.);
#5977=EDGE_CURVE($,#4716,#4716,#32,.T.);
#5978=EDGE_CURVE($,#4713,#4715,#2375,.T.);
#5979=EDGE_CURVE($,#4714,#4717,#2376,.T.);
#5980=EDGE_CURVE($,#4717,#4718,#2377,.T.);
#5981=EDGE_CURVE($,#4718,#4719,#2378,.T.);
#5982=EDGE_CURVE($,#4719,#4720,#2379,.T.);
#5983=EDGE_CURVE($,#4720,#4712,#2380,.T.);
#5984=EDGE_CURVE($,#4721,#4722,#2381,.T.);
#5985=EDGE_CURVE($,#4722,#4723,#2382,.T.);
#5986=EDGE_CURVE($,#4723,#4724,#2383,.T.);
#5987=EDGE_CURVE($,#4724,#4721,#2384,.T.);
#5988=EDGE_CURVE($,#4721,#4720,#2385,.T.);
#5989=EDGE_CURVE($,#4724,#4717,#2386,.T.);
#5990=EDGE_CURVE($,#4723,#4718,#2387,.T.);
#5991=EDGE_CURVE($,#4722,#4719,#2388,.T.);
#5992=EDGE_CURVE($,#4725,#4725,#33,.T.);
#5993=EDGE_CURVE($,#4726,#4726,#34,.T.);
#5994=EDGE_CURVE($,#4727,#4728,#2389,.T.);
#5995=EDGE_CURVE($,#4728,#4729,#2390,.T.);
#5996=EDGE_CURVE($,#4729,#4730,#2391,.T.);
#5997=EDGE_CURVE($,#4730,#4727,#2392,.T.);
#5998=EDGE_CURVE($,#4731,#4732,#2393,.T.);
#5999=EDGE_CURVE($,#4732,#4733,#2394,.T.);
#6000=EDGE_CURVE($,#4733,#4734,#2395,.T.);
#6001=EDGE_CURVE($,#4734,#4731,#2396,.T.);
#6002=EDGE_CURVE($,#4734,#4735,#2397,.T.);
#6003=EDGE_CURVE($,#4736,#4735,#2398,.T.);
#6004=EDGE_CURVE($,#4731,#4736,#2399,.T.);
#6005=EDGE_CURVE($,#4732,#4730,#2400,.T.);
#6006=EDGE_CURVE($,#4733,#4729,#2401,.T.);
#6007=EDGE_CURVE($,#4735,#4737,#2402,.T.);
#6008=EDGE_CURVE($,#4737,#4738,#2403,.T.);
#6009=EDGE_CURVE($,#4738,#4736,#2404,.T.);
#6010=EDGE_CURVE($,#4739,#4740,#2405,.T.);
#6011=EDGE_CURVE($,#4739,#4741,#2406,.T.);
#6012=EDGE_CURVE($,#4742,#4741,#2407,.T.);
#6013=EDGE_CURVE($,#4740,#4742,#2408,.T.);
#6014=EDGE_CURVE($,#4743,#4739,#2409,.T.);
#6015=EDGE_CURVE($,#4743,#4744,#2410,.T.);
#6016=EDGE_CURVE($,#4741,#4744,#2411,.T.);
#6017=EDGE_CURVE($,#4744,#4745,#2412,.T.);
#6018=EDGE_CURVE($,#4745,#4742,#2413,.T.);
#6019=EDGE_CURVE($,#4746,#4743,#2414,.T.);
#6020=EDGE_CURVE($,#4746,#4745,#2415,.T.);
#6021=EDGE_CURVE($,#4740,#4746,#2416,.T.);
#6022=EDGE_CURVE($,#4747,#4748,#2417,.T.);
#6023=EDGE_CURVE($,#4747,#4749,#2418,.T.);
#6024=EDGE_CURVE($,#4750,#4749,#2419,.T.);
#6025=EDGE_CURVE($,#4748,#4750,#2420,.T.);
#6026=EDGE_CURVE($,#4751,#4747,#2421,.T.);
#6027=EDGE_CURVE($,#4751,#4752,#2422,.T.);
#6028=EDGE_CURVE($,#4749,#4752,#2423,.T.);
#6029=EDGE_CURVE($,#4752,#4753,#2424,.T.);
#6030=EDGE_CURVE($,#4753,#4750,#2425,.T.);
#6031=EDGE_CURVE($,#4754,#4751,#2426,.T.);
#6032=EDGE_CURVE($,#4754,#4753,#2427,.T.);
#6033=EDGE_CURVE($,#4748,#4754,#2428,.T.);
#6034=EDGE_CURVE($,#4755,#4756,#2429,.T.);
#6035=EDGE_CURVE($,#4755,#4757,#2430,.T.);
#6036=EDGE_CURVE($,#4758,#4757,#2431,.T.);
#6037=EDGE_CURVE($,#4756,#4758,#2432,.T.);
#6038=EDGE_CURVE($,#4759,#4755,#2433,.T.);
#6039=EDGE_CURVE($,#4759,#4760,#2434,.T.);
#6040=EDGE_CURVE($,#4757,#4760,#2435,.T.);
#6041=EDGE_CURVE($,#4760,#4761,#2436,.T.);
#6042=EDGE_CURVE($,#4761,#4758,#2437,.T.);
#6043=EDGE_CURVE($,#4762,#4759,#2438,.T.);
#6044=EDGE_CURVE($,#4762,#4761,#2439,.T.);
#6045=EDGE_CURVE($,#4756,#4762,#2440,.T.);
#6046=EDGE_CURVE($,#4763,#4764,#2441,.T.);
#6047=EDGE_CURVE($,#4764,#4765,#2442,.T.);
#6048=EDGE_CURVE($,#4765,#4766,#2443,.T.);
#6049=EDGE_CURVE($,#4766,#4763,#2444,.T.);
#6050=EDGE_CURVE($,#4767,#4768,#2445,.T.);
#6051=EDGE_CURVE($,#4769,#4767,#2446,.T.);
#6052=EDGE_CURVE($,#4770,#4769,#2447,.T.);
#6053=EDGE_CURVE($,#4768,#4770,#2448,.T.);
#6054=EDGE_CURVE($,#4764,#4737,#2449,.T.);
#6055=EDGE_CURVE($,#4765,#4728,#2450,.T.);
#6056=EDGE_CURVE($,#4766,#4727,#2451,.T.);
#6057=EDGE_CURVE($,#4763,#4738,#2452,.F.);
#6058=EDGE_CURVE($,#4769,#4771,#2453,.T.);
#6059=EDGE_CURVE($,#4772,#4771,#2454,.T.);
#6060=EDGE_CURVE($,#4770,#4772,#2455,.T.);
#6061=EDGE_CURVE($,#4767,#4773,#2456,.T.);
#6062=EDGE_CURVE($,#4771,#4773,#2457,.T.);
#6063=EDGE_CURVE($,#4773,#4774,#2458,.T.);
#6064=EDGE_CURVE($,#4774,#4772,#2459,.T.);
#6065=EDGE_CURVE($,#4768,#4774,#2460,.T.);
#6066=EDGE_CURVE($,#4775,#4776,#2461,.T.);
#6067=EDGE_CURVE($,#4776,#4777,#2462,.T.);
#6068=EDGE_CURVE($,#4777,#4778,#2463,.T.);
#6069=EDGE_CURVE($,#4778,#4775,#2464,.T.);
#6070=EDGE_CURVE($,#4779,#4780,#2465,.T.);
#6071=EDGE_CURVE($,#4780,#4781,#2466,.T.);
#6072=EDGE_CURVE($,#4781,#4782,#2467,.T.);
#6073=EDGE_CURVE($,#4782,#4779,#2468,.T.);
#6074=EDGE_CURVE($,#4783,#4784,#2469,.T.);
#6075=EDGE_CURVE($,#4784,#4785,#2470,.T.);
#6076=EDGE_CURVE($,#4785,#4786,#2471,.T.);
#6077=EDGE_CURVE($,#4786,#4783,#2472,.T.);
#6078=EDGE_CURVE($,#4787,#4788,#2473,.T.);
#6079=EDGE_CURVE($,#4788,#4789,#2474,.T.);
#6080=EDGE_CURVE($,#4789,#4790,#2475,.T.);
#6081=EDGE_CURVE($,#4790,#4787,#2476,.T.);
#6082=EDGE_CURVE($,#4791,#4792,#2477,.T.);
#6083=EDGE_CURVE($,#4793,#4791,#2478,.T.);
#6084=EDGE_CURVE($,#4794,#4793,#2479,.T.);
#6085=EDGE_CURVE($,#4792,#4794,#2480,.T.);
#6086=EDGE_CURVE($,#4791,#4795,#2481,.T.);
#6087=EDGE_CURVE($,#4796,#4795,#2482,.T.);
#6088=EDGE_CURVE($,#4793,#4796,#2483,.T.);
#6089=EDGE_CURVE($,#4797,#4796,#2484,.T.);
#6090=EDGE_CURVE($,#4794,#4797,#2485,.T.);
#6091=EDGE_CURVE($,#4798,#4797,#2486,.T.);
#6092=EDGE_CURVE($,#4792,#4798,#2487,.T.);
#6093=EDGE_CURVE($,#4795,#4798,#2488,.T.);
#6094=EDGE_CURVE($,#4776,#4799,#2489,.T.);
#6095=EDGE_CURVE($,#4800,#4775,#2490,.T.);
#6096=EDGE_CURVE($,#4801,#4800,#2491,.T.);
#6097=EDGE_CURVE($,#4801,#4802,#2492,.T.);
#6098=EDGE_CURVE($,#4802,#4803,#2493,.T.);
#6099=EDGE_CURVE($,#4804,#4803,#2494,.T.);
#6100=EDGE_CURVE($,#4799,#4804,#2495,.T.);
#6101=EDGE_CURVE($,#4805,#4779,#2496,.T.);
#6102=EDGE_CURVE($,#4806,#4805,#2497,.T.);
#6103=EDGE_CURVE($,#4806,#4807,#2498,.T.);
#6104=EDGE_CURVE($,#4808,#4807,#2499,.T.);
#6105=EDGE_CURVE($,#4808,#4809,#2500,.T.);
#6106=EDGE_CURVE($,#4809,#4810,#2501,.T.);
#6107=EDGE_CURVE($,#4810,#4780,#2502,.T.);
#6108=EDGE_CURVE($,#4811,#4799,#2503,.T.);
#6109=EDGE_CURVE($,#4811,#4777,#2504,.T.);
#6110=EDGE_CURVE($,#4812,#4803,#2505,.T.);
#6111=EDGE_CURVE($,#4813,#4812,#2506,.T.);
#6112=EDGE_CURVE($,#4804,#4813,#2507,.T.);
#6113=EDGE_CURVE($,#4800,#4814,#2508,.T.);
#6114=EDGE_CURVE($,#4814,#4778,#2509,.T.);
#6115=EDGE_CURVE($,#4813,#4811,#2510,.T.);
#6116=EDGE_CURVE($,#4815,#4812,#2511,.T.);
#6117=EDGE_CURVE($,#4816,#4815,#2512,.T.);
#6118=EDGE_CURVE($,#4817,#4816,#2513,.T.);
#6119=EDGE_CURVE($,#4784,#4817,#2514,.T.);
#6120=EDGE_CURVE($,#4818,#4783,#2515,.T.);
#6121=EDGE_CURVE($,#4818,#4814,#2516,.T.);
#6122=EDGE_CURVE($,#4807,#4819,#2517,.T.);
#6123=EDGE_CURVE($,#4820,#4806,#2518,.T.);
#6124=EDGE_CURVE($,#4820,#4819,#2519,.T.);
#6125=EDGE_CURVE($,#4782,#4821,#2520,.T.);
#6126=EDGE_CURVE($,#4805,#4821,#2521,.T.);
#6127=EDGE_CURVE($,#4821,#4820,#2522,.T.);
#6128=EDGE_CURVE($,#4822,#4810,#2523,.T.);
#6129=EDGE_CURVE($,#4822,#4781,#2524,.T.);
#6130=EDGE_CURVE($,#4823,#4824,#2525,.T.);
#6131=EDGE_CURVE($,#4825,#4823,#2526,.T.);
#6132=EDGE_CURVE($,#4826,#4825,#2527,.T.);
#6133=EDGE_CURVE($,#4826,#4824,#2528,.T.);
#6134=EDGE_CURVE($,#4802,#4808,#2529,.T.);
#6135=EDGE_CURVE($,#4801,#4809,#2530,.T.);
#6136=EDGE_CURVE($,#4827,#4785,#2531,.T.);
#6137=EDGE_CURVE($,#4827,#4817,#2532,.T.);
#6138=EDGE_CURVE($,#4818,#4828,#2533,.T.);
#6139=EDGE_CURVE($,#4828,#4786,#2534,.T.);
#6140=EDGE_CURVE($,#4829,#4815,#2535,.T.);
#6141=EDGE_CURVE($,#4830,#4829,#2536,.T.);
#6142=EDGE_CURVE($,#4816,#4830,#2537,.T.);
#6143=EDGE_CURVE($,#4830,#4827,#2538,.T.);
#6144=EDGE_CURVE($,#4829,#4826,#2539,.T.);
#6145=EDGE_CURVE($,#4828,#4825,#2540,.T.);
#6146=EDGE_CURVE($,#4831,#4822,#2541,.T.);
#6147=EDGE_CURVE($,#4831,#4790,#2542,.T.);
#6148=EDGE_CURVE($,#4832,#4789,#2543,.T.);
#6149=EDGE_CURVE($,#4833,#4832,#2544,.T.);
#6150=EDGE_CURVE($,#4833,#4834,#2545,.T.);
#6151=EDGE_CURVE($,#4834,#4819,#2546,.T.);
#6152=EDGE_CURVE($,#4788,#4835,#2547,.T.);
#6153=EDGE_CURVE($,#4836,#4787,#2548,.T.);
#6154=EDGE_CURVE($,#4836,#4823,#2549,.T.);
#6155=EDGE_CURVE($,#4837,#4824,#2550,.T.);
#6156=EDGE_CURVE($,#4838,#4837,#2551,.T.);
#6157=EDGE_CURVE($,#4835,#4838,#2552,.T.);
#6158=EDGE_CURVE($,#4837,#4834,#2553,.T.);
#6159=EDGE_CURVE($,#4838,#4833,#2554,.T.);
#6160=EDGE_CURVE($,#4832,#4835,#2555,.T.);
#6161=EDGE_CURVE($,#4831,#4836,#2556,.T.);
#6162=EDGE_CURVE($,#4839,#4840,#2557,.T.);
#6163=EDGE_CURVE($,#4841,#4839,#2558,.T.);
#6164=EDGE_CURVE($,#4842,#4841,#2559,.T.);
#6165=EDGE_CURVE($,#4842,#4840,#2560,.T.);
#6166=EDGE_CURVE($,#4843,#4844,#2561,.T.);
#6167=EDGE_CURVE($,#4845,#4843,#2562,.T.);
#6168=EDGE_CURVE($,#4846,#4845,#2563,.T.);
#6169=EDGE_CURVE($,#4846,#4844,#2564,.T.);
#6170=EDGE_CURVE($,#4840,#4847,#2565,.T.);
#6171=EDGE_CURVE($,#4845,#4842,#2566,.T.);
#6172=EDGE_CURVE($,#4848,#4843,#2567,.T.);
#6173=EDGE_CURVE($,#4849,#4848,#2568,.T.);
#6174=EDGE_CURVE($,#4849,#4850,#2569,.T.);
#6175=EDGE_CURVE($,#4850,#4847,#2570,.T.);
#6176=EDGE_CURVE($,#4851,#4852,#2571,.T.);
#6177=EDGE_CURVE($,#4850,#4852,#2572,.T.);
#6178=EDGE_CURVE($,#4851,#4849,#2573,.T.);
#6179=EDGE_CURVE($,#4847,#4853,#2574,.T.);
#6180=EDGE_CURVE($,#4852,#4853,#2575,.T.);
#6181=EDGE_CURVE($,#4841,#4846,#2576,.T.);
#6182=EDGE_CURVE($,#4853,#4839,#2577,.T.);
#6183=EDGE_CURVE($,#4851,#4854,#2578,.T.);
#6184=EDGE_CURVE($,#4844,#4854,#2579,.T.);
#6185=EDGE_CURVE($,#4854,#4848,#2580,.T.);
#6186=EDGE_CURVE($,#4855,#4856,#2581,.T.);
#6187=EDGE_CURVE($,#4856,#4857,#2582,.T.);
#6188=EDGE_CURVE($,#4857,#4858,#2583,.T.);
#6189=EDGE_CURVE($,#4858,#4855,#2584,.T.);
#6190=EDGE_CURVE($,#4859,#4860,#2585,.T.);
#6191=EDGE_CURVE($,#4860,#4861,#2586,.F.);
#6192=EDGE_CURVE($,#4861,#4862,#2587,.T.);
#6193=EDGE_CURVE($,#4862,#4859,#2588,.F.);
#6194=EDGE_CURVE($,#4858,#4861,#2589,.T.);
#6195=EDGE_CURVE($,#4855,#4860,#2590,.F.);
#6196=EDGE_CURVE($,#4857,#4862,#2591,.F.);
#6197=EDGE_CURVE($,#4856,#4859,#2592,.T.);
#6198=EDGE_CURVE($,#4863,#4864,#2593,.T.);
#6199=EDGE_CURVE($,#4863,#4865,#2594,.T.);
#6200=EDGE_CURVE($,#4866,#4865,#2595,.T.);
#6201=EDGE_CURVE($,#4864,#4866,#2596,.T.);
#6202=EDGE_CURVE($,#4867,#4863,#2597,.T.);
#6203=EDGE_CURVE($,#4867,#4868,#2598,.T.);
#6204=EDGE_CURVE($,#4865,#4868,#2599,.T.);
#6205=EDGE_CURVE($,#4868,#4869,#2600,.T.);
#6206=EDGE_CURVE($,#4869,#4866,#2601,.T.);
#6207=EDGE_CURVE($,#4870,#4867,#2602,.T.);
#6208=EDGE_CURVE($,#4870,#4869,#2603,.T.);
#6209=EDGE_CURVE($,#4864,#4870,#2604,.T.);
#6210=EDGE_CURVE($,#4871,#4872,#2605,.T.);
#6211=EDGE_CURVE($,#4871,#4873,#2606,.T.);
#6212=EDGE_CURVE($,#4874,#4873,#2607,.T.);
#6213=EDGE_CURVE($,#4872,#4874,#2608,.T.);
#6214=EDGE_CURVE($,#4875,#4871,#2609,.T.);
#6215=EDGE_CURVE($,#4875,#4876,#2610,.T.);
#6216=EDGE_CURVE($,#4873,#4876,#2611,.T.);
#6217=EDGE_CURVE($,#4876,#4877,#2612,.T.);
#6218=EDGE_CURVE($,#4877,#4874,#2613,.T.);
#6219=EDGE_CURVE($,#4878,#4875,#2614,.T.);
#6220=EDGE_CURVE($,#4878,#4877,#2615,.T.);
#6221=EDGE_CURVE($,#4872,#4878,#2616,.T.);
#6222=EDGE_CURVE($,#4879,#4880,#2617,.T.);
#6223=EDGE_CURVE($,#4879,#4881,#2618,.T.);
#6224=EDGE_CURVE($,#4882,#4881,#2619,.T.);
#6225=EDGE_CURVE($,#4880,#4882,#2620,.T.);
#6226=EDGE_CURVE($,#4883,#4879,#2621,.T.);
#6227=EDGE_CURVE($,#4883,#4884,#2622,.T.);
#6228=EDGE_CURVE($,#4881,#4884,#2623,.T.);
#6229=EDGE_CURVE($,#4884,#4885,#2624,.T.);
#6230=EDGE_CURVE($,#4885,#4882,#2625,.T.);
#6231=EDGE_CURVE($,#4886,#4883,#2626,.T.);
#6232=EDGE_CURVE($,#4886,#4885,#2627,.T.);
#6233=EDGE_CURVE($,#4880,#4886,#2628,.T.);
#6234=EDGE_CURVE($,#4887,#4888,#2629,.T.);
#6235=EDGE_CURVE($,#4888,#4889,#2630,.T.);
#6236=EDGE_CURVE($,#4889,#4890,#2631,.T.);
#6237=EDGE_CURVE($,#4890,#4887,#2632,.T.);
#6238=EDGE_CURVE($,#4891,#4892,#2633,.T.);
#6239=EDGE_CURVE($,#4893,#4891,#2634,.T.);
#6240=EDGE_CURVE($,#4894,#4893,#2635,.T.);
#6241=EDGE_CURVE($,#4892,#4894,#2636,.T.);
#6242=EDGE_CURVE($,#4888,#4895,#2637,.T.);
#6243=EDGE_CURVE($,#4896,#4895,#2638,.T.);
#6244=EDGE_CURVE($,#4889,#4896,#2639,.T.);
#6245=EDGE_CURVE($,#4897,#4896,#2640,.T.);
#6246=EDGE_CURVE($,#4890,#4897,#2641,.T.);
#6247=EDGE_CURVE($,#4898,#4897,#2642,.T.);
#6248=EDGE_CURVE($,#4887,#4898,#2643,.F.);
#6249=EDGE_CURVE($,#4895,#4898,#2644,.T.);
#6250=EDGE_CURVE($,#4893,#4899,#2645,.T.);
#6251=EDGE_CURVE($,#4900,#4899,#2646,.T.);
#6252=EDGE_CURVE($,#4894,#4900,#2647,.T.);
#6253=EDGE_CURVE($,#4891,#4901,#2648,.T.);
#6254=EDGE_CURVE($,#4899,#4901,#2649,.T.);
#6255=EDGE_CURVE($,#4901,#4902,#2650,.T.);
#6256=EDGE_CURVE($,#4902,#4900,#2651,.T.);
#6257=EDGE_CURVE($,#4892,#4902,#2652,.T.);
#6258=EDGE_CURVE($,#4903,#4904,#2653,.T.);
#6259=EDGE_CURVE($,#4904,#4905,#2654,.T.);
#6260=EDGE_CURVE($,#4905,#4906,#2655,.T.);
#6261=EDGE_CURVE($,#4906,#4903,#2656,.T.);
#6262=EDGE_CURVE($,#4907,#4908,#2657,.T.);
#6263=EDGE_CURVE($,#4908,#4909,#2658,.T.);
#6264=EDGE_CURVE($,#4909,#4910,#2659,.T.);
#6265=EDGE_CURVE($,#4910,#4907,#2660,.T.);
#6266=EDGE_CURVE($,#4906,#4909,#2661,.T.);
#6267=EDGE_CURVE($,#4903,#4908,#2662,.T.);
#6268=EDGE_CURVE($,#4905,#4910,#2663,.T.);
#6269=EDGE_CURVE($,#4904,#4907,#2664,.T.);
#6270=EDGE_CURVE($,#4911,#4911,#35,.T.);
#6271=ORIENTED_EDGE($,*,*,#4912,.F.);
#6272=ORIENTED_EDGE($,*,*,#4913,.T.);
#6273=ORIENTED_EDGE($,*,*,#4914,.F.);
#6274=ORIENTED_EDGE($,*,*,#4915,.T.);
#6275=ORIENTED_EDGE($,*,*,#4916,.F.);
#6276=ORIENTED_EDGE($,*,*,#4917,.T.);
#6277=ORIENTED_EDGE($,*,*,#4918,.F.);
#6278=ORIENTED_EDGE($,*,*,#4919,.T.);
#6279=ORIENTED_EDGE($,*,*,#4920,.F.);
#6280=ORIENTED_EDGE($,*,*,#4921,.T.);
#6281=ORIENTED_EDGE($,*,*,#4922,.F.);
#6282=ORIENTED_EDGE($,*,*,#4923,.T.);
#6283=ORIENTED_EDGE($,*,*,#4924,.F.);
#6284=ORIENTED_EDGE($,*,*,#4925,.T.);
#6285=ORIENTED_EDGE($,*,*,#4926,.F.);
#6286=ORIENTED_EDGE($,*,*,#4927,.T.);
#6287=ORIENTED_EDGE($,*,*,#4928,.F.);
#6288=ORIENTED_EDGE($,*,*,#4929,.F.);
#6289=ORIENTED_EDGE($,*,*,#4930,.F.);
#6290=ORIENTED_EDGE($,*,*,#4927,.F.);
#6291=ORIENTED_EDGE($,*,*,#4931,.F.);
#6292=ORIENTED_EDGE($,*,*,#4921,.F.);
#6293=ORIENTED_EDGE($,*,*,#4932,.F.);
#6294=ORIENTED_EDGE($,*,*,#4933,.F.);
#6295=ORIENTED_EDGE($,*,*,#4934,.F.);
#6296=ORIENTED_EDGE($,*,*,#4919,.F.);
#6297=ORIENTED_EDGE($,*,*,#4935,.F.);
#6298=ORIENTED_EDGE($,*,*,#4913,.F.);
#6299=ORIENTED_EDGE($,*,*,#4920,.T.);
#6300=ORIENTED_EDGE($,*,*,#4936,.T.);
#6301=ORIENTED_EDGE($,*,*,#4937,.F.);
#6302=ORIENTED_EDGE($,*,*,#4932,.T.);
#6303=ORIENTED_EDGE($,*,*,#4916,.T.);
#6304=ORIENTED_EDGE($,*,*,#4934,.T.);
#6305=ORIENTED_EDGE($,*,*,#4938,.F.);
#6306=ORIENTED_EDGE($,*,*,#4939,.T.);
#6307=ORIENTED_EDGE($,*,*,#4912,.T.);
#6308=ORIENTED_EDGE($,*,*,#4940,.T.);
#6309=ORIENTED_EDGE($,*,*,#4941,.F.);
#6310=ORIENTED_EDGE($,*,*,#4928,.T.);
#6311=ORIENTED_EDGE($,*,*,#4942,.F.);
#6312=ORIENTED_EDGE($,*,*,#4943,.F.);
#6313=ORIENTED_EDGE($,*,*,#4940,.F.);
#6314=ORIENTED_EDGE($,*,*,#4915,.F.);
#6315=ORIENTED_EDGE($,*,*,#4944,.F.);
#6316=ORIENTED_EDGE($,*,*,#4917,.F.);
#6317=ORIENTED_EDGE($,*,*,#4939,.F.);
#6318=ORIENTED_EDGE($,*,*,#4945,.F.);
#6319=ORIENTED_EDGE($,*,*,#4936,.F.);
#6320=ORIENTED_EDGE($,*,*,#4923,.F.);
#6321=ORIENTED_EDGE($,*,*,#4946,.F.);
#6322=ORIENTED_EDGE($,*,*,#4925,.F.);
#6323=ORIENTED_EDGE($,*,*,#4924,.T.);
#6324=ORIENTED_EDGE($,*,*,#4930,.T.);
#6325=ORIENTED_EDGE($,*,*,#4947,.F.);
#6326=ORIENTED_EDGE($,*,*,#4942,.T.);
#6327=ORIENTED_EDGE($,*,*,#4922,.T.);
#6328=ORIENTED_EDGE($,*,*,#4931,.T.);
#6329=ORIENTED_EDGE($,*,*,#4926,.T.);
#6330=ORIENTED_EDGE($,*,*,#4946,.T.);
#6331=ORIENTED_EDGE($,*,*,#4948,.F.);
#6332=ORIENTED_EDGE($,*,*,#4949,.T.);
#6333=ORIENTED_EDGE($,*,*,#4950,.F.);
#6334=ORIENTED_EDGE($,*,*,#4951,.F.);
#6335=ORIENTED_EDGE($,*,*,#4947,.T.);
#6336=ORIENTED_EDGE($,*,*,#4929,.T.);
#6337=ORIENTED_EDGE($,*,*,#4941,.T.);
#6338=ORIENTED_EDGE($,*,*,#4943,.T.);
#6339=ORIENTED_EDGE($,*,*,#4952,.F.);
#6340=ORIENTED_EDGE($,*,*,#4951,.T.);
#6341=ORIENTED_EDGE($,*,*,#4953,.F.);
#6342=ORIENTED_EDGE($,*,*,#4954,.F.);
#6343=ORIENTED_EDGE($,*,*,#4918,.T.);
#6344=ORIENTED_EDGE($,*,*,#4944,.T.);
#6345=ORIENTED_EDGE($,*,*,#4914,.T.);
#6346=ORIENTED_EDGE($,*,*,#4935,.T.);
#6347=ORIENTED_EDGE($,*,*,#4955,.F.);
#6348=ORIENTED_EDGE($,*,*,#4954,.T.);
#6349=ORIENTED_EDGE($,*,*,#4956,.F.);
#6350=ORIENTED_EDGE($,*,*,#4957,.F.);
#6351=ORIENTED_EDGE($,*,*,#4937,.T.);
#6352=ORIENTED_EDGE($,*,*,#4945,.T.);
#6353=ORIENTED_EDGE($,*,*,#4938,.T.);
#6354=ORIENTED_EDGE($,*,*,#4933,.T.);
#6355=ORIENTED_EDGE($,*,*,#4958,.F.);
#6356=ORIENTED_EDGE($,*,*,#4957,.T.);
#6357=ORIENTED_EDGE($,*,*,#4959,.F.);
#6358=ORIENTED_EDGE($,*,*,#4949,.F.);
#6359=ORIENTED_EDGE($,*,*,#4959,.T.);
#6360=ORIENTED_EDGE($,*,*,#4956,.T.);
#6361=ORIENTED_EDGE($,*,*,#4953,.T.);
#6362=ORIENTED_EDGE($,*,*,#4950,.T.);
#6363=ORIENTED_EDGE($,*,*,#4958,.T.);
#6364=ORIENTED_EDGE($,*,*,#4948,.T.);
#6365=ORIENTED_EDGE($,*,*,#4952,.T.);
#6366=ORIENTED_EDGE($,*,*,#4955,.T.);
#6367=ORIENTED_EDGE($,*,*,#4960,.F.);
#6368=ORIENTED_EDGE($,*,*,#4961,.F.);
#6369=ORIENTED_EDGE($,*,*,#4962,.F.);
#6370=ORIENTED_EDGE($,*,*,#4963,.F.);
#6371=ORIENTED_EDGE($,*,*,#4964,.F.);
#6372=ORIENTED_EDGE($,*,*,#4965,.F.);
#6373=ORIENTED_EDGE($,*,*,#4963,.T.);
#6374=ORIENTED_EDGE($,*,*,#4960,.T.);
#6375=ORIENTED_EDGE($,*,*,#4965,.T.);
#6376=ORIENTED_EDGE($,*,*,#4962,.T.);
#6377=ORIENTED_EDGE($,*,*,#4966,.T.);
#6378=ORIENTED_EDGE($,*,*,#4967,.T.);
#6379=ORIENTED_EDGE($,*,*,#4968,.T.);
#6380=ORIENTED_EDGE($,*,*,#4969,.T.);
#6381=ORIENTED_EDGE($,*,*,#4970,.T.);
#6382=ORIENTED_EDGE($,*,*,#4971,.T.);
#6383=ORIENTED_EDGE($,*,*,#4972,.T.);
#6384=ORIENTED_EDGE($,*,*,#4973,.T.);
#6385=ORIENTED_EDGE($,*,*,#4974,.T.);
#6386=ORIENTED_EDGE($,*,*,#4961,.T.);
#6387=ORIENTED_EDGE($,*,*,#4970,.F.);
#6388=ORIENTED_EDGE($,*,*,#4975,.F.);
#6389=ORIENTED_EDGE($,*,*,#4974,.F.);
#6390=ORIENTED_EDGE($,*,*,#4976,.T.);
#6391=ORIENTED_EDGE($,*,*,#4966,.F.);
#6392=ORIENTED_EDGE($,*,*,#4977,.T.);
#6393=ORIENTED_EDGE($,*,*,#4967,.F.);
#6394=ORIENTED_EDGE($,*,*,#4976,.F.);
#6395=ORIENTED_EDGE($,*,*,#4973,.F.);
#6396=ORIENTED_EDGE($,*,*,#4978,.T.);
#6397=ORIENTED_EDGE($,*,*,#4968,.F.);
#6398=ORIENTED_EDGE($,*,*,#4977,.F.);
#6399=ORIENTED_EDGE($,*,*,#4972,.F.);
#6400=ORIENTED_EDGE($,*,*,#4975,.T.);
#6401=ORIENTED_EDGE($,*,*,#4969,.F.);
#6402=ORIENTED_EDGE($,*,*,#4978,.F.);
#6403=ORIENTED_EDGE($,*,*,#4971,.F.);
#6404=ORIENTED_EDGE($,*,*,#4979,.F.);
#6405=ORIENTED_EDGE($,*,*,#4980,.F.);
#6406=ORIENTED_EDGE($,*,*,#4979,.T.);
#6407=ORIENTED_EDGE($,*,*,#4964,.T.);
#6408=ORIENTED_EDGE($,*,*,#4980,.T.);
#6409=ORIENTED_EDGE($,*,*,#4981,.T.);
#6410=ORIENTED_EDGE($,*,*,#4982,.T.);
#6411=ORIENTED_EDGE($,*,*,#4983,.T.);
#6412=ORIENTED_EDGE($,*,*,#4984,.T.);
#6413=ORIENTED_EDGE($,*,*,#4985,.T.);
#6414=ORIENTED_EDGE($,*,*,#4986,.T.);
#6415=ORIENTED_EDGE($,*,*,#4987,.T.);
#6416=ORIENTED_EDGE($,*,*,#4988,.T.);
#6417=ORIENTED_EDGE($,*,*,#4989,.T.);
#6418=ORIENTED_EDGE($,*,*,#4986,.F.);
#6419=ORIENTED_EDGE($,*,*,#4990,.F.);
#6420=ORIENTED_EDGE($,*,*,#4984,.F.);
#6421=ORIENTED_EDGE($,*,*,#4991,.T.);
#6422=ORIENTED_EDGE($,*,*,#4987,.F.);
#6423=ORIENTED_EDGE($,*,*,#4989,.F.);
#6424=ORIENTED_EDGE($,*,*,#4983,.F.);
#6425=ORIENTED_EDGE($,*,*,#4992,.T.);
#6426=ORIENTED_EDGE($,*,*,#4988,.F.);
#6427=ORIENTED_EDGE($,*,*,#4991,.F.);
#6428=ORIENTED_EDGE($,*,*,#4982,.F.);
#6429=ORIENTED_EDGE($,*,*,#4990,.T.);
#6430=ORIENTED_EDGE($,*,*,#4985,.F.);
#6431=ORIENTED_EDGE($,*,*,#4992,.F.);
#6432=ORIENTED_EDGE($,*,*,#4981,.F.);
#6433=ORIENTED_EDGE($,*,*,#4993,.F.);
#6434=ORIENTED_EDGE($,*,*,#4994,.F.);
#6435=ORIENTED_EDGE($,*,*,#4995,.T.);
#6436=ORIENTED_EDGE($,*,*,#4996,.F.);
#6437=ORIENTED_EDGE($,*,*,#4994,.T.);
#6438=ORIENTED_EDGE($,*,*,#4997,.F.);
#6439=ORIENTED_EDGE($,*,*,#4998,.T.);
#6440=ORIENTED_EDGE($,*,*,#4999,.T.);
#6441=ORIENTED_EDGE($,*,*,#4998,.F.);
#6442=ORIENTED_EDGE($,*,*,#5000,.T.);
#6443=ORIENTED_EDGE($,*,*,#5001,.F.);
#6444=ORIENTED_EDGE($,*,*,#5002,.F.);
#6445=ORIENTED_EDGE($,*,*,#4999,.F.);
#6446=ORIENTED_EDGE($,*,*,#5002,.T.);
#6447=ORIENTED_EDGE($,*,*,#5003,.F.);
#6448=ORIENTED_EDGE($,*,*,#4995,.F.);
#6449=ORIENTED_EDGE($,*,*,#4993,.T.);
#6450=ORIENTED_EDGE($,*,*,#5004,.F.);
#6451=ORIENTED_EDGE($,*,*,#5000,.F.);
#6452=ORIENTED_EDGE($,*,*,#4997,.T.);
#6453=ORIENTED_EDGE($,*,*,#4996,.T.);
#6454=ORIENTED_EDGE($,*,*,#5003,.T.);
#6455=ORIENTED_EDGE($,*,*,#5001,.T.);
#6456=ORIENTED_EDGE($,*,*,#5004,.T.);
#6457=ORIENTED_EDGE($,*,*,#5005,.F.);
#6458=ORIENTED_EDGE($,*,*,#5005,.T.);
#6459=ORIENTED_EDGE($,*,*,#5006,.T.);
#6460=ORIENTED_EDGE($,*,*,#5007,.T.);
#6461=ORIENTED_EDGE($,*,*,#5008,.T.);
#6462=ORIENTED_EDGE($,*,*,#5009,.T.);
#6463=ORIENTED_EDGE($,*,*,#5010,.T.);
#6464=ORIENTED_EDGE($,*,*,#5011,.T.);
#6465=ORIENTED_EDGE($,*,*,#5012,.T.);
#6466=ORIENTED_EDGE($,*,*,#5013,.T.);
#6467=ORIENTED_EDGE($,*,*,#5014,.T.);
#6468=ORIENTED_EDGE($,*,*,#5015,.F.);
#6469=ORIENTED_EDGE($,*,*,#5016,.F.);
#6470=ORIENTED_EDGE($,*,*,#5013,.F.);
#6471=ORIENTED_EDGE($,*,*,#5017,.T.);
#6472=ORIENTED_EDGE($,*,*,#5008,.F.);
#6473=ORIENTED_EDGE($,*,*,#5018,.F.);
#6474=ORIENTED_EDGE($,*,*,#5011,.F.);
#6475=ORIENTED_EDGE($,*,*,#5015,.T.);
#6476=ORIENTED_EDGE($,*,*,#5019,.T.);
#6477=ORIENTED_EDGE($,*,*,#5020,.T.);
#6478=ORIENTED_EDGE($,*,*,#5021,.T.);
#6479=ORIENTED_EDGE($,*,*,#5022,.F.);
#6480=ORIENTED_EDGE($,*,*,#5023,.T.);
#6481=ORIENTED_EDGE($,*,*,#5024,.F.);
#6482=ORIENTED_EDGE($,*,*,#5025,.F.);
#6483=ORIENTED_EDGE($,*,*,#5026,.F.);
#6484=ORIENTED_EDGE($,*,*,#5027,.T.);
#6485=ORIENTED_EDGE($,*,*,#5028,.F.);
#6486=ORIENTED_EDGE($,*,*,#5023,.F.);
#6487=ORIENTED_EDGE($,*,*,#5024,.T.);
#6488=ORIENTED_EDGE($,*,*,#5028,.T.);
#6489=ORIENTED_EDGE($,*,*,#5029,.T.);
#6490=ORIENTED_EDGE($,*,*,#5030,.T.);
#6491=ORIENTED_EDGE($,*,*,#5031,.F.);
#6492=ORIENTED_EDGE($,*,*,#5032,.T.);
#6493=ORIENTED_EDGE($,*,*,#5029,.F.);
#6494=ORIENTED_EDGE($,*,*,#5027,.F.);
#6495=ORIENTED_EDGE($,*,*,#5033,.F.);
#6496=ORIENTED_EDGE($,*,*,#5025,.T.);
#6497=ORIENTED_EDGE($,*,*,#5030,.F.);
#6498=ORIENTED_EDGE($,*,*,#5032,.F.);
#6499=ORIENTED_EDGE($,*,*,#5034,.F.);
#6500=ORIENTED_EDGE($,*,*,#5035,.T.);
#6501=ORIENTED_EDGE($,*,*,#5036,.F.);
#6502=ORIENTED_EDGE($,*,*,#5037,.F.);
#6503=ORIENTED_EDGE($,*,*,#5038,.F.);
#6504=ORIENTED_EDGE($,*,*,#5039,.T.);
#6505=ORIENTED_EDGE($,*,*,#5040,.F.);
#6506=ORIENTED_EDGE($,*,*,#5035,.F.);
#6507=ORIENTED_EDGE($,*,*,#5036,.T.);
#6508=ORIENTED_EDGE($,*,*,#5040,.T.);
#6509=ORIENTED_EDGE($,*,*,#5041,.T.);
#6510=ORIENTED_EDGE($,*,*,#5042,.T.);
#6511=ORIENTED_EDGE($,*,*,#5043,.F.);
#6512=ORIENTED_EDGE($,*,*,#5044,.T.);
#6513=ORIENTED_EDGE($,*,*,#5041,.F.);
#6514=ORIENTED_EDGE($,*,*,#5039,.F.);
#6515=ORIENTED_EDGE($,*,*,#5045,.F.);
#6516=ORIENTED_EDGE($,*,*,#5037,.T.);
#6517=ORIENTED_EDGE($,*,*,#5042,.F.);
#6518=ORIENTED_EDGE($,*,*,#5044,.F.);
#6519=ORIENTED_EDGE($,*,*,#5046,.F.);
#6520=ORIENTED_EDGE($,*,*,#5047,.T.);
#6521=ORIENTED_EDGE($,*,*,#5048,.F.);
#6522=ORIENTED_EDGE($,*,*,#5049,.F.);
#6523=ORIENTED_EDGE($,*,*,#5050,.F.);
#6524=ORIENTED_EDGE($,*,*,#5051,.T.);
#6525=ORIENTED_EDGE($,*,*,#5052,.F.);
#6526=ORIENTED_EDGE($,*,*,#5047,.F.);
#6527=ORIENTED_EDGE($,*,*,#5048,.T.);
#6528=ORIENTED_EDGE($,*,*,#5052,.T.);
#6529=ORIENTED_EDGE($,*,*,#5053,.T.);
#6530=ORIENTED_EDGE($,*,*,#5054,.T.);
#6531=ORIENTED_EDGE($,*,*,#5055,.F.);
#6532=ORIENTED_EDGE($,*,*,#5056,.T.);
#6533=ORIENTED_EDGE($,*,*,#5053,.F.);
#6534=ORIENTED_EDGE($,*,*,#5051,.F.);
#6535=ORIENTED_EDGE($,*,*,#5057,.F.);
#6536=ORIENTED_EDGE($,*,*,#5049,.T.);
#6537=ORIENTED_EDGE($,*,*,#5054,.F.);
#6538=ORIENTED_EDGE($,*,*,#5056,.F.);
#6539=ORIENTED_EDGE($,*,*,#5026,.T.);
#6540=ORIENTED_EDGE($,*,*,#5022,.T.);
#6541=ORIENTED_EDGE($,*,*,#5033,.T.);
#6542=ORIENTED_EDGE($,*,*,#5031,.T.);
#6543=ORIENTED_EDGE($,*,*,#5038,.T.);
#6544=ORIENTED_EDGE($,*,*,#5034,.T.);
#6545=ORIENTED_EDGE($,*,*,#5045,.T.);
#6546=ORIENTED_EDGE($,*,*,#5043,.T.);
#6547=ORIENTED_EDGE($,*,*,#5050,.T.);
#6548=ORIENTED_EDGE($,*,*,#5046,.T.);
#6549=ORIENTED_EDGE($,*,*,#5057,.T.);
#6550=ORIENTED_EDGE($,*,*,#5055,.T.);
#6551=ORIENTED_EDGE($,*,*,#5058,.T.);
#6552=ORIENTED_EDGE($,*,*,#5059,.T.);
#6553=ORIENTED_EDGE($,*,*,#5060,.T.);
#6554=ORIENTED_EDGE($,*,*,#5061,.T.);
#6555=ORIENTED_EDGE($,*,*,#5062,.F.);
#6556=ORIENTED_EDGE($,*,*,#5063,.F.);
#6557=ORIENTED_EDGE($,*,*,#5064,.F.);
#6558=ORIENTED_EDGE($,*,*,#5065,.F.);
#6559=ORIENTED_EDGE($,*,*,#5059,.F.);
#6560=ORIENTED_EDGE($,*,*,#5066,.T.);
#6561=ORIENTED_EDGE($,*,*,#5019,.F.);
#6562=ORIENTED_EDGE($,*,*,#5014,.F.);
#6563=ORIENTED_EDGE($,*,*,#5012,.F.);
#6564=ORIENTED_EDGE($,*,*,#5018,.T.);
#6565=ORIENTED_EDGE($,*,*,#5007,.F.);
#6566=ORIENTED_EDGE($,*,*,#5067,.F.);
#6567=ORIENTED_EDGE($,*,*,#5060,.F.);
#6568=ORIENTED_EDGE($,*,*,#5067,.T.);
#6569=ORIENTED_EDGE($,*,*,#5006,.F.);
#6570=ORIENTED_EDGE($,*,*,#5068,.F.);
#6571=ORIENTED_EDGE($,*,*,#5061,.F.);
#6572=ORIENTED_EDGE($,*,*,#5068,.T.);
#6573=ORIENTED_EDGE($,*,*,#5009,.F.);
#6574=ORIENTED_EDGE($,*,*,#5017,.F.);
#6575=ORIENTED_EDGE($,*,*,#5010,.F.);
#6576=ORIENTED_EDGE($,*,*,#5016,.T.);
#6577=ORIENTED_EDGE($,*,*,#5021,.F.);
#6578=ORIENTED_EDGE($,*,*,#5069,.F.);
#6579=ORIENTED_EDGE($,*,*,#5058,.F.);
#6580=ORIENTED_EDGE($,*,*,#5069,.T.);
#6581=ORIENTED_EDGE($,*,*,#5020,.F.);
#6582=ORIENTED_EDGE($,*,*,#5066,.F.);
#6583=ORIENTED_EDGE($,*,*,#5064,.T.);
#6584=ORIENTED_EDGE($,*,*,#5070,.T.);
#6585=ORIENTED_EDGE($,*,*,#5071,.F.);
#6586=ORIENTED_EDGE($,*,*,#5072,.F.);
#6587=ORIENTED_EDGE($,*,*,#5063,.T.);
#6588=ORIENTED_EDGE($,*,*,#5073,.T.);
#6589=ORIENTED_EDGE($,*,*,#5074,.F.);
#6590=ORIENTED_EDGE($,*,*,#5070,.F.);
#6591=ORIENTED_EDGE($,*,*,#5074,.T.);
#6592=ORIENTED_EDGE($,*,*,#5075,.T.);
#6593=ORIENTED_EDGE($,*,*,#5076,.T.);
#6594=ORIENTED_EDGE($,*,*,#5071,.T.);
#6595=ORIENTED_EDGE($,*,*,#5062,.T.);
#6596=ORIENTED_EDGE($,*,*,#5077,.T.);
#6597=ORIENTED_EDGE($,*,*,#5075,.F.);
#6598=ORIENTED_EDGE($,*,*,#5073,.F.);
#6599=ORIENTED_EDGE($,*,*,#5065,.T.);
#6600=ORIENTED_EDGE($,*,*,#5072,.T.);
#6601=ORIENTED_EDGE($,*,*,#5076,.F.);
#6602=ORIENTED_EDGE($,*,*,#5077,.F.);
#6603=ORIENTED_EDGE($,*,*,#5078,.T.);
#6604=ORIENTED_EDGE($,*,*,#5079,.T.);
#6605=ORIENTED_EDGE($,*,*,#5080,.T.);
#6606=ORIENTED_EDGE($,*,*,#5081,.T.);
#6607=ORIENTED_EDGE($,*,*,#5082,.T.);
#6608=ORIENTED_EDGE($,*,*,#5083,.T.);
#6609=ORIENTED_EDGE($,*,*,#5084,.T.);
#6610=ORIENTED_EDGE($,*,*,#5085,.T.);
#6611=ORIENTED_EDGE($,*,*,#5086,.T.);
#6612=ORIENTED_EDGE($,*,*,#5087,.F.);
#6613=ORIENTED_EDGE($,*,*,#5088,.F.);
#6614=ORIENTED_EDGE($,*,*,#5085,.F.);
#6615=ORIENTED_EDGE($,*,*,#5089,.T.);
#6616=ORIENTED_EDGE($,*,*,#5080,.F.);
#6617=ORIENTED_EDGE($,*,*,#5090,.F.);
#6618=ORIENTED_EDGE($,*,*,#5083,.F.);
#6619=ORIENTED_EDGE($,*,*,#5087,.T.);
#6620=ORIENTED_EDGE($,*,*,#5091,.T.);
#6621=ORIENTED_EDGE($,*,*,#5092,.T.);
#6622=ORIENTED_EDGE($,*,*,#5093,.T.);
#6623=ORIENTED_EDGE($,*,*,#5094,.F.);
#6624=ORIENTED_EDGE($,*,*,#5095,.T.);
#6625=ORIENTED_EDGE($,*,*,#5096,.F.);
#6626=ORIENTED_EDGE($,*,*,#5097,.F.);
#6627=ORIENTED_EDGE($,*,*,#5098,.F.);
#6628=ORIENTED_EDGE($,*,*,#5099,.T.);
#6629=ORIENTED_EDGE($,*,*,#5100,.F.);
#6630=ORIENTED_EDGE($,*,*,#5095,.F.);
#6631=ORIENTED_EDGE($,*,*,#5096,.T.);
#6632=ORIENTED_EDGE($,*,*,#5100,.T.);
#6633=ORIENTED_EDGE($,*,*,#5101,.T.);
#6634=ORIENTED_EDGE($,*,*,#5102,.T.);
#6635=ORIENTED_EDGE($,*,*,#5103,.F.);
#6636=ORIENTED_EDGE($,*,*,#5104,.T.);
#6637=ORIENTED_EDGE($,*,*,#5101,.F.);
#6638=ORIENTED_EDGE($,*,*,#5099,.F.);
#6639=ORIENTED_EDGE($,*,*,#5105,.F.);
#6640=ORIENTED_EDGE($,*,*,#5097,.T.);
#6641=ORIENTED_EDGE($,*,*,#5102,.F.);
#6642=ORIENTED_EDGE($,*,*,#5104,.F.);
#6643=ORIENTED_EDGE($,*,*,#5106,.F.);
#6644=ORIENTED_EDGE($,*,*,#5107,.T.);
#6645=ORIENTED_EDGE($,*,*,#5108,.F.);
#6646=ORIENTED_EDGE($,*,*,#5109,.F.);
#6647=ORIENTED_EDGE($,*,*,#5110,.F.);
#6648=ORIENTED_EDGE($,*,*,#5111,.T.);
#6649=ORIENTED_EDGE($,*,*,#5112,.F.);
#6650=ORIENTED_EDGE($,*,*,#5107,.F.);
#6651=ORIENTED_EDGE($,*,*,#5108,.T.);
#6652=ORIENTED_EDGE($,*,*,#5112,.T.);
#6653=ORIENTED_EDGE($,*,*,#5113,.T.);
#6654=ORIENTED_EDGE($,*,*,#5114,.T.);
#6655=ORIENTED_EDGE($,*,*,#5115,.F.);
#6656=ORIENTED_EDGE($,*,*,#5116,.T.);
#6657=ORIENTED_EDGE($,*,*,#5113,.F.);
#6658=ORIENTED_EDGE($,*,*,#5111,.F.);
#6659=ORIENTED_EDGE($,*,*,#5117,.F.);
#6660=ORIENTED_EDGE($,*,*,#5109,.T.);
#6661=ORIENTED_EDGE($,*,*,#5114,.F.);
#6662=ORIENTED_EDGE($,*,*,#5116,.F.);
#6663=ORIENTED_EDGE($,*,*,#5118,.F.);
#6664=ORIENTED_EDGE($,*,*,#5119,.T.);
#6665=ORIENTED_EDGE($,*,*,#5120,.F.);
#6666=ORIENTED_EDGE($,*,*,#5121,.F.);
#6667=ORIENTED_EDGE($,*,*,#5122,.F.);
#6668=ORIENTED_EDGE($,*,*,#5123,.T.);
#6669=ORIENTED_EDGE($,*,*,#5124,.F.);
#6670=ORIENTED_EDGE($,*,*,#5119,.F.);
#6671=ORIENTED_EDGE($,*,*,#5120,.T.);
#6672=ORIENTED_EDGE($,*,*,#5124,.T.);
#6673=ORIENTED_EDGE($,*,*,#5125,.T.);
#6674=ORIENTED_EDGE($,*,*,#5126,.T.);
#6675=ORIENTED_EDGE($,*,*,#5127,.F.);
#6676=ORIENTED_EDGE($,*,*,#5128,.T.);
#6677=ORIENTED_EDGE($,*,*,#5125,.F.);
#6678=ORIENTED_EDGE($,*,*,#5123,.F.);
#6679=ORIENTED_EDGE($,*,*,#5129,.F.);
#6680=ORIENTED_EDGE($,*,*,#5121,.T.);
#6681=ORIENTED_EDGE($,*,*,#5126,.F.);
#6682=ORIENTED_EDGE($,*,*,#5128,.F.);
#6683=ORIENTED_EDGE($,*,*,#5098,.T.);
#6684=ORIENTED_EDGE($,*,*,#5094,.T.);
#6685=ORIENTED_EDGE($,*,*,#5105,.T.);
#6686=ORIENTED_EDGE($,*,*,#5103,.T.);
#6687=ORIENTED_EDGE($,*,*,#5110,.T.);
#6688=ORIENTED_EDGE($,*,*,#5106,.T.);
#6689=ORIENTED_EDGE($,*,*,#5117,.T.);
#6690=ORIENTED_EDGE($,*,*,#5115,.T.);
#6691=ORIENTED_EDGE($,*,*,#5122,.T.);
#6692=ORIENTED_EDGE($,*,*,#5118,.T.);
#6693=ORIENTED_EDGE($,*,*,#5129,.T.);
#6694=ORIENTED_EDGE($,*,*,#5127,.T.);
#6695=ORIENTED_EDGE($,*,*,#5130,.T.);
#6696=ORIENTED_EDGE($,*,*,#5131,.T.);
#6697=ORIENTED_EDGE($,*,*,#5132,.T.);
#6698=ORIENTED_EDGE($,*,*,#5133,.T.);
#6699=ORIENTED_EDGE($,*,*,#5134,.F.);
#6700=ORIENTED_EDGE($,*,*,#5135,.F.);
#6701=ORIENTED_EDGE($,*,*,#5136,.F.);
#6702=ORIENTED_EDGE($,*,*,#5137,.F.);
#6703=ORIENTED_EDGE($,*,*,#5131,.F.);
#6704=ORIENTED_EDGE($,*,*,#5138,.T.);
#6705=ORIENTED_EDGE($,*,*,#5091,.F.);
#6706=ORIENTED_EDGE($,*,*,#5086,.F.);
#6707=ORIENTED_EDGE($,*,*,#5084,.F.);
#6708=ORIENTED_EDGE($,*,*,#5090,.T.);
#6709=ORIENTED_EDGE($,*,*,#5079,.F.);
#6710=ORIENTED_EDGE($,*,*,#5139,.F.);
#6711=ORIENTED_EDGE($,*,*,#5132,.F.);
#6712=ORIENTED_EDGE($,*,*,#5139,.T.);
#6713=ORIENTED_EDGE($,*,*,#5078,.F.);
#6714=ORIENTED_EDGE($,*,*,#5140,.F.);
#6715=ORIENTED_EDGE($,*,*,#5133,.F.);
#6716=ORIENTED_EDGE($,*,*,#5140,.T.);
#6717=ORIENTED_EDGE($,*,*,#5081,.F.);
#6718=ORIENTED_EDGE($,*,*,#5089,.F.);
#6719=ORIENTED_EDGE($,*,*,#5082,.F.);
#6720=ORIENTED_EDGE($,*,*,#5088,.T.);
#6721=ORIENTED_EDGE($,*,*,#5093,.F.);
#6722=ORIENTED_EDGE($,*,*,#5141,.F.);
#6723=ORIENTED_EDGE($,*,*,#5130,.F.);
#6724=ORIENTED_EDGE($,*,*,#5141,.T.);
#6725=ORIENTED_EDGE($,*,*,#5092,.F.);
#6726=ORIENTED_EDGE($,*,*,#5138,.F.);
#6727=ORIENTED_EDGE($,*,*,#5136,.T.);
#6728=ORIENTED_EDGE($,*,*,#5142,.T.);
#6729=ORIENTED_EDGE($,*,*,#5143,.F.);
#6730=ORIENTED_EDGE($,*,*,#5144,.F.);
#6731=ORIENTED_EDGE($,*,*,#5135,.T.);
#6732=ORIENTED_EDGE($,*,*,#5145,.T.);
#6733=ORIENTED_EDGE($,*,*,#5146,.F.);
#6734=ORIENTED_EDGE($,*,*,#5142,.F.);
#6735=ORIENTED_EDGE($,*,*,#5146,.T.);
#6736=ORIENTED_EDGE($,*,*,#5147,.T.);
#6737=ORIENTED_EDGE($,*,*,#5148,.T.);
#6738=ORIENTED_EDGE($,*,*,#5143,.T.);
#6739=ORIENTED_EDGE($,*,*,#5134,.T.);
#6740=ORIENTED_EDGE($,*,*,#5149,.T.);
#6741=ORIENTED_EDGE($,*,*,#5147,.F.);
#6742=ORIENTED_EDGE($,*,*,#5145,.F.);
#6743=ORIENTED_EDGE($,*,*,#5137,.T.);
#6744=ORIENTED_EDGE($,*,*,#5144,.T.);
#6745=ORIENTED_EDGE($,*,*,#5148,.F.);
#6746=ORIENTED_EDGE($,*,*,#5149,.F.);
#6747=ORIENTED_EDGE($,*,*,#5150,.F.);
#6748=ORIENTED_EDGE($,*,*,#5151,.F.);
#6749=ORIENTED_EDGE($,*,*,#5152,.F.);
#6750=ORIENTED_EDGE($,*,*,#5153,.F.);
#6751=ORIENTED_EDGE($,*,*,#5152,.T.);
#6752=ORIENTED_EDGE($,*,*,#5154,.T.);
#6753=ORIENTED_EDGE($,*,*,#5155,.F.);
#6754=ORIENTED_EDGE($,*,*,#5156,.F.);
#6755=ORIENTED_EDGE($,*,*,#5151,.T.);
#6756=ORIENTED_EDGE($,*,*,#5157,.T.);
#6757=ORIENTED_EDGE($,*,*,#5158,.F.);
#6758=ORIENTED_EDGE($,*,*,#5154,.F.);
#6759=ORIENTED_EDGE($,*,*,#5150,.T.);
#6760=ORIENTED_EDGE($,*,*,#5159,.T.);
#6761=ORIENTED_EDGE($,*,*,#5160,.F.);
#6762=ORIENTED_EDGE($,*,*,#5157,.F.);
#6763=ORIENTED_EDGE($,*,*,#5153,.T.);
#6764=ORIENTED_EDGE($,*,*,#5156,.T.);
#6765=ORIENTED_EDGE($,*,*,#5161,.F.);
#6766=ORIENTED_EDGE($,*,*,#5159,.F.);
#6767=ORIENTED_EDGE($,*,*,#5155,.T.);
#6768=ORIENTED_EDGE($,*,*,#5158,.T.);
#6769=ORIENTED_EDGE($,*,*,#5160,.T.);
#6770=ORIENTED_EDGE($,*,*,#5161,.T.);
#6771=ORIENTED_EDGE($,*,*,#5162,.T.);
#6772=ORIENTED_EDGE($,*,*,#5163,.T.);
#6773=ORIENTED_EDGE($,*,*,#5164,.T.);
#6774=ORIENTED_EDGE($,*,*,#5165,.T.);
#6775=ORIENTED_EDGE($,*,*,#5166,.T.);
#6776=ORIENTED_EDGE($,*,*,#5167,.T.);
#6777=ORIENTED_EDGE($,*,*,#5168,.T.);
#6778=ORIENTED_EDGE($,*,*,#5169,.T.);
#6779=ORIENTED_EDGE($,*,*,#5170,.T.);
#6780=ORIENTED_EDGE($,*,*,#5167,.F.);
#6781=ORIENTED_EDGE($,*,*,#5171,.F.);
#6782=ORIENTED_EDGE($,*,*,#5165,.F.);
#6783=ORIENTED_EDGE($,*,*,#5172,.T.);
#6784=ORIENTED_EDGE($,*,*,#5168,.F.);
#6785=ORIENTED_EDGE($,*,*,#5170,.F.);
#6786=ORIENTED_EDGE($,*,*,#5164,.F.);
#6787=ORIENTED_EDGE($,*,*,#5173,.T.);
#6788=ORIENTED_EDGE($,*,*,#5169,.F.);
#6789=ORIENTED_EDGE($,*,*,#5172,.F.);
#6790=ORIENTED_EDGE($,*,*,#5163,.F.);
#6791=ORIENTED_EDGE($,*,*,#5171,.T.);
#6792=ORIENTED_EDGE($,*,*,#5166,.F.);
#6793=ORIENTED_EDGE($,*,*,#5173,.F.);
#6794=ORIENTED_EDGE($,*,*,#5162,.F.);
#6795=ORIENTED_EDGE($,*,*,#5174,.T.);
#6796=ORIENTED_EDGE($,*,*,#5175,.T.);
#6797=ORIENTED_EDGE($,*,*,#5176,.T.);
#6798=ORIENTED_EDGE($,*,*,#5177,.T.);
#6799=ORIENTED_EDGE($,*,*,#5178,.T.);
#6800=ORIENTED_EDGE($,*,*,#5179,.T.);
#6801=ORIENTED_EDGE($,*,*,#5180,.T.);
#6802=ORIENTED_EDGE($,*,*,#5181,.T.);
#6803=ORIENTED_EDGE($,*,*,#5182,.T.);
#6804=ORIENTED_EDGE($,*,*,#5179,.F.);
#6805=ORIENTED_EDGE($,*,*,#5183,.F.);
#6806=ORIENTED_EDGE($,*,*,#5177,.F.);
#6807=ORIENTED_EDGE($,*,*,#5184,.T.);
#6808=ORIENTED_EDGE($,*,*,#5180,.F.);
#6809=ORIENTED_EDGE($,*,*,#5182,.F.);
#6810=ORIENTED_EDGE($,*,*,#5176,.F.);
#6811=ORIENTED_EDGE($,*,*,#5185,.T.);
#6812=ORIENTED_EDGE($,*,*,#5181,.F.);
#6813=ORIENTED_EDGE($,*,*,#5184,.F.);
#6814=ORIENTED_EDGE($,*,*,#5175,.F.);
#6815=ORIENTED_EDGE($,*,*,#5183,.T.);
#6816=ORIENTED_EDGE($,*,*,#5178,.F.);
#6817=ORIENTED_EDGE($,*,*,#5185,.F.);
#6818=ORIENTED_EDGE($,*,*,#5174,.F.);
#6819=ORIENTED_EDGE($,*,*,#5186,.T.);
#6820=ORIENTED_EDGE($,*,*,#5187,.T.);
#6821=ORIENTED_EDGE($,*,*,#5188,.T.);
#6822=ORIENTED_EDGE($,*,*,#5189,.T.);
#6823=ORIENTED_EDGE($,*,*,#5190,.T.);
#6824=ORIENTED_EDGE($,*,*,#5191,.T.);
#6825=ORIENTED_EDGE($,*,*,#5192,.T.);
#6826=ORIENTED_EDGE($,*,*,#5193,.T.);
#6827=ORIENTED_EDGE($,*,*,#5194,.T.);
#6828=ORIENTED_EDGE($,*,*,#5191,.F.);
#6829=ORIENTED_EDGE($,*,*,#5195,.F.);
#6830=ORIENTED_EDGE($,*,*,#5189,.F.);
#6831=ORIENTED_EDGE($,*,*,#5196,.T.);
#6832=ORIENTED_EDGE($,*,*,#5192,.F.);
#6833=ORIENTED_EDGE($,*,*,#5194,.F.);
#6834=ORIENTED_EDGE($,*,*,#5188,.F.);
#6835=ORIENTED_EDGE($,*,*,#5197,.T.);
#6836=ORIENTED_EDGE($,*,*,#5193,.F.);
#6837=ORIENTED_EDGE($,*,*,#5196,.F.);
#6838=ORIENTED_EDGE($,*,*,#5187,.F.);
#6839=ORIENTED_EDGE($,*,*,#5195,.T.);
#6840=ORIENTED_EDGE($,*,*,#5190,.F.);
#6841=ORIENTED_EDGE($,*,*,#5197,.F.);
#6842=ORIENTED_EDGE($,*,*,#5186,.F.);
#6843=ORIENTED_EDGE($,*,*,#5198,.T.);
#6844=ORIENTED_EDGE($,*,*,#5199,.T.);
#6845=ORIENTED_EDGE($,*,*,#5200,.T.);
#6846=ORIENTED_EDGE($,*,*,#5201,.T.);
#6847=ORIENTED_EDGE($,*,*,#5202,.T.);
#6848=ORIENTED_EDGE($,*,*,#5203,.T.);
#6849=ORIENTED_EDGE($,*,*,#5204,.T.);
#6850=ORIENTED_EDGE($,*,*,#5205,.T.);
#6851=ORIENTED_EDGE($,*,*,#5206,.T.);
#6852=ORIENTED_EDGE($,*,*,#5203,.F.);
#6853=ORIENTED_EDGE($,*,*,#5207,.F.);
#6854=ORIENTED_EDGE($,*,*,#5201,.F.);
#6855=ORIENTED_EDGE($,*,*,#5208,.T.);
#6856=ORIENTED_EDGE($,*,*,#5204,.F.);
#6857=ORIENTED_EDGE($,*,*,#5206,.F.);
#6858=ORIENTED_EDGE($,*,*,#5200,.F.);
#6859=ORIENTED_EDGE($,*,*,#5209,.T.);
#6860=ORIENTED_EDGE($,*,*,#5205,.F.);
#6861=ORIENTED_EDGE($,*,*,#5208,.F.);
#6862=ORIENTED_EDGE($,*,*,#5199,.F.);
#6863=ORIENTED_EDGE($,*,*,#5207,.T.);
#6864=ORIENTED_EDGE($,*,*,#5202,.F.);
#6865=ORIENTED_EDGE($,*,*,#5209,.F.);
#6866=ORIENTED_EDGE($,*,*,#5198,.F.);
#6867=ORIENTED_EDGE($,*,*,#5210,.T.);
#6868=ORIENTED_EDGE($,*,*,#5211,.T.);
#6869=ORIENTED_EDGE($,*,*,#5212,.T.);
#6870=ORIENTED_EDGE($,*,*,#5213,.T.);
#6871=ORIENTED_EDGE($,*,*,#5214,.T.);
#6872=ORIENTED_EDGE($,*,*,#5215,.T.);
#6873=ORIENTED_EDGE($,*,*,#5216,.T.);
#6874=ORIENTED_EDGE($,*,*,#5217,.T.);
#6875=ORIENTED_EDGE($,*,*,#5218,.T.);
#6876=ORIENTED_EDGE($,*,*,#5215,.F.);
#6877=ORIENTED_EDGE($,*,*,#5219,.F.);
#6878=ORIENTED_EDGE($,*,*,#5213,.F.);
#6879=ORIENTED_EDGE($,*,*,#5220,.T.);
#6880=ORIENTED_EDGE($,*,*,#5216,.F.);
#6881=ORIENTED_EDGE($,*,*,#5218,.F.);
#6882=ORIENTED_EDGE($,*,*,#5212,.F.);
#6883=ORIENTED_EDGE($,*,*,#5221,.T.);
#6884=ORIENTED_EDGE($,*,*,#5217,.F.);
#6885=ORIENTED_EDGE($,*,*,#5220,.F.);
#6886=ORIENTED_EDGE($,*,*,#5211,.F.);
#6887=ORIENTED_EDGE($,*,*,#5219,.T.);
#6888=ORIENTED_EDGE($,*,*,#5214,.F.);
#6889=ORIENTED_EDGE($,*,*,#5221,.F.);
#6890=ORIENTED_EDGE($,*,*,#5210,.F.);
#6891=ORIENTED_EDGE($,*,*,#5222,.T.);
#6892=ORIENTED_EDGE($,*,*,#5223,.T.);
#6893=ORIENTED_EDGE($,*,*,#5224,.T.);
#6894=ORIENTED_EDGE($,*,*,#5225,.T.);
#6895=ORIENTED_EDGE($,*,*,#5226,.T.);
#6896=ORIENTED_EDGE($,*,*,#5227,.T.);
#6897=ORIENTED_EDGE($,*,*,#5228,.T.);
#6898=ORIENTED_EDGE($,*,*,#5229,.T.);
#6899=ORIENTED_EDGE($,*,*,#5230,.T.);
#6900=ORIENTED_EDGE($,*,*,#5227,.F.);
#6901=ORIENTED_EDGE($,*,*,#5231,.F.);
#6902=ORIENTED_EDGE($,*,*,#5225,.F.);
#6903=ORIENTED_EDGE($,*,*,#5232,.T.);
#6904=ORIENTED_EDGE($,*,*,#5228,.F.);
#6905=ORIENTED_EDGE($,*,*,#5230,.F.);
#6906=ORIENTED_EDGE($,*,*,#5224,.F.);
#6907=ORIENTED_EDGE($,*,*,#5233,.T.);
#6908=ORIENTED_EDGE($,*,*,#5229,.F.);
#6909=ORIENTED_EDGE($,*,*,#5232,.F.);
#6910=ORIENTED_EDGE($,*,*,#5223,.F.);
#6911=ORIENTED_EDGE($,*,*,#5231,.T.);
#6912=ORIENTED_EDGE($,*,*,#5226,.F.);
#6913=ORIENTED_EDGE($,*,*,#5233,.F.);
#6914=ORIENTED_EDGE($,*,*,#5222,.F.);
#6915=ORIENTED_EDGE($,*,*,#5234,.T.);
#6916=ORIENTED_EDGE($,*,*,#5235,.T.);
#6917=ORIENTED_EDGE($,*,*,#5236,.T.);
#6918=ORIENTED_EDGE($,*,*,#5237,.T.);
#6919=ORIENTED_EDGE($,*,*,#5238,.T.);
#6920=ORIENTED_EDGE($,*,*,#5239,.T.);
#6921=ORIENTED_EDGE($,*,*,#5240,.T.);
#6922=ORIENTED_EDGE($,*,*,#5241,.T.);
#6923=ORIENTED_EDGE($,*,*,#5242,.T.);
#6924=ORIENTED_EDGE($,*,*,#5239,.F.);
#6925=ORIENTED_EDGE($,*,*,#5243,.F.);
#6926=ORIENTED_EDGE($,*,*,#5237,.F.);
#6927=ORIENTED_EDGE($,*,*,#5244,.T.);
#6928=ORIENTED_EDGE($,*,*,#5240,.F.);
#6929=ORIENTED_EDGE($,*,*,#5242,.F.);
#6930=ORIENTED_EDGE($,*,*,#5236,.F.);
#6931=ORIENTED_EDGE($,*,*,#5245,.T.);
#6932=ORIENTED_EDGE($,*,*,#5241,.F.);
#6933=ORIENTED_EDGE($,*,*,#5244,.F.);
#6934=ORIENTED_EDGE($,*,*,#5235,.F.);
#6935=ORIENTED_EDGE($,*,*,#5243,.T.);
#6936=ORIENTED_EDGE($,*,*,#5238,.F.);
#6937=ORIENTED_EDGE($,*,*,#5245,.F.);
#6938=ORIENTED_EDGE($,*,*,#5234,.F.);
#6939=ORIENTED_EDGE($,*,*,#5246,.T.);
#6940=ORIENTED_EDGE($,*,*,#5247,.T.);
#6941=ORIENTED_EDGE($,*,*,#5248,.T.);
#6942=ORIENTED_EDGE($,*,*,#5249,.T.);
#6943=ORIENTED_EDGE($,*,*,#5250,.T.);
#6944=ORIENTED_EDGE($,*,*,#5251,.T.);
#6945=ORIENTED_EDGE($,*,*,#5252,.T.);
#6946=ORIENTED_EDGE($,*,*,#5253,.T.);
#6947=ORIENTED_EDGE($,*,*,#5254,.T.);
#6948=ORIENTED_EDGE($,*,*,#5251,.F.);
#6949=ORIENTED_EDGE($,*,*,#5255,.F.);
#6950=ORIENTED_EDGE($,*,*,#5249,.F.);
#6951=ORIENTED_EDGE($,*,*,#5256,.T.);
#6952=ORIENTED_EDGE($,*,*,#5252,.F.);
#6953=ORIENTED_EDGE($,*,*,#5254,.F.);
#6954=ORIENTED_EDGE($,*,*,#5248,.F.);
#6955=ORIENTED_EDGE($,*,*,#5257,.T.);
#6956=ORIENTED_EDGE($,*,*,#5253,.F.);
#6957=ORIENTED_EDGE($,*,*,#5256,.F.);
#6958=ORIENTED_EDGE($,*,*,#5247,.F.);
#6959=ORIENTED_EDGE($,*,*,#5255,.T.);
#6960=ORIENTED_EDGE($,*,*,#5250,.F.);
#6961=ORIENTED_EDGE($,*,*,#5257,.F.);
#6962=ORIENTED_EDGE($,*,*,#5246,.F.);
#6963=ORIENTED_EDGE($,*,*,#5258,.F.);
#6964=ORIENTED_EDGE($,*,*,#5259,.F.);
#6965=ORIENTED_EDGE($,*,*,#5260,.F.);
#6966=ORIENTED_EDGE($,*,*,#5261,.T.);
#6967=ORIENTED_EDGE($,*,*,#5262,.F.);
#6968=ORIENTED_EDGE($,*,*,#5263,.F.);
#6969=ORIENTED_EDGE($,*,*,#5264,.F.);
#6970=ORIENTED_EDGE($,*,*,#5265,.T.);
#6971=ORIENTED_EDGE($,*,*,#5266,.F.);
#6972=ORIENTED_EDGE($,*,*,#5261,.F.);
#6973=ORIENTED_EDGE($,*,*,#5267,.F.);
#6974=ORIENTED_EDGE($,*,*,#5263,.T.);
#6975=ORIENTED_EDGE($,*,*,#5268,.F.);
#6976=ORIENTED_EDGE($,*,*,#5269,.F.);
#6977=ORIENTED_EDGE($,*,*,#5270,.T.);
#6978=ORIENTED_EDGE($,*,*,#5271,.T.);
#6979=ORIENTED_EDGE($,*,*,#5272,.T.);
#6980=ORIENTED_EDGE($,*,*,#5273,.F.);
#6981=ORIENTED_EDGE($,*,*,#5270,.F.);
#6982=ORIENTED_EDGE($,*,*,#5274,.F.);
#6983=ORIENTED_EDGE($,*,*,#5275,.F.);
#6984=ORIENTED_EDGE($,*,*,#5271,.F.);
#6985=ORIENTED_EDGE($,*,*,#5273,.T.);
#6986=ORIENTED_EDGE($,*,*,#5276,.T.);
#6987=ORIENTED_EDGE($,*,*,#5277,.T.);
#6988=ORIENTED_EDGE($,*,*,#5264,.T.);
#6989=ORIENTED_EDGE($,*,*,#5267,.T.);
#6990=ORIENTED_EDGE($,*,*,#5260,.T.);
#6991=ORIENTED_EDGE($,*,*,#5278,.F.);
#6992=ORIENTED_EDGE($,*,*,#5276,.F.);
#6993=ORIENTED_EDGE($,*,*,#5272,.F.);
#6994=ORIENTED_EDGE($,*,*,#5279,.T.);
#6995=ORIENTED_EDGE($,*,*,#5280,.F.);
#6996=ORIENTED_EDGE($,*,*,#5265,.F.);
#6997=ORIENTED_EDGE($,*,*,#5277,.F.);
#6998=ORIENTED_EDGE($,*,*,#5259,.T.);
#6999=ORIENTED_EDGE($,*,*,#5281,.F.);
#7000=ORIENTED_EDGE($,*,*,#5279,.F.);
#7001=ORIENTED_EDGE($,*,*,#5274,.T.);
#7002=ORIENTED_EDGE($,*,*,#5269,.T.);
#7003=ORIENTED_EDGE($,*,*,#5258,.T.);
#7004=ORIENTED_EDGE($,*,*,#5266,.T.);
#7005=ORIENTED_EDGE($,*,*,#5275,.T.);
#7006=ORIENTED_EDGE($,*,*,#5278,.T.);
#7007=ORIENTED_EDGE($,*,*,#5268,.T.);
#7008=ORIENTED_EDGE($,*,*,#5262,.T.);
#7009=ORIENTED_EDGE($,*,*,#5280,.T.);
#7010=ORIENTED_EDGE($,*,*,#5281,.T.);
#7011=ORIENTED_EDGE($,*,*,#5282,.T.);
#7012=ORIENTED_EDGE($,*,*,#5283,.T.);
#7013=ORIENTED_EDGE($,*,*,#5284,.T.);
#7014=ORIENTED_EDGE($,*,*,#5285,.T.);
#7015=ORIENTED_EDGE($,*,*,#5286,.T.);
#7016=ORIENTED_EDGE($,*,*,#5287,.T.);
#7017=ORIENTED_EDGE($,*,*,#5288,.T.);
#7018=ORIENTED_EDGE($,*,*,#5289,.T.);
#7019=ORIENTED_EDGE($,*,*,#5290,.T.);
#7020=ORIENTED_EDGE($,*,*,#5287,.F.);
#7021=ORIENTED_EDGE($,*,*,#5291,.F.);
#7022=ORIENTED_EDGE($,*,*,#5285,.F.);
#7023=ORIENTED_EDGE($,*,*,#5292,.T.);
#7024=ORIENTED_EDGE($,*,*,#5288,.F.);
#7025=ORIENTED_EDGE($,*,*,#5290,.F.);
#7026=ORIENTED_EDGE($,*,*,#5284,.F.);
#7027=ORIENTED_EDGE($,*,*,#5293,.T.);
#7028=ORIENTED_EDGE($,*,*,#5289,.F.);
#7029=ORIENTED_EDGE($,*,*,#5292,.F.);
#7030=ORIENTED_EDGE($,*,*,#5283,.F.);
#7031=ORIENTED_EDGE($,*,*,#5291,.T.);
#7032=ORIENTED_EDGE($,*,*,#5286,.F.);
#7033=ORIENTED_EDGE($,*,*,#5293,.F.);
#7034=ORIENTED_EDGE($,*,*,#5282,.F.);
#7035=ORIENTED_EDGE($,*,*,#5294,.T.);
#7036=ORIENTED_EDGE($,*,*,#5295,.T.);
#7037=ORIENTED_EDGE($,*,*,#5296,.T.);
#7038=ORIENTED_EDGE($,*,*,#5297,.T.);
#7039=ORIENTED_EDGE($,*,*,#5298,.T.);
#7040=ORIENTED_EDGE($,*,*,#5299,.T.);
#7041=ORIENTED_EDGE($,*,*,#5300,.T.);
#7042=ORIENTED_EDGE($,*,*,#5301,.T.);
#7043=ORIENTED_EDGE($,*,*,#5302,.T.);
#7044=ORIENTED_EDGE($,*,*,#5299,.F.);
#7045=ORIENTED_EDGE($,*,*,#5303,.F.);
#7046=ORIENTED_EDGE($,*,*,#5297,.F.);
#7047=ORIENTED_EDGE($,*,*,#5304,.T.);
#7048=ORIENTED_EDGE($,*,*,#5300,.F.);
#7049=ORIENTED_EDGE($,*,*,#5302,.F.);
#7050=ORIENTED_EDGE($,*,*,#5296,.F.);
#7051=ORIENTED_EDGE($,*,*,#5305,.T.);
#7052=ORIENTED_EDGE($,*,*,#5301,.F.);
#7053=ORIENTED_EDGE($,*,*,#5304,.F.);
#7054=ORIENTED_EDGE($,*,*,#5295,.F.);
#7055=ORIENTED_EDGE($,*,*,#5303,.T.);
#7056=ORIENTED_EDGE($,*,*,#5298,.F.);
#7057=ORIENTED_EDGE($,*,*,#5305,.F.);
#7058=ORIENTED_EDGE($,*,*,#5294,.F.);
#7059=ORIENTED_EDGE($,*,*,#5306,.T.);
#7060=ORIENTED_EDGE($,*,*,#5307,.T.);
#7061=ORIENTED_EDGE($,*,*,#5308,.T.);
#7062=ORIENTED_EDGE($,*,*,#5309,.T.);
#7063=ORIENTED_EDGE($,*,*,#5310,.T.);
#7064=ORIENTED_EDGE($,*,*,#5311,.T.);
#7065=ORIENTED_EDGE($,*,*,#5312,.T.);
#7066=ORIENTED_EDGE($,*,*,#5313,.T.);
#7067=ORIENTED_EDGE($,*,*,#5314,.T.);
#7068=ORIENTED_EDGE($,*,*,#5311,.F.);
#7069=ORIENTED_EDGE($,*,*,#5315,.F.);
#7070=ORIENTED_EDGE($,*,*,#5309,.F.);
#7071=ORIENTED_EDGE($,*,*,#5316,.T.);
#7072=ORIENTED_EDGE($,*,*,#5312,.F.);
#7073=ORIENTED_EDGE($,*,*,#5314,.F.);
#7074=ORIENTED_EDGE($,*,*,#5308,.F.);
#7075=ORIENTED_EDGE($,*,*,#5317,.T.);
#7076=ORIENTED_EDGE($,*,*,#5313,.F.);
#7077=ORIENTED_EDGE($,*,*,#5316,.F.);
#7078=ORIENTED_EDGE($,*,*,#5307,.F.);
#7079=ORIENTED_EDGE($,*,*,#5315,.T.);
#7080=ORIENTED_EDGE($,*,*,#5310,.F.);
#7081=ORIENTED_EDGE($,*,*,#5317,.F.);
#7082=ORIENTED_EDGE($,*,*,#5306,.F.);
#7083=ORIENTED_EDGE($,*,*,#5318,.T.);
#7084=ORIENTED_EDGE($,*,*,#5319,.T.);
#7085=ORIENTED_EDGE($,*,*,#5320,.T.);
#7086=ORIENTED_EDGE($,*,*,#5321,.T.);
#7087=ORIENTED_EDGE($,*,*,#5322,.T.);
#7088=ORIENTED_EDGE($,*,*,#5323,.T.);
#7089=ORIENTED_EDGE($,*,*,#5324,.T.);
#7090=ORIENTED_EDGE($,*,*,#5325,.T.);
#7091=ORIENTED_EDGE($,*,*,#5326,.T.);
#7092=ORIENTED_EDGE($,*,*,#5323,.F.);
#7093=ORIENTED_EDGE($,*,*,#5327,.F.);
#7094=ORIENTED_EDGE($,*,*,#5321,.F.);
#7095=ORIENTED_EDGE($,*,*,#5328,.T.);
#7096=ORIENTED_EDGE($,*,*,#5324,.F.);
#7097=ORIENTED_EDGE($,*,*,#5326,.F.);
#7098=ORIENTED_EDGE($,*,*,#5320,.F.);
#7099=ORIENTED_EDGE($,*,*,#5329,.T.);
#7100=ORIENTED_EDGE($,*,*,#5325,.F.);
#7101=ORIENTED_EDGE($,*,*,#5328,.F.);
#7102=ORIENTED_EDGE($,*,*,#5319,.F.);
#7103=ORIENTED_EDGE($,*,*,#5327,.T.);
#7104=ORIENTED_EDGE($,*,*,#5322,.F.);
#7105=ORIENTED_EDGE($,*,*,#5329,.F.);
#7106=ORIENTED_EDGE($,*,*,#5318,.F.);
#7107=ORIENTED_EDGE($,*,*,#5330,.T.);
#7108=ORIENTED_EDGE($,*,*,#5331,.T.);
#7109=ORIENTED_EDGE($,*,*,#5332,.T.);
#7110=ORIENTED_EDGE($,*,*,#5333,.T.);
#7111=ORIENTED_EDGE($,*,*,#5334,.T.);
#7112=ORIENTED_EDGE($,*,*,#5335,.T.);
#7113=ORIENTED_EDGE($,*,*,#5336,.T.);
#7114=ORIENTED_EDGE($,*,*,#5337,.T.);
#7115=ORIENTED_EDGE($,*,*,#5338,.T.);
#7116=ORIENTED_EDGE($,*,*,#5335,.F.);
#7117=ORIENTED_EDGE($,*,*,#5339,.F.);
#7118=ORIENTED_EDGE($,*,*,#5333,.F.);
#7119=ORIENTED_EDGE($,*,*,#5340,.T.);
#7120=ORIENTED_EDGE($,*,*,#5336,.F.);
#7121=ORIENTED_EDGE($,*,*,#5338,.F.);
#7122=ORIENTED_EDGE($,*,*,#5332,.F.);
#7123=ORIENTED_EDGE($,*,*,#5341,.T.);
#7124=ORIENTED_EDGE($,*,*,#5337,.F.);
#7125=ORIENTED_EDGE($,*,*,#5340,.F.);
#7126=ORIENTED_EDGE($,*,*,#5331,.F.);
#7127=ORIENTED_EDGE($,*,*,#5339,.T.);
#7128=ORIENTED_EDGE($,*,*,#5334,.F.);
#7129=ORIENTED_EDGE($,*,*,#5341,.F.);
#7130=ORIENTED_EDGE($,*,*,#5330,.F.);
#7131=ORIENTED_EDGE($,*,*,#5342,.T.);
#7132=ORIENTED_EDGE($,*,*,#5343,.T.);
#7133=ORIENTED_EDGE($,*,*,#5344,.T.);
#7134=ORIENTED_EDGE($,*,*,#5345,.T.);
#7135=ORIENTED_EDGE($,*,*,#5346,.T.);
#7136=ORIENTED_EDGE($,*,*,#5347,.T.);
#7137=ORIENTED_EDGE($,*,*,#5348,.T.);
#7138=ORIENTED_EDGE($,*,*,#5349,.T.);
#7139=ORIENTED_EDGE($,*,*,#5350,.T.);
#7140=ORIENTED_EDGE($,*,*,#5347,.F.);
#7141=ORIENTED_EDGE($,*,*,#5351,.F.);
#7142=ORIENTED_EDGE($,*,*,#5345,.F.);
#7143=ORIENTED_EDGE($,*,*,#5352,.T.);
#7144=ORIENTED_EDGE($,*,*,#5348,.F.);
#7145=ORIENTED_EDGE($,*,*,#5350,.F.);
#7146=ORIENTED_EDGE($,*,*,#5344,.F.);
#7147=ORIENTED_EDGE($,*,*,#5353,.T.);
#7148=ORIENTED_EDGE($,*,*,#5349,.F.);
#7149=ORIENTED_EDGE($,*,*,#5352,.F.);
#7150=ORIENTED_EDGE($,*,*,#5343,.F.);
#7151=ORIENTED_EDGE($,*,*,#5351,.T.);
#7152=ORIENTED_EDGE($,*,*,#5346,.F.);
#7153=ORIENTED_EDGE($,*,*,#5353,.F.);
#7154=ORIENTED_EDGE($,*,*,#5342,.F.);
#7155=ORIENTED_EDGE($,*,*,#5354,.T.);
#7156=ORIENTED_EDGE($,*,*,#5355,.T.);
#7157=ORIENTED_EDGE($,*,*,#5356,.T.);
#7158=ORIENTED_EDGE($,*,*,#5357,.T.);
#7159=ORIENTED_EDGE($,*,*,#5358,.T.);
#7160=ORIENTED_EDGE($,*,*,#5359,.T.);
#7161=ORIENTED_EDGE($,*,*,#5360,.T.);
#7162=ORIENTED_EDGE($,*,*,#5361,.T.);
#7163=ORIENTED_EDGE($,*,*,#5362,.T.);
#7164=ORIENTED_EDGE($,*,*,#5359,.F.);
#7165=ORIENTED_EDGE($,*,*,#5363,.F.);
#7166=ORIENTED_EDGE($,*,*,#5357,.F.);
#7167=ORIENTED_EDGE($,*,*,#5364,.T.);
#7168=ORIENTED_EDGE($,*,*,#5360,.F.);
#7169=ORIENTED_EDGE($,*,*,#5362,.F.);
#7170=ORIENTED_EDGE($,*,*,#5356,.F.);
#7171=ORIENTED_EDGE($,*,*,#5365,.T.);
#7172=ORIENTED_EDGE($,*,*,#5361,.F.);
#7173=ORIENTED_EDGE($,*,*,#5364,.F.);
#7174=ORIENTED_EDGE($,*,*,#5355,.F.);
#7175=ORIENTED_EDGE($,*,*,#5363,.T.);
#7176=ORIENTED_EDGE($,*,*,#5358,.F.);
#7177=ORIENTED_EDGE($,*,*,#5365,.F.);
#7178=ORIENTED_EDGE($,*,*,#5354,.F.);
#7179=ORIENTED_EDGE($,*,*,#5366,.F.);
#7180=ORIENTED_EDGE($,*,*,#5367,.F.);
#7181=ORIENTED_EDGE($,*,*,#5368,.F.);
#7182=ORIENTED_EDGE($,*,*,#5369,.T.);
#7183=ORIENTED_EDGE($,*,*,#5370,.F.);
#7184=ORIENTED_EDGE($,*,*,#5371,.F.);
#7185=ORIENTED_EDGE($,*,*,#5372,.F.);
#7186=ORIENTED_EDGE($,*,*,#5373,.T.);
#7187=ORIENTED_EDGE($,*,*,#5366,.T.);
#7188=ORIENTED_EDGE($,*,*,#5374,.T.);
#7189=ORIENTED_EDGE($,*,*,#5375,.F.);
#7190=ORIENTED_EDGE($,*,*,#5376,.F.);
#7191=ORIENTED_EDGE($,*,*,#5377,.T.);
#7192=ORIENTED_EDGE($,*,*,#5378,.F.);
#7193=ORIENTED_EDGE($,*,*,#5379,.F.);
#7194=ORIENTED_EDGE($,*,*,#5380,.F.);
#7195=ORIENTED_EDGE($,*,*,#5370,.T.);
#7196=ORIENTED_EDGE($,*,*,#5381,.F.);
#7197=ORIENTED_EDGE($,*,*,#5382,.T.);
#7198=ORIENTED_EDGE($,*,*,#5383,.F.);
#7199=ORIENTED_EDGE($,*,*,#5384,.F.);
#7200=ORIENTED_EDGE($,*,*,#5385,.F.);
#7201=ORIENTED_EDGE($,*,*,#5386,.T.);
#7202=ORIENTED_EDGE($,*,*,#5387,.T.);
#7203=ORIENTED_EDGE($,*,*,#5372,.T.);
#7204=ORIENTED_EDGE($,*,*,#5388,.F.);
#7205=ORIENTED_EDGE($,*,*,#5389,.F.);
#7206=ORIENTED_EDGE($,*,*,#5390,.F.);
#7207=ORIENTED_EDGE($,*,*,#5391,.T.);
#7208=ORIENTED_EDGE($,*,*,#5392,.F.);
#7209=ORIENTED_EDGE($,*,*,#5393,.F.);
#7210=ORIENTED_EDGE($,*,*,#5394,.T.);
#7211=ORIENTED_EDGE($,*,*,#5368,.T.);
#7212=ORIENTED_EDGE($,*,*,#5395,.T.);
#7213=ORIENTED_EDGE($,*,*,#5396,.T.);
#7214=ORIENTED_EDGE($,*,*,#5397,.F.);
#7215=ORIENTED_EDGE($,*,*,#5398,.F.);
#7216=ORIENTED_EDGE($,*,*,#5399,.F.);
#7217=ORIENTED_EDGE($,*,*,#5400,.T.);
#7218=ORIENTED_EDGE($,*,*,#5401,.F.);
#7219=ORIENTED_EDGE($,*,*,#5387,.F.);
#7220=ORIENTED_EDGE($,*,*,#5402,.F.);
#7221=ORIENTED_EDGE($,*,*,#5403,.T.);
#7222=ORIENTED_EDGE($,*,*,#5404,.F.);
#7223=ORIENTED_EDGE($,*,*,#5374,.F.);
#7224=ORIENTED_EDGE($,*,*,#5369,.F.);
#7225=ORIENTED_EDGE($,*,*,#5401,.T.);
#7226=ORIENTED_EDGE($,*,*,#5405,.F.);
#7227=ORIENTED_EDGE($,*,*,#5406,.F.);
#7228=ORIENTED_EDGE($,*,*,#5407,.T.);
#7229=ORIENTED_EDGE($,*,*,#5388,.T.);
#7230=ORIENTED_EDGE($,*,*,#5371,.T.);
#7231=ORIENTED_EDGE($,*,*,#5380,.T.);
#7232=ORIENTED_EDGE($,*,*,#5408,.F.);
#7233=ORIENTED_EDGE($,*,*,#5409,.F.);
#7234=ORIENTED_EDGE($,*,*,#5410,.F.);
#7235=ORIENTED_EDGE($,*,*,#5381,.T.);
#7236=ORIENTED_EDGE($,*,*,#5373,.F.);
#7237=ORIENTED_EDGE($,*,*,#5394,.F.);
#7238=ORIENTED_EDGE($,*,*,#5411,.T.);
#7239=ORIENTED_EDGE($,*,*,#5412,.T.);
#7240=ORIENTED_EDGE($,*,*,#5413,.F.);
#7241=ORIENTED_EDGE($,*,*,#5395,.F.);
#7242=ORIENTED_EDGE($,*,*,#5367,.T.);
#7243=ORIENTED_EDGE($,*,*,#5414,.T.);
#7244=ORIENTED_EDGE($,*,*,#5415,.F.);
#7245=ORIENTED_EDGE($,*,*,#5416,.F.);
#7246=ORIENTED_EDGE($,*,*,#5417,.F.);
#7247=ORIENTED_EDGE($,*,*,#5418,.T.);
#7248=ORIENTED_EDGE($,*,*,#5403,.F.);
#7249=ORIENTED_EDGE($,*,*,#5419,.F.);
#7250=ORIENTED_EDGE($,*,*,#5420,.F.);
#7251=ORIENTED_EDGE($,*,*,#5421,.T.);
#7252=ORIENTED_EDGE($,*,*,#5422,.F.);
#7253=ORIENTED_EDGE($,*,*,#5423,.F.);
#7254=ORIENTED_EDGE($,*,*,#5409,.T.);
#7255=ORIENTED_EDGE($,*,*,#5408,.T.);
#7256=ORIENTED_EDGE($,*,*,#5379,.T.);
#7257=ORIENTED_EDGE($,*,*,#5424,.F.);
#7258=ORIENTED_EDGE($,*,*,#5414,.F.);
#7259=ORIENTED_EDGE($,*,*,#5402,.T.);
#7260=ORIENTED_EDGE($,*,*,#5386,.F.);
#7261=ORIENTED_EDGE($,*,*,#5425,.F.);
#7262=ORIENTED_EDGE($,*,*,#5419,.T.);
#7263=ORIENTED_EDGE($,*,*,#5426,.T.);
#7264=ORIENTED_EDGE($,*,*,#5390,.T.);
#7265=ORIENTED_EDGE($,*,*,#5427,.T.);
#7266=ORIENTED_EDGE($,*,*,#5428,.T.);
#7267=ORIENTED_EDGE($,*,*,#5399,.T.);
#7268=ORIENTED_EDGE($,*,*,#5429,.T.);
#7269=ORIENTED_EDGE($,*,*,#5430,.T.);
#7270=ORIENTED_EDGE($,*,*,#5431,.T.);
#7271=ORIENTED_EDGE($,*,*,#5385,.T.);
#7272=ORIENTED_EDGE($,*,*,#5432,.T.);
#7273=ORIENTED_EDGE($,*,*,#5420,.T.);
#7274=ORIENTED_EDGE($,*,*,#5425,.T.);
#7275=ORIENTED_EDGE($,*,*,#5376,.T.);
#7276=ORIENTED_EDGE($,*,*,#5433,.T.);
#7277=ORIENTED_EDGE($,*,*,#5417,.T.);
#7278=ORIENTED_EDGE($,*,*,#5434,.T.);
#7279=ORIENTED_EDGE($,*,*,#5435,.T.);
#7280=ORIENTED_EDGE($,*,*,#5436,.T.);
#7281=ORIENTED_EDGE($,*,*,#5437,.T.);
#7282=ORIENTED_EDGE($,*,*,#5438,.T.);
#7283=ORIENTED_EDGE($,*,*,#5436,.F.);
#7284=ORIENTED_EDGE($,*,*,#5439,.T.);
#7285=ORIENTED_EDGE($,*,*,#5440,.F.);
#7286=ORIENTED_EDGE($,*,*,#5441,.F.);
#7287=ORIENTED_EDGE($,*,*,#5437,.F.);
#7288=ORIENTED_EDGE($,*,*,#5441,.T.);
#7289=ORIENTED_EDGE($,*,*,#5442,.F.);
#7290=ORIENTED_EDGE($,*,*,#5443,.F.);
#7291=ORIENTED_EDGE($,*,*,#5438,.F.);
#7292=ORIENTED_EDGE($,*,*,#5443,.T.);
#7293=ORIENTED_EDGE($,*,*,#5444,.F.);
#7294=ORIENTED_EDGE($,*,*,#5445,.F.);
#7295=ORIENTED_EDGE($,*,*,#5435,.F.);
#7296=ORIENTED_EDGE($,*,*,#5445,.T.);
#7297=ORIENTED_EDGE($,*,*,#5446,.F.);
#7298=ORIENTED_EDGE($,*,*,#5439,.F.);
#7299=ORIENTED_EDGE($,*,*,#5446,.T.);
#7300=ORIENTED_EDGE($,*,*,#5444,.T.);
#7301=ORIENTED_EDGE($,*,*,#5442,.T.);
#7302=ORIENTED_EDGE($,*,*,#5440,.T.);
#7303=ORIENTED_EDGE($,*,*,#5424,.T.);
#7304=ORIENTED_EDGE($,*,*,#5378,.T.);
#7305=ORIENTED_EDGE($,*,*,#5447,.T.);
#7306=ORIENTED_EDGE($,*,*,#5415,.T.);
#7307=ORIENTED_EDGE($,*,*,#5416,.T.);
#7308=ORIENTED_EDGE($,*,*,#5447,.F.);
#7309=ORIENTED_EDGE($,*,*,#5377,.F.);
#7310=ORIENTED_EDGE($,*,*,#5434,.F.);
#7311=ORIENTED_EDGE($,*,*,#5404,.T.);
#7312=ORIENTED_EDGE($,*,*,#5418,.F.);
#7313=ORIENTED_EDGE($,*,*,#5433,.F.);
#7314=ORIENTED_EDGE($,*,*,#5375,.T.);
#7315=ORIENTED_EDGE($,*,*,#5448,.T.);
#7316=ORIENTED_EDGE($,*,*,#5383,.T.);
#7317=ORIENTED_EDGE($,*,*,#5449,.T.);
#7318=ORIENTED_EDGE($,*,*,#5422,.T.);
#7319=ORIENTED_EDGE($,*,*,#5410,.T.);
#7320=ORIENTED_EDGE($,*,*,#5423,.T.);
#7321=ORIENTED_EDGE($,*,*,#5449,.F.);
#7322=ORIENTED_EDGE($,*,*,#5382,.F.);
#7323=ORIENTED_EDGE($,*,*,#5384,.T.);
#7324=ORIENTED_EDGE($,*,*,#5448,.F.);
#7325=ORIENTED_EDGE($,*,*,#5421,.F.);
#7326=ORIENTED_EDGE($,*,*,#5432,.F.);
#7327=ORIENTED_EDGE($,*,*,#5407,.F.);
#7328=ORIENTED_EDGE($,*,*,#5450,.F.);
#7329=ORIENTED_EDGE($,*,*,#5427,.F.);
#7330=ORIENTED_EDGE($,*,*,#5389,.T.);
#7331=ORIENTED_EDGE($,*,*,#5451,.T.);
#7332=ORIENTED_EDGE($,*,*,#5452,.T.);
#7333=ORIENTED_EDGE($,*,*,#5453,.T.);
#7334=ORIENTED_EDGE($,*,*,#5392,.T.);
#7335=ORIENTED_EDGE($,*,*,#5411,.F.);
#7336=ORIENTED_EDGE($,*,*,#5393,.T.);
#7337=ORIENTED_EDGE($,*,*,#5453,.F.);
#7338=ORIENTED_EDGE($,*,*,#5454,.F.);
#7339=ORIENTED_EDGE($,*,*,#5455,.T.);
#7340=ORIENTED_EDGE($,*,*,#5451,.F.);
#7341=ORIENTED_EDGE($,*,*,#5391,.F.);
#7342=ORIENTED_EDGE($,*,*,#5426,.F.);
#7343=ORIENTED_EDGE($,*,*,#5406,.T.);
#7344=ORIENTED_EDGE($,*,*,#5456,.F.);
#7345=ORIENTED_EDGE($,*,*,#5430,.F.);
#7346=ORIENTED_EDGE($,*,*,#5457,.T.);
#7347=ORIENTED_EDGE($,*,*,#5458,.F.);
#7348=ORIENTED_EDGE($,*,*,#5459,.F.);
#7349=ORIENTED_EDGE($,*,*,#5412,.F.);
#7350=ORIENTED_EDGE($,*,*,#5454,.T.);
#7351=ORIENTED_EDGE($,*,*,#5452,.F.);
#7352=ORIENTED_EDGE($,*,*,#5455,.F.);
#7353=ORIENTED_EDGE($,*,*,#5428,.F.);
#7354=ORIENTED_EDGE($,*,*,#5450,.T.);
#7355=ORIENTED_EDGE($,*,*,#5413,.T.);
#7356=ORIENTED_EDGE($,*,*,#5459,.T.);
#7357=ORIENTED_EDGE($,*,*,#5460,.F.);
#7358=ORIENTED_EDGE($,*,*,#5396,.F.);
#7359=ORIENTED_EDGE($,*,*,#5460,.T.);
#7360=ORIENTED_EDGE($,*,*,#5458,.T.);
#7361=ORIENTED_EDGE($,*,*,#5461,.T.);
#7362=ORIENTED_EDGE($,*,*,#5397,.T.);
#7363=ORIENTED_EDGE($,*,*,#5398,.T.);
#7364=ORIENTED_EDGE($,*,*,#5461,.F.);
#7365=ORIENTED_EDGE($,*,*,#5457,.F.);
#7366=ORIENTED_EDGE($,*,*,#5429,.F.);
#7367=ORIENTED_EDGE($,*,*,#5405,.T.);
#7368=ORIENTED_EDGE($,*,*,#5400,.F.);
#7369=ORIENTED_EDGE($,*,*,#5431,.F.);
#7370=ORIENTED_EDGE($,*,*,#5456,.T.);
#7371=ORIENTED_EDGE($,*,*,#5462,.F.);
#7372=ORIENTED_EDGE($,*,*,#5463,.F.);
#7373=ORIENTED_EDGE($,*,*,#5464,.T.);
#7374=ORIENTED_EDGE($,*,*,#5465,.T.);
#7375=ORIENTED_EDGE($,*,*,#5466,.F.);
#7376=ORIENTED_EDGE($,*,*,#5467,.T.);
#7377=ORIENTED_EDGE($,*,*,#5468,.T.);
#7378=ORIENTED_EDGE($,*,*,#5469,.F.);
#7379=ORIENTED_EDGE($,*,*,#5470,.T.);
#7380=ORIENTED_EDGE($,*,*,#5471,.T.);
#7381=ORIENTED_EDGE($,*,*,#5472,.T.);
#7382=ORIENTED_EDGE($,*,*,#5473,.T.);
#7383=ORIENTED_EDGE($,*,*,#5474,.T.);
#7384=ORIENTED_EDGE($,*,*,#5475,.T.);
#7385=ORIENTED_EDGE($,*,*,#5476,.T.);
#7386=ORIENTED_EDGE($,*,*,#5477,.T.);
#7387=ORIENTED_EDGE($,*,*,#5478,.T.);
#7388=ORIENTED_EDGE($,*,*,#5479,.F.);
#7389=ORIENTED_EDGE($,*,*,#5480,.T.);
#7390=ORIENTED_EDGE($,*,*,#5481,.T.);
#7391=ORIENTED_EDGE($,*,*,#5482,.T.);
#7392=ORIENTED_EDGE($,*,*,#5483,.F.);
#7393=ORIENTED_EDGE($,*,*,#5484,.F.);
#7394=ORIENTED_EDGE($,*,*,#5485,.T.);
#7395=ORIENTED_EDGE($,*,*,#5486,.T.);
#7396=ORIENTED_EDGE($,*,*,#5487,.T.);
#7397=ORIENTED_EDGE($,*,*,#5488,.F.);
#7398=ORIENTED_EDGE($,*,*,#5489,.F.);
#7399=ORIENTED_EDGE($,*,*,#5490,.F.);
#7400=ORIENTED_EDGE($,*,*,#5491,.T.);
#7401=ORIENTED_EDGE($,*,*,#5492,.T.);
#7402=ORIENTED_EDGE($,*,*,#5493,.T.);
#7403=ORIENTED_EDGE($,*,*,#5494,.F.);
#7404=ORIENTED_EDGE($,*,*,#5495,.T.);
#7405=ORIENTED_EDGE($,*,*,#5496,.F.);
#7406=ORIENTED_EDGE($,*,*,#5497,.T.);
#7407=ORIENTED_EDGE($,*,*,#5498,.F.);
#7408=ORIENTED_EDGE($,*,*,#5499,.F.);
#7409=ORIENTED_EDGE($,*,*,#5500,.T.);
#7410=ORIENTED_EDGE($,*,*,#5501,.T.);
#7411=ORIENTED_EDGE($,*,*,#5502,.F.);
#7412=ORIENTED_EDGE($,*,*,#5503,.T.);
#7413=ORIENTED_EDGE($,*,*,#5504,.F.);
#7414=ORIENTED_EDGE($,*,*,#5505,.T.);
#7415=ORIENTED_EDGE($,*,*,#5506,.T.);
#7416=ORIENTED_EDGE($,*,*,#5507,.F.);
#7417=ORIENTED_EDGE($,*,*,#5508,.F.);
#7418=ORIENTED_EDGE($,*,*,#5509,.F.);
#7419=ORIENTED_EDGE($,*,*,#5510,.T.);
#7420=ORIENTED_EDGE($,*,*,#5511,.F.);
#7421=ORIENTED_EDGE($,*,*,#5512,.F.);
#7422=ORIENTED_EDGE($,*,*,#5513,.T.);
#7423=ORIENTED_EDGE($,*,*,#5514,.T.);
#7424=ORIENTED_EDGE($,*,*,#5515,.F.);
#7425=ORIENTED_EDGE($,*,*,#5516,.F.);
#7426=ORIENTED_EDGE($,*,*,#5517,.T.);
#7427=ORIENTED_EDGE($,*,*,#5518,.F.);
#7428=ORIENTED_EDGE($,*,*,#5519,.F.);
#7429=ORIENTED_EDGE($,*,*,#5520,.T.);
#7430=ORIENTED_EDGE($,*,*,#5521,.T.);
#7431=ORIENTED_EDGE($,*,*,#5522,.F.);
#7432=ORIENTED_EDGE($,*,*,#5523,.T.);
#7433=ORIENTED_EDGE($,*,*,#5524,.T.);
#7434=ORIENTED_EDGE($,*,*,#5525,.T.);
#7435=ORIENTED_EDGE($,*,*,#5526,.T.);
#7436=ORIENTED_EDGE($,*,*,#5527,.T.);
#7437=ORIENTED_EDGE($,*,*,#5528,.T.);
#7438=ORIENTED_EDGE($,*,*,#5529,.T.);
#7439=ORIENTED_EDGE($,*,*,#5530,.T.);
#7440=ORIENTED_EDGE($,*,*,#5531,.F.);
#7441=ORIENTED_EDGE($,*,*,#5532,.T.);
#7442=ORIENTED_EDGE($,*,*,#5533,.T.);
#7443=ORIENTED_EDGE($,*,*,#5534,.T.);
#7444=ORIENTED_EDGE($,*,*,#5535,.T.);
#7445=ORIENTED_EDGE($,*,*,#5536,.F.);
#7446=ORIENTED_EDGE($,*,*,#5537,.F.);
#7447=ORIENTED_EDGE($,*,*,#5538,.F.);
#7448=ORIENTED_EDGE($,*,*,#5539,.T.);
#7449=ORIENTED_EDGE($,*,*,#5540,.T.);
#7450=ORIENTED_EDGE($,*,*,#5541,.F.);
#7451=ORIENTED_EDGE($,*,*,#5542,.F.);
#7452=ORIENTED_EDGE($,*,*,#5469,.T.);
#7453=ORIENTED_EDGE($,*,*,#5543,.F.);
#7454=ORIENTED_EDGE($,*,*,#5514,.F.);
#7455=ORIENTED_EDGE($,*,*,#5544,.F.);
#7456=ORIENTED_EDGE($,*,*,#5521,.F.);
#7457=ORIENTED_EDGE($,*,*,#5545,.F.);
#7458=ORIENTED_EDGE($,*,*,#5462,.T.);
#7459=ORIENTED_EDGE($,*,*,#5546,.T.);
#7460=ORIENTED_EDGE($,*,*,#5473,.F.);
#7461=ORIENTED_EDGE($,*,*,#5547,.F.);
#7462=ORIENTED_EDGE($,*,*,#5511,.T.);
#7463=ORIENTED_EDGE($,*,*,#5542,.T.);
#7464=ORIENTED_EDGE($,*,*,#5517,.F.);
#7465=ORIENTED_EDGE($,*,*,#5548,.F.);
#7466=ORIENTED_EDGE($,*,*,#5466,.T.);
#7467=ORIENTED_EDGE($,*,*,#5549,.T.);
#7468=ORIENTED_EDGE($,*,*,#5505,.F.);
#7469=ORIENTED_EDGE($,*,*,#5550,.F.);
#7470=ORIENTED_EDGE($,*,*,#5479,.T.);
#7471=ORIENTED_EDGE($,*,*,#5544,.T.);
#7472=ORIENTED_EDGE($,*,*,#5465,.F.);
#7473=ORIENTED_EDGE($,*,*,#5551,.F.);
#7474=ORIENTED_EDGE($,*,*,#5518,.T.);
#7475=ORIENTED_EDGE($,*,*,#5507,.T.);
#7476=ORIENTED_EDGE($,*,*,#5552,.T.);
#7477=ORIENTED_EDGE($,*,*,#5497,.F.);
#7478=ORIENTED_EDGE($,*,*,#5553,.F.);
#7479=ORIENTED_EDGE($,*,*,#5545,.T.);
#7480=ORIENTED_EDGE($,*,*,#5520,.F.);
#7481=ORIENTED_EDGE($,*,*,#5554,.F.);
#7482=ORIENTED_EDGE($,*,*,#5463,.T.);
#7483=ORIENTED_EDGE($,*,*,#5548,.T.);
#7484=ORIENTED_EDGE($,*,*,#5516,.T.);
#7485=ORIENTED_EDGE($,*,*,#5555,.T.);
#7486=ORIENTED_EDGE($,*,*,#5467,.F.);
#7487=ORIENTED_EDGE($,*,*,#5470,.F.);
#7488=ORIENTED_EDGE($,*,*,#5556,.T.);
#7489=ORIENTED_EDGE($,*,*,#5522,.T.);
#7490=ORIENTED_EDGE($,*,*,#5557,.F.);
#7491=ORIENTED_EDGE($,*,*,#5502,.T.);
#7492=ORIENTED_EDGE($,*,*,#5558,.T.);
#7493=ORIENTED_EDGE($,*,*,#5490,.T.);
#7494=ORIENTED_EDGE($,*,*,#5559,.F.);
#7495=ORIENTED_EDGE($,*,*,#5560,.F.);
#7496=ORIENTED_EDGE($,*,*,#5499,.T.);
#7497=ORIENTED_EDGE($,*,*,#5561,.F.);
#7498=ORIENTED_EDGE($,*,*,#5525,.F.);
#7499=ORIENTED_EDGE($,*,*,#5562,.F.);
#7500=ORIENTED_EDGE($,*,*,#5541,.T.);
#7501=ORIENTED_EDGE($,*,*,#5563,.F.);
#7502=ORIENTED_EDGE($,*,*,#5482,.F.);
#7503=ORIENTED_EDGE($,*,*,#5563,.T.);
#7504=ORIENTED_EDGE($,*,*,#5540,.F.);
#7505=ORIENTED_EDGE($,*,*,#5564,.T.);
#7506=ORIENTED_EDGE($,*,*,#5483,.T.);
#7507=ORIENTED_EDGE($,*,*,#5565,.F.);
#7508=ORIENTED_EDGE($,*,*,#5531,.T.);
#7509=ORIENTED_EDGE($,*,*,#5566,.F.);
#7510=ORIENTED_EDGE($,*,*,#5493,.F.);
#7511=ORIENTED_EDGE($,*,*,#5567,.F.);
#7512=ORIENTED_EDGE($,*,*,#5489,.T.);
#7513=ORIENTED_EDGE($,*,*,#5568,.F.);
#7514=ORIENTED_EDGE($,*,*,#5534,.F.);
#7515=ORIENTED_EDGE($,*,*,#5567,.T.);
#7516=ORIENTED_EDGE($,*,*,#5537,.T.);
#7517=ORIENTED_EDGE($,*,*,#5569,.T.);
#7518=ORIENTED_EDGE($,*,*,#5486,.F.);
#7519=ORIENTED_EDGE($,*,*,#5551,.T.);
#7520=ORIENTED_EDGE($,*,*,#5464,.F.);
#7521=ORIENTED_EDGE($,*,*,#5554,.T.);
#7522=ORIENTED_EDGE($,*,*,#5519,.T.);
#7523=ORIENTED_EDGE($,*,*,#5562,.T.);
#7524=ORIENTED_EDGE($,*,*,#5485,.F.);
#7525=ORIENTED_EDGE($,*,*,#5570,.T.);
#7526=ORIENTED_EDGE($,*,*,#5538,.T.);
#7527=ORIENTED_EDGE($,*,*,#5509,.T.);
#7528=ORIENTED_EDGE($,*,*,#5571,.T.);
#7529=ORIENTED_EDGE($,*,*,#5495,.F.);
#7530=ORIENTED_EDGE($,*,*,#5572,.F.);
#7531=ORIENTED_EDGE($,*,*,#5568,.T.);
#7532=ORIENTED_EDGE($,*,*,#5488,.T.);
#7533=ORIENTED_EDGE($,*,*,#5573,.T.);
#7534=ORIENTED_EDGE($,*,*,#5535,.F.);
#7535=ORIENTED_EDGE($,*,*,#5491,.F.);
#7536=ORIENTED_EDGE($,*,*,#5558,.F.);
#7537=ORIENTED_EDGE($,*,*,#5513,.F.);
#7538=ORIENTED_EDGE($,*,*,#5574,.T.);
#7539=ORIENTED_EDGE($,*,*,#5503,.F.);
#7540=ORIENTED_EDGE($,*,*,#5559,.T.);
#7541=ORIENTED_EDGE($,*,*,#5501,.F.);
#7542=ORIENTED_EDGE($,*,*,#5575,.F.);
#7543=ORIENTED_EDGE($,*,*,#5573,.F.);
#7544=ORIENTED_EDGE($,*,*,#5487,.F.);
#7545=ORIENTED_EDGE($,*,*,#5569,.F.);
#7546=ORIENTED_EDGE($,*,*,#5536,.T.);
#7547=ORIENTED_EDGE($,*,*,#5564,.F.);
#7548=ORIENTED_EDGE($,*,*,#5539,.F.);
#7549=ORIENTED_EDGE($,*,*,#5570,.F.);
#7550=ORIENTED_EDGE($,*,*,#5484,.T.);
#7551=ORIENTED_EDGE($,*,*,#5471,.F.);
#7552=ORIENTED_EDGE($,*,*,#5557,.T.);
#7553=ORIENTED_EDGE($,*,*,#5533,.F.);
#7554=ORIENTED_EDGE($,*,*,#5576,.T.);
#7555=ORIENTED_EDGE($,*,*,#5543,.T.);
#7556=ORIENTED_EDGE($,*,*,#5468,.F.);
#7557=ORIENTED_EDGE($,*,*,#5555,.F.);
#7558=ORIENTED_EDGE($,*,*,#5515,.T.);
#7559=ORIENTED_EDGE($,*,*,#5472,.F.);
#7560=ORIENTED_EDGE($,*,*,#5576,.F.);
#7561=ORIENTED_EDGE($,*,*,#5532,.F.);
#7562=ORIENTED_EDGE($,*,*,#5565,.T.);
#7563=ORIENTED_EDGE($,*,*,#5492,.F.);
#7564=ORIENTED_EDGE($,*,*,#5574,.F.);
#7565=ORIENTED_EDGE($,*,*,#5512,.T.);
#7566=ORIENTED_EDGE($,*,*,#5547,.T.);
#7567=ORIENTED_EDGE($,*,*,#5478,.F.);
#7568=ORIENTED_EDGE($,*,*,#5577,.T.);
#7569=ORIENTED_EDGE($,*,*,#5526,.F.);
#7570=ORIENTED_EDGE($,*,*,#5561,.T.);
#7571=ORIENTED_EDGE($,*,*,#5498,.T.);
#7572=ORIENTED_EDGE($,*,*,#5552,.F.);
#7573=ORIENTED_EDGE($,*,*,#5506,.F.);
#7574=ORIENTED_EDGE($,*,*,#5549,.F.);
#7575=ORIENTED_EDGE($,*,*,#5481,.F.);
#7576=ORIENTED_EDGE($,*,*,#5578,.T.);
#7577=ORIENTED_EDGE($,*,*,#5523,.F.);
#7578=ORIENTED_EDGE($,*,*,#5556,.F.);
#7579=ORIENTED_EDGE($,*,*,#5474,.F.);
#7580=ORIENTED_EDGE($,*,*,#5546,.F.);
#7581=ORIENTED_EDGE($,*,*,#5510,.F.);
#7582=ORIENTED_EDGE($,*,*,#5572,.T.);
#7583=ORIENTED_EDGE($,*,*,#5494,.T.);
#7584=ORIENTED_EDGE($,*,*,#5566,.T.);
#7585=ORIENTED_EDGE($,*,*,#5530,.F.);
#7586=ORIENTED_EDGE($,*,*,#5579,.F.);
#7587=ORIENTED_EDGE($,*,*,#5475,.F.);
#7588=ORIENTED_EDGE($,*,*,#5579,.T.);
#7589=ORIENTED_EDGE($,*,*,#5529,.F.);
#7590=ORIENTED_EDGE($,*,*,#5580,.T.);
#7591=ORIENTED_EDGE($,*,*,#5508,.T.);
#7592=ORIENTED_EDGE($,*,*,#5553,.T.);
#7593=ORIENTED_EDGE($,*,*,#5496,.T.);
#7594=ORIENTED_EDGE($,*,*,#5571,.F.);
#7595=ORIENTED_EDGE($,*,*,#5476,.F.);
#7596=ORIENTED_EDGE($,*,*,#5580,.F.);
#7597=ORIENTED_EDGE($,*,*,#5528,.F.);
#7598=ORIENTED_EDGE($,*,*,#5581,.F.);
#7599=ORIENTED_EDGE($,*,*,#5477,.F.);
#7600=ORIENTED_EDGE($,*,*,#5581,.T.);
#7601=ORIENTED_EDGE($,*,*,#5527,.F.);
#7602=ORIENTED_EDGE($,*,*,#5577,.F.);
#7603=ORIENTED_EDGE($,*,*,#5480,.F.);
#7604=ORIENTED_EDGE($,*,*,#5550,.T.);
#7605=ORIENTED_EDGE($,*,*,#5504,.T.);
#7606=ORIENTED_EDGE($,*,*,#5575,.T.);
#7607=ORIENTED_EDGE($,*,*,#5500,.F.);
#7608=ORIENTED_EDGE($,*,*,#5560,.T.);
#7609=ORIENTED_EDGE($,*,*,#5524,.F.);
#7610=ORIENTED_EDGE($,*,*,#5578,.F.);
#7611=ORIENTED_EDGE($,*,*,#5582,.F.);
#7612=ORIENTED_EDGE($,*,*,#5583,.F.);
#7613=ORIENTED_EDGE($,*,*,#5584,.F.);
#7614=ORIENTED_EDGE($,*,*,#5585,.T.);
#7615=ORIENTED_EDGE($,*,*,#5586,.F.);
#7616=ORIENTED_EDGE($,*,*,#5587,.F.);
#7617=ORIENTED_EDGE($,*,*,#5588,.F.);
#7618=ORIENTED_EDGE($,*,*,#5589,.T.);
#7619=ORIENTED_EDGE($,*,*,#5590,.F.);
#7620=ORIENTED_EDGE($,*,*,#5585,.F.);
#7621=ORIENTED_EDGE($,*,*,#5591,.F.);
#7622=ORIENTED_EDGE($,*,*,#5587,.T.);
#7623=ORIENTED_EDGE($,*,*,#5592,.F.);
#7624=ORIENTED_EDGE($,*,*,#5593,.F.);
#7625=ORIENTED_EDGE($,*,*,#5594,.T.);
#7626=ORIENTED_EDGE($,*,*,#5595,.T.);
#7627=ORIENTED_EDGE($,*,*,#5596,.T.);
#7628=ORIENTED_EDGE($,*,*,#5597,.F.);
#7629=ORIENTED_EDGE($,*,*,#5594,.F.);
#7630=ORIENTED_EDGE($,*,*,#5598,.F.);
#7631=ORIENTED_EDGE($,*,*,#5599,.F.);
#7632=ORIENTED_EDGE($,*,*,#5595,.F.);
#7633=ORIENTED_EDGE($,*,*,#5597,.T.);
#7634=ORIENTED_EDGE($,*,*,#5600,.T.);
#7635=ORIENTED_EDGE($,*,*,#5601,.T.);
#7636=ORIENTED_EDGE($,*,*,#5588,.T.);
#7637=ORIENTED_EDGE($,*,*,#5591,.T.);
#7638=ORIENTED_EDGE($,*,*,#5584,.T.);
#7639=ORIENTED_EDGE($,*,*,#5602,.F.);
#7640=ORIENTED_EDGE($,*,*,#5600,.F.);
#7641=ORIENTED_EDGE($,*,*,#5596,.F.);
#7642=ORIENTED_EDGE($,*,*,#5603,.T.);
#7643=ORIENTED_EDGE($,*,*,#5604,.F.);
#7644=ORIENTED_EDGE($,*,*,#5589,.F.);
#7645=ORIENTED_EDGE($,*,*,#5601,.F.);
#7646=ORIENTED_EDGE($,*,*,#5583,.T.);
#7647=ORIENTED_EDGE($,*,*,#5605,.F.);
#7648=ORIENTED_EDGE($,*,*,#5603,.F.);
#7649=ORIENTED_EDGE($,*,*,#5598,.T.);
#7650=ORIENTED_EDGE($,*,*,#5593,.T.);
#7651=ORIENTED_EDGE($,*,*,#5582,.T.);
#7652=ORIENTED_EDGE($,*,*,#5590,.T.);
#7653=ORIENTED_EDGE($,*,*,#5599,.T.);
#7654=ORIENTED_EDGE($,*,*,#5602,.T.);
#7655=ORIENTED_EDGE($,*,*,#5592,.T.);
#7656=ORIENTED_EDGE($,*,*,#5586,.T.);
#7657=ORIENTED_EDGE($,*,*,#5604,.T.);
#7658=ORIENTED_EDGE($,*,*,#5605,.T.);
#7659=ORIENTED_EDGE($,*,*,#5606,.T.);
#7660=ORIENTED_EDGE($,*,*,#5607,.T.);
#7661=ORIENTED_EDGE($,*,*,#5608,.T.);
#7662=ORIENTED_EDGE($,*,*,#5609,.T.);
#7663=ORIENTED_EDGE($,*,*,#5610,.T.);
#7664=ORIENTED_EDGE($,*,*,#5611,.T.);
#7665=ORIENTED_EDGE($,*,*,#5612,.T.);
#7666=ORIENTED_EDGE($,*,*,#5613,.T.);
#7667=ORIENTED_EDGE($,*,*,#5614,.T.);
#7668=ORIENTED_EDGE($,*,*,#5611,.F.);
#7669=ORIENTED_EDGE($,*,*,#5615,.F.);
#7670=ORIENTED_EDGE($,*,*,#5609,.F.);
#7671=ORIENTED_EDGE($,*,*,#5616,.T.);
#7672=ORIENTED_EDGE($,*,*,#5612,.F.);
#7673=ORIENTED_EDGE($,*,*,#5614,.F.);
#7674=ORIENTED_EDGE($,*,*,#5608,.F.);
#7675=ORIENTED_EDGE($,*,*,#5617,.T.);
#7676=ORIENTED_EDGE($,*,*,#5613,.F.);
#7677=ORIENTED_EDGE($,*,*,#5616,.F.);
#7678=ORIENTED_EDGE($,*,*,#5607,.F.);
#7679=ORIENTED_EDGE($,*,*,#5615,.T.);
#7680=ORIENTED_EDGE($,*,*,#5610,.F.);
#7681=ORIENTED_EDGE($,*,*,#5617,.F.);
#7682=ORIENTED_EDGE($,*,*,#5606,.F.);
#7683=ORIENTED_EDGE($,*,*,#5618,.T.);
#7684=ORIENTED_EDGE($,*,*,#5619,.T.);
#7685=ORIENTED_EDGE($,*,*,#5620,.T.);
#7686=ORIENTED_EDGE($,*,*,#5621,.T.);
#7687=ORIENTED_EDGE($,*,*,#5622,.T.);
#7688=ORIENTED_EDGE($,*,*,#5623,.T.);
#7689=ORIENTED_EDGE($,*,*,#5624,.T.);
#7690=ORIENTED_EDGE($,*,*,#5625,.T.);
#7691=ORIENTED_EDGE($,*,*,#5626,.T.);
#7692=ORIENTED_EDGE($,*,*,#5627,.T.);
#7693=ORIENTED_EDGE($,*,*,#5628,.T.);
#7694=ORIENTED_EDGE($,*,*,#5629,.T.);
#7695=ORIENTED_EDGE($,*,*,#5630,.T.);
#7696=ORIENTED_EDGE($,*,*,#5631,.T.);
#7697=ORIENTED_EDGE($,*,*,#5632,.T.);
#7698=ORIENTED_EDGE($,*,*,#5633,.T.);
#7699=ORIENTED_EDGE($,*,*,#5634,.F.);
#7700=ORIENTED_EDGE($,*,*,#5635,.F.);
#7701=ORIENTED_EDGE($,*,*,#5636,.F.);
#7702=ORIENTED_EDGE($,*,*,#5637,.F.);
#7703=ORIENTED_EDGE($,*,*,#5635,.T.);
#7704=ORIENTED_EDGE($,*,*,#5638,.T.);
#7705=ORIENTED_EDGE($,*,*,#5639,.F.);
#7706=ORIENTED_EDGE($,*,*,#5640,.F.);
#7707=ORIENTED_EDGE($,*,*,#5636,.T.);
#7708=ORIENTED_EDGE($,*,*,#5640,.T.);
#7709=ORIENTED_EDGE($,*,*,#5641,.F.);
#7710=ORIENTED_EDGE($,*,*,#5642,.F.);
#7711=ORIENTED_EDGE($,*,*,#5637,.T.);
#7712=ORIENTED_EDGE($,*,*,#5642,.T.);
#7713=ORIENTED_EDGE($,*,*,#5643,.F.);
#7714=ORIENTED_EDGE($,*,*,#5644,.F.);
#7715=ORIENTED_EDGE($,*,*,#5634,.T.);
#7716=ORIENTED_EDGE($,*,*,#5644,.T.);
#7717=ORIENTED_EDGE($,*,*,#5645,.F.);
#7718=ORIENTED_EDGE($,*,*,#5638,.F.);
#7719=ORIENTED_EDGE($,*,*,#5645,.T.);
#7720=ORIENTED_EDGE($,*,*,#5643,.T.);
#7721=ORIENTED_EDGE($,*,*,#5641,.T.);
#7722=ORIENTED_EDGE($,*,*,#5639,.T.);
#7723=ORIENTED_EDGE($,*,*,#5646,.F.);
#7724=ORIENTED_EDGE($,*,*,#5618,.F.);
#7725=ORIENTED_EDGE($,*,*,#5647,.F.);
#7726=ORIENTED_EDGE($,*,*,#5648,.F.);
#7727=ORIENTED_EDGE($,*,*,#5649,.T.);
#7728=ORIENTED_EDGE($,*,*,#5650,.T.);
#7729=ORIENTED_EDGE($,*,*,#5651,.F.);
#7730=ORIENTED_EDGE($,*,*,#5652,.F.);
#7731=ORIENTED_EDGE($,*,*,#5653,.F.);
#7732=ORIENTED_EDGE($,*,*,#5654,.F.);
#7733=ORIENTED_EDGE($,*,*,#5655,.T.);
#7734=ORIENTED_EDGE($,*,*,#5656,.F.);
#7735=ORIENTED_EDGE($,*,*,#5657,.T.);
#7736=ORIENTED_EDGE($,*,*,#5658,.T.);
#7737=ORIENTED_EDGE($,*,*,#5659,.T.);
#7738=ORIENTED_EDGE($,*,*,#5622,.F.);
#7739=ORIENTED_EDGE($,*,*,#5646,.T.);
#7740=ORIENTED_EDGE($,*,*,#5660,.F.);
#7741=ORIENTED_EDGE($,*,*,#5661,.T.);
#7742=ORIENTED_EDGE($,*,*,#5619,.F.);
#7743=ORIENTED_EDGE($,*,*,#5662,.F.);
#7744=ORIENTED_EDGE($,*,*,#5663,.F.);
#7745=ORIENTED_EDGE($,*,*,#5664,.F.);
#7746=ORIENTED_EDGE($,*,*,#5651,.T.);
#7747=ORIENTED_EDGE($,*,*,#5665,.F.);
#7748=ORIENTED_EDGE($,*,*,#5647,.T.);
#7749=ORIENTED_EDGE($,*,*,#5621,.F.);
#7750=ORIENTED_EDGE($,*,*,#5666,.F.);
#7751=ORIENTED_EDGE($,*,*,#5664,.T.);
#7752=ORIENTED_EDGE($,*,*,#5667,.T.);
#7753=ORIENTED_EDGE($,*,*,#5660,.T.);
#7754=ORIENTED_EDGE($,*,*,#5652,.T.);
#7755=ORIENTED_EDGE($,*,*,#5661,.F.);
#7756=ORIENTED_EDGE($,*,*,#5667,.F.);
#7757=ORIENTED_EDGE($,*,*,#5663,.T.);
#7758=ORIENTED_EDGE($,*,*,#5668,.F.);
#7759=ORIENTED_EDGE($,*,*,#5669,.F.);
#7760=ORIENTED_EDGE($,*,*,#5670,.F.);
#7761=ORIENTED_EDGE($,*,*,#5671,.F.);
#7762=ORIENTED_EDGE($,*,*,#5626,.F.);
#7763=ORIENTED_EDGE($,*,*,#5672,.F.);
#7764=ORIENTED_EDGE($,*,*,#5673,.T.);
#7765=ORIENTED_EDGE($,*,*,#5666,.T.);
#7766=ORIENTED_EDGE($,*,*,#5620,.F.);
#7767=ORIENTED_EDGE($,*,*,#5674,.F.);
#7768=ORIENTED_EDGE($,*,*,#5655,.F.);
#7769=ORIENTED_EDGE($,*,*,#5675,.F.);
#7770=ORIENTED_EDGE($,*,*,#5676,.T.);
#7771=ORIENTED_EDGE($,*,*,#5677,.T.);
#7772=ORIENTED_EDGE($,*,*,#5678,.F.);
#7773=ORIENTED_EDGE($,*,*,#5653,.T.);
#7774=ORIENTED_EDGE($,*,*,#5625,.F.);
#7775=ORIENTED_EDGE($,*,*,#5675,.T.);
#7776=ORIENTED_EDGE($,*,*,#5654,.T.);
#7777=ORIENTED_EDGE($,*,*,#5678,.T.);
#7778=ORIENTED_EDGE($,*,*,#5679,.T.);
#7779=ORIENTED_EDGE($,*,*,#5680,.F.);
#7780=ORIENTED_EDGE($,*,*,#5681,.T.);
#7781=ORIENTED_EDGE($,*,*,#5623,.F.);
#7782=ORIENTED_EDGE($,*,*,#5659,.F.);
#7783=ORIENTED_EDGE($,*,*,#5682,.F.);
#7784=ORIENTED_EDGE($,*,*,#5683,.F.);
#7785=ORIENTED_EDGE($,*,*,#5684,.F.);
#7786=ORIENTED_EDGE($,*,*,#5685,.T.);
#7787=ORIENTED_EDGE($,*,*,#5657,.F.);
#7788=ORIENTED_EDGE($,*,*,#5686,.F.);
#7789=ORIENTED_EDGE($,*,*,#5649,.F.);
#7790=ORIENTED_EDGE($,*,*,#5687,.T.);
#7791=ORIENTED_EDGE($,*,*,#5688,.T.);
#7792=ORIENTED_EDGE($,*,*,#5627,.F.);
#7793=ORIENTED_EDGE($,*,*,#5671,.T.);
#7794=ORIENTED_EDGE($,*,*,#5689,.F.);
#7795=ORIENTED_EDGE($,*,*,#5690,.F.);
#7796=ORIENTED_EDGE($,*,*,#5672,.T.);
#7797=ORIENTED_EDGE($,*,*,#5629,.F.);
#7798=ORIENTED_EDGE($,*,*,#5691,.F.);
#7799=ORIENTED_EDGE($,*,*,#5692,.F.);
#7800=ORIENTED_EDGE($,*,*,#5693,.F.);
#7801=ORIENTED_EDGE($,*,*,#5694,.F.);
#7802=ORIENTED_EDGE($,*,*,#5669,.T.);
#7803=ORIENTED_EDGE($,*,*,#5689,.T.);
#7804=ORIENTED_EDGE($,*,*,#5670,.T.);
#7805=ORIENTED_EDGE($,*,*,#5694,.T.);
#7806=ORIENTED_EDGE($,*,*,#5695,.T.);
#7807=ORIENTED_EDGE($,*,*,#5688,.F.);
#7808=ORIENTED_EDGE($,*,*,#5695,.F.);
#7809=ORIENTED_EDGE($,*,*,#5693,.T.);
#7810=ORIENTED_EDGE($,*,*,#5696,.T.);
#7811=ORIENTED_EDGE($,*,*,#5684,.T.);
#7812=ORIENTED_EDGE($,*,*,#5697,.F.);
#7813=ORIENTED_EDGE($,*,*,#5691,.T.);
#7814=ORIENTED_EDGE($,*,*,#5628,.F.);
#7815=ORIENTED_EDGE($,*,*,#5677,.F.);
#7816=ORIENTED_EDGE($,*,*,#5624,.F.);
#7817=ORIENTED_EDGE($,*,*,#5681,.F.);
#7818=ORIENTED_EDGE($,*,*,#5698,.F.);
#7819=ORIENTED_EDGE($,*,*,#5699,.T.);
#7820=ORIENTED_EDGE($,*,*,#5632,.F.);
#7821=ORIENTED_EDGE($,*,*,#5700,.F.);
#7822=ORIENTED_EDGE($,*,*,#5701,.F.);
#7823=ORIENTED_EDGE($,*,*,#5702,.T.);
#7824=ORIENTED_EDGE($,*,*,#5703,.T.);
#7825=ORIENTED_EDGE($,*,*,#5676,.F.);
#7826=ORIENTED_EDGE($,*,*,#5679,.F.);
#7827=ORIENTED_EDGE($,*,*,#5704,.F.);
#7828=ORIENTED_EDGE($,*,*,#5630,.F.);
#7829=ORIENTED_EDGE($,*,*,#5705,.F.);
#7830=ORIENTED_EDGE($,*,*,#5706,.T.);
#7831=ORIENTED_EDGE($,*,*,#5682,.T.);
#7832=ORIENTED_EDGE($,*,*,#5707,.F.);
#7833=ORIENTED_EDGE($,*,*,#5708,.F.);
#7834=ORIENTED_EDGE($,*,*,#5709,.F.);
#7835=ORIENTED_EDGE($,*,*,#5710,.T.);
#7836=ORIENTED_EDGE($,*,*,#5702,.F.);
#7837=ORIENTED_EDGE($,*,*,#5711,.F.);
#7838=ORIENTED_EDGE($,*,*,#5708,.T.);
#7839=ORIENTED_EDGE($,*,*,#5700,.T.);
#7840=ORIENTED_EDGE($,*,*,#5631,.F.);
#7841=ORIENTED_EDGE($,*,*,#5704,.T.);
#7842=ORIENTED_EDGE($,*,*,#5712,.F.);
#7843=ORIENTED_EDGE($,*,*,#5712,.T.);
#7844=ORIENTED_EDGE($,*,*,#5709,.T.);
#7845=ORIENTED_EDGE($,*,*,#5711,.T.);
#7846=ORIENTED_EDGE($,*,*,#5701,.T.);
#7847=ORIENTED_EDGE($,*,*,#5713,.T.);
#7848=ORIENTED_EDGE($,*,*,#5705,.T.);
#7849=ORIENTED_EDGE($,*,*,#5633,.F.);
#7850=ORIENTED_EDGE($,*,*,#5699,.F.);
#7851=ORIENTED_EDGE($,*,*,#5673,.F.);
#7852=ORIENTED_EDGE($,*,*,#5690,.T.);
#7853=ORIENTED_EDGE($,*,*,#5697,.T.);
#7854=ORIENTED_EDGE($,*,*,#5683,.T.);
#7855=ORIENTED_EDGE($,*,*,#5706,.F.);
#7856=ORIENTED_EDGE($,*,*,#5713,.F.);
#7857=ORIENTED_EDGE($,*,*,#5698,.T.);
#7858=ORIENTED_EDGE($,*,*,#5680,.T.);
#7859=ORIENTED_EDGE($,*,*,#5658,.F.);
#7860=ORIENTED_EDGE($,*,*,#5687,.F.);
#7861=ORIENTED_EDGE($,*,*,#5648,.T.);
#7862=ORIENTED_EDGE($,*,*,#5665,.T.);
#7863=ORIENTED_EDGE($,*,*,#5668,.T.);
#7864=ORIENTED_EDGE($,*,*,#5662,.T.);
#7865=ORIENTED_EDGE($,*,*,#5650,.F.);
#7866=ORIENTED_EDGE($,*,*,#5686,.T.);
#7867=ORIENTED_EDGE($,*,*,#5656,.T.);
#7868=ORIENTED_EDGE($,*,*,#5674,.T.);
#7869=ORIENTED_EDGE($,*,*,#5703,.F.);
#7870=ORIENTED_EDGE($,*,*,#5710,.F.);
#7871=ORIENTED_EDGE($,*,*,#5707,.T.);
#7872=ORIENTED_EDGE($,*,*,#5685,.F.);
#7873=ORIENTED_EDGE($,*,*,#5696,.F.);
#7874=ORIENTED_EDGE($,*,*,#5692,.T.);
#7875=ORIENTED_EDGE($,*,*,#5714,.T.);
#7876=ORIENTED_EDGE($,*,*,#5715,.T.);
#7877=ORIENTED_EDGE($,*,*,#5716,.T.);
#7878=ORIENTED_EDGE($,*,*,#5717,.T.);
#7879=ORIENTED_EDGE($,*,*,#5718,.T.);
#7880=ORIENTED_EDGE($,*,*,#5719,.T.);
#7881=ORIENTED_EDGE($,*,*,#5720,.T.);
#7882=ORIENTED_EDGE($,*,*,#5721,.T.);
#7883=ORIENTED_EDGE($,*,*,#5722,.T.);
#7884=ORIENTED_EDGE($,*,*,#5719,.F.);
#7885=ORIENTED_EDGE($,*,*,#5723,.F.);
#7886=ORIENTED_EDGE($,*,*,#5717,.F.);
#7887=ORIENTED_EDGE($,*,*,#5724,.T.);
#7888=ORIENTED_EDGE($,*,*,#5720,.F.);
#7889=ORIENTED_EDGE($,*,*,#5722,.F.);
#7890=ORIENTED_EDGE($,*,*,#5716,.F.);
#7891=ORIENTED_EDGE($,*,*,#5725,.T.);
#7892=ORIENTED_EDGE($,*,*,#5721,.F.);
#7893=ORIENTED_EDGE($,*,*,#5724,.F.);
#7894=ORIENTED_EDGE($,*,*,#5715,.F.);
#7895=ORIENTED_EDGE($,*,*,#5723,.T.);
#7896=ORIENTED_EDGE($,*,*,#5718,.F.);
#7897=ORIENTED_EDGE($,*,*,#5725,.F.);
#7898=ORIENTED_EDGE($,*,*,#5714,.F.);
#7899=ORIENTED_EDGE($,*,*,#5726,.T.);
#7900=ORIENTED_EDGE($,*,*,#5727,.T.);
#7901=ORIENTED_EDGE($,*,*,#5728,.T.);
#7902=ORIENTED_EDGE($,*,*,#5729,.T.);
#7903=ORIENTED_EDGE($,*,*,#5730,.T.);
#7904=ORIENTED_EDGE($,*,*,#5731,.T.);
#7905=ORIENTED_EDGE($,*,*,#5732,.T.);
#7906=ORIENTED_EDGE($,*,*,#5733,.T.);
#7907=ORIENTED_EDGE($,*,*,#5734,.T.);
#7908=ORIENTED_EDGE($,*,*,#5731,.F.);
#7909=ORIENTED_EDGE($,*,*,#5735,.F.);
#7910=ORIENTED_EDGE($,*,*,#5729,.F.);
#7911=ORIENTED_EDGE($,*,*,#5736,.T.);
#7912=ORIENTED_EDGE($,*,*,#5732,.F.);
#7913=ORIENTED_EDGE($,*,*,#5734,.F.);
#7914=ORIENTED_EDGE($,*,*,#5728,.F.);
#7915=ORIENTED_EDGE($,*,*,#5737,.T.);
#7916=ORIENTED_EDGE($,*,*,#5733,.F.);
#7917=ORIENTED_EDGE($,*,*,#5736,.F.);
#7918=ORIENTED_EDGE($,*,*,#5727,.F.);
#7919=ORIENTED_EDGE($,*,*,#5735,.T.);
#7920=ORIENTED_EDGE($,*,*,#5730,.F.);
#7921=ORIENTED_EDGE($,*,*,#5737,.F.);
#7922=ORIENTED_EDGE($,*,*,#5726,.F.);
#7923=ORIENTED_EDGE($,*,*,#5738,.F.);
#7924=ORIENTED_EDGE($,*,*,#5739,.F.);
#7925=ORIENTED_EDGE($,*,*,#5740,.F.);
#7926=ORIENTED_EDGE($,*,*,#5741,.F.);
#7927=ORIENTED_EDGE($,*,*,#5742,.F.);
#7928=ORIENTED_EDGE($,*,*,#5743,.F.);
#7929=ORIENTED_EDGE($,*,*,#5741,.T.);
#7930=ORIENTED_EDGE($,*,*,#5738,.T.);
#7931=ORIENTED_EDGE($,*,*,#5743,.T.);
#7932=ORIENTED_EDGE($,*,*,#5740,.T.);
#7933=ORIENTED_EDGE($,*,*,#5744,.T.);
#7934=ORIENTED_EDGE($,*,*,#5745,.T.);
#7935=ORIENTED_EDGE($,*,*,#5746,.T.);
#7936=ORIENTED_EDGE($,*,*,#5747,.T.);
#7937=ORIENTED_EDGE($,*,*,#5748,.T.);
#7938=ORIENTED_EDGE($,*,*,#5749,.T.);
#7939=ORIENTED_EDGE($,*,*,#5750,.T.);
#7940=ORIENTED_EDGE($,*,*,#5751,.T.);
#7941=ORIENTED_EDGE($,*,*,#5752,.T.);
#7942=ORIENTED_EDGE($,*,*,#5739,.T.);
#7943=ORIENTED_EDGE($,*,*,#5748,.F.);
#7944=ORIENTED_EDGE($,*,*,#5753,.F.);
#7945=ORIENTED_EDGE($,*,*,#5752,.F.);
#7946=ORIENTED_EDGE($,*,*,#5754,.T.);
#7947=ORIENTED_EDGE($,*,*,#5744,.F.);
#7948=ORIENTED_EDGE($,*,*,#5755,.T.);
#7949=ORIENTED_EDGE($,*,*,#5745,.F.);
#7950=ORIENTED_EDGE($,*,*,#5754,.F.);
#7951=ORIENTED_EDGE($,*,*,#5751,.F.);
#7952=ORIENTED_EDGE($,*,*,#5756,.T.);
#7953=ORIENTED_EDGE($,*,*,#5746,.F.);
#7954=ORIENTED_EDGE($,*,*,#5755,.F.);
#7955=ORIENTED_EDGE($,*,*,#5750,.F.);
#7956=ORIENTED_EDGE($,*,*,#5753,.T.);
#7957=ORIENTED_EDGE($,*,*,#5747,.F.);
#7958=ORIENTED_EDGE($,*,*,#5756,.F.);
#7959=ORIENTED_EDGE($,*,*,#5749,.F.);
#7960=ORIENTED_EDGE($,*,*,#5757,.F.);
#7961=ORIENTED_EDGE($,*,*,#5758,.F.);
#7962=ORIENTED_EDGE($,*,*,#5757,.T.);
#7963=ORIENTED_EDGE($,*,*,#5742,.T.);
#7964=ORIENTED_EDGE($,*,*,#5758,.T.);
#7965=ORIENTED_EDGE($,*,*,#5759,.T.);
#7966=ORIENTED_EDGE($,*,*,#5760,.T.);
#7967=ORIENTED_EDGE($,*,*,#5761,.T.);
#7968=ORIENTED_EDGE($,*,*,#5762,.T.);
#7969=ORIENTED_EDGE($,*,*,#5763,.T.);
#7970=ORIENTED_EDGE($,*,*,#5764,.T.);
#7971=ORIENTED_EDGE($,*,*,#5765,.T.);
#7972=ORIENTED_EDGE($,*,*,#5766,.T.);
#7973=ORIENTED_EDGE($,*,*,#5767,.T.);
#7974=ORIENTED_EDGE($,*,*,#5764,.F.);
#7975=ORIENTED_EDGE($,*,*,#5768,.F.);
#7976=ORIENTED_EDGE($,*,*,#5762,.F.);
#7977=ORIENTED_EDGE($,*,*,#5769,.T.);
#7978=ORIENTED_EDGE($,*,*,#5765,.F.);
#7979=ORIENTED_EDGE($,*,*,#5767,.F.);
#7980=ORIENTED_EDGE($,*,*,#5761,.F.);
#7981=ORIENTED_EDGE($,*,*,#5770,.T.);
#7982=ORIENTED_EDGE($,*,*,#5766,.F.);
#7983=ORIENTED_EDGE($,*,*,#5769,.F.);
#7984=ORIENTED_EDGE($,*,*,#5760,.F.);
#7985=ORIENTED_EDGE($,*,*,#5768,.T.);
#7986=ORIENTED_EDGE($,*,*,#5763,.F.);
#7987=ORIENTED_EDGE($,*,*,#5770,.F.);
#7988=ORIENTED_EDGE($,*,*,#5759,.F.);
#7989=ORIENTED_EDGE($,*,*,#5771,.F.);
#7990=ORIENTED_EDGE($,*,*,#5771,.T.);
#7991=ORIENTED_EDGE($,*,*,#5772,.T.);
#7992=ORIENTED_EDGE($,*,*,#5773,.T.);
#7993=ORIENTED_EDGE($,*,*,#5774,.T.);
#7994=ORIENTED_EDGE($,*,*,#5775,.T.);
#7995=ORIENTED_EDGE($,*,*,#5776,.T.);
#7996=ORIENTED_EDGE($,*,*,#5777,.T.);
#7997=ORIENTED_EDGE($,*,*,#5778,.T.);
#7998=ORIENTED_EDGE($,*,*,#5779,.T.);
#7999=ORIENTED_EDGE($,*,*,#5780,.T.);
#8000=ORIENTED_EDGE($,*,*,#5781,.F.);
#8001=ORIENTED_EDGE($,*,*,#5782,.F.);
#8002=ORIENTED_EDGE($,*,*,#5779,.F.);
#8003=ORIENTED_EDGE($,*,*,#5783,.T.);
#8004=ORIENTED_EDGE($,*,*,#5774,.F.);
#8005=ORIENTED_EDGE($,*,*,#5784,.F.);
#8006=ORIENTED_EDGE($,*,*,#5777,.F.);
#8007=ORIENTED_EDGE($,*,*,#5781,.T.);
#8008=ORIENTED_EDGE($,*,*,#5785,.T.);
#8009=ORIENTED_EDGE($,*,*,#5786,.T.);
#8010=ORIENTED_EDGE($,*,*,#5787,.T.);
#8011=ORIENTED_EDGE($,*,*,#5788,.F.);
#8012=ORIENTED_EDGE($,*,*,#5789,.T.);
#8013=ORIENTED_EDGE($,*,*,#5790,.F.);
#8014=ORIENTED_EDGE($,*,*,#5791,.F.);
#8015=ORIENTED_EDGE($,*,*,#5792,.F.);
#8016=ORIENTED_EDGE($,*,*,#5793,.T.);
#8017=ORIENTED_EDGE($,*,*,#5794,.F.);
#8018=ORIENTED_EDGE($,*,*,#5789,.F.);
#8019=ORIENTED_EDGE($,*,*,#5790,.T.);
#8020=ORIENTED_EDGE($,*,*,#5794,.T.);
#8021=ORIENTED_EDGE($,*,*,#5795,.T.);
#8022=ORIENTED_EDGE($,*,*,#5796,.T.);
#8023=ORIENTED_EDGE($,*,*,#5797,.F.);
#8024=ORIENTED_EDGE($,*,*,#5798,.T.);
#8025=ORIENTED_EDGE($,*,*,#5795,.F.);
#8026=ORIENTED_EDGE($,*,*,#5793,.F.);
#8027=ORIENTED_EDGE($,*,*,#5799,.F.);
#8028=ORIENTED_EDGE($,*,*,#5791,.T.);
#8029=ORIENTED_EDGE($,*,*,#5796,.F.);
#8030=ORIENTED_EDGE($,*,*,#5798,.F.);
#8031=ORIENTED_EDGE($,*,*,#5800,.F.);
#8032=ORIENTED_EDGE($,*,*,#5801,.T.);
#8033=ORIENTED_EDGE($,*,*,#5802,.F.);
#8034=ORIENTED_EDGE($,*,*,#5803,.F.);
#8035=ORIENTED_EDGE($,*,*,#5804,.F.);
#8036=ORIENTED_EDGE($,*,*,#5805,.T.);
#8037=ORIENTED_EDGE($,*,*,#5806,.F.);
#8038=ORIENTED_EDGE($,*,*,#5801,.F.);
#8039=ORIENTED_EDGE($,*,*,#5802,.T.);
#8040=ORIENTED_EDGE($,*,*,#5806,.T.);
#8041=ORIENTED_EDGE($,*,*,#5807,.T.);
#8042=ORIENTED_EDGE($,*,*,#5808,.T.);
#8043=ORIENTED_EDGE($,*,*,#5809,.F.);
#8044=ORIENTED_EDGE($,*,*,#5810,.T.);
#8045=ORIENTED_EDGE($,*,*,#5807,.F.);
#8046=ORIENTED_EDGE($,*,*,#5805,.F.);
#8047=ORIENTED_EDGE($,*,*,#5811,.F.);
#8048=ORIENTED_EDGE($,*,*,#5803,.T.);
#8049=ORIENTED_EDGE($,*,*,#5808,.F.);
#8050=ORIENTED_EDGE($,*,*,#5810,.F.);
#8051=ORIENTED_EDGE($,*,*,#5812,.F.);
#8052=ORIENTED_EDGE($,*,*,#5813,.T.);
#8053=ORIENTED_EDGE($,*,*,#5814,.F.);
#8054=ORIENTED_EDGE($,*,*,#5815,.F.);
#8055=ORIENTED_EDGE($,*,*,#5816,.F.);
#8056=ORIENTED_EDGE($,*,*,#5817,.T.);
#8057=ORIENTED_EDGE($,*,*,#5818,.F.);
#8058=ORIENTED_EDGE($,*,*,#5813,.F.);
#8059=ORIENTED_EDGE($,*,*,#5814,.T.);
#8060=ORIENTED_EDGE($,*,*,#5818,.T.);
#8061=ORIENTED_EDGE($,*,*,#5819,.T.);
#8062=ORIENTED_EDGE($,*,*,#5820,.T.);
#8063=ORIENTED_EDGE($,*,*,#5821,.F.);
#8064=ORIENTED_EDGE($,*,*,#5822,.T.);
#8065=ORIENTED_EDGE($,*,*,#5819,.F.);
#8066=ORIENTED_EDGE($,*,*,#5817,.F.);
#8067=ORIENTED_EDGE($,*,*,#5823,.F.);
#8068=ORIENTED_EDGE($,*,*,#5815,.T.);
#8069=ORIENTED_EDGE($,*,*,#5820,.F.);
#8070=ORIENTED_EDGE($,*,*,#5822,.F.);
#8071=ORIENTED_EDGE($,*,*,#5792,.T.);
#8072=ORIENTED_EDGE($,*,*,#5788,.T.);
#8073=ORIENTED_EDGE($,*,*,#5799,.T.);
#8074=ORIENTED_EDGE($,*,*,#5797,.T.);
#8075=ORIENTED_EDGE($,*,*,#5804,.T.);
#8076=ORIENTED_EDGE($,*,*,#5800,.T.);
#8077=ORIENTED_EDGE($,*,*,#5811,.T.);
#8078=ORIENTED_EDGE($,*,*,#5809,.T.);
#8079=ORIENTED_EDGE($,*,*,#5816,.T.);
#8080=ORIENTED_EDGE($,*,*,#5812,.T.);
#8081=ORIENTED_EDGE($,*,*,#5823,.T.);
#8082=ORIENTED_EDGE($,*,*,#5821,.T.);
#8083=ORIENTED_EDGE($,*,*,#5824,.T.);
#8084=ORIENTED_EDGE($,*,*,#5825,.T.);
#8085=ORIENTED_EDGE($,*,*,#5826,.T.);
#8086=ORIENTED_EDGE($,*,*,#5827,.T.);
#8087=ORIENTED_EDGE($,*,*,#5828,.F.);
#8088=ORIENTED_EDGE($,*,*,#5829,.F.);
#8089=ORIENTED_EDGE($,*,*,#5830,.F.);
#8090=ORIENTED_EDGE($,*,*,#5831,.F.);
#8091=ORIENTED_EDGE($,*,*,#5825,.F.);
#8092=ORIENTED_EDGE($,*,*,#5832,.T.);
#8093=ORIENTED_EDGE($,*,*,#5785,.F.);
#8094=ORIENTED_EDGE($,*,*,#5780,.F.);
#8095=ORIENTED_EDGE($,*,*,#5778,.F.);
#8096=ORIENTED_EDGE($,*,*,#5784,.T.);
#8097=ORIENTED_EDGE($,*,*,#5773,.F.);
#8098=ORIENTED_EDGE($,*,*,#5833,.F.);
#8099=ORIENTED_EDGE($,*,*,#5826,.F.);
#8100=ORIENTED_EDGE($,*,*,#5833,.T.);
#8101=ORIENTED_EDGE($,*,*,#5772,.F.);
#8102=ORIENTED_EDGE($,*,*,#5834,.F.);
#8103=ORIENTED_EDGE($,*,*,#5827,.F.);
#8104=ORIENTED_EDGE($,*,*,#5834,.T.);
#8105=ORIENTED_EDGE($,*,*,#5775,.F.);
#8106=ORIENTED_EDGE($,*,*,#5783,.F.);
#8107=ORIENTED_EDGE($,*,*,#5776,.F.);
#8108=ORIENTED_EDGE($,*,*,#5782,.T.);
#8109=ORIENTED_EDGE($,*,*,#5787,.F.);
#8110=ORIENTED_EDGE($,*,*,#5835,.F.);
#8111=ORIENTED_EDGE($,*,*,#5824,.F.);
#8112=ORIENTED_EDGE($,*,*,#5835,.T.);
#8113=ORIENTED_EDGE($,*,*,#5786,.F.);
#8114=ORIENTED_EDGE($,*,*,#5832,.F.);
#8115=ORIENTED_EDGE($,*,*,#5830,.T.);
#8116=ORIENTED_EDGE($,*,*,#5836,.T.);
#8117=ORIENTED_EDGE($,*,*,#5837,.F.);
#8118=ORIENTED_EDGE($,*,*,#5838,.F.);
#8119=ORIENTED_EDGE($,*,*,#5829,.T.);
#8120=ORIENTED_EDGE($,*,*,#5839,.T.);
#8121=ORIENTED_EDGE($,*,*,#5840,.F.);
#8122=ORIENTED_EDGE($,*,*,#5836,.F.);
#8123=ORIENTED_EDGE($,*,*,#5840,.T.);
#8124=ORIENTED_EDGE($,*,*,#5841,.T.);
#8125=ORIENTED_EDGE($,*,*,#5842,.T.);
#8126=ORIENTED_EDGE($,*,*,#5837,.T.);
#8127=ORIENTED_EDGE($,*,*,#5828,.T.);
#8128=ORIENTED_EDGE($,*,*,#5843,.T.);
#8129=ORIENTED_EDGE($,*,*,#5841,.F.);
#8130=ORIENTED_EDGE($,*,*,#5839,.F.);
#8131=ORIENTED_EDGE($,*,*,#5831,.T.);
#8132=ORIENTED_EDGE($,*,*,#5838,.T.);
#8133=ORIENTED_EDGE($,*,*,#5842,.F.);
#8134=ORIENTED_EDGE($,*,*,#5843,.F.);
#8135=ORIENTED_EDGE($,*,*,#5844,.T.);
#8136=ORIENTED_EDGE($,*,*,#5845,.T.);
#8137=ORIENTED_EDGE($,*,*,#5846,.T.);
#8138=ORIENTED_EDGE($,*,*,#5847,.T.);
#8139=ORIENTED_EDGE($,*,*,#5848,.T.);
#8140=ORIENTED_EDGE($,*,*,#5849,.T.);
#8141=ORIENTED_EDGE($,*,*,#5850,.T.);
#8142=ORIENTED_EDGE($,*,*,#5851,.T.);
#8143=ORIENTED_EDGE($,*,*,#5852,.T.);
#8144=ORIENTED_EDGE($,*,*,#5853,.T.);
#8145=ORIENTED_EDGE($,*,*,#5854,.T.);
#8146=ORIENTED_EDGE($,*,*,#5855,.T.);
#8147=ORIENTED_EDGE($,*,*,#5856,.T.);
#8148=ORIENTED_EDGE($,*,*,#5857,.T.);
#8149=ORIENTED_EDGE($,*,*,#5858,.T.);
#8150=ORIENTED_EDGE($,*,*,#5859,.T.);
#8151=ORIENTED_EDGE($,*,*,#5860,.F.);
#8152=ORIENTED_EDGE($,*,*,#5861,.F.);
#8153=ORIENTED_EDGE($,*,*,#5862,.F.);
#8154=ORIENTED_EDGE($,*,*,#5863,.F.);
#8155=ORIENTED_EDGE($,*,*,#5861,.T.);
#8156=ORIENTED_EDGE($,*,*,#5864,.T.);
#8157=ORIENTED_EDGE($,*,*,#5865,.F.);
#8158=ORIENTED_EDGE($,*,*,#5866,.F.);
#8159=ORIENTED_EDGE($,*,*,#5862,.T.);
#8160=ORIENTED_EDGE($,*,*,#5866,.T.);
#8161=ORIENTED_EDGE($,*,*,#5867,.F.);
#8162=ORIENTED_EDGE($,*,*,#5868,.F.);
#8163=ORIENTED_EDGE($,*,*,#5863,.T.);
#8164=ORIENTED_EDGE($,*,*,#5868,.T.);
#8165=ORIENTED_EDGE($,*,*,#5869,.F.);
#8166=ORIENTED_EDGE($,*,*,#5870,.F.);
#8167=ORIENTED_EDGE($,*,*,#5860,.T.);
#8168=ORIENTED_EDGE($,*,*,#5870,.T.);
#8169=ORIENTED_EDGE($,*,*,#5871,.F.);
#8170=ORIENTED_EDGE($,*,*,#5864,.F.);
#8171=ORIENTED_EDGE($,*,*,#5871,.T.);
#8172=ORIENTED_EDGE($,*,*,#5869,.T.);
#8173=ORIENTED_EDGE($,*,*,#5867,.T.);
#8174=ORIENTED_EDGE($,*,*,#5865,.T.);
#8175=ORIENTED_EDGE($,*,*,#5872,.F.);
#8176=ORIENTED_EDGE($,*,*,#5844,.F.);
#8177=ORIENTED_EDGE($,*,*,#5873,.F.);
#8178=ORIENTED_EDGE($,*,*,#5874,.F.);
#8179=ORIENTED_EDGE($,*,*,#5875,.T.);
#8180=ORIENTED_EDGE($,*,*,#5876,.T.);
#8181=ORIENTED_EDGE($,*,*,#5877,.F.);
#8182=ORIENTED_EDGE($,*,*,#5878,.F.);
#8183=ORIENTED_EDGE($,*,*,#5879,.F.);
#8184=ORIENTED_EDGE($,*,*,#5880,.F.);
#8185=ORIENTED_EDGE($,*,*,#5881,.T.);
#8186=ORIENTED_EDGE($,*,*,#5882,.F.);
#8187=ORIENTED_EDGE($,*,*,#5883,.T.);
#8188=ORIENTED_EDGE($,*,*,#5884,.T.);
#8189=ORIENTED_EDGE($,*,*,#5885,.T.);
#8190=ORIENTED_EDGE($,*,*,#5848,.F.);
#8191=ORIENTED_EDGE($,*,*,#5872,.T.);
#8192=ORIENTED_EDGE($,*,*,#5886,.F.);
#8193=ORIENTED_EDGE($,*,*,#5887,.T.);
#8194=ORIENTED_EDGE($,*,*,#5845,.F.);
#8195=ORIENTED_EDGE($,*,*,#5888,.F.);
#8196=ORIENTED_EDGE($,*,*,#5889,.F.);
#8197=ORIENTED_EDGE($,*,*,#5890,.F.);
#8198=ORIENTED_EDGE($,*,*,#5877,.T.);
#8199=ORIENTED_EDGE($,*,*,#5891,.F.);
#8200=ORIENTED_EDGE($,*,*,#5873,.T.);
#8201=ORIENTED_EDGE($,*,*,#5847,.F.);
#8202=ORIENTED_EDGE($,*,*,#5892,.F.);
#8203=ORIENTED_EDGE($,*,*,#5890,.T.);
#8204=ORIENTED_EDGE($,*,*,#5893,.T.);
#8205=ORIENTED_EDGE($,*,*,#5886,.T.);
#8206=ORIENTED_EDGE($,*,*,#5878,.T.);
#8207=ORIENTED_EDGE($,*,*,#5887,.F.);
#8208=ORIENTED_EDGE($,*,*,#5893,.F.);
#8209=ORIENTED_EDGE($,*,*,#5889,.T.);
#8210=ORIENTED_EDGE($,*,*,#5894,.F.);
#8211=ORIENTED_EDGE($,*,*,#5895,.F.);
#8212=ORIENTED_EDGE($,*,*,#5896,.F.);
#8213=ORIENTED_EDGE($,*,*,#5897,.F.);
#8214=ORIENTED_EDGE($,*,*,#5852,.F.);
#8215=ORIENTED_EDGE($,*,*,#5898,.F.);
#8216=ORIENTED_EDGE($,*,*,#5899,.T.);
#8217=ORIENTED_EDGE($,*,*,#5892,.T.);
#8218=ORIENTED_EDGE($,*,*,#5846,.F.);
#8219=ORIENTED_EDGE($,*,*,#5900,.F.);
#8220=ORIENTED_EDGE($,*,*,#5881,.F.);
#8221=ORIENTED_EDGE($,*,*,#5901,.F.);
#8222=ORIENTED_EDGE($,*,*,#5902,.T.);
#8223=ORIENTED_EDGE($,*,*,#5903,.T.);
#8224=ORIENTED_EDGE($,*,*,#5904,.F.);
#8225=ORIENTED_EDGE($,*,*,#5879,.T.);
#8226=ORIENTED_EDGE($,*,*,#5851,.F.);
#8227=ORIENTED_EDGE($,*,*,#5901,.T.);
#8228=ORIENTED_EDGE($,*,*,#5880,.T.);
#8229=ORIENTED_EDGE($,*,*,#5904,.T.);
#8230=ORIENTED_EDGE($,*,*,#5905,.T.);
#8231=ORIENTED_EDGE($,*,*,#5906,.F.);
#8232=ORIENTED_EDGE($,*,*,#5907,.T.);
#8233=ORIENTED_EDGE($,*,*,#5849,.F.);
#8234=ORIENTED_EDGE($,*,*,#5885,.F.);
#8235=ORIENTED_EDGE($,*,*,#5908,.F.);
#8236=ORIENTED_EDGE($,*,*,#5909,.F.);
#8237=ORIENTED_EDGE($,*,*,#5910,.F.);
#8238=ORIENTED_EDGE($,*,*,#5911,.T.);
#8239=ORIENTED_EDGE($,*,*,#5883,.F.);
#8240=ORIENTED_EDGE($,*,*,#5912,.F.);
#8241=ORIENTED_EDGE($,*,*,#5875,.F.);
#8242=ORIENTED_EDGE($,*,*,#5913,.T.);
#8243=ORIENTED_EDGE($,*,*,#5914,.T.);
#8244=ORIENTED_EDGE($,*,*,#5853,.F.);
#8245=ORIENTED_EDGE($,*,*,#5897,.T.);
#8246=ORIENTED_EDGE($,*,*,#5915,.F.);
#8247=ORIENTED_EDGE($,*,*,#5916,.F.);
#8248=ORIENTED_EDGE($,*,*,#5898,.T.);
#8249=ORIENTED_EDGE($,*,*,#5855,.F.);
#8250=ORIENTED_EDGE($,*,*,#5917,.F.);
#8251=ORIENTED_EDGE($,*,*,#5918,.F.);
#8252=ORIENTED_EDGE($,*,*,#5919,.F.);
#8253=ORIENTED_EDGE($,*,*,#5920,.F.);
#8254=ORIENTED_EDGE($,*,*,#5895,.T.);
#8255=ORIENTED_EDGE($,*,*,#5915,.T.);
#8256=ORIENTED_EDGE($,*,*,#5896,.T.);
#8257=ORIENTED_EDGE($,*,*,#5920,.T.);
#8258=ORIENTED_EDGE($,*,*,#5921,.T.);
#8259=ORIENTED_EDGE($,*,*,#5914,.F.);
#8260=ORIENTED_EDGE($,*,*,#5921,.F.);
#8261=ORIENTED_EDGE($,*,*,#5919,.T.);
#8262=ORIENTED_EDGE($,*,*,#5922,.T.);
#8263=ORIENTED_EDGE($,*,*,#5910,.T.);
#8264=ORIENTED_EDGE($,*,*,#5923,.F.);
#8265=ORIENTED_EDGE($,*,*,#5917,.T.);
#8266=ORIENTED_EDGE($,*,*,#5854,.F.);
#8267=ORIENTED_EDGE($,*,*,#5903,.F.);
#8268=ORIENTED_EDGE($,*,*,#5850,.F.);
#8269=ORIENTED_EDGE($,*,*,#5907,.F.);
#8270=ORIENTED_EDGE($,*,*,#5924,.F.);
#8271=ORIENTED_EDGE($,*,*,#5925,.T.);
#8272=ORIENTED_EDGE($,*,*,#5858,.F.);
#8273=ORIENTED_EDGE($,*,*,#5926,.F.);
#8274=ORIENTED_EDGE($,*,*,#5927,.F.);
#8275=ORIENTED_EDGE($,*,*,#5928,.T.);
#8276=ORIENTED_EDGE($,*,*,#5929,.T.);
#8277=ORIENTED_EDGE($,*,*,#5902,.F.);
#8278=ORIENTED_EDGE($,*,*,#5905,.F.);
#8279=ORIENTED_EDGE($,*,*,#5930,.F.);
#8280=ORIENTED_EDGE($,*,*,#5856,.F.);
#8281=ORIENTED_EDGE($,*,*,#5931,.F.);
#8282=ORIENTED_EDGE($,*,*,#5932,.T.);
#8283=ORIENTED_EDGE($,*,*,#5908,.T.);
#8284=ORIENTED_EDGE($,*,*,#5933,.F.);
#8285=ORIENTED_EDGE($,*,*,#5934,.F.);
#8286=ORIENTED_EDGE($,*,*,#5935,.F.);
#8287=ORIENTED_EDGE($,*,*,#5936,.T.);
#8288=ORIENTED_EDGE($,*,*,#5928,.F.);
#8289=ORIENTED_EDGE($,*,*,#5937,.F.);
#8290=ORIENTED_EDGE($,*,*,#5934,.T.);
#8291=ORIENTED_EDGE($,*,*,#5926,.T.);
#8292=ORIENTED_EDGE($,*,*,#5857,.F.);
#8293=ORIENTED_EDGE($,*,*,#5930,.T.);
#8294=ORIENTED_EDGE($,*,*,#5938,.F.);
#8295=ORIENTED_EDGE($,*,*,#5938,.T.);
#8296=ORIENTED_EDGE($,*,*,#5935,.T.);
#8297=ORIENTED_EDGE($,*,*,#5937,.T.);
#8298=ORIENTED_EDGE($,*,*,#5927,.T.);
#8299=ORIENTED_EDGE($,*,*,#5939,.T.);
#8300=ORIENTED_EDGE($,*,*,#5931,.T.);
#8301=ORIENTED_EDGE($,*,*,#5859,.F.);
#8302=ORIENTED_EDGE($,*,*,#5925,.F.);
#8303=ORIENTED_EDGE($,*,*,#5899,.F.);
#8304=ORIENTED_EDGE($,*,*,#5916,.T.);
#8305=ORIENTED_EDGE($,*,*,#5923,.T.);
#8306=ORIENTED_EDGE($,*,*,#5909,.T.);
#8307=ORIENTED_EDGE($,*,*,#5932,.F.);
#8308=ORIENTED_EDGE($,*,*,#5939,.F.);
#8309=ORIENTED_EDGE($,*,*,#5924,.T.);
#8310=ORIENTED_EDGE($,*,*,#5906,.T.);
#8311=ORIENTED_EDGE($,*,*,#5884,.F.);
#8312=ORIENTED_EDGE($,*,*,#5913,.F.);
#8313=ORIENTED_EDGE($,*,*,#5874,.T.);
#8314=ORIENTED_EDGE($,*,*,#5891,.T.);
#8315=ORIENTED_EDGE($,*,*,#5894,.T.);
#8316=ORIENTED_EDGE($,*,*,#5888,.T.);
#8317=ORIENTED_EDGE($,*,*,#5876,.F.);
#8318=ORIENTED_EDGE($,*,*,#5912,.T.);
#8319=ORIENTED_EDGE($,*,*,#5882,.T.);
#8320=ORIENTED_EDGE($,*,*,#5900,.T.);
#8321=ORIENTED_EDGE($,*,*,#5929,.F.);
#8322=ORIENTED_EDGE($,*,*,#5936,.F.);
#8323=ORIENTED_EDGE($,*,*,#5933,.T.);
#8324=ORIENTED_EDGE($,*,*,#5911,.F.);
#8325=ORIENTED_EDGE($,*,*,#5922,.F.);
#8326=ORIENTED_EDGE($,*,*,#5918,.T.);
#8327=ORIENTED_EDGE($,*,*,#5940,.T.);
#8328=ORIENTED_EDGE($,*,*,#5941,.T.);
#8329=ORIENTED_EDGE($,*,*,#5942,.T.);
#8330=ORIENTED_EDGE($,*,*,#5943,.T.);
#8331=ORIENTED_EDGE($,*,*,#5944,.T.);
#8332=ORIENTED_EDGE($,*,*,#5945,.T.);
#8333=ORIENTED_EDGE($,*,*,#5946,.T.);
#8334=ORIENTED_EDGE($,*,*,#5947,.T.);
#8335=ORIENTED_EDGE($,*,*,#5948,.T.);
#8336=ORIENTED_EDGE($,*,*,#5945,.F.);
#8337=ORIENTED_EDGE($,*,*,#5949,.F.);
#8338=ORIENTED_EDGE($,*,*,#5943,.F.);
#8339=ORIENTED_EDGE($,*,*,#5950,.T.);
#8340=ORIENTED_EDGE($,*,*,#5946,.F.);
#8341=ORIENTED_EDGE($,*,*,#5948,.F.);
#8342=ORIENTED_EDGE($,*,*,#5942,.F.);
#8343=ORIENTED_EDGE($,*,*,#5951,.T.);
#8344=ORIENTED_EDGE($,*,*,#5947,.F.);
#8345=ORIENTED_EDGE($,*,*,#5950,.F.);
#8346=ORIENTED_EDGE($,*,*,#5941,.F.);
#8347=ORIENTED_EDGE($,*,*,#5949,.T.);
#8348=ORIENTED_EDGE($,*,*,#5944,.F.);
#8349=ORIENTED_EDGE($,*,*,#5951,.F.);
#8350=ORIENTED_EDGE($,*,*,#5940,.F.);
#8351=ORIENTED_EDGE($,*,*,#5952,.F.);
#8352=ORIENTED_EDGE($,*,*,#5953,.F.);
#8353=ORIENTED_EDGE($,*,*,#5954,.F.);
#8354=ORIENTED_EDGE($,*,*,#5955,.F.);
#8355=ORIENTED_EDGE($,*,*,#5956,.F.);
#8356=ORIENTED_EDGE($,*,*,#5957,.F.);
#8357=ORIENTED_EDGE($,*,*,#5955,.T.);
#8358=ORIENTED_EDGE($,*,*,#5952,.T.);
#8359=ORIENTED_EDGE($,*,*,#5957,.T.);
#8360=ORIENTED_EDGE($,*,*,#5954,.T.);
#8361=ORIENTED_EDGE($,*,*,#5958,.T.);
#8362=ORIENTED_EDGE($,*,*,#5959,.T.);
#8363=ORIENTED_EDGE($,*,*,#5960,.T.);
#8364=ORIENTED_EDGE($,*,*,#5961,.T.);
#8365=ORIENTED_EDGE($,*,*,#5962,.T.);
#8366=ORIENTED_EDGE($,*,*,#5963,.T.);
#8367=ORIENTED_EDGE($,*,*,#5964,.T.);
#8368=ORIENTED_EDGE($,*,*,#5965,.T.);
#8369=ORIENTED_EDGE($,*,*,#5966,.T.);
#8370=ORIENTED_EDGE($,*,*,#5953,.T.);
#8371=ORIENTED_EDGE($,*,*,#5962,.F.);
#8372=ORIENTED_EDGE($,*,*,#5967,.F.);
#8373=ORIENTED_EDGE($,*,*,#5966,.F.);
#8374=ORIENTED_EDGE($,*,*,#5968,.T.);
#8375=ORIENTED_EDGE($,*,*,#5958,.F.);
#8376=ORIENTED_EDGE($,*,*,#5969,.T.);
#8377=ORIENTED_EDGE($,*,*,#5959,.F.);
#8378=ORIENTED_EDGE($,*,*,#5968,.F.);
#8379=ORIENTED_EDGE($,*,*,#5965,.F.);
#8380=ORIENTED_EDGE($,*,*,#5970,.T.);
#8381=ORIENTED_EDGE($,*,*,#5960,.F.);
#8382=ORIENTED_EDGE($,*,*,#5969,.F.);
#8383=ORIENTED_EDGE($,*,*,#5964,.F.);
#8384=ORIENTED_EDGE($,*,*,#5967,.T.);
#8385=ORIENTED_EDGE($,*,*,#5961,.F.);
#8386=ORIENTED_EDGE($,*,*,#5970,.F.);
#8387=ORIENTED_EDGE($,*,*,#5963,.F.);
#8388=ORIENTED_EDGE($,*,*,#5971,.F.);
#8389=ORIENTED_EDGE($,*,*,#5972,.F.);
#8390=ORIENTED_EDGE($,*,*,#5971,.T.);
#8391=ORIENTED_EDGE($,*,*,#5956,.T.);
#8392=ORIENTED_EDGE($,*,*,#5972,.T.);
#8393=ORIENTED_EDGE($,*,*,#5973,.F.);
#8394=ORIENTED_EDGE($,*,*,#5974,.F.);
#8395=ORIENTED_EDGE($,*,*,#5975,.F.);
#8396=ORIENTED_EDGE($,*,*,#5976,.F.);
#8397=ORIENTED_EDGE($,*,*,#5977,.F.);
#8398=ORIENTED_EDGE($,*,*,#5978,.F.);
#8399=ORIENTED_EDGE($,*,*,#5976,.T.);
#8400=ORIENTED_EDGE($,*,*,#5973,.T.);
#8401=ORIENTED_EDGE($,*,*,#5978,.T.);
#8402=ORIENTED_EDGE($,*,*,#5975,.T.);
#8403=ORIENTED_EDGE($,*,*,#5979,.T.);
#8404=ORIENTED_EDGE($,*,*,#5980,.T.);
#8405=ORIENTED_EDGE($,*,*,#5981,.T.);
#8406=ORIENTED_EDGE($,*,*,#5982,.T.);
#8407=ORIENTED_EDGE($,*,*,#5983,.T.);
#8408=ORIENTED_EDGE($,*,*,#5984,.T.);
#8409=ORIENTED_EDGE($,*,*,#5985,.T.);
#8410=ORIENTED_EDGE($,*,*,#5986,.T.);
#8411=ORIENTED_EDGE($,*,*,#5987,.T.);
#8412=ORIENTED_EDGE($,*,*,#5974,.T.);
#8413=ORIENTED_EDGE($,*,*,#5983,.F.);
#8414=ORIENTED_EDGE($,*,*,#5988,.F.);
#8415=ORIENTED_EDGE($,*,*,#5987,.F.);
#8416=ORIENTED_EDGE($,*,*,#5989,.T.);
#8417=ORIENTED_EDGE($,*,*,#5979,.F.);
#8418=ORIENTED_EDGE($,*,*,#5990,.T.);
#8419=ORIENTED_EDGE($,*,*,#5980,.F.);
#8420=ORIENTED_EDGE($,*,*,#5989,.F.);
#8421=ORIENTED_EDGE($,*,*,#5986,.F.);
#8422=ORIENTED_EDGE($,*,*,#5991,.T.);
#8423=ORIENTED_EDGE($,*,*,#5981,.F.);
#8424=ORIENTED_EDGE($,*,*,#5990,.F.);
#8425=ORIENTED_EDGE($,*,*,#5985,.F.);
#8426=ORIENTED_EDGE($,*,*,#5988,.T.);
#8427=ORIENTED_EDGE($,*,*,#5982,.F.);
#8428=ORIENTED_EDGE($,*,*,#5991,.F.);
#8429=ORIENTED_EDGE($,*,*,#5984,.F.);
#8430=ORIENTED_EDGE($,*,*,#5992,.F.);
#8431=ORIENTED_EDGE($,*,*,#5993,.F.);
#8432=ORIENTED_EDGE($,*,*,#5992,.T.);
#8433=ORIENTED_EDGE($,*,*,#5977,.T.);
#8434=ORIENTED_EDGE($,*,*,#5993,.T.);
#8435=ORIENTED_EDGE($,*,*,#5994,.T.);
#8436=ORIENTED_EDGE($,*,*,#5995,.T.);
#8437=ORIENTED_EDGE($,*,*,#5996,.T.);
#8438=ORIENTED_EDGE($,*,*,#5997,.T.);
#8439=ORIENTED_EDGE($,*,*,#5998,.T.);
#8440=ORIENTED_EDGE($,*,*,#5999,.T.);
#8441=ORIENTED_EDGE($,*,*,#6000,.T.);
#8442=ORIENTED_EDGE($,*,*,#6001,.T.);
#8443=ORIENTED_EDGE($,*,*,#6002,.T.);
#8444=ORIENTED_EDGE($,*,*,#6003,.F.);
#8445=ORIENTED_EDGE($,*,*,#6004,.F.);
#8446=ORIENTED_EDGE($,*,*,#6001,.F.);
#8447=ORIENTED_EDGE($,*,*,#6005,.T.);
#8448=ORIENTED_EDGE($,*,*,#5996,.F.);
#8449=ORIENTED_EDGE($,*,*,#6006,.F.);
#8450=ORIENTED_EDGE($,*,*,#5999,.F.);
#8451=ORIENTED_EDGE($,*,*,#6003,.T.);
#8452=ORIENTED_EDGE($,*,*,#6007,.T.);
#8453=ORIENTED_EDGE($,*,*,#6008,.T.);
#8454=ORIENTED_EDGE($,*,*,#6009,.T.);
#8455=ORIENTED_EDGE($,*,*,#6010,.F.);
#8456=ORIENTED_EDGE($,*,*,#6011,.T.);
#8457=ORIENTED_EDGE($,*,*,#6012,.F.);
#8458=ORIENTED_EDGE($,*,*,#6013,.F.);
#8459=ORIENTED_EDGE($,*,*,#6014,.F.);
#8460=ORIENTED_EDGE($,*,*,#6015,.T.);
#8461=ORIENTED_EDGE($,*,*,#6016,.F.);
#8462=ORIENTED_EDGE($,*,*,#6011,.F.);
#8463=ORIENTED_EDGE($,*,*,#6012,.T.);
#8464=ORIENTED_EDGE($,*,*,#6016,.T.);
#8465=ORIENTED_EDGE($,*,*,#6017,.T.);
#8466=ORIENTED_EDGE($,*,*,#6018,.T.);
#8467=ORIENTED_EDGE($,*,*,#6019,.F.);
#8468=ORIENTED_EDGE($,*,*,#6020,.T.);
#8469=ORIENTED_EDGE($,*,*,#6017,.F.);
#8470=ORIENTED_EDGE($,*,*,#6015,.F.);
#8471=ORIENTED_EDGE($,*,*,#6021,.F.);
#8472=ORIENTED_EDGE($,*,*,#6013,.T.);
#8473=ORIENTED_EDGE($,*,*,#6018,.F.);
#8474=ORIENTED_EDGE($,*,*,#6020,.F.);
#8475=ORIENTED_EDGE($,*,*,#6022,.F.);
#8476=ORIENTED_EDGE($,*,*,#6023,.T.);
#8477=ORIENTED_EDGE($,*,*,#6024,.F.);
#8478=ORIENTED_EDGE($,*,*,#6025,.F.);
#8479=ORIENTED_EDGE($,*,*,#6026,.F.);
#8480=ORIENTED_EDGE($,*,*,#6027,.T.);
#8481=ORIENTED_EDGE($,*,*,#6028,.F.);
#8482=ORIENTED_EDGE($,*,*,#6023,.F.);
#8483=ORIENTED_EDGE($,*,*,#6024,.T.);
#8484=ORIENTED_EDGE($,*,*,#6028,.T.);
#8485=ORIENTED_EDGE($,*,*,#6029,.T.);
#8486=ORIENTED_EDGE($,*,*,#6030,.T.);
#8487=ORIENTED_EDGE($,*,*,#6031,.F.);
#8488=ORIENTED_EDGE($,*,*,#6032,.T.);
#8489=ORIENTED_EDGE($,*,*,#6029,.F.);
#8490=ORIENTED_EDGE($,*,*,#6027,.F.);
#8491=ORIENTED_EDGE($,*,*,#6033,.F.);
#8492=ORIENTED_EDGE($,*,*,#6025,.T.);
#8493=ORIENTED_EDGE($,*,*,#6030,.F.);
#8494=ORIENTED_EDGE($,*,*,#6032,.F.);
#8495=ORIENTED_EDGE($,*,*,#6034,.F.);
#8496=ORIENTED_EDGE($,*,*,#6035,.T.);
#8497=ORIENTED_EDGE($,*,*,#6036,.F.);
#8498=ORIENTED_EDGE($,*,*,#6037,.F.);
#8499=ORIENTED_EDGE($,*,*,#6038,.F.);
#8500=ORIENTED_EDGE($,*,*,#6039,.T.);
#8501=ORIENTED_EDGE($,*,*,#6040,.F.);
#8502=ORIENTED_EDGE($,*,*,#6035,.F.);
#8503=ORIENTED_EDGE($,*,*,#6036,.T.);
#8504=ORIENTED_EDGE($,*,*,#6040,.T.);
#8505=ORIENTED_EDGE($,*,*,#6041,.T.);
#8506=ORIENTED_EDGE($,*,*,#6042,.T.);
#8507=ORIENTED_EDGE($,*,*,#6043,.F.);
#8508=ORIENTED_EDGE($,*,*,#6044,.T.);
#8509=ORIENTED_EDGE($,*,*,#6041,.F.);
#8510=ORIENTED_EDGE($,*,*,#6039,.F.);
#8511=ORIENTED_EDGE($,*,*,#6045,.F.);
#8512=ORIENTED_EDGE($,*,*,#6037,.T.);
#8513=ORIENTED_EDGE($,*,*,#6042,.F.);
#8514=ORIENTED_EDGE($,*,*,#6044,.F.);
#8515=ORIENTED_EDGE($,*,*,#6014,.T.);
#8516=ORIENTED_EDGE($,*,*,#6010,.T.);
#8517=ORIENTED_EDGE($,*,*,#6021,.T.);
#8518=ORIENTED_EDGE($,*,*,#6019,.T.);
#8519=ORIENTED_EDGE($,*,*,#6026,.T.);
#8520=ORIENTED_EDGE($,*,*,#6022,.T.);
#8521=ORIENTED_EDGE($,*,*,#6033,.T.);
#8522=ORIENTED_EDGE($,*,*,#6031,.T.);
#8523=ORIENTED_EDGE($,*,*,#6038,.T.);
#8524=ORIENTED_EDGE($,*,*,#6034,.T.);
#8525=ORIENTED_EDGE($,*,*,#6045,.T.);
#8526=ORIENTED_EDGE($,*,*,#6043,.T.);
#8527=ORIENTED_EDGE($,*,*,#6046,.T.);
#8528=ORIENTED_EDGE($,*,*,#6047,.T.);
#8529=ORIENTED_EDGE($,*,*,#6048,.T.);
#8530=ORIENTED_EDGE($,*,*,#6049,.T.);
#8531=ORIENTED_EDGE($,*,*,#6050,.F.);
#8532=ORIENTED_EDGE($,*,*,#6051,.F.);
#8533=ORIENTED_EDGE($,*,*,#6052,.F.);
#8534=ORIENTED_EDGE($,*,*,#6053,.F.);
#8535=ORIENTED_EDGE($,*,*,#6047,.F.);
#8536=ORIENTED_EDGE($,*,*,#6054,.T.);
#8537=ORIENTED_EDGE($,*,*,#6007,.F.);
#8538=ORIENTED_EDGE($,*,*,#6002,.F.);
#8539=ORIENTED_EDGE($,*,*,#6000,.F.);
#8540=ORIENTED_EDGE($,*,*,#6006,.T.);
#8541=ORIENTED_EDGE($,*,*,#5995,.F.);
#8542=ORIENTED_EDGE($,*,*,#6055,.F.);
#8543=ORIENTED_EDGE($,*,*,#6048,.F.);
#8544=ORIENTED_EDGE($,*,*,#6055,.T.);
#8545=ORIENTED_EDGE($,*,*,#5994,.F.);
#8546=ORIENTED_EDGE($,*,*,#6056,.F.);
#8547=ORIENTED_EDGE($,*,*,#6049,.F.);
#8548=ORIENTED_EDGE($,*,*,#6056,.T.);
#8549=ORIENTED_EDGE($,*,*,#5997,.F.);
#8550=ORIENTED_EDGE($,*,*,#6005,.F.);
#8551=ORIENTED_EDGE($,*,*,#5998,.F.);
#8552=ORIENTED_EDGE($,*,*,#6004,.T.);
#8553=ORIENTED_EDGE($,*,*,#6009,.F.);
#8554=ORIENTED_EDGE($,*,*,#6057,.F.);
#8555=ORIENTED_EDGE($,*,*,#6046,.F.);
#8556=ORIENTED_EDGE($,*,*,#6057,.T.);
#8557=ORIENTED_EDGE($,*,*,#6008,.F.);
#8558=ORIENTED_EDGE($,*,*,#6054,.F.);
#8559=ORIENTED_EDGE($,*,*,#6052,.T.);
#8560=ORIENTED_EDGE($,*,*,#6058,.T.);
#8561=ORIENTED_EDGE($,*,*,#6059,.F.);
#8562=ORIENTED_EDGE($,*,*,#6060,.F.);
#8563=ORIENTED_EDGE($,*,*,#6051,.T.);
#8564=ORIENTED_EDGE($,*,*,#6061,.T.);
#8565=ORIENTED_EDGE($,*,*,#6062,.F.);
#8566=ORIENTED_EDGE($,*,*,#6058,.F.);
#8567=ORIENTED_EDGE($,*,*,#6062,.T.);
#8568=ORIENTED_EDGE($,*,*,#6063,.T.);
#8569=ORIENTED_EDGE($,*,*,#6064,.T.);
#8570=ORIENTED_EDGE($,*,*,#6059,.T.);
#8571=ORIENTED_EDGE($,*,*,#6050,.T.);
#8572=ORIENTED_EDGE($,*,*,#6065,.T.);
#8573=ORIENTED_EDGE($,*,*,#6063,.F.);
#8574=ORIENTED_EDGE($,*,*,#6061,.F.);
#8575=ORIENTED_EDGE($,*,*,#6053,.T.);
#8576=ORIENTED_EDGE($,*,*,#6060,.T.);
#8577=ORIENTED_EDGE($,*,*,#6064,.F.);
#8578=ORIENTED_EDGE($,*,*,#6065,.F.);
#8579=ORIENTED_EDGE($,*,*,#6066,.T.);
#8580=ORIENTED_EDGE($,*,*,#6067,.T.);
#8581=ORIENTED_EDGE($,*,*,#6068,.T.);
#8582=ORIENTED_EDGE($,*,*,#6069,.T.);
#8583=ORIENTED_EDGE($,*,*,#6070,.T.);
#8584=ORIENTED_EDGE($,*,*,#6071,.T.);
#8585=ORIENTED_EDGE($,*,*,#6072,.T.);
#8586=ORIENTED_EDGE($,*,*,#6073,.T.);
#8587=ORIENTED_EDGE($,*,*,#6074,.T.);
#8588=ORIENTED_EDGE($,*,*,#6075,.T.);
#8589=ORIENTED_EDGE($,*,*,#6076,.T.);
#8590=ORIENTED_EDGE($,*,*,#6077,.T.);
#8591=ORIENTED_EDGE($,*,*,#6078,.T.);
#8592=ORIENTED_EDGE($,*,*,#6079,.T.);
#8593=ORIENTED_EDGE($,*,*,#6080,.T.);
#8594=ORIENTED_EDGE($,*,*,#6081,.T.);
#8595=ORIENTED_EDGE($,*,*,#6082,.F.);
#8596=ORIENTED_EDGE($,*,*,#6083,.F.);
#8597=ORIENTED_EDGE($,*,*,#6084,.F.);
#8598=ORIENTED_EDGE($,*,*,#6085,.F.);
#8599=ORIENTED_EDGE($,*,*,#6083,.T.);
#8600=ORIENTED_EDGE($,*,*,#6086,.T.);
#8601=ORIENTED_EDGE($,*,*,#6087,.F.);
#8602=ORIENTED_EDGE($,*,*,#6088,.F.);
#8603=ORIENTED_EDGE($,*,*,#6084,.T.);
#8604=ORIENTED_EDGE($,*,*,#6088,.T.);
#8605=ORIENTED_EDGE($,*,*,#6089,.F.);
#8606=ORIENTED_EDGE($,*,*,#6090,.F.);
#8607=ORIENTED_EDGE($,*,*,#6085,.T.);
#8608=ORIENTED_EDGE($,*,*,#6090,.T.);
#8609=ORIENTED_EDGE($,*,*,#6091,.F.);
#8610=ORIENTED_EDGE($,*,*,#6092,.F.);
#8611=ORIENTED_EDGE($,*,*,#6082,.T.);
#8612=ORIENTED_EDGE($,*,*,#6092,.T.);
#8613=ORIENTED_EDGE($,*,*,#6093,.F.);
#8614=ORIENTED_EDGE($,*,*,#6086,.F.);
#8615=ORIENTED_EDGE($,*,*,#6093,.T.);
#8616=ORIENTED_EDGE($,*,*,#6091,.T.);
#8617=ORIENTED_EDGE($,*,*,#6089,.T.);
#8618=ORIENTED_EDGE($,*,*,#6087,.T.);
#8619=ORIENTED_EDGE($,*,*,#6094,.F.);
#8620=ORIENTED_EDGE($,*,*,#6066,.F.);
#8621=ORIENTED_EDGE($,*,*,#6095,.F.);
#8622=ORIENTED_EDGE($,*,*,#6096,.F.);
#8623=ORIENTED_EDGE($,*,*,#6097,.T.);
#8624=ORIENTED_EDGE($,*,*,#6098,.T.);
#8625=ORIENTED_EDGE($,*,*,#6099,.F.);
#8626=ORIENTED_EDGE($,*,*,#6100,.F.);
#8627=ORIENTED_EDGE($,*,*,#6101,.F.);
#8628=ORIENTED_EDGE($,*,*,#6102,.F.);
#8629=ORIENTED_EDGE($,*,*,#6103,.T.);
#8630=ORIENTED_EDGE($,*,*,#6104,.F.);
#8631=ORIENTED_EDGE($,*,*,#6105,.T.);
#8632=ORIENTED_EDGE($,*,*,#6106,.T.);
#8633=ORIENTED_EDGE($,*,*,#6107,.T.);
#8634=ORIENTED_EDGE($,*,*,#6070,.F.);
#8635=ORIENTED_EDGE($,*,*,#6094,.T.);
#8636=ORIENTED_EDGE($,*,*,#6108,.F.);
#8637=ORIENTED_EDGE($,*,*,#6109,.T.);
#8638=ORIENTED_EDGE($,*,*,#6067,.F.);
#8639=ORIENTED_EDGE($,*,*,#6110,.F.);
#8640=ORIENTED_EDGE($,*,*,#6111,.F.);
#8641=ORIENTED_EDGE($,*,*,#6112,.F.);
#8642=ORIENTED_EDGE($,*,*,#6099,.T.);
#8643=ORIENTED_EDGE($,*,*,#6113,.F.);
#8644=ORIENTED_EDGE($,*,*,#6095,.T.);
#8645=ORIENTED_EDGE($,*,*,#6069,.F.);
#8646=ORIENTED_EDGE($,*,*,#6114,.F.);
#8647=ORIENTED_EDGE($,*,*,#6112,.T.);
#8648=ORIENTED_EDGE($,*,*,#6115,.T.);
#8649=ORIENTED_EDGE($,*,*,#6108,.T.);
#8650=ORIENTED_EDGE($,*,*,#6100,.T.);
#8651=ORIENTED_EDGE($,*,*,#6109,.F.);
#8652=ORIENTED_EDGE($,*,*,#6115,.F.);
#8653=ORIENTED_EDGE($,*,*,#6111,.T.);
#8654=ORIENTED_EDGE($,*,*,#6116,.F.);
#8655=ORIENTED_EDGE($,*,*,#6117,.F.);
#8656=ORIENTED_EDGE($,*,*,#6118,.F.);
#8657=ORIENTED_EDGE($,*,*,#6119,.F.);
#8658=ORIENTED_EDGE($,*,*,#6074,.F.);
#8659=ORIENTED_EDGE($,*,*,#6120,.F.);
#8660=ORIENTED_EDGE($,*,*,#6121,.T.);
#8661=ORIENTED_EDGE($,*,*,#6114,.T.);
#8662=ORIENTED_EDGE($,*,*,#6068,.F.);
#8663=ORIENTED_EDGE($,*,*,#6122,.F.);
#8664=ORIENTED_EDGE($,*,*,#6103,.F.);
#8665=ORIENTED_EDGE($,*,*,#6123,.F.);
#8666=ORIENTED_EDGE($,*,*,#6124,.T.);
#8667=ORIENTED_EDGE($,*,*,#6125,.T.);
#8668=ORIENTED_EDGE($,*,*,#6126,.F.);
#8669=ORIENTED_EDGE($,*,*,#6101,.T.);
#8670=ORIENTED_EDGE($,*,*,#6073,.F.);
#8671=ORIENTED_EDGE($,*,*,#6123,.T.);
#8672=ORIENTED_EDGE($,*,*,#6102,.T.);
#8673=ORIENTED_EDGE($,*,*,#6126,.T.);
#8674=ORIENTED_EDGE($,*,*,#6127,.T.);
#8675=ORIENTED_EDGE($,*,*,#6128,.F.);
#8676=ORIENTED_EDGE($,*,*,#6129,.T.);
#8677=ORIENTED_EDGE($,*,*,#6071,.F.);
#8678=ORIENTED_EDGE($,*,*,#6107,.F.);
#8679=ORIENTED_EDGE($,*,*,#6130,.F.);
#8680=ORIENTED_EDGE($,*,*,#6131,.F.);
#8681=ORIENTED_EDGE($,*,*,#6132,.F.);
#8682=ORIENTED_EDGE($,*,*,#6133,.T.);
#8683=ORIENTED_EDGE($,*,*,#6105,.F.);
#8684=ORIENTED_EDGE($,*,*,#6134,.F.);
#8685=ORIENTED_EDGE($,*,*,#6097,.F.);
#8686=ORIENTED_EDGE($,*,*,#6135,.T.);
#8687=ORIENTED_EDGE($,*,*,#6136,.T.);
#8688=ORIENTED_EDGE($,*,*,#6075,.F.);
#8689=ORIENTED_EDGE($,*,*,#6119,.T.);
#8690=ORIENTED_EDGE($,*,*,#6137,.F.);
#8691=ORIENTED_EDGE($,*,*,#6138,.F.);
#8692=ORIENTED_EDGE($,*,*,#6120,.T.);
#8693=ORIENTED_EDGE($,*,*,#6077,.F.);
#8694=ORIENTED_EDGE($,*,*,#6139,.F.);
#8695=ORIENTED_EDGE($,*,*,#6140,.F.);
#8696=ORIENTED_EDGE($,*,*,#6141,.F.);
#8697=ORIENTED_EDGE($,*,*,#6142,.F.);
#8698=ORIENTED_EDGE($,*,*,#6117,.T.);
#8699=ORIENTED_EDGE($,*,*,#6137,.T.);
#8700=ORIENTED_EDGE($,*,*,#6118,.T.);
#8701=ORIENTED_EDGE($,*,*,#6142,.T.);
#8702=ORIENTED_EDGE($,*,*,#6143,.T.);
#8703=ORIENTED_EDGE($,*,*,#6136,.F.);
#8704=ORIENTED_EDGE($,*,*,#6143,.F.);
#8705=ORIENTED_EDGE($,*,*,#6141,.T.);
#8706=ORIENTED_EDGE($,*,*,#6144,.T.);
#8707=ORIENTED_EDGE($,*,*,#6132,.T.);
#8708=ORIENTED_EDGE($,*,*,#6145,.F.);
#8709=ORIENTED_EDGE($,*,*,#6139,.T.);
#8710=ORIENTED_EDGE($,*,*,#6076,.F.);
#8711=ORIENTED_EDGE($,*,*,#6125,.F.);
#8712=ORIENTED_EDGE($,*,*,#6072,.F.);
#8713=ORIENTED_EDGE($,*,*,#6129,.F.);
#8714=ORIENTED_EDGE($,*,*,#6146,.F.);
#8715=ORIENTED_EDGE($,*,*,#6147,.T.);
#8716=ORIENTED_EDGE($,*,*,#6080,.F.);
#8717=ORIENTED_EDGE($,*,*,#6148,.F.);
#8718=ORIENTED_EDGE($,*,*,#6149,.F.);
#8719=ORIENTED_EDGE($,*,*,#6150,.T.);
#8720=ORIENTED_EDGE($,*,*,#6151,.T.);
#8721=ORIENTED_EDGE($,*,*,#6124,.F.);
#8722=ORIENTED_EDGE($,*,*,#6127,.F.);
#8723=ORIENTED_EDGE($,*,*,#6152,.F.);
#8724=ORIENTED_EDGE($,*,*,#6078,.F.);
#8725=ORIENTED_EDGE($,*,*,#6153,.F.);
#8726=ORIENTED_EDGE($,*,*,#6154,.T.);
#8727=ORIENTED_EDGE($,*,*,#6130,.T.);
#8728=ORIENTED_EDGE($,*,*,#6155,.F.);
#8729=ORIENTED_EDGE($,*,*,#6156,.F.);
#8730=ORIENTED_EDGE($,*,*,#6157,.F.);
#8731=ORIENTED_EDGE($,*,*,#6158,.T.);
#8732=ORIENTED_EDGE($,*,*,#6150,.F.);
#8733=ORIENTED_EDGE($,*,*,#6159,.F.);
#8734=ORIENTED_EDGE($,*,*,#6156,.T.);
#8735=ORIENTED_EDGE($,*,*,#6148,.T.);
#8736=ORIENTED_EDGE($,*,*,#6079,.F.);
#8737=ORIENTED_EDGE($,*,*,#6152,.T.);
#8738=ORIENTED_EDGE($,*,*,#6160,.F.);
#8739=ORIENTED_EDGE($,*,*,#6160,.T.);
#8740=ORIENTED_EDGE($,*,*,#6157,.T.);
#8741=ORIENTED_EDGE($,*,*,#6159,.T.);
#8742=ORIENTED_EDGE($,*,*,#6149,.T.);
#8743=ORIENTED_EDGE($,*,*,#6161,.T.);
#8744=ORIENTED_EDGE($,*,*,#6153,.T.);
#8745=ORIENTED_EDGE($,*,*,#6081,.F.);
#8746=ORIENTED_EDGE($,*,*,#6147,.F.);
#8747=ORIENTED_EDGE($,*,*,#6121,.F.);
#8748=ORIENTED_EDGE($,*,*,#6138,.T.);
#8749=ORIENTED_EDGE($,*,*,#6145,.T.);
#8750=ORIENTED_EDGE($,*,*,#6131,.T.);
#8751=ORIENTED_EDGE($,*,*,#6154,.F.);
#8752=ORIENTED_EDGE($,*,*,#6161,.F.);
#8753=ORIENTED_EDGE($,*,*,#6146,.T.);
#8754=ORIENTED_EDGE($,*,*,#6128,.T.);
#8755=ORIENTED_EDGE($,*,*,#6106,.F.);
#8756=ORIENTED_EDGE($,*,*,#6135,.F.);
#8757=ORIENTED_EDGE($,*,*,#6096,.T.);
#8758=ORIENTED_EDGE($,*,*,#6113,.T.);
#8759=ORIENTED_EDGE($,*,*,#6116,.T.);
#8760=ORIENTED_EDGE($,*,*,#6110,.T.);
#8761=ORIENTED_EDGE($,*,*,#6098,.F.);
#8762=ORIENTED_EDGE($,*,*,#6134,.T.);
#8763=ORIENTED_EDGE($,*,*,#6104,.T.);
#8764=ORIENTED_EDGE($,*,*,#6122,.T.);
#8765=ORIENTED_EDGE($,*,*,#6151,.F.);
#8766=ORIENTED_EDGE($,*,*,#6158,.F.);
#8767=ORIENTED_EDGE($,*,*,#6155,.T.);
#8768=ORIENTED_EDGE($,*,*,#6133,.F.);
#8769=ORIENTED_EDGE($,*,*,#6144,.F.);
#8770=ORIENTED_EDGE($,*,*,#6140,.T.);
#8771=ORIENTED_EDGE($,*,*,#6162,.F.);
#8772=ORIENTED_EDGE($,*,*,#6163,.F.);
#8773=ORIENTED_EDGE($,*,*,#6164,.F.);
#8774=ORIENTED_EDGE($,*,*,#6165,.T.);
#8775=ORIENTED_EDGE($,*,*,#6166,.F.);
#8776=ORIENTED_EDGE($,*,*,#6167,.F.);
#8777=ORIENTED_EDGE($,*,*,#6168,.F.);
#8778=ORIENTED_EDGE($,*,*,#6169,.T.);
#8779=ORIENTED_EDGE($,*,*,#6170,.F.);
#8780=ORIENTED_EDGE($,*,*,#6165,.F.);
#8781=ORIENTED_EDGE($,*,*,#6171,.F.);
#8782=ORIENTED_EDGE($,*,*,#6167,.T.);
#8783=ORIENTED_EDGE($,*,*,#6172,.F.);
#8784=ORIENTED_EDGE($,*,*,#6173,.F.);
#8785=ORIENTED_EDGE($,*,*,#6174,.T.);
#8786=ORIENTED_EDGE($,*,*,#6175,.T.);
#8787=ORIENTED_EDGE($,*,*,#6176,.T.);
#8788=ORIENTED_EDGE($,*,*,#6177,.F.);
#8789=ORIENTED_EDGE($,*,*,#6174,.F.);
#8790=ORIENTED_EDGE($,*,*,#6178,.F.);
#8791=ORIENTED_EDGE($,*,*,#6179,.F.);
#8792=ORIENTED_EDGE($,*,*,#6175,.F.);
#8793=ORIENTED_EDGE($,*,*,#6177,.T.);
#8794=ORIENTED_EDGE($,*,*,#6180,.T.);
#8795=ORIENTED_EDGE($,*,*,#6181,.T.);
#8796=ORIENTED_EDGE($,*,*,#6168,.T.);
#8797=ORIENTED_EDGE($,*,*,#6171,.T.);
#8798=ORIENTED_EDGE($,*,*,#6164,.T.);
#8799=ORIENTED_EDGE($,*,*,#6182,.F.);
#8800=ORIENTED_EDGE($,*,*,#6180,.F.);
#8801=ORIENTED_EDGE($,*,*,#6176,.F.);
#8802=ORIENTED_EDGE($,*,*,#6183,.T.);
#8803=ORIENTED_EDGE($,*,*,#6184,.F.);
#8804=ORIENTED_EDGE($,*,*,#6169,.F.);
#8805=ORIENTED_EDGE($,*,*,#6181,.F.);
#8806=ORIENTED_EDGE($,*,*,#6163,.T.);
#8807=ORIENTED_EDGE($,*,*,#6185,.F.);
#8808=ORIENTED_EDGE($,*,*,#6183,.F.);
#8809=ORIENTED_EDGE($,*,*,#6178,.T.);
#8810=ORIENTED_EDGE($,*,*,#6173,.T.);
#8811=ORIENTED_EDGE($,*,*,#6162,.T.);
#8812=ORIENTED_EDGE($,*,*,#6170,.T.);
#8813=ORIENTED_EDGE($,*,*,#6179,.T.);
#8814=ORIENTED_EDGE($,*,*,#6182,.T.);
#8815=ORIENTED_EDGE($,*,*,#6172,.T.);
#8816=ORIENTED_EDGE($,*,*,#6166,.T.);
#8817=ORIENTED_EDGE($,*,*,#6184,.T.);
#8818=ORIENTED_EDGE($,*,*,#6185,.T.);
#8819=ORIENTED_EDGE($,*,*,#6186,.T.);
#8820=ORIENTED_EDGE($,*,*,#6187,.T.);
#8821=ORIENTED_EDGE($,*,*,#6188,.T.);
#8822=ORIENTED_EDGE($,*,*,#6189,.T.);
#8823=ORIENTED_EDGE($,*,*,#6190,.T.);
#8824=ORIENTED_EDGE($,*,*,#6191,.T.);
#8825=ORIENTED_EDGE($,*,*,#6192,.T.);
#8826=ORIENTED_EDGE($,*,*,#6193,.T.);
#8827=ORIENTED_EDGE($,*,*,#6194,.T.);
#8828=ORIENTED_EDGE($,*,*,#6191,.F.);
#8829=ORIENTED_EDGE($,*,*,#6195,.F.);
#8830=ORIENTED_EDGE($,*,*,#6189,.F.);
#8831=ORIENTED_EDGE($,*,*,#6196,.T.);
#8832=ORIENTED_EDGE($,*,*,#6192,.F.);
#8833=ORIENTED_EDGE($,*,*,#6194,.F.);
#8834=ORIENTED_EDGE($,*,*,#6188,.F.);
#8835=ORIENTED_EDGE($,*,*,#6197,.T.);
#8836=ORIENTED_EDGE($,*,*,#6193,.F.);
#8837=ORIENTED_EDGE($,*,*,#6196,.F.);
#8838=ORIENTED_EDGE($,*,*,#6187,.F.);
#8839=ORIENTED_EDGE($,*,*,#6195,.T.);
#8840=ORIENTED_EDGE($,*,*,#6190,.F.);
#8841=ORIENTED_EDGE($,*,*,#6197,.F.);
#8842=ORIENTED_EDGE($,*,*,#6186,.F.);
#8843=ORIENTED_EDGE($,*,*,#6198,.F.);
#8844=ORIENTED_EDGE($,*,*,#6199,.T.);
#8845=ORIENTED_EDGE($,*,*,#6200,.F.);
#8846=ORIENTED_EDGE($,*,*,#6201,.F.);
#8847=ORIENTED_EDGE($,*,*,#6202,.F.);
#8848=ORIENTED_EDGE($,*,*,#6203,.T.);
#8849=ORIENTED_EDGE($,*,*,#6204,.F.);
#8850=ORIENTED_EDGE($,*,*,#6199,.F.);
#8851=ORIENTED_EDGE($,*,*,#6200,.T.);
#8852=ORIENTED_EDGE($,*,*,#6204,.T.);
#8853=ORIENTED_EDGE($,*,*,#6205,.T.);
#8854=ORIENTED_EDGE($,*,*,#6206,.T.);
#8855=ORIENTED_EDGE($,*,*,#6207,.F.);
#8856=ORIENTED_EDGE($,*,*,#6208,.T.);
#8857=ORIENTED_EDGE($,*,*,#6205,.F.);
#8858=ORIENTED_EDGE($,*,*,#6203,.F.);
#8859=ORIENTED_EDGE($,*,*,#6209,.F.);
#8860=ORIENTED_EDGE($,*,*,#6201,.T.);
#8861=ORIENTED_EDGE($,*,*,#6206,.F.);
#8862=ORIENTED_EDGE($,*,*,#6208,.F.);
#8863=ORIENTED_EDGE($,*,*,#6210,.F.);
#8864=ORIENTED_EDGE($,*,*,#6211,.T.);
#8865=ORIENTED_EDGE($,*,*,#6212,.F.);
#8866=ORIENTED_EDGE($,*,*,#6213,.F.);
#8867=ORIENTED_EDGE($,*,*,#6214,.F.);
#8868=ORIENTED_EDGE($,*,*,#6215,.T.);
#8869=ORIENTED_EDGE($,*,*,#6216,.F.);
#8870=ORIENTED_EDGE($,*,*,#6211,.F.);
#8871=ORIENTED_EDGE($,*,*,#6212,.T.);
#8872=ORIENTED_EDGE($,*,*,#6216,.T.);
#8873=ORIENTED_EDGE($,*,*,#6217,.T.);
#8874=ORIENTED_EDGE($,*,*,#6218,.T.);
#8875=ORIENTED_EDGE($,*,*,#6219,.F.);
#8876=ORIENTED_EDGE($,*,*,#6220,.T.);
#8877=ORIENTED_EDGE($,*,*,#6217,.F.);
#8878=ORIENTED_EDGE($,*,*,#6215,.F.);
#8879=ORIENTED_EDGE($,*,*,#6221,.F.);
#8880=ORIENTED_EDGE($,*,*,#6213,.T.);
#8881=ORIENTED_EDGE($,*,*,#6218,.F.);
#8882=ORIENTED_EDGE($,*,*,#6220,.F.);
#8883=ORIENTED_EDGE($,*,*,#6222,.F.);
#8884=ORIENTED_EDGE($,*,*,#6223,.T.);
#8885=ORIENTED_EDGE($,*,*,#6224,.F.);
#8886=ORIENTED_EDGE($,*,*,#6225,.F.);
#8887=ORIENTED_EDGE($,*,*,#6226,.F.);
#8888=ORIENTED_EDGE($,*,*,#6227,.T.);
#8889=ORIENTED_EDGE($,*,*,#6228,.F.);
#8890=ORIENTED_EDGE($,*,*,#6223,.F.);
#8891=ORIENTED_EDGE($,*,*,#6224,.T.);
#8892=ORIENTED_EDGE($,*,*,#6228,.T.);
#8893=ORIENTED_EDGE($,*,*,#6229,.T.);
#8894=ORIENTED_EDGE($,*,*,#6230,.T.);
#8895=ORIENTED_EDGE($,*,*,#6231,.F.);
#8896=ORIENTED_EDGE($,*,*,#6232,.T.);
#8897=ORIENTED_EDGE($,*,*,#6229,.F.);
#8898=ORIENTED_EDGE($,*,*,#6227,.F.);
#8899=ORIENTED_EDGE($,*,*,#6233,.F.);
#8900=ORIENTED_EDGE($,*,*,#6225,.T.);
#8901=ORIENTED_EDGE($,*,*,#6230,.F.);
#8902=ORIENTED_EDGE($,*,*,#6232,.F.);
#8903=ORIENTED_EDGE($,*,*,#6202,.T.);
#8904=ORIENTED_EDGE($,*,*,#6198,.T.);
#8905=ORIENTED_EDGE($,*,*,#6209,.T.);
#8906=ORIENTED_EDGE($,*,*,#6207,.T.);
#8907=ORIENTED_EDGE($,*,*,#6214,.T.);
#8908=ORIENTED_EDGE($,*,*,#6210,.T.);
#8909=ORIENTED_EDGE($,*,*,#6221,.T.);
#8910=ORIENTED_EDGE($,*,*,#6219,.T.);
#8911=ORIENTED_EDGE($,*,*,#6226,.T.);
#8912=ORIENTED_EDGE($,*,*,#6222,.T.);
#8913=ORIENTED_EDGE($,*,*,#6233,.T.);
#8914=ORIENTED_EDGE($,*,*,#6231,.T.);
#8915=ORIENTED_EDGE($,*,*,#6234,.T.);
#8916=ORIENTED_EDGE($,*,*,#6235,.T.);
#8917=ORIENTED_EDGE($,*,*,#6236,.T.);
#8918=ORIENTED_EDGE($,*,*,#6237,.T.);
#8919=ORIENTED_EDGE($,*,*,#6238,.F.);
#8920=ORIENTED_EDGE($,*,*,#6239,.F.);
#8921=ORIENTED_EDGE($,*,*,#6240,.F.);
#8922=ORIENTED_EDGE($,*,*,#6241,.F.);
#8923=ORIENTED_EDGE($,*,*,#6235,.F.);
#8924=ORIENTED_EDGE($,*,*,#6242,.T.);
#8925=ORIENTED_EDGE($,*,*,#6243,.F.);
#8926=ORIENTED_EDGE($,*,*,#6244,.F.);
#8927=ORIENTED_EDGE($,*,*,#6236,.F.);
#8928=ORIENTED_EDGE($,*,*,#6244,.T.);
#8929=ORIENTED_EDGE($,*,*,#6245,.F.);
#8930=ORIENTED_EDGE($,*,*,#6246,.F.);
#8931=ORIENTED_EDGE($,*,*,#6237,.F.);
#8932=ORIENTED_EDGE($,*,*,#6246,.T.);
#8933=ORIENTED_EDGE($,*,*,#6247,.F.);
#8934=ORIENTED_EDGE($,*,*,#6248,.F.);
#8935=ORIENTED_EDGE($,*,*,#6234,.F.);
#8936=ORIENTED_EDGE($,*,*,#6248,.T.);
#8937=ORIENTED_EDGE($,*,*,#6249,.F.);
#8938=ORIENTED_EDGE($,*,*,#6242,.F.);
#8939=ORIENTED_EDGE($,*,*,#6240,.T.);
#8940=ORIENTED_EDGE($,*,*,#6250,.T.);
#8941=ORIENTED_EDGE($,*,*,#6251,.F.);
#8942=ORIENTED_EDGE($,*,*,#6252,.F.);
#8943=ORIENTED_EDGE($,*,*,#6239,.T.);
#8944=ORIENTED_EDGE($,*,*,#6253,.T.);
#8945=ORIENTED_EDGE($,*,*,#6254,.F.);
#8946=ORIENTED_EDGE($,*,*,#6250,.F.);
#8947=ORIENTED_EDGE($,*,*,#6249,.T.);
#8948=ORIENTED_EDGE($,*,*,#6247,.T.);
#8949=ORIENTED_EDGE($,*,*,#6245,.T.);
#8950=ORIENTED_EDGE($,*,*,#6243,.T.);
#8951=ORIENTED_EDGE($,*,*,#6254,.T.);
#8952=ORIENTED_EDGE($,*,*,#6255,.T.);
#8953=ORIENTED_EDGE($,*,*,#6256,.T.);
#8954=ORIENTED_EDGE($,*,*,#6251,.T.);
#8955=ORIENTED_EDGE($,*,*,#6238,.T.);
#8956=ORIENTED_EDGE($,*,*,#6257,.T.);
#8957=ORIENTED_EDGE($,*,*,#6255,.F.);
#8958=ORIENTED_EDGE($,*,*,#6253,.F.);
#8959=ORIENTED_EDGE($,*,*,#6241,.T.);
#8960=ORIENTED_EDGE($,*,*,#6252,.T.);
#8961=ORIENTED_EDGE($,*,*,#6256,.F.);
#8962=ORIENTED_EDGE($,*,*,#6257,.F.);
#8963=ORIENTED_EDGE($,*,*,#6258,.T.);
#8964=ORIENTED_EDGE($,*,*,#6259,.T.);
#8965=ORIENTED_EDGE($,*,*,#6260,.T.);
#8966=ORIENTED_EDGE($,*,*,#6261,.T.);
#8967=ORIENTED_EDGE($,*,*,#6262,.T.);
#8968=ORIENTED_EDGE($,*,*,#6263,.T.);
#8969=ORIENTED_EDGE($,*,*,#6264,.T.);
#8970=ORIENTED_EDGE($,*,*,#6265,.T.);
#8971=ORIENTED_EDGE($,*,*,#6266,.T.);
#8972=ORIENTED_EDGE($,*,*,#6263,.F.);
#8973=ORIENTED_EDGE($,*,*,#6267,.F.);
#8974=ORIENTED_EDGE($,*,*,#6261,.F.);
#8975=ORIENTED_EDGE($,*,*,#6268,.T.);
#8976=ORIENTED_EDGE($,*,*,#6264,.F.);
#8977=ORIENTED_EDGE($,*,*,#6266,.F.);
#8978=ORIENTED_EDGE($,*,*,#6260,.F.);
#8979=ORIENTED_EDGE($,*,*,#6269,.T.);
#8980=ORIENTED_EDGE($,*,*,#6265,.F.);
#8981=ORIENTED_EDGE($,*,*,#6268,.F.);
#8982=ORIENTED_EDGE($,*,*,#6259,.F.);
#8983=ORIENTED_EDGE($,*,*,#6267,.T.);
#8984=ORIENTED_EDGE($,*,*,#6262,.F.);
#8985=ORIENTED_EDGE($,*,*,#6269,.F.);
#8986=ORIENTED_EDGE($,*,*,#6258,.F.);
#8987=ORIENTED_EDGE($,*,*,#6270,.F.);
#8988=ORIENTED_EDGE($,*,*,#6270,.T.);
#8989=PLANE($,#10169);
#8990=PLANE($,#10170);
#8991=PLANE($,#10171);
#8992=PLANE($,#10172);
#8993=PLANE($,#10173);
#8994=PLANE($,#10174);
#8995=PLANE($,#10175);
#8996=PLANE($,#10176);
#8997=PLANE($,#10177);
#8998=PLANE($,#10178);
#8999=PLANE($,#10179);
#9000=PLANE($,#10180);
#9001=PLANE($,#10181);
#9002=PLANE($,#10182);
#9003=PLANE($,#10183);
#9004=PLANE($,#10184);
#9005=PLANE($,#10189);
#9006=PLANE($,#10190);
#9007=PLANE($,#10191);
#9008=PLANE($,#10192);
#9009=PLANE($,#10193);
#9010=PLANE($,#10194);
#9011=PLANE($,#10195);
#9012=PLANE($,#10199);
#9013=PLANE($,#10200);
#9014=PLANE($,#10201);
#9015=PLANE($,#10202);
#9016=PLANE($,#10203);
#9017=PLANE($,#10204);
#9018=PLANE($,#10205);
#9019=PLANE($,#10206);
#9020=PLANE($,#10207);
#9021=PLANE($,#10208);
#9022=PLANE($,#10209);
#9023=PLANE($,#10210);
#9024=PLANE($,#10211);
#9025=PLANE($,#10212);
#9026=PLANE($,#10213);
#9027=PLANE($,#10216);
#9028=PLANE($,#10217);
#9029=PLANE($,#10218);
#9030=PLANE($,#10219);
#9031=PLANE($,#10220);
#9032=PLANE($,#10221);
#9033=PLANE($,#10222);
#9034=PLANE($,#10223);
#9035=PLANE($,#10224);
#9036=PLANE($,#10225);
#9037=PLANE($,#10226);
#9038=PLANE($,#10227);
#9039=PLANE($,#10228);
#9040=PLANE($,#10229);
#9041=PLANE($,#10230);
#9042=PLANE($,#10231);
#9043=PLANE($,#10232);
#9044=PLANE($,#10233);
#9045=PLANE($,#10234);
#9046=PLANE($,#10235);
#9047=PLANE($,#10236);
#9048=PLANE($,#10237);
#9049=PLANE($,#10238);
#9050=PLANE($,#10239);
#9051=PLANE($,#10240);
#9052=PLANE($,#10241);
#9053=PLANE($,#10242);
#9054=PLANE($,#10243);
#9055=PLANE($,#10244);
#9056=PLANE($,#10245);
#9057=PLANE($,#10246);
#9058=PLANE($,#10247);
#9059=PLANE($,#10248);
#9060=PLANE($,#10249);
#9061=PLANE($,#10250);
#9062=PLANE($,#10251);
#9063=PLANE($,#10252);
#9064=PLANE($,#10253);
#9065=PLANE($,#10254);
#9066=PLANE($,#10255);
#9067=PLANE($,#10256);
#9068=PLANE($,#10257);
#9069=PLANE($,#10258);
#9070=PLANE($,#10259);
#9071=PLANE($,#10260);
#9072=PLANE($,#10261);
#9073=PLANE($,#10262);
#9074=PLANE($,#10263);
#9075=PLANE($,#10264);
#9076=PLANE($,#10265);
#9077=PLANE($,#10266);
#9078=PLANE($,#10267);
#9079=PLANE($,#10268);
#9080=PLANE($,#10269);
#9081=PLANE($,#10270);
#9082=PLANE($,#10271);
#9083=PLANE($,#10272);
#9084=PLANE($,#10273);
#9085=PLANE($,#10274);
#9086=PLANE($,#10275);
#9087=PLANE($,#10276);
#9088=PLANE($,#10277);
#9089=PLANE($,#10278);
#9090=PLANE($,#10279);
#9091=PLANE($,#10280);
#9092=PLANE($,#10281);
#9093=PLANE($,#10282);
#9094=PLANE($,#10283);
#9095=PLANE($,#10284);
#9096=PLANE($,#10285);
#9097=PLANE($,#10286);
#9098=PLANE($,#10287);
#9099=PLANE($,#10288);
#9100=PLANE($,#10289);
#9101=PLANE($,#10290);
#9102=PLANE($,#10291);
#9103=PLANE($,#10292);
#9104=PLANE($,#10293);
#9105=PLANE($,#10294);
#9106=PLANE($,#10295);
#9107=PLANE($,#10296);
#9108=PLANE($,#10297);
#9109=PLANE($,#10298);
#9110=PLANE($,#10299);
#9111=PLANE($,#10300);
#9112=PLANE($,#10301);
#9113=PLANE($,#10302);
#9114=PLANE($,#10303);
#9115=PLANE($,#10304);
#9116=PLANE($,#10305);
#9117=PLANE($,#10306);
#9118=PLANE($,#10307);
#9119=PLANE($,#10308);
#9120=PLANE($,#10309);
#9121=PLANE($,#10310);
#9122=PLANE($,#10311);
#9123=PLANE($,#10312);
#9124=PLANE($,#10313);
#9125=PLANE($,#10314);
#9126=PLANE($,#10315);
#9127=PLANE($,#10316);
#9128=PLANE($,#10317);
#9129=PLANE($,#10318);
#9130=PLANE($,#10319);
#9131=PLANE($,#10320);
#9132=PLANE($,#10321);
#9133=PLANE($,#10322);
#9134=PLANE($,#10323);
#9135=PLANE($,#10324);
#9136=PLANE($,#10325);
#9137=PLANE($,#10326);
#9138=PLANE($,#10327);
#9139=PLANE($,#10328);
#9140=PLANE($,#10329);
#9141=PLANE($,#10330);
#9142=PLANE($,#10331);
#9143=PLANE($,#10332);
#9144=PLANE($,#10333);
#9145=PLANE($,#10334);
#9146=PLANE($,#10335);
#9147=PLANE($,#10336);
#9148=PLANE($,#10337);
#9149=PLANE($,#10338);
#9150=PLANE($,#10339);
#9151=PLANE($,#10340);
#9152=PLANE($,#10341);
#9153=PLANE($,#10342);
#9154=PLANE($,#10343);
#9155=PLANE($,#10344);
#9156=PLANE($,#10345);
#9157=PLANE($,#10346);
#9158=PLANE($,#10347);
#9159=PLANE($,#10348);
#9160=PLANE($,#10349);
#9161=PLANE($,#10350);
#9162=PLANE($,#10351);
#9163=PLANE($,#10352);
#9164=PLANE($,#10353);
#9165=PLANE($,#10354);
#9166=PLANE($,#10355);
#9167=PLANE($,#10356);
#9168=PLANE($,#10357);
#9169=PLANE($,#10358);
#9170=PLANE($,#10359);
#9171=PLANE($,#10360);
#9172=PLANE($,#10361);
#9173=PLANE($,#10362);
#9174=PLANE($,#10363);
#9175=PLANE($,#10364);
#9176=PLANE($,#10365);
#9177=PLANE($,#10366);
#9178=PLANE($,#10367);
#9179=PLANE($,#10368);
#9180=PLANE($,#10369);
#9181=PLANE($,#10370);
#9182=PLANE($,#10371);
#9183=PLANE($,#10372);
#9184=PLANE($,#10373);
#9185=PLANE($,#10374);
#9186=PLANE($,#10375);
#9187=PLANE($,#10376);
#9188=PLANE($,#10377);
#9189=PLANE($,#10378);
#9190=PLANE($,#10379);
#9191=PLANE($,#10380);
#9192=PLANE($,#10381);
#9193=PLANE($,#10382);
#9194=PLANE($,#10383);
#9195=PLANE($,#10384);
#9196=PLANE($,#10385);
#9197=PLANE($,#10386);
#9198=PLANE($,#10387);
#9199=PLANE($,#10388);
#9200=PLANE($,#10389);
#9201=PLANE($,#10390);
#9202=PLANE($,#10391);
#9203=PLANE($,#10392);
#9204=PLANE($,#10393);
#9205=PLANE($,#10394);
#9206=PLANE($,#10395);
#9207=PLANE($,#10396);
#9208=PLANE($,#10397);
#9209=PLANE($,#10398);
#9210=PLANE($,#10399);
#9211=PLANE($,#10400);
#9212=PLANE($,#10401);
#9213=PLANE($,#10402);
#9214=PLANE($,#10403);
#9215=PLANE($,#10404);
#9216=PLANE($,#10405);
#9217=PLANE($,#10406);
#9218=PLANE($,#10407);
#9219=PLANE($,#10408);
#9220=PLANE($,#10409);
#9221=PLANE($,#10410);
#9222=PLANE($,#10411);
#9223=PLANE($,#10412);
#9224=PLANE($,#10413);
#9225=PLANE($,#10414);
#9226=PLANE($,#10415);
#9227=PLANE($,#10416);
#9228=PLANE($,#10417);
#9229=PLANE($,#10418);
#9230=PLANE($,#10419);
#9231=PLANE($,#10420);
#9232=PLANE($,#10421);
#9233=PLANE($,#10422);
#9234=PLANE($,#10423);
#9235=PLANE($,#10424);
#9236=PLANE($,#10425);
#9237=PLANE($,#10426);
#9238=PLANE($,#10427);
#9239=PLANE($,#10428);
#9240=PLANE($,#10429);
#9241=PLANE($,#10430);
#9242=PLANE($,#10431);
#9243=PLANE($,#10432);
#9244=PLANE($,#10433);
#9245=PLANE($,#10434);
#9246=PLANE($,#10435);
#9247=PLANE($,#10436);
#9248=PLANE($,#10437);
#9249=PLANE($,#10438);
#9250=PLANE($,#10439);
#9251=PLANE($,#10440);
#9252=PLANE($,#10441);
#9253=PLANE($,#10442);
#9254=PLANE($,#10443);
#9255=PLANE($,#10444);
#9256=PLANE($,#10445);
#9257=PLANE($,#10446);
#9258=PLANE($,#10447);
#9259=PLANE($,#10448);
#9260=PLANE($,#10449);
#9261=PLANE($,#10450);
#9262=PLANE($,#10451);
#9263=PLANE($,#10452);
#9264=PLANE($,#10453);
#9265=PLANE($,#10454);
#9266=PLANE($,#10455);
#9267=PLANE($,#10456);
#9268=PLANE($,#10457);
#9269=PLANE($,#10458);
#9270=PLANE($,#10459);
#9271=PLANE($,#10460);
#9272=PLANE($,#10461);
#9273=PLANE($,#10462);
#9274=PLANE($,#10463);
#9275=PLANE($,#10464);
#9276=PLANE($,#10465);
#9277=PLANE($,#10466);
#9278=PLANE($,#10467);
#9279=PLANE($,#10468);
#9280=PLANE($,#10469);
#9281=PLANE($,#10470);
#9282=PLANE($,#10471);
#9283=PLANE($,#10472);
#9284=PLANE($,#10473);
#9285=PLANE($,#10474);
#9286=PLANE($,#10475);
#9287=PLANE($,#10476);
#9288=PLANE($,#10477);
#9289=PLANE($,#10478);
#9290=PLANE($,#10479);
#9291=PLANE($,#10480);
#9292=PLANE($,#10481);
#9293=PLANE($,#10482);
#9294=PLANE($,#10483);
#9295=PLANE($,#10484);
#9296=PLANE($,#10485);
#9297=PLANE($,#10486);
#9298=PLANE($,#10487);
#9299=PLANE($,#10488);
#9300=PLANE($,#10489);
#9301=PLANE($,#10490);
#9302=PLANE($,#10491);
#9303=PLANE($,#10492);
#9304=PLANE($,#10493);
#9305=PLANE($,#10494);
#9306=PLANE($,#10495);
#9307=PLANE($,#10496);
#9308=PLANE($,#10497);
#9309=PLANE($,#10498);
#9310=PLANE($,#10499);
#9311=PLANE($,#10500);
#9312=PLANE($,#10501);
#9313=PLANE($,#10502);
#9314=PLANE($,#10503);
#9315=PLANE($,#10504);
#9316=PLANE($,#10505);
#9317=PLANE($,#10506);
#9318=PLANE($,#10507);
#9319=PLANE($,#10512);
#9320=PLANE($,#10513);
#9321=PLANE($,#10514);
#9322=PLANE($,#10515);
#9323=PLANE($,#10516);
#9324=PLANE($,#10517);
#9325=PLANE($,#10518);
#9326=PLANE($,#10522);
#9327=PLANE($,#10523);
#9328=PLANE($,#10524);
#9329=PLANE($,#10525);
#9330=PLANE($,#10526);
#9331=PLANE($,#10527);
#9332=PLANE($,#10528);
#9333=PLANE($,#10529);
#9334=PLANE($,#10530);
#9335=PLANE($,#10533);
#9336=PLANE($,#10534);
#9337=PLANE($,#10535);
#9338=PLANE($,#10536);
#9339=PLANE($,#10537);
#9340=PLANE($,#10538);
#9341=PLANE($,#10539);
#9342=PLANE($,#10540);
#9343=PLANE($,#10541);
#9344=PLANE($,#10542);
#9345=PLANE($,#10543);
#9346=PLANE($,#10544);
#9347=PLANE($,#10545);
#9348=PLANE($,#10546);
#9349=PLANE($,#10547);
#9350=PLANE($,#10548);
#9351=PLANE($,#10549);
#9352=PLANE($,#10550);
#9353=PLANE($,#10551);
#9354=PLANE($,#10552);
#9355=PLANE($,#10553);
#9356=PLANE($,#10554);
#9357=PLANE($,#10555);
#9358=PLANE($,#10556);
#9359=PLANE($,#10557);
#9360=PLANE($,#10558);
#9361=PLANE($,#10559);
#9362=PLANE($,#10560);
#9363=PLANE($,#10561);
#9364=PLANE($,#10562);
#9365=PLANE($,#10563);
#9366=PLANE($,#10564);
#9367=PLANE($,#10565);
#9368=PLANE($,#10566);
#9369=PLANE($,#10567);
#9370=PLANE($,#10568);
#9371=PLANE($,#10569);
#9372=PLANE($,#10570);
#9373=PLANE($,#10571);
#9374=PLANE($,#10572);
#9375=PLANE($,#10573);
#9376=PLANE($,#10574);
#9377=PLANE($,#10575);
#9378=PLANE($,#10576);
#9379=PLANE($,#10577);
#9380=PLANE($,#10578);
#9381=PLANE($,#10579);
#9382=PLANE($,#10580);
#9383=PLANE($,#10581);
#9384=PLANE($,#10582);
#9385=PLANE($,#10583);
#9386=PLANE($,#10584);
#9387=PLANE($,#10585);
#9388=PLANE($,#10586);
#9389=PLANE($,#10587);
#9390=PLANE($,#10588);
#9391=PLANE($,#10589);
#9392=PLANE($,#10590);
#9393=PLANE($,#10591);
#9394=PLANE($,#10592);
#9395=PLANE($,#10593);
#9396=PLANE($,#10594);
#9397=PLANE($,#10595);
#9398=PLANE($,#10596);
#9399=PLANE($,#10597);
#9400=PLANE($,#10598);
#9401=PLANE($,#10599);
#9402=PLANE($,#10600);
#9403=PLANE($,#10605);
#9404=PLANE($,#10606);
#9405=PLANE($,#10607);
#9406=PLANE($,#10608);
#9407=PLANE($,#10609);
#9408=PLANE($,#10610);
#9409=PLANE($,#10611);
#9410=PLANE($,#10615);
#9411=PLANE($,#10616);
#9412=PLANE($,#10621);
#9413=PLANE($,#10622);
#9414=PLANE($,#10623);
#9415=PLANE($,#10624);
#9416=PLANE($,#10625);
#9417=PLANE($,#10626);
#9418=PLANE($,#10627);
#9419=PLANE($,#10631);
#9420=PLANE($,#10632);
#9421=PLANE($,#10633);
#9422=PLANE($,#10634);
#9423=PLANE($,#10635);
#9424=PLANE($,#10636);
#9425=PLANE($,#10637);
#9426=PLANE($,#10638);
#9427=PLANE($,#10639);
#9428=PLANE($,#10640);
#9429=PLANE($,#10641);
#9430=PLANE($,#10642);
#9431=PLANE($,#10643);
#9432=PLANE($,#10644);
#9433=PLANE($,#10645);
#9434=PLANE($,#10646);
#9435=PLANE($,#10647);
#9436=PLANE($,#10648);
#9437=PLANE($,#10649);
#9438=PLANE($,#10650);
#9439=PLANE($,#10651);
#9440=PLANE($,#10652);
#9441=PLANE($,#10653);
#9442=PLANE($,#10654);
#9443=PLANE($,#10655);
#9444=PLANE($,#10656);
#9445=PLANE($,#10657);
#9446=PLANE($,#10658);
#9447=PLANE($,#10659);
#9448=PLANE($,#10660);
#9449=PLANE($,#10661);
#9450=PLANE($,#10662);
#9451=PLANE($,#10663);
#9452=PLANE($,#10664);
#9453=PLANE($,#10665);
#9454=PLANE($,#10666);
#9455=PLANE($,#10667);
#9456=PLANE($,#10668);
#9457=PLANE($,#10669);
#9458=PLANE($,#10670);
#9459=PLANE($,#10671);
#9460=PLANE($,#10672);
#9461=PLANE($,#10673);
#9462=PLANE($,#10674);
#9463=PLANE($,#10675);
#9464=PLANE($,#10676);
#9465=PLANE($,#10677);
#9466=PLANE($,#10678);
#9467=PLANE($,#10679);
#9468=PLANE($,#10680);
#9469=PLANE($,#10681);
#9470=PLANE($,#10682);
#9471=PLANE($,#10683);
#9472=PLANE($,#10684);
#9473=PLANE($,#10685);
#9474=PLANE($,#10686);
#9475=PLANE($,#10687);
#9476=PLANE($,#10688);
#9477=PLANE($,#10689);
#9478=PLANE($,#10690);
#9479=PLANE($,#10691);
#9480=PLANE($,#10692);
#9481=PLANE($,#10693);
#9482=PLANE($,#10694);
#9483=PLANE($,#10695);
#9484=PLANE($,#10696);
#9485=PLANE($,#10697);
#9486=PLANE($,#10698);
#9487=PLANE($,#10699);
#9488=PLANE($,#10700);
#9489=PLANE($,#10701);
#9490=PLANE($,#10702);
#9491=PLANE($,#10703);
#9492=PLANE($,#10704);
#9493=PLANE($,#10705);
#9494=PLANE($,#10706);
#9495=PLANE($,#10707);
#9496=PLANE($,#10708);
#9497=PLANE($,#10709);
#9498=PLANE($,#10710);
#9499=PLANE($,#10711);
#9500=PLANE($,#10712);
#9501=PLANE($,#10713);
#9502=PLANE($,#10714);
#9503=PLANE($,#10715);
#9504=PLANE($,#10716);
#9505=PLANE($,#10717);
#9506=PLANE($,#10718);
#9507=PLANE($,#10719);
#9508=PLANE($,#10720);
#9509=PLANE($,#10721);
#9510=PLANE($,#10722);
#9511=PLANE($,#10723);
#9512=PLANE($,#10724);
#9513=PLANE($,#10725);
#9514=PLANE($,#10726);
#9515=PLANE($,#10727);
#9516=PLANE($,#10728);
#9517=PLANE($,#10729);
#9518=PLANE($,#10730);
#9519=PLANE($,#10731);
#9520=PLANE($,#10732);
#9521=PLANE($,#10733);
#9522=PLANE($,#10734);
#9523=PLANE($,#10735);
#9524=PLANE($,#10736);
#9525=PLANE($,#10737);
#9526=PLANE($,#10738);
#9527=PLANE($,#10739);
#9528=PLANE($,#10740);
#9529=PLANE($,#10741);
#9530=ADVANCED_FACE($,(#180),#8989,.F.);
#9531=ADVANCED_FACE($,(#181),#8990,.F.);
#9532=ADVANCED_FACE($,(#182),#8991,.F.);
#9533=ADVANCED_FACE($,(#183),#8992,.F.);
#9534=ADVANCED_FACE($,(#184),#8993,.T.);
#9535=ADVANCED_FACE($,(#185),#8994,.F.);
#9536=ADVANCED_FACE($,(#186),#8995,.F.);
#9537=ADVANCED_FACE($,(#187),#8996,.F.);
#9538=ADVANCED_FACE($,(#188),#8997,.F.);
#9539=ADVANCED_FACE($,(#189),#8998,.F.);
#9540=ADVANCED_FACE($,(#89,#90),#8999,.T.);
#9541=ADVANCED_FACE($,(#91,#92),#9000,.T.);
#9542=ADVANCED_FACE($,(#93,#94),#9001,.T.);
#9543=ADVANCED_FACE($,(#95,#96),#9002,.T.);
#9544=ADVANCED_FACE($,(#190),#9003,.T.);
#9545=ADVANCED_FACE($,(#191),#9004,.F.);
#9546=ADVANCED_FACE($,(#192,#97),#36,.T.);
#9547=ADVANCED_FACE($,(#193),#9005,.T.);
#9548=ADVANCED_FACE($,(#194),#9006,.F.);
#9549=ADVANCED_FACE($,(#195),#9007,.T.);
#9550=ADVANCED_FACE($,(#196),#9008,.F.);
#9551=ADVANCED_FACE($,(#197),#9009,.F.);
#9552=ADVANCED_FACE($,(#198),#9010,.F.);
#9553=ADVANCED_FACE($,(#199),#9011,.F.);
#9554=ADVANCED_FACE($,(#200,#98),#37,.T.);
#9555=ADVANCED_FACE($,(#201),#9012,.T.);
#9556=ADVANCED_FACE($,(#99,#100),#9013,.T.);
#9557=ADVANCED_FACE($,(#202),#9014,.T.);
#9558=ADVANCED_FACE($,(#203),#9015,.F.);
#9559=ADVANCED_FACE($,(#204),#9016,.F.);
#9560=ADVANCED_FACE($,(#205),#9017,.F.);
#9561=ADVANCED_FACE($,(#206),#9018,.F.);
#9562=ADVANCED_FACE($,(#207),#9019,.F.);
#9563=ADVANCED_FACE($,(#208),#9020,.F.);
#9564=ADVANCED_FACE($,(#209),#9021,.F.);
#9565=ADVANCED_FACE($,(#210),#9022,.T.);
#9566=ADVANCED_FACE($,(#211),#9023,.T.);
#9567=ADVANCED_FACE($,(#212),#9024,.T.);
#9568=ADVANCED_FACE($,(#213),#9025,.T.);
#9569=ADVANCED_FACE($,(#214),#9026,.T.);
#9570=ADVANCED_FACE($,(#215),#10,.T.);
#9571=ADVANCED_FACE($,(#216),#9027,.F.);
#9572=ADVANCED_FACE($,(#217),#9028,.T.);
#9573=ADVANCED_FACE($,(#218),#9029,.F.);
#9574=ADVANCED_FACE($,(#219),#9030,.F.);
#9575=ADVANCED_FACE($,(#220),#9031,.T.);
#9576=ADVANCED_FACE($,(#221),#9032,.F.);
#9577=ADVANCED_FACE($,(#222),#9033,.F.);
#9578=ADVANCED_FACE($,(#223),#9034,.F.);
#9579=ADVANCED_FACE($,(#224),#9035,.F.);
#9580=ADVANCED_FACE($,(#225),#9036,.F.);
#9581=ADVANCED_FACE($,(#226),#9037,.F.);
#9582=ADVANCED_FACE($,(#227),#9038,.F.);
#9583=ADVANCED_FACE($,(#228),#9039,.F.);
#9584=ADVANCED_FACE($,(#229),#9040,.F.);
#9585=ADVANCED_FACE($,(#230),#9041,.F.);
#9586=ADVANCED_FACE($,(#231),#9042,.F.);
#9587=ADVANCED_FACE($,(#232),#9043,.F.);
#9588=ADVANCED_FACE($,(#233),#9044,.F.);
#9589=ADVANCED_FACE($,(#234),#9045,.F.);
#9590=ADVANCED_FACE($,(#235),#9046,.F.);
#9591=ADVANCED_FACE($,(#101,#102,#103,#104,#105),#9047,.F.);
#9592=ADVANCED_FACE($,(#236),#9048,.T.);
#9593=ADVANCED_FACE($,(#237),#9049,.T.);
#9594=ADVANCED_FACE($,(#238),#9050,.T.);
#9595=ADVANCED_FACE($,(#239),#9051,.T.);
#9596=ADVANCED_FACE($,(#240),#9052,.F.);
#9597=ADVANCED_FACE($,(#241),#9053,.F.);
#9598=ADVANCED_FACE($,(#242),#9054,.F.);
#9599=ADVANCED_FACE($,(#243),#9055,.F.);
#9600=ADVANCED_FACE($,(#244),#9056,.F.);
#9601=ADVANCED_FACE($,(#245),#9057,.F.);
#9602=ADVANCED_FACE($,(#246),#9058,.T.);
#9603=ADVANCED_FACE($,(#247),#9059,.F.);
#9604=ADVANCED_FACE($,(#248),#9060,.F.);
#9605=ADVANCED_FACE($,(#249),#9061,.T.);
#9606=ADVANCED_FACE($,(#250),#9062,.F.);
#9607=ADVANCED_FACE($,(#251),#9063,.F.);
#9608=ADVANCED_FACE($,(#252),#9064,.F.);
#9609=ADVANCED_FACE($,(#253),#9065,.F.);
#9610=ADVANCED_FACE($,(#254),#9066,.F.);
#9611=ADVANCED_FACE($,(#255),#9067,.F.);
#9612=ADVANCED_FACE($,(#256),#9068,.F.);
#9613=ADVANCED_FACE($,(#257),#9069,.F.);
#9614=ADVANCED_FACE($,(#258),#9070,.F.);
#9615=ADVANCED_FACE($,(#259),#9071,.F.);
#9616=ADVANCED_FACE($,(#260),#9072,.F.);
#9617=ADVANCED_FACE($,(#261),#9073,.F.);
#9618=ADVANCED_FACE($,(#262),#9074,.F.);
#9619=ADVANCED_FACE($,(#263),#9075,.F.);
#9620=ADVANCED_FACE($,(#264),#9076,.F.);
#9621=ADVANCED_FACE($,(#106,#107,#108,#109,#110),#9077,.F.);
#9622=ADVANCED_FACE($,(#265),#9078,.T.);
#9623=ADVANCED_FACE($,(#266),#9079,.T.);
#9624=ADVANCED_FACE($,(#267),#9080,.T.);
#9625=ADVANCED_FACE($,(#268),#9081,.T.);
#9626=ADVANCED_FACE($,(#269),#9082,.F.);
#9627=ADVANCED_FACE($,(#270),#9083,.F.);
#9628=ADVANCED_FACE($,(#271),#9084,.F.);
#9629=ADVANCED_FACE($,(#272),#9085,.F.);
#9630=ADVANCED_FACE($,(#273),#9086,.F.);
#9631=ADVANCED_FACE($,(#274),#9087,.F.);
#9632=ADVANCED_FACE($,(#275),#9088,.F.);
#9633=ADVANCED_FACE($,(#276),#9089,.T.);
#9634=ADVANCED_FACE($,(#277),#9090,.T.);
#9635=ADVANCED_FACE($,(#278),#9091,.T.);
#9636=ADVANCED_FACE($,(#279),#9092,.T.);
#9637=ADVANCED_FACE($,(#280),#9093,.T.);
#9638=ADVANCED_FACE($,(#281),#9094,.F.);
#9639=ADVANCED_FACE($,(#282),#9095,.F.);
#9640=ADVANCED_FACE($,(#283),#9096,.F.);
#9641=ADVANCED_FACE($,(#284),#9097,.F.);
#9642=ADVANCED_FACE($,(#285),#9098,.F.);
#9643=ADVANCED_FACE($,(#286),#9099,.T.);
#9644=ADVANCED_FACE($,(#287),#9100,.F.);
#9645=ADVANCED_FACE($,(#288),#9101,.F.);
#9646=ADVANCED_FACE($,(#289),#9102,.F.);
#9647=ADVANCED_FACE($,(#290),#9103,.F.);
#9648=ADVANCED_FACE($,(#291),#9104,.F.);
#9649=ADVANCED_FACE($,(#292),#9105,.T.);
#9650=ADVANCED_FACE($,(#293),#9106,.F.);
#9651=ADVANCED_FACE($,(#294),#9107,.F.);
#9652=ADVANCED_FACE($,(#295),#9108,.F.);
#9653=ADVANCED_FACE($,(#296),#9109,.F.);
#9654=ADVANCED_FACE($,(#297),#9110,.F.);
#9655=ADVANCED_FACE($,(#298),#9111,.T.);
#9656=ADVANCED_FACE($,(#299),#9112,.F.);
#9657=ADVANCED_FACE($,(#300),#9113,.F.);
#9658=ADVANCED_FACE($,(#301),#9114,.F.);
#9659=ADVANCED_FACE($,(#302),#9115,.F.);
#9660=ADVANCED_FACE($,(#303),#9116,.F.);
#9661=ADVANCED_FACE($,(#304),#9117,.T.);
#9662=ADVANCED_FACE($,(#305),#9118,.F.);
#9663=ADVANCED_FACE($,(#306),#9119,.F.);
#9664=ADVANCED_FACE($,(#307),#9120,.F.);
#9665=ADVANCED_FACE($,(#308),#9121,.F.);
#9666=ADVANCED_FACE($,(#309),#9122,.F.);
#9667=ADVANCED_FACE($,(#310),#9123,.T.);
#9668=ADVANCED_FACE($,(#311),#9124,.F.);
#9669=ADVANCED_FACE($,(#312),#9125,.F.);
#9670=ADVANCED_FACE($,(#313),#9126,.F.);
#9671=ADVANCED_FACE($,(#314),#9127,.F.);
#9672=ADVANCED_FACE($,(#315),#9128,.F.);
#9673=ADVANCED_FACE($,(#316),#9129,.T.);
#9674=ADVANCED_FACE($,(#317),#9130,.F.);
#9675=ADVANCED_FACE($,(#318),#9131,.F.);
#9676=ADVANCED_FACE($,(#319),#9132,.F.);
#9677=ADVANCED_FACE($,(#320),#9133,.F.);
#9678=ADVANCED_FACE($,(#321),#9134,.F.);
#9679=ADVANCED_FACE($,(#322),#9135,.T.);
#9680=ADVANCED_FACE($,(#323),#9136,.F.);
#9681=ADVANCED_FACE($,(#324),#9137,.F.);
#9682=ADVANCED_FACE($,(#325),#9138,.F.);
#9683=ADVANCED_FACE($,(#326),#9139,.F.);
#9684=ADVANCED_FACE($,(#327),#9140,.F.);
#9685=ADVANCED_FACE($,(#328),#9141,.F.);
#9686=ADVANCED_FACE($,(#329),#9142,.F.);
#9687=ADVANCED_FACE($,(#330),#9143,.F.);
#9688=ADVANCED_FACE($,(#331),#9144,.F.);
#9689=ADVANCED_FACE($,(#332),#9145,.F.);
#9690=ADVANCED_FACE($,(#333),#9146,.T.);
#9691=ADVANCED_FACE($,(#334),#9147,.F.);
#9692=ADVANCED_FACE($,(#335),#9148,.F.);
#9693=ADVANCED_FACE($,(#111,#112,#113),#9149,.T.);
#9694=ADVANCED_FACE($,(#336),#9150,.F.);
#9695=ADVANCED_FACE($,(#337),#9151,.F.);
#9696=ADVANCED_FACE($,(#338),#9152,.F.);
#9697=ADVANCED_FACE($,(#339),#9153,.F.);
#9698=ADVANCED_FACE($,(#340),#9154,.F.);
#9699=ADVANCED_FACE($,(#341),#9155,.T.);
#9700=ADVANCED_FACE($,(#342),#9156,.F.);
#9701=ADVANCED_FACE($,(#343),#9157,.F.);
#9702=ADVANCED_FACE($,(#344),#9158,.F.);
#9703=ADVANCED_FACE($,(#345),#9159,.F.);
#9704=ADVANCED_FACE($,(#346),#9160,.F.);
#9705=ADVANCED_FACE($,(#347),#9161,.T.);
#9706=ADVANCED_FACE($,(#348),#9162,.F.);
#9707=ADVANCED_FACE($,(#349),#9163,.F.);
#9708=ADVANCED_FACE($,(#350),#9164,.F.);
#9709=ADVANCED_FACE($,(#351),#9165,.F.);
#9710=ADVANCED_FACE($,(#352),#9166,.F.);
#9711=ADVANCED_FACE($,(#353),#9167,.T.);
#9712=ADVANCED_FACE($,(#354),#9168,.F.);
#9713=ADVANCED_FACE($,(#355),#9169,.F.);
#9714=ADVANCED_FACE($,(#356),#9170,.F.);
#9715=ADVANCED_FACE($,(#357),#9171,.F.);
#9716=ADVANCED_FACE($,(#358),#9172,.F.);
#9717=ADVANCED_FACE($,(#359),#9173,.T.);
#9718=ADVANCED_FACE($,(#360),#9174,.F.);
#9719=ADVANCED_FACE($,(#361),#9175,.F.);
#9720=ADVANCED_FACE($,(#362),#9176,.F.);
#9721=ADVANCED_FACE($,(#363),#9177,.F.);
#9722=ADVANCED_FACE($,(#364),#9178,.F.);
#9723=ADVANCED_FACE($,(#365),#9179,.T.);
#9724=ADVANCED_FACE($,(#366),#9180,.F.);
#9725=ADVANCED_FACE($,(#367),#9181,.F.);
#9726=ADVANCED_FACE($,(#368),#9182,.F.);
#9727=ADVANCED_FACE($,(#369),#9183,.F.);
#9728=ADVANCED_FACE($,(#370),#9184,.F.);
#9729=ADVANCED_FACE($,(#371),#9185,.T.);
#9730=ADVANCED_FACE($,(#372),#9186,.F.);
#9731=ADVANCED_FACE($,(#373),#9187,.F.);
#9732=ADVANCED_FACE($,(#374),#9188,.F.);
#9733=ADVANCED_FACE($,(#375),#9189,.F.);
#9734=ADVANCED_FACE($,(#376),#9190,.F.);
#9735=ADVANCED_FACE($,(#377),#9191,.F.);
#9736=ADVANCED_FACE($,(#378),#9192,.F.);
#9737=ADVANCED_FACE($,(#379),#9193,.F.);
#9738=ADVANCED_FACE($,(#380),#9194,.F.);
#9739=ADVANCED_FACE($,(#381),#9195,.F.);
#9740=ADVANCED_FACE($,(#382),#9196,.F.);
#9741=ADVANCED_FACE($,(#383),#9197,.F.);
#9742=ADVANCED_FACE($,(#384),#9198,.F.);
#9743=ADVANCED_FACE($,(#385),#9199,.F.);
#9744=ADVANCED_FACE($,(#386),#9200,.F.);
#9745=ADVANCED_FACE($,(#387),#9201,.F.);
#9746=ADVANCED_FACE($,(#114,#115,#116,#117,#118),#9202,.F.);
#9747=ADVANCED_FACE($,(#388),#9203,.T.);
#9748=ADVANCED_FACE($,(#389),#9204,.T.);
#9749=ADVANCED_FACE($,(#390),#9205,.T.);
#9750=ADVANCED_FACE($,(#391),#9206,.T.);
#9751=ADVANCED_FACE($,(#392),#9207,.T.);
#9752=ADVANCED_FACE($,(#393),#9208,.F.);
#9753=ADVANCED_FACE($,(#394),#9209,.F.);
#9754=ADVANCED_FACE($,(#395),#9210,.F.);
#9755=ADVANCED_FACE($,(#396),#9211,.F.);
#9756=ADVANCED_FACE($,(#397),#9212,.F.);
#9757=ADVANCED_FACE($,(#398),#9213,.F.);
#9758=ADVANCED_FACE($,(#399),#9214,.F.);
#9759=ADVANCED_FACE($,(#400),#9215,.F.);
#9760=ADVANCED_FACE($,(#401),#9216,.F.);
#9761=ADVANCED_FACE($,(#402),#9217,.F.);
#9762=ADVANCED_FACE($,(#403),#9218,.F.);
#9763=ADVANCED_FACE($,(#404),#9219,.F.);
#9764=ADVANCED_FACE($,(#405),#9220,.F.);
#9765=ADVANCED_FACE($,(#406),#9221,.F.);
#9766=ADVANCED_FACE($,(#407),#9222,.F.);
#9767=ADVANCED_FACE($,(#119,#120,#121),#9223,.F.);
#9768=ADVANCED_FACE($,(#122,#123,#124),#9224,.F.);
#9769=ADVANCED_FACE($,(#408,#125,#126),#9225,.F.);
#9770=ADVANCED_FACE($,(#409,#127,#128),#9226,.F.);
#9771=ADVANCED_FACE($,(#410),#9227,.F.);
#9772=ADVANCED_FACE($,(#411),#9228,.F.);
#9773=ADVANCED_FACE($,(#412),#9229,.F.);
#9774=ADVANCED_FACE($,(#413),#9230,.F.);
#9775=ADVANCED_FACE($,(#414),#9231,.F.);
#9776=ADVANCED_FACE($,(#415),#9232,.F.);
#9777=ADVANCED_FACE($,(#416),#9233,.F.);
#9778=ADVANCED_FACE($,(#417),#9234,.F.);
#9779=ADVANCED_FACE($,(#418),#9235,.F.);
#9780=ADVANCED_FACE($,(#419,#129),#9236,.F.);
#9781=ADVANCED_FACE($,(#420),#9237,.F.);
#9782=ADVANCED_FACE($,(#421),#9238,.F.);
#9783=ADVANCED_FACE($,(#422),#9239,.F.);
#9784=ADVANCED_FACE($,(#423),#9240,.F.);
#9785=ADVANCED_FACE($,(#424),#9241,.F.);
#9786=ADVANCED_FACE($,(#425),#9242,.F.);
#9787=ADVANCED_FACE($,(#426),#9243,.F.);
#9788=ADVANCED_FACE($,(#427),#9244,.F.);
#9789=ADVANCED_FACE($,(#428),#9245,.F.);
#9790=ADVANCED_FACE($,(#429),#9246,.F.);
#9791=ADVANCED_FACE($,(#430),#9247,.F.);
#9792=ADVANCED_FACE($,(#431),#9248,.F.);
#9793=ADVANCED_FACE($,(#432),#9249,.F.);
#9794=ADVANCED_FACE($,(#433),#9250,.F.);
#9795=ADVANCED_FACE($,(#434),#9251,.T.);
#9796=ADVANCED_FACE($,(#435),#9252,.F.);
#9797=ADVANCED_FACE($,(#436),#9253,.F.);
#9798=ADVANCED_FACE($,(#437),#9254,.F.);
#9799=ADVANCED_FACE($,(#438),#9255,.F.);
#9800=ADVANCED_FACE($,(#439),#9256,.F.);
#9801=ADVANCED_FACE($,(#440),#9257,.T.);
#9802=ADVANCED_FACE($,(#130,#131),#9258,.F.);
#9803=ADVANCED_FACE($,(#441),#9259,.F.);
#9804=ADVANCED_FACE($,(#442),#9260,.F.);
#9805=ADVANCED_FACE($,(#443),#9261,.F.);
#9806=ADVANCED_FACE($,(#444),#9262,.F.);
#9807=ADVANCED_FACE($,(#445),#9263,.F.);
#9808=ADVANCED_FACE($,(#446),#9264,.F.);
#9809=ADVANCED_FACE($,(#447),#9265,.F.);
#9810=ADVANCED_FACE($,(#448),#9266,.T.);
#9811=ADVANCED_FACE($,(#449),#9267,.F.);
#9812=ADVANCED_FACE($,(#450),#9268,.F.);
#9813=ADVANCED_FACE($,(#132,#133,#134),#9269,.T.);
#9814=ADVANCED_FACE($,(#451),#9270,.F.);
#9815=ADVANCED_FACE($,(#452),#9271,.F.);
#9816=ADVANCED_FACE($,(#453),#9272,.F.);
#9817=ADVANCED_FACE($,(#454),#9273,.F.);
#9818=ADVANCED_FACE($,(#455),#9274,.F.);
#9819=ADVANCED_FACE($,(#135,#136,#137,#138,#139),#9275,.F.);
#9820=ADVANCED_FACE($,(#456),#9276,.T.);
#9821=ADVANCED_FACE($,(#457),#9277,.T.);
#9822=ADVANCED_FACE($,(#458),#9278,.T.);
#9823=ADVANCED_FACE($,(#459),#9279,.T.);
#9824=ADVANCED_FACE($,(#460),#9280,.T.);
#9825=ADVANCED_FACE($,(#461),#9281,.F.);
#9826=ADVANCED_FACE($,(#462),#9282,.F.);
#9827=ADVANCED_FACE($,(#463),#9283,.F.);
#9828=ADVANCED_FACE($,(#464),#9284,.F.);
#9829=ADVANCED_FACE($,(#465),#9285,.F.);
#9830=ADVANCED_FACE($,(#466),#9286,.T.);
#9831=ADVANCED_FACE($,(#467),#9287,.F.);
#9832=ADVANCED_FACE($,(#468),#9288,.F.);
#9833=ADVANCED_FACE($,(#469),#9289,.F.);
#9834=ADVANCED_FACE($,(#470),#9290,.T.);
#9835=ADVANCED_FACE($,(#471),#9291,.F.);
#9836=ADVANCED_FACE($,(#472),#9292,.F.);
#9837=ADVANCED_FACE($,(#473),#9293,.F.);
#9838=ADVANCED_FACE($,(#474),#9294,.F.);
#9839=ADVANCED_FACE($,(#475),#9295,.F.);
#9840=ADVANCED_FACE($,(#476),#9296,.F.);
#9841=ADVANCED_FACE($,(#477),#9297,.T.);
#9842=ADVANCED_FACE($,(#478),#9298,.F.);
#9843=ADVANCED_FACE($,(#479),#9299,.F.);
#9844=ADVANCED_FACE($,(#480),#9300,.F.);
#9845=ADVANCED_FACE($,(#481),#9301,.F.);
#9846=ADVANCED_FACE($,(#482),#9302,.F.);
#9847=ADVANCED_FACE($,(#483),#9303,.T.);
#9848=ADVANCED_FACE($,(#484),#9304,.F.);
#9849=ADVANCED_FACE($,(#485),#9305,.F.);
#9850=ADVANCED_FACE($,(#486),#9306,.F.);
#9851=ADVANCED_FACE($,(#487),#9307,.T.);
#9852=ADVANCED_FACE($,(#488),#9308,.F.);
#9853=ADVANCED_FACE($,(#489),#9309,.F.);
#9854=ADVANCED_FACE($,(#490),#9310,.F.);
#9855=ADVANCED_FACE($,(#491),#9311,.F.);
#9856=ADVANCED_FACE($,(#492),#9312,.F.);
#9857=ADVANCED_FACE($,(#493),#9313,.T.);
#9858=ADVANCED_FACE($,(#494),#9314,.F.);
#9859=ADVANCED_FACE($,(#495),#9315,.F.);
#9860=ADVANCED_FACE($,(#496),#9316,.F.);
#9861=ADVANCED_FACE($,(#497),#9317,.F.);
#9862=ADVANCED_FACE($,(#498),#9318,.F.);
#9863=ADVANCED_FACE($,(#499,#140),#38,.T.);
#9864=ADVANCED_FACE($,(#500),#9319,.T.);
#9865=ADVANCED_FACE($,(#501),#9320,.F.);
#9866=ADVANCED_FACE($,(#502),#9321,.T.);
#9867=ADVANCED_FACE($,(#503),#9322,.F.);
#9868=ADVANCED_FACE($,(#504),#9323,.F.);
#9869=ADVANCED_FACE($,(#505),#9324,.F.);
#9870=ADVANCED_FACE($,(#506),#9325,.F.);
#9871=ADVANCED_FACE($,(#507,#141),#39,.T.);
#9872=ADVANCED_FACE($,(#508),#9326,.T.);
#9873=ADVANCED_FACE($,(#142,#143),#9327,.T.);
#9874=ADVANCED_FACE($,(#509),#9328,.T.);
#9875=ADVANCED_FACE($,(#510),#9329,.F.);
#9876=ADVANCED_FACE($,(#511),#9330,.F.);
#9877=ADVANCED_FACE($,(#512),#9331,.F.);
#9878=ADVANCED_FACE($,(#513),#9332,.F.);
#9879=ADVANCED_FACE($,(#514),#9333,.F.);
#9880=ADVANCED_FACE($,(#515),#9334,.T.);
#9881=ADVANCED_FACE($,(#516),#11,.T.);
#9882=ADVANCED_FACE($,(#517),#9335,.F.);
#9883=ADVANCED_FACE($,(#518),#9336,.T.);
#9884=ADVANCED_FACE($,(#519),#9337,.F.);
#9885=ADVANCED_FACE($,(#520),#9338,.F.);
#9886=ADVANCED_FACE($,(#521),#9339,.T.);
#9887=ADVANCED_FACE($,(#522),#9340,.F.);
#9888=ADVANCED_FACE($,(#523),#9341,.F.);
#9889=ADVANCED_FACE($,(#524),#9342,.F.);
#9890=ADVANCED_FACE($,(#525),#9343,.F.);
#9891=ADVANCED_FACE($,(#526),#9344,.F.);
#9892=ADVANCED_FACE($,(#527),#9345,.F.);
#9893=ADVANCED_FACE($,(#528),#9346,.F.);
#9894=ADVANCED_FACE($,(#529),#9347,.F.);
#9895=ADVANCED_FACE($,(#530),#9348,.F.);
#9896=ADVANCED_FACE($,(#531),#9349,.F.);
#9897=ADVANCED_FACE($,(#532),#9350,.F.);
#9898=ADVANCED_FACE($,(#533),#9351,.F.);
#9899=ADVANCED_FACE($,(#534),#9352,.F.);
#9900=ADVANCED_FACE($,(#535),#9353,.F.);
#9901=ADVANCED_FACE($,(#536),#9354,.F.);
#9902=ADVANCED_FACE($,(#144,#145,#146,#147,#148),#9355,.F.);
#9903=ADVANCED_FACE($,(#537),#9356,.T.);
#9904=ADVANCED_FACE($,(#538),#9357,.T.);
#9905=ADVANCED_FACE($,(#539),#9358,.T.);
#9906=ADVANCED_FACE($,(#540),#9359,.T.);
#9907=ADVANCED_FACE($,(#541),#9360,.F.);
#9908=ADVANCED_FACE($,(#542),#9361,.F.);
#9909=ADVANCED_FACE($,(#543),#9362,.F.);
#9910=ADVANCED_FACE($,(#544),#9363,.F.);
#9911=ADVANCED_FACE($,(#545),#9364,.F.);
#9912=ADVANCED_FACE($,(#149,#150,#151,#152,#153),#9365,.F.);
#9913=ADVANCED_FACE($,(#546),#9366,.T.);
#9914=ADVANCED_FACE($,(#547),#9367,.T.);
#9915=ADVANCED_FACE($,(#548),#9368,.T.);
#9916=ADVANCED_FACE($,(#549),#9369,.T.);
#9917=ADVANCED_FACE($,(#550),#9370,.T.);
#9918=ADVANCED_FACE($,(#551),#9371,.F.);
#9919=ADVANCED_FACE($,(#552),#9372,.F.);
#9920=ADVANCED_FACE($,(#553),#9373,.F.);
#9921=ADVANCED_FACE($,(#554),#9374,.F.);
#9922=ADVANCED_FACE($,(#555),#9375,.F.);
#9923=ADVANCED_FACE($,(#556),#9376,.T.);
#9924=ADVANCED_FACE($,(#557),#9377,.F.);
#9925=ADVANCED_FACE($,(#558),#9378,.F.);
#9926=ADVANCED_FACE($,(#559),#9379,.F.);
#9927=ADVANCED_FACE($,(#560),#9380,.T.);
#9928=ADVANCED_FACE($,(#561),#9381,.F.);
#9929=ADVANCED_FACE($,(#562),#9382,.F.);
#9930=ADVANCED_FACE($,(#563),#9383,.F.);
#9931=ADVANCED_FACE($,(#564),#9384,.F.);
#9932=ADVANCED_FACE($,(#565),#9385,.F.);
#9933=ADVANCED_FACE($,(#566),#9386,.F.);
#9934=ADVANCED_FACE($,(#567),#9387,.T.);
#9935=ADVANCED_FACE($,(#568),#9388,.F.);
#9936=ADVANCED_FACE($,(#569),#9389,.F.);
#9937=ADVANCED_FACE($,(#570),#9390,.F.);
#9938=ADVANCED_FACE($,(#571),#9391,.F.);
#9939=ADVANCED_FACE($,(#572),#9392,.F.);
#9940=ADVANCED_FACE($,(#573),#9393,.T.);
#9941=ADVANCED_FACE($,(#574),#9394,.F.);
#9942=ADVANCED_FACE($,(#575),#9395,.F.);
#9943=ADVANCED_FACE($,(#576),#9396,.F.);
#9944=ADVANCED_FACE($,(#577),#9397,.T.);
#9945=ADVANCED_FACE($,(#578),#9398,.F.);
#9946=ADVANCED_FACE($,(#579),#9399,.F.);
#9947=ADVANCED_FACE($,(#580),#9400,.F.);
#9948=ADVANCED_FACE($,(#581),#9401,.F.);
#9949=ADVANCED_FACE($,(#582),#9402,.F.);
#9950=ADVANCED_FACE($,(#583,#154),#40,.T.);
#9951=ADVANCED_FACE($,(#584),#9403,.T.);
#9952=ADVANCED_FACE($,(#585),#9404,.F.);
#9953=ADVANCED_FACE($,(#586),#9405,.T.);
#9954=ADVANCED_FACE($,(#587),#9406,.F.);
#9955=ADVANCED_FACE($,(#588),#9407,.F.);
#9956=ADVANCED_FACE($,(#589),#9408,.F.);
#9957=ADVANCED_FACE($,(#590),#9409,.F.);
#9958=ADVANCED_FACE($,(#591,#155),#41,.T.);
#9959=ADVANCED_FACE($,(#592),#9410,.T.);
#9960=ADVANCED_FACE($,(#156,#157),#9411,.T.);
#9961=ADVANCED_FACE($,(#593,#158),#42,.T.);
#9962=ADVANCED_FACE($,(#594),#9412,.T.);
#9963=ADVANCED_FACE($,(#595),#9413,.F.);
#9964=ADVANCED_FACE($,(#596),#9414,.T.);
#9965=ADVANCED_FACE($,(#597),#9415,.F.);
#9966=ADVANCED_FACE($,(#598),#9416,.F.);
#9967=ADVANCED_FACE($,(#599),#9417,.F.);
#9968=ADVANCED_FACE($,(#600),#9418,.F.);
#9969=ADVANCED_FACE($,(#601,#159),#43,.T.);
#9970=ADVANCED_FACE($,(#602),#9419,.T.);
#9971=ADVANCED_FACE($,(#160,#161),#9420,.T.);
#9972=ADVANCED_FACE($,(#603),#9421,.F.);
#9973=ADVANCED_FACE($,(#604),#9422,.T.);
#9974=ADVANCED_FACE($,(#605),#9423,.F.);
#9975=ADVANCED_FACE($,(#606),#9424,.F.);
#9976=ADVANCED_FACE($,(#607),#9425,.T.);
#9977=ADVANCED_FACE($,(#608),#9426,.F.);
#9978=ADVANCED_FACE($,(#609),#9427,.F.);
#9979=ADVANCED_FACE($,(#610),#9428,.F.);
#9980=ADVANCED_FACE($,(#611),#9429,.F.);
#9981=ADVANCED_FACE($,(#612),#9430,.F.);
#9982=ADVANCED_FACE($,(#613),#9431,.F.);
#9983=ADVANCED_FACE($,(#614),#9432,.F.);
#9984=ADVANCED_FACE($,(#615),#9433,.F.);
#9985=ADVANCED_FACE($,(#616),#9434,.F.);
#9986=ADVANCED_FACE($,(#617),#9435,.F.);
#9987=ADVANCED_FACE($,(#618),#9436,.F.);
#9988=ADVANCED_FACE($,(#619),#9437,.F.);
#9989=ADVANCED_FACE($,(#620),#9438,.F.);
#9990=ADVANCED_FACE($,(#621),#9439,.F.);
#9991=ADVANCED_FACE($,(#622),#9440,.F.);
#9992=ADVANCED_FACE($,(#162,#163,#164,#165,#166),#9441,.F.);
#9993=ADVANCED_FACE($,(#623),#9442,.T.);
#9994=ADVANCED_FACE($,(#624),#9443,.T.);
#9995=ADVANCED_FACE($,(#625),#9444,.T.);
#9996=ADVANCED_FACE($,(#626),#9445,.T.);
#9997=ADVANCED_FACE($,(#627),#9446,.F.);
#9998=ADVANCED_FACE($,(#628),#9447,.F.);
#9999=ADVANCED_FACE($,(#629),#9448,.F.);
#10000=ADVANCED_FACE($,(#630),#9449,.F.);
#10001=ADVANCED_FACE($,(#631),#9450,.F.);
#10002=ADVANCED_FACE($,(#167,#168,#169,#170,#171),#9451,.F.);
#10003=ADVANCED_FACE($,(#632),#9452,.T.);
#10004=ADVANCED_FACE($,(#633),#9453,.T.);
#10005=ADVANCED_FACE($,(#634),#9454,.T.);
#10006=ADVANCED_FACE($,(#635),#9455,.T.);
#10007=ADVANCED_FACE($,(#636),#9456,.T.);
#10008=ADVANCED_FACE($,(#637),#9457,.F.);
#10009=ADVANCED_FACE($,(#638),#9458,.F.);
#10010=ADVANCED_FACE($,(#639),#9459,.F.);
#10011=ADVANCED_FACE($,(#640),#9460,.F.);
#10012=ADVANCED_FACE($,(#641),#9461,.F.);
#10013=ADVANCED_FACE($,(#642),#9462,.T.);
#10014=ADVANCED_FACE($,(#643),#9463,.F.);
#10015=ADVANCED_FACE($,(#644),#9464,.F.);
#10016=ADVANCED_FACE($,(#645),#9465,.F.);
#10017=ADVANCED_FACE($,(#646),#9466,.T.);
#10018=ADVANCED_FACE($,(#647),#9467,.F.);
#10019=ADVANCED_FACE($,(#648),#9468,.F.);
#10020=ADVANCED_FACE($,(#649),#9469,.F.);
#10021=ADVANCED_FACE($,(#650),#9470,.F.);
#10022=ADVANCED_FACE($,(#651),#9471,.F.);
#10023=ADVANCED_FACE($,(#652),#9472,.F.);
#10024=ADVANCED_FACE($,(#653),#9473,.T.);
#10025=ADVANCED_FACE($,(#654),#9474,.F.);
#10026=ADVANCED_FACE($,(#655),#9475,.F.);
#10027=ADVANCED_FACE($,(#656),#9476,.F.);
#10028=ADVANCED_FACE($,(#657),#9477,.F.);
#10029=ADVANCED_FACE($,(#658),#9478,.F.);
#10030=ADVANCED_FACE($,(#659),#9479,.T.);
#10031=ADVANCED_FACE($,(#660),#9480,.F.);
#10032=ADVANCED_FACE($,(#661),#9481,.F.);
#10033=ADVANCED_FACE($,(#662),#9482,.F.);
#10034=ADVANCED_FACE($,(#663),#9483,.F.);
#10035=ADVANCED_FACE($,(#664),#9484,.F.);
#10036=ADVANCED_FACE($,(#665),#9485,.F.);
#10037=ADVANCED_FACE($,(#666),#9486,.F.);
#10038=ADVANCED_FACE($,(#667),#9487,.F.);
#10039=ADVANCED_FACE($,(#668),#9488,.T.);
#10040=ADVANCED_FACE($,(#669),#9489,.F.);
#10041=ADVANCED_FACE($,(#670),#9490,.F.);
#10042=ADVANCED_FACE($,(#172,#173,#174),#9491,.T.);
#10043=ADVANCED_FACE($,(#671),#9492,.F.);
#10044=ADVANCED_FACE($,(#672),#9493,.F.);
#10045=ADVANCED_FACE($,(#673),#9494,.F.);
#10046=ADVANCED_FACE($,(#674),#9495,.F.);
#10047=ADVANCED_FACE($,(#675),#9496,.F.);
#10048=ADVANCED_FACE($,(#676),#9497,.F.);
#10049=ADVANCED_FACE($,(#677),#9498,.F.);
#10050=ADVANCED_FACE($,(#678),#9499,.F.);
#10051=ADVANCED_FACE($,(#679),#9500,.F.);
#10052=ADVANCED_FACE($,(#680),#9501,.F.);
#10053=ADVANCED_FACE($,(#681),#9502,.F.);
#10054=ADVANCED_FACE($,(#682),#9503,.F.);
#10055=ADVANCED_FACE($,(#683),#9504,.F.);
#10056=ADVANCED_FACE($,(#684),#9505,.F.);
#10057=ADVANCED_FACE($,(#685),#9506,.F.);
#10058=ADVANCED_FACE($,(#686),#9507,.F.);
#10059=ADVANCED_FACE($,(#687),#9508,.F.);
#10060=ADVANCED_FACE($,(#688),#9509,.F.);
#10061=ADVANCED_FACE($,(#689),#9510,.F.);
#10062=ADVANCED_FACE($,(#690),#9511,.F.);
#10063=ADVANCED_FACE($,(#175,#176,#177,#178,#179),#9512,.F.);
#10064=ADVANCED_FACE($,(#691),#9513,.T.);
#10065=ADVANCED_FACE($,(#692),#9514,.T.);
#10066=ADVANCED_FACE($,(#693),#9515,.T.);
#10067=ADVANCED_FACE($,(#694),#9516,.T.);
#10068=ADVANCED_FACE($,(#695),#9517,.F.);
#10069=ADVANCED_FACE($,(#696),#9518,.F.);
#10070=ADVANCED_FACE($,(#697),#9519,.T.);
#10071=ADVANCED_FACE($,(#698),#9520,.F.);
#10072=ADVANCED_FACE($,(#699),#9521,.F.);
#10073=ADVANCED_FACE($,(#700),#9522,.F.);
#10074=ADVANCED_FACE($,(#701),#9523,.T.);
#10075=ADVANCED_FACE($,(#702),#9524,.F.);
#10076=ADVANCED_FACE($,(#703),#9525,.F.);
#10077=ADVANCED_FACE($,(#704),#9526,.F.);
#10078=ADVANCED_FACE($,(#705),#9527,.F.);
#10079=ADVANCED_FACE($,(#706),#9528,.F.);
#10080=ADVANCED_FACE($,(#707),#9529,.T.);
#10081=ADVANCED_FACE($,(#708),#12,.T.);
#10082=CLOSED_SHELL($,(#9530,#9531,#9532,#9533,#9534,#9535,#9536,#9537,
#9538,#9539,#9540,#9541,#9542,#9543,#9544,#9545));
#10083=CLOSED_SHELL($,(#9546,#9547,#9548,#9549,#9550,#9551,#9552,#9553,
#9554,#9555,#9556));
#10084=CLOSED_SHELL($,(#9557,#9558,#9559,#9560,#9561,#9562));
#10085=CLOSED_SHELL($,(#9563,#9564,#9565,#9566,#9567,#9568));
#10086=CLOSED_SHELL($,(#9569,#9570));
#10087=CLOSED_SHELL($,(#9571,#9572,#9573,#9574,#9575,#9576,#9577,#9578,
#9579,#9580,#9581,#9582,#9583,#9584,#9585,#9586,#9587,#9588,#9589,#9590,
#9591,#9592,#9593,#9594,#9595,#9596,#9597,#9598,#9599,#9600));
#10088=CLOSED_SHELL($,(#9601,#9602,#9603,#9604,#9605,#9606,#9607,#9608,
#9609,#9610,#9611,#9612,#9613,#9614,#9615,#9616,#9617,#9618,#9619,#9620,
#9621,#9622,#9623,#9624,#9625,#9626,#9627,#9628,#9629,#9630));
#10089=CLOSED_SHELL($,(#9631,#9632,#9633,#9634,#9635,#9636));
#10090=CLOSED_SHELL($,(#9637,#9638,#9639,#9640,#9641,#9642));
#10091=CLOSED_SHELL($,(#9643,#9644,#9645,#9646,#9647,#9648));
#10092=CLOSED_SHELL($,(#9649,#9650,#9651,#9652,#9653,#9654));
#10093=CLOSED_SHELL($,(#9655,#9656,#9657,#9658,#9659,#9660));
#10094=CLOSED_SHELL($,(#9661,#9662,#9663,#9664,#9665,#9666));
#10095=CLOSED_SHELL($,(#9667,#9668,#9669,#9670,#9671,#9672));
#10096=CLOSED_SHELL($,(#9673,#9674,#9675,#9676,#9677,#9678));
#10097=CLOSED_SHELL($,(#9679,#9680,#9681,#9682,#9683,#9684));
#10098=CLOSED_SHELL($,(#9685,#9686,#9687,#9688,#9689,#9690,#9691,#9692,
#9693,#9694,#9695,#9696,#9697,#9698));
#10099=CLOSED_SHELL($,(#9699,#9700,#9701,#9702,#9703,#9704));
#10100=CLOSED_SHELL($,(#9705,#9706,#9707,#9708,#9709,#9710));
#10101=CLOSED_SHELL($,(#9711,#9712,#9713,#9714,#9715,#9716));
#10102=CLOSED_SHELL($,(#9717,#9718,#9719,#9720,#9721,#9722));
#10103=CLOSED_SHELL($,(#9723,#9724,#9725,#9726,#9727,#9728));
#10104=CLOSED_SHELL($,(#9729,#9730,#9731,#9732,#9733,#9734));
#10105=CLOSED_SHELL($,(#9735,#9736,#9737,#9738,#9739,#9740,#9741,#9742,
#9743,#9744,#9745,#9746,#9747,#9748,#9749,#9750,#9751,#9752,#9753,#9754,
#9755,#9756,#9757,#9758,#9759,#9760,#9761,#9762,#9763,#9764,#9765,#9766));
#10106=CLOSED_SHELL($,(#9767,#9768,#9769,#9770,#9771,#9772,#9773,#9774,
#9775,#9776,#9777,#9778,#9779,#9780,#9781,#9782,#9783,#9784,#9785,#9786,
#9787,#9788,#9789,#9790,#9791,#9792,#9793,#9794,#9795,#9796,#9797,#9798,
#9799,#9800,#9801,#9802,#9803,#9804));
#10107=CLOSED_SHELL($,(#9805,#9806,#9807,#9808,#9809,#9810,#9811,#9812,
#9813,#9814,#9815,#9816,#9817,#9818));
#10108=CLOSED_SHELL($,(#9819,#9820,#9821,#9822,#9823,#9824,#9825,#9826,
#9827,#9828,#9829,#9830,#9831,#9832,#9833,#9834,#9835,#9836,#9837,#9838,
#9839,#9840,#9841,#9842,#9843,#9844,#9845,#9846,#9847,#9848,#9849,#9850));
#10109=CLOSED_SHELL($,(#9851,#9852,#9853,#9854,#9855,#9856));
#10110=CLOSED_SHELL($,(#9857,#9858,#9859,#9860,#9861,#9862));
#10111=CLOSED_SHELL($,(#9863,#9864,#9865,#9866,#9867,#9868,#9869,#9870,
#9871,#9872,#9873));
#10112=CLOSED_SHELL($,(#9874,#9875,#9876,#9877,#9878,#9879));
#10113=CLOSED_SHELL($,(#9880,#9881));
#10114=CLOSED_SHELL($,(#9882,#9883,#9884,#9885,#9886,#9887,#9888,#9889,
#9890,#9891,#9892,#9893,#9894,#9895,#9896,#9897,#9898,#9899,#9900,#9901,
#9902,#9903,#9904,#9905,#9906,#9907,#9908,#9909,#9910,#9911));
#10115=CLOSED_SHELL($,(#9912,#9913,#9914,#9915,#9916,#9917,#9918,#9919,
#9920,#9921,#9922,#9923,#9924,#9925,#9926,#9927,#9928,#9929,#9930,#9931,
#9932,#9933,#9934,#9935,#9936,#9937,#9938,#9939,#9940,#9941,#9942,#9943));
#10116=CLOSED_SHELL($,(#9944,#9945,#9946,#9947,#9948,#9949));
#10117=CLOSED_SHELL($,(#9950,#9951,#9952,#9953,#9954,#9955,#9956,#9957,
#9958,#9959,#9960));
#10118=CLOSED_SHELL($,(#9961,#9962,#9963,#9964,#9965,#9966,#9967,#9968,
#9969,#9970,#9971));
#10119=CLOSED_SHELL($,(#9972,#9973,#9974,#9975,#9976,#9977,#9978,#9979,
#9980,#9981,#9982,#9983,#9984,#9985,#9986,#9987,#9988,#9989,#9990,#9991,
#9992,#9993,#9994,#9995,#9996,#9997,#9998,#9999,#10000,#10001));
#10120=CLOSED_SHELL($,(#10002,#10003,#10004,#10005,#10006,#10007,#10008,
#10009,#10010,#10011,#10012,#10013,#10014,#10015,#10016,#10017,#10018,#10019,
#10020,#10021,#10022,#10023,#10024,#10025,#10026,#10027,#10028,#10029,#10030,
#10031,#10032,#10033));
#10121=CLOSED_SHELL($,(#10034,#10035,#10036,#10037,#10038,#10039,#10040,
#10041,#10042,#10043,#10044,#10045,#10046,#10047));
#10122=CLOSED_SHELL($,(#10048,#10049,#10050,#10051,#10052,#10053,#10054,
#10055,#10056,#10057,#10058,#10059,#10060,#10061,#10062,#10063,#10064,#10065,
#10066,#10067,#10068,#10069,#10070,#10071,#10072,#10073));
#10123=CLOSED_SHELL($,(#10074,#10075,#10076,#10077,#10078,#10079));
#10124=CLOSED_SHELL($,(#10080,#10081));
#10125=MANIFOLD_SOLID_BREP('ASM Body',#10082);
#10126=MANIFOLD_SOLID_BREP('ASM Body',#10083);
#10127=MANIFOLD_SOLID_BREP('ASM Body',#10084);
#10128=MANIFOLD_SOLID_BREP('ASM Body',#10085);
#10129=MANIFOLD_SOLID_BREP('ASM Body',#10086);
#10130=MANIFOLD_SOLID_BREP('ASM Body',#10087);
#10131=MANIFOLD_SOLID_BREP('ASM Body',#10088);
#10132=MANIFOLD_SOLID_BREP('ASM Body',#10089);
#10133=MANIFOLD_SOLID_BREP('ASM Body',#10090);
#10134=MANIFOLD_SOLID_BREP('ASM Body',#10091);
#10135=MANIFOLD_SOLID_BREP('ASM Body',#10092);
#10136=MANIFOLD_SOLID_BREP('ASM Body',#10093);
#10137=MANIFOLD_SOLID_BREP('ASM Body',#10094);
#10138=MANIFOLD_SOLID_BREP('ASM Body',#10095);
#10139=MANIFOLD_SOLID_BREP('ASM Body',#10096);
#10140=MANIFOLD_SOLID_BREP('ASM Body',#10097);
#10141=MANIFOLD_SOLID_BREP('ASM Body',#10098);
#10142=MANIFOLD_SOLID_BREP('ASM Body',#10099);
#10143=MANIFOLD_SOLID_BREP('ASM Body',#10100);
#10144=MANIFOLD_SOLID_BREP('ASM Body',#10101);
#10145=MANIFOLD_SOLID_BREP('ASM Body',#10102);
#10146=MANIFOLD_SOLID_BREP('ASM Body',#10103);
#10147=MANIFOLD_SOLID_BREP('ASM Body',#10104);
#10148=MANIFOLD_SOLID_BREP('ASM Body',#10105);
#10149=MANIFOLD_SOLID_BREP('ASM Body',#10106);
#10150=MANIFOLD_SOLID_BREP('ASM Body',#10107);
#10151=MANIFOLD_SOLID_BREP('ASM Body',#10108);
#10152=MANIFOLD_SOLID_BREP('ASM Body',#10109);
#10153=MANIFOLD_SOLID_BREP('ASM Body',#10110);
#10154=MANIFOLD_SOLID_BREP('ASM Body',#10111);
#10155=MANIFOLD_SOLID_BREP('ASM Body',#10112);
#10156=MANIFOLD_SOLID_BREP('ASM Body',#10113);
#10157=MANIFOLD_SOLID_BREP('ASM Body',#10114);
#10158=MANIFOLD_SOLID_BREP('ASM Body',#10115);
#10159=MANIFOLD_SOLID_BREP('ASM Body',#10116);
#10160=MANIFOLD_SOLID_BREP('ASM Body',#10117);
#10161=MANIFOLD_SOLID_BREP('ASM Body',#10118);
#10162=MANIFOLD_SOLID_BREP('ASM Body',#10119);
#10163=MANIFOLD_SOLID_BREP('ASM Body',#10120);
#10164=MANIFOLD_SOLID_BREP('ASM Body',#10121);
#10165=MANIFOLD_SOLID_BREP('ASM Body',#10122);
#10166=MANIFOLD_SOLID_BREP('ASM Body',#10123);
#10167=MANIFOLD_SOLID_BREP('ASM Body',#10124);
#10168=AXIS2_PLACEMENT_3D('placement',#13232,#10744,#10745);
#10169=AXIS2_PLACEMENT_3D($,#13233,#10746,#10747);
#10170=AXIS2_PLACEMENT_3D($,#13242,#10752,#10753);
#10171=AXIS2_PLACEMENT_3D($,#13251,#10758,#10759);
#10172=AXIS2_PLACEMENT_3D($,#13260,#10764,#10765);
#10173=AXIS2_PLACEMENT_3D($,#13269,#10770,#10771);
#10174=AXIS2_PLACEMENT_3D($,#13282,#10780,#10781);
#10175=AXIS2_PLACEMENT_3D($,#13286,#10784,#10785);
#10176=AXIS2_PLACEMENT_3D($,#13290,#10788,#10789);
#10177=AXIS2_PLACEMENT_3D($,#13294,#10792,#10793);
#10178=AXIS2_PLACEMENT_3D($,#13301,#10799,#10800);
#10179=AXIS2_PLACEMENT_3D($,#13303,#10802,#10803);
#10180=AXIS2_PLACEMENT_3D($,#13312,#10808,#10809);
#10181=AXIS2_PLACEMENT_3D($,#13318,#10813,#10814);
#10182=AXIS2_PLACEMENT_3D($,#13324,#10818,#10819);
#10183=AXIS2_PLACEMENT_3D($,#13327,#10822,#10823);
#10184=AXIS2_PLACEMENT_3D($,#13328,#10824,#10825);
#10185=AXIS2_PLACEMENT_3D($,#13329,#10826,#10827);
#10186=AXIS2_PLACEMENT_3D($,#13334,#10829,#10830);
#10187=AXIS2_PLACEMENT_3D($,#13337,#10832,#10833);
#10188=AXIS2_PLACEMENT_3D($,#13339,#10834,#10835);
#10189=AXIS2_PLACEMENT_3D($,#13340,#10836,#10837);
#10190=AXIS2_PLACEMENT_3D($,#13342,#10839,#10840);
#10191=AXIS2_PLACEMENT_3D($,#13352,#10846,#10847);
#10192=AXIS2_PLACEMENT_3D($,#13361,#10852,#10853);
#10193=AXIS2_PLACEMENT_3D($,#13364,#10856,#10857);
#10194=AXIS2_PLACEMENT_3D($,#13366,#10859,#10860);
#10195=AXIS2_PLACEMENT_3D($,#13368,#10862,#10863);
#10196=AXIS2_PLACEMENT_3D($,#13369,#10864,#10865);
#10197=AXIS2_PLACEMENT_3D($,#13371,#10866,#10867);
#10198=AXIS2_PLACEMENT_3D($,#13373,#10868,#10869);
#10199=AXIS2_PLACEMENT_3D($,#13374,#10870,#10871);
#10200=AXIS2_PLACEMENT_3D($,#13375,#10872,#10873);
#10201=AXIS2_PLACEMENT_3D($,#13376,#10874,#10875);
#10202=AXIS2_PLACEMENT_3D($,#13385,#10880,#10881);
#10203=AXIS2_PLACEMENT_3D($,#13394,#10886,#10887);
#10204=AXIS2_PLACEMENT_3D($,#13397,#10890,#10891);
#10205=AXIS2_PLACEMENT_3D($,#13399,#10893,#10894);
#10206=AXIS2_PLACEMENT_3D($,#13401,#10896,#10897);
#10207=AXIS2_PLACEMENT_3D($,#13402,#10898,#10899);
#10208=AXIS2_PLACEMENT_3D($,#13411,#10904,#10905);
#10209=AXIS2_PLACEMENT_3D($,#13417,#10909,#10910);
#10210=AXIS2_PLACEMENT_3D($,#13423,#10914,#10915);
#10211=AXIS2_PLACEMENT_3D($,#13425,#10917,#10918);
#10212=AXIS2_PLACEMENT_3D($,#13427,#10920,#10921);
#10213=AXIS2_PLACEMENT_3D($,#13428,#10922,#10923);
#10214=AXIS2_PLACEMENT_3D($,#13430,#10924,#10925);
#10215=AXIS2_PLACEMENT_3D($,#13431,#10926,#10927);
#10216=AXIS2_PLACEMENT_3D($,#13432,#10928,#10929);
#10217=AXIS2_PLACEMENT_3D($,#13441,#10934,#10935);
#10218=AXIS2_PLACEMENT_3D($,#13450,#10940,#10941);
#10219=AXIS2_PLACEMENT_3D($,#13456,#10945,#10946);
#10220=AXIS2_PLACEMENT_3D($,#13459,#10949,#10950);
#10221=AXIS2_PLACEMENT_3D($,#13465,#10954,#10955);
#10222=AXIS2_PLACEMENT_3D($,#13474,#10960,#10961);
#10223=AXIS2_PLACEMENT_3D($,#13480,#10965,#10966);
#10224=AXIS2_PLACEMENT_3D($,#13484,#10969,#10970);
#10225=AXIS2_PLACEMENT_3D($,#13488,#10973,#10974);
#10226=AXIS2_PLACEMENT_3D($,#13490,#10976,#10977);
#10227=AXIS2_PLACEMENT_3D($,#13499,#10982,#10983);
#10228=AXIS2_PLACEMENT_3D($,#13505,#10987,#10988);
#10229=AXIS2_PLACEMENT_3D($,#13509,#10991,#10992);
#10230=AXIS2_PLACEMENT_3D($,#13513,#10995,#10996);
#10231=AXIS2_PLACEMENT_3D($,#13515,#10998,#10999);
#10232=AXIS2_PLACEMENT_3D($,#13524,#11004,#11005);
#10233=AXIS2_PLACEMENT_3D($,#13530,#11009,#11010);
#10234=AXIS2_PLACEMENT_3D($,#13534,#11013,#11014);
#10235=AXIS2_PLACEMENT_3D($,#13538,#11017,#11018);
#10236=AXIS2_PLACEMENT_3D($,#13540,#11020,#11021);
#10237=AXIS2_PLACEMENT_3D($,#13557,#11030,#11031);
#10238=AXIS2_PLACEMENT_3D($,#13560,#11034,#11035);
#10239=AXIS2_PLACEMENT_3D($,#13562,#11037,#11038);
#10240=AXIS2_PLACEMENT_3D($,#13564,#11040,#11041);
#10241=AXIS2_PLACEMENT_3D($,#13565,#11042,#11043);
#10242=AXIS2_PLACEMENT_3D($,#13571,#11047,#11048);
#10243=AXIS2_PLACEMENT_3D($,#13575,#11051,#11052);
#10244=AXIS2_PLACEMENT_3D($,#13579,#11055,#11056);
#10245=AXIS2_PLACEMENT_3D($,#13581,#11058,#11059);
#10246=AXIS2_PLACEMENT_3D($,#13582,#11060,#11061);
#10247=AXIS2_PLACEMENT_3D($,#13591,#11066,#11067);
#10248=AXIS2_PLACEMENT_3D($,#13600,#11072,#11073);
#10249=AXIS2_PLACEMENT_3D($,#13606,#11077,#11078);
#10250=AXIS2_PLACEMENT_3D($,#13609,#11081,#11082);
#10251=AXIS2_PLACEMENT_3D($,#13615,#11086,#11087);
#10252=AXIS2_PLACEMENT_3D($,#13624,#11092,#11093);
#10253=AXIS2_PLACEMENT_3D($,#13630,#11097,#11098);
#10254=AXIS2_PLACEMENT_3D($,#13634,#11101,#11102);
#10255=AXIS2_PLACEMENT_3D($,#13638,#11105,#11106);
#10256=AXIS2_PLACEMENT_3D($,#13640,#11108,#11109);
#10257=AXIS2_PLACEMENT_3D($,#13649,#11114,#11115);
#10258=AXIS2_PLACEMENT_3D($,#13655,#11119,#11120);
#10259=AXIS2_PLACEMENT_3D($,#13659,#11123,#11124);
#10260=AXIS2_PLACEMENT_3D($,#13663,#11127,#11128);
#10261=AXIS2_PLACEMENT_3D($,#13665,#11130,#11131);
#10262=AXIS2_PLACEMENT_3D($,#13674,#11136,#11137);
#10263=AXIS2_PLACEMENT_3D($,#13680,#11141,#11142);
#10264=AXIS2_PLACEMENT_3D($,#13684,#11145,#11146);
#10265=AXIS2_PLACEMENT_3D($,#13688,#11149,#11150);
#10266=AXIS2_PLACEMENT_3D($,#13690,#11152,#11153);
#10267=AXIS2_PLACEMENT_3D($,#13707,#11162,#11163);
#10268=AXIS2_PLACEMENT_3D($,#13710,#11166,#11167);
#10269=AXIS2_PLACEMENT_3D($,#13712,#11169,#11170);
#10270=AXIS2_PLACEMENT_3D($,#13714,#11172,#11173);
#10271=AXIS2_PLACEMENT_3D($,#13715,#11174,#11175);
#10272=AXIS2_PLACEMENT_3D($,#13721,#11179,#11180);
#10273=AXIS2_PLACEMENT_3D($,#13725,#11183,#11184);
#10274=AXIS2_PLACEMENT_3D($,#13729,#11187,#11188);
#10275=AXIS2_PLACEMENT_3D($,#13731,#11190,#11191);
#10276=AXIS2_PLACEMENT_3D($,#13732,#11192,#11193);
#10277=AXIS2_PLACEMENT_3D($,#13741,#11198,#11199);
#10278=AXIS2_PLACEMENT_3D($,#13747,#11203,#11204);
#10279=AXIS2_PLACEMENT_3D($,#13751,#11207,#11208);
#10280=AXIS2_PLACEMENT_3D($,#13755,#11211,#11212);
#10281=AXIS2_PLACEMENT_3D($,#13757,#11214,#11215);
#10282=AXIS2_PLACEMENT_3D($,#13758,#11216,#11217);
#10283=AXIS2_PLACEMENT_3D($,#13767,#11222,#11223);
#10284=AXIS2_PLACEMENT_3D($,#13776,#11228,#11229);
#10285=AXIS2_PLACEMENT_3D($,#13779,#11232,#11233);
#10286=AXIS2_PLACEMENT_3D($,#13781,#11235,#11236);
#10287=AXIS2_PLACEMENT_3D($,#13783,#11238,#11239);
#10288=AXIS2_PLACEMENT_3D($,#13784,#11240,#11241);
#10289=AXIS2_PLACEMENT_3D($,#13793,#11246,#11247);
#10290=AXIS2_PLACEMENT_3D($,#13802,#11252,#11253);
#10291=AXIS2_PLACEMENT_3D($,#13805,#11256,#11257);
#10292=AXIS2_PLACEMENT_3D($,#13807,#11259,#11260);
#10293=AXIS2_PLACEMENT_3D($,#13809,#11262,#11263);
#10294=AXIS2_PLACEMENT_3D($,#13810,#11264,#11265);
#10295=AXIS2_PLACEMENT_3D($,#13819,#11270,#11271);
#10296=AXIS2_PLACEMENT_3D($,#13828,#11276,#11277);
#10297=AXIS2_PLACEMENT_3D($,#13831,#11280,#11281);
#10298=AXIS2_PLACEMENT_3D($,#13833,#11283,#11284);
#10299=AXIS2_PLACEMENT_3D($,#13835,#11286,#11287);
#10300=AXIS2_PLACEMENT_3D($,#13836,#11288,#11289);
#10301=AXIS2_PLACEMENT_3D($,#13845,#11294,#11295);
#10302=AXIS2_PLACEMENT_3D($,#13854,#11300,#11301);
#10303=AXIS2_PLACEMENT_3D($,#13857,#11304,#11305);
#10304=AXIS2_PLACEMENT_3D($,#13859,#11307,#11308);
#10305=AXIS2_PLACEMENT_3D($,#13861,#11310,#11311);
#10306=AXIS2_PLACEMENT_3D($,#13862,#11312,#11313);
#10307=AXIS2_PLACEMENT_3D($,#13871,#11318,#11319);
#10308=AXIS2_PLACEMENT_3D($,#13880,#11324,#11325);
#10309=AXIS2_PLACEMENT_3D($,#13883,#11328,#11329);
#10310=AXIS2_PLACEMENT_3D($,#13885,#11331,#11332);
#10311=AXIS2_PLACEMENT_3D($,#13887,#11334,#11335);
#10312=AXIS2_PLACEMENT_3D($,#13888,#11336,#11337);
#10313=AXIS2_PLACEMENT_3D($,#13897,#11342,#11343);
#10314=AXIS2_PLACEMENT_3D($,#13906,#11348,#11349);
#10315=AXIS2_PLACEMENT_3D($,#13909,#11352,#11353);
#10316=AXIS2_PLACEMENT_3D($,#13911,#11355,#11356);
#10317=AXIS2_PLACEMENT_3D($,#13913,#11358,#11359);
#10318=AXIS2_PLACEMENT_3D($,#13914,#11360,#11361);
#10319=AXIS2_PLACEMENT_3D($,#13923,#11366,#11367);
#10320=AXIS2_PLACEMENT_3D($,#13932,#11372,#11373);
#10321=AXIS2_PLACEMENT_3D($,#13935,#11376,#11377);
#10322=AXIS2_PLACEMENT_3D($,#13937,#11379,#11380);
#10323=AXIS2_PLACEMENT_3D($,#13939,#11382,#11383);
#10324=AXIS2_PLACEMENT_3D($,#13940,#11384,#11385);
#10325=AXIS2_PLACEMENT_3D($,#13949,#11390,#11391);
#10326=AXIS2_PLACEMENT_3D($,#13958,#11396,#11397);
#10327=AXIS2_PLACEMENT_3D($,#13961,#11400,#11401);
#10328=AXIS2_PLACEMENT_3D($,#13963,#11403,#11404);
#10329=AXIS2_PLACEMENT_3D($,#13965,#11406,#11407);
#10330=AXIS2_PLACEMENT_3D($,#13966,#11408,#11409);
#10331=AXIS2_PLACEMENT_3D($,#13975,#11414,#11415);
#10332=AXIS2_PLACEMENT_3D($,#13984,#11420,#11421);
#10333=AXIS2_PLACEMENT_3D($,#13995,#11428,#11429);
#10334=AXIS2_PLACEMENT_3D($,#14001,#11433,#11434);
#10335=AXIS2_PLACEMENT_3D($,#14005,#11437,#11438);
#10336=AXIS2_PLACEMENT_3D($,#14007,#11440,#11441);
#10337=AXIS2_PLACEMENT_3D($,#14012,#11445,#11446);
#10338=AXIS2_PLACEMENT_3D($,#14014,#11448,#11449);
#10339=AXIS2_PLACEMENT_3D($,#14023,#11454,#11455);
#10340=AXIS2_PLACEMENT_3D($,#14032,#11460,#11461);
#10341=AXIS2_PLACEMENT_3D($,#14035,#11464,#11465);
#10342=AXIS2_PLACEMENT_3D($,#14037,#11467,#11468);
#10343=AXIS2_PLACEMENT_3D($,#14039,#11470,#11471);
#10344=AXIS2_PLACEMENT_3D($,#14040,#11472,#11473);
#10345=AXIS2_PLACEMENT_3D($,#14049,#11478,#11479);
#10346=AXIS2_PLACEMENT_3D($,#14058,#11484,#11485);
#10347=AXIS2_PLACEMENT_3D($,#14061,#11488,#11489);
#10348=AXIS2_PLACEMENT_3D($,#14063,#11491,#11492);
#10349=AXIS2_PLACEMENT_3D($,#14065,#11494,#11495);
#10350=AXIS2_PLACEMENT_3D($,#14066,#11496,#11497);
#10351=AXIS2_PLACEMENT_3D($,#14075,#11502,#11503);
#10352=AXIS2_PLACEMENT_3D($,#14084,#11508,#11509);
#10353=AXIS2_PLACEMENT_3D($,#14087,#11512,#11513);
#10354=AXIS2_PLACEMENT_3D($,#14089,#11515,#11516);
#10355=AXIS2_PLACEMENT_3D($,#14091,#11518,#11519);
#10356=AXIS2_PLACEMENT_3D($,#14092,#11520,#11521);
#10357=AXIS2_PLACEMENT_3D($,#14101,#11526,#11527);
#10358=AXIS2_PLACEMENT_3D($,#14110,#11532,#11533);
#10359=AXIS2_PLACEMENT_3D($,#14113,#11536,#11537);
#10360=AXIS2_PLACEMENT_3D($,#14115,#11539,#11540);
#10361=AXIS2_PLACEMENT_3D($,#14117,#11542,#11543);
#10362=AXIS2_PLACEMENT_3D($,#14118,#11544,#11545);
#10363=AXIS2_PLACEMENT_3D($,#14127,#11550,#11551);
#10364=AXIS2_PLACEMENT_3D($,#14136,#11556,#11557);
#10365=AXIS2_PLACEMENT_3D($,#14139,#11560,#11561);
#10366=AXIS2_PLACEMENT_3D($,#14141,#11563,#11564);
#10367=AXIS2_PLACEMENT_3D($,#14143,#11566,#11567);
#10368=AXIS2_PLACEMENT_3D($,#14144,#11568,#11569);
#10369=AXIS2_PLACEMENT_3D($,#14153,#11574,#11575);
#10370=AXIS2_PLACEMENT_3D($,#14162,#11580,#11581);
#10371=AXIS2_PLACEMENT_3D($,#14165,#11584,#11585);
#10372=AXIS2_PLACEMENT_3D($,#14167,#11587,#11588);
#10373=AXIS2_PLACEMENT_3D($,#14169,#11590,#11591);
#10374=AXIS2_PLACEMENT_3D($,#14170,#11592,#11593);
#10375=AXIS2_PLACEMENT_3D($,#14179,#11598,#11599);
#10376=AXIS2_PLACEMENT_3D($,#14188,#11604,#11605);
#10377=AXIS2_PLACEMENT_3D($,#14191,#11608,#11609);
#10378=AXIS2_PLACEMENT_3D($,#14193,#11611,#11612);
#10379=AXIS2_PLACEMENT_3D($,#14195,#11614,#11615);
#10380=AXIS2_PLACEMENT_3D($,#14196,#11616,#11617);
#10381=AXIS2_PLACEMENT_3D($,#14205,#11622,#11623);
#10382=AXIS2_PLACEMENT_3D($,#14214,#11628,#11629);
#10383=AXIS2_PLACEMENT_3D($,#14228,#11637,#11638);
#10384=AXIS2_PLACEMENT_3D($,#14242,#11646,#11647);
#10385=AXIS2_PLACEMENT_3D($,#14256,#11655,#11656);
#10386=AXIS2_PLACEMENT_3D($,#14270,#11664,#11665);
#10387=AXIS2_PLACEMENT_3D($,#14281,#11672,#11673);
#10388=AXIS2_PLACEMENT_3D($,#14292,#11680,#11681);
#10389=AXIS2_PLACEMENT_3D($,#14311,#11692,#11693);
#10390=AXIS2_PLACEMENT_3D($,#14313,#11695,#11696);
#10391=AXIS2_PLACEMENT_3D($,#14315,#11698,#11699);
#10392=AXIS2_PLACEMENT_3D($,#14337,#11713,#11714);
#10393=AXIS2_PLACEMENT_3D($,#14343,#11718,#11719);
#10394=AXIS2_PLACEMENT_3D($,#14347,#11722,#11723);
#10395=AXIS2_PLACEMENT_3D($,#14351,#11726,#11727);
#10396=AXIS2_PLACEMENT_3D($,#14353,#11729,#11730);
#10397=AXIS2_PLACEMENT_3D($,#14354,#11731,#11732);
#10398=AXIS2_PLACEMENT_3D($,#14356,#11734,#11735);
#10399=AXIS2_PLACEMENT_3D($,#14357,#11736,#11737);
#10400=AXIS2_PLACEMENT_3D($,#14358,#11738,#11739);
#10401=AXIS2_PLACEMENT_3D($,#14361,#11742,#11743);
#10402=AXIS2_PLACEMENT_3D($,#14362,#11744,#11745);
#10403=AXIS2_PLACEMENT_3D($,#14363,#11746,#11747);
#10404=AXIS2_PLACEMENT_3D($,#14365,#11749,#11750);
#10405=AXIS2_PLACEMENT_3D($,#14371,#11754,#11755);
#10406=AXIS2_PLACEMENT_3D($,#14373,#11757,#11758);
#10407=AXIS2_PLACEMENT_3D($,#14375,#11760,#11761);
#10408=AXIS2_PLACEMENT_3D($,#14382,#11766,#11767);
#10409=AXIS2_PLACEMENT_3D($,#14384,#11769,#11770);
#10410=AXIS2_PLACEMENT_3D($,#14386,#11772,#11773);
#10411=AXIS2_PLACEMENT_3D($,#14387,#11774,#11775);
#10412=AXIS2_PLACEMENT_3D($,#14388,#11776,#11777);
#10413=AXIS2_PLACEMENT_3D($,#14429,#11798,#11799);
#10414=AXIS2_PLACEMENT_3D($,#14470,#11820,#11821);
#10415=AXIS2_PLACEMENT_3D($,#14511,#11842,#11843);
#10416=AXIS2_PLACEMENT_3D($,#14552,#11864,#11865);
#10417=AXIS2_PLACEMENT_3D($,#14555,#11868,#11869);
#10418=AXIS2_PLACEMENT_3D($,#14558,#11872,#11873);
#10419=AXIS2_PLACEMENT_3D($,#14561,#11876,#11877);
#10420=AXIS2_PLACEMENT_3D($,#14563,#11879,#11880);
#10421=AXIS2_PLACEMENT_3D($,#14566,#11883,#11884);
#10422=AXIS2_PLACEMENT_3D($,#14568,#11886,#11887);
#10423=AXIS2_PLACEMENT_3D($,#14571,#11890,#11891);
#10424=AXIS2_PLACEMENT_3D($,#14573,#11893,#11894);
#10425=AXIS2_PLACEMENT_3D($,#14575,#11896,#11897);
#10426=AXIS2_PLACEMENT_3D($,#14580,#11902,#11903);
#10427=AXIS2_PLACEMENT_3D($,#14583,#11906,#11907);
#10428=AXIS2_PLACEMENT_3D($,#14586,#11910,#11911);
#10429=AXIS2_PLACEMENT_3D($,#14588,#11913,#11914);
#10430=AXIS2_PLACEMENT_3D($,#14591,#11917,#11918);
#10431=AXIS2_PLACEMENT_3D($,#14594,#11921,#11922);
#10432=AXIS2_PLACEMENT_3D($,#14596,#11924,#11925);
#10433=AXIS2_PLACEMENT_3D($,#14597,#11926,#11927);
#10434=AXIS2_PLACEMENT_3D($,#14599,#11929,#11930);
#10435=AXIS2_PLACEMENT_3D($,#14602,#11933,#11934);
#10436=AXIS2_PLACEMENT_3D($,#14604,#11936,#11937);
#10437=AXIS2_PLACEMENT_3D($,#14606,#11939,#11940);
#10438=AXIS2_PLACEMENT_3D($,#14608,#11942,#11943);
#10439=AXIS2_PLACEMENT_3D($,#14609,#11944,#11945);
#10440=AXIS2_PLACEMENT_3D($,#14610,#11946,#11947);
#10441=AXIS2_PLACEMENT_3D($,#14612,#11949,#11950);
#10442=AXIS2_PLACEMENT_3D($,#14613,#11951,#11952);
#10443=AXIS2_PLACEMENT_3D($,#14614,#11953,#11954);
#10444=AXIS2_PLACEMENT_3D($,#14616,#11956,#11957);
#10445=AXIS2_PLACEMENT_3D($,#14618,#11959,#11960);
#10446=AXIS2_PLACEMENT_3D($,#14620,#11962,#11963);
#10447=AXIS2_PLACEMENT_3D($,#14622,#11965,#11966);
#10448=AXIS2_PLACEMENT_3D($,#14624,#11968,#11969);
#10449=AXIS2_PLACEMENT_3D($,#14625,#11970,#11971);
#10450=AXIS2_PLACEMENT_3D($,#14626,#11972,#11973);
#10451=AXIS2_PLACEMENT_3D($,#14635,#11978,#11979);
#10452=AXIS2_PLACEMENT_3D($,#14644,#11984,#11985);
#10453=AXIS2_PLACEMENT_3D($,#14655,#11992,#11993);
#10454=AXIS2_PLACEMENT_3D($,#14661,#11997,#11998);
#10455=AXIS2_PLACEMENT_3D($,#14665,#12001,#12002);
#10456=AXIS2_PLACEMENT_3D($,#14667,#12004,#12005);
#10457=AXIS2_PLACEMENT_3D($,#14672,#12009,#12010);
#10458=AXIS2_PLACEMENT_3D($,#14674,#12012,#12013);
#10459=AXIS2_PLACEMENT_3D($,#14683,#12018,#12019);
#10460=AXIS2_PLACEMENT_3D($,#14692,#12024,#12025);
#10461=AXIS2_PLACEMENT_3D($,#14695,#12028,#12029);
#10462=AXIS2_PLACEMENT_3D($,#14697,#12031,#12032);
#10463=AXIS2_PLACEMENT_3D($,#14699,#12034,#12035);
#10464=AXIS2_PLACEMENT_3D($,#14700,#12036,#12037);
#10465=AXIS2_PLACEMENT_3D($,#14741,#12058,#12059);
#10466=AXIS2_PLACEMENT_3D($,#14747,#12063,#12064);
#10467=AXIS2_PLACEMENT_3D($,#14751,#12067,#12068);
#10468=AXIS2_PLACEMENT_3D($,#14755,#12071,#12072);
#10469=AXIS2_PLACEMENT_3D($,#14757,#12074,#12075);
#10470=AXIS2_PLACEMENT_3D($,#14758,#12076,#12077);
#10471=AXIS2_PLACEMENT_3D($,#14772,#12085,#12086);
#10472=AXIS2_PLACEMENT_3D($,#14786,#12094,#12095);
#10473=AXIS2_PLACEMENT_3D($,#14790,#12098,#12099);
#10474=AXIS2_PLACEMENT_3D($,#14796,#12103,#12104);
#10475=AXIS2_PLACEMENT_3D($,#14800,#12107,#12108);
#10476=AXIS2_PLACEMENT_3D($,#14802,#12110,#12111);
#10477=AXIS2_PLACEMENT_3D($,#14813,#12118,#12119);
#10478=AXIS2_PLACEMENT_3D($,#14819,#12123,#12124);
#10479=AXIS2_PLACEMENT_3D($,#14823,#12127,#12128);
#10480=AXIS2_PLACEMENT_3D($,#14825,#12130,#12131);
#10481=AXIS2_PLACEMENT_3D($,#14829,#12134,#12135);
#10482=AXIS2_PLACEMENT_3D($,#14838,#12140,#12141);
#10483=AXIS2_PLACEMENT_3D($,#14841,#12144,#12145);
#10484=AXIS2_PLACEMENT_3D($,#14845,#12148,#12149);
#10485=AXIS2_PLACEMENT_3D($,#14849,#12152,#12153);
#10486=AXIS2_PLACEMENT_3D($,#14855,#12157,#12158);
#10487=AXIS2_PLACEMENT_3D($,#14857,#12160,#12161);
#10488=AXIS2_PLACEMENT_3D($,#14860,#12164,#12165);
#10489=AXIS2_PLACEMENT_3D($,#14871,#12172,#12173);
#10490=AXIS2_PLACEMENT_3D($,#14882,#12180,#12181);
#10491=AXIS2_PLACEMENT_3D($,#14885,#12184,#12185);
#10492=AXIS2_PLACEMENT_3D($,#14887,#12187,#12188);
#10493=AXIS2_PLACEMENT_3D($,#14888,#12189,#12190);
#10494=AXIS2_PLACEMENT_3D($,#14890,#12192,#12193);
#10495=AXIS2_PLACEMENT_3D($,#14891,#12194,#12195);
#10496=AXIS2_PLACEMENT_3D($,#14892,#12196,#12197);
#10497=AXIS2_PLACEMENT_3D($,#14901,#12202,#12203);
#10498=AXIS2_PLACEMENT_3D($,#14910,#12208,#12209);
#10499=AXIS2_PLACEMENT_3D($,#14913,#12212,#12213);
#10500=AXIS2_PLACEMENT_3D($,#14915,#12215,#12216);
#10501=AXIS2_PLACEMENT_3D($,#14917,#12218,#12219);
#10502=AXIS2_PLACEMENT_3D($,#14918,#12220,#12221);
#10503=AXIS2_PLACEMENT_3D($,#14927,#12226,#12227);
#10504=AXIS2_PLACEMENT_3D($,#14936,#12232,#12233);
#10505=AXIS2_PLACEMENT_3D($,#14939,#12236,#12237);
#10506=AXIS2_PLACEMENT_3D($,#14941,#12239,#12240);
#10507=AXIS2_PLACEMENT_3D($,#14943,#12242,#12243);
#10508=AXIS2_PLACEMENT_3D($,#14944,#12244,#12245);
#10509=AXIS2_PLACEMENT_3D($,#14949,#12247,#12248);
#10510=AXIS2_PLACEMENT_3D($,#14952,#12250,#12251);
#10511=AXIS2_PLACEMENT_3D($,#14954,#12252,#12253);
#10512=AXIS2_PLACEMENT_3D($,#14955,#12254,#12255);
#10513=AXIS2_PLACEMENT_3D($,#14957,#12257,#12258);
#10514=AXIS2_PLACEMENT_3D($,#14967,#12264,#12265);
#10515=AXIS2_PLACEMENT_3D($,#14976,#12270,#12271);
#10516=AXIS2_PLACEMENT_3D($,#14979,#12274,#12275);
#10517=AXIS2_PLACEMENT_3D($,#14981,#12277,#12278);
#10518=AXIS2_PLACEMENT_3D($,#14983,#12280,#12281);
#10519=AXIS2_PLACEMENT_3D($,#14984,#12282,#12283);
#10520=AXIS2_PLACEMENT_3D($,#14986,#12284,#12285);
#10521=AXIS2_PLACEMENT_3D($,#14988,#12286,#12287);
#10522=AXIS2_PLACEMENT_3D($,#14989,#12288,#12289);
#10523=AXIS2_PLACEMENT_3D($,#14990,#12290,#12291);
#10524=AXIS2_PLACEMENT_3D($,#14991,#12292,#12293);
#10525=AXIS2_PLACEMENT_3D($,#15000,#12298,#12299);
#10526=AXIS2_PLACEMENT_3D($,#15009,#12304,#12305);
#10527=AXIS2_PLACEMENT_3D($,#15012,#12308,#12309);
#10528=AXIS2_PLACEMENT_3D($,#15014,#12311,#12312);
#10529=AXIS2_PLACEMENT_3D($,#15016,#12314,#12315);
#10530=AXIS2_PLACEMENT_3D($,#15017,#12316,#12317);
#10531=AXIS2_PLACEMENT_3D($,#15019,#12318,#12319);
#10532=AXIS2_PLACEMENT_3D($,#15020,#12320,#12321);
#10533=AXIS2_PLACEMENT_3D($,#15021,#12322,#12323);
#10534=AXIS2_PLACEMENT_3D($,#15030,#12328,#12329);
#10535=AXIS2_PLACEMENT_3D($,#15039,#12334,#12335);
#10536=AXIS2_PLACEMENT_3D($,#15045,#12339,#12340);
#10537=AXIS2_PLACEMENT_3D($,#15048,#12343,#12344);
#10538=AXIS2_PLACEMENT_3D($,#15054,#12348,#12349);
#10539=AXIS2_PLACEMENT_3D($,#15063,#12354,#12355);
#10540=AXIS2_PLACEMENT_3D($,#15069,#12359,#12360);
#10541=AXIS2_PLACEMENT_3D($,#15073,#12363,#12364);
#10542=AXIS2_PLACEMENT_3D($,#15077,#12367,#12368);
#10543=AXIS2_PLACEMENT_3D($,#15079,#12370,#12371);
#10544=AXIS2_PLACEMENT_3D($,#15088,#12376,#12377);
#10545=AXIS2_PLACEMENT_3D($,#15094,#12381,#12382);
#10546=AXIS2_PLACEMENT_3D($,#15098,#12385,#12386);
#10547=AXIS2_PLACEMENT_3D($,#15102,#12389,#12390);
#10548=AXIS2_PLACEMENT_3D($,#15104,#12392,#12393);
#10549=AXIS2_PLACEMENT_3D($,#15113,#12398,#12399);
#10550=AXIS2_PLACEMENT_3D($,#15119,#12403,#12404);
#10551=AXIS2_PLACEMENT_3D($,#15123,#12407,#12408);
#10552=AXIS2_PLACEMENT_3D($,#15127,#12411,#12412);
#10553=AXIS2_PLACEMENT_3D($,#15129,#12414,#12415);
#10554=AXIS2_PLACEMENT_3D($,#15146,#12424,#12425);
#10555=AXIS2_PLACEMENT_3D($,#15149,#12428,#12429);
#10556=AXIS2_PLACEMENT_3D($,#15151,#12431,#12432);
#10557=AXIS2_PLACEMENT_3D($,#15153,#12434,#12435);
#10558=AXIS2_PLACEMENT_3D($,#15154,#12436,#12437);
#10559=AXIS2_PLACEMENT_3D($,#15160,#12441,#12442);
#10560=AXIS2_PLACEMENT_3D($,#15164,#12445,#12446);
#10561=AXIS2_PLACEMENT_3D($,#15168,#12449,#12450);
#10562=AXIS2_PLACEMENT_3D($,#15170,#12452,#12453);
#10563=AXIS2_PLACEMENT_3D($,#15171,#12454,#12455);
#10564=AXIS2_PLACEMENT_3D($,#15212,#12476,#12477);
#10565=AXIS2_PLACEMENT_3D($,#15218,#12481,#12482);
#10566=AXIS2_PLACEMENT_3D($,#15222,#12485,#12486);
#10567=AXIS2_PLACEMENT_3D($,#15226,#12489,#12490);
#10568=AXIS2_PLACEMENT_3D($,#15228,#12492,#12493);
#10569=AXIS2_PLACEMENT_3D($,#15229,#12494,#12495);
#10570=AXIS2_PLACEMENT_3D($,#15243,#12503,#12504);
#10571=AXIS2_PLACEMENT_3D($,#15257,#12512,#12513);
#10572=AXIS2_PLACEMENT_3D($,#15261,#12516,#12517);
#10573=AXIS2_PLACEMENT_3D($,#15267,#12521,#12522);
#10574=AXIS2_PLACEMENT_3D($,#15271,#12525,#12526);
#10575=AXIS2_PLACEMENT_3D($,#15273,#12528,#12529);
#10576=AXIS2_PLACEMENT_3D($,#15284,#12536,#12537);
#10577=AXIS2_PLACEMENT_3D($,#15290,#12541,#12542);
#10578=AXIS2_PLACEMENT_3D($,#15294,#12545,#12546);
#10579=AXIS2_PLACEMENT_3D($,#15296,#12548,#12549);
#10580=AXIS2_PLACEMENT_3D($,#15300,#12552,#12553);
#10581=AXIS2_PLACEMENT_3D($,#15309,#12558,#12559);
#10582=AXIS2_PLACEMENT_3D($,#15312,#12562,#12563);
#10583=AXIS2_PLACEMENT_3D($,#15316,#12566,#12567);
#10584=AXIS2_PLACEMENT_3D($,#15320,#12570,#12571);
#10585=AXIS2_PLACEMENT_3D($,#15326,#12575,#12576);
#10586=AXIS2_PLACEMENT_3D($,#15328,#12578,#12579);
#10587=AXIS2_PLACEMENT_3D($,#15331,#12582,#12583);
#10588=AXIS2_PLACEMENT_3D($,#15342,#12590,#12591);
#10589=AXIS2_PLACEMENT_3D($,#15353,#12598,#12599);
#10590=AXIS2_PLACEMENT_3D($,#15356,#12602,#12603);
#10591=AXIS2_PLACEMENT_3D($,#15358,#12605,#12606);
#10592=AXIS2_PLACEMENT_3D($,#15359,#12607,#12608);
#10593=AXIS2_PLACEMENT_3D($,#15361,#12610,#12611);
#10594=AXIS2_PLACEMENT_3D($,#15362,#12612,#12613);
#10595=AXIS2_PLACEMENT_3D($,#15363,#12614,#12615);
#10596=AXIS2_PLACEMENT_3D($,#15372,#12620,#12621);
#10597=AXIS2_PLACEMENT_3D($,#15381,#12626,#12627);
#10598=AXIS2_PLACEMENT_3D($,#15384,#12630,#12631);
#10599=AXIS2_PLACEMENT_3D($,#15386,#12633,#12634);
#10600=AXIS2_PLACEMENT_3D($,#15388,#12636,#12637);
#10601=AXIS2_PLACEMENT_3D($,#15389,#12638,#12639);
#10602=AXIS2_PLACEMENT_3D($,#15394,#12641,#12642);
#10603=AXIS2_PLACEMENT_3D($,#15397,#12644,#12645);
#10604=AXIS2_PLACEMENT_3D($,#15399,#12646,#12647);
#10605=AXIS2_PLACEMENT_3D($,#15400,#12648,#12649);
#10606=AXIS2_PLACEMENT_3D($,#15402,#12651,#12652);
#10607=AXIS2_PLACEMENT_3D($,#15412,#12658,#12659);
#10608=AXIS2_PLACEMENT_3D($,#15421,#12664,#12665);
#10609=AXIS2_PLACEMENT_3D($,#15424,#12668,#12669);
#10610=AXIS2_PLACEMENT_3D($,#15426,#12671,#12672);
#10611=AXIS2_PLACEMENT_3D($,#15428,#12674,#12675);
#10612=AXIS2_PLACEMENT_3D($,#15429,#12676,#12677);
#10613=AXIS2_PLACEMENT_3D($,#15431,#12678,#12679);
#10614=AXIS2_PLACEMENT_3D($,#15433,#12680,#12681);
#10615=AXIS2_PLACEMENT_3D($,#15434,#12682,#12683);
#10616=AXIS2_PLACEMENT_3D($,#15435,#12684,#12685);
#10617=AXIS2_PLACEMENT_3D($,#15436,#12686,#12687);
#10618=AXIS2_PLACEMENT_3D($,#15441,#12689,#12690);
#10619=AXIS2_PLACEMENT_3D($,#15444,#12692,#12693);
#10620=AXIS2_PLACEMENT_3D($,#15446,#12694,#12695);
#10621=AXIS2_PLACEMENT_3D($,#15447,#12696,#12697);
#10622=AXIS2_PLACEMENT_3D($,#15449,#12699,#12700);
#10623=AXIS2_PLACEMENT_3D($,#15459,#12706,#12707);
#10624=AXIS2_PLACEMENT_3D($,#15468,#12712,#12713);
#10625=AXIS2_PLACEMENT_3D($,#15471,#12716,#12717);
#10626=AXIS2_PLACEMENT_3D($,#15473,#12719,#12720);
#10627=AXIS2_PLACEMENT_3D($,#15475,#12722,#12723);
#10628=AXIS2_PLACEMENT_3D($,#15476,#12724,#12725);
#10629=AXIS2_PLACEMENT_3D($,#15478,#12726,#12727);
#10630=AXIS2_PLACEMENT_3D($,#15480,#12728,#12729);
#10631=AXIS2_PLACEMENT_3D($,#15481,#12730,#12731);
#10632=AXIS2_PLACEMENT_3D($,#15482,#12732,#12733);
#10633=AXIS2_PLACEMENT_3D($,#15483,#12734,#12735);
#10634=AXIS2_PLACEMENT_3D($,#15492,#12740,#12741);
#10635=AXIS2_PLACEMENT_3D($,#15501,#12746,#12747);
#10636=AXIS2_PLACEMENT_3D($,#15507,#12751,#12752);
#10637=AXIS2_PLACEMENT_3D($,#15510,#12755,#12756);
#10638=AXIS2_PLACEMENT_3D($,#15516,#12760,#12761);
#10639=AXIS2_PLACEMENT_3D($,#15525,#12766,#12767);
#10640=AXIS2_PLACEMENT_3D($,#15531,#12771,#12772);
#10641=AXIS2_PLACEMENT_3D($,#15535,#12775,#12776);
#10642=AXIS2_PLACEMENT_3D($,#15539,#12779,#12780);
#10643=AXIS2_PLACEMENT_3D($,#15541,#12782,#12783);
#10644=AXIS2_PLACEMENT_3D($,#15550,#12788,#12789);
#10645=AXIS2_PLACEMENT_3D($,#15556,#12793,#12794);
#10646=AXIS2_PLACEMENT_3D($,#15560,#12797,#12798);
#10647=AXIS2_PLACEMENT_3D($,#15564,#12801,#12802);
#10648=AXIS2_PLACEMENT_3D($,#15566,#12804,#12805);
#10649=AXIS2_PLACEMENT_3D($,#15575,#12810,#12811);
#10650=AXIS2_PLACEMENT_3D($,#15581,#12815,#12816);
#10651=AXIS2_PLACEMENT_3D($,#15585,#12819,#12820);
#10652=AXIS2_PLACEMENT_3D($,#15589,#12823,#12824);
#10653=AXIS2_PLACEMENT_3D($,#15591,#12826,#12827);
#10654=AXIS2_PLACEMENT_3D($,#15608,#12836,#12837);
#10655=AXIS2_PLACEMENT_3D($,#15611,#12840,#12841);
#10656=AXIS2_PLACEMENT_3D($,#15613,#12843,#12844);
#10657=AXIS2_PLACEMENT_3D($,#15615,#12846,#12847);
#10658=AXIS2_PLACEMENT_3D($,#15616,#12848,#12849);
#10659=AXIS2_PLACEMENT_3D($,#15622,#12853,#12854);
#10660=AXIS2_PLACEMENT_3D($,#15626,#12857,#12858);
#10661=AXIS2_PLACEMENT_3D($,#15630,#12861,#12862);
#10662=AXIS2_PLACEMENT_3D($,#15632,#12864,#12865);
#10663=AXIS2_PLACEMENT_3D($,#15633,#12866,#12867);
#10664=AXIS2_PLACEMENT_3D($,#15674,#12888,#12889);
#10665=AXIS2_PLACEMENT_3D($,#15680,#12893,#12894);
#10666=AXIS2_PLACEMENT_3D($,#15684,#12897,#12898);
#10667=AXIS2_PLACEMENT_3D($,#15688,#12901,#12902);
#10668=AXIS2_PLACEMENT_3D($,#15690,#12904,#12905);
#10669=AXIS2_PLACEMENT_3D($,#15691,#12906,#12907);
#10670=AXIS2_PLACEMENT_3D($,#15705,#12915,#12916);
#10671=AXIS2_PLACEMENT_3D($,#15719,#12924,#12925);
#10672=AXIS2_PLACEMENT_3D($,#15723,#12928,#12929);
#10673=AXIS2_PLACEMENT_3D($,#15729,#12933,#12934);
#10674=AXIS2_PLACEMENT_3D($,#15733,#12937,#12938);
#10675=AXIS2_PLACEMENT_3D($,#15735,#12940,#12941);
#10676=AXIS2_PLACEMENT_3D($,#15746,#12948,#12949);
#10677=AXIS2_PLACEMENT_3D($,#15752,#12953,#12954);
#10678=AXIS2_PLACEMENT_3D($,#15756,#12957,#12958);
#10679=AXIS2_PLACEMENT_3D($,#15758,#12960,#12961);
#10680=AXIS2_PLACEMENT_3D($,#15762,#12964,#12965);
#10681=AXIS2_PLACEMENT_3D($,#15771,#12970,#12971);
#10682=AXIS2_PLACEMENT_3D($,#15774,#12974,#12975);
#10683=AXIS2_PLACEMENT_3D($,#15778,#12978,#12979);
#10684=AXIS2_PLACEMENT_3D($,#15782,#12982,#12983);
#10685=AXIS2_PLACEMENT_3D($,#15788,#12987,#12988);
#10686=AXIS2_PLACEMENT_3D($,#15790,#12990,#12991);
#10687=AXIS2_PLACEMENT_3D($,#15793,#12994,#12995);
#10688=AXIS2_PLACEMENT_3D($,#15804,#13002,#13003);
#10689=AXIS2_PLACEMENT_3D($,#15815,#13010,#13011);
#10690=AXIS2_PLACEMENT_3D($,#15818,#13014,#13015);
#10691=AXIS2_PLACEMENT_3D($,#15820,#13017,#13018);
#10692=AXIS2_PLACEMENT_3D($,#15821,#13019,#13020);
#10693=AXIS2_PLACEMENT_3D($,#15823,#13022,#13023);
#10694=AXIS2_PLACEMENT_3D($,#15824,#13024,#13025);
#10695=AXIS2_PLACEMENT_3D($,#15825,#13026,#13027);
#10696=AXIS2_PLACEMENT_3D($,#15834,#13032,#13033);
#10697=AXIS2_PLACEMENT_3D($,#15843,#13038,#13039);
#10698=AXIS2_PLACEMENT_3D($,#15854,#13046,#13047);
#10699=AXIS2_PLACEMENT_3D($,#15860,#13051,#13052);
#10700=AXIS2_PLACEMENT_3D($,#15864,#13055,#13056);
#10701=AXIS2_PLACEMENT_3D($,#15866,#13058,#13059);
#10702=AXIS2_PLACEMENT_3D($,#15871,#13063,#13064);
#10703=AXIS2_PLACEMENT_3D($,#15873,#13066,#13067);
#10704=AXIS2_PLACEMENT_3D($,#15882,#13072,#13073);
#10705=AXIS2_PLACEMENT_3D($,#15891,#13078,#13079);
#10706=AXIS2_PLACEMENT_3D($,#15894,#13082,#13083);
#10707=AXIS2_PLACEMENT_3D($,#15896,#13085,#13086);
#10708=AXIS2_PLACEMENT_3D($,#15898,#13088,#13089);
#10709=AXIS2_PLACEMENT_3D($,#15899,#13090,#13091);
#10710=AXIS2_PLACEMENT_3D($,#15908,#13096,#13097);
#10711=AXIS2_PLACEMENT_3D($,#15914,#13101,#13102);
#10712=AXIS2_PLACEMENT_3D($,#15918,#13105,#13106);
#10713=AXIS2_PLACEMENT_3D($,#15922,#13109,#13110);
#10714=AXIS2_PLACEMENT_3D($,#15924,#13112,#13113);
#10715=AXIS2_PLACEMENT_3D($,#15933,#13118,#13119);
#10716=AXIS2_PLACEMENT_3D($,#15939,#13123,#13124);
#10717=AXIS2_PLACEMENT_3D($,#15943,#13127,#13128);
#10718=AXIS2_PLACEMENT_3D($,#15947,#13131,#13132);
#10719=AXIS2_PLACEMENT_3D($,#15949,#13134,#13135);
#10720=AXIS2_PLACEMENT_3D($,#15958,#13140,#13141);
#10721=AXIS2_PLACEMENT_3D($,#15964,#13145,#13146);
#10722=AXIS2_PLACEMENT_3D($,#15968,#13149,#13150);
#10723=AXIS2_PLACEMENT_3D($,#15972,#13153,#13154);
#10724=AXIS2_PLACEMENT_3D($,#15974,#13156,#13157);
#10725=AXIS2_PLACEMENT_3D($,#15991,#13166,#13167);
#10726=AXIS2_PLACEMENT_3D($,#15997,#13171,#13172);
#10727=AXIS2_PLACEMENT_3D($,#16001,#13175,#13176);
#10728=AXIS2_PLACEMENT_3D($,#16005,#13179,#13180);
#10729=AXIS2_PLACEMENT_3D($,#16007,#13182,#13183);
#10730=AXIS2_PLACEMENT_3D($,#16013,#13187,#13188);
#10731=AXIS2_PLACEMENT_3D($,#16017,#13191,#13192);
#10732=AXIS2_PLACEMENT_3D($,#16018,#13193,#13194);
#10733=AXIS2_PLACEMENT_3D($,#16022,#13197,#13198);
#10734=AXIS2_PLACEMENT_3D($,#16024,#13200,#13201);
#10735=AXIS2_PLACEMENT_3D($,#16025,#13202,#13203);
#10736=AXIS2_PLACEMENT_3D($,#16034,#13208,#13209);
#10737=AXIS2_PLACEMENT_3D($,#16043,#13214,#13215);
#10738=AXIS2_PLACEMENT_3D($,#16046,#13218,#13219);
#10739=AXIS2_PLACEMENT_3D($,#16048,#13221,#13222);
#10740=AXIS2_PLACEMENT_3D($,#16050,#13224,#13225);
#10741=AXIS2_PLACEMENT_3D($,#16051,#13226,#13227);
#10742=AXIS2_PLACEMENT_3D($,#16053,#13228,#13229);
#10743=AXIS2_PLACEMENT_3D($,#16054,#13230,#13231);
#10744=DIRECTION('axis',(0.,0.,1.));
#10745=DIRECTION('refdir',(1.,0.,0.));
#10746=DIRECTION('center_axis',(-2.22044604925031E-016,1.,0.));
#10747=DIRECTION('ref_axis',(-1.,0.,0.));
#10748=DIRECTION($,(0.,0.,1.));
#10749=DIRECTION($,(-1.,-2.22044604925031E-016,0.));
#10750=DIRECTION($,(0.,0.,-1.));
#10751=DIRECTION($,(-1.,-2.22044604925031E-016,0.));
#10752=DIRECTION('center_axis',(2.22044604925031E-016,-1.,0.));
#10753=DIRECTION('ref_axis',(1.,0.,0.));
#10754=DIRECTION($,(0.,0.,-1.));
#10755=DIRECTION($,(1.,2.22044604925031E-016,0.));
#10756=DIRECTION($,(0.,0.,1.));
#10757=DIRECTION($,(1.,2.22044604925031E-016,0.));
#10758=DIRECTION('center_axis',(2.22044604925031E-016,-1.,0.));
#10759=DIRECTION('ref_axis',(1.,0.,0.));
#10760=DIRECTION($,(0.,0.,1.));
#10761=DIRECTION($,(1.,2.22044604925031E-016,0.));
#10762=DIRECTION($,(0.,0.,-1.));
#10763=DIRECTION($,(1.,2.22044604925031E-016,0.));
#10764=DIRECTION('center_axis',(-2.22044604925031E-016,1.,0.));
#10765=DIRECTION('ref_axis',(-1.,0.,0.));
#10766=DIRECTION($,(0.,0.,-1.));
#10767=DIRECTION($,(-1.,-2.22044604925031E-016,0.));
#10768=DIRECTION($,(0.,0.,1.));
#10769=DIRECTION($,(-1.,-2.22044604925031E-016,0.));
#10770=DIRECTION('center_axis',(0.,0.,1.));
#10771=DIRECTION('ref_axis',(0.,-1.,0.));
#10772=DIRECTION($,(2.22044604925031E-016,-1.,0.));
#10773=DIRECTION($,(1.,0.,0.));
#10774=DIRECTION($,(-2.22044604925031E-016,1.,0.));
#10775=DIRECTION($,(0.,1.,0.));
#10776=DIRECTION($,(-2.22044604925031E-016,1.,0.));
#10777=DIRECTION($,(-1.,0.,0.));
#10778=DIRECTION($,(2.22044604925031E-016,-1.,0.));
#10779=DIRECTION($,(0.,-1.,0.));
#10780=DIRECTION('center_axis',(-1.,-2.22044604925031E-016,0.));
#10781=DIRECTION('ref_axis',(0.,-1.,0.));
#10782=DIRECTION($,(-2.22044604925031E-016,1.,0.));
#10783=DIRECTION($,(0.,0.,1.));
#10784=DIRECTION('center_axis',(1.,2.22044604925031E-016,0.));
#10785=DIRECTION('ref_axis',(0.,1.,0.));
#10786=DIRECTION($,(0.,0.,-1.));
#10787=DIRECTION($,(2.22044604925031E-016,-1.,0.));
#10788=DIRECTION('center_axis',(1.,2.22044604925031E-016,0.));
#10789=DIRECTION('ref_axis',(0.,1.,0.));
#10790=DIRECTION($,(2.22044604925031E-016,-1.,0.));
#10791=DIRECTION($,(0.,0.,1.));
#10792=DIRECTION('center_axis',(0.,0.,1.));
#10793=DIRECTION('ref_axis',(0.,-1.,0.));
#10794=DIRECTION($,(-2.22044604925031E-016,1.,0.));
#10795=DIRECTION($,(-1.,0.,0.));
#10796=DIRECTION($,(0.,1.,0.));
#10797=DIRECTION($,(1.,0.,0.));
#10798=DIRECTION($,(0.,-1.,0.));
#10799=DIRECTION('center_axis',(-1.,-2.22044604925031E-016,0.));
#10800=DIRECTION('ref_axis',(0.,-1.,0.));
#10801=DIRECTION($,(0.,0.,-1.));
#10802=DIRECTION('center_axis',(-1.,0.,0.));
#10803=DIRECTION('ref_axis',(0.,-1.,0.));
#10804=DIRECTION($,(0.,1.,0.));
#10805=DIRECTION($,(0.,0.,1.));
#10806=DIRECTION($,(0.,-1.,0.));
#10807=DIRECTION($,(0.,0.,1.));
#10808=DIRECTION('center_axis',(0.,1.,0.));
#10809=DIRECTION('ref_axis',(-1.,0.,0.));
#10810=DIRECTION($,(1.,0.,0.));
#10811=DIRECTION($,(-1.,0.,0.));
#10812=DIRECTION($,(0.,0.,1.));
#10813=DIRECTION('center_axis',(1.,0.,0.));
#10814=DIRECTION('ref_axis',(0.,1.,0.));
#10815=DIRECTION($,(0.,-1.,0.));
#10816=DIRECTION($,(0.,1.,0.));
#10817=DIRECTION($,(0.,0.,1.));
#10818=DIRECTION('center_axis',(0.,-1.,0.));
#10819=DIRECTION('ref_axis',(1.,0.,0.));
#10820=DIRECTION($,(-1.,0.,0.));
#10821=DIRECTION($,(1.,0.,0.));
#10822=DIRECTION('center_axis',(0.,0.,1.));
#10823=DIRECTION('ref_axis',(1.,0.,0.));
#10824=DIRECTION('center_axis',(0.,0.,1.));
#10825=DIRECTION('ref_axis',(1.,0.,0.));
#10826=DIRECTION('center_axis',(0.,0.,1.));
#10827=DIRECTION('ref_axis',(1.,0.,0.));
#10828=DIRECTION($,(0.,0.,1.));
#10829=DIRECTION('center_axis',(-6.31879634386508E-017,1.713943639069E-017,
1.));
#10830=DIRECTION('ref_axis',(1.,0.,0.));
#10831=DIRECTION($,(0.,0.,-1.));
#10832=DIRECTION('center_axis',(0.,0.,1.));
#10833=DIRECTION('ref_axis',(1.,0.,0.));
#10834=DIRECTION('center_axis',(0.,0.,-1.));
#10835=DIRECTION('ref_axis',(1.,0.,0.));
#10836=DIRECTION('center_axis',(0.,0.,1.));
#10837=DIRECTION('ref_axis',(1.,0.,0.));
#10838=DIRECTION($,(0.679503072787787,-0.733672661390593,0.));
#10839=DIRECTION('center_axis',(0.733672661390593,0.679503072787787,3.47129816105618E-017));
#10840=DIRECTION('ref_axis',(-0.679503072787787,0.733672661390593,0.));
#10841=DIRECTION($,(0.679503072787786,-0.733672661390593,5.55111512312578E-017));
#10842=DIRECTION($,(-6.31879634386508E-017,1.713943639069E-017,1.));
#10843=DIRECTION($,(-0.679503072787787,0.733672661390593,-5.55111512312578E-017));
#10844=DIRECTION($,(6.31879634386508E-017,-1.713943639069E-017,-1.));
#10845=DIRECTION($,(0.679503072787786,-0.733672661390593,5.55111512312578E-017));
#10846=DIRECTION('center_axis',(0.733672661390593,0.679503072787787,3.47129816105618E-017));
#10847=DIRECTION('ref_axis',(-0.679503072787787,0.733672661390593,0.));
#10848=DIRECTION($,(-6.31879634386508E-017,1.713943639069E-017,1.));
#10849=DIRECTION($,(0.679503072787787,-0.733672661390593,5.55111512312578E-017));
#10850=DIRECTION($,(6.31879634386508E-017,-1.713943639069E-017,-1.));
#10851=DIRECTION($,(-0.679503072787787,0.733672661390593,-5.55111512312578E-017));
#10852=DIRECTION('center_axis',(-6.31879634386508E-017,1.713943639069E-017,
1.));
#10853=DIRECTION('ref_axis',(0.733672661390593,0.679503072787787,0.));
#10854=DIRECTION($,(-0.733672661390593,-0.679503072787787,-3.47129816105618E-017));
#10855=DIRECTION($,(-0.733672661390593,-0.679503072787786,-3.47129816105618E-017));
#10856=DIRECTION('center_axis',(-0.679503072787787,0.733672661390593,-5.55111512312578E-017));
#10857=DIRECTION('ref_axis',(-0.733672661390593,-0.679503072787787,0.));
#10858=DIRECTION($,(-0.733672661390593,-0.679503072787786,-3.47129816105618E-017));
#10859=DIRECTION('center_axis',(6.31879634386508E-017,-1.713943639069E-017,
-1.));
#10860=DIRECTION('ref_axis',(-0.733672661390593,-0.679503072787787,0.));
#10861=DIRECTION($,(-0.733672661390593,-0.679503072787787,-3.47129816105618E-017));
#10862=DIRECTION('center_axis',(0.679503072787787,-0.733672661390593,5.55111512312578E-017));
#10863=DIRECTION('ref_axis',(0.733672661390593,0.679503072787786,0.));
#10864=DIRECTION('center_axis',(0.,0.,1.));
#10865=DIRECTION('ref_axis',(1.,0.,0.));
#10866=DIRECTION('center_axis',(0.,0.,-1.));
#10867=DIRECTION('ref_axis',(1.,0.,0.));
#10868=DIRECTION('center_axis',(0.,0.,1.));
#10869=DIRECTION('ref_axis',(1.,0.,0.));
#10870=DIRECTION('center_axis',(0.,0.,-1.));
#10871=DIRECTION('ref_axis',(-1.,0.,0.));
#10872=DIRECTION('center_axis',(0.,0.,1.));
#10873=DIRECTION('ref_axis',(1.,0.,0.));
#10874=DIRECTION('center_axis',(0.,0.,1.));
#10875=DIRECTION('ref_axis',(0.615661475325658,-0.788010753606722,0.));
#10876=DIRECTION($,(0.788010753606722,0.615661475325658,0.));
#10877=DIRECTION($,(-0.615661475325658,0.788010753606722,0.));
#10878=DIRECTION($,(-0.788010753606722,-0.615661475325658,0.));
#10879=DIRECTION($,(0.615661475325658,-0.788010753606722,0.));
#10880=DIRECTION('center_axis',(0.,0.,1.));
#10881=DIRECTION('ref_axis',(0.615661475325658,-0.788010753606722,0.));
#10882=DIRECTION($,(-0.788010753606722,-0.615661475325658,0.));
#10883=DIRECTION($,(-0.615661475325658,0.788010753606722,0.));
#10884=DIRECTION($,(0.788010753606722,0.615661475325658,0.));
#10885=DIRECTION($,(0.615661475325658,-0.788010753606722,0.));
#10886=DIRECTION('center_axis',(0.788010753606722,0.615661475325658,0.));
#10887=DIRECTION('ref_axis',(0.,0.,1.));
#10888=DIRECTION($,(0.,0.,-1.));
#10889=DIRECTION($,(0.,0.,-1.));
#10890=DIRECTION('center_axis',(0.615661475325658,-0.788010753606722,0.));
#10891=DIRECTION('ref_axis',(0.,0.,-1.));
#10892=DIRECTION($,(0.,0.,-1.));
#10893=DIRECTION('center_axis',(-0.788010753606722,-0.615661475325658,0.));
#10894=DIRECTION('ref_axis',(0.,0.,-1.));
#10895=DIRECTION($,(0.,0.,-1.));
#10896=DIRECTION('center_axis',(-0.615661475325658,0.788010753606722,0.));
#10897=DIRECTION('ref_axis',(0.,0.,1.));
#10898=DIRECTION('center_axis',(0.,1.,0.));
#10899=DIRECTION('ref_axis',(0.,0.,1.));
#10900=DIRECTION($,(0.,0.,1.));
#10901=DIRECTION($,(1.,0.,0.));
#10902=DIRECTION($,(0.,0.,-1.));
#10903=DIRECTION($,(-1.,0.,0.));
#10904=DIRECTION('center_axis',(0.,0.,1.));
#10905=DIRECTION('ref_axis',(1.,0.,0.));
#10906=DIRECTION($,(0.,-1.,0.));
#10907=DIRECTION($,(1.,0.,0.));
#10908=DIRECTION($,(0.,-1.,0.));
#10909=DIRECTION('center_axis',(0.,1.,0.));
#10910=DIRECTION('ref_axis',(-1.,0.,0.));
#10911=DIRECTION($,(0.,0.,1.));
#10912=DIRECTION($,(-1.,0.,0.));
#10913=DIRECTION($,(0.,0.,1.));
#10914=DIRECTION('center_axis',(1.,0.,0.));
#10915=DIRECTION('ref_axis',(0.,1.,0.));
#10916=DIRECTION($,(0.,1.,0.));
#10917=DIRECTION('center_axis',(-1.,0.,0.));
#10918=DIRECTION('ref_axis',(0.,-1.,0.));
#10919=DIRECTION($,(0.,-1.,0.));
#10920=DIRECTION('center_axis',(0.,0.,1.));
#10921=DIRECTION('ref_axis',(1.,0.,0.));
#10922=DIRECTION('center_axis',(0.,0.,-1.));
#10923=DIRECTION('ref_axis',(0.788010753606722,0.615661475325658,0.));
#10924=DIRECTION('center_axis',(0.,0.,1.));
#10925=DIRECTION('ref_axis',(0.788010753606722,0.615661475325658,0.));
#10926=DIRECTION('center_axis',(0.,0.,1.));
#10927=DIRECTION('ref_axis',(0.615661475325658,-0.788010753606722,0.));
#10928=DIRECTION('center_axis',(0.,0.,1.));
#10929=DIRECTION('ref_axis',(1.,0.,0.));
#10930=DIRECTION($,(-1.,0.,0.));
#10931=DIRECTION($,(0.,1.,0.));
#10932=DIRECTION($,(1.,0.,0.));
#10933=DIRECTION($,(0.,-1.,0.));
#10934=DIRECTION('center_axis',(0.,0.,1.));
#10935=DIRECTION('ref_axis',(1.,0.,0.));
#10936=DIRECTION($,(0.,1.,0.));
#10937=DIRECTION($,(-1.,0.,0.));
#10938=DIRECTION($,(0.,-1.,0.));
#10939=DIRECTION($,(1.,0.,0.));
#10940=DIRECTION('center_axis',(0.,1.,0.));
#10941=DIRECTION('ref_axis',(0.,0.,1.));
#10942=DIRECTION($,(0.,0.,-1.));
#10943=DIRECTION($,(-1.,0.,0.));
#10944=DIRECTION($,(0.,0.,-1.));
#10945=DIRECTION('center_axis',(0.,-1.,0.));
#10946=DIRECTION('ref_axis',(0.,0.,-1.));
#10947=DIRECTION($,(0.,0.,-1.));
#10948=DIRECTION($,(0.,0.,-1.));
#10949=DIRECTION('center_axis',(0.,0.,1.));
#10950=DIRECTION('ref_axis',(1.,0.,0.));
#10951=DIRECTION($,(0.,-1.,0.));
#10952=DIRECTION($,(1.,0.,0.));
#10953=DIRECTION($,(0.,1.,0.));
#10954=DIRECTION('center_axis',(-1.,0.,0.));
#10955=DIRECTION('ref_axis',(0.,0.,1.));
#10956=DIRECTION($,(0.,1.,0.));
#10957=DIRECTION($,(0.,0.,-1.));
#10958=DIRECTION($,(0.,-1.,0.));
#10959=DIRECTION($,(0.,0.,-1.));
#10960=DIRECTION('center_axis',(0.,1.,0.));
#10961=DIRECTION('ref_axis',(0.,0.,1.));
#10962=DIRECTION($,(1.,0.,0.));
#10963=DIRECTION($,(0.,0.,-1.));
#10964=DIRECTION($,(-1.,0.,0.));
#10965=DIRECTION('center_axis',(0.,0.,1.));
#10966=DIRECTION('ref_axis',(1.,0.,0.));
#10967=DIRECTION($,(0.,1.,0.));
#10968=DIRECTION($,(1.,0.,0.));
#10969=DIRECTION('center_axis',(1.,0.,0.));
#10970=DIRECTION('ref_axis',(0.,0.,-1.));
#10971=DIRECTION($,(0.,-1.,0.));
#10972=DIRECTION($,(0.,0.,-1.));
#10973=DIRECTION('center_axis',(0.,-1.,0.));
#10974=DIRECTION('ref_axis',(0.,0.,-1.));
#10975=DIRECTION($,(-1.,0.,0.));
#10976=DIRECTION('center_axis',(-1.,0.,0.));
#10977=DIRECTION('ref_axis',(0.,0.,1.));
#10978=DIRECTION($,(0.,1.,0.));
#10979=DIRECTION($,(0.,0.,-1.));
#10980=DIRECTION($,(0.,-1.,0.));
#10981=DIRECTION($,(0.,0.,-1.));
#10982=DIRECTION('center_axis',(0.,1.,0.));
#10983=DIRECTION('ref_axis',(0.,0.,1.));
#10984=DIRECTION($,(1.,0.,0.));
#10985=DIRECTION($,(0.,0.,-1.));
#10986=DIRECTION($,(-1.,0.,0.));
#10987=DIRECTION('center_axis',(0.,0.,1.));
#10988=DIRECTION('ref_axis',(1.,0.,0.));
#10989=DIRECTION($,(0.,1.,0.));
#10990=DIRECTION($,(1.,0.,0.));
#10991=DIRECTION('center_axis',(1.,0.,0.));
#10992=DIRECTION('ref_axis',(0.,0.,-1.));
#10993=DIRECTION($,(0.,-1.,0.));
#10994=DIRECTION($,(0.,0.,-1.));
#10995=DIRECTION('center_axis',(0.,-1.,0.));
#10996=DIRECTION('ref_axis',(0.,0.,-1.));
#10997=DIRECTION($,(-1.,0.,0.));
#10998=DIRECTION('center_axis',(-1.,0.,0.));
#10999=DIRECTION('ref_axis',(0.,0.,1.));
#11000=DIRECTION($,(0.,1.,0.));
#11001=DIRECTION($,(0.,0.,-1.));
#11002=DIRECTION($,(0.,-1.,0.));
#11003=DIRECTION($,(0.,0.,-1.));
#11004=DIRECTION('center_axis',(0.,1.,0.));
#11005=DIRECTION('ref_axis',(0.,0.,1.));
#11006=DIRECTION($,(1.,0.,0.));
#11007=DIRECTION($,(0.,0.,-1.));
#11008=DIRECTION($,(-1.,0.,0.));
#11009=DIRECTION('center_axis',(0.,0.,1.));
#11010=DIRECTION('ref_axis',(1.,0.,0.));
#11011=DIRECTION($,(0.,1.,0.));
#11012=DIRECTION($,(1.,0.,0.));
#11013=DIRECTION('center_axis',(1.,0.,0.));
#11014=DIRECTION('ref_axis',(0.,0.,-1.));
#11015=DIRECTION($,(0.,-1.,0.));
#11016=DIRECTION($,(0.,0.,-1.));
#11017=DIRECTION('center_axis',(0.,-1.,0.));
#11018=DIRECTION('ref_axis',(0.,0.,-1.));
#11019=DIRECTION($,(-1.,0.,0.));
#11020=DIRECTION('center_axis',(0.,0.,1.));
#11021=DIRECTION('ref_axis',(1.,0.,0.));
#11022=DIRECTION($,(-1.,0.,0.));
#11023=DIRECTION($,(0.,1.,0.));
#11024=DIRECTION($,(1.,0.,0.));
#11025=DIRECTION($,(0.,-1.,0.));
#11026=DIRECTION($,(-1.,0.,0.));
#11027=DIRECTION($,(0.,-1.,0.));
#11028=DIRECTION($,(1.,0.,0.));
#11029=DIRECTION($,(0.,1.,0.));
#11030=DIRECTION('center_axis',(-1.,0.,0.));
#11031=DIRECTION('ref_axis',(0.,0.,1.));
#11032=DIRECTION($,(0.,0.,1.));
#11033=DIRECTION($,(0.,0.,1.));
#11034=DIRECTION('center_axis',(0.,1.,0.));
#11035=DIRECTION('ref_axis',(0.,0.,1.));
#11036=DIRECTION($,(0.,0.,1.));
#11037=DIRECTION('center_axis',(1.,0.,0.));
#11038=DIRECTION('ref_axis',(0.,0.,-1.));
#11039=DIRECTION($,(0.,0.,-1.));
#11040=DIRECTION('center_axis',(0.,-1.,0.));
#11041=DIRECTION('ref_axis',(0.,0.,-1.));
#11042=DIRECTION('center_axis',(0.,-1.,0.));
#11043=DIRECTION('ref_axis',(0.,0.,-1.));
#11044=DIRECTION($,(0.,0.,-1.));
#11045=DIRECTION($,(1.,0.,0.));
#11046=DIRECTION($,(0.,0.,-1.));
#11047=DIRECTION('center_axis',(-1.,0.,0.));
#11048=DIRECTION('ref_axis',(0.,0.,1.));
#11049=DIRECTION($,(0.,0.,-1.));
#11050=DIRECTION($,(0.,-1.,0.));
#11051=DIRECTION('center_axis',(0.,0.,1.));
#11052=DIRECTION('ref_axis',(1.,0.,0.));
#11053=DIRECTION($,(-1.,0.,0.));
#11054=DIRECTION($,(0.,1.,0.));
#11055=DIRECTION('center_axis',(0.,1.,0.));
#11056=DIRECTION('ref_axis',(0.,0.,1.));
#11057=DIRECTION($,(0.,0.,-1.));
#11058=DIRECTION('center_axis',(1.,0.,0.));
#11059=DIRECTION('ref_axis',(0.,0.,-1.));
#11060=DIRECTION('center_axis',(0.,0.,1.));
#11061=DIRECTION('ref_axis',(-0.898794046299167,0.438371146789078,0.));
#11062=DIRECTION($,(0.898794046299167,-0.438371146789077,0.));
#11063=DIRECTION($,(-0.438371146789077,-0.898794046299167,0.));
#11064=DIRECTION($,(-0.898794046299167,0.438371146789077,0.));
#11065=DIRECTION($,(0.438371146789077,0.898794046299167,0.));
#11066=DIRECTION('center_axis',(0.,0.,1.));
#11067=DIRECTION('ref_axis',(-0.898794046299167,0.438371146789078,0.));
#11068=DIRECTION($,(-0.438371146789077,-0.898794046299167,0.));
#11069=DIRECTION($,(0.898794046299167,-0.438371146789077,0.));
#11070=DIRECTION($,(0.438371146789077,0.898794046299167,0.));
#11071=DIRECTION($,(-0.898794046299167,0.438371146789077,0.));
#11072=DIRECTION('center_axis',(-0.438371146789077,-0.898794046299167,0.));
#11073=DIRECTION('ref_axis',(0.,0.,1.));
#11074=DIRECTION($,(0.,0.,-1.));
#11075=DIRECTION($,(0.898794046299167,-0.438371146789077,0.));
#11076=DIRECTION($,(0.,0.,-1.));
#11077=DIRECTION('center_axis',(0.438371146789077,0.898794046299167,0.));
#11078=DIRECTION('ref_axis',(0.,0.,-1.));
#11079=DIRECTION($,(0.,0.,-1.));
#11080=DIRECTION($,(0.,0.,-1.));
#11081=DIRECTION('center_axis',(0.,0.,1.));
#11082=DIRECTION('ref_axis',(-0.898794046299167,0.438371146789078,0.));
#11083=DIRECTION($,(0.438371146789077,0.898794046299167,0.));
#11084=DIRECTION($,(-0.898794046299167,0.438371146789077,0.));
#11085=DIRECTION($,(-0.438371146789077,-0.898794046299167,0.));
#11086=DIRECTION('center_axis',(0.898794046299167,-0.438371146789077,0.));
#11087=DIRECTION('ref_axis',(0.,0.,1.));
#11088=DIRECTION($,(-0.438371146789077,-0.898794046299167,0.));
#11089=DIRECTION($,(0.,0.,-1.));
#11090=DIRECTION($,(0.438371146789077,0.898794046299167,0.));
#11091=DIRECTION($,(0.,0.,-1.));
#11092=DIRECTION('center_axis',(-0.438371146789077,-0.898794046299167,0.));
#11093=DIRECTION('ref_axis',(0.,0.,1.));
#11094=DIRECTION($,(-0.898794046299167,0.438371146789077,0.));
#11095=DIRECTION($,(0.,0.,-1.));
#11096=DIRECTION($,(0.898794046299167,-0.438371146789077,0.));
#11097=DIRECTION('center_axis',(0.,0.,1.));
#11098=DIRECTION('ref_axis',(-0.898794046299167,0.438371146789078,0.));
#11099=DIRECTION($,(-0.438371146789077,-0.898794046299167,0.));
#11100=DIRECTION($,(-0.898794046299167,0.438371146789077,0.));
#11101=DIRECTION('center_axis',(-0.898794046299167,0.438371146789077,0.));
#11102=DIRECTION('ref_axis',(0.,0.,-1.));
#11103=DIRECTION($,(0.438371146789077,0.898794046299167,0.));
#11104=DIRECTION($,(0.,0.,-1.));
#11105=DIRECTION('center_axis',(0.438371146789077,0.898794046299167,0.));
#11106=DIRECTION('ref_axis',(0.,0.,-1.));
#11107=DIRECTION($,(0.898794046299167,-0.438371146789077,0.));
#11108=DIRECTION('center_axis',(0.898794046299167,-0.438371146789077,0.));
#11109=DIRECTION('ref_axis',(0.,0.,1.));
#11110=DIRECTION($,(-0.438371146789077,-0.898794046299167,0.));
#11111=DIRECTION($,(0.,0.,-1.));
#11112=DIRECTION($,(0.438371146789077,0.898794046299167,0.));
#11113=DIRECTION($,(0.,0.,-1.));
#11114=DIRECTION('center_axis',(-0.438371146789077,-0.898794046299167,0.));
#11115=DIRECTION('ref_axis',(0.,0.,1.));
#11116=DIRECTION($,(-0.898794046299167,0.438371146789077,0.));
#11117=DIRECTION($,(0.,0.,-1.));
#11118=DIRECTION($,(0.898794046299167,-0.438371146789077,0.));
#11119=DIRECTION('center_axis',(0.,0.,1.));
#11120=DIRECTION('ref_axis',(-0.898794046299167,0.438371146789078,0.));
#11121=DIRECTION($,(-0.438371146789077,-0.898794046299167,0.));
#11122=DIRECTION($,(-0.898794046299167,0.438371146789077,0.));
#11123=DIRECTION('center_axis',(-0.898794046299167,0.438371146789077,0.));
#11124=DIRECTION('ref_axis',(0.,0.,-1.));
#11125=DIRECTION($,(0.438371146789077,0.898794046299167,0.));
#11126=DIRECTION($,(0.,0.,-1.));
#11127=DIRECTION('center_axis',(0.438371146789077,0.898794046299167,0.));
#11128=DIRECTION('ref_axis',(0.,0.,-1.));
#11129=DIRECTION($,(0.898794046299167,-0.438371146789077,0.));
#11130=DIRECTION('center_axis',(0.898794046299167,-0.438371146789077,0.));
#11131=DIRECTION('ref_axis',(0.,0.,1.));
#11132=DIRECTION($,(-0.438371146789077,-0.898794046299167,0.));
#11133=DIRECTION($,(0.,0.,-1.));
#11134=DIRECTION($,(0.438371146789077,0.898794046299167,0.));
#11135=DIRECTION($,(0.,0.,-1.));
#11136=DIRECTION('center_axis',(-0.438371146789077,-0.898794046299167,0.));
#11137=DIRECTION('ref_axis',(0.,0.,1.));
#11138=DIRECTION($,(-0.898794046299167,0.438371146789077,0.));
#11139=DIRECTION($,(0.,0.,-1.));
#11140=DIRECTION($,(0.898794046299167,-0.438371146789077,0.));
#11141=DIRECTION('center_axis',(0.,0.,1.));
#11142=DIRECTION('ref_axis',(-0.898794046299167,0.438371146789078,0.));
#11143=DIRECTION($,(-0.438371146789077,-0.898794046299167,0.));
#11144=DIRECTION($,(-0.898794046299167,0.438371146789077,0.));
#11145=DIRECTION('center_axis',(-0.898794046299167,0.438371146789077,0.));
#11146=DIRECTION('ref_axis',(0.,0.,-1.));
#11147=DIRECTION($,(0.438371146789077,0.898794046299167,0.));
#11148=DIRECTION($,(0.,0.,-1.));
#11149=DIRECTION('center_axis',(0.438371146789077,0.898794046299167,0.));
#11150=DIRECTION('ref_axis',(0.,0.,-1.));
#11151=DIRECTION($,(0.898794046299167,-0.438371146789077,0.));
#11152=DIRECTION('center_axis',(0.,0.,1.));
#11153=DIRECTION('ref_axis',(-0.898794046299167,0.438371146789077,0.));
#11154=DIRECTION($,(0.898794046299167,-0.438371146789077,0.));
#11155=DIRECTION($,(-0.438371146789077,-0.898794046299167,0.));
#11156=DIRECTION($,(-0.898794046299167,0.438371146789077,0.));
#11157=DIRECTION($,(0.438371146789077,0.898794046299167,0.));
#11158=DIRECTION($,(0.898794046299167,-0.438371146789077,0.));
#11159=DIRECTION($,(0.438371146789077,0.898794046299167,0.));
#11160=DIRECTION($,(-0.898794046299167,0.438371146789077,0.));
#11161=DIRECTION($,(-0.438371146789077,-0.898794046299167,0.));
#11162=DIRECTION('center_axis',(0.898794046299167,-0.438371146789077,0.));
#11163=DIRECTION('ref_axis',(0.,0.,1.));
#11164=DIRECTION($,(0.,0.,1.));
#11165=DIRECTION($,(0.,0.,1.));
#11166=DIRECTION('center_axis',(-0.438371146789077,-0.898794046299167,0.));
#11167=DIRECTION('ref_axis',(0.,0.,1.));
#11168=DIRECTION($,(0.,0.,1.));
#11169=DIRECTION('center_axis',(-0.898794046299167,0.438371146789077,0.));
#11170=DIRECTION('ref_axis',(0.,0.,-1.));
#11171=DIRECTION($,(0.,0.,-1.));
#11172=DIRECTION('center_axis',(0.438371146789077,0.898794046299167,0.));
#11173=DIRECTION('ref_axis',(0.,0.,-1.));
#11174=DIRECTION('center_axis',(0.438371146789077,0.898794046299167,0.));
#11175=DIRECTION('ref_axis',(0.,0.,-1.));
#11176=DIRECTION($,(0.,0.,-1.));
#11177=DIRECTION($,(-0.898794046299167,0.438371146789077,0.));
#11178=DIRECTION($,(0.,0.,-1.));
#11179=DIRECTION('center_axis',(0.898794046299167,-0.438371146789077,0.));
#11180=DIRECTION('ref_axis',(0.,0.,1.));
#11181=DIRECTION($,(0.,0.,-1.));
#11182=DIRECTION($,(0.438371146789077,0.898794046299167,0.));
#11183=DIRECTION('center_axis',(0.,0.,1.));
#11184=DIRECTION('ref_axis',(-0.898794046299167,0.438371146789078,0.));
#11185=DIRECTION($,(0.898794046299167,-0.438371146789077,0.));
#11186=DIRECTION($,(-0.438371146789077,-0.898794046299167,0.));
#11187=DIRECTION('center_axis',(-0.438371146789077,-0.898794046299167,0.));
#11188=DIRECTION('ref_axis',(0.,0.,1.));
#11189=DIRECTION($,(0.,0.,-1.));
#11190=DIRECTION('center_axis',(-0.898794046299167,0.438371146789077,0.));
#11191=DIRECTION('ref_axis',(0.,0.,-1.));
#11192=DIRECTION('center_axis',(0.,0.,1.));
#11193=DIRECTION('ref_axis',(1.,0.,0.));
#11194=DIRECTION($,(-1.,0.,0.));
#11195=DIRECTION($,(0.,1.,0.));
#11196=DIRECTION($,(-1.,0.,0.));
#11197=DIRECTION($,(0.,-1.,0.));
#11198=DIRECTION('center_axis',(0.,1.,0.));
#11199=DIRECTION('ref_axis',(0.,0.,1.));
#11200=DIRECTION($,(0.,0.,-1.));
#11201=DIRECTION($,(-1.,0.,0.));
#11202=DIRECTION($,(0.,0.,1.));
#11203=DIRECTION('center_axis',(1.,0.,0.));
#11204=DIRECTION('ref_axis',(0.,1.,0.));
#11205=DIRECTION($,(0.,0.,1.));
#11206=DIRECTION($,(0.,1.,0.));
#11207=DIRECTION('center_axis',(0.,1.,0.));
#11208=DIRECTION('ref_axis',(-1.,0.,0.));
#11209=DIRECTION($,(0.,0.,1.));
#11210=DIRECTION($,(-1.,0.,0.));
#11211=DIRECTION('center_axis',(-1.,0.,0.));
#11212=DIRECTION('ref_axis',(0.,-1.,0.));
#11213=DIRECTION($,(0.,-1.,0.));
#11214=DIRECTION('center_axis',(0.,0.,1.));
#11215=DIRECTION('ref_axis',(1.,0.,0.));
#11216=DIRECTION('center_axis',(0.,0.,1.));
#11217=DIRECTION('ref_axis',(1.,0.,0.));
#11218=DIRECTION($,(0.,1.,0.));
#11219=DIRECTION($,(-1.,0.,0.));
#11220=DIRECTION($,(0.,-1.,0.));
#11221=DIRECTION($,(1.,0.,0.));
#11222=DIRECTION('center_axis',(0.,0.,1.));
#11223=DIRECTION('ref_axis',(1.,0.,0.));
#11224=DIRECTION($,(0.,-1.,0.));
#11225=DIRECTION($,(-1.,0.,0.));
#11226=DIRECTION($,(0.,1.,0.));
#11227=DIRECTION($,(1.,0.,0.));
#11228=DIRECTION('center_axis',(0.,1.,0.));
#11229=DIRECTION('ref_axis',(0.,0.,1.));
#11230=DIRECTION($,(0.,0.,-1.));
#11231=DIRECTION($,(0.,0.,-1.));
#11232=DIRECTION('center_axis',(1.,0.,0.));
#11233=DIRECTION('ref_axis',(0.,0.,-1.));
#11234=DIRECTION($,(0.,0.,-1.));
#11235=DIRECTION('center_axis',(0.,-1.,0.));
#11236=DIRECTION('ref_axis',(0.,0.,-1.));
#11237=DIRECTION($,(0.,0.,-1.));
#11238=DIRECTION('center_axis',(-1.,0.,0.));
#11239=DIRECTION('ref_axis',(0.,0.,1.));
#11240=DIRECTION('center_axis',(0.,0.,1.));
#11241=DIRECTION('ref_axis',(1.,0.,0.));
#11242=DIRECTION($,(0.,1.,0.));
#11243=DIRECTION($,(-1.,0.,0.));
#11244=DIRECTION($,(0.,-1.,0.));
#11245=DIRECTION($,(1.,0.,0.));
#11246=DIRECTION('center_axis',(0.,0.,1.));
#11247=DIRECTION('ref_axis',(1.,0.,0.));
#11248=DIRECTION($,(0.,-1.,0.));
#11249=DIRECTION($,(-1.,0.,0.));
#11250=DIRECTION($,(0.,1.,0.));
#11251=DIRECTION($,(1.,0.,0.));
#11252=DIRECTION('center_axis',(0.,1.,0.));
#11253=DIRECTION('ref_axis',(0.,0.,1.));
#11254=DIRECTION($,(0.,0.,-1.));
#11255=DIRECTION($,(0.,0.,-1.));
#11256=DIRECTION('center_axis',(1.,0.,0.));
#11257=DIRECTION('ref_axis',(0.,0.,-1.));
#11258=DIRECTION($,(0.,0.,-1.));
#11259=DIRECTION('center_axis',(0.,-1.,0.));
#11260=DIRECTION('ref_axis',(0.,0.,-1.));
#11261=DIRECTION($,(0.,0.,-1.));
#11262=DIRECTION('center_axis',(-1.,0.,0.));
#11263=DIRECTION('ref_axis',(0.,0.,1.));
#11264=DIRECTION('center_axis',(0.,0.,1.));
#11265=DIRECTION('ref_axis',(1.,0.,0.));
#11266=DIRECTION($,(0.,1.,0.));
#11267=DIRECTION($,(-1.,0.,0.));
#11268=DIRECTION($,(0.,-1.,0.));
#11269=DIRECTION($,(1.,0.,0.));
#11270=DIRECTION('center_axis',(0.,0.,1.));
#11271=DIRECTION('ref_axis',(1.,0.,0.));
#11272=DIRECTION($,(0.,-1.,0.));
#11273=DIRECTION($,(-1.,0.,0.));
#11274=DIRECTION($,(0.,1.,0.));
#11275=DIRECTION($,(1.,0.,0.));
#11276=DIRECTION('center_axis',(0.,1.,0.));
#11277=DIRECTION('ref_axis',(0.,0.,1.));
#11278=DIRECTION($,(0.,0.,-1.));
#11279=DIRECTION($,(0.,0.,-1.));
#11280=DIRECTION('center_axis',(1.,0.,0.));
#11281=DIRECTION('ref_axis',(0.,0.,-1.));
#11282=DIRECTION($,(0.,0.,-1.));
#11283=DIRECTION('center_axis',(0.,-1.,0.));
#11284=DIRECTION('ref_axis',(0.,0.,-1.));
#11285=DIRECTION($,(0.,0.,-1.));
#11286=DIRECTION('center_axis',(-1.,0.,0.));
#11287=DIRECTION('ref_axis',(0.,0.,1.));
#11288=DIRECTION('center_axis',(0.,0.,1.));
#11289=DIRECTION('ref_axis',(1.,0.,0.));
#11290=DIRECTION($,(0.,1.,0.));
#11291=DIRECTION($,(-1.,0.,0.));
#11292=DIRECTION($,(0.,-1.,0.));
#11293=DIRECTION($,(1.,0.,0.));
#11294=DIRECTION('center_axis',(0.,0.,1.));
#11295=DIRECTION('ref_axis',(1.,0.,0.));
#11296=DIRECTION($,(0.,-1.,0.));
#11297=DIRECTION($,(-1.,0.,0.));
#11298=DIRECTION($,(0.,1.,0.));
#11299=DIRECTION($,(1.,0.,0.));
#11300=DIRECTION('center_axis',(0.,1.,0.));
#11301=DIRECTION('ref_axis',(0.,0.,1.));
#11302=DIRECTION($,(0.,0.,-1.));
#11303=DIRECTION($,(0.,0.,-1.));
#11304=DIRECTION('center_axis',(1.,0.,0.));
#11305=DIRECTION('ref_axis',(0.,0.,-1.));
#11306=DIRECTION($,(0.,0.,-1.));
#11307=DIRECTION('center_axis',(0.,-1.,0.));
#11308=DIRECTION('ref_axis',(0.,0.,-1.));
#11309=DIRECTION($,(0.,0.,-1.));
#11310=DIRECTION('center_axis',(-1.,0.,0.));
#11311=DIRECTION('ref_axis',(0.,0.,1.));
#11312=DIRECTION('center_axis',(0.,0.,-1.));
#11313=DIRECTION('ref_axis',(1.,0.,0.));
#11314=DIRECTION($,(0.,-1.,0.));
#11315=DIRECTION($,(-1.,0.,0.));
#11316=DIRECTION($,(0.,1.,0.));
#11317=DIRECTION($,(1.,0.,0.));
#11318=DIRECTION('center_axis',(0.,0.,-1.));
#11319=DIRECTION('ref_axis',(1.,0.,0.));
#11320=DIRECTION($,(0.,1.,0.));
#11321=DIRECTION($,(-1.,0.,0.));
#11322=DIRECTION($,(0.,-1.,0.));
#11323=DIRECTION($,(1.,0.,0.));
#11324=DIRECTION('center_axis',(0.,-1.,0.));
#11325=DIRECTION('ref_axis',(0.,0.,-1.));
#11326=DIRECTION($,(0.,0.,1.));
#11327=DIRECTION($,(0.,0.,1.));
#11328=DIRECTION('center_axis',(1.,0.,0.));
#11329=DIRECTION('ref_axis',(0.,0.,1.));
#11330=DIRECTION($,(0.,0.,1.));
#11331=DIRECTION('center_axis',(0.,1.,0.));
#11332=DIRECTION('ref_axis',(0.,0.,1.));
#11333=DIRECTION($,(0.,0.,1.));
#11334=DIRECTION('center_axis',(-1.,0.,0.));
#11335=DIRECTION('ref_axis',(0.,0.,-1.));
#11336=DIRECTION('center_axis',(0.,0.,-1.));
#11337=DIRECTION('ref_axis',(1.,0.,0.));
#11338=DIRECTION($,(0.,-1.,0.));
#11339=DIRECTION($,(-1.,0.,0.));
#11340=DIRECTION($,(0.,1.,0.));
#11341=DIRECTION($,(1.,0.,0.));
#11342=DIRECTION('center_axis',(0.,0.,-1.));
#11343=DIRECTION('ref_axis',(1.,0.,0.));
#11344=DIRECTION($,(0.,1.,0.));
#11345=DIRECTION($,(-1.,0.,0.));
#11346=DIRECTION($,(0.,-1.,0.));
#11347=DIRECTION($,(1.,0.,0.));
#11348=DIRECTION('center_axis',(0.,-1.,0.));
#11349=DIRECTION('ref_axis',(0.,0.,-1.));
#11350=DIRECTION($,(0.,0.,1.));
#11351=DIRECTION($,(0.,0.,1.));
#11352=DIRECTION('center_axis',(1.,0.,0.));
#11353=DIRECTION('ref_axis',(0.,0.,1.));
#11354=DIRECTION($,(0.,0.,1.));
#11355=DIRECTION('center_axis',(0.,1.,0.));
#11356=DIRECTION('ref_axis',(0.,0.,1.));
#11357=DIRECTION($,(0.,0.,1.));
#11358=DIRECTION('center_axis',(-1.,0.,0.));
#11359=DIRECTION('ref_axis',(0.,0.,-1.));
#11360=DIRECTION('center_axis',(0.,0.,-1.));
#11361=DIRECTION('ref_axis',(1.,0.,0.));
#11362=DIRECTION($,(0.,-1.,0.));
#11363=DIRECTION($,(-1.,0.,0.));
#11364=DIRECTION($,(0.,1.,0.));
#11365=DIRECTION($,(1.,0.,0.));
#11366=DIRECTION('center_axis',(0.,0.,-1.));
#11367=DIRECTION('ref_axis',(1.,0.,0.));
#11368=DIRECTION($,(0.,1.,0.));
#11369=DIRECTION($,(-1.,0.,0.));
#11370=DIRECTION($,(0.,-1.,0.));
#11371=DIRECTION($,(1.,0.,0.));
#11372=DIRECTION('center_axis',(0.,-1.,0.));
#11373=DIRECTION('ref_axis',(0.,0.,-1.));
#11374=DIRECTION($,(0.,0.,1.));
#11375=DIRECTION($,(0.,0.,1.));
#11376=DIRECTION('center_axis',(1.,0.,0.));
#11377=DIRECTION('ref_axis',(0.,0.,1.));
#11378=DIRECTION($,(0.,0.,1.));
#11379=DIRECTION('center_axis',(0.,1.,0.));
#11380=DIRECTION('ref_axis',(0.,0.,1.));
#11381=DIRECTION($,(0.,0.,1.));
#11382=DIRECTION('center_axis',(-1.,0.,0.));
#11383=DIRECTION('ref_axis',(0.,0.,-1.));
#11384=DIRECTION('center_axis',(0.,0.,-1.));
#11385=DIRECTION('ref_axis',(1.,0.,0.));
#11386=DIRECTION($,(0.,-1.,0.));
#11387=DIRECTION($,(-1.,0.,0.));
#11388=DIRECTION($,(0.,1.,0.));
#11389=DIRECTION($,(1.,0.,0.));
#11390=DIRECTION('center_axis',(0.,0.,-1.));
#11391=DIRECTION('ref_axis',(1.,0.,0.));
#11392=DIRECTION($,(0.,1.,0.));
#11393=DIRECTION($,(-1.,0.,0.));
#11394=DIRECTION($,(0.,-1.,0.));
#11395=DIRECTION($,(1.,0.,0.));
#11396=DIRECTION('center_axis',(0.,-1.,0.));
#11397=DIRECTION('ref_axis',(0.,0.,-1.));
#11398=DIRECTION($,(0.,0.,1.));
#11399=DIRECTION($,(0.,0.,1.));
#11400=DIRECTION('center_axis',(1.,0.,0.));
#11401=DIRECTION('ref_axis',(0.,0.,1.));
#11402=DIRECTION($,(0.,0.,1.));
#11403=DIRECTION('center_axis',(0.,1.,0.));
#11404=DIRECTION('ref_axis',(0.,0.,1.));
#11405=DIRECTION($,(0.,0.,1.));
#11406=DIRECTION('center_axis',(-1.,0.,0.));
#11407=DIRECTION('ref_axis',(0.,0.,-1.));
#11408=DIRECTION('center_axis',(-2.22044604925031E-016,1.,0.));
#11409=DIRECTION('ref_axis',(0.,0.,1.));
#11410=DIRECTION($,(-1.,-2.22044604925031E-016,0.));
#11411=DIRECTION($,(0.,0.,-1.));
#11412=DIRECTION($,(1.,2.22044604925031E-016,0.));
#11413=DIRECTION($,(0.,0.,-1.));
#11414=DIRECTION('center_axis',(2.22044604925031E-016,-1.,0.));
#11415=DIRECTION('ref_axis',(0.,0.,-1.));
#11416=DIRECTION($,(1.,2.22044604925031E-016,0.));
#11417=DIRECTION($,(0.,0.,-1.));
#11418=DIRECTION($,(-1.,-2.22044604925031E-016,0.));
#11419=DIRECTION($,(0.,0.,-1.));
#11420=DIRECTION('center_axis',(1.,2.22044604925031E-016,0.));
#11421=DIRECTION('ref_axis',(0.,0.,1.));
#11422=DIRECTION($,(-2.22044604925031E-016,1.,0.));
#11423=DIRECTION($,(2.22044604925031E-016,-1.,0.));
#11424=DIRECTION($,(-2.22044604925031E-016,1.,0.));
#11425=DIRECTION($,(0.,0.,-1.));
#11426=DIRECTION($,(2.22044604925031E-016,-1.,-2.22044604925031E-016));
#11427=DIRECTION($,(0.,0.,-1.));
#11428=DIRECTION('center_axis',(4.93038065763132E-032,-2.22044604925031E-016,
1.));
#11429=DIRECTION('ref_axis',(0.,-1.,-2.22044604925031E-016));
#11430=DIRECTION($,(2.22044604925031E-016,-1.,-2.22044604925031E-016));
#11431=DIRECTION($,(1.,2.22044604925031E-016,0.));
#11432=DIRECTION($,(-1.,-2.22044604925031E-016,0.));
#11433=DIRECTION('center_axis',(2.22044604925031E-016,-1.,0.));
#11434=DIRECTION('ref_axis',(0.,0.,-1.));
#11435=DIRECTION($,(1.,2.22044604925031E-016,0.));
#11436=DIRECTION($,(0.,0.,-1.));
#11437=DIRECTION('center_axis',(0.,0.,1.));
#11438=DIRECTION('ref_axis',(0.,-1.,0.));
#11439=DIRECTION($,(-2.22044604925031E-016,1.,0.));
#11440=DIRECTION('center_axis',(-1.,-2.22044604925031E-016,0.));
#11441=DIRECTION('ref_axis',(0.,0.,-1.));
#11442=DIRECTION($,(2.22044604925031E-016,-1.,0.));
#11443=DIRECTION($,(0.,0.,-1.));
#11444=DIRECTION($,(2.22044604925031E-016,-1.,0.));
#11445=DIRECTION('center_axis',(-2.22044604925031E-016,1.,0.));
#11446=DIRECTION('ref_axis',(0.,0.,1.));
#11447=DIRECTION($,(-1.,-2.22044604925031E-016,0.));
#11448=DIRECTION('center_axis',(0.,0.,1.));
#11449=DIRECTION('ref_axis',(1.,0.,0.));
#11450=DIRECTION($,(0.,1.,0.));
#11451=DIRECTION($,(-1.,0.,0.));
#11452=DIRECTION($,(0.,-1.,0.));
#11453=DIRECTION($,(1.,0.,0.));
#11454=DIRECTION('center_axis',(0.,0.,1.));
#11455=DIRECTION('ref_axis',(1.,0.,0.));
#11456=DIRECTION($,(0.,-1.,0.));
#11457=DIRECTION($,(1.,0.,0.));
#11458=DIRECTION($,(0.,1.,0.));
#11459=DIRECTION($,(-1.,0.,0.));
#11460=DIRECTION('center_axis',(0.,1.,0.));
#11461=DIRECTION('ref_axis',(0.,0.,1.));
#11462=DIRECTION($,(0.,0.,-1.));
#11463=DIRECTION($,(0.,0.,1.));
#11464=DIRECTION('center_axis',(1.,0.,0.));
#11465=DIRECTION('ref_axis',(0.,0.,-1.));
#11466=DIRECTION($,(0.,0.,1.));
#11467=DIRECTION('center_axis',(0.,-1.,0.));
#11468=DIRECTION('ref_axis',(0.,0.,-1.));
#11469=DIRECTION($,(0.,0.,-1.));
#11470=DIRECTION('center_axis',(-1.,0.,0.));
#11471=DIRECTION('ref_axis',(0.,0.,1.));
#11472=DIRECTION('center_axis',(0.,0.,1.));
#11473=DIRECTION('ref_axis',(0.999847695156391,0.0174524064372834,0.));
#11474=DIRECTION($,(-0.0174524064372835,0.999847695156391,0.));
#11475=DIRECTION($,(-0.999847695156391,-0.0174524064372835,0.));
#11476=DIRECTION($,(0.0174524064372835,-0.999847695156391,0.));
#11477=DIRECTION($,(0.999847695156391,0.0174524064372835,0.));
#11478=DIRECTION('center_axis',(0.,0.,1.));
#11479=DIRECTION('ref_axis',(0.999847695156391,0.0174524064372834,0.));
#11480=DIRECTION($,(0.0174524064372835,-0.999847695156391,0.));
#11481=DIRECTION($,(-0.999847695156391,-0.0174524064372835,0.));
#11482=DIRECTION($,(0.0174524064372835,-0.999847695156391,0.));
#11483=DIRECTION($,(0.999847695156391,0.0174524064372835,0.));
#11484=DIRECTION('center_axis',(-0.0174524064372835,0.999847695156391,0.));
#11485=DIRECTION('ref_axis',(0.,0.,1.));
#11486=DIRECTION($,(0.,0.,1.));
#11487=DIRECTION($,(0.,0.,-1.));
#11488=DIRECTION('center_axis',(0.999847695156391,0.0174524064372835,0.));
#11489=DIRECTION('ref_axis',(0.,0.,-1.));
#11490=DIRECTION($,(0.,0.,-1.));
#11491=DIRECTION('center_axis',(0.0174524064372835,-0.999847695156391,0.));
#11492=DIRECTION('ref_axis',(0.,0.,-1.));
#11493=DIRECTION($,(0.,0.,-1.));
#11494=DIRECTION('center_axis',(-0.999847695156391,-0.0174524064372835,
0.));
#11495=DIRECTION('ref_axis',(0.,0.,1.));
#11496=DIRECTION('center_axis',(0.,0.,1.));
#11497=DIRECTION('ref_axis',(0.999390827019096,-0.0348994967025009,0.));
#11498=DIRECTION($,(0.034899496702501,0.999390827019096,0.));
#11499=DIRECTION($,(-0.999390827019096,0.034899496702501,0.));
#11500=DIRECTION($,(-0.034899496702501,-0.999390827019096,0.));
#11501=DIRECTION($,(0.999390827019096,-0.034899496702501,0.));
#11502=DIRECTION('center_axis',(0.,0.,1.));
#11503=DIRECTION('ref_axis',(0.999390827019096,-0.0348994967025009,0.));
#11504=DIRECTION($,(-0.034899496702501,-0.999390827019096,0.));
#11505=DIRECTION($,(-0.999390827019096,0.034899496702501,0.));
#11506=DIRECTION($,(-0.034899496702501,-0.999390827019096,0.));
#11507=DIRECTION($,(0.999390827019096,-0.034899496702501,0.));
#11508=DIRECTION('center_axis',(0.034899496702501,0.999390827019096,0.));
#11509=DIRECTION('ref_axis',(0.,0.,1.));
#11510=DIRECTION($,(0.,0.,1.));
#11511=DIRECTION($,(0.,0.,-1.));
#11512=DIRECTION('center_axis',(0.999390827019096,-0.034899496702501,0.));
#11513=DIRECTION('ref_axis',(0.,0.,-1.));
#11514=DIRECTION($,(0.,0.,-1.));
#11515=DIRECTION('center_axis',(-0.034899496702501,-0.999390827019096,0.));
#11516=DIRECTION('ref_axis',(0.,0.,-1.));
#11517=DIRECTION($,(0.,0.,-1.));
#11518=DIRECTION('center_axis',(-0.999390827019096,0.034899496702501,0.));
#11519=DIRECTION('ref_axis',(0.,0.,1.));
#11520=DIRECTION('center_axis',(0.,0.,1.));
#11521=DIRECTION('ref_axis',(0.999847695156391,0.0174524064372834,0.));
#11522=DIRECTION($,(-0.0174524064372835,0.999847695156391,0.));
#11523=DIRECTION($,(-0.999847695156391,-0.0174524064372835,0.));
#11524=DIRECTION($,(0.0174524064372835,-0.999847695156391,0.));
#11525=DIRECTION($,(0.999847695156391,0.0174524064372835,0.));
#11526=DIRECTION('center_axis',(0.,0.,1.));
#11527=DIRECTION('ref_axis',(0.999847695156391,0.0174524064372834,0.));
#11528=DIRECTION($,(0.0174524064372835,-0.999847695156391,0.));
#11529=DIRECTION($,(-0.999847695156391,-0.0174524064372835,0.));
#11530=DIRECTION($,(-0.0174524064372835,0.999847695156391,0.));
#11531=DIRECTION($,(0.999847695156391,0.0174524064372835,0.));
#11532=DIRECTION('center_axis',(-0.0174524064372835,0.999847695156391,0.));
#11533=DIRECTION('ref_axis',(0.,0.,1.));
#11534=DIRECTION($,(0.,0.,-1.));
#11535=DIRECTION($,(0.,0.,-1.));
#11536=DIRECTION('center_axis',(0.999847695156391,0.0174524064372835,0.));
#11537=DIRECTION('ref_axis',(0.,0.,-1.));
#11538=DIRECTION($,(0.,0.,-1.));
#11539=DIRECTION('center_axis',(0.0174524064372835,-0.999847695156391,0.));
#11540=DIRECTION('ref_axis',(0.,0.,-1.));
#11541=DIRECTION($,(0.,0.,-1.));
#11542=DIRECTION('center_axis',(-0.999847695156391,-0.0174524064372835,
0.));
#11543=DIRECTION('ref_axis',(0.,0.,1.));
#11544=DIRECTION('center_axis',(0.,0.,-1.));
#11545=DIRECTION('ref_axis',(0.999847695156391,-0.0174524064372834,0.));
#11546=DIRECTION($,(-0.0174524064372835,-0.999847695156391,0.));
#11547=DIRECTION($,(-0.999847695156391,0.0174524064372835,0.));
#11548=DIRECTION($,(0.0174524064372835,0.999847695156391,0.));
#11549=DIRECTION($,(0.999847695156391,-0.0174524064372835,0.));
#11550=DIRECTION('center_axis',(0.,0.,-1.));
#11551=DIRECTION('ref_axis',(0.999847695156391,-0.0174524064372834,0.));
#11552=DIRECTION($,(0.0174524064372835,0.999847695156391,0.));
#11553=DIRECTION($,(-0.999847695156391,0.0174524064372835,0.));
#11554=DIRECTION($,(-0.0174524064372835,-0.999847695156391,0.));
#11555=DIRECTION($,(0.999847695156391,-0.0174524064372835,0.));
#11556=DIRECTION('center_axis',(-0.0174524064372835,-0.999847695156391,
0.));
#11557=DIRECTION('ref_axis',(0.,0.,-1.));
#11558=DIRECTION($,(0.,0.,1.));
#11559=DIRECTION($,(0.,0.,1.));
#11560=DIRECTION('center_axis',(0.999847695156391,-0.0174524064372835,0.));
#11561=DIRECTION('ref_axis',(0.,0.,1.));
#11562=DIRECTION($,(0.,0.,1.));
#11563=DIRECTION('center_axis',(0.0174524064372835,0.999847695156391,0.));
#11564=DIRECTION('ref_axis',(0.,0.,1.));
#11565=DIRECTION($,(0.,0.,1.));
#11566=DIRECTION('center_axis',(-0.999847695156391,0.0174524064372835,0.));
#11567=DIRECTION('ref_axis',(0.,0.,-1.));
#11568=DIRECTION('center_axis',(0.,0.,-1.));
#11569=DIRECTION('ref_axis',(0.999390827019096,0.0348994967025007,0.));
#11570=DIRECTION($,(0.034899496702501,-0.999390827019096,0.));
#11571=DIRECTION($,(-0.999390827019096,-0.034899496702501,0.));
#11572=DIRECTION($,(-0.034899496702501,0.999390827019096,0.));
#11573=DIRECTION($,(0.999390827019096,0.034899496702501,0.));
#11574=DIRECTION('center_axis',(0.,0.,-1.));
#11575=DIRECTION('ref_axis',(0.999390827019096,0.0348994967025007,0.));
#11576=DIRECTION($,(-0.034899496702501,0.999390827019096,0.));
#11577=DIRECTION($,(-0.999390827019096,-0.034899496702501,0.));
#11578=DIRECTION($,(-0.034899496702501,0.999390827019096,0.));
#11579=DIRECTION($,(0.999390827019096,0.034899496702501,0.));
#11580=DIRECTION('center_axis',(0.034899496702501,-0.999390827019096,0.));
#11581=DIRECTION('ref_axis',(0.,0.,-1.));
#11582=DIRECTION($,(0.,0.,-1.));
#11583=DIRECTION($,(0.,0.,1.));
#11584=DIRECTION('center_axis',(0.999390827019096,0.034899496702501,0.));
#11585=DIRECTION('ref_axis',(0.,0.,1.));
#11586=DIRECTION($,(0.,0.,1.));
#11587=DIRECTION('center_axis',(-0.034899496702501,0.999390827019096,0.));
#11588=DIRECTION('ref_axis',(0.,0.,1.));
#11589=DIRECTION($,(0.,0.,1.));
#11590=DIRECTION('center_axis',(-0.999390827019096,-0.034899496702501,0.));
#11591=DIRECTION('ref_axis',(0.,0.,-1.));
#11592=DIRECTION('center_axis',(0.,0.,1.));
#11593=DIRECTION('ref_axis',(0.999847695156391,0.0174524064372834,0.));
#11594=DIRECTION($,(-0.0174524064372835,0.999847695156391,0.));
#11595=DIRECTION($,(-0.999847695156391,-0.0174524064372835,0.));
#11596=DIRECTION($,(0.0174524064372835,-0.999847695156391,0.));
#11597=DIRECTION($,(0.999847695156391,0.0174524064372835,0.));
#11598=DIRECTION('center_axis',(0.,0.,1.));
#11599=DIRECTION('ref_axis',(0.999847695156391,0.0174524064372834,0.));
#11600=DIRECTION($,(0.0174524064372835,-0.999847695156391,0.));
#11601=DIRECTION($,(-0.999847695156391,-0.0174524064372835,0.));
#11602=DIRECTION($,(0.0174524064372835,-0.999847695156391,0.));
#11603=DIRECTION($,(-0.999847695156391,-0.0174524064372835,0.));
#11604=DIRECTION('center_axis',(-0.0174524064372835,0.999847695156391,0.));
#11605=DIRECTION('ref_axis',(0.,0.,1.));
#11606=DIRECTION($,(0.,0.,1.));
#11607=DIRECTION($,(0.,0.,-1.));
#11608=DIRECTION('center_axis',(0.999847695156391,0.0174524064372835,0.));
#11609=DIRECTION('ref_axis',(0.,0.,-1.));
#11610=DIRECTION($,(0.,0.,1.));
#11611=DIRECTION('center_axis',(0.0174524064372835,-0.999847695156391,0.));
#11612=DIRECTION('ref_axis',(0.,0.,-1.));
#11613=DIRECTION($,(0.,0.,-1.));
#11614=DIRECTION('center_axis',(-0.999847695156391,-0.0174524064372835,
0.));
#11615=DIRECTION('ref_axis',(0.,0.,1.));
#11616=DIRECTION('center_axis',(1.,0.,0.));
#11617=DIRECTION('ref_axis',(0.,1.,-2.22044604925031E-016));
#11618=DIRECTION($,(0.,0.,1.));
#11619=DIRECTION($,(0.,1.,-2.22044604925031E-016));
#11620=DIRECTION($,(0.,0.,-1.));
#11621=DIRECTION($,(0.,1.,-2.22044604925031E-016));
#11622=DIRECTION('center_axis',(-1.,0.,0.));
#11623=DIRECTION('ref_axis',(0.,-1.,2.22044604925031E-016));
#11624=DIRECTION($,(0.,0.,-1.));
#11625=DIRECTION($,(0.,1.,-2.22044604925031E-016));
#11626=DIRECTION($,(0.,0.,1.));
#11627=DIRECTION($,(0.,1.,-2.22044604925031E-016));
#11628=DIRECTION('center_axis',(0.,1.,0.));
#11629=DIRECTION('ref_axis',(0.,0.,1.));
#11630=DIRECTION($,(-1.,0.,-2.22044604925031E-016));
#11631=DIRECTION($,(0.,0.,-1.));
#11632=DIRECTION($,(1.,0.,0.));
#11633=DIRECTION($,(0.,0.,-1.));
#11634=DIRECTION($,(-1.,0.,0.));
#11635=DIRECTION($,(0.,0.,-1.));
#11636=DIRECTION($,(-1.,0.,-2.22044604925031E-016));
#11637=DIRECTION('center_axis',(0.,1.,0.));
#11638=DIRECTION('ref_axis',(0.,0.,1.));
#11639=DIRECTION($,(-1.,0.,-2.22044604925031E-016));
#11640=DIRECTION($,(0.,0.,-1.));
#11641=DIRECTION($,(-1.,0.,0.));
#11642=DIRECTION($,(0.,0.,-1.));
#11643=DIRECTION($,(1.,0.,0.));
#11644=DIRECTION($,(0.,0.,-1.));
#11645=DIRECTION($,(-1.,0.,-2.22044604925031E-016));
#11646=DIRECTION('center_axis',(0.,-1.,0.));
#11647=DIRECTION('ref_axis',(0.,0.,-1.));
#11648=DIRECTION($,(-1.,0.,-2.22044604925031E-016));
#11649=DIRECTION($,(0.,0.,-1.));
#11650=DIRECTION($,(-1.,0.,0.));
#11651=DIRECTION($,(0.,0.,-1.));
#11652=DIRECTION($,(1.,0.,0.));
#11653=DIRECTION($,(0.,0.,-1.));
#11654=DIRECTION($,(-1.,0.,-2.22044604925031E-016));
#11655=DIRECTION('center_axis',(0.,-1.,0.));
#11656=DIRECTION('ref_axis',(0.,0.,-1.));
#11657=DIRECTION($,(-1.,0.,-2.22044604925031E-016));
#11658=DIRECTION($,(0.,0.,-1.));
#11659=DIRECTION($,(1.,0.,0.));
#11660=DIRECTION($,(0.,0.,-1.));
#11661=DIRECTION($,(-1.,0.,0.));
#11662=DIRECTION($,(0.,0.,-1.));
#11663=DIRECTION($,(-1.,0.,-2.22044604925031E-016));
#11664=DIRECTION('center_axis',(2.22044604925031E-016,0.,-1.));
#11665=DIRECTION('ref_axis',(-1.,0.,-2.22044604925031E-016));
#11666=DIRECTION($,(0.,-1.,0.));
#11667=DIRECTION($,(-1.,0.,-2.22044604925031E-016));
#11668=DIRECTION($,(0.,1.,0.));
#11669=DIRECTION($,(0.,1.,0.));
#11670=DIRECTION($,(-1.,0.,-2.22044604925031E-016));
#11671=DIRECTION($,(0.,1.,0.));
#11672=DIRECTION('center_axis',(-2.22044604925031E-016,0.,1.));
#11673=DIRECTION('ref_axis',(1.,0.,2.22044604925031E-016));
#11674=DIRECTION($,(0.,-1.,0.));
#11675=DIRECTION($,(-1.,0.,-2.22044604925031E-016));
#11676=DIRECTION($,(0.,1.,0.));
#11677=DIRECTION($,(0.,-1.,0.));
#11678=DIRECTION($,(-1.,0.,-2.22044604925031E-016));
#11679=DIRECTION($,(0.,-1.,0.));
#11680=DIRECTION('center_axis',(0.,-1.,0.));
#11681=DIRECTION('ref_axis',(0.,0.,-1.));
#11682=DIRECTION($,(0.,0.,-1.));
#11683=DIRECTION($,(1.,0.,0.));
#11684=DIRECTION($,(0.,0.,-1.));
#11685=DIRECTION($,(-1.,0.,0.));
#11686=DIRECTION($,(0.,0.,-1.));
#11687=DIRECTION($,(0.,0.,-1.));
#11688=DIRECTION($,(-1.,0.,0.));
#11689=DIRECTION($,(0.,0.,-1.));
#11690=DIRECTION($,(1.,0.,0.));
#11691=DIRECTION($,(0.,0.,-1.));
#11692=DIRECTION('center_axis',(-1.,0.,0.));
#11693=DIRECTION('ref_axis',(0.,0.,1.));
#11694=DIRECTION($,(0.,-1.,0.));
#11695=DIRECTION('center_axis',(1.,0.,0.));
#11696=DIRECTION('ref_axis',(0.,0.,-1.));
#11697=DIRECTION($,(0.,-1.,0.));
#11698=DIRECTION('center_axis',(0.,0.,1.));
#11699=DIRECTION('ref_axis',(1.,0.,0.));
#11700=DIRECTION($,(0.,1.,0.));
#11701=DIRECTION($,(0.,-1.,0.));
#11702=DIRECTION($,(1.,0.,0.));
#11703=DIRECTION($,(0.,-1.,0.));
#11704=DIRECTION($,(1.,0.,0.));
#11705=DIRECTION($,(0.,1.,0.));
#11706=DIRECTION($,(0.,1.,0.));
#11707=DIRECTION($,(0.,1.,0.));
#11708=DIRECTION($,(0.,-1.,0.));
#11709=DIRECTION($,(0.,1.,0.));
#11710=DIRECTION($,(1.,0.,0.));
#11711=DIRECTION($,(0.,-1.,0.));
#11712=DIRECTION($,(-1.,0.,0.));
#11713=DIRECTION('center_axis',(0.,1.,0.));
#11714=DIRECTION('ref_axis',(-1.,0.,0.));
#11715=DIRECTION($,(0.,0.,1.));
#11716=DIRECTION($,(-1.,0.,0.));
#11717=DIRECTION($,(0.,0.,1.));
#11718=DIRECTION('center_axis',(1.,0.,0.));
#11719=DIRECTION('ref_axis',(0.,1.,0.));
#11720=DIRECTION($,(0.,1.,0.));
#11721=DIRECTION($,(0.,0.,1.));
#11722=DIRECTION('center_axis',(0.,-1.,0.));
#11723=DIRECTION('ref_axis',(1.,0.,0.));
#11724=DIRECTION($,(1.,0.,0.));
#11725=DIRECTION($,(0.,0.,1.));
#11726=DIRECTION('center_axis',(-1.,0.,0.));
#11727=DIRECTION('ref_axis',(0.,-1.,0.));
#11728=DIRECTION($,(0.,-1.,0.));
#11729=DIRECTION('center_axis',(0.,0.,1.));
#11730=DIRECTION('ref_axis',(1.,0.,0.));
#11731=DIRECTION('center_axis',(0.,0.,1.));
#11732=DIRECTION('ref_axis',(1.,0.,0.));
#11733=DIRECTION($,(0.,1.,0.));
#11734=DIRECTION('center_axis',(1.,0.,0.));
#11735=DIRECTION('ref_axis',(0.,0.,-1.));
#11736=DIRECTION('center_axis',(-1.,0.,0.));
#11737=DIRECTION('ref_axis',(0.,0.,1.));
#11738=DIRECTION('center_axis',(0.,0.,1.));
#11739=DIRECTION('ref_axis',(1.,0.,0.));
#11740=DIRECTION($,(0.,-1.,0.));
#11741=DIRECTION($,(0.,1.,0.));
#11742=DIRECTION('center_axis',(1.,0.,0.));
#11743=DIRECTION('ref_axis',(0.,0.,-1.));
#11744=DIRECTION('center_axis',(-1.,0.,0.));
#11745=DIRECTION('ref_axis',(0.,0.,1.));
#11746=DIRECTION('center_axis',(1.,0.,0.));
#11747=DIRECTION('ref_axis',(0.,0.,-1.));
#11748=DIRECTION($,(0.,0.,-1.));
#11749=DIRECTION('center_axis',(0.,0.,1.));
#11750=DIRECTION('ref_axis',(1.,0.,0.));
#11751=DIRECTION($,(0.,-1.,0.));
#11752=DIRECTION($,(-1.,0.,0.));
#11753=DIRECTION($,(0.,1.,0.));
#11754=DIRECTION('center_axis',(1.,0.,0.));
#11755=DIRECTION('ref_axis',(0.,0.,-1.));
#11756=DIRECTION($,(0.,0.,-1.));
#11757=DIRECTION('center_axis',(-1.,0.,0.));
#11758=DIRECTION('ref_axis',(0.,0.,1.));
#11759=DIRECTION($,(0.,0.,-1.));
#11760=DIRECTION('center_axis',(0.,1.,0.));
#11761=DIRECTION('ref_axis',(0.,0.,1.));
#11762=DIRECTION($,(0.,0.,-1.));
#11763=DIRECTION($,(0.,0.,-1.));
#11764=DIRECTION($,(-1.,0.,0.));
#11765=DIRECTION($,(0.,0.,-1.));
#11766=DIRECTION('center_axis',(-1.,0.,0.));
#11767=DIRECTION('ref_axis',(0.,0.,1.));
#11768=DIRECTION($,(0.,-1.,0.));
#11769=DIRECTION('center_axis',(0.,0.,1.));
#11770=DIRECTION('ref_axis',(1.,0.,0.));
#11771=DIRECTION($,(0.,1.,0.));
#11772=DIRECTION('center_axis',(1.,0.,0.));
#11773=DIRECTION('ref_axis',(0.,0.,-1.));
#11774=DIRECTION('center_axis',(-1.,0.,0.));
#11775=DIRECTION('ref_axis',(0.,0.,1.));
#11776=DIRECTION('center_axis',(1.,0.,0.));
#11777=DIRECTION('ref_axis',(0.,0.,-1.));
#11778=DIRECTION($,(0.,0.,-1.));
#11779=DIRECTION($,(0.,1.,-2.22044604925031E-016));
#11780=DIRECTION($,(0.,0.,-1.));
#11781=DIRECTION($,(0.,1.,-2.22044604925031E-016));
#11782=DIRECTION($,(0.,1.,-2.22044604925031E-016));
#11783=DIRECTION($,(0.,0.,-1.));
#11784=DIRECTION($,(0.,1.,-2.22044604925031E-016));
#11785=DIRECTION($,(0.,0.,-1.));
#11786=DIRECTION($,(0.,0.,1.));
#11787=DIRECTION($,(0.,1.,0.));
#11788=DIRECTION($,(0.,0.,-1.));
#11789=DIRECTION($,(0.,1.,-2.22044604925031E-016));
#11790=DIRECTION($,(0.,0.,1.));
#11791=DIRECTION($,(0.,1.,0.));
#11792=DIRECTION($,(0.,0.,-1.));
#11793=DIRECTION($,(0.,-1.,0.));
#11794=DIRECTION($,(0.,0.,1.));
#11795=DIRECTION($,(0.,1.,-2.22044604925031E-016));
#11796=DIRECTION($,(0.,0.,-1.));
#11797=DIRECTION($,(0.,-1.,0.));
#11798=DIRECTION('center_axis',(1.,0.,0.));
#11799=DIRECTION('ref_axis',(0.,0.,-1.));
#11800=DIRECTION($,(0.,1.,-2.22044604925031E-016));
#11801=DIRECTION($,(0.,0.,-1.));
#11802=DIRECTION($,(0.,1.,-2.22044604925031E-016));
#11803=DIRECTION($,(0.,0.,-1.));
#11804=DIRECTION($,(0.,0.,-1.));
#11805=DIRECTION($,(0.,1.,-2.22044604925031E-016));
#11806=DIRECTION($,(0.,0.,-1.));
#11807=DIRECTION($,(0.,1.,-2.22044604925031E-016));
#11808=DIRECTION($,(0.,0.,-1.));
#11809=DIRECTION($,(0.,1.,0.));
#11810=DIRECTION($,(0.,0.,-1.));
#11811=DIRECTION($,(0.,1.,-2.22044604925031E-016));
#11812=DIRECTION($,(0.,0.,-1.));
#11813=DIRECTION($,(0.,1.,0.));
#11814=DIRECTION($,(0.,0.,1.));
#11815=DIRECTION($,(0.,-1.,0.));
#11816=DIRECTION($,(0.,0.,-1.));
#11817=DIRECTION($,(0.,1.,-2.22044604925031E-016));
#11818=DIRECTION($,(0.,0.,-1.));
#11819=DIRECTION($,(0.,-1.,0.));
#11820=DIRECTION('center_axis',(-1.,0.,0.));
#11821=DIRECTION('ref_axis',(0.,0.,1.));
#11822=DIRECTION($,(0.,0.,1.));
#11823=DIRECTION($,(0.,1.,0.));
#11824=DIRECTION($,(0.,0.,-1.));
#11825=DIRECTION($,(0.,1.,-2.22044604925031E-016));
#11826=DIRECTION($,(0.,0.,-1.));
#11827=DIRECTION($,(0.,-1.,0.));
#11828=DIRECTION($,(0.,0.,-1.));
#11829=DIRECTION($,(0.,1.,0.));
#11830=DIRECTION($,(0.,0.,-1.));
#11831=DIRECTION($,(0.,1.,-2.22044604925031E-016));
#11832=DIRECTION($,(0.,0.,-1.));
#11833=DIRECTION($,(0.,-1.,0.));
#11834=DIRECTION($,(0.,0.,-1.));
#11835=DIRECTION($,(0.,1.,-2.22044604925031E-016));
#11836=DIRECTION($,(0.,0.,-1.));
#11837=DIRECTION($,(0.,1.,-2.22044604925031E-016));
#11838=DIRECTION($,(0.,1.,-2.22044604925031E-016));
#11839=DIRECTION($,(0.,0.,-1.));
#11840=DIRECTION($,(0.,1.,-2.22044604925031E-016));
#11841=DIRECTION($,(0.,0.,-1.));
#11842=DIRECTION('center_axis',(-1.,0.,0.));
#11843=DIRECTION('ref_axis',(0.,0.,1.));
#11844=DIRECTION($,(0.,0.,1.));
#11845=DIRECTION($,(0.,1.,0.));
#11846=DIRECTION($,(0.,0.,1.));
#11847=DIRECTION($,(0.,1.,-2.22044604925031E-016));
#11848=DIRECTION($,(0.,0.,-1.));
#11849=DIRECTION($,(0.,1.,0.));
#11850=DIRECTION($,(0.,0.,1.));
#11851=DIRECTION($,(0.,-1.,0.));
#11852=DIRECTION($,(0.,0.,-1.));
#11853=DIRECTION($,(0.,1.,-2.22044604925031E-016));
#11854=DIRECTION($,(0.,0.,1.));
#11855=DIRECTION($,(0.,-1.,0.));
#11856=DIRECTION($,(0.,1.,-2.22044604925031E-016));
#11857=DIRECTION($,(0.,0.,-1.));
#11858=DIRECTION($,(0.,1.,-2.22044604925031E-016));
#11859=DIRECTION($,(0.,0.,-1.));
#11860=DIRECTION($,(0.,0.,-1.));
#11861=DIRECTION($,(0.,1.,-2.22044604925031E-016));
#11862=DIRECTION($,(0.,0.,-1.));
#11863=DIRECTION($,(0.,1.,-2.22044604925031E-016));
#11864=DIRECTION('center_axis',(0.,1.,0.));
#11865=DIRECTION('ref_axis',(0.,0.,1.));
#11866=DIRECTION($,(1.,0.,0.));
#11867=DIRECTION($,(-1.,0.,0.));
#11868=DIRECTION('center_axis',(0.,1.,0.));
#11869=DIRECTION('ref_axis',(0.,0.,1.));
#11870=DIRECTION($,(-1.,0.,0.));
#11871=DIRECTION($,(1.,0.,0.));
#11872=DIRECTION('center_axis',(0.,-2.22044604925031E-016,-1.));
#11873=DIRECTION('ref_axis',(0.,1.,-2.22044604925031E-016));
#11874=DIRECTION($,(-1.,0.,0.));
#11875=DIRECTION($,(-1.,0.,0.));
#11876=DIRECTION('center_axis',(0.,2.22044604925031E-016,1.));
#11877=DIRECTION('ref_axis',(0.,-1.,2.22044604925031E-016));
#11878=DIRECTION($,(1.,0.,0.));
#11879=DIRECTION('center_axis',(0.,2.22044604925031E-016,1.));
#11880=DIRECTION('ref_axis',(0.,-1.,2.22044604925031E-016));
#11881=DIRECTION($,(1.,0.,0.));
#11882=DIRECTION($,(1.,0.,0.));
#11883=DIRECTION('center_axis',(0.,-2.22044604925031E-016,-1.));
#11884=DIRECTION('ref_axis',(0.,1.,-2.22044604925031E-016));
#11885=DIRECTION($,(-1.,0.,0.));
#11886=DIRECTION('center_axis',(-2.22044604925031E-016,0.,-1.));
#11887=DIRECTION('ref_axis',(-1.,0.,2.22044604925031E-016));
#11888=DIRECTION($,(1.,0.,-2.22044604925031E-016));
#11889=DIRECTION($,(1.,0.,-2.22044604925031E-016));
#11890=DIRECTION('center_axis',(0.,2.22044604925031E-016,1.));
#11891=DIRECTION('ref_axis',(0.,-1.,2.22044604925031E-016));
#11892=DIRECTION($,(1.,0.,0.));
#11893=DIRECTION('center_axis',(0.,-1.,0.));
#11894=DIRECTION('ref_axis',(0.,0.,-1.));
#11895=DIRECTION($,(-1.,0.,0.));
#11896=DIRECTION('center_axis',(0.,1.,0.));
#11897=DIRECTION('ref_axis',(0.,0.,1.));
#11898=DIRECTION($,(1.,0.,-2.22044604925031E-016));
#11899=DIRECTION($,(1.,0.,-2.22044604925031E-016));
#11900=DIRECTION($,(1.,0.,-2.22044604925031E-016));
#11901=DIRECTION($,(1.,0.,-2.22044604925031E-016));
#11902=DIRECTION('center_axis',(0.,2.22044604925031E-016,1.));
#11903=DIRECTION('ref_axis',(0.,-1.,2.22044604925031E-016));
#11904=DIRECTION($,(1.,0.,0.));
#11905=DIRECTION($,(-1.,0.,0.));
#11906=DIRECTION('center_axis',(0.,-2.22044604925031E-016,-1.));
#11907=DIRECTION('ref_axis',(0.,1.,-2.22044604925031E-016));
#11908=DIRECTION($,(-1.,0.,0.));
#11909=DIRECTION($,(1.,0.,0.));
#11910=DIRECTION('center_axis',(0.,1.,0.));
#11911=DIRECTION('ref_axis',(0.,0.,1.));
#11912=DIRECTION($,(-1.,0.,0.));
#11913=DIRECTION('center_axis',(0.,-2.22044604925031E-016,-1.));
#11914=DIRECTION('ref_axis',(0.,1.,-2.22044604925031E-016));
#11915=DIRECTION($,(-1.,0.,0.));
#11916=DIRECTION($,(1.,0.,0.));
#11917=DIRECTION('center_axis',(0.,2.22044604925031E-016,1.));
#11918=DIRECTION('ref_axis',(0.,-1.,2.22044604925031E-016));
#11919=DIRECTION($,(1.,0.,0.));
#11920=DIRECTION($,(-1.,0.,0.));
#11921=DIRECTION('center_axis',(0.,-1.,0.));
#11922=DIRECTION('ref_axis',(0.,0.,-1.));
#11923=DIRECTION($,(-1.,0.,0.));
#11924=DIRECTION('center_axis',(0.,-1.,0.));
#11925=DIRECTION('ref_axis',(0.,0.,-1.));
#11926=DIRECTION('center_axis',(0.,-1.,0.));
#11927=DIRECTION('ref_axis',(0.,0.,-1.));
#11928=DIRECTION($,(1.,0.,0.));
#11929=DIRECTION('center_axis',(2.22044604925031E-016,0.,1.));
#11930=DIRECTION('ref_axis',(1.,0.,-2.22044604925031E-016));
#11931=DIRECTION($,(1.,0.,-2.22044604925031E-016));
#11932=DIRECTION($,(1.,0.,-2.22044604925031E-016));
#11933=DIRECTION('center_axis',(0.,1.,0.));
#11934=DIRECTION('ref_axis',(0.,0.,1.));
#11935=DIRECTION($,(1.,0.,0.));
#11936=DIRECTION('center_axis',(2.22044604925031E-016,0.,1.));
#11937=DIRECTION('ref_axis',(1.,0.,-2.22044604925031E-016));
#11938=DIRECTION($,(1.,0.,-2.22044604925031E-016));
#11939=DIRECTION('center_axis',(-2.22044604925031E-016,0.,-1.));
#11940=DIRECTION('ref_axis',(-1.,0.,2.22044604925031E-016));
#11941=DIRECTION($,(1.,0.,-2.22044604925031E-016));
#11942=DIRECTION('center_axis',(0.,-2.22044604925031E-016,-1.));
#11943=DIRECTION('ref_axis',(0.,1.,-2.22044604925031E-016));
#11944=DIRECTION('center_axis',(0.,2.22044604925031E-016,1.));
#11945=DIRECTION('ref_axis',(0.,-1.,2.22044604925031E-016));
#11946=DIRECTION('center_axis',(0.,0.,1.));
#11947=DIRECTION('ref_axis',(1.,0.,0.));
#11948=DIRECTION($,(-1.,0.,0.));
#11949=DIRECTION('center_axis',(0.,-2.22044604925031E-016,-1.));
#11950=DIRECTION('ref_axis',(0.,1.,-2.22044604925031E-016));
#11951=DIRECTION('center_axis',(0.,-1.,0.));
#11952=DIRECTION('ref_axis',(0.,0.,-1.));
#11953=DIRECTION('center_axis',(0.,1.,0.));
#11954=DIRECTION('ref_axis',(0.,0.,1.));
#11955=DIRECTION($,(1.,0.,-2.22044604925031E-016));
#11956=DIRECTION('center_axis',(0.,0.,1.));
#11957=DIRECTION('ref_axis',(1.,0.,0.));
#11958=DIRECTION($,(1.,0.,-2.22044604925031E-016));
#11959=DIRECTION('center_axis',(0.,1.,0.));
#11960=DIRECTION('ref_axis',(0.,0.,1.));
#11961=DIRECTION($,(1.,0.,-2.22044604925031E-016));
#11962=DIRECTION('center_axis',(0.,0.,1.));
#11963=DIRECTION('ref_axis',(1.,0.,0.));
#11964=DIRECTION($,(-1.,0.,0.));
#11965=DIRECTION('center_axis',(0.,-1.,0.));
#11966=DIRECTION('ref_axis',(0.,0.,-1.));
#11967=DIRECTION($,(1.,0.,-2.22044604925031E-016));
#11968=DIRECTION('center_axis',(0.,0.,1.));
#11969=DIRECTION('ref_axis',(1.,0.,0.));
#11970=DIRECTION('center_axis',(0.,-1.,0.));
#11971=DIRECTION('ref_axis',(0.,0.,-1.));
#11972=DIRECTION('center_axis',(-2.22044604925031E-016,1.,0.));
#11973=DIRECTION('ref_axis',(0.,0.,1.));
#11974=DIRECTION($,(-1.,-2.22044604925031E-016,0.));
#11975=DIRECTION($,(0.,0.,-1.));
#11976=DIRECTION($,(1.,2.22044604925031E-016,0.));
#11977=DIRECTION($,(0.,0.,-1.));
#11978=DIRECTION('center_axis',(2.22044604925031E-016,-1.,0.));
#11979=DIRECTION('ref_axis',(0.,0.,-1.));
#11980=DIRECTION($,(1.,2.22044604925031E-016,0.));
#11981=DIRECTION($,(0.,0.,-1.));
#11982=DIRECTION($,(-1.,-2.22044604925031E-016,0.));
#11983=DIRECTION($,(0.,0.,-1.));
#11984=DIRECTION('center_axis',(1.,2.22044604925031E-016,0.));
#11985=DIRECTION('ref_axis',(0.,0.,1.));
#11986=DIRECTION($,(-2.22044604925031E-016,1.,0.));
#11987=DIRECTION($,(2.22044604925031E-016,-1.,0.));
#11988=DIRECTION($,(-2.22044604925031E-016,1.,0.));
#11989=DIRECTION($,(0.,0.,-1.));
#11990=DIRECTION($,(2.22044604925031E-016,-1.,-2.22044604925031E-016));
#11991=DIRECTION($,(0.,0.,-1.));
#11992=DIRECTION('center_axis',(4.93038065763132E-032,-2.22044604925031E-016,
1.));
#11993=DIRECTION('ref_axis',(0.,-1.,-2.22044604925031E-016));
#11994=DIRECTION($,(2.22044604925031E-016,-1.,-2.22044604925031E-016));
#11995=DIRECTION($,(1.,2.22044604925031E-016,0.));
#11996=DIRECTION($,(-1.,-2.22044604925031E-016,0.));
#11997=DIRECTION('center_axis',(2.22044604925031E-016,-1.,0.));
#11998=DIRECTION('ref_axis',(0.,0.,-1.));
#11999=DIRECTION($,(1.,2.22044604925031E-016,0.));
#12000=DIRECTION($,(0.,0.,-1.));
#12001=DIRECTION('center_axis',(0.,0.,1.));
#12002=DIRECTION('ref_axis',(0.,-1.,0.));
#12003=DIRECTION($,(-2.22044604925031E-016,1.,0.));
#12004=DIRECTION('center_axis',(-1.,-2.22044604925031E-016,0.));
#12005=DIRECTION('ref_axis',(0.,0.,-1.));
#12006=DIRECTION($,(2.22044604925031E-016,-1.,0.));
#12007=DIRECTION($,(0.,0.,-1.));
#12008=DIRECTION($,(2.22044604925031E-016,-1.,0.));
#12009=DIRECTION('center_axis',(-2.22044604925031E-016,1.,0.));
#12010=DIRECTION('ref_axis',(0.,0.,1.));
#12011=DIRECTION($,(-1.,-2.22044604925031E-016,0.));
#12012=DIRECTION('center_axis',(0.,0.,1.));
#12013=DIRECTION('ref_axis',(1.,0.,0.));
#12014=DIRECTION($,(0.,1.,0.));
#12015=DIRECTION($,(-1.,0.,0.));
#12016=DIRECTION($,(0.,-1.,0.));
#12017=DIRECTION($,(1.,0.,0.));
#12018=DIRECTION('center_axis',(0.,0.,1.));
#12019=DIRECTION('ref_axis',(1.,0.,0.));
#12020=DIRECTION($,(0.,-1.,0.));
#12021=DIRECTION($,(1.,0.,0.));
#12022=DIRECTION($,(0.,1.,0.));
#12023=DIRECTION($,(-1.,0.,0.));
#12024=DIRECTION('center_axis',(0.,1.,0.));
#12025=DIRECTION('ref_axis',(0.,0.,1.));
#12026=DIRECTION($,(0.,0.,-1.));
#12027=DIRECTION($,(0.,0.,1.));
#12028=DIRECTION('center_axis',(1.,0.,0.));
#12029=DIRECTION('ref_axis',(0.,0.,-1.));
#12030=DIRECTION($,(0.,0.,1.));
#12031=DIRECTION('center_axis',(0.,-1.,0.));
#12032=DIRECTION('ref_axis',(0.,0.,-1.));
#12033=DIRECTION($,(0.,0.,-1.));
#12034=DIRECTION('center_axis',(-1.,0.,0.));
#12035=DIRECTION('ref_axis',(0.,0.,1.));
#12036=DIRECTION('center_axis',(0.,0.,1.));
#12037=DIRECTION('ref_axis',(1.,0.,0.));
#12038=DIRECTION($,(-1.,0.,0.));
#12039=DIRECTION($,(0.,-1.,0.));
#12040=DIRECTION($,(1.,0.,0.));
#12041=DIRECTION($,(0.,1.,0.));
#12042=DIRECTION($,(1.,0.,0.));
#12043=DIRECTION($,(0.,1.,0.));
#12044=DIRECTION($,(-1.,0.,0.));
#12045=DIRECTION($,(0.,-1.,0.));
#12046=DIRECTION($,(1.,0.,0.));
#12047=DIRECTION($,(0.,1.,0.));
#12048=DIRECTION($,(-1.,0.,0.));
#12049=DIRECTION($,(0.,-1.,0.));
#12050=DIRECTION($,(1.,0.,0.));
#12051=DIRECTION($,(0.,1.,0.));
#12052=DIRECTION($,(-1.,0.,0.));
#12053=DIRECTION($,(0.,-1.,0.));
#12054=DIRECTION($,(-1.,0.,0.));
#12055=DIRECTION($,(0.,1.,0.));
#12056=DIRECTION($,(1.,0.,0.));
#12057=DIRECTION($,(0.,-1.,0.));
#12058=DIRECTION('center_axis',(1.,0.,0.));
#12059=DIRECTION('ref_axis',(0.,1.,0.));
#12060=DIRECTION($,(0.,0.,1.));
#12061=DIRECTION($,(0.,1.,0.));
#12062=DIRECTION($,(0.,0.,1.));
#12063=DIRECTION('center_axis',(0.,-1.,0.));
#12064=DIRECTION('ref_axis',(1.,0.,0.));
#12065=DIRECTION($,(1.,0.,0.));
#12066=DIRECTION($,(0.,0.,1.));
#12067=DIRECTION('center_axis',(-1.,0.,0.));
#12068=DIRECTION('ref_axis',(0.,-1.,0.));
#12069=DIRECTION($,(0.,-1.,0.));
#12070=DIRECTION($,(0.,0.,1.));
#12071=DIRECTION('center_axis',(0.,1.,0.));
#12072=DIRECTION('ref_axis',(-1.,0.,0.));
#12073=DIRECTION($,(-1.,0.,0.));
#12074=DIRECTION('center_axis',(0.,0.,1.));
#12075=DIRECTION('ref_axis',(1.,0.,0.));
#12076=DIRECTION('center_axis',(0.,-1.,0.));
#12077=DIRECTION('ref_axis',(1.,0.,-2.22044604925031E-016));
#12078=DIRECTION($,(0.,0.,-1.));
#12079=DIRECTION($,(0.,0.,1.));
#12080=DIRECTION($,(-1.,0.,2.22044604925031E-016));
#12081=DIRECTION($,(0.,0.,-1.));
#12082=DIRECTION($,(-1.,0.,2.22044604925031E-016));
#12083=DIRECTION($,(0.,0.,1.));
#12084=DIRECTION($,(1.,0.,0.));
#12085=DIRECTION('center_axis',(0.,1.,0.));
#12086=DIRECTION('ref_axis',(0.,0.,1.));
#12087=DIRECTION($,(0.,0.,1.));
#12088=DIRECTION($,(-1.,0.,0.));
#12089=DIRECTION($,(0.,0.,1.));
#12090=DIRECTION($,(-1.,0.,2.22044604925031E-016));
#12091=DIRECTION($,(0.,0.,1.));
#12092=DIRECTION($,(-1.,0.,2.22044604925031E-016));
#12093=DIRECTION($,(0.,0.,1.));
#12094=DIRECTION('center_axis',(1.,0.,0.));
#12095=DIRECTION('ref_axis',(0.,0.,1.));
#12096=DIRECTION($,(0.,1.,0.));
#12097=DIRECTION($,(0.,0.,1.));
#12098=DIRECTION('center_axis',(-1.,0.,0.));
#12099=DIRECTION('ref_axis',(0.,0.,-1.));
#12100=DIRECTION($,(0.,1.,0.));
#12101=DIRECTION($,(0.,0.,1.));
#12102=DIRECTION($,(0.,-1.,0.));
#12103=DIRECTION('center_axis',(-1.,0.,0.));
#12104=DIRECTION('ref_axis',(0.,0.,-1.));
#12105=DIRECTION($,(0.,-1.,0.));
#12106=DIRECTION($,(0.,0.,1.));
#12107=DIRECTION('center_axis',(0.,0.,-1.));
#12108=DIRECTION('ref_axis',(1.,0.,0.));
#12109=DIRECTION($,(-1.,0.,0.));
#12110=DIRECTION('center_axis',(0.,1.,0.));
#12111=DIRECTION('ref_axis',(-1.,0.,2.22044604925031E-016));
#12112=DIRECTION($,(-1.,0.,2.22044604925031E-016));
#12113=DIRECTION($,(0.,0.,1.));
#12114=DIRECTION($,(-1.,0.,0.));
#12115=DIRECTION($,(0.,0.,-1.));
#12116=DIRECTION($,(0.,0.,1.));
#12117=DIRECTION($,(-1.,0.,2.22044604925031E-016));
#12118=DIRECTION('center_axis',(-1.,0.,0.));
#12119=DIRECTION('ref_axis',(0.,0.,-1.));
#12120=DIRECTION($,(0.,1.,0.));
#12121=DIRECTION($,(0.,-1.,0.));
#12122=DIRECTION($,(0.,0.,1.));
#12123=DIRECTION('center_axis',(1.,0.,0.));
#12124=DIRECTION('ref_axis',(0.,0.,1.));
#12125=DIRECTION($,(0.,0.,-1.));
#12126=DIRECTION($,(0.,1.,0.));
#12127=DIRECTION('center_axis',(0.,0.,-1.));
#12128=DIRECTION('ref_axis',(1.,0.,0.));
#12129=DIRECTION($,(1.,0.,0.));
#12130=DIRECTION('center_axis',(-1.,0.,0.));
#12131=DIRECTION('ref_axis',(0.,0.,-1.));
#12132=DIRECTION($,(0.,-1.,0.));
#12133=DIRECTION($,(0.,0.,1.));
#12134=DIRECTION('center_axis',(-1.,0.,0.));
#12135=DIRECTION('ref_axis',(0.,-1.,0.));
#12136=DIRECTION($,(0.,0.,-1.));
#12137=DIRECTION($,(0.,1.,0.));
#12138=DIRECTION($,(0.,0.,1.));
#12139=DIRECTION($,(0.,1.,0.));
#12140=DIRECTION('center_axis',(1.,0.,0.));
#12141=DIRECTION('ref_axis',(0.,1.,0.));
#12142=DIRECTION($,(0.,1.,0.));
#12143=DIRECTION($,(0.,1.,0.));
#12144=DIRECTION('center_axis',(-1.,0.,0.));
#12145=DIRECTION('ref_axis',(0.,0.,-1.));
#12146=DIRECTION($,(0.,0.,1.));
#12147=DIRECTION($,(0.,-1.,0.));
#12148=DIRECTION('center_axis',(1.,0.,0.));
#12149=DIRECTION('ref_axis',(0.,0.,1.));
#12150=DIRECTION($,(0.,1.,0.));
#12151=DIRECTION($,(0.,0.,1.));
#12152=DIRECTION('center_axis',(1.,0.,0.));
#12153=DIRECTION('ref_axis',(0.,0.,1.));
#12154=DIRECTION($,(0.,-1.,0.));
#12155=DIRECTION($,(0.,0.,1.));
#12156=DIRECTION($,(0.,1.,0.));
#12157=DIRECTION('center_axis',(0.,0.,-1.));
#12158=DIRECTION('ref_axis',(1.,0.,0.));
#12159=DIRECTION($,(1.,0.,0.));
#12160=DIRECTION('center_axis',(0.,-1.,0.));
#12161=DIRECTION('ref_axis',(1.,0.,-2.22044604925031E-016));
#12162=DIRECTION($,(-1.,0.,2.22044604925031E-016));
#12163=DIRECTION($,(-1.,0.,2.22044604925031E-016));
#12164=DIRECTION('center_axis',(0.,-1.,0.));
#12165=DIRECTION('ref_axis',(0.,0.,-1.));
#12166=DIRECTION($,(-1.,0.,2.22044604925031E-016));
#12167=DIRECTION($,(0.,0.,1.));
#12168=DIRECTION($,(0.,0.,1.));
#12169=DIRECTION($,(1.,0.,0.));
#12170=DIRECTION($,(0.,0.,1.));
#12171=DIRECTION($,(-1.,0.,2.22044604925031E-016));
#12172=DIRECTION('center_axis',(0.,1.,0.));
#12173=DIRECTION('ref_axis',(0.,0.,1.));
#12174=DIRECTION($,(0.,0.,-1.));
#12175=DIRECTION($,(0.,0.,1.));
#12176=DIRECTION($,(-1.,0.,2.22044604925031E-016));
#12177=DIRECTION($,(-1.,0.,2.22044604925031E-016));
#12178=DIRECTION($,(0.,0.,1.));
#12179=DIRECTION($,(-1.,0.,0.));
#12180=DIRECTION('center_axis',(1.,0.,0.));
#12181=DIRECTION('ref_axis',(0.,0.,1.));
#12182=DIRECTION($,(0.,1.,0.));
#12183=DIRECTION($,(0.,1.,0.));
#12184=DIRECTION('center_axis',(-1.,0.,0.));
#12185=DIRECTION('ref_axis',(0.,0.,-1.));
#12186=DIRECTION($,(0.,-1.,0.));
#12187=DIRECTION('center_axis',(0.,0.,-1.));
#12188=DIRECTION('ref_axis',(1.,0.,0.));
#12189=DIRECTION('center_axis',(1.,0.,0.));
#12190=DIRECTION('ref_axis',(0.,0.,1.));
#12191=DIRECTION($,(0.,-1.,0.));
#12192=DIRECTION('center_axis',(-2.22044604925031E-016,0.,-1.));
#12193=DIRECTION('ref_axis',(1.,0.,-2.22044604925031E-016));
#12194=DIRECTION('center_axis',(2.22044604925031E-016,0.,1.));
#12195=DIRECTION('ref_axis',(-1.,0.,2.22044604925031E-016));
#12196=DIRECTION('center_axis',(0.,0.,1.));
#12197=DIRECTION('ref_axis',(1.,0.,0.));
#12198=DIRECTION($,(0.,1.,0.));
#12199=DIRECTION($,(-1.,0.,0.));
#12200=DIRECTION($,(0.,-1.,0.));
#12201=DIRECTION($,(1.,0.,0.));
#12202=DIRECTION('center_axis',(0.,0.,1.));
#12203=DIRECTION('ref_axis',(1.,0.,0.));
#12204=DIRECTION($,(0.,-1.,0.));
#12205=DIRECTION($,(-1.,0.,0.));
#12206=DIRECTION($,(0.,1.,0.));
#12207=DIRECTION($,(1.,0.,0.));
#12208=DIRECTION('center_axis',(0.,1.,0.));
#12209=DIRECTION('ref_axis',(0.,0.,1.));
#12210=DIRECTION($,(0.,0.,-1.));
#12211=DIRECTION($,(0.,0.,-1.));
#12212=DIRECTION('center_axis',(1.,0.,0.));
#12213=DIRECTION('ref_axis',(0.,0.,-1.));
#12214=DIRECTION($,(0.,0.,-1.));
#12215=DIRECTION('center_axis',(0.,-1.,0.));
#12216=DIRECTION('ref_axis',(0.,0.,-1.));
#12217=DIRECTION($,(0.,0.,-1.));
#12218=DIRECTION('center_axis',(-1.,0.,0.));
#12219=DIRECTION('ref_axis',(0.,0.,1.));
#12220=DIRECTION('center_axis',(0.,0.,1.));
#12221=DIRECTION('ref_axis',(1.,0.,0.));
#12222=DIRECTION($,(0.,1.,0.));
#12223=DIRECTION($,(-1.,0.,0.));
#12224=DIRECTION($,(0.,-1.,0.));
#12225=DIRECTION($,(1.,0.,0.));
#12226=DIRECTION('center_axis',(0.,0.,1.));
#12227=DIRECTION('ref_axis',(1.,0.,0.));
#12228=DIRECTION($,(0.,-1.,0.));
#12229=DIRECTION($,(-1.,0.,0.));
#12230=DIRECTION($,(0.,1.,0.));
#12231=DIRECTION($,(1.,0.,0.));
#12232=DIRECTION('center_axis',(0.,1.,0.));
#12233=DIRECTION('ref_axis',(0.,0.,1.));
#12234=DIRECTION($,(0.,0.,-1.));
#12235=DIRECTION($,(0.,0.,-1.));
#12236=DIRECTION('center_axis',(1.,0.,0.));
#12237=DIRECTION('ref_axis',(0.,0.,-1.));
#12238=DIRECTION($,(0.,0.,-1.));
#12239=DIRECTION('center_axis',(0.,-1.,0.));
#12240=DIRECTION('ref_axis',(0.,0.,-1.));
#12241=DIRECTION($,(0.,0.,-1.));
#12242=DIRECTION('center_axis',(-1.,0.,0.));
#12243=DIRECTION('ref_axis',(0.,0.,1.));
#12244=DIRECTION('center_axis',(0.,0.,1.));
#12245=DIRECTION('ref_axis',(0.587785252292473,-0.809016994374947,0.));
#12246=DIRECTION($,(0.,0.,1.));
#12247=DIRECTION('center_axis',(-2.32748577175583E-017,6.11944442048638E-017,
1.));
#12248=DIRECTION('ref_axis',(0.587785252292473,-0.809016994374947,0.));
#12249=DIRECTION($,(0.,0.,-1.));
#12250=DIRECTION('center_axis',(0.,0.,1.));
#12251=DIRECTION('ref_axis',(0.587785252292473,-0.809016994374947,0.));
#12252=DIRECTION('center_axis',(0.,0.,-1.));
#12253=DIRECTION('ref_axis',(0.587785252292473,-0.809016994374947,0.));
#12254=DIRECTION('center_axis',(0.,0.,1.));
#12255=DIRECTION('ref_axis',(0.587785252292473,-0.809016994374947,0.));
#12256=DIRECTION($,(-0.194151766301206,-0.980971503990876,0.));
#12257=DIRECTION('center_axis',(0.980971503990876,-0.194151766301206,3.47129816105618E-017));
#12258=DIRECTION('ref_axis',(0.194151766301206,0.980971503990876,0.));
#12259=DIRECTION($,(-0.194151766301206,-0.980971503990876,5.55111512312578E-017));
#12260=DIRECTION($,(-2.32748577175583E-017,6.11944442048638E-017,1.));
#12261=DIRECTION($,(0.194151766301206,0.980971503990876,-5.55111512312578E-017));
#12262=DIRECTION($,(2.32748577175583E-017,-6.11944442048638E-017,-1.));
#12263=DIRECTION($,(-0.194151766301206,-0.980971503990876,5.55111512312578E-017));
#12264=DIRECTION('center_axis',(0.980971503990876,-0.194151766301206,3.47129816105618E-017));
#12265=DIRECTION('ref_axis',(0.194151766301206,0.980971503990876,0.));
#12266=DIRECTION($,(-2.32748577175583E-017,6.11944442048638E-017,1.));
#12267=DIRECTION($,(-0.194151766301206,-0.980971503990876,5.55111512312578E-017));
#12268=DIRECTION($,(2.32748577175583E-017,-6.11944442048638E-017,-1.));
#12269=DIRECTION($,(0.194151766301206,0.980971503990876,-5.55111512312578E-017));
#12270=DIRECTION('center_axis',(-2.32748577175583E-017,6.11944442048638E-017,
1.));
#12271=DIRECTION('ref_axis',(0.980971503990876,-0.194151766301206,0.));
#12272=DIRECTION($,(-0.980971503990876,0.194151766301206,-3.47129816105618E-017));
#12273=DIRECTION($,(-0.980971503990876,0.194151766301206,-3.47129816105618E-017));
#12274=DIRECTION('center_axis',(0.194151766301206,0.980971503990876,-5.55111512312578E-017));
#12275=DIRECTION('ref_axis',(-0.980971503990876,0.194151766301206,0.));
#12276=DIRECTION($,(-0.980971503990876,0.194151766301206,-3.47129816105618E-017));
#12277=DIRECTION('center_axis',(2.32748577175583E-017,-6.11944442048638E-017,
-1.));
#12278=DIRECTION('ref_axis',(-0.980971503990876,0.194151766301206,0.));
#12279=DIRECTION($,(-0.980971503990876,0.194151766301206,-3.47129816105618E-017));
#12280=DIRECTION('center_axis',(-0.194151766301206,-0.980971503990876,5.55111512312578E-017));
#12281=DIRECTION('ref_axis',(0.980971503990876,-0.194151766301206,0.));
#12282=DIRECTION('center_axis',(0.,0.,1.));
#12283=DIRECTION('ref_axis',(0.587785252292473,-0.809016994374947,0.));
#12284=DIRECTION('center_axis',(0.,0.,-1.));
#12285=DIRECTION('ref_axis',(0.587785252292473,-0.809016994374947,0.));
#12286=DIRECTION('center_axis',(0.,0.,1.));
#12287=DIRECTION('ref_axis',(0.587785252292473,-0.809016994374947,0.));
#12288=DIRECTION('center_axis',(0.,0.,-1.));
#12289=DIRECTION('ref_axis',(-0.587785252292473,0.809016994374947,0.));
#12290=DIRECTION('center_axis',(0.,0.,1.));
#12291=DIRECTION('ref_axis',(0.587785252292473,-0.809016994374947,0.));
#12292=DIRECTION('center_axis',(0.,0.,1.));
#12293=DIRECTION('ref_axis',(-0.241921895599668,-0.970295726275997,0.));
#12294=DIRECTION($,(0.970295726275996,-0.241921895599668,0.));
#12295=DIRECTION($,(0.241921895599668,0.970295726275997,0.));
#12296=DIRECTION($,(-0.970295726275996,0.241921895599668,0.));
#12297=DIRECTION($,(-0.241921895599668,-0.970295726275997,0.));
#12298=DIRECTION('center_axis',(0.,0.,1.));
#12299=DIRECTION('ref_axis',(-0.241921895599668,-0.970295726275997,0.));
#12300=DIRECTION($,(-0.970295726275996,0.241921895599668,0.));
#12301=DIRECTION($,(0.241921895599668,0.970295726275997,0.));
#12302=DIRECTION($,(0.970295726275996,-0.241921895599668,0.));
#12303=DIRECTION($,(-0.241921895599668,-0.970295726275997,0.));
#12304=DIRECTION('center_axis',(0.970295726275997,-0.241921895599668,0.));
#12305=DIRECTION('ref_axis',(0.,0.,1.));
#12306=DIRECTION($,(0.,0.,-1.));
#12307=DIRECTION($,(0.,0.,-1.));
#12308=DIRECTION('center_axis',(-0.241921895599668,-0.970295726275997,0.));
#12309=DIRECTION('ref_axis',(0.,0.,-1.));
#12310=DIRECTION($,(0.,0.,-1.));
#12311=DIRECTION('center_axis',(-0.970295726275997,0.241921895599668,0.));
#12312=DIRECTION('ref_axis',(0.,0.,-1.));
#12313=DIRECTION($,(0.,0.,-1.));
#12314=DIRECTION('center_axis',(0.241921895599668,0.970295726275997,0.));
#12315=DIRECTION('ref_axis',(0.,0.,1.));
#12316=DIRECTION('center_axis',(0.,0.,-1.));
#12317=DIRECTION('ref_axis',(0.970295726275997,-0.241921895599668,0.));
#12318=DIRECTION('center_axis',(0.,0.,1.));
#12319=DIRECTION('ref_axis',(0.970295726275996,-0.241921895599668,0.));
#12320=DIRECTION('center_axis',(0.,0.,1.));
#12321=DIRECTION('ref_axis',(-0.241921895599663,-0.970295726275998,0.));
#12322=DIRECTION('center_axis',(0.,0.,1.));
#12323=DIRECTION('ref_axis',(0.087155742747659,-0.996194698091745,0.));
#12324=DIRECTION($,(-0.0871557427476589,0.996194698091745,0.));
#12325=DIRECTION($,(0.996194698091746,0.0871557427476589,0.));
#12326=DIRECTION($,(0.0871557427476589,-0.996194698091745,0.));
#12327=DIRECTION($,(-0.996194698091746,-0.0871557427476589,0.));
#12328=DIRECTION('center_axis',(0.,0.,1.));
#12329=DIRECTION('ref_axis',(0.087155742747659,-0.996194698091745,0.));
#12330=DIRECTION($,(0.996194698091746,0.0871557427476589,0.));
#12331=DIRECTION($,(-0.0871557427476589,0.996194698091745,0.));
#12332=DIRECTION($,(-0.996194698091746,-0.0871557427476589,0.));
#12333=DIRECTION($,(0.0871557427476589,-0.996194698091745,0.));
#12334=DIRECTION('center_axis',(0.996194698091746,0.0871557427476589,0.));
#12335=DIRECTION('ref_axis',(0.,0.,1.));
#12336=DIRECTION($,(0.,0.,-1.));
#12337=DIRECTION($,(-0.0871557427476589,0.996194698091745,0.));
#12338=DIRECTION($,(0.,0.,-1.));
#12339=DIRECTION('center_axis',(-0.996194698091746,-0.0871557427476589,
0.));
#12340=DIRECTION('ref_axis',(0.,0.,-1.));
#12341=DIRECTION($,(0.,0.,-1.));
#12342=DIRECTION($,(0.,0.,-1.));
#12343=DIRECTION('center_axis',(0.,0.,1.));
#12344=DIRECTION('ref_axis',(0.087155742747659,-0.996194698091745,0.));
#12345=DIRECTION($,(-0.996194698091746,-0.0871557427476588,0.));
#12346=DIRECTION($,(0.0871557427476589,-0.996194698091745,0.));
#12347=DIRECTION($,(0.996194698091745,0.0871557427476588,0.));
#12348=DIRECTION('center_axis',(-0.0871557427476589,0.996194698091746,0.));
#12349=DIRECTION('ref_axis',(0.,0.,1.));
#12350=DIRECTION($,(0.996194698091746,0.0871557427476588,0.));
#12351=DIRECTION($,(0.,0.,-1.));
#12352=DIRECTION($,(-0.996194698091746,-0.0871557427476588,0.));
#12353=DIRECTION($,(0.,0.,-1.));
#12354=DIRECTION('center_axis',(0.996194698091746,0.0871557427476589,0.));
#12355=DIRECTION('ref_axis',(0.,0.,1.));
#12356=DIRECTION($,(0.0871557427476589,-0.996194698091745,0.));
#12357=DIRECTION($,(0.,0.,-1.));
#12358=DIRECTION($,(-0.0871557427476589,0.996194698091745,0.));
#12359=DIRECTION('center_axis',(0.,0.,1.));
#12360=DIRECTION('ref_axis',(0.087155742747659,-0.996194698091745,0.));
#12361=DIRECTION($,(0.996194698091746,0.0871557427476588,0.));
#12362=DIRECTION($,(0.0871557427476589,-0.996194698091745,0.));
#12363=DIRECTION('center_axis',(0.0871557427476589,-0.996194698091746,0.));
#12364=DIRECTION('ref_axis',(0.,0.,-1.));
#12365=DIRECTION($,(-0.996194698091746,-0.0871557427476588,0.));
#12366=DIRECTION($,(0.,0.,-1.));
#12367=DIRECTION('center_axis',(-0.996194698091746,-0.0871557427476589,
0.));
#12368=DIRECTION('ref_axis',(0.,0.,-1.));
#12369=DIRECTION($,(-0.0871557427476589,0.996194698091745,0.));
#12370=DIRECTION('center_axis',(-0.0871557427476589,0.996194698091746,0.));
#12371=DIRECTION('ref_axis',(0.,0.,1.));
#12372=DIRECTION($,(0.996194698091746,0.0871557427476588,0.));
#12373=DIRECTION($,(0.,0.,-1.));
#12374=DIRECTION($,(-0.996194698091746,-0.0871557427476588,0.));
#12375=DIRECTION($,(0.,0.,-1.));
#12376=DIRECTION('center_axis',(0.996194698091746,0.0871557427476589,0.));
#12377=DIRECTION('ref_axis',(0.,0.,1.));
#12378=DIRECTION($,(0.0871557427476589,-0.996194698091745,0.));
#12379=DIRECTION($,(0.,0.,-1.));
#12380=DIRECTION($,(-0.0871557427476589,0.996194698091745,0.));
#12381=DIRECTION('center_axis',(0.,0.,1.));
#12382=DIRECTION('ref_axis',(0.087155742747659,-0.996194698091745,0.));
#12383=DIRECTION($,(0.996194698091746,0.0871557427476588,0.));
#12384=DIRECTION($,(0.0871557427476589,-0.996194698091745,0.));
#12385=DIRECTION('center_axis',(0.0871557427476589,-0.996194698091746,0.));
#12386=DIRECTION('ref_axis',(0.,0.,-1.));
#12387=DIRECTION($,(-0.996194698091746,-0.0871557427476588,0.));
#12388=DIRECTION($,(0.,0.,-1.));
#12389=DIRECTION('center_axis',(-0.996194698091746,-0.0871557427476589,
0.));
#12390=DIRECTION('ref_axis',(0.,0.,-1.));
#12391=DIRECTION($,(-0.0871557427476589,0.996194698091745,0.));
#12392=DIRECTION('center_axis',(-0.0871557427476589,0.996194698091746,0.));
#12393=DIRECTION('ref_axis',(0.,0.,1.));
#12394=DIRECTION($,(0.996194698091746,0.0871557427476588,0.));
#12395=DIRECTION($,(0.,0.,-1.));
#12396=DIRECTION($,(-0.996194698091746,-0.0871557427476588,0.));
#12397=DIRECTION($,(0.,0.,-1.));
#12398=DIRECTION('center_axis',(0.996194698091746,0.0871557427476589,0.));
#12399=DIRECTION('ref_axis',(0.,0.,1.));
#12400=DIRECTION($,(0.0871557427476589,-0.996194698091745,0.));
#12401=DIRECTION($,(0.,0.,-1.));
#12402=DIRECTION($,(-0.0871557427476589,0.996194698091745,0.));
#12403=DIRECTION('center_axis',(0.,0.,1.));
#12404=DIRECTION('ref_axis',(0.087155742747659,-0.996194698091745,0.));
#12405=DIRECTION($,(0.996194698091746,0.0871557427476588,0.));
#12406=DIRECTION($,(0.0871557427476589,-0.996194698091745,0.));
#12407=DIRECTION('center_axis',(0.0871557427476589,-0.996194698091746,0.));
#12408=DIRECTION('ref_axis',(0.,0.,-1.));
#12409=DIRECTION($,(-0.996194698091746,-0.0871557427476588,0.));
#12410=DIRECTION($,(0.,0.,-1.));
#12411=DIRECTION('center_axis',(-0.996194698091746,-0.0871557427476589,
0.));
#12412=DIRECTION('ref_axis',(0.,0.,-1.));
#12413=DIRECTION($,(-0.0871557427476589,0.996194698091745,0.));
#12414=DIRECTION('center_axis',(0.,0.,1.));
#12415=DIRECTION('ref_axis',(0.0871557427476588,-0.996194698091746,0.));
#12416=DIRECTION($,(-0.0871557427476588,0.996194698091745,0.));
#12417=DIRECTION($,(0.996194698091746,0.0871557427476588,0.));
#12418=DIRECTION($,(0.0871557427476588,-0.996194698091745,0.));
#12419=DIRECTION($,(-0.996194698091746,-0.0871557427476588,0.));
#12420=DIRECTION($,(-0.0871557427476589,0.996194698091745,0.));
#12421=DIRECTION($,(-0.996194698091746,-0.0871557427476588,0.));
#12422=DIRECTION($,(0.0871557427476589,-0.996194698091745,0.));
#12423=DIRECTION($,(0.996194698091746,0.0871557427476588,0.));
#12424=DIRECTION('center_axis',(-0.0871557427476589,0.996194698091746,0.));
#12425=DIRECTION('ref_axis',(0.,0.,1.));
#12426=DIRECTION($,(0.,0.,1.));
#12427=DIRECTION($,(0.,0.,1.));
#12428=DIRECTION('center_axis',(0.996194698091746,0.0871557427476589,0.));
#12429=DIRECTION('ref_axis',(0.,0.,1.));
#12430=DIRECTION($,(0.,0.,1.));
#12431=DIRECTION('center_axis',(0.0871557427476589,-0.996194698091746,0.));
#12432=DIRECTION('ref_axis',(0.,0.,-1.));
#12433=DIRECTION($,(0.,0.,-1.));
#12434=DIRECTION('center_axis',(-0.996194698091746,-0.0871557427476589,
0.));
#12435=DIRECTION('ref_axis',(0.,0.,-1.));
#12436=DIRECTION('center_axis',(-0.996194698091746,-0.0871557427476589,
0.));
#12437=DIRECTION('ref_axis',(0.,0.,-1.));
#12438=DIRECTION($,(0.,0.,-1.));
#12439=DIRECTION($,(0.0871557427476589,-0.996194698091745,0.));
#12440=DIRECTION($,(0.,0.,-1.));
#12441=DIRECTION('center_axis',(-0.0871557427476589,0.996194698091746,0.));
#12442=DIRECTION('ref_axis',(0.,0.,1.));
#12443=DIRECTION($,(0.,0.,-1.));
#12444=DIRECTION($,(-0.996194698091746,-0.0871557427476588,0.));
#12445=DIRECTION('center_axis',(0.,0.,1.));
#12446=DIRECTION('ref_axis',(0.087155742747659,-0.996194698091745,0.));
#12447=DIRECTION($,(-0.0871557427476589,0.996194698091745,0.));
#12448=DIRECTION($,(0.996194698091746,0.0871557427476588,0.));
#12449=DIRECTION('center_axis',(0.996194698091746,0.0871557427476589,0.));
#12450=DIRECTION('ref_axis',(0.,0.,1.));
#12451=DIRECTION($,(0.,0.,-1.));
#12452=DIRECTION('center_axis',(0.0871557427476589,-0.996194698091746,0.));
#12453=DIRECTION('ref_axis',(0.,0.,-1.));
#12454=DIRECTION('center_axis',(0.,0.,1.));
#12455=DIRECTION('ref_axis',(1.,0.,0.));
#12456=DIRECTION($,(-1.,0.,0.));
#12457=DIRECTION($,(0.,-1.,0.));
#12458=DIRECTION($,(1.,0.,0.));
#12459=DIRECTION($,(0.,1.,0.));
#12460=DIRECTION($,(1.,0.,0.));
#12461=DIRECTION($,(0.,1.,0.));
#12462=DIRECTION($,(-1.,0.,0.));
#12463=DIRECTION($,(0.,-1.,0.));
#12464=DIRECTION($,(1.,0.,0.));
#12465=DIRECTION($,(0.,1.,0.));
#12466=DIRECTION($,(-1.,0.,0.));
#12467=DIRECTION($,(0.,-1.,0.));
#12468=DIRECTION($,(1.,0.,0.));
#12469=DIRECTION($,(0.,1.,0.));
#12470=DIRECTION($,(-1.,0.,0.));
#12471=DIRECTION($,(0.,-1.,0.));
#12472=DIRECTION($,(-1.,0.,0.));
#12473=DIRECTION($,(0.,1.,0.));
#12474=DIRECTION($,(1.,0.,0.));
#12475=DIRECTION($,(0.,-1.,0.));
#12476=DIRECTION('center_axis',(1.,0.,0.));
#12477=DIRECTION('ref_axis',(0.,0.,-1.));
#12478=DIRECTION($,(0.,0.,1.));
#12479=DIRECTION($,(0.,1.,0.));
#12480=DIRECTION($,(0.,0.,1.));
#12481=DIRECTION('center_axis',(0.,-1.,0.));
#12482=DIRECTION('ref_axis',(0.,0.,-1.));
#12483=DIRECTION($,(1.,0.,0.));
#12484=DIRECTION($,(0.,0.,1.));
#12485=DIRECTION('center_axis',(-1.,0.,0.));
#12486=DIRECTION('ref_axis',(0.,0.,1.));
#12487=DIRECTION($,(0.,-1.,0.));
#12488=DIRECTION($,(0.,0.,1.));
#12489=DIRECTION('center_axis',(0.,1.,0.));
#12490=DIRECTION('ref_axis',(0.,0.,1.));
#12491=DIRECTION($,(-1.,0.,0.));
#12492=DIRECTION('center_axis',(0.,0.,1.));
#12493=DIRECTION('ref_axis',(1.,0.,0.));
#12494=DIRECTION('center_axis',(0.,-1.,0.));
#12495=DIRECTION('ref_axis',(0.,0.,-1.));
#12496=DIRECTION($,(0.,0.,-1.));
#12497=DIRECTION($,(0.,0.,1.));
#12498=DIRECTION($,(-1.,0.,1.66533453693774E-016));
#12499=DIRECTION($,(0.,0.,-1.));
#12500=DIRECTION($,(-1.,0.,1.66533453693774E-016));
#12501=DIRECTION($,(0.,0.,1.));
#12502=DIRECTION($,(1.,0.,0.));
#12503=DIRECTION('center_axis',(0.,1.,0.));
#12504=DIRECTION('ref_axis',(0.,0.,1.));
#12505=DIRECTION($,(0.,0.,1.));
#12506=DIRECTION($,(-1.,0.,0.));
#12507=DIRECTION($,(0.,0.,1.));
#12508=DIRECTION($,(-1.,0.,1.66533453693774E-016));
#12509=DIRECTION($,(0.,0.,1.));
#12510=DIRECTION($,(-1.,0.,1.66533453693774E-016));
#12511=DIRECTION($,(0.,0.,1.));
#12512=DIRECTION('center_axis',(1.,0.,0.));
#12513=DIRECTION('ref_axis',(0.,0.,-1.));
#12514=DIRECTION($,(0.,1.,0.));
#12515=DIRECTION($,(0.,0.,1.));
#12516=DIRECTION('center_axis',(-1.,0.,0.));
#12517=DIRECTION('ref_axis',(0.,0.,1.));
#12518=DIRECTION($,(0.,1.,0.));
#12519=DIRECTION($,(0.,0.,1.));
#12520=DIRECTION($,(0.,-1.,0.));
#12521=DIRECTION('center_axis',(-1.,0.,0.));
#12522=DIRECTION('ref_axis',(0.,0.,1.));
#12523=DIRECTION($,(0.,-1.,0.));
#12524=DIRECTION($,(0.,0.,1.));
#12525=DIRECTION('center_axis',(0.,0.,-1.));
#12526=DIRECTION('ref_axis',(-1.,0.,0.));
#12527=DIRECTION($,(-1.,0.,0.));
#12528=DIRECTION('center_axis',(0.,1.,0.));
#12529=DIRECTION('ref_axis',(0.,0.,1.));
#12530=DIRECTION($,(-1.,0.,1.66533453693774E-016));
#12531=DIRECTION($,(0.,0.,1.));
#12532=DIRECTION($,(-1.,0.,0.));
#12533=DIRECTION($,(0.,0.,-1.));
#12534=DIRECTION($,(0.,0.,1.));
#12535=DIRECTION($,(-1.,0.,1.66533453693774E-016));
#12536=DIRECTION('center_axis',(-1.,0.,0.));
#12537=DIRECTION('ref_axis',(0.,0.,1.));
#12538=DIRECTION($,(0.,1.,0.));
#12539=DIRECTION($,(0.,-1.,0.));
#12540=DIRECTION($,(0.,0.,1.));
#12541=DIRECTION('center_axis',(1.,0.,0.));
#12542=DIRECTION('ref_axis',(0.,0.,-1.));
#12543=DIRECTION($,(0.,0.,-1.));
#12544=DIRECTION($,(0.,1.,0.));
#12545=DIRECTION('center_axis',(0.,0.,-1.));
#12546=DIRECTION('ref_axis',(-1.,0.,0.));
#12547=DIRECTION($,(1.,0.,0.));
#12548=DIRECTION('center_axis',(-1.,0.,0.));
#12549=DIRECTION('ref_axis',(0.,0.,1.));
#12550=DIRECTION($,(0.,-1.,0.));
#12551=DIRECTION($,(0.,0.,1.));
#12552=DIRECTION('center_axis',(-1.,0.,0.));
#12553=DIRECTION('ref_axis',(0.,0.,1.));
#12554=DIRECTION($,(0.,0.,-1.));
#12555=DIRECTION($,(0.,1.,0.));
#12556=DIRECTION($,(0.,0.,1.));
#12557=DIRECTION($,(0.,1.,0.));
#12558=DIRECTION('center_axis',(1.,0.,0.));
#12559=DIRECTION('ref_axis',(0.,0.,-1.));
#12560=DIRECTION($,(0.,1.,0.));
#12561=DIRECTION($,(0.,1.,0.));
#12562=DIRECTION('center_axis',(-1.,0.,0.));
#12563=DIRECTION('ref_axis',(0.,0.,1.));
#12564=DIRECTION($,(0.,0.,1.));
#12565=DIRECTION($,(0.,-1.,0.));
#12566=DIRECTION('center_axis',(1.,0.,0.));
#12567=DIRECTION('ref_axis',(0.,0.,-1.));
#12568=DIRECTION($,(0.,1.,0.));
#12569=DIRECTION($,(0.,0.,1.));
#12570=DIRECTION('center_axis',(1.,0.,0.));
#12571=DIRECTION('ref_axis',(0.,0.,-1.));
#12572=DIRECTION($,(0.,-1.,0.));
#12573=DIRECTION($,(0.,0.,1.));
#12574=DIRECTION($,(0.,1.,0.));
#12575=DIRECTION('center_axis',(0.,0.,-1.));
#12576=DIRECTION('ref_axis',(-1.,0.,0.));
#12577=DIRECTION($,(1.,0.,0.));
#12578=DIRECTION('center_axis',(0.,-1.,0.));
#12579=DIRECTION('ref_axis',(0.,0.,-1.));
#12580=DIRECTION($,(-1.,0.,1.66533453693774E-016));
#12581=DIRECTION($,(-1.,0.,1.66533453693774E-016));
#12582=DIRECTION('center_axis',(0.,-1.,0.));
#12583=DIRECTION('ref_axis',(0.,0.,-1.));
#12584=DIRECTION($,(-1.,0.,1.66533453693774E-016));
#12585=DIRECTION($,(0.,0.,1.));
#12586=DIRECTION($,(0.,0.,1.));
#12587=DIRECTION($,(1.,0.,0.));
#12588=DIRECTION($,(0.,0.,1.));
#12589=DIRECTION($,(-1.,0.,1.66533453693774E-016));
#12590=DIRECTION('center_axis',(0.,1.,0.));
#12591=DIRECTION('ref_axis',(0.,0.,1.));
#12592=DIRECTION($,(0.,0.,-1.));
#12593=DIRECTION($,(0.,0.,1.));
#12594=DIRECTION($,(-1.,0.,1.66533453693774E-016));
#12595=DIRECTION($,(-1.,0.,1.66533453693774E-016));
#12596=DIRECTION($,(0.,0.,1.));
#12597=DIRECTION($,(-1.,0.,0.));
#12598=DIRECTION('center_axis',(1.,0.,0.));
#12599=DIRECTION('ref_axis',(0.,0.,-1.));
#12600=DIRECTION($,(0.,1.,0.));
#12601=DIRECTION($,(0.,1.,0.));
#12602=DIRECTION('center_axis',(-1.,0.,0.));
#12603=DIRECTION('ref_axis',(0.,0.,1.));
#12604=DIRECTION($,(0.,-1.,0.));
#12605=DIRECTION('center_axis',(0.,0.,-1.));
#12606=DIRECTION('ref_axis',(-1.,0.,0.));
#12607=DIRECTION('center_axis',(1.,0.,0.));
#12608=DIRECTION('ref_axis',(0.,0.,-1.));
#12609=DIRECTION($,(0.,-1.,0.));
#12610=DIRECTION('center_axis',(-1.66533453693774E-016,0.,-1.));
#12611=DIRECTION('ref_axis',(-1.,0.,2.22044604925031E-016));
#12612=DIRECTION('center_axis',(1.66533453693774E-016,0.,1.));
#12613=DIRECTION('ref_axis',(1.,0.,-2.22044604925031E-016));
#12614=DIRECTION('center_axis',(0.,0.,1.));
#12615=DIRECTION('ref_axis',(1.,0.,0.));
#12616=DIRECTION($,(0.,1.,0.));
#12617=DIRECTION($,(-1.,0.,0.));
#12618=DIRECTION($,(0.,-1.,0.));
#12619=DIRECTION($,(1.,0.,0.));
#12620=DIRECTION('center_axis',(0.,0.,1.));
#12621=DIRECTION('ref_axis',(1.,0.,0.));
#12622=DIRECTION($,(0.,-1.,0.));
#12623=DIRECTION($,(-1.,0.,0.));
#12624=DIRECTION($,(0.,1.,0.));
#12625=DIRECTION($,(1.,0.,0.));
#12626=DIRECTION('center_axis',(0.,1.,0.));
#12627=DIRECTION('ref_axis',(0.,0.,1.));
#12628=DIRECTION($,(0.,0.,-1.));
#12629=DIRECTION($,(0.,0.,-1.));
#12630=DIRECTION('center_axis',(1.,0.,0.));
#12631=DIRECTION('ref_axis',(0.,0.,-1.));
#12632=DIRECTION($,(0.,0.,-1.));
#12633=DIRECTION('center_axis',(0.,-1.,0.));
#12634=DIRECTION('ref_axis',(0.,0.,-1.));
#12635=DIRECTION($,(0.,0.,-1.));
#12636=DIRECTION('center_axis',(-1.,0.,0.));
#12637=DIRECTION('ref_axis',(0.,0.,1.));
#12638=DIRECTION('center_axis',(0.,0.,1.));
#12639=DIRECTION('ref_axis',(-0.707106781186548,0.707106781186547,0.));
#12640=DIRECTION($,(0.,0.,1.));
#12641=DIRECTION('center_axis',(3.25612257392653E-017,-5.680004913441E-017,
1.));
#12642=DIRECTION('ref_axis',(-0.707106781186548,0.707106781186547,0.));
#12643=DIRECTION($,(0.,0.,-1.));
#12644=DIRECTION('center_axis',(0.,0.,1.));
#12645=DIRECTION('ref_axis',(-0.707106781186548,0.707106781186547,0.));
#12646=DIRECTION('center_axis',(0.,0.,-1.));
#12647=DIRECTION('ref_axis',(-0.707106781186548,0.707106781186547,0.));
#12648=DIRECTION('center_axis',(0.,0.,1.));
#12649=DIRECTION('ref_axis',(-0.707106781186548,0.707106781186547,0.));
#12650=DIRECTION($,(0.0383036834351298,0.99926614464581,0.));
#12651=DIRECTION('center_axis',(-0.99926614464581,0.0383036834351298,3.47129816105618E-017));
#12652=DIRECTION('ref_axis',(-0.0383036834351298,-0.99926614464581,0.));
#12653=DIRECTION($,(0.0383036834351298,0.99926614464581,5.55111512312578E-017));
#12654=DIRECTION($,(3.25612257392653E-017,-5.680004913441E-017,1.));
#12655=DIRECTION($,(-0.0383036834351298,-0.99926614464581,-5.55111512312578E-017));
#12656=DIRECTION($,(-3.25612257392653E-017,5.680004913441E-017,-1.));
#12657=DIRECTION($,(0.0383036834351298,0.99926614464581,5.55111512312578E-017));
#12658=DIRECTION('center_axis',(-0.99926614464581,0.0383036834351298,3.47129816105618E-017));
#12659=DIRECTION('ref_axis',(-0.0383036834351298,-0.99926614464581,0.));
#12660=DIRECTION($,(3.25612257392653E-017,-5.680004913441E-017,1.));
#12661=DIRECTION($,(0.0383036834351298,0.99926614464581,5.55111512312578E-017));
#12662=DIRECTION($,(-3.25612257392653E-017,5.680004913441E-017,-1.));
#12663=DIRECTION($,(-0.0383036834351298,-0.99926614464581,-5.55111512312578E-017));
#12664=DIRECTION('center_axis',(3.25612257392653E-017,-5.680004913441E-017,
1.));
#12665=DIRECTION('ref_axis',(-0.99926614464581,0.0383036834351298,0.));
#12666=DIRECTION($,(0.99926614464581,-0.0383036834351298,-3.47129816105618E-017));
#12667=DIRECTION($,(0.99926614464581,-0.0383036834351298,-3.47129816105618E-017));
#12668=DIRECTION('center_axis',(-0.0383036834351298,-0.99926614464581,-5.55111512312578E-017));
#12669=DIRECTION('ref_axis',(0.99926614464581,-0.0383036834351298,0.));
#12670=DIRECTION($,(0.99926614464581,-0.0383036834351298,-3.47129816105618E-017));
#12671=DIRECTION('center_axis',(-3.25612257392653E-017,5.680004913441E-017,
-1.));
#12672=DIRECTION('ref_axis',(0.99926614464581,-0.0383036834351298,0.));
#12673=DIRECTION($,(0.99926614464581,-0.0383036834351298,-3.47129816105618E-017));
#12674=DIRECTION('center_axis',(0.0383036834351298,0.99926614464581,5.55111512312578E-017));
#12675=DIRECTION('ref_axis',(-0.99926614464581,0.0383036834351298,0.));
#12676=DIRECTION('center_axis',(0.,0.,1.));
#12677=DIRECTION('ref_axis',(-0.707106781186548,0.707106781186547,0.));
#12678=DIRECTION('center_axis',(0.,0.,-1.));
#12679=DIRECTION('ref_axis',(-0.707106781186548,0.707106781186547,0.));
#12680=DIRECTION('center_axis',(0.,0.,1.));
#12681=DIRECTION('ref_axis',(-0.707106781186548,0.707106781186547,0.));
#12682=DIRECTION('center_axis',(0.,0.,-1.));
#12683=DIRECTION('ref_axis',(0.707106781186548,-0.707106781186547,0.));
#12684=DIRECTION('center_axis',(0.,0.,1.));
#12685=DIRECTION('ref_axis',(-0.707106781186548,0.707106781186547,0.));
#12686=DIRECTION('center_axis',(0.,0.,1.));
#12687=DIRECTION('ref_axis',(-0.743144825477394,0.669130606358858,0.));
#12688=DIRECTION($,(0.,0.,1.));
#12689=DIRECTION('center_axis',(3.54892865971367E-017,-5.5018083755626E-017,
1.));
#12690=DIRECTION('ref_axis',(-0.743144825477394,0.669130606358858,0.));
#12691=DIRECTION($,(0.,0.,-1.));
#12692=DIRECTION('center_axis',(0.,0.,1.));
#12693=DIRECTION('ref_axis',(-0.743144825477394,0.669130606358858,0.));
#12694=DIRECTION('center_axis',(0.,0.,-1.));
#12695=DIRECTION('ref_axis',(-0.743144825477394,0.669130606358858,0.));
#12696=DIRECTION('center_axis',(0.,0.,1.));
#12697=DIRECTION('ref_axis',(-0.743144825477395,0.669130606358858,0.));
#12698=DIRECTION($,(-0.0140463596530282,0.999901345023847,0.));
#12699=DIRECTION('center_axis',(-0.999901345023847,-0.0140463596530282,
3.47129816105618E-017));
#12700=DIRECTION('ref_axis',(0.0140463596530278,-0.999901345023847,0.));
#12701=DIRECTION($,(-0.0140463596530282,0.999901345023847,5.55111512312578E-017));
#12702=DIRECTION($,(3.54892865971367E-017,-5.5018083755626E-017,1.));
#12703=DIRECTION($,(0.0140463596530282,-0.999901345023847,-5.55111512312578E-017));
#12704=DIRECTION($,(-3.54892865971367E-017,5.5018083755626E-017,-1.));
#12705=DIRECTION($,(-0.0140463596530282,0.999901345023847,5.55111512312578E-017));
#12706=DIRECTION('center_axis',(-0.999901345023847,-0.0140463596530282,
3.47129816105618E-017));
#12707=DIRECTION('ref_axis',(0.0140463596530278,-0.999901345023847,0.));
#12708=DIRECTION($,(3.54892865971367E-017,-5.5018083755626E-017,1.));
#12709=DIRECTION($,(-0.0140463596530282,0.999901345023847,5.55111512312578E-017));
#12710=DIRECTION($,(-3.54892865971367E-017,5.5018083755626E-017,-1.));
#12711=DIRECTION($,(0.0140463596530282,-0.999901345023847,-5.55111512312578E-017));
#12712=DIRECTION('center_axis',(3.54892865971367E-017,-5.5018083755626E-017,
1.));
#12713=DIRECTION('ref_axis',(-0.999901345023847,-0.0140463596530282,0.));
#12714=DIRECTION($,(0.999901345023847,0.0140463596530282,-3.47129816105618E-017));
#12715=DIRECTION($,(0.999901345023847,0.0140463596530282,-3.47129816105618E-017));
#12716=DIRECTION('center_axis',(0.0140463596530282,-0.999901345023847,-5.55111512312578E-017));
#12717=DIRECTION('ref_axis',(0.999901345023847,0.0140463596530282,0.));
#12718=DIRECTION($,(0.999901345023847,0.0140463596530282,-3.47129816105618E-017));
#12719=DIRECTION('center_axis',(-3.54892865971367E-017,5.5018083755626E-017,
-1.));
#12720=DIRECTION('ref_axis',(0.999901345023847,0.0140463596530282,0.));
#12721=DIRECTION($,(0.999901345023847,0.0140463596530282,-3.47129816105618E-017));
#12722=DIRECTION('center_axis',(-0.0140463596530282,0.999901345023847,5.55111512312578E-017));
#12723=DIRECTION('ref_axis',(-0.999901345023847,-0.0140463596530282,0.));
#12724=DIRECTION('center_axis',(0.,0.,1.));
#12725=DIRECTION('ref_axis',(-0.743144825477394,0.669130606358858,0.));
#12726=DIRECTION('center_axis',(0.,0.,-1.));
#12727=DIRECTION('ref_axis',(-0.743144825477394,0.669130606358858,0.));
#12728=DIRECTION('center_axis',(0.,0.,1.));
#12729=DIRECTION('ref_axis',(-0.743144825477394,0.669130606358858,0.));
#12730=DIRECTION('center_axis',(0.,0.,-1.));
#12731=DIRECTION('ref_axis',(0.743144825477395,-0.669130606358858,0.));
#12732=DIRECTION('center_axis',(0.,0.,1.));
#12733=DIRECTION('ref_axis',(-0.743144825477395,0.669130606358858,0.));
#12734=DIRECTION('center_axis',(0.,0.,1.));
#12735=DIRECTION('ref_axis',(-0.104528463267653,-0.994521895368274,0.));
#12736=DIRECTION($,(0.104528463267653,0.994521895368273,0.));
#12737=DIRECTION($,(0.994521895368273,-0.104528463267653,0.));
#12738=DIRECTION($,(-0.104528463267653,-0.994521895368273,0.));
#12739=DIRECTION($,(-0.994521895368273,0.104528463267653,0.));
#12740=DIRECTION('center_axis',(0.,0.,1.));
#12741=DIRECTION('ref_axis',(-0.104528463267653,-0.994521895368274,0.));
#12742=DIRECTION($,(0.994521895368273,-0.104528463267653,0.));
#12743=DIRECTION($,(0.104528463267653,0.994521895368273,0.));
#12744=DIRECTION($,(-0.994521895368273,0.104528463267653,0.));
#12745=DIRECTION($,(-0.104528463267653,-0.994521895368273,0.));
#12746=DIRECTION('center_axis',(0.994521895368273,-0.104528463267653,0.));
#12747=DIRECTION('ref_axis',(0.,0.,1.));
#12748=DIRECTION($,(0.,0.,-1.));
#12749=DIRECTION($,(0.104528463267653,0.994521895368273,0.));
#12750=DIRECTION($,(0.,0.,-1.));
#12751=DIRECTION('center_axis',(-0.994521895368273,0.104528463267653,0.));
#12752=DIRECTION('ref_axis',(0.,0.,-1.));
#12753=DIRECTION($,(0.,0.,-1.));
#12754=DIRECTION($,(0.,0.,-1.));
#12755=DIRECTION('center_axis',(0.,0.,1.));
#12756=DIRECTION('ref_axis',(-0.104528463267653,-0.994521895368274,0.));
#12757=DIRECTION($,(-0.994521895368273,0.104528463267653,0.));
#12758=DIRECTION($,(-0.104528463267653,-0.994521895368273,0.));
#12759=DIRECTION($,(0.994521895368274,-0.104528463267653,0.));
#12760=DIRECTION('center_axis',(0.104528463267653,0.994521895368273,0.));
#12761=DIRECTION('ref_axis',(0.,0.,1.));
#12762=DIRECTION($,(0.994521895368273,-0.104528463267653,0.));
#12763=DIRECTION($,(0.,0.,-1.));
#12764=DIRECTION($,(-0.994521895368273,0.104528463267653,0.));
#12765=DIRECTION($,(0.,0.,-1.));
#12766=DIRECTION('center_axis',(0.994521895368273,-0.104528463267653,0.));
#12767=DIRECTION('ref_axis',(0.,0.,1.));
#12768=DIRECTION($,(-0.104528463267653,-0.994521895368273,0.));
#12769=DIRECTION($,(0.,0.,-1.));
#12770=DIRECTION($,(0.104528463267653,0.994521895368273,0.));
#12771=DIRECTION('center_axis',(0.,0.,1.));
#12772=DIRECTION('ref_axis',(-0.104528463267653,-0.994521895368274,0.));
#12773=DIRECTION($,(0.994521895368273,-0.104528463267653,0.));
#12774=DIRECTION($,(-0.104528463267653,-0.994521895368273,0.));
#12775=DIRECTION('center_axis',(-0.104528463267653,-0.994521895368273,0.));
#12776=DIRECTION('ref_axis',(0.,0.,-1.));
#12777=DIRECTION($,(-0.994521895368273,0.104528463267653,0.));
#12778=DIRECTION($,(0.,0.,-1.));
#12779=DIRECTION('center_axis',(-0.994521895368273,0.104528463267653,0.));
#12780=DIRECTION('ref_axis',(0.,0.,-1.));
#12781=DIRECTION($,(0.104528463267653,0.994521895368273,0.));
#12782=DIRECTION('center_axis',(0.104528463267653,0.994521895368273,0.));
#12783=DIRECTION('ref_axis',(0.,0.,1.));
#12784=DIRECTION($,(0.994521895368273,-0.104528463267653,0.));
#12785=DIRECTION($,(0.,0.,-1.));
#12786=DIRECTION($,(-0.994521895368273,0.104528463267653,0.));
#12787=DIRECTION($,(0.,0.,-1.));
#12788=DIRECTION('center_axis',(0.994521895368273,-0.104528463267653,0.));
#12789=DIRECTION('ref_axis',(0.,0.,1.));
#12790=DIRECTION($,(-0.104528463267653,-0.994521895368273,0.));
#12791=DIRECTION($,(0.,0.,-1.));
#12792=DIRECTION($,(0.104528463267653,0.994521895368273,0.));
#12793=DIRECTION('center_axis',(0.,0.,1.));
#12794=DIRECTION('ref_axis',(-0.104528463267653,-0.994521895368274,0.));
#12795=DIRECTION($,(0.994521895368273,-0.104528463267653,0.));
#12796=DIRECTION($,(-0.104528463267653,-0.994521895368273,0.));
#12797=DIRECTION('center_axis',(-0.104528463267653,-0.994521895368273,0.));
#12798=DIRECTION('ref_axis',(0.,0.,-1.));
#12799=DIRECTION($,(-0.994521895368273,0.104528463267653,0.));
#12800=DIRECTION($,(0.,0.,-1.));
#12801=DIRECTION('center_axis',(-0.994521895368273,0.104528463267653,0.));
#12802=DIRECTION('ref_axis',(0.,0.,-1.));
#12803=DIRECTION($,(0.104528463267653,0.994521895368273,0.));
#12804=DIRECTION('center_axis',(0.104528463267653,0.994521895368273,0.));
#12805=DIRECTION('ref_axis',(0.,0.,1.));
#12806=DIRECTION($,(0.994521895368273,-0.104528463267653,0.));
#12807=DIRECTION($,(0.,0.,-1.));
#12808=DIRECTION($,(-0.994521895368273,0.104528463267653,0.));
#12809=DIRECTION($,(0.,0.,-1.));
#12810=DIRECTION('center_axis',(0.994521895368273,-0.104528463267653,0.));
#12811=DIRECTION('ref_axis',(0.,0.,1.));
#12812=DIRECTION($,(-0.104528463267653,-0.994521895368273,0.));
#12813=DIRECTION($,(0.,0.,-1.));
#12814=DIRECTION($,(0.104528463267653,0.994521895368273,0.));
#12815=DIRECTION('center_axis',(0.,0.,1.));
#12816=DIRECTION('ref_axis',(-0.104528463267653,-0.994521895368274,0.));
#12817=DIRECTION($,(0.994521895368273,-0.104528463267653,0.));
#12818=DIRECTION($,(-0.104528463267653,-0.994521895368273,0.));
#12819=DIRECTION('center_axis',(-0.104528463267653,-0.994521895368273,0.));
#12820=DIRECTION('ref_axis',(0.,0.,-1.));
#12821=DIRECTION($,(-0.994521895368273,0.104528463267653,0.));
#12822=DIRECTION($,(0.,0.,-1.));
#12823=DIRECTION('center_axis',(-0.994521895368273,0.104528463267653,0.));
#12824=DIRECTION('ref_axis',(0.,0.,-1.));
#12825=DIRECTION($,(0.104528463267653,0.994521895368273,0.));
#12826=DIRECTION('center_axis',(0.,0.,1.));
#12827=DIRECTION('ref_axis',(-0.104528463267653,-0.994521895368274,0.));
#12828=DIRECTION($,(0.104528463267653,0.994521895368273,0.));
#12829=DIRECTION($,(0.994521895368273,-0.104528463267653,0.));
#12830=DIRECTION($,(-0.104528463267653,-0.994521895368273,0.));
#12831=DIRECTION($,(-0.994521895368273,0.104528463267653,0.));
#12832=DIRECTION($,(0.104528463267653,0.994521895368273,0.));
#12833=DIRECTION($,(-0.994521895368273,0.104528463267653,0.));
#12834=DIRECTION($,(-0.104528463267653,-0.994521895368273,0.));
#12835=DIRECTION($,(0.994521895368273,-0.104528463267653,0.));
#12836=DIRECTION('center_axis',(0.104528463267653,0.994521895368273,0.));
#12837=DIRECTION('ref_axis',(0.,0.,1.));
#12838=DIRECTION($,(0.,0.,1.));
#12839=DIRECTION($,(0.,0.,1.));
#12840=DIRECTION('center_axis',(0.994521895368273,-0.104528463267653,0.));
#12841=DIRECTION('ref_axis',(0.,0.,1.));
#12842=DIRECTION($,(0.,0.,1.));
#12843=DIRECTION('center_axis',(-0.104528463267653,-0.994521895368273,0.));
#12844=DIRECTION('ref_axis',(0.,0.,-1.));
#12845=DIRECTION($,(0.,0.,-1.));
#12846=DIRECTION('center_axis',(-0.994521895368273,0.104528463267653,0.));
#12847=DIRECTION('ref_axis',(0.,0.,-1.));
#12848=DIRECTION('center_axis',(-0.994521895368273,0.104528463267653,0.));
#12849=DIRECTION('ref_axis',(0.,0.,-1.));
#12850=DIRECTION($,(0.,0.,-1.));
#12851=DIRECTION($,(-0.104528463267653,-0.994521895368273,0.));
#12852=DIRECTION($,(0.,0.,-1.));
#12853=DIRECTION('center_axis',(0.104528463267653,0.994521895368273,0.));
#12854=DIRECTION('ref_axis',(0.,0.,1.));
#12855=DIRECTION($,(0.,0.,-1.));
#12856=DIRECTION($,(-0.994521895368273,0.104528463267653,0.));
#12857=DIRECTION('center_axis',(0.,0.,1.));
#12858=DIRECTION('ref_axis',(-0.104528463267653,-0.994521895368274,0.));
#12859=DIRECTION($,(0.104528463267653,0.994521895368273,0.));
#12860=DIRECTION($,(0.994521895368273,-0.104528463267653,0.));
#12861=DIRECTION('center_axis',(0.994521895368273,-0.104528463267653,0.));
#12862=DIRECTION('ref_axis',(0.,0.,1.));
#12863=DIRECTION($,(0.,0.,-1.));
#12864=DIRECTION('center_axis',(-0.104528463267653,-0.994521895368273,0.));
#12865=DIRECTION('ref_axis',(0.,0.,-1.));
#12866=DIRECTION('center_axis',(-1.22464679914735E-016,0.,1.));
#12867=DIRECTION('ref_axis',(-1.,0.,-2.22044604925031E-016));
#12868=DIRECTION($,(1.,0.,1.22464679914735E-016));
#12869=DIRECTION($,(0.,1.,0.));
#12870=DIRECTION($,(-1.,0.,-1.22464679914735E-016));
#12871=DIRECTION($,(0.,-1.,0.));
#12872=DIRECTION($,(-1.,0.,-1.22464679914735E-016));
#12873=DIRECTION($,(0.,-1.,0.));
#12874=DIRECTION($,(1.,0.,1.22464679914735E-016));
#12875=DIRECTION($,(0.,1.,0.));
#12876=DIRECTION($,(-1.,0.,-1.22464679914735E-016));
#12877=DIRECTION($,(0.,-1.,0.));
#12878=DIRECTION($,(1.,0.,1.22464679914735E-016));
#12879=DIRECTION($,(0.,1.,0.));
#12880=DIRECTION($,(-1.,0.,-1.22464679914735E-016));
#12881=DIRECTION($,(0.,-1.,0.));
#12882=DIRECTION($,(1.,0.,1.22464679914735E-016));
#12883=DIRECTION($,(0.,1.,0.));
#12884=DIRECTION($,(1.,0.,1.22464679914735E-016));
#12885=DIRECTION($,(0.,-1.,0.));
#12886=DIRECTION($,(-1.,0.,-1.22464679914735E-016));
#12887=DIRECTION($,(0.,1.,0.));
#12888=DIRECTION('center_axis',(-1.,0.,-1.22464679914735E-016));
#12889=DIRECTION('ref_axis',(0.,0.,-1.));
#12890=DIRECTION($,(-1.22464679914735E-016,0.,1.));
#12891=DIRECTION($,(0.,-1.,0.));
#12892=DIRECTION($,(-1.22464679914735E-016,0.,1.));
#12893=DIRECTION('center_axis',(0.,1.,0.));
#12894=DIRECTION('ref_axis',(0.,0.,-1.));
#12895=DIRECTION($,(-1.,0.,-1.22464679914735E-016));
#12896=DIRECTION($,(-1.22464679914735E-016,0.,1.));
#12897=DIRECTION('center_axis',(1.,0.,1.22464679914735E-016));
#12898=DIRECTION('ref_axis',(0.,0.,1.));
#12899=DIRECTION($,(0.,1.,0.));
#12900=DIRECTION($,(-1.22464679914735E-016,0.,1.));
#12901=DIRECTION('center_axis',(0.,-1.,0.));
#12902=DIRECTION('ref_axis',(0.,0.,1.));
#12903=DIRECTION($,(1.,0.,1.22464679914735E-016));
#12904=DIRECTION('center_axis',(-1.22464679914735E-016,0.,1.));
#12905=DIRECTION('ref_axis',(-1.,0.,-2.22044604925031E-016));
#12906=DIRECTION('center_axis',(0.,1.,0.));
#12907=DIRECTION('ref_axis',(0.,0.,-1.));
#12908=DIRECTION($,(1.22464679914735E-016,0.,-1.));
#12909=DIRECTION($,(-1.22464679914735E-016,0.,1.));
#12910=DIRECTION($,(1.,0.,2.33486982377251E-016));
#12911=DIRECTION($,(1.22464679914735E-016,0.,-1.));
#12912=DIRECTION($,(1.,0.,2.33486982377251E-016));
#12913=DIRECTION($,(-1.22464679914735E-016,0.,1.));
#12914=DIRECTION($,(-1.,0.,-1.22464679914735E-016));
#12915=DIRECTION('center_axis',(0.,-1.,0.));
#12916=DIRECTION('ref_axis',(0.,0.,1.));
#12917=DIRECTION($,(-1.22464679914735E-016,0.,1.));
#12918=DIRECTION($,(1.,0.,1.22464679914735E-016));
#12919=DIRECTION($,(-1.22464679914735E-016,0.,1.));
#12920=DIRECTION($,(1.,0.,2.33486982377251E-016));
#12921=DIRECTION($,(-1.22464679914735E-016,0.,1.));
#12922=DIRECTION($,(1.,0.,2.33486982377251E-016));
#12923=DIRECTION($,(-1.22464679914735E-016,0.,1.));
#12924=DIRECTION('center_axis',(-1.,0.,-1.22464679914735E-016));
#12925=DIRECTION('ref_axis',(0.,0.,-1.));
#12926=DIRECTION($,(0.,-1.,0.));
#12927=DIRECTION($,(-1.22464679914735E-016,0.,1.));
#12928=DIRECTION('center_axis',(1.,0.,1.22464679914735E-016));
#12929=DIRECTION('ref_axis',(0.,0.,1.));
#12930=DIRECTION($,(0.,-1.,0.));
#12931=DIRECTION($,(-1.22464679914735E-016,0.,1.));
#12932=DIRECTION($,(0.,1.,0.));
#12933=DIRECTION('center_axis',(1.,0.,1.22464679914735E-016));
#12934=DIRECTION('ref_axis',(0.,0.,1.));
#12935=DIRECTION($,(0.,1.,0.));
#12936=DIRECTION($,(-1.22464679914735E-016,0.,1.));
#12937=DIRECTION('center_axis',(1.22464679914735E-016,0.,-1.));
#12938=DIRECTION('ref_axis',(1.,0.,1.11022302462516E-016));
#12939=DIRECTION($,(1.,0.,1.22464679914735E-016));
#12940=DIRECTION('center_axis',(0.,-1.,0.));
#12941=DIRECTION('ref_axis',(0.,0.,1.));
#12942=DIRECTION($,(1.,0.,2.33486982377251E-016));
#12943=DIRECTION($,(-1.22464679914735E-016,0.,1.));
#12944=DIRECTION($,(1.,0.,1.22464679914735E-016));
#12945=DIRECTION($,(1.22464679914735E-016,0.,-1.));
#12946=DIRECTION($,(-1.22464679914735E-016,0.,1.));
#12947=DIRECTION($,(1.,0.,2.33486982377251E-016));
#12948=DIRECTION('center_axis',(1.,0.,1.22464679914735E-016));
#12949=DIRECTION('ref_axis',(0.,0.,1.));
#12950=DIRECTION($,(0.,-1.,0.));
#12951=DIRECTION($,(0.,1.,0.));
#12952=DIRECTION($,(-1.22464679914735E-016,0.,1.));
#12953=DIRECTION('center_axis',(-1.,0.,-1.22464679914735E-016));
#12954=DIRECTION('ref_axis',(0.,0.,-1.));
#12955=DIRECTION($,(1.22464679914735E-016,0.,-1.));
#12956=DIRECTION($,(0.,-1.,0.));
#12957=DIRECTION('center_axis',(1.22464679914735E-016,0.,-1.));
#12958=DIRECTION('ref_axis',(1.,0.,1.11022302462516E-016));
#12959=DIRECTION($,(-1.,0.,-1.22464679914735E-016));
#12960=DIRECTION('center_axis',(1.,0.,1.22464679914735E-016));
#12961=DIRECTION('ref_axis',(0.,0.,1.));
#12962=DIRECTION($,(0.,1.,0.));
#12963=DIRECTION($,(-1.22464679914735E-016,0.,1.));
#12964=DIRECTION('center_axis',(1.,0.,1.22464679914735E-016));
#12965=DIRECTION('ref_axis',(0.,0.,1.));
#12966=DIRECTION($,(1.22464679914735E-016,0.,-1.));
#12967=DIRECTION($,(0.,-1.,0.));
#12968=DIRECTION($,(-1.22464679914735E-016,0.,1.));
#12969=DIRECTION($,(0.,-1.,0.));
#12970=DIRECTION('center_axis',(-1.,0.,-1.22464679914735E-016));
#12971=DIRECTION('ref_axis',(0.,0.,-1.));
#12972=DIRECTION($,(0.,-1.,0.));
#12973=DIRECTION($,(0.,-1.,0.));
#12974=DIRECTION('center_axis',(1.,0.,1.22464679914735E-016));
#12975=DIRECTION('ref_axis',(0.,0.,1.));
#12976=DIRECTION($,(-1.22464679914735E-016,0.,1.));
#12977=DIRECTION($,(0.,1.,0.));
#12978=DIRECTION('center_axis',(-1.,0.,-1.22464679914735E-016));
#12979=DIRECTION('ref_axis',(0.,0.,-1.));
#12980=DIRECTION($,(0.,-1.,0.));
#12981=DIRECTION($,(-1.22464679914735E-016,0.,1.));
#12982=DIRECTION('center_axis',(-1.,0.,-1.22464679914735E-016));
#12983=DIRECTION('ref_axis',(0.,0.,-1.));
#12984=DIRECTION($,(0.,1.,0.));
#12985=DIRECTION($,(-1.22464679914735E-016,0.,1.));
#12986=DIRECTION($,(0.,-1.,0.));
#12987=DIRECTION('center_axis',(1.22464679914735E-016,0.,-1.));
#12988=DIRECTION('ref_axis',(1.,0.,1.11022302462516E-016));
#12989=DIRECTION($,(-1.,0.,-1.22464679914735E-016));
#12990=DIRECTION('center_axis',(0.,1.,0.));
#12991=DIRECTION('ref_axis',(0.,0.,-1.));
#12992=DIRECTION($,(1.,0.,2.33486982377251E-016));
#12993=DIRECTION($,(1.,0.,2.33486982377251E-016));
#12994=DIRECTION('center_axis',(0.,1.,0.));
#12995=DIRECTION('ref_axis',(0.,0.,-1.));
#12996=DIRECTION($,(1.,0.,2.33486982377251E-016));
#12997=DIRECTION($,(-1.22464679914735E-016,0.,1.));
#12998=DIRECTION($,(-1.22464679914735E-016,0.,1.));
#12999=DIRECTION($,(-1.,0.,-1.22464679914735E-016));
#13000=DIRECTION($,(-1.22464679914735E-016,0.,1.));
#13001=DIRECTION($,(1.,0.,2.33486982377251E-016));
#13002=DIRECTION('center_axis',(0.,-1.,0.));
#13003=DIRECTION('ref_axis',(0.,0.,1.));
#13004=DIRECTION($,(1.22464679914735E-016,0.,-1.));
#13005=DIRECTION($,(-1.22464679914735E-016,0.,1.));
#13006=DIRECTION($,(1.,0.,2.33486982377251E-016));
#13007=DIRECTION($,(1.,0.,2.33486982377251E-016));
#13008=DIRECTION($,(-1.22464679914735E-016,0.,1.));
#13009=DIRECTION($,(1.,0.,1.22464679914735E-016));
#13010=DIRECTION('center_axis',(-1.,0.,-1.22464679914735E-016));
#13011=DIRECTION('ref_axis',(0.,0.,-1.));
#13012=DIRECTION($,(0.,-1.,0.));
#13013=DIRECTION($,(0.,-1.,0.));
#13014=DIRECTION('center_axis',(1.,0.,1.22464679914735E-016));
#13015=DIRECTION('ref_axis',(0.,0.,1.));
#13016=DIRECTION($,(0.,1.,0.));
#13017=DIRECTION('center_axis',(1.22464679914735E-016,0.,-1.));
#13018=DIRECTION('ref_axis',(1.,0.,1.11022302462516E-016));
#13019=DIRECTION('center_axis',(-1.,0.,-1.22464679914735E-016));
#13020=DIRECTION('ref_axis',(0.,0.,-1.));
#13021=DIRECTION($,(0.,1.,0.));
#13022=DIRECTION('center_axis',(2.33486982377251E-016,0.,-1.));
#13023=DIRECTION('ref_axis',(1.,0.,2.22044604925031E-016));
#13024=DIRECTION('center_axis',(-2.33486982377251E-016,0.,1.));
#13025=DIRECTION('ref_axis',(-1.,0.,-2.22044604925031E-016));
#13026=DIRECTION('center_axis',(-2.22044604925031E-016,1.,0.));
#13027=DIRECTION('ref_axis',(0.,0.,1.));
#13028=DIRECTION($,(-1.,-2.22044604925031E-016,0.));
#13029=DIRECTION($,(0.,0.,-1.));
#13030=DIRECTION($,(1.,2.22044604925031E-016,0.));
#13031=DIRECTION($,(0.,0.,-1.));
#13032=DIRECTION('center_axis',(2.22044604925031E-016,-1.,0.));
#13033=DIRECTION('ref_axis',(0.,0.,-1.));
#13034=DIRECTION($,(1.,2.22044604925031E-016,0.));
#13035=DIRECTION($,(0.,0.,-1.));
#13036=DIRECTION($,(-1.,-2.22044604925031E-016,0.));
#13037=DIRECTION($,(0.,0.,-1.));
#13038=DIRECTION('center_axis',(1.,2.22044604925031E-016,0.));
#13039=DIRECTION('ref_axis',(0.,0.,1.));
#13040=DIRECTION($,(-2.22044604925031E-016,1.,0.));
#13041=DIRECTION($,(2.22044604925031E-016,-1.,0.));
#13042=DIRECTION($,(-2.22044604925031E-016,1.,0.));
#13043=DIRECTION($,(0.,0.,-1.));
#13044=DIRECTION($,(2.22044604925031E-016,-1.,-2.22044604925031E-016));
#13045=DIRECTION($,(0.,0.,-1.));
#13046=DIRECTION('center_axis',(4.93038065763132E-032,-2.22044604925031E-016,
1.));
#13047=DIRECTION('ref_axis',(0.,-1.,-2.22044604925031E-016));
#13048=DIRECTION($,(2.22044604925031E-016,-1.,-2.22044604925031E-016));
#13049=DIRECTION($,(1.,2.22044604925031E-016,0.));
#13050=DIRECTION($,(-1.,-2.22044604925031E-016,0.));
#13051=DIRECTION('center_axis',(2.22044604925031E-016,-1.,0.));
#13052=DIRECTION('ref_axis',(0.,0.,-1.));
#13053=DIRECTION($,(1.,2.22044604925031E-016,0.));
#13054=DIRECTION($,(0.,0.,-1.));
#13055=DIRECTION('center_axis',(0.,0.,1.));
#13056=DIRECTION('ref_axis',(0.,-1.,0.));
#13057=DIRECTION($,(-2.22044604925031E-016,1.,0.));
#13058=DIRECTION('center_axis',(-1.,-2.22044604925031E-016,0.));
#13059=DIRECTION('ref_axis',(0.,0.,-1.));
#13060=DIRECTION($,(2.22044604925031E-016,-1.,0.));
#13061=DIRECTION($,(0.,0.,-1.));
#13062=DIRECTION($,(2.22044604925031E-016,-1.,0.));
#13063=DIRECTION('center_axis',(-2.22044604925031E-016,1.,0.));
#13064=DIRECTION('ref_axis',(0.,0.,1.));
#13065=DIRECTION($,(-1.,-2.22044604925031E-016,0.));
#13066=DIRECTION('center_axis',(0.,0.,1.));
#13067=DIRECTION('ref_axis',(1.,0.,0.));
#13068=DIRECTION($,(0.,1.,0.));
#13069=DIRECTION($,(-1.,0.,0.));
#13070=DIRECTION($,(0.,-1.,0.));
#13071=DIRECTION($,(1.,0.,0.));
#13072=DIRECTION('center_axis',(0.,0.,1.));
#13073=DIRECTION('ref_axis',(1.,0.,0.));
#13074=DIRECTION($,(0.,-1.,0.));
#13075=DIRECTION($,(1.,0.,0.));
#13076=DIRECTION($,(0.,1.,0.));
#13077=DIRECTION($,(-1.,0.,0.));
#13078=DIRECTION('center_axis',(0.,1.,0.));
#13079=DIRECTION('ref_axis',(0.,0.,1.));
#13080=DIRECTION($,(0.,0.,-1.));
#13081=DIRECTION($,(0.,0.,1.));
#13082=DIRECTION('center_axis',(1.,0.,0.));
#13083=DIRECTION('ref_axis',(0.,0.,-1.));
#13084=DIRECTION($,(0.,0.,1.));
#13085=DIRECTION('center_axis',(0.,-1.,0.));
#13086=DIRECTION('ref_axis',(0.,0.,-1.));
#13087=DIRECTION($,(0.,0.,-1.));
#13088=DIRECTION('center_axis',(-1.,0.,0.));
#13089=DIRECTION('ref_axis',(0.,0.,1.));
#13090=DIRECTION('center_axis',(-1.,0.,0.));
#13091=DIRECTION('ref_axis',(0.,0.,1.));
#13092=DIRECTION($,(0.,1.,0.));
#13093=DIRECTION($,(0.,0.,-1.));
#13094=DIRECTION($,(0.,-1.,0.));
#13095=DIRECTION($,(0.,0.,-1.));
#13096=DIRECTION('center_axis',(0.,1.,0.));
#13097=DIRECTION('ref_axis',(0.,0.,1.));
#13098=DIRECTION($,(1.,0.,0.));
#13099=DIRECTION($,(0.,0.,-1.));
#13100=DIRECTION($,(-1.,0.,0.));
#13101=DIRECTION('center_axis',(0.,0.,1.));
#13102=DIRECTION('ref_axis',(1.,0.,0.));
#13103=DIRECTION($,(0.,1.,0.));
#13104=DIRECTION($,(1.,0.,0.));
#13105=DIRECTION('center_axis',(1.,0.,0.));
#13106=DIRECTION('ref_axis',(0.,0.,-1.));
#13107=DIRECTION($,(0.,-1.,0.));
#13108=DIRECTION($,(0.,0.,-1.));
#13109=DIRECTION('center_axis',(0.,-1.,0.));
#13110=DIRECTION('ref_axis',(0.,0.,-1.));
#13111=DIRECTION($,(-1.,0.,0.));
#13112=DIRECTION('center_axis',(-1.,0.,0.));
#13113=DIRECTION('ref_axis',(0.,0.,1.));
#13114=DIRECTION($,(0.,1.,0.));
#13115=DIRECTION($,(0.,0.,-1.));
#13116=DIRECTION($,(0.,-1.,0.));
#13117=DIRECTION($,(0.,0.,-1.));
#13118=DIRECTION('center_axis',(0.,1.,0.));
#13119=DIRECTION('ref_axis',(0.,0.,1.));
#13120=DIRECTION($,(1.,0.,0.));
#13121=DIRECTION($,(0.,0.,-1.));
#13122=DIRECTION($,(-1.,0.,0.));
#13123=DIRECTION('center_axis',(0.,0.,1.));
#13124=DIRECTION('ref_axis',(1.,0.,0.));
#13125=DIRECTION($,(0.,1.,0.));
#13126=DIRECTION($,(1.,0.,0.));
#13127=DIRECTION('center_axis',(1.,0.,0.));
#13128=DIRECTION('ref_axis',(0.,0.,-1.));
#13129=DIRECTION($,(0.,-1.,0.));
#13130=DIRECTION($,(0.,0.,-1.));
#13131=DIRECTION('center_axis',(0.,-1.,0.));
#13132=DIRECTION('ref_axis',(0.,0.,-1.));
#13133=DIRECTION($,(-1.,0.,0.));
#13134=DIRECTION('center_axis',(-1.,0.,0.));
#13135=DIRECTION('ref_axis',(0.,0.,1.));
#13136=DIRECTION($,(0.,1.,0.));
#13137=DIRECTION($,(0.,0.,-1.));
#13138=DIRECTION($,(0.,-1.,0.));
#13139=DIRECTION($,(0.,0.,-1.));
#13140=DIRECTION('center_axis',(0.,1.,0.));
#13141=DIRECTION('ref_axis',(0.,0.,1.));
#13142=DIRECTION($,(1.,0.,0.));
#13143=DIRECTION($,(0.,0.,-1.));
#13144=DIRECTION($,(-1.,0.,0.));
#13145=DIRECTION('center_axis',(0.,0.,1.));
#13146=DIRECTION('ref_axis',(1.,0.,0.));
#13147=DIRECTION($,(0.,1.,0.));
#13148=DIRECTION($,(1.,0.,0.));
#13149=DIRECTION('center_axis',(1.,0.,0.));
#13150=DIRECTION('ref_axis',(0.,0.,-1.));
#13151=DIRECTION($,(0.,-1.,0.));
#13152=DIRECTION($,(0.,0.,-1.));
#13153=DIRECTION('center_axis',(0.,-1.,0.));
#13154=DIRECTION('ref_axis',(0.,0.,-1.));
#13155=DIRECTION($,(-1.,0.,0.));
#13156=DIRECTION('center_axis',(0.,0.,1.));
#13157=DIRECTION('ref_axis',(1.,0.,0.));
#13158=DIRECTION($,(-1.,0.,0.));
#13159=DIRECTION($,(0.,1.,0.));
#13160=DIRECTION($,(1.,0.,0.));
#13161=DIRECTION($,(0.,-1.,0.));
#13162=DIRECTION($,(-1.,0.,0.));
#13163=DIRECTION($,(0.,-1.,0.));
#13164=DIRECTION($,(1.,0.,0.));
#13165=DIRECTION($,(0.,1.,0.));
#13166=DIRECTION('center_axis',(-1.,0.,0.));
#13167=DIRECTION('ref_axis',(0.,0.,1.));
#13168=DIRECTION($,(0.,0.,1.));
#13169=DIRECTION($,(0.,-1.,0.));
#13170=DIRECTION($,(0.,0.,1.));
#13171=DIRECTION('center_axis',(0.,1.,0.));
#13172=DIRECTION('ref_axis',(0.,0.,1.));
#13173=DIRECTION($,(-1.,0.,0.));
#13174=DIRECTION($,(0.,0.,1.));
#13175=DIRECTION('center_axis',(1.,0.,0.));
#13176=DIRECTION('ref_axis',(0.,0.,-1.));
#13177=DIRECTION($,(0.,1.,0.));
#13178=DIRECTION($,(0.,0.,-1.));
#13179=DIRECTION('center_axis',(0.,-1.,0.));
#13180=DIRECTION('ref_axis',(0.,0.,-1.));
#13181=DIRECTION($,(1.,0.,0.));
#13182=DIRECTION('center_axis',(0.,-1.,0.));
#13183=DIRECTION('ref_axis',(0.,0.,-1.));
#13184=DIRECTION($,(0.,0.,-1.));
#13185=DIRECTION($,(1.,0.,0.));
#13186=DIRECTION($,(0.,0.,-1.));
#13187=DIRECTION('center_axis',(-1.,0.,0.));
#13188=DIRECTION('ref_axis',(0.,0.,1.));
#13189=DIRECTION($,(0.,0.,-1.));
#13190=DIRECTION($,(0.,-1.,0.));
#13191=DIRECTION('center_axis',(0.,0.,1.));
#13192=DIRECTION('ref_axis',(1.,0.,0.));
#13193=DIRECTION('center_axis',(0.,0.,1.));
#13194=DIRECTION('ref_axis',(1.,0.,0.));
#13195=DIRECTION($,(-1.,0.,0.));
#13196=DIRECTION($,(0.,1.,0.));
#13197=DIRECTION('center_axis',(0.,1.,0.));
#13198=DIRECTION('ref_axis',(0.,0.,1.));
#13199=DIRECTION($,(0.,0.,-1.));
#13200=DIRECTION('center_axis',(1.,0.,0.));
#13201=DIRECTION('ref_axis',(0.,0.,-1.));
#13202=DIRECTION('center_axis',(0.,0.,1.));
#13203=DIRECTION('ref_axis',(1.,0.,0.));
#13204=DIRECTION($,(0.,1.,0.));
#13205=DIRECTION($,(-1.,0.,0.));
#13206=DIRECTION($,(0.,-1.,0.));
#13207=DIRECTION($,(1.,0.,0.));
#13208=DIRECTION('center_axis',(0.,0.,1.));
#13209=DIRECTION('ref_axis',(1.,0.,0.));
#13210=DIRECTION($,(0.,-1.,0.));
#13211=DIRECTION($,(-1.,0.,0.));
#13212=DIRECTION($,(0.,1.,0.));
#13213=DIRECTION($,(1.,0.,0.));
#13214=DIRECTION('center_axis',(0.,1.,0.));
#13215=DIRECTION('ref_axis',(0.,0.,1.));
#13216=DIRECTION($,(0.,0.,-1.));
#13217=DIRECTION($,(0.,0.,-1.));
#13218=DIRECTION('center_axis',(1.,0.,0.));
#13219=DIRECTION('ref_axis',(0.,0.,-1.));
#13220=DIRECTION($,(0.,0.,-1.));
#13221=DIRECTION('center_axis',(0.,-1.,0.));
#13222=DIRECTION('ref_axis',(0.,0.,-1.));
#13223=DIRECTION($,(0.,0.,-1.));
#13224=DIRECTION('center_axis',(-1.,0.,0.));
#13225=DIRECTION('ref_axis',(0.,0.,1.));
#13226=DIRECTION('center_axis',(0.,0.,-1.));
#13227=DIRECTION('ref_axis',(0.,1.,0.));
#13228=DIRECTION('center_axis',(0.,0.,1.));
#13229=DIRECTION('ref_axis',(0.,1.,0.));
#13230=DIRECTION('center_axis',(0.,0.,1.));
#13231=DIRECTION('ref_axis',(1.,0.,0.));
#13232=CARTESIAN_POINT('',(0.,0.,0.));
#13233=CARTESIAN_POINT('Origin',(-4.76355875374215,2.21387369633324,0.226500000000038));
#13234=CARTESIAN_POINT('',(-4.73855875374215,2.21387369633324,0.251500000000038));
#13235=CARTESIAN_POINT('',(-4.73855875374215,2.21387369633324,1.10150000000003));
#13236=CARTESIAN_POINT($,(-4.73855875374215,2.21387369633324,0.226500000000038));
#13237=CARTESIAN_POINT('',(-4.67355875374216,2.21387369633324,0.251500000000038));
#13238=CARTESIAN_POINT($,(-2.44590737317615,2.21387369633324,0.251500000000038));
#13239=CARTESIAN_POINT('',(-4.67355875374216,2.21387369633324,1.10150000000003));
#13240=CARTESIAN_POINT($,(-4.67355875374216,2.21387369633324,0.226500000000038));
#13241=CARTESIAN_POINT($,(-2.44590737317615,2.21387369633324,1.10150000000003));
#13242=CARTESIAN_POINT('Origin',(-5.32355875374213,1.77387369633328,0.226500000000038));
#13243=CARTESIAN_POINT('',(-4.73855875374215,1.77387369633328,1.10150000000003));
#13244=CARTESIAN_POINT('',(-4.73855875374215,1.77387369633328,0.251500000000038));
#13245=CARTESIAN_POINT($,(-4.73855875374215,1.77387369633328,0.226500000000038));
#13246=CARTESIAN_POINT('',(-4.67355875374216,1.77387369633328,1.10150000000003));
#13247=CARTESIAN_POINT($,(-2.72590737317615,1.77387369633328,1.10150000000003));
#13248=CARTESIAN_POINT('',(-4.67355875374216,1.77387369633328,0.251500000000038));
#13249=CARTESIAN_POINT($,(-4.67355875374216,1.77387369633328,0.226500000000038));
#13250=CARTESIAN_POINT($,(-2.72590737317615,1.77387369633328,0.251500000000038));
#13251=CARTESIAN_POINT('Origin',(-5.32355875374213,1.77387369633328,0.226500000000038));
#13252=CARTESIAN_POINT('',(-5.34855875374213,1.77387369633328,0.251500000000038));
#13253=CARTESIAN_POINT('',(-5.34855875374213,1.77387369633328,1.10150000000003));
#13254=CARTESIAN_POINT($,(-5.34855875374213,1.77387369633328,0.226500000000038));
#13255=CARTESIAN_POINT('',(-5.41355875374212,1.77387369633328,0.251500000000038));
#13256=CARTESIAN_POINT($,(-2.72590737317615,1.77387369633328,0.251500000000038));
#13257=CARTESIAN_POINT('',(-5.41355875374212,1.77387369633328,1.10150000000003));
#13258=CARTESIAN_POINT($,(-5.41355875374212,1.77387369633328,0.226500000000038));
#13259=CARTESIAN_POINT($,(-2.72590737317615,1.77387369633328,1.10150000000003));
#13260=CARTESIAN_POINT('Origin',(-4.76355875374215,2.21387369633324,0.226500000000038));
#13261=CARTESIAN_POINT('',(-5.34855875374213,2.21387369633324,1.10150000000003));
#13262=CARTESIAN_POINT('',(-5.34855875374213,2.21387369633324,0.251500000000038));
#13263=CARTESIAN_POINT($,(-5.34855875374213,2.21387369633324,0.226500000000038));
#13264=CARTESIAN_POINT('',(-5.41355875374212,2.21387369633324,1.10150000000003));
#13265=CARTESIAN_POINT($,(-2.44590737317615,2.21387369633324,1.10150000000003));
#13266=CARTESIAN_POINT('',(-5.41355875374212,2.21387369633324,0.251500000000038));
#13267=CARTESIAN_POINT($,(-5.41355875374212,2.21387369633324,0.226500000000038));
#13268=CARTESIAN_POINT($,(-2.44590737317615,2.21387369633324,0.251500000000038));
#13269=CARTESIAN_POINT('Origin',(-0.128255992610164,1.29052186670131,0.251500000000038));
#13270=CARTESIAN_POINT('',(-4.73855875374215,2.27387369633325,0.251500000000038));
#13271=CARTESIAN_POINT($,(-4.73855875374215,1.4571977815173,0.251500000000038));
#13272=CARTESIAN_POINT('',(-5.34855875374213,2.27387369633325,0.251500000000038));
#13273=CARTESIAN_POINT($,(-2.40090737317616,2.27387369633325,0.251500000000038));
#13274=CARTESIAN_POINT($,(-5.34855875374213,1.82719778151728,0.251500000000038));
#13275=CARTESIAN_POINT($,(-5.41355875374212,1.78219778151728,0.251500000000038));
#13276=CARTESIAN_POINT('',(-5.34855875374213,1.71387369633327,0.251500000000038));
#13277=CARTESIAN_POINT($,(-5.34855875374213,1.82719778151728,0.251500000000038));
#13278=CARTESIAN_POINT('',(-4.73855875374215,1.71387369633327,0.251500000000038));
#13279=CARTESIAN_POINT($,(-2.77090737317614,1.71387369633327,0.251500000000038));
#13280=CARTESIAN_POINT($,(-4.73855875374215,1.4571977815173,0.251500000000038));
#13281=CARTESIAN_POINT($,(-4.67355875374216,1.50219778151729,0.251500000000038));
#13282=CARTESIAN_POINT('Origin',(-5.34855875374213,2.36387369633324,0.226500000000038));
#13283=CARTESIAN_POINT('',(-5.34855875374213,1.71387369633327,1.10150000000003));
#13284=CARTESIAN_POINT($,(-5.34855875374213,1.82719778151728,1.10150000000003));
#13285=CARTESIAN_POINT($,(-5.34855875374213,1.71387369633327,0.226500000000038));
#13286=CARTESIAN_POINT('Origin',(-4.73855875374215,1.62387369633328,0.226500000000038));
#13287=CARTESIAN_POINT('',(-4.73855875374215,1.71387369633327,1.10150000000003));
#13288=CARTESIAN_POINT($,(-4.73855875374215,1.71387369633327,0.226500000000038));
#13289=CARTESIAN_POINT($,(-4.73855875374215,1.4571977815173,1.10150000000003));
#13290=CARTESIAN_POINT('Origin',(-4.73855875374215,1.62387369633328,0.226500000000038));
#13291=CARTESIAN_POINT('',(-4.73855875374215,2.27387369633325,1.10150000000003));
#13292=CARTESIAN_POINT($,(-4.73855875374215,1.4571977815173,1.10150000000003));
#13293=CARTESIAN_POINT($,(-4.73855875374215,2.27387369633325,0.226500000000038));
#13294=CARTESIAN_POINT('Origin',(-0.128255992610164,1.29052186670131,1.10150000000003));
#13295=CARTESIAN_POINT('',(-5.34855875374213,2.27387369633325,1.10150000000003));
#13296=CARTESIAN_POINT($,(-5.34855875374213,1.82719778151728,1.10150000000003));
#13297=CARTESIAN_POINT($,(-2.40090737317616,2.27387369633325,1.10150000000003));
#13298=CARTESIAN_POINT($,(-4.67355875374216,1.50219778151729,1.10150000000003));
#13299=CARTESIAN_POINT($,(-2.77090737317614,1.71387369633327,1.10150000000003));
#13300=CARTESIAN_POINT($,(-5.41355875374212,1.78219778151728,1.10150000000003));
#13301=CARTESIAN_POINT('Origin',(-5.34855875374213,2.36387369633324,0.226500000000038));
#13302=CARTESIAN_POINT($,(-5.34855875374213,2.27387369633325,0.226500000000038));
#13303=CARTESIAN_POINT('Origin',(-5.41355875374212,2.27387369633325,0.226500000000038));
#13304=CARTESIAN_POINT('',(-5.41355875374212,1.71387369633327,0.226500000000038));
#13305=CARTESIAN_POINT('',(-5.41355875374212,2.27387369633325,0.226500000000038));
#13306=CARTESIAN_POINT($,(-5.41355875374212,1.71387369633327,0.226500000000038));
#13307=CARTESIAN_POINT('',(-5.41355875374212,1.71387369633327,1.12650000000003));
#13308=CARTESIAN_POINT($,(-5.41355875374212,1.71387369633327,0.226500000000038));
#13309=CARTESIAN_POINT('',(-5.41355875374212,2.27387369633325,1.12650000000003));
#13310=CARTESIAN_POINT($,(-5.41355875374212,4.59152507689925,1.12650000000003));
#13311=CARTESIAN_POINT($,(-5.41355875374212,2.27387369633325,0.226500000000038));
#13312=CARTESIAN_POINT('Origin',(-4.67355875374216,2.27387369633325,0.226500000000038));
#13313=CARTESIAN_POINT('',(-4.67355875374216,2.27387369633325,0.226500000000038));
#13314=CARTESIAN_POINT($,(-5.41355875374212,2.27387369633325,0.226500000000038));
#13315=CARTESIAN_POINT('',(-4.67355875374216,2.27387369633325,1.12650000000003));
#13316=CARTESIAN_POINT($,(-4.50688283892617,2.27387369633325,1.12650000000003));
#13317=CARTESIAN_POINT($,(-4.67355875374216,2.27387369633325,0.226500000000038));
#13318=CARTESIAN_POINT('Origin',(-4.67355875374216,1.71387369633327,0.226500000000038));
#13319=CARTESIAN_POINT('',(-4.67355875374216,1.71387369633327,0.226500000000038));
#13320=CARTESIAN_POINT($,(-4.67355875374216,2.27387369633325,0.226500000000038));
#13321=CARTESIAN_POINT('',(-4.67355875374216,1.71387369633327,1.12650000000003));
#13322=CARTESIAN_POINT($,(-4.67355875374216,4.31152507689925,1.12650000000003));
#13323=CARTESIAN_POINT($,(-4.67355875374216,1.71387369633327,0.226500000000038));
#13324=CARTESIAN_POINT('Origin',(-5.41355875374212,1.71387369633327,0.226500000000038));
#13325=CARTESIAN_POINT($,(-4.67355875374216,1.71387369633327,0.226500000000038));
#13326=CARTESIAN_POINT($,(-4.87688283892616,1.71387369633327,1.12650000000003));
#13327=CARTESIAN_POINT('Origin',(-4.34020692411019,6.90917645746524,1.12650000000003));
#13328=CARTESIAN_POINT('Origin',(-4.34020692411019,6.90917645746524,0.226500000000038));
#13329=CARTESIAN_POINT('Origin',(-6.94760513305664,1.70230448246002,1.24649999141693));
#13330=CARTESIAN_POINT('',(-6.93690189841869,1.71919947486265,1.19649999141693));
#13331=CARTESIAN_POINT('',(-6.93690189841869,1.71919947486265,1.34649999141693));
#13332=CARTESIAN_POINT($,(-6.93690189841869,1.71919947486265,1.24649999141693));
#13333=CARTESIAN_POINT('',(-6.92994037147877,1.71168297905581,1.19649999141693));
#13334=CARTESIAN_POINT('Origin',(-6.94760513305664,1.70230448246002,1.19649999141693));
#13335=CARTESIAN_POINT('',(-6.92994037147877,1.71168297905581,1.34649999141693));
#13336=CARTESIAN_POINT($,(-6.92994037147877,1.71168297905581,1.24649999141693));
#13337=CARTESIAN_POINT('Origin',(-6.94760513305664,1.70230448246002,1.34649999141693));
#13338=CARTESIAN_POINT('',(-6.92760513305664,1.70230448246002,1.14649999141693));
#13339=CARTESIAN_POINT('Origin',(-6.94760513305664,1.70230448246002,1.14650001049042));
#13340=CARTESIAN_POINT('Origin',(-6.94760513305664,1.70230448246002,1.34649999141693));
#13341=CARTESIAN_POINT($,(-6.93342113494873,1.71544122695923,1.34649999141693));
#13342=CARTESIAN_POINT('Origin',(-6.93342113494873,1.71544122695923,1.34649999141693));
#13343=CARTESIAN_POINT('',(-6.83149567403056,1.60539032775064,1.19649999141693));
#13344=CARTESIAN_POINT($,(-6.93342113494873,1.71544122695923,1.19649999141693));
#13345=CARTESIAN_POINT('',(-6.83149567403056,1.60539032775064,1.49649999141693));
#13346=CARTESIAN_POINT($,(-6.83149567403056,1.60539032775064,1.34649999141693));
#13347=CARTESIAN_POINT('',(-7.0353465958669,1.82549212616782,1.49649999141693));
#13348=CARTESIAN_POINT($,(-6.93342113494873,1.71544122695923,1.49649999141693));
#13349=CARTESIAN_POINT('',(-7.0353465958669,1.82549212616782,1.19649999141693));
#13350=CARTESIAN_POINT($,(-7.0353465958669,1.82549212616782,1.34649999141693));
#13351=CARTESIAN_POINT($,(-6.93342113494873,1.71544122695923,1.19649999141693));
#13352=CARTESIAN_POINT('Origin',(-6.8967375018792,1.74941638059862,1.34649999141693));
#13353=CARTESIAN_POINT('',(-6.99866296279737,1.85946727980721,1.19649999141693));
#13354=CARTESIAN_POINT('',(-6.99866296279737,1.85946727980721,1.49649999141693));
#13355=CARTESIAN_POINT($,(-6.99866296279737,1.85946727980721,1.34649999141693));
#13356=CARTESIAN_POINT('',(-6.79481204096103,1.63936548139003,1.49649999141693));
#13357=CARTESIAN_POINT($,(-6.8967375018792,1.74941638059862,1.49649999141693));
#13358=CARTESIAN_POINT('',(-6.79481204096103,1.63936548139003,1.19649999141693));
#13359=CARTESIAN_POINT($,(-6.79481204096103,1.63936548139003,1.34649999141693));
#13360=CARTESIAN_POINT($,(-6.8967375018792,1.74941638059862,1.19649999141693));
#13361=CARTESIAN_POINT('Origin',(-6.91507931841397,1.73242880377892,1.19649999141693));
#13362=CARTESIAN_POINT($,(-7.01700477933213,1.84247970298751,1.19649999141693));
#13363=CARTESIAN_POINT($,(-6.8131538574958,1.62237790457033,1.19649999141693));
#13364=CARTESIAN_POINT('Origin',(-6.8131538574958,1.62237790457033,1.34649999141693));
#13365=CARTESIAN_POINT($,(-6.8131538574958,1.62237790457033,1.49649999141693));
#13366=CARTESIAN_POINT('Origin',(-6.91507931841397,1.73242880377892,1.49649999141693));
#13367=CARTESIAN_POINT($,(-7.01700477933213,1.84247970298751,1.49649999141693));
#13368=CARTESIAN_POINT('Origin',(-7.01700477933213,1.84247970298751,1.34649999141693));
#13369=CARTESIAN_POINT('Origin',(-6.94760513305664,1.70230448246002,1.13650001049042));
#13370=CARTESIAN_POINT('',(-6.84760513305664,1.70230448246002,1.12650001049042));
#13371=CARTESIAN_POINT('Origin',(-6.94760513305664,1.70230448246002,1.12650001049042));
#13372=CARTESIAN_POINT('',(-6.84760513305664,1.70230448246002,1.14650001049042));
#13373=CARTESIAN_POINT('Origin',(-6.94760513305664,1.70230448246002,1.14650001049042));
#13374=CARTESIAN_POINT('Origin',(-6.94760513305664,1.70230448246002,1.12650001049042));
#13375=CARTESIAN_POINT('Origin',(-6.94760513305664,1.70230448246002,1.14650001049042));
#13376=CARTESIAN_POINT('Origin',(-6.78240350353968,1.84189881984266,1.17650001049042));
#13377=CARTESIAN_POINT('',(-6.7688553576015,1.66213105926909,1.17650001049042));
#13378=CARTESIAN_POINT('',(-6.61125320688016,1.78526335433422,1.17650001049042));
#13379=CARTESIAN_POINT($,(-6.69005428224083,1.72369720680165,1.17650001049042));
#13380=CARTESIAN_POINT('',(-6.79595164947786,2.02166658041623,1.17650001049042));
#13381=CARTESIAN_POINT($,(-6.70360242817901,1.90346496737522,1.17650001049042));
#13382=CARTESIAN_POINT('',(-6.9535538001992,1.8985342853511,1.17650001049042));
#13383=CARTESIAN_POINT($,(-6.87475272483853,1.96010043288367,1.17650001049042));
#13384=CARTESIAN_POINT($,(-6.86120457890035,1.78033267231009,1.17650001049042));
#13385=CARTESIAN_POINT('Origin',(-6.78240350353968,1.84189881984266,1.12650001049042));
#13386=CARTESIAN_POINT('',(-6.61125320688016,1.78526335433422,1.12650001049042));
#13387=CARTESIAN_POINT('',(-6.7688553576015,1.66213105926909,1.12650001049042));
#13388=CARTESIAN_POINT($,(-6.69005428224083,1.72369720680165,1.12650001049042));
#13389=CARTESIAN_POINT('',(-6.9535538001992,1.8985342853511,1.12650001049042));
#13390=CARTESIAN_POINT($,(-6.86120457890035,1.78033267231009,1.12650001049042));
#13391=CARTESIAN_POINT('',(-6.79595164947786,2.02166658041623,1.12650001049042));
#13392=CARTESIAN_POINT($,(-6.87475272483853,1.96010043288367,1.12650001049042));
#13393=CARTESIAN_POINT($,(-6.70360242817901,1.90346496737522,1.12650001049042));
#13394=CARTESIAN_POINT('Origin',(-6.86120457890035,1.78033267231009,1.15150001049042));
#13395=CARTESIAN_POINT($,(-6.9535538001992,1.8985342853511,1.15150001049042));
#13396=CARTESIAN_POINT($,(-6.7688553576015,1.66213105926909,1.15150001049042));
#13397=CARTESIAN_POINT('Origin',(-6.87475272483853,1.96010043288367,1.15150001049042));
#13398=CARTESIAN_POINT($,(-6.79595164947786,2.02166658041623,1.15150001049042));
#13399=CARTESIAN_POINT('Origin',(-6.70360242817901,1.90346496737522,1.15150001049042));
#13400=CARTESIAN_POINT($,(-6.61125320688016,1.78526335433422,1.15150001049042));
#13401=CARTESIAN_POINT('Origin',(-6.69005428224083,1.72369720680165,1.15150001049042));
#13402=CARTESIAN_POINT('Origin',(-6.47128677704974,1.57580911791439,0.726500000000035));
#13403=CARTESIAN_POINT('',(-7.07128677704974,1.57580911791439,0.226500000000038));
#13404=CARTESIAN_POINT('',(-7.07128677704974,1.57580911791439,1.07650000000003));
#13405=CARTESIAN_POINT($,(-7.07128677704974,1.57580911791439,0.476500000000037));
#13406=CARTESIAN_POINT('',(-6.67128677704974,1.57580911791439,0.226500000000038));
#13407=CARTESIAN_POINT($,(-5.40574685057997,1.57580911791439,0.226500000000038));
#13408=CARTESIAN_POINT('',(-6.67128677704974,1.57580911791439,1.07650000000003));
#13409=CARTESIAN_POINT($,(-6.67128677704974,1.57580911791439,0.476500000000037));
#13410=CARTESIAN_POINT($,(-5.40574685057997,1.57580911791439,1.07650000000003));
#13411=CARTESIAN_POINT('Origin',(-4.34020692411019,6.90917645746524,0.226500000000038));
#13412=CARTESIAN_POINT('',(-7.07128677704974,2.01580911791436,0.226500000000038));
#13413=CARTESIAN_POINT($,(-7.07128677704974,1.37580911791439,0.226500000000038));
#13414=CARTESIAN_POINT('',(-6.67128677704974,2.01580911791436,0.226500000000038));
#13415=CARTESIAN_POINT($,(-7.07128677704974,2.01580911791436,0.226500000000038));
#13416=CARTESIAN_POINT($,(-6.67128677704974,2.01580911791436,0.226500000000038));
#13417=CARTESIAN_POINT('Origin',(-6.67128677704974,2.01580911791436,0.226500000000038));
#13418=CARTESIAN_POINT('',(-7.07128677704974,2.01580911791436,1.07650000000003));
#13419=CARTESIAN_POINT($,(-7.07128677704974,2.01580911791436,0.226500000000038));
#13420=CARTESIAN_POINT('',(-6.67128677704974,2.01580911791436,1.07650000000003));
#13421=CARTESIAN_POINT($,(-5.50574685057997,2.01580911791436,1.07650000000003));
#13422=CARTESIAN_POINT($,(-6.67128677704974,2.01580911791436,0.226500000000038));
#13423=CARTESIAN_POINT('Origin',(-6.67128677704974,1.37580911791439,0.226500000000038));
#13424=CARTESIAN_POINT($,(-6.67128677704974,4.14249278768981,1.07650000000003));
#13425=CARTESIAN_POINT('Origin',(-7.07128677704974,2.01580911791436,0.226500000000038));
#13426=CARTESIAN_POINT($,(-7.07128677704974,4.4624927876898,1.07650000000003));
#13427=CARTESIAN_POINT('Origin',(-4.34020692411019,6.90917645746524,1.07650000000003));
#13428=CARTESIAN_POINT('Origin',(-7.030567256251,1.90663079391539,1.12650001049042));
#13429=CARTESIAN_POINT('',(-6.99904682610673,1.93125725292841,1.12650001049042));
#13430=CARTESIAN_POINT('Origin',(-7.030567256251,1.90663079391539,1.12650001049042));
#13431=CARTESIAN_POINT('Origin',(-7.030567256251,1.90663079391539,1.12650001049042));
#13432=CARTESIAN_POINT('Origin',(-7.39355875374214,1.57387369633326,0.726500082015991));
#13433=CARTESIAN_POINT('',(-7.19355875374214,1.59387369633326,0.726500005245225));
#13434=CARTESIAN_POINT('',(-7.59355875374214,1.59387369633326,0.726500005245225));
#13435=CARTESIAN_POINT($,(-7.00385084166669,1.59387369633326,0.726500005245225));
#13436=CARTESIAN_POINT('',(-7.59355875374214,1.59887369633326,0.726500082015991));
#13437=CARTESIAN_POINT($,(-7.59355875374214,1.57387369633326,0.726500082015991));
#13438=CARTESIAN_POINT('',(-7.19355875374214,1.59887369633326,0.726500082015991));
#13439=CARTESIAN_POINT($,(-7.39355875374214,1.59887369633326,0.726500082015991));
#13440=CARTESIAN_POINT($,(-7.19355875374214,1.57387369633326,0.726500082015991));
#13441=CARTESIAN_POINT('Origin',(-7.39355875374214,1.57387369633326,1.12650008201599));
#13442=CARTESIAN_POINT('',(-7.19355875374214,1.54887369633326,1.12650008201599));
#13443=CARTESIAN_POINT('',(-7.19355875374214,1.59887369633326,1.12650008201599));
#13444=CARTESIAN_POINT($,(-7.19355875374214,1.57387369633326,1.12650008201599));
#13445=CARTESIAN_POINT('',(-7.59355875374214,1.59887369633326,1.12650008201599));
#13446=CARTESIAN_POINT($,(-7.39355875374214,1.59887369633326,1.12650008201599));
#13447=CARTESIAN_POINT('',(-7.59355875374214,1.54887369633326,1.12650008201599));
#13448=CARTESIAN_POINT($,(-7.59355875374214,1.57387369633326,1.12650008201599));
#13449=CARTESIAN_POINT($,(-7.39355875374214,1.54887369633326,1.12650008201599));
#13450=CARTESIAN_POINT('Origin',(-7.39355875374214,1.54887369633326,0.926500082015991));
#13451=CARTESIAN_POINT('',(-7.59355875374214,1.54887369633326,0.726500082015991));
#13452=CARTESIAN_POINT($,(-7.59355875374214,1.54887369633326,0.926500082015991));
#13453=CARTESIAN_POINT('',(-7.19355875374214,1.54887369633326,0.726500082015991));
#13454=CARTESIAN_POINT($,(-7.31225794073401,1.54887369633326,0.726500011539456));
#13455=CARTESIAN_POINT($,(-7.19355875374214,1.54887369633326,0.926500082015991));
#13456=CARTESIAN_POINT('Origin',(-7.39355875374214,1.59887369633326,0.926500082015991));
#13457=CARTESIAN_POINT($,(-7.19355875374214,1.59887369633326,0.926500082015991));
#13458=CARTESIAN_POINT($,(-7.59355875374214,1.59887369633326,0.926500082015991));
#13459=CARTESIAN_POINT('Origin',(-7.23095712772587,1.53673083919041,0.726500011539456));
#13460=CARTESIAN_POINT('',(-7.59355875374214,1.19387369633326,0.726500005245225));
#13461=CARTESIAN_POINT($,(-7.59355875374214,3.24933896816614,0.726500005245225));
#13462=CARTESIAN_POINT('',(-7.19355875374214,1.19387369633326,0.726500005245225));
#13463=CARTESIAN_POINT($,(-7.24450124817076,1.19387369633326,0.726500005245225));
#13464=CARTESIAN_POINT($,(-7.19355875374214,3.04933896816615,0.726500005245225));
#13465=CARTESIAN_POINT('Origin',(-7.21063192447384,1.25101655347611,0.42650000839234));
#13466=CARTESIAN_POINT('',(-7.21063192447384,1.23315941061897,0.696500004930517));
#13467=CARTESIAN_POINT('',(-7.21063192447384,1.26887369633326,0.696500004930517));
#13468=CARTESIAN_POINT($,(-7.21063192447384,3.07791039673757,0.696500004930517));
#13469=CARTESIAN_POINT('',(-7.21063192447384,1.23315941061897,0.126500005245225));
#13470=CARTESIAN_POINT($,(-7.21063192447384,1.23315941061897,0.42650000839234));
#13471=CARTESIAN_POINT('',(-7.21063192447384,1.26887369633326,0.126500005245225));
#13472=CARTESIAN_POINT($,(-7.21063192447384,1.25101655347611,0.126500005245225));
#13473=CARTESIAN_POINT($,(-7.21063192447384,1.26887369633326,0.42650000839234));
#13474=CARTESIAN_POINT('Origin',(-7.23095712772587,1.23315941061897,0.42650000839234));
#13475=CARTESIAN_POINT('',(-7.2512823309779,1.23315941061897,0.696500004930517));
#13476=CARTESIAN_POINT($,(-7.06320043516263,1.23315941061897,0.696500004930517));
#13477=CARTESIAN_POINT('',(-7.2512823309779,1.23315941061897,0.126500005245225));
#13478=CARTESIAN_POINT($,(-7.2512823309779,1.23315941061897,0.42650000839234));
#13479=CARTESIAN_POINT($,(-7.23095712772587,1.23315941061897,0.126500005245225));
#13480=CARTESIAN_POINT('Origin',(-7.23095712772587,1.25101655347611,0.126500005245225));
#13481=CARTESIAN_POINT('',(-7.2512823309779,1.26887369633326,0.126500005245225));
#13482=CARTESIAN_POINT($,(-7.2512823309779,1.25101655347611,0.126500005245225));
#13483=CARTESIAN_POINT($,(-7.23095712772587,1.26887369633326,0.126500005245225));
#13484=CARTESIAN_POINT('Origin',(-7.2512823309779,1.25101655347611,0.42650000839234));
#13485=CARTESIAN_POINT('',(-7.2512823309779,1.26887369633326,0.696500004930517));
#13486=CARTESIAN_POINT($,(-7.2512823309779,3.07791039673757,0.696500004930517));
#13487=CARTESIAN_POINT($,(-7.2512823309779,1.26887369633326,0.42650000839234));
#13488=CARTESIAN_POINT('Origin',(-7.23095712772587,1.26887369633326,0.42650000839234));
#13489=CARTESIAN_POINT($,(-7.06320043516263,1.26887369633326,0.696500004930517));
#13490=CARTESIAN_POINT('Origin',(-7.53583517650637,1.25101655347611,0.42650000839234));
#13491=CARTESIAN_POINT('',(-7.53583517650637,1.23315941061897,0.696500004930517));
#13492=CARTESIAN_POINT('',(-7.53583517650637,1.26887369633326,0.696500004930517));
#13493=CARTESIAN_POINT($,(-7.53583517650637,3.07791039673757,0.696500004930517));
#13494=CARTESIAN_POINT('',(-7.53583517650637,1.23315941061897,0.126500005245225));
#13495=CARTESIAN_POINT($,(-7.53583517650637,1.23315941061897,0.42650000839234));
#13496=CARTESIAN_POINT('',(-7.53583517650637,1.26887369633326,0.126500005245225));
#13497=CARTESIAN_POINT($,(-7.53583517650637,1.25101655347611,0.126500005245225));
#13498=CARTESIAN_POINT($,(-7.53583517650637,1.26887369633326,0.42650000839234));
#13499=CARTESIAN_POINT('Origin',(-7.55616037975841,1.23315941061897,0.42650000839234));
#13500=CARTESIAN_POINT('',(-7.57648558301044,1.23315941061897,0.696500004930517));
#13501=CARTESIAN_POINT($,(-7.2258020611789,1.23315941061897,0.696500004930517));
#13502=CARTESIAN_POINT('',(-7.57648558301044,1.23315941061897,0.126500005245225));
#13503=CARTESIAN_POINT($,(-7.57648558301044,1.23315941061897,0.42650000839234));
#13504=CARTESIAN_POINT($,(-7.55616037975841,1.23315941061897,0.126500005245225));
#13505=CARTESIAN_POINT('Origin',(-7.55616037975841,1.25101655347611,0.126500005245225));
#13506=CARTESIAN_POINT('',(-7.57648558301044,1.26887369633326,0.126500005245225));
#13507=CARTESIAN_POINT($,(-7.57648558301044,1.25101655347611,0.126500005245225));
#13508=CARTESIAN_POINT($,(-7.55616037975841,1.26887369633326,0.126500005245225));
#13509=CARTESIAN_POINT('Origin',(-7.57648558301044,1.25101655347611,0.42650000839234));
#13510=CARTESIAN_POINT('',(-7.57648558301044,1.26887369633326,0.696500004930517));
#13511=CARTESIAN_POINT($,(-7.57648558301044,3.07791039673757,0.696500004930517));
#13512=CARTESIAN_POINT($,(-7.57648558301044,1.26887369633326,0.42650000839234));
#13513=CARTESIAN_POINT('Origin',(-7.55616037975841,1.26887369633326,0.42650000839234));
#13514=CARTESIAN_POINT($,(-7.2258020611789,1.26887369633326,0.696500004930517));
#13515=CARTESIAN_POINT('Origin',(-7.53583517650637,1.53673083919041,0.42650000839234));
#13516=CARTESIAN_POINT('',(-7.53583517650637,1.51887369633326,0.696500004930517));
#13517=CARTESIAN_POINT('',(-7.53583517650637,1.55458798204755,0.696500004930517));
#13518=CARTESIAN_POINT($,(-7.53583517650637,3.22076753959472,0.696500004930517));
#13519=CARTESIAN_POINT('',(-7.53583517650637,1.51887369633326,0.126500005245225));
#13520=CARTESIAN_POINT($,(-7.53583517650637,1.51887369633326,0.42650000839234));
#13521=CARTESIAN_POINT('',(-7.53583517650637,1.55458798204755,0.126500005245225));
#13522=CARTESIAN_POINT($,(-7.53583517650637,1.53673083919041,0.126500005245225));
#13523=CARTESIAN_POINT($,(-7.53583517650637,1.55458798204755,0.42650000839234));
#13524=CARTESIAN_POINT('Origin',(-7.55616037975841,1.51887369633326,0.42650000839234));
#13525=CARTESIAN_POINT('',(-7.57648558301044,1.51887369633326,0.696500004930517));
#13526=CARTESIAN_POINT($,(-7.2258020611789,1.51887369633326,0.696500004930517));
#13527=CARTESIAN_POINT('',(-7.57648558301044,1.51887369633326,0.126500005245225));
#13528=CARTESIAN_POINT($,(-7.57648558301044,1.51887369633326,0.42650000839234));
#13529=CARTESIAN_POINT($,(-7.55616037975841,1.51887369633326,0.126500005245225));
#13530=CARTESIAN_POINT('Origin',(-7.55616037975841,1.53673083919041,0.126500005245225));
#13531=CARTESIAN_POINT('',(-7.57648558301044,1.55458798204755,0.126500005245225));
#13532=CARTESIAN_POINT($,(-7.57648558301044,1.53673083919041,0.126500005245225));
#13533=CARTESIAN_POINT($,(-7.55616037975841,1.55458798204755,0.126500005245225));
#13534=CARTESIAN_POINT('Origin',(-7.57648558301044,1.53673083919041,0.42650000839234));
#13535=CARTESIAN_POINT('',(-7.57648558301044,1.55458798204755,0.696500004930517));
#13536=CARTESIAN_POINT($,(-7.57648558301044,3.22076753959472,0.696500004930517));
#13537=CARTESIAN_POINT($,(-7.57648558301044,1.55458798204755,0.42650000839234));
#13538=CARTESIAN_POINT('Origin',(-7.55616037975841,1.55458798204755,0.42650000839234));
#13539=CARTESIAN_POINT($,(-7.2258020611789,1.55458798204755,0.696500004930517));
#13540=CARTESIAN_POINT('Origin',(-6.89544374259938,4.90480423999903,0.696500004930517));
#13541=CARTESIAN_POINT('',(-7.19355875374214,1.19387369633326,0.696500004930517));
#13542=CARTESIAN_POINT('',(-7.59355875374214,1.19387369633326,0.696500004930517));
#13543=CARTESIAN_POINT($,(-7.11225794073401,1.19387369633326,0.696500004930517));
#13544=CARTESIAN_POINT('',(-7.59355875374214,1.59387369633326,0.696500004930517));
#13545=CARTESIAN_POINT($,(-7.59355875374214,1.19387369633326,0.696500004930517));
#13546=CARTESIAN_POINT('',(-7.19355875374214,1.59387369633326,0.696500004930517));
#13547=CARTESIAN_POINT($,(-7.59355875374214,1.59387369633326,0.696500004930517));
#13548=CARTESIAN_POINT($,(-7.19355875374214,3.04933896816615,0.696500004930517));
#13549=CARTESIAN_POINT('',(-7.21063192447384,1.51887369633326,0.696500004930517));
#13550=CARTESIAN_POINT('',(-7.2512823309779,1.51887369633326,0.696500004930517));
#13551=CARTESIAN_POINT($,(-7.06320043516263,1.51887369633326,0.696500004930517));
#13552=CARTESIAN_POINT('',(-7.21063192447384,1.55458798204755,0.696500004930517));
#13553=CARTESIAN_POINT($,(-7.21063192447384,3.22076753959472,0.696500004930517));
#13554=CARTESIAN_POINT('',(-7.2512823309779,1.55458798204755,0.696500004930517));
#13555=CARTESIAN_POINT($,(-7.06320043516263,1.55458798204755,0.696500004930517));
#13556=CARTESIAN_POINT($,(-7.2512823309779,3.22076753959472,0.696500004930517));
#13557=CARTESIAN_POINT('Origin',(-7.59355875374214,1.59387369633326,0.696500004930517));
#13558=CARTESIAN_POINT($,(-7.59355875374214,1.19387369633326,0.696500004930517));
#13559=CARTESIAN_POINT($,(-7.59355875374214,1.59387369633326,0.696500004930517));
#13560=CARTESIAN_POINT('Origin',(-7.11225794073401,1.59387369633326,0.696500004930517));
#13561=CARTESIAN_POINT($,(-7.19355875374214,1.59387369633326,0.696500004930517));
#13562=CARTESIAN_POINT('Origin',(-7.19355875374214,1.19387369633326,0.696500004930517));
#13563=CARTESIAN_POINT($,(-7.19355875374214,1.19387369633326,0.696500004930517));
#13564=CARTESIAN_POINT('Origin',(-7.59355875374214,1.19387369633326,0.696500004930517));
#13565=CARTESIAN_POINT('Origin',(-7.23095712772587,1.55458798204755,0.42650000839234));
#13566=CARTESIAN_POINT('',(-7.21063192447384,1.55458798204755,0.126500005245225));
#13567=CARTESIAN_POINT($,(-7.21063192447384,1.55458798204755,0.42650000839234));
#13568=CARTESIAN_POINT('',(-7.2512823309779,1.55458798204755,0.126500005245225));
#13569=CARTESIAN_POINT($,(-7.23095712772587,1.55458798204755,0.126500005245225));
#13570=CARTESIAN_POINT($,(-7.2512823309779,1.55458798204755,0.42650000839234));
#13571=CARTESIAN_POINT('Origin',(-7.21063192447384,1.53673083919041,0.42650000839234));
#13572=CARTESIAN_POINT('',(-7.21063192447384,1.51887369633326,0.126500005245225));
#13573=CARTESIAN_POINT($,(-7.21063192447384,1.51887369633326,0.42650000839234));
#13574=CARTESIAN_POINT($,(-7.21063192447384,1.53673083919041,0.126500005245225));
#13575=CARTESIAN_POINT('Origin',(-7.23095712772587,1.53673083919041,0.126500005245225));
#13576=CARTESIAN_POINT('',(-7.2512823309779,1.51887369633326,0.126500005245225));
#13577=CARTESIAN_POINT($,(-7.23095712772587,1.51887369633326,0.126500005245225));
#13578=CARTESIAN_POINT($,(-7.2512823309779,1.53673083919041,0.126500005245225));
#13579=CARTESIAN_POINT('Origin',(-7.23095712772587,1.51887369633326,0.42650000839234));
#13580=CARTESIAN_POINT($,(-7.2512823309779,1.51887369633326,0.42650000839234));
#13581=CARTESIAN_POINT('Origin',(-7.2512823309779,1.53673083919041,0.42650000839234));
#13582=CARTESIAN_POINT('Origin',(-5.88034066974081,1.73112750828928,0.726500082015991));
#13583=CARTESIAN_POINT('',(-6.06886690193643,1.80082585672111,0.726500005245225));
#13584=CARTESIAN_POINT('',(-5.70934928341676,1.62547739800548,0.726500005245225));
#13585=CARTESIAN_POINT($,(-6.23937524384568,1.88398833169258,0.726500005245225));
#13586=CARTESIAN_POINT('',(-5.71154113915071,1.62098342777398,0.726500082015991));
#13587=CARTESIAN_POINT($,(-5.70058186048098,1.64345327893146,0.726500082015991));
#13588=CARTESIAN_POINT('',(-6.07105875767037,1.79633188648961,0.726500082015991));
#13589=CARTESIAN_POINT($,(-5.89129994841054,1.7086576571318,0.726500082015991));
#13590=CARTESIAN_POINT($,(-6.06009947900065,1.81880173764709,0.726500082015991));
#13591=CARTESIAN_POINT('Origin',(-5.88034066974081,1.73112750828928,1.12650008201599));
#13592=CARTESIAN_POINT('',(-6.04914020033092,1.84127158880457,1.12650008201599));
#13593=CARTESIAN_POINT('',(-6.07105875767037,1.79633188648961,1.12650008201599));
#13594=CARTESIAN_POINT($,(-6.06009947900065,1.81880173764709,1.12650008201599));
#13595=CARTESIAN_POINT('',(-5.71154113915071,1.62098342777398,1.12650008201599));
#13596=CARTESIAN_POINT($,(-5.89129994841054,1.7086576571318,1.12650008201599));
#13597=CARTESIAN_POINT('',(-5.68962258181125,1.66592313008894,1.12650008201599));
#13598=CARTESIAN_POINT($,(-5.70058186048098,1.64345327893146,1.12650008201599));
#13599=CARTESIAN_POINT($,(-5.86938139107109,1.75359735944676,1.12650008201599));
#13600=CARTESIAN_POINT('Origin',(-5.86938139107109,1.75359735944676,0.926500082015991));
#13601=CARTESIAN_POINT('',(-5.68962258181125,1.66592313008894,0.726500082015991));
#13602=CARTESIAN_POINT($,(-5.68962258181125,1.66592313008894,0.926500082015991));
#13603=CARTESIAN_POINT('',(-6.04914020033092,1.84127158880457,0.726500082015991));
#13604=CARTESIAN_POINT($,(-5.94245407776208,1.78923729008002,0.726500011539456));
#13605=CARTESIAN_POINT($,(-6.04914020033092,1.84127158880457,0.926500082015991));
#13606=CARTESIAN_POINT('Origin',(-5.89129994841054,1.7086576571318,0.926500082015991));
#13607=CARTESIAN_POINT($,(-6.07105875767037,1.79633188648961,0.926500082015991));
#13608=CARTESIAN_POINT($,(-5.71154113915071,1.62098342777398,0.926500082015991));
#13609=CARTESIAN_POINT('Origin',(-6.01020368624206,1.83579114841833,0.726500011539456));
#13610=CARTESIAN_POINT('',(-5.53400082470113,1.98499501652514,0.726500005245225));
#13611=CARTESIAN_POINT($,(-6.43505749309963,0.137555067827049,0.726500005245225));
#13612=CARTESIAN_POINT('',(-5.8935184432208,2.16034347524077,0.726500005245225));
#13613=CARTESIAN_POINT($,(-5.84773163252472,2.1380117555378,0.726500005245225));
#13614=CARTESIAN_POINT($,(-6.70690088226149,0.492662335802513,0.726500005245225));
#13615=CARTESIAN_POINT('Origin',(-5.90322295883222,2.10149943001927,0.42650000839234));
#13616=CARTESIAN_POINT('',(-5.89539490263955,2.11754932370319,0.696500004930517));
#13617=CARTESIAN_POINT('',(-5.91105101502488,2.08544953633536,0.696500004930517));
#13618=CARTESIAN_POINT($,(-6.70408050796464,0.459498120475273,0.696500004930517));
#13619=CARTESIAN_POINT('',(-5.89539490263955,2.11754932370319,0.126500005245225));
#13620=CARTESIAN_POINT($,(-5.89539490263955,2.11754932370319,0.42650000839234));
#13621=CARTESIAN_POINT('',(-5.91105101502488,2.08544953633536,0.126500005245225));
#13622=CARTESIAN_POINT($,(-5.90322295883222,2.10149943001927,0.126500005245225));
#13623=CARTESIAN_POINT($,(-5.91105101502488,2.08544953633536,0.42650000839234));
#13624=CARTESIAN_POINT('Origin',(-5.8771267309668,2.10863934104487,0.42650000839234));
#13625=CARTESIAN_POINT('',(-5.85885855929406,2.09972935838656,0.696500004930517));
#13626=CARTESIAN_POINT($,(-6.02790544746949,2.18217903474537,0.696500004930517));
#13627=CARTESIAN_POINT('',(-5.85885855929406,2.09972935838656,0.126500005245225));
#13628=CARTESIAN_POINT($,(-5.85885855929406,2.09972935838656,0.42650000839234));
#13629=CARTESIAN_POINT($,(-5.8771267309668,2.10863934104487,0.126500005245225));
#13630=CARTESIAN_POINT('Origin',(-5.88495478715947,2.09258944736096,0.126500005245225));
#13631=CARTESIAN_POINT('',(-5.87451467167938,2.06762957101873,0.126500005245225));
#13632=CARTESIAN_POINT($,(-5.86668661548672,2.08367946470264,0.126500005245225));
#13633=CARTESIAN_POINT($,(-5.89278284335213,2.07653955367705,0.126500005245225));
#13634=CARTESIAN_POINT('Origin',(-5.86668661548672,2.08367946470264,0.42650000839234));
#13635=CARTESIAN_POINT('',(-5.87451467167938,2.06762957101873,0.696500004930517));
#13636=CARTESIAN_POINT($,(-6.66754416461915,0.441678155158644,0.696500004930517));
#13637=CARTESIAN_POINT($,(-5.87451467167938,2.06762957101873,0.42650000839234));
#13638=CARTESIAN_POINT('Origin',(-5.89278284335213,2.07653955367705,0.42650000839234));
#13639=CARTESIAN_POINT($,(-6.04356155985481,2.15007924737754,0.696500004930517));
#13640=CARTESIAN_POINT('Origin',(-5.61093221206824,1.95893970748623,0.42650000839234));
#13641=CARTESIAN_POINT('',(-5.60310415587558,1.97498960117015,0.696500004930517));
#13642=CARTESIAN_POINT('',(-5.61876026826091,1.94288981380232,0.696500004930517));
#13643=CARTESIAN_POINT($,(-6.41178976120067,0.316938397942233,0.696500004930517));
#13644=CARTESIAN_POINT('',(-5.60310415587558,1.97498960117015,0.126500005245225));
#13645=CARTESIAN_POINT($,(-5.60310415587558,1.97498960117015,0.42650000839234));
#13646=CARTESIAN_POINT('',(-5.61876026826091,1.94288981380232,0.126500005245225));
#13647=CARTESIAN_POINT($,(-5.61093221206824,1.95893970748623,0.126500005245225));
#13648=CARTESIAN_POINT($,(-5.61876026826091,1.94288981380232,0.42650000839234));
#13649=CARTESIAN_POINT('Origin',(-5.58483598420283,1.96607961851183,0.42650000839234));
#13650=CARTESIAN_POINT('',(-5.56656781253008,1.95716963585352,0.696500004930517));
#13651=CARTESIAN_POINT($,(-5.8817600740875,2.11089917347885,0.696500004930517));
#13652=CARTESIAN_POINT('',(-5.56656781253008,1.95716963585352,0.126500005245225));
#13653=CARTESIAN_POINT($,(-5.56656781253008,1.95716963585352,0.42650000839234));
#13654=CARTESIAN_POINT($,(-5.58483598420283,1.96607961851183,0.126500005245225));
#13655=CARTESIAN_POINT('Origin',(-5.59266404039549,1.95002972482792,0.126500005245225));
#13656=CARTESIAN_POINT('',(-5.58222392491541,1.92506984848569,0.126500005245225));
#13657=CARTESIAN_POINT($,(-5.57439586872275,1.9411197421696,0.126500005245225));
#13658=CARTESIAN_POINT($,(-5.60049209658816,1.933979831144,0.126500005245225));
#13659=CARTESIAN_POINT('Origin',(-5.57439586872275,1.9411197421696,0.42650000839234));
#13660=CARTESIAN_POINT('',(-5.58222392491541,1.92506984848569,0.696500004930517));
#13661=CARTESIAN_POINT($,(-6.37525341785518,0.299118432625602,0.696500004930517));
#13662=CARTESIAN_POINT($,(-5.58222392491541,1.92506984848569,0.42650000839234));
#13663=CARTESIAN_POINT('Origin',(-5.60049209658816,1.933979831144,0.42650000839234));
#13664=CARTESIAN_POINT($,(-5.89741618647283,2.07879938611102,0.696500004930517));
#13665=CARTESIAN_POINT('Origin',(-5.73618111115084,1.70214140854361,0.42650000839234));
#13666=CARTESIAN_POINT('',(-5.72835305495818,1.71819130222752,0.696500004930517));
#13667=CARTESIAN_POINT('',(-5.7440091673435,1.6860915148597,0.696500004930517));
#13668=CARTESIAN_POINT($,(-6.47441421074197,0.188539248470921,0.696500004930517));
#13669=CARTESIAN_POINT('',(-5.72835305495818,1.71819130222752,0.126500005245225));
#13670=CARTESIAN_POINT($,(-5.72835305495818,1.71819130222752,0.42650000839234));
#13671=CARTESIAN_POINT('',(-5.7440091673435,1.6860915148597,0.126500005245225));
#13672=CARTESIAN_POINT($,(-5.73618111115084,1.70214140854361,0.126500005245225));
#13673=CARTESIAN_POINT($,(-5.7440091673435,1.6860915148597,0.42650000839234));
#13674=CARTESIAN_POINT('Origin',(-5.71008488328543,1.70928131956921,0.42650000839234));
#13675=CARTESIAN_POINT('',(-5.69181671161268,1.70037133691089,0.696500004930517));
#13676=CARTESIAN_POINT($,(-6.0070089731701,1.85410087453622,0.696500004930517));
#13677=CARTESIAN_POINT('',(-5.69181671161268,1.70037133691089,0.126500005245225));
#13678=CARTESIAN_POINT($,(-5.69181671161268,1.70037133691089,0.42650000839234));
#13679=CARTESIAN_POINT($,(-5.71008488328543,1.70928131956921,0.126500005245225));
#13680=CARTESIAN_POINT('Origin',(-5.71791293947809,1.69323142588529,0.126500005245225));
#13681=CARTESIAN_POINT('',(-5.707472823998,1.66827154954307,0.126500005245225));
#13682=CARTESIAN_POINT($,(-5.69964476780534,1.68432144322698,0.126500005245225));
#13683=CARTESIAN_POINT($,(-5.72574099567075,1.67718153220138,0.126500005245225));
#13684=CARTESIAN_POINT('Origin',(-5.69964476780534,1.68432144322698,0.42650000839234));
#13685=CARTESIAN_POINT('',(-5.707472823998,1.66827154954307,0.696500004930517));
#13686=CARTESIAN_POINT($,(-6.43787786739647,0.17071928315429,0.696500004930517));
#13687=CARTESIAN_POINT($,(-5.707472823998,1.66827154954307,0.42650000839234));
#13688=CARTESIAN_POINT('Origin',(-5.72574099567075,1.67718153220138,0.42650000839234));
#13689=CARTESIAN_POINT($,(-6.02266508555542,1.82200108716839,0.696500004930517));
#13690=CARTESIAN_POINT('Origin',(-7.78822731842969,-1.04433378432606,0.696500004930517));
#13691=CARTESIAN_POINT('',(-5.8935184432208,2.16034347524078,0.696500004930517));
#13692=CARTESIAN_POINT('',(-5.53400082470113,1.98499501652514,0.696500004930517));
#13693=CARTESIAN_POINT($,(-5.96659112991179,2.19598340587404,0.696500004930517));
#13694=CARTESIAN_POINT('',(-5.70934928341676,1.62547739800548,0.696500004930517));
#13695=CARTESIAN_POINT($,(-5.53400082470113,1.98499501652514,0.696500004930517));
#13696=CARTESIAN_POINT('',(-6.06886690193643,1.80082585672111,0.696500004930517));
#13697=CARTESIAN_POINT($,(-5.70934928341676,1.62547739800548,0.696500004930517));
#13698=CARTESIAN_POINT($,(-6.70690088226149,0.492662335802513,0.696500004930517));
#13699=CARTESIAN_POINT('',(-6.02064380172215,1.86075102476056,0.696500004930517));
#13700=CARTESIAN_POINT('',(-5.98410745837665,1.84293105944393,0.696500004930517));
#13701=CARTESIAN_POINT($,(-6.15315434655208,1.92538073580274,0.696500004930517));
#13702=CARTESIAN_POINT('',(-6.03629991410747,1.82865123739274,0.696500004930517));
#13703=CARTESIAN_POINT($,(-6.76670495750594,0.331098971003962,0.696500004930517));
#13704=CARTESIAN_POINT('',(-5.99976357076198,1.81083127207611,0.696500004930517));
#13705=CARTESIAN_POINT($,(-6.16881045893741,1.89328094843491,0.696500004930517));
#13706=CARTESIAN_POINT($,(-6.73016861416045,0.313279005687331,0.696500004930517));
#13707=CARTESIAN_POINT('Origin',(-5.70934928341676,1.62547739800548,0.696500004930517));
#13708=CARTESIAN_POINT($,(-5.53400082470113,1.98499501652514,0.696500004930517));
#13709=CARTESIAN_POINT($,(-5.70934928341676,1.62547739800548,0.696500004930517));
#13710=CARTESIAN_POINT('Origin',(-6.14193958862742,1.83646578735437,0.696500004930517));
#13711=CARTESIAN_POINT($,(-6.06886690193643,1.80082585672111,0.696500004930517));
#13712=CARTESIAN_POINT('Origin',(-5.8935184432208,2.16034347524078,0.696500004930517));
#13713=CARTESIAN_POINT($,(-5.8935184432208,2.16034347524077,0.696500004930517));
#13714=CARTESIAN_POINT('Origin',(-5.53400082470113,1.98499501652514,0.696500004930517));
#13715=CARTESIAN_POINT('Origin',(-6.01803174243472,1.81974125473442,0.42650000839234));
#13716=CARTESIAN_POINT('',(-6.03629991410747,1.82865123739274,0.126500005245225));
#13717=CARTESIAN_POINT($,(-6.03629991410747,1.82865123739274,0.42650000839234));
#13718=CARTESIAN_POINT('',(-5.99976357076198,1.81083127207611,0.126500005245225));
#13719=CARTESIAN_POINT($,(-6.01803174243472,1.81974125473442,0.126500005245225));
#13720=CARTESIAN_POINT($,(-5.99976357076198,1.81083127207611,0.42650000839234));
#13721=CARTESIAN_POINT('Origin',(-6.02847185791481,1.84470113107665,0.42650000839234));
#13722=CARTESIAN_POINT('',(-6.02064380172215,1.86075102476056,0.126500005245225));
#13723=CARTESIAN_POINT($,(-6.02064380172215,1.86075102476056,0.42650000839234));
#13724=CARTESIAN_POINT($,(-6.02847185791481,1.84470113107665,0.126500005245225));
#13725=CARTESIAN_POINT('Origin',(-6.01020368624206,1.83579114841833,0.126500005245225));
#13726=CARTESIAN_POINT('',(-5.98410745837665,1.84293105944393,0.126500005245225));
#13727=CARTESIAN_POINT($,(-6.0023756300494,1.85184104210225,0.126500005245225));
#13728=CARTESIAN_POINT($,(-5.99193551456931,1.82688116576002,0.126500005245225));
#13729=CARTESIAN_POINT('Origin',(-6.0023756300494,1.85184104210225,0.42650000839234));
#13730=CARTESIAN_POINT($,(-5.98410745837665,1.84293105944393,0.42650000839234));
#13731=CARTESIAN_POINT('Origin',(-5.99193551456931,1.82688116576002,0.42650000839234));
#13732=CARTESIAN_POINT('Origin',(-6.87128677704974,1.79580911791437,1.07650000000003));
#13733=CARTESIAN_POINT('',(-6.67128677704974,2.01580911791436,1.07650000000003));
#13734=CARTESIAN_POINT('',(-7.07128677704974,2.01580911791436,1.07650000000003));
#13735=CARTESIAN_POINT($,(-6.77128677704974,2.01580911791436,1.07650000000003));
#13736=CARTESIAN_POINT('',(-6.67128677704974,1.57580911791439,1.07650000000003));
#13737=CARTESIAN_POINT($,(-6.67128677704974,1.58580911791438,1.07650000000003));
#13738=CARTESIAN_POINT('',(-7.07128677704974,1.57580911791439,1.07650000000003));
#13739=CARTESIAN_POINT($,(-6.67128677704974,1.57580911791439,1.07650000000003));
#13740=CARTESIAN_POINT($,(-7.07128677704974,1.90580911791437,1.07650000000003));
#13741=CARTESIAN_POINT('Origin',(-6.47128677704974,1.57580911791439,0.726500000000035));
#13742=CARTESIAN_POINT('',(-6.67128677704974,1.57580911791439,1.12650000000003));
#13743=CARTESIAN_POINT($,(-6.67128677704974,1.57580911791439,0.476500000000037));
#13744=CARTESIAN_POINT('',(-7.07128677704974,1.57580911791439,1.12650000000003));
#13745=CARTESIAN_POINT($,(-5.40574685057997,1.57580911791439,1.12650000000003));
#13746=CARTESIAN_POINT($,(-7.07128677704974,1.57580911791439,0.476500000000037));
#13747=CARTESIAN_POINT('Origin',(-6.67128677704974,1.37580911791439,0.226500000000038));
#13748=CARTESIAN_POINT('',(-6.67128677704974,2.01580911791436,1.12650000000003));
#13749=CARTESIAN_POINT($,(-6.67128677704974,2.01580911791436,0.226500000000038));
#13750=CARTESIAN_POINT($,(-6.67128677704974,4.14249278768981,1.12650000000003));
#13751=CARTESIAN_POINT('Origin',(-6.67128677704974,2.01580911791436,0.226500000000038));
#13752=CARTESIAN_POINT('',(-7.07128677704974,2.01580911791436,1.12650000000003));
#13753=CARTESIAN_POINT($,(-7.07128677704974,2.01580911791436,0.226500000000038));
#13754=CARTESIAN_POINT($,(-5.50574685057997,2.01580911791436,1.12650000000003));
#13755=CARTESIAN_POINT('Origin',(-7.07128677704974,2.01580911791436,0.226500000000038));
#13756=CARTESIAN_POINT($,(-7.07128677704974,4.4624927876898,1.12650000000003));
#13757=CARTESIAN_POINT('Origin',(-4.34020692411019,6.90917645746524,1.12650000000003));
#13758=CARTESIAN_POINT('Origin',(-6.72128677704974,1.94580911791437,0.226500000000038));
#13759=CARTESIAN_POINT('',(-6.67128677704974,1.89580911791437,0.226500000000038));
#13760=CARTESIAN_POINT('',(-6.67128677704974,1.99580911791437,0.226500000000038));
#13761=CARTESIAN_POINT($,(-6.67128677704974,1.94580911791437,0.226500000000038));
#13762=CARTESIAN_POINT('',(-6.77128677704974,1.99580911791437,0.226500000000038));
#13763=CARTESIAN_POINT($,(-6.72128677704974,1.99580911791437,0.226500000000038));
#13764=CARTESIAN_POINT('',(-6.77128677704974,1.89580911791437,0.226500000000038));
#13765=CARTESIAN_POINT($,(-6.77128677704974,1.94580911791437,0.226500000000038));
#13766=CARTESIAN_POINT($,(-6.72128677704974,1.89580911791437,0.226500000000038));
#13767=CARTESIAN_POINT('Origin',(-6.72128677704974,1.94580911791437,0.126500000000038));
#13768=CARTESIAN_POINT('',(-6.67128677704974,1.99580911791437,0.126500000000038));
#13769=CARTESIAN_POINT('',(-6.67128677704974,1.89580911791437,0.126500000000038));
#13770=CARTESIAN_POINT($,(-6.67128677704974,1.94580911791437,0.126500000000038));
#13771=CARTESIAN_POINT('',(-6.77128677704974,1.89580911791437,0.126500000000038));
#13772=CARTESIAN_POINT($,(-6.72128677704974,1.89580911791437,0.126500000000038));
#13773=CARTESIAN_POINT('',(-6.77128677704974,1.99580911791437,0.126500000000038));
#13774=CARTESIAN_POINT($,(-6.77128677704974,1.94580911791437,0.126500000000038));
#13775=CARTESIAN_POINT($,(-6.72128677704974,1.99580911791437,0.126500000000038));
#13776=CARTESIAN_POINT('Origin',(-6.72128677704974,1.89580911791437,0.176500000000038));
#13777=CARTESIAN_POINT($,(-6.77128677704974,1.89580911791437,0.176500000000038));
#13778=CARTESIAN_POINT($,(-6.67128677704974,1.89580911791437,0.176500000000038));
#13779=CARTESIAN_POINT('Origin',(-6.77128677704974,1.94580911791437,0.176500000000038));
#13780=CARTESIAN_POINT($,(-6.77128677704974,1.99580911791437,0.176500000000038));
#13781=CARTESIAN_POINT('Origin',(-6.72128677704974,1.99580911791437,0.176500000000038));
#13782=CARTESIAN_POINT($,(-6.67128677704974,1.99580911791437,0.176500000000038));
#13783=CARTESIAN_POINT('Origin',(-6.67128677704974,1.94580911791437,0.176500000000038));
#13784=CARTESIAN_POINT('Origin',(-7.02128677704974,1.94580911791437,0.226500000000038));
#13785=CARTESIAN_POINT('',(-6.97128677704974,1.89580911791437,0.226500000000038));
#13786=CARTESIAN_POINT('',(-6.97128677704974,1.99580911791437,0.226500000000038));
#13787=CARTESIAN_POINT($,(-6.97128677704974,1.94580911791437,0.226500000000038));
#13788=CARTESIAN_POINT('',(-7.07128677704974,1.99580911791437,0.226500000000038));
#13789=CARTESIAN_POINT($,(-7.02128677704974,1.99580911791437,0.226500000000038));
#13790=CARTESIAN_POINT('',(-7.07128677704974,1.89580911791437,0.226500000000038));
#13791=CARTESIAN_POINT($,(-7.07128677704974,1.94580911791437,0.226500000000038));
#13792=CARTESIAN_POINT($,(-7.02128677704974,1.89580911791437,0.226500000000038));
#13793=CARTESIAN_POINT('Origin',(-7.02128677704974,1.94580911791437,0.126500000000038));
#13794=CARTESIAN_POINT('',(-6.97128677704974,1.99580911791437,0.126500000000038));
#13795=CARTESIAN_POINT('',(-6.97128677704974,1.89580911791437,0.126500000000038));
#13796=CARTESIAN_POINT($,(-6.97128677704974,1.94580911791437,0.126500000000038));
#13797=CARTESIAN_POINT('',(-7.07128677704974,1.89580911791437,0.126500000000038));
#13798=CARTESIAN_POINT($,(-7.02128677704974,1.89580911791437,0.126500000000038));
#13799=CARTESIAN_POINT('',(-7.07128677704974,1.99580911791437,0.126500000000038));
#13800=CARTESIAN_POINT($,(-7.07128677704974,1.94580911791437,0.126500000000038));
#13801=CARTESIAN_POINT($,(-7.02128677704974,1.99580911791437,0.126500000000038));
#13802=CARTESIAN_POINT('Origin',(-7.02128677704974,1.89580911791437,0.176500000000038));
#13803=CARTESIAN_POINT($,(-7.07128677704974,1.89580911791437,0.176500000000038));
#13804=CARTESIAN_POINT($,(-6.97128677704974,1.89580911791437,0.176500000000038));
#13805=CARTESIAN_POINT('Origin',(-7.07128677704974,1.94580911791437,0.176500000000038));
#13806=CARTESIAN_POINT($,(-7.07128677704974,1.99580911791437,0.176500000000038));
#13807=CARTESIAN_POINT('Origin',(-7.02128677704974,1.99580911791437,0.176500000000038));
#13808=CARTESIAN_POINT($,(-6.97128677704974,1.99580911791437,0.176500000000038));
#13809=CARTESIAN_POINT('Origin',(-6.97128677704974,1.94580911791437,0.176500000000038));
#13810=CARTESIAN_POINT('Origin',(-7.02128677704974,1.64580911791437,0.226500000000038));
#13811=CARTESIAN_POINT('',(-6.97128677704974,1.59580911791437,0.226500000000038));
#13812=CARTESIAN_POINT('',(-6.97128677704974,1.69580911791437,0.226500000000038));
#13813=CARTESIAN_POINT($,(-6.97128677704974,1.64580911791437,0.226500000000038));
#13814=CARTESIAN_POINT('',(-7.07128677704974,1.69580911791437,0.226500000000038));
#13815=CARTESIAN_POINT($,(-7.02128677704974,1.69580911791437,0.226500000000038));
#13816=CARTESIAN_POINT('',(-7.07128677704974,1.59580911791437,0.226500000000038));
#13817=CARTESIAN_POINT($,(-7.07128677704974,1.64580911791437,0.226500000000038));
#13818=CARTESIAN_POINT($,(-7.02128677704974,1.59580911791437,0.226500000000038));
#13819=CARTESIAN_POINT('Origin',(-7.02128677704974,1.64580911791437,0.126500000000038));
#13820=CARTESIAN_POINT('',(-6.97128677704974,1.69580911791437,0.126500000000038));
#13821=CARTESIAN_POINT('',(-6.97128677704974,1.59580911791437,0.126500000000038));
#13822=CARTESIAN_POINT($,(-6.97128677704974,1.64580911791437,0.126500000000038));
#13823=CARTESIAN_POINT('',(-7.07128677704974,1.59580911791437,0.126500000000038));
#13824=CARTESIAN_POINT($,(-7.02128677704974,1.59580911791437,0.126500000000038));
#13825=CARTESIAN_POINT('',(-7.07128677704974,1.69580911791437,0.126500000000038));
#13826=CARTESIAN_POINT($,(-7.07128677704974,1.64580911791437,0.126500000000038));
#13827=CARTESIAN_POINT($,(-7.02128677704974,1.69580911791437,0.126500000000038));
#13828=CARTESIAN_POINT('Origin',(-7.02128677704974,1.59580911791437,0.176500000000038));
#13829=CARTESIAN_POINT($,(-7.07128677704974,1.59580911791437,0.176500000000038));
#13830=CARTESIAN_POINT($,(-6.97128677704974,1.59580911791437,0.176500000000038));
#13831=CARTESIAN_POINT('Origin',(-7.07128677704974,1.64580911791437,0.176500000000038));
#13832=CARTESIAN_POINT($,(-7.07128677704974,1.69580911791437,0.176500000000038));
#13833=CARTESIAN_POINT('Origin',(-7.02128677704974,1.69580911791437,0.176500000000038));
#13834=CARTESIAN_POINT($,(-6.97128677704974,1.69580911791437,0.176500000000038));
#13835=CARTESIAN_POINT('Origin',(-6.97128677704974,1.64580911791437,0.176500000000038));
#13836=CARTESIAN_POINT('Origin',(-6.72128677704974,1.64580911791437,0.226500000000038));
#13837=CARTESIAN_POINT('',(-6.67128677704974,1.59580911791437,0.226500000000038));
#13838=CARTESIAN_POINT('',(-6.67128677704974,1.69580911791437,0.226500000000038));
#13839=CARTESIAN_POINT($,(-6.67128677704974,1.64580911791437,0.226500000000038));
#13840=CARTESIAN_POINT('',(-6.77128677704974,1.69580911791437,0.226500000000038));
#13841=CARTESIAN_POINT($,(-6.72128677704974,1.69580911791437,0.226500000000038));
#13842=CARTESIAN_POINT('',(-6.77128677704974,1.59580911791437,0.226500000000038));
#13843=CARTESIAN_POINT($,(-6.77128677704974,1.64580911791437,0.226500000000038));
#13844=CARTESIAN_POINT($,(-6.72128677704974,1.59580911791437,0.226500000000038));
#13845=CARTESIAN_POINT('Origin',(-6.72128677704974,1.64580911791437,0.126500000000038));
#13846=CARTESIAN_POINT('',(-6.67128677704974,1.69580911791437,0.126500000000038));
#13847=CARTESIAN_POINT('',(-6.67128677704974,1.59580911791437,0.126500000000038));
#13848=CARTESIAN_POINT($,(-6.67128677704974,1.64580911791437,0.126500000000038));
#13849=CARTESIAN_POINT('',(-6.77128677704974,1.59580911791437,0.126500000000038));
#13850=CARTESIAN_POINT($,(-6.72128677704974,1.59580911791437,0.126500000000038));
#13851=CARTESIAN_POINT('',(-6.77128677704974,1.69580911791437,0.126500000000038));
#13852=CARTESIAN_POINT($,(-6.77128677704974,1.64580911791437,0.126500000000038));
#13853=CARTESIAN_POINT($,(-6.72128677704974,1.69580911791437,0.126500000000038));
#13854=CARTESIAN_POINT('Origin',(-6.72128677704974,1.59580911791437,0.176500000000038));
#13855=CARTESIAN_POINT($,(-6.77128677704974,1.59580911791437,0.176500000000038));
#13856=CARTESIAN_POINT($,(-6.67128677704974,1.59580911791437,0.176500000000038));
#13857=CARTESIAN_POINT('Origin',(-6.77128677704974,1.64580911791437,0.176500000000038));
#13858=CARTESIAN_POINT($,(-6.77128677704974,1.69580911791437,0.176500000000038));
#13859=CARTESIAN_POINT('Origin',(-6.72128677704974,1.69580911791437,0.176500000000038));
#13860=CARTESIAN_POINT($,(-6.67128677704974,1.69580911791437,0.176500000000038));
#13861=CARTESIAN_POINT('Origin',(-6.67128677704974,1.64580911791437,0.176500000000038));
#13862=CARTESIAN_POINT('Origin',(-5.34355875374214,2.19387369633326,0.126500000000032));
#13863=CARTESIAN_POINT('',(-5.29355875374214,2.24387369633326,0.126500000000032));
#13864=CARTESIAN_POINT('',(-5.29355875374214,2.14387369633326,0.126500000000032));
#13865=CARTESIAN_POINT($,(-5.29355875374214,2.19387369633326,0.126500000000032));
#13866=CARTESIAN_POINT('',(-5.39355875374214,2.14387369633326,0.126500000000032));
#13867=CARTESIAN_POINT($,(-5.34355875374214,2.14387369633326,0.126500000000032));
#13868=CARTESIAN_POINT('',(-5.39355875374214,2.24387369633326,0.126500000000032));
#13869=CARTESIAN_POINT($,(-5.39355875374214,2.19387369633326,0.126500000000032));
#13870=CARTESIAN_POINT($,(-5.34355875374214,2.24387369633326,0.126500000000032));
#13871=CARTESIAN_POINT('Origin',(-5.34355875374214,2.19387369633326,0.226500000000032));
#13872=CARTESIAN_POINT('',(-5.29355875374214,2.14387369633326,0.226500000000032));
#13873=CARTESIAN_POINT('',(-5.29355875374214,2.24387369633326,0.226500000000032));
#13874=CARTESIAN_POINT($,(-5.29355875374214,2.19387369633326,0.226500000000032));
#13875=CARTESIAN_POINT('',(-5.39355875374214,2.24387369633326,0.226500000000032));
#13876=CARTESIAN_POINT($,(-5.34355875374214,2.24387369633326,0.226500000000032));
#13877=CARTESIAN_POINT('',(-5.39355875374214,2.14387369633326,0.226500000000032));
#13878=CARTESIAN_POINT($,(-5.39355875374214,2.19387369633326,0.226500000000032));
#13879=CARTESIAN_POINT($,(-5.34355875374214,2.14387369633326,0.226500000000032));
#13880=CARTESIAN_POINT('Origin',(-5.34355875374214,2.24387369633326,0.176500000000032));
#13881=CARTESIAN_POINT($,(-5.39355875374214,2.24387369633326,0.176500000000032));
#13882=CARTESIAN_POINT($,(-5.29355875374214,2.24387369633326,0.176500000000032));
#13883=CARTESIAN_POINT('Origin',(-5.39355875374214,2.19387369633326,0.176500000000032));
#13884=CARTESIAN_POINT($,(-5.39355875374214,2.14387369633326,0.176500000000032));
#13885=CARTESIAN_POINT('Origin',(-5.34355875374214,2.14387369633326,0.176500000000032));
#13886=CARTESIAN_POINT($,(-5.29355875374214,2.14387369633326,0.176500000000032));
#13887=CARTESIAN_POINT('Origin',(-5.29355875374214,2.19387369633326,0.176500000000032));
#13888=CARTESIAN_POINT('Origin',(-4.74355875374214,2.19387369633326,0.126500000000032));
#13889=CARTESIAN_POINT('',(-4.69355875374214,2.24387369633326,0.126500000000032));
#13890=CARTESIAN_POINT('',(-4.69355875374214,2.14387369633326,0.126500000000032));
#13891=CARTESIAN_POINT($,(-4.69355875374214,2.19387369633326,0.126500000000032));
#13892=CARTESIAN_POINT('',(-4.79355875374214,2.14387369633326,0.126500000000032));
#13893=CARTESIAN_POINT($,(-4.74355875374214,2.14387369633326,0.126500000000032));
#13894=CARTESIAN_POINT('',(-4.79355875374214,2.24387369633326,0.126500000000032));
#13895=CARTESIAN_POINT($,(-4.79355875374214,2.19387369633326,0.126500000000032));
#13896=CARTESIAN_POINT($,(-4.74355875374214,2.24387369633326,0.126500000000032));
#13897=CARTESIAN_POINT('Origin',(-4.74355875374214,2.19387369633326,0.226500000000032));
#13898=CARTESIAN_POINT('',(-4.69355875374214,2.14387369633326,0.226500000000032));
#13899=CARTESIAN_POINT('',(-4.69355875374214,2.24387369633326,0.226500000000032));
#13900=CARTESIAN_POINT($,(-4.69355875374214,2.19387369633326,0.226500000000032));
#13901=CARTESIAN_POINT('',(-4.79355875374214,2.24387369633326,0.226500000000032));
#13902=CARTESIAN_POINT($,(-4.74355875374214,2.24387369633326,0.226500000000032));
#13903=CARTESIAN_POINT('',(-4.79355875374214,2.14387369633326,0.226500000000032));
#13904=CARTESIAN_POINT($,(-4.79355875374214,2.19387369633326,0.226500000000032));
#13905=CARTESIAN_POINT($,(-4.74355875374214,2.14387369633326,0.226500000000032));
#13906=CARTESIAN_POINT('Origin',(-4.74355875374214,2.24387369633326,0.176500000000032));
#13907=CARTESIAN_POINT($,(-4.79355875374214,2.24387369633326,0.176500000000032));
#13908=CARTESIAN_POINT($,(-4.69355875374214,2.24387369633326,0.176500000000032));
#13909=CARTESIAN_POINT('Origin',(-4.79355875374214,2.19387369633326,0.176500000000032));
#13910=CARTESIAN_POINT($,(-4.79355875374214,2.14387369633326,0.176500000000032));
#13911=CARTESIAN_POINT('Origin',(-4.74355875374214,2.14387369633326,0.176500000000032));
#13912=CARTESIAN_POINT($,(-4.69355875374214,2.14387369633326,0.176500000000032));
#13913=CARTESIAN_POINT('Origin',(-4.69355875374214,2.19387369633326,0.176500000000032));
#13914=CARTESIAN_POINT('Origin',(-5.34355875374214,1.79387369633326,0.126500000000032));
#13915=CARTESIAN_POINT('',(-5.29355875374214,1.84387369633326,0.126500000000032));
#13916=CARTESIAN_POINT('',(-5.29355875374214,1.74387369633326,0.126500000000032));
#13917=CARTESIAN_POINT($,(-5.29355875374214,1.79387369633326,0.126500000000032));
#13918=CARTESIAN_POINT('',(-5.39355875374214,1.74387369633326,0.126500000000032));
#13919=CARTESIAN_POINT($,(-5.34355875374214,1.74387369633326,0.126500000000032));
#13920=CARTESIAN_POINT('',(-5.39355875374214,1.84387369633326,0.126500000000032));
#13921=CARTESIAN_POINT($,(-5.39355875374214,1.79387369633326,0.126500000000032));
#13922=CARTESIAN_POINT($,(-5.34355875374214,1.84387369633326,0.126500000000032));
#13923=CARTESIAN_POINT('Origin',(-5.34355875374214,1.79387369633326,0.226500000000032));
#13924=CARTESIAN_POINT('',(-5.29355875374214,1.74387369633326,0.226500000000032));
#13925=CARTESIAN_POINT('',(-5.29355875374214,1.84387369633326,0.226500000000032));
#13926=CARTESIAN_POINT($,(-5.29355875374214,1.79387369633326,0.226500000000032));
#13927=CARTESIAN_POINT('',(-5.39355875374214,1.84387369633326,0.226500000000032));
#13928=CARTESIAN_POINT($,(-5.34355875374214,1.84387369633326,0.226500000000032));
#13929=CARTESIAN_POINT('',(-5.39355875374214,1.74387369633326,0.226500000000032));
#13930=CARTESIAN_POINT($,(-5.39355875374214,1.79387369633326,0.226500000000032));
#13931=CARTESIAN_POINT($,(-5.34355875374214,1.74387369633326,0.226500000000032));
#13932=CARTESIAN_POINT('Origin',(-5.34355875374214,1.84387369633326,0.176500000000032));
#13933=CARTESIAN_POINT($,(-5.39355875374214,1.84387369633326,0.176500000000032));
#13934=CARTESIAN_POINT($,(-5.29355875374214,1.84387369633326,0.176500000000032));
#13935=CARTESIAN_POINT('Origin',(-5.39355875374214,1.79387369633326,0.176500000000032));
#13936=CARTESIAN_POINT($,(-5.39355875374214,1.74387369633326,0.176500000000032));
#13937=CARTESIAN_POINT('Origin',(-5.34355875374214,1.74387369633326,0.176500000000032));
#13938=CARTESIAN_POINT($,(-5.29355875374214,1.74387369633326,0.176500000000032));
#13939=CARTESIAN_POINT('Origin',(-5.29355875374214,1.79387369633326,0.176500000000032));
#13940=CARTESIAN_POINT('Origin',(-4.74355875374214,1.79387369633326,0.126500000000032));
#13941=CARTESIAN_POINT('',(-4.69355875374214,1.84387369633326,0.126500000000032));
#13942=CARTESIAN_POINT('',(-4.69355875374214,1.74387369633326,0.126500000000032));
#13943=CARTESIAN_POINT($,(-4.69355875374214,1.79387369633326,0.126500000000032));
#13944=CARTESIAN_POINT('',(-4.79355875374214,1.74387369633326,0.126500000000032));
#13945=CARTESIAN_POINT($,(-4.74355875374214,1.74387369633326,0.126500000000032));
#13946=CARTESIAN_POINT('',(-4.79355875374214,1.84387369633326,0.126500000000032));
#13947=CARTESIAN_POINT($,(-4.79355875374214,1.79387369633326,0.126500000000032));
#13948=CARTESIAN_POINT($,(-4.74355875374214,1.84387369633326,0.126500000000032));
#13949=CARTESIAN_POINT('Origin',(-4.74355875374214,1.79387369633326,0.226500000000032));
#13950=CARTESIAN_POINT('',(-4.69355875374214,1.74387369633326,0.226500000000032));
#13951=CARTESIAN_POINT('',(-4.69355875374214,1.84387369633326,0.226500000000032));
#13952=CARTESIAN_POINT($,(-4.69355875374214,1.79387369633326,0.226500000000032));
#13953=CARTESIAN_POINT('',(-4.79355875374214,1.84387369633326,0.226500000000032));
#13954=CARTESIAN_POINT($,(-4.74355875374214,1.84387369633326,0.226500000000032));
#13955=CARTESIAN_POINT('',(-4.79355875374214,1.74387369633326,0.226500000000032));
#13956=CARTESIAN_POINT($,(-4.79355875374214,1.79387369633326,0.226500000000032));
#13957=CARTESIAN_POINT($,(-4.74355875374214,1.74387369633326,0.226500000000032));
#13958=CARTESIAN_POINT('Origin',(-4.74355875374214,1.84387369633326,0.176500000000032));
#13959=CARTESIAN_POINT($,(-4.79355875374214,1.84387369633326,0.176500000000032));
#13960=CARTESIAN_POINT($,(-4.69355875374214,1.84387369633326,0.176500000000032));
#13961=CARTESIAN_POINT('Origin',(-4.79355875374214,1.79387369633326,0.176500000000032));
#13962=CARTESIAN_POINT($,(-4.79355875374214,1.74387369633326,0.176500000000032));
#13963=CARTESIAN_POINT('Origin',(-4.74355875374214,1.74387369633326,0.176500000000032));
#13964=CARTESIAN_POINT($,(-4.69355875374214,1.74387369633326,0.176500000000032));
#13965=CARTESIAN_POINT('Origin',(-4.69355875374214,1.79387369633326,0.176500000000032));
#13966=CARTESIAN_POINT('Origin',(-7.06450443506278,4.50327008671533,1.83460004329681));
#13967=CARTESIAN_POINT('',(-7.05950443506278,4.50327008671533,1.82149991512299));
#13968=CARTESIAN_POINT('',(-7.06950443506278,4.50327008671533,1.82149991512299));
#13969=CARTESIAN_POINT($,(-7.14950443506278,4.50327008671533,1.82149991512299));
#13970=CARTESIAN_POINT('',(-7.05950443506278,4.50327008671533,1.84960004329681));
#13971=CARTESIAN_POINT($,(-7.05950443506278,4.50327008671533,1.83460004329681));
#13972=CARTESIAN_POINT('',(-7.06950443506278,4.50327008671533,1.84960004329681));
#13973=CARTESIAN_POINT($,(-7.06450443506278,4.50327008671533,1.84960004329681));
#13974=CARTESIAN_POINT($,(-7.06950443506278,4.50327008671533,1.83460004329681));
#13975=CARTESIAN_POINT('Origin',(-7.06450443506278,4.57327008671533,1.83460004329681));
#13976=CARTESIAN_POINT('',(-7.06950443506278,4.57327008671533,1.82149991512299));
#13977=CARTESIAN_POINT('',(-7.05950443506278,4.57327008671533,1.82149991512299));
#13978=CARTESIAN_POINT($,(-7.14950443506278,4.57327008671533,1.82149991512299));
#13979=CARTESIAN_POINT('',(-7.06950443506278,4.57327008671533,1.84960004329681));
#13980=CARTESIAN_POINT($,(-7.06950443506278,4.57327008671533,1.83460004329681));
#13981=CARTESIAN_POINT('',(-7.05950443506278,4.57327008671533,1.84960004329681));
#13982=CARTESIAN_POINT($,(-7.06450443506278,4.57327008671533,1.84960004329681));
#13983=CARTESIAN_POINT($,(-7.05950443506278,4.57327008671533,1.83460004329681));
#13984=CARTESIAN_POINT('Origin',(-7.06950443506278,4.56827008671533,1.83460004329681));
#13985=CARTESIAN_POINT('',(-7.06950443506278,4.51327008671533,1.82149991512299));
#13986=CARTESIAN_POINT($,(-7.06950443506278,4.55327008671533,1.82149991512299));
#13987=CARTESIAN_POINT($,(-7.06950443506278,4.50827008671533,1.84960004329681));
#13988=CARTESIAN_POINT('',(-7.06950443506278,4.56327008671533,1.82149991512299));
#13989=CARTESIAN_POINT($,(-7.06950443506278,4.55327008671533,1.82149991512299));
#13990=CARTESIAN_POINT('',(-7.06950443506278,4.56327008671533,1.83960004329681));
#13991=CARTESIAN_POINT($,(-7.06950443506278,4.56327008671533,1.83460004329681));
#13992=CARTESIAN_POINT('',(-7.06950443506278,4.51327008671533,1.83960004329681));
#13993=CARTESIAN_POINT($,(-7.06950443506278,4.53827008671533,1.83960004329681));
#13994=CARTESIAN_POINT($,(-7.06950443506278,4.51327008671533,1.83460004329681));
#13995=CARTESIAN_POINT('Origin',(-7.06450443506278,4.53827008671533,1.83960004329681));
#13996=CARTESIAN_POINT('',(-7.05950443506278,4.56327008671533,1.83960004329681));
#13997=CARTESIAN_POINT('',(-7.05950443506278,4.51327008671533,1.83960004329681));
#13998=CARTESIAN_POINT($,(-7.05950443506278,4.53827008671533,1.83960004329681));
#13999=CARTESIAN_POINT($,(-7.06450443506278,4.51327008671533,1.83960004329681));
#14000=CARTESIAN_POINT($,(-7.06450443506278,4.56327008671533,1.83960004329681));
#14001=CARTESIAN_POINT('Origin',(-7.06450443506278,4.51327008671533,1.83460004329681));
#14002=CARTESIAN_POINT('',(-7.05950443506278,4.51327008671533,1.82149991512299));
#14003=CARTESIAN_POINT($,(-7.14950443506278,4.51327008671533,1.82149991512299));
#14004=CARTESIAN_POINT($,(-7.05950443506278,4.51327008671533,1.83460004329681));
#14005=CARTESIAN_POINT('Origin',(-7.06450443506278,4.56827008671533,1.84960004329681));
#14006=CARTESIAN_POINT($,(-7.05950443506278,4.56827008671533,1.84960004329681));
#14007=CARTESIAN_POINT('Origin',(-7.05950443506278,4.56827008671533,1.83460004329681));
#14008=CARTESIAN_POINT($,(-7.05950443506278,4.55327008671533,1.82149991512299));
#14009=CARTESIAN_POINT('',(-7.05950443506278,4.56327008671533,1.82149991512299));
#14010=CARTESIAN_POINT($,(-7.05950443506278,4.56327008671533,1.83460004329681));
#14011=CARTESIAN_POINT($,(-7.05950443506278,4.55327008671533,1.82149991512299));
#14012=CARTESIAN_POINT('Origin',(-7.06450443506278,4.56327008671533,1.83460004329681));
#14013=CARTESIAN_POINT($,(-7.14950443506278,4.56327008671533,1.82149991512299));
#14014=CARTESIAN_POINT('Origin',(-7.23450443506277,4.53827008671533,1.82149991512299));
#14015=CARTESIAN_POINT('',(-7.03450443506277,4.39827008671533,1.82149991512299));
#14016=CARTESIAN_POINT('',(-7.03450443506277,4.67827008671533,1.82149991512299));
#14017=CARTESIAN_POINT($,(-7.03450443506277,4.53827008671533,1.82149991512299));
#14018=CARTESIAN_POINT('',(-7.43450443506277,4.67827008671533,1.82149991512299));
#14019=CARTESIAN_POINT($,(-7.23450443506277,4.67827008671533,1.82149991512299));
#14020=CARTESIAN_POINT('',(-7.43450443506277,4.39827008671533,1.82149991512299));
#14021=CARTESIAN_POINT($,(-7.43450443506277,4.53827008671533,1.82149991512299));
#14022=CARTESIAN_POINT($,(-7.23450443506277,4.39827008671533,1.82149991512299));
#14023=CARTESIAN_POINT('Origin',(-7.23450443506277,4.53827008671533,1.80149991512299));
#14024=CARTESIAN_POINT('',(-7.03450443506277,4.67827008671533,1.80149991512299));
#14025=CARTESIAN_POINT('',(-7.03450443506277,4.39827008671533,1.80149991512299));
#14026=CARTESIAN_POINT($,(-7.03450443506277,4.53827008671533,1.80149991512299));
#14027=CARTESIAN_POINT('',(-7.43450443506277,4.39827008671533,1.80149991512299));
#14028=CARTESIAN_POINT($,(-7.23450443506277,4.39827008671533,1.80149991512299));
#14029=CARTESIAN_POINT('',(-7.43450443506277,4.67827008671533,1.80149991512299));
#14030=CARTESIAN_POINT($,(-7.43450443506277,4.53827008671533,1.80149991512299));
#14031=CARTESIAN_POINT($,(-7.23450443506277,4.67827008671533,1.80149991512299));
#14032=CARTESIAN_POINT('Origin',(-7.23450443506277,4.39827008671533,1.81149991512299));
#14033=CARTESIAN_POINT($,(-7.43450443506277,4.39827008671533,1.81149991512299));
#14034=CARTESIAN_POINT($,(-7.03450443506277,4.39827008671533,1.81149991512299));
#14035=CARTESIAN_POINT('Origin',(-7.43450443506277,4.53827008671533,1.81149991512299));
#14036=CARTESIAN_POINT($,(-7.43450443506277,4.67827008671533,1.81149991512299));
#14037=CARTESIAN_POINT('Origin',(-7.23450443506277,4.67827008671533,1.81149991512299));
#14038=CARTESIAN_POINT($,(-7.03450443506277,4.67827008671533,1.81149991512299));
#14039=CARTESIAN_POINT('Origin',(-7.03450443506277,4.53827008671533,1.81149991512299));
#14040=CARTESIAN_POINT('Origin',(-5.06855494612105,1.99343738617233,0.401500010490418));
#14041=CARTESIAN_POINT('',(-4.76423753596481,1.74871118431442,0.401500010490418));
#14042=CARTESIAN_POINT('',(-4.77296373918345,2.24863503189261,0.401500010490418));
#14043=CARTESIAN_POINT($,(-4.76860063757413,1.99867310810351,0.401500010490418));
#14044=CARTESIAN_POINT('',(-5.32287997151947,2.2390362083521,0.401500010490418));
#14045=CARTESIAN_POINT($,(-5.07291804773037,2.24339930996143,0.401500010490418));
#14046=CARTESIAN_POINT('',(-5.31415376830083,1.73911236077391,0.401500010490418));
#14047=CARTESIAN_POINT($,(-5.31851686991015,1.98907428456301,0.401500010490418));
#14048=CARTESIAN_POINT($,(-5.06419184451173,1.74347546238323,0.401500010490418));
#14049=CARTESIAN_POINT('Origin',(-5.06855494612105,1.99343738617233,0.251500010490417));
#14050=CARTESIAN_POINT('',(-4.77296373918345,2.24863503189261,0.251500010490417));
#14051=CARTESIAN_POINT('',(-4.76423753596481,1.74871118431442,0.251500010490417));
#14052=CARTESIAN_POINT($,(-4.76860063757413,1.99867310810351,0.251500010490417));
#14053=CARTESIAN_POINT('',(-5.31415376830083,1.73911236077391,0.251500010490417));
#14054=CARTESIAN_POINT($,(-5.06419184451173,1.74347546238323,0.251500010490417));
#14055=CARTESIAN_POINT('',(-5.32287997151947,2.2390362083521,0.251500010490417));
#14056=CARTESIAN_POINT($,(-5.31851686991015,1.98907428456301,0.251500010490417));
#14057=CARTESIAN_POINT($,(-5.07291804773037,2.24339930996143,0.251500010490417));
#14058=CARTESIAN_POINT('Origin',(-5.06419184451173,1.74347546238323,0.326500010490417));
#14059=CARTESIAN_POINT($,(-5.31415376830083,1.73911236077391,0.326500010490417));
#14060=CARTESIAN_POINT($,(-4.76423753596481,1.74871118431442,0.326500010490417));
#14061=CARTESIAN_POINT('Origin',(-5.31851686991015,1.98907428456301,0.326500010490417));
#14062=CARTESIAN_POINT($,(-5.32287997151947,2.2390362083521,0.326500010490417));
#14063=CARTESIAN_POINT('Origin',(-5.07291804773037,2.24339930996143,0.326500010490417));
#14064=CARTESIAN_POINT($,(-4.77296373918345,2.24863503189261,0.326500010490417));
#14065=CARTESIAN_POINT('Origin',(-4.76860063757413,1.99867310810351,0.326500010490417));
#14066=CARTESIAN_POINT('Origin',(-5.06854352441762,1.99474618375082,0.551500010490418));
#14067=CARTESIAN_POINT('',(-4.77745115048751,1.7344286279853,0.551500010490418));
#14068=CARTESIAN_POINT('',(-4.76000140213626,2.23412404149485,0.551500010490418));
#14069=CARTESIAN_POINT($,(-4.76872627631189,1.98427633474007,0.551500010490418));
#14070=CARTESIAN_POINT('',(-5.30966635699677,2.25331876468122,0.551500010490418));
#14071=CARTESIAN_POINT($,(-5.05981865024199,2.2445938905056,0.551500010490418));
#14072=CARTESIAN_POINT('',(-5.32711610534802,1.75362335117167,0.551500010490418));
#14073=CARTESIAN_POINT($,(-5.31839123117239,2.00347105792645,0.551500010490418));
#14074=CARTESIAN_POINT($,(-5.07726839859324,1.74489847699605,0.551500010490418));
#14075=CARTESIAN_POINT('Origin',(-5.06854352441762,1.99474618375082,0.401500010490418));
#14076=CARTESIAN_POINT('',(-4.76000140213626,2.23412404149485,0.401500010490418));
#14077=CARTESIAN_POINT('',(-4.77745115048751,1.7344286279853,0.401500010490418));
#14078=CARTESIAN_POINT($,(-4.76872627631189,1.98427633474007,0.401500010490418));
#14079=CARTESIAN_POINT('',(-5.32711610534802,1.75362335117167,0.401500010490418));
#14080=CARTESIAN_POINT($,(-5.07726839859324,1.74489847699605,0.401500010490418));
#14081=CARTESIAN_POINT('',(-5.30966635699677,2.25331876468122,0.401500010490418));
#14082=CARTESIAN_POINT($,(-5.31839123117239,2.00347105792645,0.401500010490418));
#14083=CARTESIAN_POINT($,(-5.05981865024199,2.2445938905056,0.401500010490418));
#14084=CARTESIAN_POINT('Origin',(-5.07726839859324,1.74489847699605,0.476500010490418));
#14085=CARTESIAN_POINT($,(-5.32711610534802,1.75362335117167,0.476500010490418));
#14086=CARTESIAN_POINT($,(-4.77745115048751,1.7344286279853,0.476500010490418));
#14087=CARTESIAN_POINT('Origin',(-5.31839123117239,2.00347105792645,0.476500010490418));
#14088=CARTESIAN_POINT($,(-5.30966635699677,2.25331876468122,0.476500010490418));
#14089=CARTESIAN_POINT('Origin',(-5.05981865024199,2.2445938905056,0.476500010490418));
#14090=CARTESIAN_POINT($,(-4.76000140213626,2.23412404149485,0.476500010490418));
#14091=CARTESIAN_POINT('Origin',(-4.76872627631189,1.98427633474007,0.476500010490418));
#14092=CARTESIAN_POINT('Origin',(-5.04355875374214,1.99387369633326,1.28150001049042));
#14093=CARTESIAN_POINT('',(-4.7392413435859,1.74914749447535,1.28150001049042));
#14094=CARTESIAN_POINT('',(-4.74796754680454,2.24907134205354,1.28150001049042));
#14095=CARTESIAN_POINT($,(-4.74360444519522,1.99910941826445,1.28150001049042));
#14096=CARTESIAN_POINT('',(-5.34787616389838,2.23859989819117,1.28150001049042));
#14097=CARTESIAN_POINT($,(-5.04792185535146,2.24383562012236,1.28150001049042));
#14098=CARTESIAN_POINT('',(-5.33914996067974,1.73867605061298,1.28150001049042));
#14099=CARTESIAN_POINT($,(-5.34351306228906,1.98863797440208,1.28150001049042));
#14100=CARTESIAN_POINT($,(-5.03919565213282,1.74391177254416,1.28150001049042));
#14101=CARTESIAN_POINT('Origin',(-5.04355875374214,1.99387369633326,1.13150001049042));
#14102=CARTESIAN_POINT('',(-4.74796754680454,2.24907134205354,1.13150001049042));
#14103=CARTESIAN_POINT('',(-4.7392413435859,1.74914749447535,1.13150001049042));
#14104=CARTESIAN_POINT($,(-4.74360444519522,1.99910941826445,1.13150001049042));
#14105=CARTESIAN_POINT('',(-5.33914996067974,1.73867605061298,1.13150001049042));
#14106=CARTESIAN_POINT($,(-5.03919565213282,1.74391177254416,1.13150001049042));
#14107=CARTESIAN_POINT('',(-5.34787616389838,2.23859989819117,1.13150001049042));
#14108=CARTESIAN_POINT($,(-5.34351306228906,1.98863797440208,1.13150001049042));
#14109=CARTESIAN_POINT($,(-5.04792185535146,2.24383562012236,1.13150001049042));
#14110=CARTESIAN_POINT('Origin',(-5.03919565213282,1.74391177254416,1.20650001049042));
#14111=CARTESIAN_POINT($,(-5.33914996067974,1.73867605061298,1.20650001049042));
#14112=CARTESIAN_POINT($,(-4.7392413435859,1.74914749447535,1.20650001049042));
#14113=CARTESIAN_POINT('Origin',(-5.34351306228906,1.98863797440208,1.20650001049042));
#14114=CARTESIAN_POINT($,(-5.34787616389838,2.23859989819117,1.20650001049042));
#14115=CARTESIAN_POINT('Origin',(-5.04792185535146,2.24383562012236,1.20650001049042));
#14116=CARTESIAN_POINT($,(-4.74796754680454,2.24907134205354,1.20650001049042));
#14117=CARTESIAN_POINT('Origin',(-4.74360444519522,1.99910941826445,1.20650001049042));
#14118=CARTESIAN_POINT('Origin',(-5.04355875374214,1.89387369633326,1.28150001049042));
#14119=CARTESIAN_POINT('',(-4.89140004866402,2.01623679726222,1.28150001049042));
#14120=CARTESIAN_POINT('',(-4.89576315027334,1.76627487347312,1.28150001049042));
#14121=CARTESIAN_POINT($,(-4.89358159946868,1.89125583536767,1.28150001049042));
#14122=CARTESIAN_POINT('',(-5.19571745882026,1.7715105954043,1.28150001049042));
#14123=CARTESIAN_POINT($,(-5.0457403045468,1.76889273443871,1.28150001049042));
#14124=CARTESIAN_POINT('',(-5.19135435721094,2.0214725191934,1.28150001049042));
#14125=CARTESIAN_POINT($,(-5.1935359080156,1.89649155729885,1.28150001049042));
#14126=CARTESIAN_POINT($,(-5.04137720293748,2.01885465822781,1.28150001049042));
#14127=CARTESIAN_POINT('Origin',(-5.04355875374214,1.89387369633326,1.35650001049042));
#14128=CARTESIAN_POINT('',(-4.89576315027334,1.76627487347312,1.35650001049042));
#14129=CARTESIAN_POINT('',(-4.89140004866402,2.01623679726222,1.35650001049042));
#14130=CARTESIAN_POINT($,(-4.89358159946868,1.89125583536767,1.35650001049042));
#14131=CARTESIAN_POINT('',(-5.19135435721094,2.0214725191934,1.35650001049042));
#14132=CARTESIAN_POINT($,(-5.04137720293748,2.01885465822781,1.35650001049042));
#14133=CARTESIAN_POINT('',(-5.19571745882026,1.7715105954043,1.35650001049042));
#14134=CARTESIAN_POINT($,(-5.1935359080156,1.89649155729885,1.35650001049042));
#14135=CARTESIAN_POINT($,(-5.0457403045468,1.76889273443871,1.35650001049042));
#14136=CARTESIAN_POINT('Origin',(-5.04137720293748,2.01885465822781,1.31900001049042));
#14137=CARTESIAN_POINT($,(-5.19135435721094,2.0214725191934,1.31900001049042));
#14138=CARTESIAN_POINT($,(-4.89140004866402,2.01623679726222,1.31900001049042));
#14139=CARTESIAN_POINT('Origin',(-5.1935359080156,1.89649155729885,1.31900001049042));
#14140=CARTESIAN_POINT($,(-5.19571745882026,1.7715105954043,1.31900001049042));
#14141=CARTESIAN_POINT('Origin',(-5.0457403045468,1.76889273443871,1.31900001049042));
#14142=CARTESIAN_POINT($,(-4.89576315027334,1.76627487347312,1.31900001049042));
#14143=CARTESIAN_POINT('Origin',(-4.89358159946868,1.89125583536767,1.31900001049042));
#14144=CARTESIAN_POINT('Origin',(-5.05605113907988,1.99343745262448,0.551500010490418));
#14145=CARTESIAN_POINT('',(-4.91050495211483,2.12359623050724,0.551500010490418));
#14146=CARTESIAN_POINT('',(-4.9017800779392,1.87374852375247,0.551500010490418));
#14147=CARTESIAN_POINT($,(-4.90614251502701,1.99867237712985,0.551500010490418));
#14148=CARTESIAN_POINT('',(-5.17661255536945,1.86415116215928,0.551500010490418));
#14149=CARTESIAN_POINT($,(-5.05168870199206,1.86851359924709,0.551500010490418));
#14150=CARTESIAN_POINT('',(-5.18533742954508,2.11399886891405,0.551500010490418));
#14151=CARTESIAN_POINT($,(-5.18097499245726,1.98907501553667,0.551500010490418));
#14152=CARTESIAN_POINT($,(-5.06041357616769,2.11836130600187,0.551500010490418));
#14153=CARTESIAN_POINT('Origin',(-5.05605113907988,1.99343745262448,0.626500010490418));
#14154=CARTESIAN_POINT('',(-4.9017800779392,1.87374852375247,0.626500010490418));
#14155=CARTESIAN_POINT('',(-4.91050495211483,2.12359623050724,0.626500010490418));
#14156=CARTESIAN_POINT($,(-4.90614251502701,1.99867237712985,0.626500010490418));
#14157=CARTESIAN_POINT('',(-5.18533742954508,2.11399886891405,0.626500010490418));
#14158=CARTESIAN_POINT($,(-5.06041357616769,2.11836130600187,0.626500010490418));
#14159=CARTESIAN_POINT('',(-5.17661255536945,1.86415116215928,0.626500010490418));
#14160=CARTESIAN_POINT($,(-5.18097499245726,1.98907501553667,0.626500010490418));
#14161=CARTESIAN_POINT($,(-5.05168870199206,1.86851359924709,0.626500010490418));
#14162=CARTESIAN_POINT('Origin',(-5.06041357616769,2.11836130600187,0.589000010490418));
#14163=CARTESIAN_POINT($,(-5.18533742954508,2.11399886891405,0.589000010490418));
#14164=CARTESIAN_POINT($,(-4.91050495211483,2.12359623050724,0.589000010490418));
#14165=CARTESIAN_POINT('Origin',(-5.18097499245726,1.98907501553667,0.589000010490418));
#14166=CARTESIAN_POINT($,(-5.17661255536945,1.86415116215928,0.589000010490418));
#14167=CARTESIAN_POINT('Origin',(-5.05168870199206,1.86851359924709,0.589000010490418));
#14168=CARTESIAN_POINT($,(-4.9017800779392,1.87374852375247,0.589000010490418));
#14169=CARTESIAN_POINT('Origin',(-4.90614251502701,1.99867237712985,0.589000010490418));
#14170=CARTESIAN_POINT('Origin',(-4.99443898930619,2.19473870141294,1.35650001049042));
#14171=CARTESIAN_POINT('',(-4.84228028422807,2.07237560048399,1.35650001049042));
#14172=CARTESIAN_POINT('',(-4.84489814519366,2.22235275475745,1.35650001049042));
#14173=CARTESIAN_POINT($,(-4.84446183503273,2.19735656237854,1.35650001049042));
#14174=CARTESIAN_POINT('',(-5.24483722325621,2.21537179218253,1.35650001049042));
#14175=CARTESIAN_POINT($,(-4.99487529946712,2.21973489379185,1.35650001049042));
#14176=CARTESIAN_POINT('',(-5.24221936229062,2.06539463790907,1.35650001049042));
#14177=CARTESIAN_POINT($,(-5.24440091309528,2.19037559980362,1.35650001049042));
#14178=CARTESIAN_POINT($,(-4.99225743850153,2.0697577395184,1.35650001049042));
#14179=CARTESIAN_POINT('Origin',(-4.99443898930619,2.19473870141294,1.28150001049042));
#14180=CARTESIAN_POINT('',(-4.84489814519366,2.22235275475745,1.28150001049042));
#14181=CARTESIAN_POINT('',(-4.84228028422807,2.07237560048399,1.28150001049042));
#14182=CARTESIAN_POINT($,(-4.84446183503273,2.19735656237854,1.28150001049042));
#14183=CARTESIAN_POINT('',(-5.24221936229062,2.06539463790907,1.28150001049042));
#14184=CARTESIAN_POINT($,(-4.99225743850153,2.0697577395184,1.28150001049042));
#14185=CARTESIAN_POINT('',(-5.24483722325621,2.21537179218253,1.28150001049042));
#14186=CARTESIAN_POINT($,(-5.24440091309528,2.19037559980362,1.28150001049042));
#14187=CARTESIAN_POINT($,(-4.99487529946712,2.21973489379185,1.28150001049042));
#14188=CARTESIAN_POINT('Origin',(-4.99225743850153,2.0697577395184,1.31900001049042));
#14189=CARTESIAN_POINT($,(-5.24221936229062,2.06539463790907,1.31900001049042));
#14190=CARTESIAN_POINT($,(-4.84228028422807,2.07237560048399,1.31900001049042));
#14191=CARTESIAN_POINT('Origin',(-5.24440091309528,2.19037559980362,1.31900001049042));
#14192=CARTESIAN_POINT($,(-5.24483722325621,2.21537179218253,1.31900001049042));
#14193=CARTESIAN_POINT('Origin',(-4.99487529946712,2.21973489379185,1.31900001049042));
#14194=CARTESIAN_POINT($,(-4.84489814519366,2.22235275475745,1.31900001049042));
#14195=CARTESIAN_POINT('Origin',(-4.84446183503273,2.19735656237854,1.31900001049042));
#14196=CARTESIAN_POINT('Origin',(-7.25950443506277,4.23827008671533,0.52649997472763));
#14197=CARTESIAN_POINT('',(-7.25950443506277,4.71327008671533,0.50149997472763));
#14198=CARTESIAN_POINT('',(-7.25950443506277,4.71327008671533,0.551499974727631));
#14199=CARTESIAN_POINT($,(-7.25950443506277,4.71327008671533,0.52649997472763));
#14200=CARTESIAN_POINT('',(-7.25950443506277,3.76327008671533,0.50149997472763));
#14201=CARTESIAN_POINT($,(-7.25950443506277,4.23827008671533,0.50149997472763));
#14202=CARTESIAN_POINT('',(-7.25950443506277,3.76327008671533,0.551499974727631));
#14203=CARTESIAN_POINT($,(-7.25950443506277,3.76327008671533,0.52649997472763));
#14204=CARTESIAN_POINT($,(-7.25950443506277,4.23827008671533,0.551499974727631));
#14205=CARTESIAN_POINT('Origin',(-7.20950443506277,4.23827008671533,0.52649997472763));
#14206=CARTESIAN_POINT('',(-7.20950443506277,4.71327008671533,0.551499974727631));
#14207=CARTESIAN_POINT('',(-7.20950443506277,4.71327008671533,0.50149997472763));
#14208=CARTESIAN_POINT($,(-7.20950443506277,4.71327008671533,0.52649997472763));
#14209=CARTESIAN_POINT('',(-7.20950443506277,3.76327008671533,0.551499974727631));
#14210=CARTESIAN_POINT($,(-7.20950443506277,4.23827008671533,0.551499974727631));
#14211=CARTESIAN_POINT('',(-7.20950443506277,3.76327008671533,0.50149997472763));
#14212=CARTESIAN_POINT($,(-7.20950443506277,3.76327008671533,0.52649997472763));
#14213=CARTESIAN_POINT($,(-7.20950443506277,4.23827008671533,0.50149997472763));
#14214=CARTESIAN_POINT('Origin',(-7.53450443506277,4.71327008671533,0.52649997472763));
#14215=CARTESIAN_POINT('',(-7.50950443506277,4.71327008671533,0.551499974727631));
#14216=CARTESIAN_POINT($,(-7.23450443506277,4.71327008671533,0.551499974727631));
#14217=CARTESIAN_POINT('',(-7.50950443506277,4.71327008671533,0.926499974727631));
#14218=CARTESIAN_POINT($,(-7.50950443506277,4.71327008671533,0.52649997472763));
#14219=CARTESIAN_POINT('',(-7.55950443506277,4.71327008671533,0.926499974727631));
#14220=CARTESIAN_POINT($,(-7.53450443506277,4.71327008671533,0.926499974727631));
#14221=CARTESIAN_POINT('',(-7.55950443506277,4.71327008671533,0.126499974727631));
#14222=CARTESIAN_POINT($,(-7.55950443506277,4.71327008671533,0.52649997472763));
#14223=CARTESIAN_POINT('',(-7.50950443506277,4.71327008671533,0.126499974727631));
#14224=CARTESIAN_POINT($,(-7.53450443506277,4.71327008671533,0.126499974727631));
#14225=CARTESIAN_POINT('',(-7.50950443506277,4.71327008671533,0.50149997472763));
#14226=CARTESIAN_POINT($,(-7.50950443506277,4.71327008671533,0.52649997472763));
#14227=CARTESIAN_POINT($,(-7.23450443506277,4.71327008671533,0.501499974727631));
#14228=CARTESIAN_POINT('Origin',(-7.53450443506277,4.71327008671533,0.52649997472763));
#14229=CARTESIAN_POINT('',(-6.95950443506278,4.71327008671533,0.501499974727631));
#14230=CARTESIAN_POINT($,(-7.23450443506277,4.71327008671533,0.501499974727631));
#14231=CARTESIAN_POINT('',(-6.95950443506278,4.71327008671533,0.126499974727631));
#14232=CARTESIAN_POINT($,(-6.95950443506278,4.71327008671533,0.52649997472763));
#14233=CARTESIAN_POINT('',(-6.90950443506277,4.71327008671533,0.126499974727631));
#14234=CARTESIAN_POINT($,(-6.93450443506277,4.71327008671533,0.126499974727631));
#14235=CARTESIAN_POINT('',(-6.90950443506277,4.71327008671533,0.926499974727631));
#14236=CARTESIAN_POINT($,(-6.90950443506277,4.71327008671533,0.52649997472763));
#14237=CARTESIAN_POINT('',(-6.95950443506278,4.71327008671533,0.926499974727631));
#14238=CARTESIAN_POINT($,(-6.93450443506277,4.71327008671533,0.926499974727631));
#14239=CARTESIAN_POINT('',(-6.95950443506278,4.71327008671533,0.551499974727631));
#14240=CARTESIAN_POINT($,(-6.95950443506278,4.71327008671533,0.52649997472763));
#14241=CARTESIAN_POINT($,(-7.23450443506277,4.71327008671533,0.551499974727631));
#14242=CARTESIAN_POINT('Origin',(-7.53450443506277,3.76327008671533,0.52649997472763));
#14243=CARTESIAN_POINT('',(-6.95950443506278,3.76327008671533,0.551499974727631));
#14244=CARTESIAN_POINT($,(-7.13450443506277,3.76327008671533,0.551499974727631));
#14245=CARTESIAN_POINT('',(-6.95950443506278,3.76327008671533,0.926499974727631));
#14246=CARTESIAN_POINT($,(-6.95950443506278,3.76327008671533,0.52649997472763));
#14247=CARTESIAN_POINT('',(-6.90950443506277,3.76327008671533,0.926499974727631));
#14248=CARTESIAN_POINT($,(-6.93450443506277,3.76327008671533,0.926499974727631));
#14249=CARTESIAN_POINT('',(-6.90950443506277,3.76327008671533,0.126499974727631));
#14250=CARTESIAN_POINT($,(-6.90950443506277,3.76327008671533,0.52649997472763));
#14251=CARTESIAN_POINT('',(-6.95950443506278,3.76327008671533,0.126499974727631));
#14252=CARTESIAN_POINT($,(-6.93450443506277,3.76327008671533,0.126499974727631));
#14253=CARTESIAN_POINT('',(-6.95950443506278,3.76327008671533,0.501499974727631));
#14254=CARTESIAN_POINT($,(-6.95950443506278,3.76327008671533,0.52649997472763));
#14255=CARTESIAN_POINT($,(-7.13450443506277,3.76327008671533,0.501499974727631));
#14256=CARTESIAN_POINT('Origin',(-7.53450443506277,3.76327008671533,0.52649997472763));
#14257=CARTESIAN_POINT('',(-7.50950443506277,3.76327008671533,0.50149997472763));
#14258=CARTESIAN_POINT($,(-7.13450443506277,3.76327008671533,0.501499974727631));
#14259=CARTESIAN_POINT('',(-7.50950443506277,3.76327008671533,0.126499974727631));
#14260=CARTESIAN_POINT($,(-7.50950443506277,3.76327008671533,0.52649997472763));
#14261=CARTESIAN_POINT('',(-7.55950443506277,3.76327008671533,0.126499974727631));
#14262=CARTESIAN_POINT($,(-7.53450443506277,3.76327008671533,0.126499974727631));
#14263=CARTESIAN_POINT('',(-7.55950443506277,3.76327008671533,0.926499974727631));
#14264=CARTESIAN_POINT($,(-7.55950443506277,3.76327008671533,0.52649997472763));
#14265=CARTESIAN_POINT('',(-7.50950443506277,3.76327008671533,0.926499974727631));
#14266=CARTESIAN_POINT($,(-7.53450443506277,3.76327008671533,0.926499974727631));
#14267=CARTESIAN_POINT('',(-7.50950443506277,3.76327008671533,0.551499974727631));
#14268=CARTESIAN_POINT($,(-7.50950443506277,3.76327008671533,0.52649997472763));
#14269=CARTESIAN_POINT($,(-7.13450443506277,3.76327008671533,0.551499974727631));
#14270=CARTESIAN_POINT('Origin',(-7.23450443506277,4.73827008671533,0.551499974727631));
#14271=CARTESIAN_POINT('',(-6.95950443506278,4.76327008671533,0.551499974727631));
#14272=CARTESIAN_POINT($,(-6.95950443506278,4.73827008671533,0.551499974727631));
#14273=CARTESIAN_POINT('',(-7.50950443506277,4.76327008671533,0.551499974727631));
#14274=CARTESIAN_POINT($,(-7.23450443506277,4.76327008671533,0.551499974727631));
#14275=CARTESIAN_POINT($,(-7.50950443506277,4.73827008671533,0.551499974727631));
#14276=CARTESIAN_POINT('',(-7.50950443506277,3.71327008671533,0.551499974727631));
#14277=CARTESIAN_POINT($,(-7.50950443506277,3.73827008671533,0.551499974727631));
#14278=CARTESIAN_POINT('',(-6.95950443506278,3.71327008671533,0.551499974727631));
#14279=CARTESIAN_POINT($,(-7.13450443506277,3.71327008671533,0.551499974727631));
#14280=CARTESIAN_POINT($,(-6.95950443506277,3.73827008671533,0.551499974727631));
#14281=CARTESIAN_POINT('Origin',(-7.23450443506277,4.73827008671533,0.501499974727631));
#14282=CARTESIAN_POINT('',(-7.50950443506277,4.76327008671533,0.50149997472763));
#14283=CARTESIAN_POINT($,(-7.50950443506277,4.73827008671533,0.501499974727631));
#14284=CARTESIAN_POINT('',(-6.95950443506278,4.76327008671533,0.501499974727631));
#14285=CARTESIAN_POINT($,(-7.23450443506277,4.76327008671533,0.501499974727631));
#14286=CARTESIAN_POINT($,(-6.95950443506278,4.73827008671533,0.501499974727631));
#14287=CARTESIAN_POINT('',(-6.95950443506278,3.71327008671533,0.501499974727631));
#14288=CARTESIAN_POINT($,(-6.95950443506277,3.73827008671533,0.501499974727631));
#14289=CARTESIAN_POINT('',(-7.50950443506277,3.71327008671533,0.50149997472763));
#14290=CARTESIAN_POINT($,(-7.13450443506277,3.71327008671533,0.501499974727631));
#14291=CARTESIAN_POINT($,(-7.50950443506277,3.73827008671533,0.501499974727631));
#14292=CARTESIAN_POINT('Origin',(-7.53450443506277,4.76327008671533,0.52649997472763));
#14293=CARTESIAN_POINT('',(-7.50950443506277,4.76327008671533,0.126499974727631));
#14294=CARTESIAN_POINT($,(-7.50950443506277,4.76327008671533,0.52649997472763));
#14295=CARTESIAN_POINT('',(-7.55950443506277,4.76327008671533,0.126499974727631));
#14296=CARTESIAN_POINT($,(-7.53450443506277,4.76327008671533,0.126499974727631));
#14297=CARTESIAN_POINT('',(-7.55950443506277,4.76327008671533,0.926499974727631));
#14298=CARTESIAN_POINT($,(-7.55950443506277,4.76327008671533,0.52649997472763));
#14299=CARTESIAN_POINT('',(-7.50950443506277,4.76327008671533,0.926499974727631));
#14300=CARTESIAN_POINT($,(-7.53450443506277,4.76327008671533,0.926499974727631));
#14301=CARTESIAN_POINT($,(-7.50950443506277,4.76327008671533,0.52649997472763));
#14302=CARTESIAN_POINT('',(-6.95950443506278,4.76327008671533,0.926499974727631));
#14303=CARTESIAN_POINT($,(-6.95950443506278,4.76327008671533,0.52649997472763));
#14304=CARTESIAN_POINT('',(-6.90950443506277,4.76327008671533,0.926499974727631));
#14305=CARTESIAN_POINT($,(-6.93450443506277,4.76327008671533,0.926499974727631));
#14306=CARTESIAN_POINT('',(-6.90950443506277,4.76327008671533,0.126499974727631));
#14307=CARTESIAN_POINT($,(-6.90950443506277,4.76327008671533,0.52649997472763));
#14308=CARTESIAN_POINT('',(-6.95950443506278,4.76327008671533,0.126499974727631));
#14309=CARTESIAN_POINT($,(-6.93450443506277,4.76327008671533,0.126499974727631));
#14310=CARTESIAN_POINT($,(-6.95950443506278,4.76327008671533,0.52649997472763));
#14311=CARTESIAN_POINT('Origin',(-7.50950443506277,4.73827008671533,0.52649997472763));
#14312=CARTESIAN_POINT($,(-7.50950443506277,4.73827008671533,0.126499974727631));
#14313=CARTESIAN_POINT('Origin',(-6.95950443506278,4.73827008671533,0.52649997472763));
#14314=CARTESIAN_POINT($,(-6.95950443506278,4.73827008671533,0.926499974727631));
#14315=CARTESIAN_POINT('Origin',(-4.34020692411019,6.90917645746524,0.926500000000038));
#14316=CARTESIAN_POINT('',(-6.90950443506277,3.71327008671533,0.926499974727631));
#14317=CARTESIAN_POINT($,(-6.90950443506277,3.73827008671533,0.926499974727631));
#14318=CARTESIAN_POINT('',(-6.95950443506278,3.71327008671533,0.926499974727631));
#14319=CARTESIAN_POINT($,(-6.95950443506278,3.73827008671533,0.926499974727631));
#14320=CARTESIAN_POINT($,(-6.93450443506277,3.71327008671533,0.926499974727631));
#14321=CARTESIAN_POINT('',(-7.55950443506277,3.71327008671533,0.926499974727631));
#14322=CARTESIAN_POINT($,(-7.55950443506277,3.73827008671533,0.926499974727631));
#14323=CARTESIAN_POINT('',(-7.50950443506277,3.71327008671533,0.926499974727631));
#14324=CARTESIAN_POINT($,(-7.53450443506277,3.71327008671533,0.926499974727631));
#14325=CARTESIAN_POINT($,(-7.50950443506277,3.73827008671533,0.926499974727631));
#14326=CARTESIAN_POINT($,(-6.90950443506277,4.73827008671533,0.926499974727631));
#14327=CARTESIAN_POINT($,(-7.50950443506277,4.73827008671533,0.926499974727631));
#14328=CARTESIAN_POINT($,(-7.55950443506277,4.73827008671533,0.926499974727631));
#14329=CARTESIAN_POINT('',(-7.60950443506277,3.66327008671533,0.926500000000038));
#14330=CARTESIAN_POINT('',(-7.60950443506277,4.81327008671533,0.926500000000038));
#14331=CARTESIAN_POINT($,(-7.60950443506277,3.66327008671533,0.926500000000038));
#14332=CARTESIAN_POINT('',(-6.85950443506277,4.81327008671533,0.926500000000038));
#14333=CARTESIAN_POINT($,(-7.60950443506277,4.81327008671533,0.926500000000038));
#14334=CARTESIAN_POINT('',(-6.85950443506277,3.66327008671533,0.926500000000038));
#14335=CARTESIAN_POINT($,(-6.85950443506277,4.81327008671533,0.926500000000038));
#14336=CARTESIAN_POINT($,(-6.85950443506277,3.66327008671533,0.926500000000038));
#14337=CARTESIAN_POINT('Origin',(-6.85950443506277,4.81327008671533,0.926500000000038));
#14338=CARTESIAN_POINT('',(-7.60950443506277,4.81327008671533,0.976500000000033));
#14339=CARTESIAN_POINT($,(-7.60950443506277,4.81327008671533,0.926500000000038));
#14340=CARTESIAN_POINT('',(-6.85950443506277,4.81327008671533,0.976500000000033));
#14341=CARTESIAN_POINT($,(-5.59985567958648,4.81327008671533,0.976500000000033));
#14342=CARTESIAN_POINT($,(-6.85950443506277,4.81327008671533,0.926500000000038));
#14343=CARTESIAN_POINT('Origin',(-6.85950443506277,3.66327008671533,0.926500000000038));
#14344=CARTESIAN_POINT('',(-6.85950443506277,3.66327008671533,0.976500000000033));
#14345=CARTESIAN_POINT($,(-6.85950443506277,5.28622327209028,0.976500000000033));
#14346=CARTESIAN_POINT($,(-6.85950443506277,3.66327008671533,0.926500000000038));
#14347=CARTESIAN_POINT('Origin',(-7.60950443506277,3.66327008671533,0.926500000000038));
#14348=CARTESIAN_POINT('',(-7.60950443506277,3.66327008671533,0.976500000000033));
#14349=CARTESIAN_POINT($,(-5.97485567958648,3.66327008671533,0.976500000000033));
#14350=CARTESIAN_POINT($,(-7.60950443506277,3.66327008671533,0.926500000000038));
#14351=CARTESIAN_POINT('Origin',(-7.60950443506277,4.81327008671533,0.926500000000038));
#14352=CARTESIAN_POINT($,(-7.60950443506277,5.86122327209029,0.976500000000033));
#14353=CARTESIAN_POINT('Origin',(-4.34020692411019,6.90917645746524,0.976500000000033));
#14354=CARTESIAN_POINT('Origin',(-7.53450443506277,4.73827008671533,0.126499974727631));
#14355=CARTESIAN_POINT($,(-7.55950443506277,4.73827008671533,0.126499974727631));
#14356=CARTESIAN_POINT('Origin',(-7.55950443506277,4.73827008671533,0.52649997472763));
#14357=CARTESIAN_POINT('Origin',(-7.50950443506277,4.73827008671533,0.52649997472763));
#14358=CARTESIAN_POINT('Origin',(-6.93450443506277,4.73827008671533,0.126499974727631));
#14359=CARTESIAN_POINT($,(-6.90950443506277,4.73827008671533,0.126499974727631));
#14360=CARTESIAN_POINT($,(-6.95950443506278,4.73827008671533,0.126499974727631));
#14361=CARTESIAN_POINT('Origin',(-6.95950443506278,4.73827008671533,0.52649997472763));
#14362=CARTESIAN_POINT('Origin',(-6.90950443506277,4.73827008671533,0.52649997472763));
#14363=CARTESIAN_POINT('Origin',(-6.95950443506278,3.73827008671533,0.52649997472763));
#14364=CARTESIAN_POINT($,(-6.95950443506278,3.71327008671533,0.52649997472763));
#14365=CARTESIAN_POINT('Origin',(-6.93450443506277,3.73827008671533,0.126499974727631));
#14366=CARTESIAN_POINT('',(-6.90950443506277,3.71327008671533,0.126499974727631));
#14367=CARTESIAN_POINT($,(-6.90950443506277,3.73827008671533,0.126499974727631));
#14368=CARTESIAN_POINT('',(-6.95950443506278,3.71327008671533,0.126499974727631));
#14369=CARTESIAN_POINT($,(-6.93450443506277,3.71327008671533,0.126499974727631));
#14370=CARTESIAN_POINT($,(-6.95950443506278,3.73827008671533,0.126499974727631));
#14371=CARTESIAN_POINT('Origin',(-6.95950443506278,3.73827008671533,0.52649997472763));
#14372=CARTESIAN_POINT($,(-6.95950443506278,3.71327008671533,0.52649997472763));
#14373=CARTESIAN_POINT('Origin',(-6.90950443506277,3.73827008671533,0.52649997472763));
#14374=CARTESIAN_POINT($,(-6.90950443506277,3.71327008671533,0.52649997472763));
#14375=CARTESIAN_POINT('Origin',(-7.53450443506277,3.71327008671533,0.52649997472763));
#14376=CARTESIAN_POINT($,(-7.50950443506277,3.71327008671533,0.52649997472763));
#14377=CARTESIAN_POINT('',(-7.55950443506277,3.71327008671533,0.126499974727631));
#14378=CARTESIAN_POINT($,(-7.55950443506277,3.71327008671533,0.52649997472763));
#14379=CARTESIAN_POINT('',(-7.50950443506277,3.71327008671533,0.126499974727631));
#14380=CARTESIAN_POINT($,(-7.53450443506277,3.71327008671533,0.126499974727631));
#14381=CARTESIAN_POINT($,(-7.50950443506277,3.71327008671533,0.52649997472763));
#14382=CARTESIAN_POINT('Origin',(-7.50950443506277,3.73827008671533,0.52649997472763));
#14383=CARTESIAN_POINT($,(-7.50950443506277,3.73827008671533,0.126499974727631));
#14384=CARTESIAN_POINT('Origin',(-7.53450443506277,3.73827008671533,0.126499974727631));
#14385=CARTESIAN_POINT($,(-7.55950443506277,3.73827008671533,0.126499974727631));
#14386=CARTESIAN_POINT('Origin',(-7.55950443506277,3.73827008671533,0.52649997472763));
#14387=CARTESIAN_POINT('Origin',(-7.50950443506277,3.73827008671533,0.52649997472763));
#14388=CARTESIAN_POINT('Origin',(-7.45950443506278,4.33827008671533,1.47650003433228));
#14389=CARTESIAN_POINT('',(-7.45950443506278,4.71327008671533,1.45150003433228));
#14390=CARTESIAN_POINT('',(-7.45950443506278,4.71327008671533,1.20150003433228));
#14391=CARTESIAN_POINT($,(-7.45950443506278,4.71327008671533,1.47650003433228));
#14392=CARTESIAN_POINT('',(-7.45950443506278,4.36327008671533,1.45150003433228));
#14393=CARTESIAN_POINT($,(-7.45950443506278,4.73827008671533,1.45150003433228));
#14394=CARTESIAN_POINT('',(-7.45950443506278,4.36327008671533,1.20150003433228));
#14395=CARTESIAN_POINT($,(-7.45950443506278,4.36327008671533,1.47650003433228));
#14396=CARTESIAN_POINT($,(-7.45950443506278,4.73827008671533,1.20150003433228));
#14397=CARTESIAN_POINT('',(-7.45950443506278,4.36327008671533,1.75150003433228));
#14398=CARTESIAN_POINT('',(-7.45950443506278,4.71327008671533,1.75150003433228));
#14399=CARTESIAN_POINT($,(-7.45950443506278,4.73827008671533,1.75150003433228));
#14400=CARTESIAN_POINT('',(-7.45950443506278,4.36327008671533,1.50150003433228));
#14401=CARTESIAN_POINT($,(-7.45950443506278,4.36327008671533,1.47650003433228));
#14402=CARTESIAN_POINT('',(-7.45950443506278,4.71327008671533,1.50150003433228));
#14403=CARTESIAN_POINT($,(-7.45950443506278,4.73827008671533,1.50150003433228));
#14404=CARTESIAN_POINT($,(-7.45950443506278,4.71327008671533,1.47650003433228));
#14405=CARTESIAN_POINT('',(-7.45950443506278,4.31327008671533,0.976500034332276));
#14406=CARTESIAN_POINT('',(-7.45950443506278,4.31327008671533,1.97650003433228));
#14407=CARTESIAN_POINT($,(-7.45950443506278,4.31327008671533,1.47650003433228));
#14408=CARTESIAN_POINT('',(-7.45950443506278,4.36327008671533,1.97650003433228));
#14409=CARTESIAN_POINT($,(-7.45950443506278,4.43827008671533,1.97650003433228));
#14410=CARTESIAN_POINT('',(-7.45950443506278,4.36327008671533,1.80150003433228));
#14411=CARTESIAN_POINT($,(-7.45950443506278,4.36327008671533,1.47650003433228));
#14412=CARTESIAN_POINT('',(-7.45950443506278,4.71327008671533,1.80150003433228));
#14413=CARTESIAN_POINT($,(-7.45950443506278,4.73827008671533,1.80150003433228));
#14414=CARTESIAN_POINT('',(-7.45950443506278,4.71327008671533,1.97650003433228));
#14415=CARTESIAN_POINT($,(-7.45950443506278,4.71327008671533,1.47650003433228));
#14416=CARTESIAN_POINT('',(-7.45950443506278,4.76327008671533,1.97650003433228));
#14417=CARTESIAN_POINT($,(-7.45950443506278,4.63827008671533,1.97650003433228));
#14418=CARTESIAN_POINT('',(-7.45950443506278,4.76327008671533,0.976500034332276));
#14419=CARTESIAN_POINT($,(-7.45950443506278,4.76327008671533,1.47650003433228));
#14420=CARTESIAN_POINT('',(-7.45950443506278,4.71327008671533,0.976500034332276));
#14421=CARTESIAN_POINT($,(-7.45950443506278,4.63827008671533,0.976500034332275));
#14422=CARTESIAN_POINT('',(-7.45950443506278,4.71327008671533,1.15150003433228));
#14423=CARTESIAN_POINT($,(-7.45950443506278,4.71327008671533,1.47650003433228));
#14424=CARTESIAN_POINT('',(-7.45950443506278,4.36327008671533,1.15150003433228));
#14425=CARTESIAN_POINT($,(-7.45950443506278,4.73827008671533,1.15150003433228));
#14426=CARTESIAN_POINT('',(-7.45950443506278,4.36327008671533,0.976500034332276));
#14427=CARTESIAN_POINT($,(-7.45950443506278,4.36327008671533,1.47650003433228));
#14428=CARTESIAN_POINT($,(-7.45950443506278,4.43827008671533,0.976500034332275));
#14429=CARTESIAN_POINT('Origin',(-7.05950443506277,4.73827008671533,1.47650003433228));
#14430=CARTESIAN_POINT('',(-7.05950443506277,4.36327008671533,1.20150003433228));
#14431=CARTESIAN_POINT('',(-7.05950443506277,4.71327008671533,1.20150003433228));
#14432=CARTESIAN_POINT($,(-7.05950443506277,4.73827008671533,1.20150003433228));
#14433=CARTESIAN_POINT('',(-7.05950443506277,4.71327008671533,1.45150003433228));
#14434=CARTESIAN_POINT($,(-7.05950443506277,4.71327008671533,1.47650003433228));
#14435=CARTESIAN_POINT('',(-7.05950443506277,4.36327008671533,1.45150003433228));
#14436=CARTESIAN_POINT($,(-7.05950443506277,4.73827008671533,1.45150003433228));
#14437=CARTESIAN_POINT($,(-7.05950443506277,4.36327008671533,1.47650003433228));
#14438=CARTESIAN_POINT('',(-7.05950443506277,4.36327008671533,1.75150003433228));
#14439=CARTESIAN_POINT('',(-7.05950443506277,4.36327008671533,1.50150003433228));
#14440=CARTESIAN_POINT($,(-7.05950443506277,4.36327008671533,1.47650003433228));
#14441=CARTESIAN_POINT('',(-7.05950443506277,4.71327008671533,1.50150003433228));
#14442=CARTESIAN_POINT($,(-7.05950443506277,4.73827008671533,1.50150003433228));
#14443=CARTESIAN_POINT('',(-7.05950443506277,4.71327008671533,1.75150003433228));
#14444=CARTESIAN_POINT($,(-7.05950443506277,4.71327008671533,1.47650003433228));
#14445=CARTESIAN_POINT($,(-7.05950443506277,4.73827008671533,1.75150003433228));
#14446=CARTESIAN_POINT('',(-7.05950443506277,4.31327008671533,1.92650003433228));
#14447=CARTESIAN_POINT('',(-7.05950443506277,4.31327008671533,1.02650003433228));
#14448=CARTESIAN_POINT($,(-7.05950443506277,4.31327008671533,1.47650003433228));
#14449=CARTESIAN_POINT('',(-7.05950443506277,4.36327008671533,1.92650003433228));
#14450=CARTESIAN_POINT($,(-7.05950443506277,4.53827008671533,1.92650003433228));
#14451=CARTESIAN_POINT('',(-7.05950443506277,4.36327008671533,1.80150003433228));
#14452=CARTESIAN_POINT($,(-7.05950443506277,4.36327008671533,1.47650003433228));
#14453=CARTESIAN_POINT('',(-7.05950443506277,4.71327008671533,1.80150003433228));
#14454=CARTESIAN_POINT($,(-7.05950443506277,4.73827008671533,1.80150003433228));
#14455=CARTESIAN_POINT('',(-7.05950443506277,4.71327008671533,1.92650003433228));
#14456=CARTESIAN_POINT($,(-7.05950443506277,4.71327008671533,1.47650003433228));
#14457=CARTESIAN_POINT('',(-7.05950443506277,4.76327008671533,1.92650003433228));
#14458=CARTESIAN_POINT($,(-7.05950443506277,4.73827008671533,1.92650003433228));
#14459=CARTESIAN_POINT('',(-7.05950443506277,4.76327008671533,1.02650003433228));
#14460=CARTESIAN_POINT($,(-7.05950443506277,4.76327008671533,1.47650003433228));
#14461=CARTESIAN_POINT('',(-7.05950443506277,4.71327008671533,1.02650003433228));
#14462=CARTESIAN_POINT($,(-7.05950443506277,4.73827008671533,1.02650003433228));
#14463=CARTESIAN_POINT('',(-7.05950443506277,4.71327008671533,1.15150003433228));
#14464=CARTESIAN_POINT($,(-7.05950443506277,4.71327008671533,1.47650003433228));
#14465=CARTESIAN_POINT('',(-7.05950443506277,4.36327008671533,1.15150003433228));
#14466=CARTESIAN_POINT($,(-7.05950443506277,4.73827008671533,1.15150003433228));
#14467=CARTESIAN_POINT('',(-7.05950443506277,4.36327008671533,1.02650003433228));
#14468=CARTESIAN_POINT($,(-7.05950443506277,4.36327008671533,1.47650003433228));
#14469=CARTESIAN_POINT($,(-7.05950443506277,4.53827008671533,1.02650003433228));
#14470=CARTESIAN_POINT('Origin',(-7.40950443506277,4.33827008671533,1.47650003433228));
#14471=CARTESIAN_POINT('',(-7.40950443506277,4.31327008671533,1.02650003433228));
#14472=CARTESIAN_POINT('',(-7.40950443506277,4.31327008671533,1.92650003433228));
#14473=CARTESIAN_POINT($,(-7.40950443506277,4.31327008671533,1.47650003433228));
#14474=CARTESIAN_POINT('',(-7.40950443506277,4.36327008671533,1.02650003433228));
#14475=CARTESIAN_POINT($,(-7.40950443506277,4.33827008671533,1.02650003433228));
#14476=CARTESIAN_POINT('',(-7.40950443506277,4.36327008671533,1.15150003433228));
#14477=CARTESIAN_POINT($,(-7.40950443506277,4.36327008671533,1.47650003433228));
#14478=CARTESIAN_POINT('',(-7.40950443506277,4.71327008671533,1.15150003433228));
#14479=CARTESIAN_POINT($,(-7.40950443506277,4.73827008671533,1.15150003433228));
#14480=CARTESIAN_POINT('',(-7.40950443506277,4.71327008671533,1.02650003433228));
#14481=CARTESIAN_POINT($,(-7.40950443506277,4.71327008671533,1.47650003433228));
#14482=CARTESIAN_POINT('',(-7.40950443506277,4.76327008671533,1.02650003433228));
#14483=CARTESIAN_POINT($,(-7.40950443506277,4.73827008671533,1.02650003433228));
#14484=CARTESIAN_POINT('',(-7.40950443506277,4.76327008671533,1.92650003433228));
#14485=CARTESIAN_POINT($,(-7.40950443506277,4.76327008671533,1.47650003433228));
#14486=CARTESIAN_POINT('',(-7.40950443506277,4.71327008671533,1.92650003433228));
#14487=CARTESIAN_POINT($,(-7.40950443506277,4.73827008671533,1.92650003433228));
#14488=CARTESIAN_POINT('',(-7.40950443506277,4.71327008671533,1.80150003433228));
#14489=CARTESIAN_POINT($,(-7.40950443506277,4.71327008671533,1.47650003433228));
#14490=CARTESIAN_POINT('',(-7.40950443506277,4.36327008671533,1.80150003433228));
#14491=CARTESIAN_POINT($,(-7.40950443506277,4.73827008671533,1.80150003433228));
#14492=CARTESIAN_POINT('',(-7.40950443506277,4.36327008671533,1.92650003433228));
#14493=CARTESIAN_POINT($,(-7.40950443506277,4.36327008671533,1.47650003433228));
#14494=CARTESIAN_POINT($,(-7.40950443506277,4.33827008671533,1.92650003433228));
#14495=CARTESIAN_POINT('',(-7.40950443506277,4.71327008671533,1.75150003433228));
#14496=CARTESIAN_POINT('',(-7.40950443506277,4.71327008671533,1.50150003433228));
#14497=CARTESIAN_POINT($,(-7.40950443506277,4.71327008671533,1.47650003433228));
#14498=CARTESIAN_POINT('',(-7.40950443506277,4.36327008671533,1.50150003433228));
#14499=CARTESIAN_POINT($,(-7.40950443506277,4.73827008671533,1.50150003433228));
#14500=CARTESIAN_POINT('',(-7.40950443506277,4.36327008671533,1.75150003433228));
#14501=CARTESIAN_POINT($,(-7.40950443506277,4.36327008671533,1.47650003433228));
#14502=CARTESIAN_POINT($,(-7.40950443506277,4.73827008671533,1.75150003433228));
#14503=CARTESIAN_POINT('',(-7.40950443506277,4.36327008671533,1.20150003433228));
#14504=CARTESIAN_POINT('',(-7.40950443506277,4.71327008671533,1.20150003433228));
#14505=CARTESIAN_POINT($,(-7.40950443506277,4.73827008671533,1.20150003433228));
#14506=CARTESIAN_POINT('',(-7.40950443506277,4.36327008671533,1.45150003433228));
#14507=CARTESIAN_POINT($,(-7.40950443506277,4.36327008671533,1.47650003433228));
#14508=CARTESIAN_POINT('',(-7.40950443506277,4.71327008671533,1.45150003433228));
#14509=CARTESIAN_POINT($,(-7.40950443506277,4.73827008671533,1.45150003433228));
#14510=CARTESIAN_POINT($,(-7.40950443506277,4.71327008671533,1.47650003433228));
#14511=CARTESIAN_POINT('Origin',(-7.00950443506277,4.73827008671533,1.47650003433228));
#14512=CARTESIAN_POINT('',(-7.00950443506277,4.31327008671533,0.976500034332276));
#14513=CARTESIAN_POINT('',(-7.00950443506277,4.31327008671533,1.97650003433228));
#14514=CARTESIAN_POINT($,(-7.00950443506277,4.31327008671533,1.47650003433228));
#14515=CARTESIAN_POINT('',(-7.00950443506277,4.36327008671533,0.976500034332276));
#14516=CARTESIAN_POINT($,(-7.00950443506277,4.41952008671533,0.976500034332275));
#14517=CARTESIAN_POINT('',(-7.00950443506277,4.36327008671533,1.15150003433228));
#14518=CARTESIAN_POINT($,(-7.00950443506277,4.36327008671533,1.47650003433228));
#14519=CARTESIAN_POINT('',(-7.00950443506277,4.71327008671533,1.15150003433228));
#14520=CARTESIAN_POINT($,(-7.00950443506277,4.73827008671533,1.15150003433228));
#14521=CARTESIAN_POINT('',(-7.00950443506277,4.71327008671533,0.976500034332276));
#14522=CARTESIAN_POINT($,(-7.00950443506277,4.71327008671533,1.47650003433228));
#14523=CARTESIAN_POINT('',(-7.00950443506277,4.76327008671533,0.976500034332276));
#14524=CARTESIAN_POINT($,(-7.00950443506277,4.61952008671533,0.976500034332275));
#14525=CARTESIAN_POINT('',(-7.00950443506277,4.76327008671533,1.97650003433228));
#14526=CARTESIAN_POINT($,(-7.00950443506277,4.76327008671533,1.47650003433228));
#14527=CARTESIAN_POINT('',(-7.00950443506277,4.71327008671533,1.97650003433228));
#14528=CARTESIAN_POINT($,(-7.00950443506277,4.61952008671533,1.97650003433228));
#14529=CARTESIAN_POINT('',(-7.00950443506277,4.71327008671533,1.80150003433228));
#14530=CARTESIAN_POINT($,(-7.00950443506277,4.71327008671533,1.47650003433228));
#14531=CARTESIAN_POINT('',(-7.00950443506277,4.36327008671533,1.80150003433228));
#14532=CARTESIAN_POINT($,(-7.00950443506277,4.73827008671533,1.80150003433228));
#14533=CARTESIAN_POINT('',(-7.00950443506277,4.36327008671533,1.97650003433228));
#14534=CARTESIAN_POINT($,(-7.00950443506277,4.36327008671533,1.47650003433228));
#14535=CARTESIAN_POINT($,(-7.00950443506277,4.41952008671533,1.97650003433228));
#14536=CARTESIAN_POINT('',(-7.00950443506277,4.36327008671533,1.75150003433228));
#14537=CARTESIAN_POINT('',(-7.00950443506277,4.71327008671533,1.75150003433228));
#14538=CARTESIAN_POINT($,(-7.00950443506277,4.73827008671533,1.75150003433228));
#14539=CARTESIAN_POINT('',(-7.00950443506277,4.71327008671533,1.50150003433228));
#14540=CARTESIAN_POINT($,(-7.00950443506277,4.71327008671533,1.47650003433228));
#14541=CARTESIAN_POINT('',(-7.00950443506277,4.36327008671533,1.50150003433228));
#14542=CARTESIAN_POINT($,(-7.00950443506277,4.73827008671533,1.50150003433228));
#14543=CARTESIAN_POINT($,(-7.00950443506277,4.36327008671533,1.47650003433228));
#14544=CARTESIAN_POINT('',(-7.00950443506277,4.36327008671533,1.45150003433228));
#14545=CARTESIAN_POINT('',(-7.00950443506277,4.36327008671533,1.20150003433228));
#14546=CARTESIAN_POINT($,(-7.00950443506277,4.36327008671533,1.47650003433228));
#14547=CARTESIAN_POINT('',(-7.00950443506277,4.71327008671533,1.45150003433228));
#14548=CARTESIAN_POINT($,(-7.00950443506277,4.73827008671533,1.45150003433228));
#14549=CARTESIAN_POINT('',(-7.00950443506277,4.71327008671533,1.20150003433228));
#14550=CARTESIAN_POINT($,(-7.00950443506277,4.71327008671533,1.47650003433228));
#14551=CARTESIAN_POINT($,(-7.00950443506277,4.73827008671533,1.20150003433228));
#14552=CARTESIAN_POINT('Origin',(-7.43450443506277,4.71327008671533,1.47650003433228));
#14553=CARTESIAN_POINT($,(-7.43450443506277,4.71327008671533,1.75150003433228));
#14554=CARTESIAN_POINT($,(-7.43450443506277,4.71327008671533,1.50150003433228));
#14555=CARTESIAN_POINT('Origin',(-7.43450443506277,4.71327008671533,1.47650003433228));
#14556=CARTESIAN_POINT($,(-7.43450443506277,4.71327008671533,1.20150003433228));
#14557=CARTESIAN_POINT($,(-7.43450443506277,4.71327008671533,1.45150003433228));
#14558=CARTESIAN_POINT('Origin',(-7.43450443506277,4.73827008671533,1.80150003433228));
#14559=CARTESIAN_POINT($,(-7.43450443506277,4.71327008671533,1.80150003433228));
#14560=CARTESIAN_POINT($,(-7.23450443506277,4.36327008671533,1.80150003433228));
#14561=CARTESIAN_POINT('Origin',(-7.43450443506277,4.73827008671533,1.75150003433228));
#14562=CARTESIAN_POINT($,(-7.23450443506277,4.36327008671533,1.75150003433228));
#14563=CARTESIAN_POINT('Origin',(-7.43450443506277,4.73827008671533,1.15150003433228));
#14564=CARTESIAN_POINT($,(-7.43450443506277,4.71327008671533,1.15150003433228));
#14565=CARTESIAN_POINT($,(-7.43450443506277,4.36327008671533,1.15150003433228));
#14566=CARTESIAN_POINT('Origin',(-7.43450443506277,4.73827008671533,1.20150003433228));
#14567=CARTESIAN_POINT($,(-7.43450443506277,4.36327008671533,1.20150003433228));
#14568=CARTESIAN_POINT('Origin',(-7.03450443506277,4.73827008671533,1.02650003433228));
#14569=CARTESIAN_POINT($,(-7.03450443506277,4.71327008671533,1.02650003433228));
#14570=CARTESIAN_POINT($,(-7.03450443506277,4.76327008671533,1.02650003433228));
#14571=CARTESIAN_POINT('Origin',(-7.43450443506277,4.73827008671533,1.45150003433228));
#14572=CARTESIAN_POINT($,(-7.43450443506277,4.36327008671533,1.45150003433228));
#14573=CARTESIAN_POINT('Origin',(-7.03450443506277,4.36327008671533,1.47650003433228));
#14574=CARTESIAN_POINT($,(-7.43450443506277,4.36327008671533,1.50150003433228));
#14575=CARTESIAN_POINT('Origin',(-7.03450443506277,4.31327008671533,1.47650003433228));
#14576=CARTESIAN_POINT($,(-7.03450443506277,4.31327008671533,0.976500034332276));
#14577=CARTESIAN_POINT($,(-7.03450443506277,4.31327008671533,1.97650003433228));
#14578=CARTESIAN_POINT($,(-7.03450443506277,4.31327008671533,1.92650003433228));
#14579=CARTESIAN_POINT($,(-7.03450443506277,4.31327008671533,1.02650003433228));
#14580=CARTESIAN_POINT('Origin',(-7.03450443506277,4.73827008671533,1.15150003433228));
#14581=CARTESIAN_POINT($,(-7.23450443506277,4.36327008671533,1.15150003433228));
#14582=CARTESIAN_POINT($,(-7.03450443506277,4.71327008671533,1.15150003433228));
#14583=CARTESIAN_POINT('Origin',(-7.03450443506277,4.73827008671533,1.20150003433228));
#14584=CARTESIAN_POINT($,(-7.23450443506277,4.36327008671533,1.20150003433228));
#14585=CARTESIAN_POINT($,(-7.03450443506277,4.71327008671533,1.20150003433228));
#14586=CARTESIAN_POINT('Origin',(-7.03450443506277,4.71327008671533,1.47650003433228));
#14587=CARTESIAN_POINT($,(-7.03450443506277,4.71327008671533,1.45150003433228));
#14588=CARTESIAN_POINT('Origin',(-7.03450443506277,4.73827008671533,1.80150003433228));
#14589=CARTESIAN_POINT($,(-7.03450443506277,4.36327008671533,1.80150003433228));
#14590=CARTESIAN_POINT($,(-7.03450443506277,4.71327008671533,1.80150003433228));
#14591=CARTESIAN_POINT('Origin',(-7.03450443506277,4.73827008671533,1.75150003433228));
#14592=CARTESIAN_POINT($,(-7.03450443506277,4.36327008671533,1.75150003433228));
#14593=CARTESIAN_POINT($,(-7.03450443506277,4.71327008671533,1.75150003433227));
#14594=CARTESIAN_POINT('Origin',(-7.03450443506277,4.36327008671533,1.47650003433228));
#14595=CARTESIAN_POINT($,(-7.03450443506277,4.36327008671533,1.50150003433228));
#14596=CARTESIAN_POINT('Origin',(-7.43450443506277,4.36327008671533,1.47650003433228));
#14597=CARTESIAN_POINT('Origin',(-7.43450443506277,4.36327008671533,1.47650003433228));
#14598=CARTESIAN_POINT($,(-7.03450443506277,4.36327008671533,1.45150003433228));
#14599=CARTESIAN_POINT('Origin',(-7.03450443506277,4.73827008671533,1.92650003433228));
#14600=CARTESIAN_POINT($,(-7.03450443506277,4.76327008671533,1.92650003433228));
#14601=CARTESIAN_POINT($,(-7.03450443506277,4.71327008671533,1.92650003433228));
#14602=CARTESIAN_POINT('Origin',(-7.03450443506277,4.71327008671533,1.47650003433228));
#14603=CARTESIAN_POINT($,(-7.03450443506277,4.71327008671533,1.50150003433228));
#14604=CARTESIAN_POINT('Origin',(-7.03450443506277,4.33827008671533,1.92650003433228));
#14605=CARTESIAN_POINT($,(-7.03450443506277,4.36327008671533,1.92650003433228));
#14606=CARTESIAN_POINT('Origin',(-7.03450443506277,4.33827008671533,1.02650003433228));
#14607=CARTESIAN_POINT($,(-7.03450443506277,4.36327008671533,1.02650003433228));
#14608=CARTESIAN_POINT('Origin',(-7.03450443506277,4.73827008671533,1.50150003433228));
#14609=CARTESIAN_POINT('Origin',(-7.03450443506277,4.73827008671533,1.45150003433228));
#14610=CARTESIAN_POINT('Origin',(-7.03450443506277,4.33827008671533,1.97650003433228));
#14611=CARTESIAN_POINT($,(-7.03450443506277,4.36327008671533,1.97650003433228));
#14612=CARTESIAN_POINT('Origin',(-7.43450443506277,4.73827008671533,1.50150003433228));
#14613=CARTESIAN_POINT('Origin',(-7.03450443506277,4.36327008671533,1.47650003433228));
#14614=CARTESIAN_POINT('Origin',(-7.03450443506277,4.71327008671533,1.47650003433228));
#14615=CARTESIAN_POINT($,(-7.03450443506277,4.71327008671533,0.976500034332276));
#14616=CARTESIAN_POINT('Origin',(-7.43450443506277,4.33827008671533,0.976500034332275));
#14617=CARTESIAN_POINT($,(-7.03450443506277,4.36327008671533,0.976500034332276));
#14618=CARTESIAN_POINT('Origin',(-7.03450443506277,4.71327008671533,1.47650003433228));
#14619=CARTESIAN_POINT($,(-7.03450443506277,4.71327008671533,1.97650003433228));
#14620=CARTESIAN_POINT('Origin',(-7.03450443506277,4.73827008671533,1.97650003433228));
#14621=CARTESIAN_POINT($,(-7.03450443506277,4.76327008671533,1.97650003433228));
#14622=CARTESIAN_POINT('Origin',(-7.43450443506277,4.76327008671533,1.47650003433228));
#14623=CARTESIAN_POINT($,(-7.03450443506277,4.76327008671533,0.976500034332276));
#14624=CARTESIAN_POINT('Origin',(-7.03450443506277,4.73827008671533,0.976500034332275));
#14625=CARTESIAN_POINT('Origin',(-7.43450443506277,4.36327008671533,1.47650003433228));
#14626=CARTESIAN_POINT('Origin',(-7.06450443506278,4.50327008671533,1.23460004329681));
#14627=CARTESIAN_POINT('',(-7.05950443506278,4.50327008671533,1.22149991512299));
#14628=CARTESIAN_POINT('',(-7.06950443506278,4.50327008671533,1.22149991512299));
#14629=CARTESIAN_POINT($,(-7.14950443506278,4.50327008671533,1.22149991512299));
#14630=CARTESIAN_POINT('',(-7.05950443506278,4.50327008671533,1.24960004329681));
#14631=CARTESIAN_POINT($,(-7.05950443506278,4.50327008671533,1.23460004329681));
#14632=CARTESIAN_POINT('',(-7.06950443506278,4.50327008671533,1.24960004329681));
#14633=CARTESIAN_POINT($,(-7.06450443506278,4.50327008671533,1.24960004329681));
#14634=CARTESIAN_POINT($,(-7.06950443506278,4.50327008671533,1.23460004329681));
#14635=CARTESIAN_POINT('Origin',(-7.06450443506278,4.57327008671533,1.23460004329681));
#14636=CARTESIAN_POINT('',(-7.06950443506278,4.57327008671533,1.22149991512299));
#14637=CARTESIAN_POINT('',(-7.05950443506278,4.57327008671533,1.22149991512299));
#14638=CARTESIAN_POINT($,(-7.14950443506278,4.57327008671533,1.22149991512299));
#14639=CARTESIAN_POINT('',(-7.06950443506278,4.57327008671533,1.24960004329681));
#14640=CARTESIAN_POINT($,(-7.06950443506278,4.57327008671533,1.23460004329681));
#14641=CARTESIAN_POINT('',(-7.05950443506278,4.57327008671533,1.24960004329681));
#14642=CARTESIAN_POINT($,(-7.06450443506278,4.57327008671533,1.24960004329681));
#14643=CARTESIAN_POINT($,(-7.05950443506278,4.57327008671533,1.23460004329681));
#14644=CARTESIAN_POINT('Origin',(-7.06950443506278,4.56827008671533,1.23460004329681));
#14645=CARTESIAN_POINT('',(-7.06950443506278,4.51327008671533,1.22149991512299));
#14646=CARTESIAN_POINT($,(-7.06950443506278,4.55327008671533,1.22149991512299));
#14647=CARTESIAN_POINT($,(-7.06950443506278,4.50827008671533,1.24960004329681));
#14648=CARTESIAN_POINT('',(-7.06950443506278,4.56327008671533,1.22149991512299));
#14649=CARTESIAN_POINT($,(-7.06950443506278,4.55327008671533,1.22149991512299));
#14650=CARTESIAN_POINT('',(-7.06950443506278,4.56327008671533,1.23960004329681));
#14651=CARTESIAN_POINT($,(-7.06950443506278,4.56327008671533,1.23460004329681));
#14652=CARTESIAN_POINT('',(-7.06950443506278,4.51327008671533,1.23960004329681));
#14653=CARTESIAN_POINT($,(-7.06950443506278,4.53827008671533,1.23960004329681));
#14654=CARTESIAN_POINT($,(-7.06950443506278,4.51327008671533,1.23460004329681));
#14655=CARTESIAN_POINT('Origin',(-7.06450443506278,4.53827008671533,1.23960004329681));
#14656=CARTESIAN_POINT('',(-7.05950443506278,4.56327008671533,1.23960004329681));
#14657=CARTESIAN_POINT('',(-7.05950443506278,4.51327008671533,1.23960004329681));
#14658=CARTESIAN_POINT($,(-7.05950443506278,4.53827008671533,1.23960004329681));
#14659=CARTESIAN_POINT($,(-7.06450443506278,4.51327008671533,1.23960004329681));
#14660=CARTESIAN_POINT($,(-7.06450443506278,4.56327008671533,1.23960004329681));
#14661=CARTESIAN_POINT('Origin',(-7.06450443506278,4.51327008671533,1.23460004329681));
#14662=CARTESIAN_POINT('',(-7.05950443506278,4.51327008671533,1.22149991512299));
#14663=CARTESIAN_POINT($,(-7.14950443506278,4.51327008671533,1.22149991512299));
#14664=CARTESIAN_POINT($,(-7.05950443506278,4.51327008671533,1.23460004329681));
#14665=CARTESIAN_POINT('Origin',(-7.06450443506278,4.56827008671533,1.24960004329681));
#14666=CARTESIAN_POINT($,(-7.05950443506278,4.56827008671533,1.24960004329681));
#14667=CARTESIAN_POINT('Origin',(-7.05950443506278,4.56827008671533,1.23460004329681));
#14668=CARTESIAN_POINT($,(-7.05950443506278,4.55327008671533,1.22149991512299));
#14669=CARTESIAN_POINT('',(-7.05950443506278,4.56327008671533,1.22149991512299));
#14670=CARTESIAN_POINT($,(-7.05950443506278,4.56327008671533,1.23460004329681));
#14671=CARTESIAN_POINT($,(-7.05950443506278,4.55327008671533,1.22149991512299));
#14672=CARTESIAN_POINT('Origin',(-7.06450443506278,4.56327008671533,1.23460004329681));
#14673=CARTESIAN_POINT($,(-7.14950443506278,4.56327008671533,1.22149991512299));
#14674=CARTESIAN_POINT('Origin',(-7.23450443506277,4.53827008671533,1.22149991512299));
#14675=CARTESIAN_POINT('',(-7.03450443506277,4.39827008671533,1.22149991512299));
#14676=CARTESIAN_POINT('',(-7.03450443506277,4.67827008671533,1.22149991512299));
#14677=CARTESIAN_POINT($,(-7.03450443506277,4.53827008671533,1.22149991512299));
#14678=CARTESIAN_POINT('',(-7.43450443506277,4.67827008671533,1.22149991512299));
#14679=CARTESIAN_POINT($,(-7.23450443506277,4.67827008671533,1.22149991512299));
#14680=CARTESIAN_POINT('',(-7.43450443506277,4.39827008671533,1.22149991512299));
#14681=CARTESIAN_POINT($,(-7.43450443506277,4.53827008671533,1.22149991512299));
#14682=CARTESIAN_POINT($,(-7.23450443506277,4.39827008671533,1.22149991512299));
#14683=CARTESIAN_POINT('Origin',(-7.23450443506277,4.53827008671533,1.20149991512299));
#14684=CARTESIAN_POINT('',(-7.03450443506277,4.67827008671533,1.20149991512299));
#14685=CARTESIAN_POINT('',(-7.03450443506277,4.39827008671533,1.20149991512299));
#14686=CARTESIAN_POINT($,(-7.03450443506277,4.53827008671533,1.20149991512299));
#14687=CARTESIAN_POINT('',(-7.43450443506277,4.39827008671533,1.20149991512299));
#14688=CARTESIAN_POINT($,(-7.23450443506277,4.39827008671533,1.20149991512299));
#14689=CARTESIAN_POINT('',(-7.43450443506277,4.67827008671533,1.20149991512299));
#14690=CARTESIAN_POINT($,(-7.43450443506277,4.53827008671533,1.20149991512299));
#14691=CARTESIAN_POINT($,(-7.23450443506277,4.67827008671533,1.20149991512299));
#14692=CARTESIAN_POINT('Origin',(-7.23450443506277,4.39827008671533,1.21149991512299));
#14693=CARTESIAN_POINT($,(-7.43450443506277,4.39827008671533,1.21149991512299));
#14694=CARTESIAN_POINT($,(-7.03450443506277,4.39827008671533,1.21149991512299));
#14695=CARTESIAN_POINT('Origin',(-7.43450443506277,4.53827008671533,1.21149991512299));
#14696=CARTESIAN_POINT($,(-7.43450443506277,4.67827008671533,1.21149991512299));
#14697=CARTESIAN_POINT('Origin',(-7.23450443506277,4.67827008671533,1.21149991512299));
#14698=CARTESIAN_POINT($,(-7.03450443506277,4.67827008671533,1.21149991512299));
#14699=CARTESIAN_POINT('Origin',(-7.03450443506277,4.53827008671533,1.21149991512299));
#14700=CARTESIAN_POINT('Origin',(-4.34020692411019,6.90917645746524,1.07650000000004));
#14701=CARTESIAN_POINT('',(-5.21855875374214,2.48718379107442,1.07650000000003));
#14702=CARTESIAN_POINT('',(-5.26855875374214,2.48718379107442,1.07650000000003));
#14703=CARTESIAN_POINT($,(-5.24355875374214,2.48718379107442,1.07650000000003));
#14704=CARTESIAN_POINT('',(-5.26855875374214,2.43718379107442,1.07650000000003));
#14705=CARTESIAN_POINT($,(-5.26855875374214,2.46218379107442,1.07650000000003));
#14706=CARTESIAN_POINT('',(-5.21855875374214,2.43718379107442,1.07650000000003));
#14707=CARTESIAN_POINT($,(-5.24355875374214,2.43718379107442,1.07650000000003));
#14708=CARTESIAN_POINT($,(-5.21855875374214,2.46218379107442,1.07650000000003));
#14709=CARTESIAN_POINT('',(-5.26855875374214,4.03718379107442,1.07650000000003));
#14710=CARTESIAN_POINT('',(-5.21855875374214,4.03718379107442,1.07650000000003));
#14711=CARTESIAN_POINT($,(-5.24355875374214,4.03718379107442,1.07650000000003));
#14712=CARTESIAN_POINT('',(-5.21855875374214,4.08718379107442,1.07650000000003));
#14713=CARTESIAN_POINT($,(-5.21855875374214,4.06218379107442,1.07650000000003));
#14714=CARTESIAN_POINT('',(-5.26855875374214,4.08718379107442,1.07650000000003));
#14715=CARTESIAN_POINT($,(-5.24355875374214,4.08718379107442,1.07650000000003));
#14716=CARTESIAN_POINT($,(-5.26855875374214,4.06218379107442,1.07650000000003));
#14717=CARTESIAN_POINT('',(-4.86855875374214,2.43718379107442,1.07650000000003));
#14718=CARTESIAN_POINT('',(-4.81855875374214,2.43718379107442,1.07650000000003));
#14719=CARTESIAN_POINT($,(-4.84355875374214,2.43718379107442,1.07650000000003));
#14720=CARTESIAN_POINT('',(-4.81855875374214,2.48718379107442,1.07650000000003));
#14721=CARTESIAN_POINT($,(-4.81855875374214,2.46218379107442,1.07650000000003));
#14722=CARTESIAN_POINT('',(-4.86855875374214,2.48718379107442,1.07650000000003));
#14723=CARTESIAN_POINT($,(-4.84355875374214,2.48718379107442,1.07650000000003));
#14724=CARTESIAN_POINT($,(-4.86855875374214,2.46218379107442,1.07650000000003));
#14725=CARTESIAN_POINT('',(-4.86855875374214,4.03718379107442,1.07650000000003));
#14726=CARTESIAN_POINT('',(-4.81855875374214,4.03718379107442,1.07650000000003));
#14727=CARTESIAN_POINT($,(-4.84355875374214,4.03718379107442,1.07650000000003));
#14728=CARTESIAN_POINT('',(-4.81855875374214,4.08718379107442,1.07650000000003));
#14729=CARTESIAN_POINT($,(-4.81855875374214,4.06218379107442,1.07650000000003));
#14730=CARTESIAN_POINT('',(-4.86855875374214,4.08718379107442,1.07650000000003));
#14731=CARTESIAN_POINT($,(-4.84355875374214,4.08718379107442,1.07650000000003));
#14732=CARTESIAN_POINT($,(-4.86855875374214,4.06218379107442,1.07650000000003));
#14733=CARTESIAN_POINT('',(-4.74355875374214,4.16218379107443,1.07650000000004));
#14734=CARTESIAN_POINT('',(-5.34355875374214,4.16218379107443,1.07650000000004));
#14735=CARTESIAN_POINT($,(-4.54188283892617,4.16218379107443,1.07650000000004));
#14736=CARTESIAN_POINT('',(-4.74355875374214,2.36218379107441,1.07650000000004));
#14737=CARTESIAN_POINT($,(-4.74355875374214,4.63568012426983,1.07650000000004));
#14738=CARTESIAN_POINT('',(-5.34355875374214,2.36218379107441,1.07650000000004));
#14739=CARTESIAN_POINT($,(-4.84188283892617,2.36218379107441,1.07650000000004));
#14740=CARTESIAN_POINT($,(-5.34355875374214,5.53568012426983,1.07650000000004));
#14741=CARTESIAN_POINT('Origin',(-4.74355875374214,2.36218379107441,1.02650000000004));
#14742=CARTESIAN_POINT('',(-4.74355875374214,4.16218379107443,1.12650000000003));
#14743=CARTESIAN_POINT($,(-4.74355875374214,4.16218379107443,1.02650000000004));
#14744=CARTESIAN_POINT('',(-4.74355875374214,2.36218379107441,1.12650000000003));
#14745=CARTESIAN_POINT($,(-4.74355875374214,2.36218379107441,1.12650000000003));
#14746=CARTESIAN_POINT($,(-4.74355875374214,2.36218379107441,1.02650000000004));
#14747=CARTESIAN_POINT('Origin',(-5.34355875374214,2.36218379107441,1.02650000000004));
#14748=CARTESIAN_POINT('',(-5.34355875374214,2.36218379107441,1.12650000000003));
#14749=CARTESIAN_POINT($,(-5.34355875374214,2.36218379107441,1.12650000000003));
#14750=CARTESIAN_POINT($,(-5.34355875374214,2.36218379107441,1.02650000000004));
#14751=CARTESIAN_POINT('Origin',(-5.34355875374214,4.16218379107443,1.02650000000004));
#14752=CARTESIAN_POINT('',(-5.34355875374214,4.16218379107443,1.12650000000003));
#14753=CARTESIAN_POINT($,(-5.34355875374214,4.16218379107443,1.12650000000003));
#14754=CARTESIAN_POINT($,(-5.34355875374214,4.16218379107443,1.02650000000004));
#14755=CARTESIAN_POINT('Origin',(-4.74355875374214,4.16218379107443,1.02650000000004));
#14756=CARTESIAN_POINT($,(-4.74355875374214,4.16218379107443,1.12650000000003));
#14757=CARTESIAN_POINT('Origin',(-4.34020692411019,6.90917645746524,1.12650000000003));
#14758=CARTESIAN_POINT('Origin',(-5.16855875374214,2.48718379107442,0.601500000000033));
#14759=CARTESIAN_POINT('',(-5.26855875374214,2.48718379107442,0.126500000000033));
#14760=CARTESIAN_POINT($,(-5.26855875374214,2.48718379107442,0.601500000000033));
#14761=CARTESIAN_POINT('',(-5.21855875374214,2.48718379107442,0.626500000000033));
#14762=CARTESIAN_POINT($,(-5.21855875374214,2.48718379107442,0.526500000000033));
#14763=CARTESIAN_POINT('',(-5.06855875374214,2.48718379107442,0.626500000000033));
#14764=CARTESIAN_POINT($,(-5.16855875374214,2.48718379107442,0.626500000000033));
#14765=CARTESIAN_POINT('',(-5.06855875374214,2.48718379107442,0.576500000000032));
#14766=CARTESIAN_POINT($,(-5.06855875374214,2.48718379107442,0.601500000000032));
#14767=CARTESIAN_POINT('',(-5.21855875374214,2.48718379107442,0.576500000000032));
#14768=CARTESIAN_POINT($,(-5.16855875374214,2.48718379107442,0.576500000000032));
#14769=CARTESIAN_POINT('',(-5.21855875374214,2.48718379107442,0.126500000000033));
#14770=CARTESIAN_POINT($,(-5.21855875374214,2.48718379107442,0.526500000000033));
#14771=CARTESIAN_POINT($,(-5.24355875374214,2.48718379107442,0.126500000000033));
#14772=CARTESIAN_POINT('Origin',(-4.84355875374214,4.03718379107442,0.526500000000033));
#14773=CARTESIAN_POINT('',(-5.26855875374214,4.03718379107442,0.126500000000033));
#14774=CARTESIAN_POINT($,(-5.26855875374214,4.03718379107442,0.526500000000033));
#14775=CARTESIAN_POINT('',(-5.21855875374214,4.03718379107442,0.126500000000033));
#14776=CARTESIAN_POINT($,(-5.24355875374214,4.03718379107442,0.126500000000033));
#14777=CARTESIAN_POINT('',(-5.21855875374214,4.03718379107442,0.576500000000032));
#14778=CARTESIAN_POINT($,(-5.21855875374214,4.03718379107442,0.526500000000033));
#14779=CARTESIAN_POINT('',(-5.06855875374214,4.03718379107442,0.576500000000032));
#14780=CARTESIAN_POINT($,(-4.76855875374214,4.03718379107442,0.576500000000032));
#14781=CARTESIAN_POINT('',(-5.06855875374214,4.03718379107442,0.626500000000033));
#14782=CARTESIAN_POINT($,(-5.06855875374214,4.03718379107442,0.564000000000032));
#14783=CARTESIAN_POINT('',(-5.21855875374214,4.03718379107442,0.626500000000033));
#14784=CARTESIAN_POINT($,(-4.76855875374214,4.03718379107442,0.626500000000033));
#14785=CARTESIAN_POINT($,(-5.21855875374214,4.03718379107442,0.526500000000033));
#14786=CARTESIAN_POINT('Origin',(-5.26855875374214,2.46218379107442,0.526500000000033));
#14787=CARTESIAN_POINT('',(-5.26855875374214,2.43718379107442,0.126500000000033));
#14788=CARTESIAN_POINT($,(-5.26855875374214,2.46218379107442,0.126500000000033));
#14789=CARTESIAN_POINT($,(-5.26855875374214,2.43718379107442,0.601500000000033));
#14790=CARTESIAN_POINT('Origin',(-5.21855875374214,2.46218379107442,0.526500000000033));
#14791=CARTESIAN_POINT('',(-5.21855875374214,2.43718379107442,0.576500000000032));
#14792=CARTESIAN_POINT($,(-5.21855875374214,3.26218379107442,0.576500000000032));
#14793=CARTESIAN_POINT('',(-5.21855875374214,2.43718379107442,0.126500000000033));
#14794=CARTESIAN_POINT($,(-5.21855875374214,2.43718379107442,0.526500000000033));
#14795=CARTESIAN_POINT($,(-5.21855875374214,2.46218379107442,0.126500000000033));
#14796=CARTESIAN_POINT('Origin',(-5.21855875374214,2.46218379107442,0.526500000000033));
#14797=CARTESIAN_POINT('',(-5.21855875374214,2.43718379107442,0.626500000000033));
#14798=CARTESIAN_POINT($,(-5.21855875374214,3.26218379107442,0.626500000000033));
#14799=CARTESIAN_POINT($,(-5.21855875374214,2.43718379107442,0.526500000000033));
#14800=CARTESIAN_POINT('Origin',(-5.24355875374214,2.46218379107442,0.126500000000033));
#14801=CARTESIAN_POINT($,(-5.24355875374214,2.43718379107442,0.126500000000033));
#14802=CARTESIAN_POINT('Origin',(-5.16855875374214,2.43718379107442,0.601500000000033));
#14803=CARTESIAN_POINT('',(-4.86855875374214,2.43718379107442,0.576500000000032));
#14804=CARTESIAN_POINT($,(-5.16855875374214,2.43718379107442,0.576500000000032));
#14805=CARTESIAN_POINT('',(-4.86855875374214,2.43718379107442,0.126500000000033));
#14806=CARTESIAN_POINT($,(-4.86855875374214,2.43718379107442,0.526500000000033));
#14807=CARTESIAN_POINT('',(-4.81855875374214,2.43718379107442,0.126500000000033));
#14808=CARTESIAN_POINT($,(-4.84355875374214,2.43718379107442,0.126500000000033));
#14809=CARTESIAN_POINT($,(-4.81855875374214,2.43718379107442,0.601500000000033));
#14810=CARTESIAN_POINT('',(-4.86855875374214,2.43718379107442,0.626500000000033));
#14811=CARTESIAN_POINT($,(-4.86855875374214,2.43718379107442,0.526500000000033));
#14812=CARTESIAN_POINT($,(-4.90605875374214,2.43718379107442,0.626500000000033));
#14813=CARTESIAN_POINT('Origin',(-5.21855875374214,4.06218379107442,0.526500000000033));
#14814=CARTESIAN_POINT('',(-5.21855875374214,4.08718379107442,0.576500000000032));
#14815=CARTESIAN_POINT($,(-5.21855875374214,4.06218379107442,0.576500000000032));
#14816=CARTESIAN_POINT('',(-5.21855875374214,4.08718379107442,0.126500000000033));
#14817=CARTESIAN_POINT($,(-5.21855875374214,4.06218379107442,0.126500000000033));
#14818=CARTESIAN_POINT($,(-5.21855875374214,4.08718379107442,0.526500000000033));
#14819=CARTESIAN_POINT('Origin',(-5.26855875374214,4.06218379107442,0.526500000000033));
#14820=CARTESIAN_POINT('',(-5.26855875374214,4.08718379107442,0.126500000000033));
#14821=CARTESIAN_POINT($,(-5.26855875374214,4.08718379107442,0.564000000000033));
#14822=CARTESIAN_POINT($,(-5.26855875374214,4.06218379107442,0.126500000000033));
#14823=CARTESIAN_POINT('Origin',(-5.24355875374214,4.06218379107442,0.126500000000033));
#14824=CARTESIAN_POINT($,(-5.24355875374214,4.08718379107442,0.126500000000033));
#14825=CARTESIAN_POINT('Origin',(-5.21855875374214,4.06218379107442,0.526500000000033));
#14826=CARTESIAN_POINT('',(-5.21855875374214,4.08718379107442,0.626500000000033));
#14827=CARTESIAN_POINT($,(-5.21855875374214,4.06218379107442,0.626500000000033));
#14828=CARTESIAN_POINT($,(-5.21855875374214,4.08718379107442,0.526500000000033));
#14829=CARTESIAN_POINT('Origin',(-5.01855875374214,3.26218379107442,0.601500000000031));
#14830=CARTESIAN_POINT('',(-5.01855875374214,4.03718379107442,0.626500000000031));
#14831=CARTESIAN_POINT('',(-5.01855875374214,4.03718379107442,0.576500000000032));
#14832=CARTESIAN_POINT($,(-5.01855875374214,4.03718379107442,0.564000000000032));
#14833=CARTESIAN_POINT('',(-5.01855875374214,2.48718379107442,0.626500000000031));
#14834=CARTESIAN_POINT($,(-5.01855875374214,3.26218379107442,0.626500000000031));
#14835=CARTESIAN_POINT('',(-5.01855875374214,2.48718379107442,0.576500000000032));
#14836=CARTESIAN_POINT($,(-5.01855875374214,2.48718379107442,0.601500000000032));
#14837=CARTESIAN_POINT($,(-5.01855875374214,3.26218379107442,0.576500000000032));
#14838=CARTESIAN_POINT('Origin',(-5.06855875374214,3.26218379107442,0.601500000000031));
#14839=CARTESIAN_POINT($,(-5.06855875374214,3.26218379107442,0.576500000000032));
#14840=CARTESIAN_POINT($,(-5.06855875374214,3.26218379107442,0.626500000000031));
#14841=CARTESIAN_POINT('Origin',(-4.81855875374214,2.46218379107442,0.526500000000033));
#14842=CARTESIAN_POINT('',(-4.81855875374214,2.48718379107442,0.126500000000033));
#14843=CARTESIAN_POINT($,(-4.81855875374214,2.48718379107442,0.601500000000033));
#14844=CARTESIAN_POINT($,(-4.81855875374214,2.46218379107442,0.126500000000033));
#14845=CARTESIAN_POINT('Origin',(-4.86855875374214,2.46218379107442,0.526500000000033));
#14846=CARTESIAN_POINT('',(-4.86855875374214,2.48718379107442,0.626500000000033));
#14847=CARTESIAN_POINT($,(-4.86855875374214,2.46218379107442,0.626500000000033));
#14848=CARTESIAN_POINT($,(-4.86855875374214,2.48718379107442,0.526500000000033));
#14849=CARTESIAN_POINT('Origin',(-4.86855875374214,2.46218379107442,0.526500000000033));
#14850=CARTESIAN_POINT('',(-4.86855875374214,2.48718379107442,0.576500000000032));
#14851=CARTESIAN_POINT($,(-4.86855875374214,2.46218379107442,0.576500000000032));
#14852=CARTESIAN_POINT('',(-4.86855875374214,2.48718379107442,0.126500000000033));
#14853=CARTESIAN_POINT($,(-4.86855875374214,2.48718379107442,0.526500000000033));
#14854=CARTESIAN_POINT($,(-4.86855875374214,2.46218379107442,0.126500000000033));
#14855=CARTESIAN_POINT('Origin',(-4.84355875374214,2.46218379107442,0.126500000000033));
#14856=CARTESIAN_POINT($,(-4.84355875374214,2.48718379107442,0.126500000000033));
#14857=CARTESIAN_POINT('Origin',(-5.16855875374214,2.48718379107442,0.601500000000033));
#14858=CARTESIAN_POINT($,(-5.16855875374214,2.48718379107442,0.576500000000032));
#14859=CARTESIAN_POINT($,(-5.16855875374214,2.48718379107442,0.626500000000033));
#14860=CARTESIAN_POINT('Origin',(-4.84355875374214,4.08718379107442,0.526500000000033));
#14861=CARTESIAN_POINT('',(-4.86855875374214,4.08718379107442,0.626500000000033));
#14862=CARTESIAN_POINT($,(-4.76855875374214,4.08718379107442,0.626500000000033));
#14863=CARTESIAN_POINT($,(-4.86855875374214,4.08718379107442,0.526500000000033));
#14864=CARTESIAN_POINT('',(-4.81855875374214,4.08718379107442,0.126500000000033));
#14865=CARTESIAN_POINT($,(-4.81855875374214,4.08718379107442,0.564000000000033));
#14866=CARTESIAN_POINT('',(-4.86855875374214,4.08718379107442,0.126500000000033));
#14867=CARTESIAN_POINT($,(-4.84355875374214,4.08718379107442,0.126500000000033));
#14868=CARTESIAN_POINT('',(-4.86855875374214,4.08718379107442,0.576500000000032));
#14869=CARTESIAN_POINT($,(-4.86855875374214,4.08718379107442,0.526500000000033));
#14870=CARTESIAN_POINT($,(-5.01855875374214,4.08718379107442,0.576500000000032));
#14871=CARTESIAN_POINT('Origin',(-4.84355875374214,4.03718379107442,0.526500000000033));
#14872=CARTESIAN_POINT('',(-4.81855875374214,4.03718379107442,0.126500000000033));
#14873=CARTESIAN_POINT($,(-4.81855875374214,4.03718379107442,0.564000000000033));
#14874=CARTESIAN_POINT('',(-4.86855875374214,4.03718379107442,0.626500000000033));
#14875=CARTESIAN_POINT($,(-4.86855875374214,4.03718379107442,0.526500000000033));
#14876=CARTESIAN_POINT($,(-4.76855875374214,4.03718379107442,0.626500000000033));
#14877=CARTESIAN_POINT('',(-4.86855875374214,4.03718379107442,0.576500000000032));
#14878=CARTESIAN_POINT($,(-4.76855875374214,4.03718379107442,0.576500000000032));
#14879=CARTESIAN_POINT('',(-4.86855875374214,4.03718379107442,0.126500000000033));
#14880=CARTESIAN_POINT($,(-4.86855875374214,4.03718379107442,0.526500000000033));
#14881=CARTESIAN_POINT($,(-4.84355875374214,4.03718379107442,0.126500000000033));
#14882=CARTESIAN_POINT('Origin',(-4.86855875374214,4.06218379107442,0.526500000000033));
#14883=CARTESIAN_POINT($,(-4.86855875374214,4.06218379107442,0.576500000000032));
#14884=CARTESIAN_POINT($,(-4.86855875374214,4.06218379107442,0.126500000000033));
#14885=CARTESIAN_POINT('Origin',(-4.81855875374214,4.06218379107442,0.526500000000033));
#14886=CARTESIAN_POINT($,(-4.81855875374214,4.06218379107442,0.126500000000033));
#14887=CARTESIAN_POINT('Origin',(-4.84355875374214,4.06218379107442,0.126500000000033));
#14888=CARTESIAN_POINT('Origin',(-4.86855875374214,4.06218379107442,0.526500000000033));
#14889=CARTESIAN_POINT($,(-4.86855875374214,4.06218379107442,0.626500000000033));
#14890=CARTESIAN_POINT('Origin',(-4.76855875374214,4.06218379107442,0.626500000000033));
#14891=CARTESIAN_POINT('Origin',(-4.76855875374214,4.06218379107442,0.576500000000032));
#14892=CARTESIAN_POINT('Origin',(-4.97313117980957,2.63026261329651,1.62650001049042));
#14893=CARTESIAN_POINT('',(-4.72313117980957,2.53026261329651,1.62650001049042));
#14894=CARTESIAN_POINT('',(-4.72313117980957,2.73026261329651,1.62650001049042));
#14895=CARTESIAN_POINT($,(-4.72313117980957,2.63026261329651,1.62650001049042));
#14896=CARTESIAN_POINT('',(-5.22313117980957,2.73026261329651,1.62650001049042));
#14897=CARTESIAN_POINT($,(-4.97313117980957,2.73026261329651,1.62650001049042));
#14898=CARTESIAN_POINT('',(-5.22313117980957,2.53026261329651,1.62650001049042));
#14899=CARTESIAN_POINT($,(-5.22313117980957,2.63026261329651,1.62650001049042));
#14900=CARTESIAN_POINT($,(-4.97313117980957,2.53026261329651,1.62650001049042));
#14901=CARTESIAN_POINT('Origin',(-4.97313117980957,2.63026261329651,1.12650001049042));
#14902=CARTESIAN_POINT('',(-4.72313117980957,2.73026261329651,1.12650001049042));
#14903=CARTESIAN_POINT('',(-4.72313117980957,2.53026261329651,1.12650001049042));
#14904=CARTESIAN_POINT($,(-4.72313117980957,2.63026261329651,1.12650001049042));
#14905=CARTESIAN_POINT('',(-5.22313117980957,2.53026261329651,1.12650001049042));
#14906=CARTESIAN_POINT($,(-4.97313117980957,2.53026261329651,1.12650001049042));
#14907=CARTESIAN_POINT('',(-5.22313117980957,2.73026261329651,1.12650001049042));
#14908=CARTESIAN_POINT($,(-5.22313117980957,2.63026261329651,1.12650001049042));
#14909=CARTESIAN_POINT($,(-4.97313117980957,2.73026261329651,1.12650001049042));
#14910=CARTESIAN_POINT('Origin',(-4.97313117980957,2.53026261329651,1.37650001049042));
#14911=CARTESIAN_POINT($,(-5.22313117980957,2.53026261329651,1.37650001049042));
#14912=CARTESIAN_POINT($,(-4.72313117980957,2.53026261329651,1.37650001049042));
#14913=CARTESIAN_POINT('Origin',(-5.22313117980957,2.63026261329651,1.37650001049042));
#14914=CARTESIAN_POINT($,(-5.22313117980957,2.73026261329651,1.37650001049042));
#14915=CARTESIAN_POINT('Origin',(-4.97313117980957,2.73026261329651,1.37650001049042));
#14916=CARTESIAN_POINT($,(-4.72313117980957,2.73026261329651,1.37650001049042));
#14917=CARTESIAN_POINT('Origin',(-4.72313117980957,2.63026261329651,1.37650001049042));
#14918=CARTESIAN_POINT('Origin',(-4.97313117980957,2.93026261329651,1.62650001049042));
#14919=CARTESIAN_POINT('',(-4.72313117980957,2.83026261329651,1.62650001049042));
#14920=CARTESIAN_POINT('',(-4.72313117980957,3.03026261329651,1.62650001049042));
#14921=CARTESIAN_POINT($,(-4.72313117980957,2.93026261329651,1.62650001049042));
#14922=CARTESIAN_POINT('',(-5.22313117980957,3.03026261329651,1.62650001049042));
#14923=CARTESIAN_POINT($,(-4.97313117980957,3.03026261329651,1.62650001049042));
#14924=CARTESIAN_POINT('',(-5.22313117980957,2.83026261329651,1.62650001049042));
#14925=CARTESIAN_POINT($,(-5.22313117980957,2.93026261329651,1.62650001049042));
#14926=CARTESIAN_POINT($,(-4.97313117980957,2.83026261329651,1.62650001049042));
#14927=CARTESIAN_POINT('Origin',(-4.97313117980957,2.93026261329651,1.12650001049042));
#14928=CARTESIAN_POINT('',(-4.72313117980957,3.03026261329651,1.12650001049042));
#14929=CARTESIAN_POINT('',(-4.72313117980957,2.83026261329651,1.12650001049042));
#14930=CARTESIAN_POINT($,(-4.72313117980957,2.93026261329651,1.12650001049042));
#14931=CARTESIAN_POINT('',(-5.22313117980957,2.83026261329651,1.12650001049042));
#14932=CARTESIAN_POINT($,(-4.97313117980957,2.83026261329651,1.12650001049042));
#14933=CARTESIAN_POINT('',(-5.22313117980957,3.03026261329651,1.12650001049042));
#14934=CARTESIAN_POINT($,(-5.22313117980957,2.93026261329651,1.12650001049042));
#14935=CARTESIAN_POINT($,(-4.97313117980957,3.03026261329651,1.12650001049042));
#14936=CARTESIAN_POINT('Origin',(-4.97313117980957,2.83026261329651,1.37650001049042));
#14937=CARTESIAN_POINT($,(-5.22313117980957,2.83026261329651,1.37650001049042));
#14938=CARTESIAN_POINT($,(-4.72313117980957,2.83026261329651,1.37650001049042));
#14939=CARTESIAN_POINT('Origin',(-5.22313117980957,2.93026261329651,1.37650001049042));
#14940=CARTESIAN_POINT($,(-5.22313117980957,3.03026261329651,1.37650001049042));
#14941=CARTESIAN_POINT('Origin',(-4.97313117980957,3.03026261329651,1.37650001049042));
#14942=CARTESIAN_POINT($,(-4.72313117980957,3.03026261329651,1.37650001049042));
#14943=CARTESIAN_POINT('Origin',(-4.72313117980957,2.93026261329651,1.37650001049042));
#14944=CARTESIAN_POINT('Origin',(-5.21906344171628,3.28958998805186,1.24649999141693));
#14945=CARTESIAN_POINT('',(-5.1991039022707,3.29086151670683,1.19649999141693));
#14946=CARTESIAN_POINT('',(-5.1991039022707,3.29086151670683,1.34649999141693));
#14947=CARTESIAN_POINT($,(-5.1991039022707,3.29086151670683,1.24649999141693));
#14948=CARTESIAN_POINT('',(-5.20109299224787,3.28081143772146,1.19649999141693));
#14949=CARTESIAN_POINT('Origin',(-5.21906344171628,3.28958998805186,1.19649999141693));
#14950=CARTESIAN_POINT('',(-5.20109299224787,3.28081143772146,1.34649999141693));
#14951=CARTESIAN_POINT($,(-5.20109299224787,3.28081143772146,1.24649999141693));
#14952=CARTESIAN_POINT('Origin',(-5.21906344171628,3.28958998805186,1.34649999141693));
#14953=CARTESIAN_POINT('',(-5.20730773667043,3.27340964816436,1.14649999141693));
#14954=CARTESIAN_POINT('Origin',(-5.21906344171628,3.28958998805186,1.14650001049042));
#14955=CARTESIAN_POINT('Origin',(-5.21906344171628,3.28958998805186,1.34649999141693));
#14956=CARTESIAN_POINT($,(-5.20009844725929,3.28583647721415,1.34649999141693));
#14957=CARTESIAN_POINT('Origin',(-5.20009844725929,3.28583647721415,1.34649999141693));
#14958=CARTESIAN_POINT('',(-5.22922121220447,3.13869075161552,1.19649999141693));
#14959=CARTESIAN_POINT($,(-5.20009844725929,3.28583647721415,1.19649999141693));
#14960=CARTESIAN_POINT('',(-5.22922121220447,3.13869075161552,1.49649999141693));
#14961=CARTESIAN_POINT($,(-5.22922121220447,3.13869075161552,1.34649999141693));
#14962=CARTESIAN_POINT('',(-5.1709756823141,3.43298220281278,1.49649999141693));
#14963=CARTESIAN_POINT($,(-5.20009844725929,3.28583647721415,1.49649999141693));
#14964=CARTESIAN_POINT('',(-5.1709756823141,3.43298220281278,1.19649999141693));
#14965=CARTESIAN_POINT($,(-5.1709756823141,3.43298220281278,1.34649999141693));
#14966=CARTESIAN_POINT($,(-5.20009844725929,3.28583647721415,1.19649999141693));
#14967=CARTESIAN_POINT('Origin',(-5.15104987205974,3.27612888889909,1.34649999141693));
#14968=CARTESIAN_POINT('',(-5.12192710711456,3.42327461449772,1.19649999141693));
#14969=CARTESIAN_POINT('',(-5.12192710711456,3.42327461449772,1.49649999141693));
#14970=CARTESIAN_POINT($,(-5.12192710711456,3.42327461449772,1.34649999141693));
#14971=CARTESIAN_POINT('',(-5.18017263700492,3.12898316330046,1.49649999141693));
#14972=CARTESIAN_POINT($,(-5.15104987205974,3.27612888889909,1.49649999141693));
#14973=CARTESIAN_POINT('',(-5.18017263700492,3.12898316330046,1.19649999141693));
#14974=CARTESIAN_POINT($,(-5.18017263700492,3.12898316330046,1.34649999141693));
#14975=CARTESIAN_POINT($,(-5.15104987205974,3.27612888889909,1.19649999141693));
#14976=CARTESIAN_POINT('Origin',(-5.17557415965951,3.28098268305662,1.19649999141693));
#14977=CARTESIAN_POINT($,(-5.14645139471433,3.42812840865525,1.19649999141693));
#14978=CARTESIAN_POINT($,(-5.2046969246047,3.13383695745799,1.19649999141693));
#14979=CARTESIAN_POINT('Origin',(-5.2046969246047,3.13383695745799,1.34649999141693));
#14980=CARTESIAN_POINT($,(-5.2046969246047,3.13383695745799,1.49649999141693));
#14981=CARTESIAN_POINT('Origin',(-5.17557415965951,3.28098268305662,1.49649999141693));
#14982=CARTESIAN_POINT($,(-5.14645139471433,3.42812840865525,1.49649999141693));
#14983=CARTESIAN_POINT('Origin',(-5.14645139471433,3.42812840865525,1.34649999141693));
#14984=CARTESIAN_POINT('Origin',(-5.21906344171628,3.28958998805186,1.13650001049042));
#14985=CARTESIAN_POINT('',(-5.16028491648703,3.20868828861437,1.12650001049042));
#14986=CARTESIAN_POINT('Origin',(-5.21906344171628,3.28958998805186,1.12650001049042));
#14987=CARTESIAN_POINT('',(-5.16028491648703,3.20868828861437,1.14650001049042));
#14988=CARTESIAN_POINT('Origin',(-5.21906344171628,3.28958998805186,1.14650001049042));
#14989=CARTESIAN_POINT('Origin',(-5.21906344171628,3.28958998805186,1.12650001049042));
#14990=CARTESIAN_POINT('Origin',(-5.21906344171628,3.28958998805186,1.14650001049042));
#14991=CARTESIAN_POINT('Origin',(-4.96645604060524,3.27459596436058,1.17650001049042));
#14992=CARTESIAN_POINT('',(-5.09977389757279,3.15324379497914,1.17650001049042));
#14993=CARTESIAN_POINT('',(-4.90571475231759,3.10485941585921,1.17650001049042));
#14994=CARTESIAN_POINT($,(-5.00274432494519,3.12905160541918,1.17650001049042));
#14995=CARTESIAN_POINT('',(-4.83313818363769,3.39594813374201,1.17650001049042));
#14996=CARTESIAN_POINT($,(-4.86942646797764,3.25040377480061,1.17650001049042));
#14997=CARTESIAN_POINT('',(-5.02719732889289,3.44433251286194,1.17650001049042));
#14998=CARTESIAN_POINT($,(-4.93016775626529,3.42014032330198,1.17650001049042));
#14999=CARTESIAN_POINT($,(-5.06348561323284,3.29878815392054,1.17650001049042));
#15000=CARTESIAN_POINT('Origin',(-4.96645604060524,3.27459596436058,1.12650001049042));
#15001=CARTESIAN_POINT('',(-4.90571475231759,3.10485941585921,1.12650001049042));
#15002=CARTESIAN_POINT('',(-5.09977389757279,3.15324379497914,1.12650001049042));
#15003=CARTESIAN_POINT($,(-5.00274432494519,3.12905160541918,1.12650001049042));
#15004=CARTESIAN_POINT('',(-5.02719732889289,3.44433251286194,1.12650001049042));
#15005=CARTESIAN_POINT($,(-5.06348561323284,3.29878815392054,1.12650001049042));
#15006=CARTESIAN_POINT('',(-4.83313818363769,3.39594813374201,1.12650001049042));
#15007=CARTESIAN_POINT($,(-4.93016775626529,3.42014032330198,1.12650001049042));
#15008=CARTESIAN_POINT($,(-4.86942646797764,3.25040377480061,1.12650001049042));
#15009=CARTESIAN_POINT('Origin',(-5.06348561323284,3.29878815392054,1.15150001049042));
#15010=CARTESIAN_POINT($,(-5.02719732889289,3.44433251286194,1.15150001049042));
#15011=CARTESIAN_POINT($,(-5.09977389757279,3.15324379497914,1.15150001049042));
#15012=CARTESIAN_POINT('Origin',(-4.93016775626529,3.42014032330198,1.15150001049042));
#15013=CARTESIAN_POINT($,(-4.83313818363769,3.39594813374201,1.15150001049042));
#15014=CARTESIAN_POINT('Origin',(-4.86942646797764,3.25040377480061,1.15150001049042));
#15015=CARTESIAN_POINT($,(-4.90571475231759,3.10485941585921,1.15150001049042));
#15016=CARTESIAN_POINT('Origin',(-5.00274432494519,3.12905160541918,1.15150001049042));
#15017=CARTESIAN_POINT('Origin',(-5.06823141105035,3.51000465281086,1.12650001049042));
#15018=CARTESIAN_POINT('',(-5.02941958199931,3.50032777698687,1.12650001049042));
#15019=CARTESIAN_POINT('Origin',(-5.06823141105035,3.51000465281086,1.12650001049042));
#15020=CARTESIAN_POINT('Origin',(-5.06823141105035,3.51000465281086,1.12650001049042));
#15021=CARTESIAN_POINT('Origin',(-4.60219346967999,2.90769608987128,0.726500082015991));
#15022=CARTESIAN_POINT('',(-4.56483842716862,2.71020026510788,0.726500005245225));
#15023=CARTESIAN_POINT('',(-4.59970072426769,3.10867814434458,0.726500005245225));
#15024=CARTESIAN_POINT($,(-4.54830429318658,2.52121424891227,0.726500005245225));
#15025=CARTESIAN_POINT('',(-4.59471975077723,3.10911392305832,0.726500082015991));
#15026=CARTESIAN_POINT($,(-4.61962461822952,3.10693502948963,0.726500082015991));
#15027=CARTESIAN_POINT('',(-4.55985745367816,2.71063604382162,0.726500082015991));
#15028=CARTESIAN_POINT($,(-4.5772886022277,2.90987498343997,0.726500082015991));
#15029=CARTESIAN_POINT($,(-4.58476232113046,2.70845715025293,0.726500082015991));
#15030=CARTESIAN_POINT('Origin',(-4.60219346967999,2.90769608987128,1.12650008201599));
#15031=CARTESIAN_POINT('',(-4.60966718858275,2.70627825668424,1.12650008201599));
#15032=CARTESIAN_POINT('',(-4.55985745367816,2.71063604382162,1.12650008201599));
#15033=CARTESIAN_POINT($,(-4.58476232113046,2.70845715025293,1.12650008201599));
#15034=CARTESIAN_POINT('',(-4.59471975077723,3.10911392305832,1.12650008201599));
#15035=CARTESIAN_POINT($,(-4.5772886022277,2.90987498343997,1.12650008201599));
#15036=CARTESIAN_POINT('',(-4.64452948568182,3.10475613592094,1.12650008201599));
#15037=CARTESIAN_POINT($,(-4.61962461822952,3.10693502948963,1.12650008201599));
#15038=CARTESIAN_POINT($,(-4.62709833713228,2.90551719630259,1.12650008201599));
#15039=CARTESIAN_POINT('Origin',(-4.62709833713228,2.90551719630259,0.926500082015991));
#15040=CARTESIAN_POINT('',(-4.64452948568182,3.10475613592094,0.726500082015991));
#15041=CARTESIAN_POINT($,(-4.64452948568182,3.10475613592094,0.926500082015991));
#15042=CARTESIAN_POINT('',(-4.60966718858275,2.70627825668424,0.726500082015991));
#15043=CARTESIAN_POINT($,(-4.62001250438857,2.82452575743334,0.726500011539456));
#15044=CARTESIAN_POINT($,(-4.60966718858275,2.70627825668424,0.926500082015991));
#15045=CARTESIAN_POINT('Origin',(-4.5772886022277,2.90987498343997,0.926500082015991));
#15046=CARTESIAN_POINT($,(-4.55985745367816,2.71063604382162,0.926500082015991));
#15047=CARTESIAN_POINT($,(-4.59471975077723,3.10911392305832,0.926500082015991));
#15048=CARTESIAN_POINT('Origin',(-4.62502332155026,2.74247599883072,0.726500011539456));
#15049=CARTESIAN_POINT('',(-4.99817860350439,3.07381584724552,0.726500005245225));
#15050=CARTESIAN_POINT($,(-2.95053499759276,3.25296144970413,0.726500005245225));
#15051=CARTESIAN_POINT('',(-4.96331630640532,2.67533796800882,0.726500005245225));
#15052=CARTESIAN_POINT($,(-4.96775623734467,2.72608661086618,0.726500005245225));
#15053=CARTESIAN_POINT($,(-3.11491164011204,2.8370524219179,0.726500005245225));
#15054=CARTESIAN_POINT('Origin',(-4.90787891996197,2.69732649832836,0.42650000839234));
#15055=CARTESIAN_POINT('',(-4.92566811099933,2.6957701457793,0.696500004930517));
#15056=CARTESIAN_POINT('',(-4.89008972892462,2.69888285087743,0.696500004930517));
#15057=CARTESIAN_POINT($,(-3.08793695932846,2.85655078815894,0.696500004930517));
#15058=CARTESIAN_POINT('',(-4.92566811099933,2.6957701457793,0.126500005245225));
#15059=CARTESIAN_POINT($,(-4.92566811099933,2.6957701457793,0.42650000839234));
#15060=CARTESIAN_POINT('',(-4.89008972892462,2.69888285087743,0.126500005245225));
#15061=CARTESIAN_POINT($,(-4.90787891996197,2.69732649832836,0.126500005245225));
#15062=CARTESIAN_POINT($,(-4.89008972892462,2.69888285087743,0.42650000839234));
#15063=CARTESIAN_POINT('Origin',(-4.92743956918526,2.71601800549661,0.42650000839234));
#15064=CARTESIAN_POINT('',(-4.92921102737118,2.73626586521392,0.696500004930517));
#15065=CARTESIAN_POINT($,(-4.91281861004402,2.5488996777957,0.696500004930517));
#15066=CARTESIAN_POINT('',(-4.92921102737118,2.73626586521392,0.126500005245225));
#15067=CARTESIAN_POINT($,(-4.92921102737118,2.73626586521392,0.42650000839234));
#15068=CARTESIAN_POINT($,(-4.92743956918526,2.71601800549661,0.126500005245225));
#15069=CARTESIAN_POINT('Origin',(-4.9096503781479,2.71757435804567,0.126500005245225));
#15070=CARTESIAN_POINT('',(-4.89363264529648,2.73937857031205,0.126500005245225));
#15071=CARTESIAN_POINT($,(-4.91142183633383,2.73782221776299,0.126500005245225));
#15072=CARTESIAN_POINT($,(-4.89186118711055,2.71913071059474,0.126500005245225));
#15073=CARTESIAN_POINT('Origin',(-4.91142183633383,2.73782221776299,0.42650000839234));
#15074=CARTESIAN_POINT('',(-4.89363264529648,2.73937857031205,0.696500004930517));
#15075=CARTESIAN_POINT($,(-3.09147987570032,2.89704650759356,0.696500004930517));
#15076=CARTESIAN_POINT($,(-4.89363264529648,2.73937857031205,0.42650000839234));
#15077=CARTESIAN_POINT('Origin',(-4.89186118711055,2.71913071059474,0.42650000839234));
#15078=CARTESIAN_POINT($,(-4.87724022796931,2.55201238289383,0.696500004930517));
#15079=CARTESIAN_POINT('Origin',(-4.93622225093683,3.02129225380537,0.42650000839234));
#15080=CARTESIAN_POINT('',(-4.95401144197418,3.0197359012563,0.696500004930517));
#15081=CARTESIAN_POINT('',(-4.91843305989947,3.02284860635443,0.696500004930517));
#15082=CARTESIAN_POINT($,(-3.11628029030331,3.18051654363595,0.696500004930517));
#15083=CARTESIAN_POINT('',(-4.95401144197418,3.0197359012563,0.126500005245225));
#15084=CARTESIAN_POINT($,(-4.95401144197418,3.0197359012563,0.42650000839234));
#15085=CARTESIAN_POINT('',(-4.91843305989947,3.02284860635443,0.126500005245225));
#15086=CARTESIAN_POINT($,(-4.93622225093683,3.02129225380537,0.126500005245225));
#15087=CARTESIAN_POINT($,(-4.91843305989947,3.02284860635443,0.42650000839234));
#15088=CARTESIAN_POINT('Origin',(-4.95578290016011,3.03998376097362,0.42650000839234));
#15089=CARTESIAN_POINT('',(-4.95755435834603,3.06023162069093,0.696500004930517));
#15090=CARTESIAN_POINT($,(-4.92699027553144,2.7108825555342,0.696500004930517));
#15091=CARTESIAN_POINT('',(-4.95755435834603,3.06023162069093,0.126500005245225));
#15092=CARTESIAN_POINT($,(-4.95755435834603,3.06023162069093,0.42650000839234));
#15093=CARTESIAN_POINT($,(-4.95578290016011,3.03998376097362,0.126500005245225));
#15094=CARTESIAN_POINT('Origin',(-4.93799370912275,3.04154011352268,0.126500005245225));
#15095=CARTESIAN_POINT('',(-4.92197597627133,3.06334432578906,0.126500005245225));
#15096=CARTESIAN_POINT($,(-4.93976516730868,3.06178797324,0.126500005245225));
#15097=CARTESIAN_POINT($,(-4.9202045180854,3.04309646607175,0.126500005245225));
#15098=CARTESIAN_POINT('Origin',(-4.93976516730868,3.06178797324,0.42650000839234));
#15099=CARTESIAN_POINT('',(-4.92197597627133,3.06334432578906,0.696500004930517));
#15100=CARTESIAN_POINT($,(-3.11982320667517,3.22101226307057,0.696500004930517));
#15101=CARTESIAN_POINT($,(-4.92197597627133,3.06334432578906,0.42650000839234));
#15102=CARTESIAN_POINT('Origin',(-4.9202045180854,3.04309646607175,0.42650000839234));
#15103=CARTESIAN_POINT($,(-4.89141189345674,2.71399526063233,0.696500004930517));
#15104=CARTESIAN_POINT('Origin',(-4.65159519433918,3.04619389459041,0.42650000839234));
#15105=CARTESIAN_POINT('',(-4.66938438537653,3.04463754204135,0.696500004930517));
#15106=CARTESIAN_POINT('',(-4.63380600330183,3.04775024713948,0.696500004930517));
#15107=CARTESIAN_POINT($,(-2.97396676200449,3.19296736402847,0.696500004930517));
#15108=CARTESIAN_POINT('',(-4.66938438537653,3.04463754204135,0.126500005245225));
#15109=CARTESIAN_POINT($,(-4.66938438537653,3.04463754204135,0.42650000839234));
#15110=CARTESIAN_POINT('',(-4.63380600330183,3.04775024713948,0.126500005245225));
#15111=CARTESIAN_POINT($,(-4.65159519433918,3.04619389459041,0.126500005245225));
#15112=CARTESIAN_POINT($,(-4.63380600330183,3.04775024713948,0.42650000839234));
#15113=CARTESIAN_POINT('Origin',(-4.67115584356246,3.06488540175866,0.42650000839234));
#15114=CARTESIAN_POINT('',(-4.67292730174839,3.08513326147598,0.696500004930517));
#15115=CARTESIAN_POINT($,(-4.64236321893379,2.73578419631925,0.696500004930517));
#15116=CARTESIAN_POINT('',(-4.67292730174839,3.08513326147598,0.126500005245225));
#15117=CARTESIAN_POINT($,(-4.67292730174839,3.08513326147598,0.42650000839234));
#15118=CARTESIAN_POINT($,(-4.67115584356246,3.06488540175866,0.126500005245225));
#15119=CARTESIAN_POINT('Origin',(-4.65336665252511,3.06644175430773,0.126500005245225));
#15120=CARTESIAN_POINT('',(-4.63734891967368,3.08824596657411,0.126500005245225));
#15121=CARTESIAN_POINT($,(-4.65513811071103,3.08668961402504,0.126500005245225));
#15122=CARTESIAN_POINT($,(-4.63557746148775,3.0679981068568,0.126500005245225));
#15123=CARTESIAN_POINT('Origin',(-4.65513811071103,3.08668961402504,0.42650000839234));
#15124=CARTESIAN_POINT('',(-4.63734891967368,3.08824596657411,0.696500004930517));
#15125=CARTESIAN_POINT($,(-2.97750967837634,3.2334630834631,0.696500004930517));
#15126=CARTESIAN_POINT($,(-4.63734891967368,3.08824596657411,0.42650000839234));
#15127=CARTESIAN_POINT('Origin',(-4.63557746148775,3.0679981068568,0.42650000839234));
#15128=CARTESIAN_POINT($,(-4.60678483685909,2.73889690141738,0.696500004930517));
#15129=CARTESIAN_POINT('Origin',(-1.24052453859839,2.70178628230501,0.696500004930517));
#15130=CARTESIAN_POINT('',(-4.96331630640532,2.67533796800882,0.696500004930517));
#15131=CARTESIAN_POINT('',(-4.99817860350439,3.07381584724552,0.696500004930517));
#15132=CARTESIAN_POINT($,(-4.95623047366161,2.59434652913957,0.696500004930517));
#15133=CARTESIAN_POINT('',(-4.59970072426769,3.10867814434458,0.696500004930517));
#15134=CARTESIAN_POINT($,(-4.99817860350439,3.07381584724552,0.696500004930517));
#15135=CARTESIAN_POINT('',(-4.56483842716862,2.71020026510788,0.696500004930517));
#15136=CARTESIAN_POINT($,(-4.59970072426769,3.10867814434458,0.696500004930517));
#15137=CARTESIAN_POINT($,(-3.11491164011204,2.8370524219179,0.696500004930517));
#15138=CARTESIAN_POINT('',(-4.64104105440168,2.72067178656434,0.696500004930517));
#15139=CARTESIAN_POINT('',(-4.64458397077354,2.76116750599897,0.696500004930517));
#15140=CARTESIAN_POINT($,(-4.62819155344637,2.57380131858074,0.696500004930517));
#15141=CARTESIAN_POINT('',(-4.60546267232697,2.72378449166247,0.696500004930517));
#15142=CARTESIAN_POINT($,(-2.94562343102964,2.86900160855146,0.696500004930517));
#15143=CARTESIAN_POINT('',(-4.60900558869883,2.7642802110971,0.696500004930517));
#15144=CARTESIAN_POINT($,(-4.59261317137166,2.57691402367888,0.696500004930517));
#15145=CARTESIAN_POINT($,(-2.94916634740149,2.90949732798609,0.696500004930517));
#15146=CARTESIAN_POINT('Origin',(-4.59970072426769,3.10867814434458,0.696500004930517));
#15147=CARTESIAN_POINT($,(-4.99817860350439,3.07381584724552,0.696500004930517));
#15148=CARTESIAN_POINT($,(-4.59970072426769,3.10867814434458,0.696500004930517));
#15149=CARTESIAN_POINT('Origin',(-4.55775259442491,2.62920882623863,0.696500004930517));
#15150=CARTESIAN_POINT($,(-4.56483842716862,2.71020026510788,0.696500004930517));
#15151=CARTESIAN_POINT('Origin',(-4.96331630640532,2.67533796800882,0.696500004930517));
#15152=CARTESIAN_POINT($,(-4.96331630640532,2.67533796800882,0.696500004930517));
#15153=CARTESIAN_POINT('Origin',(-4.99817860350439,3.07381584724552,0.696500004930517));
#15154=CARTESIAN_POINT('Origin',(-4.6072341305129,2.74403235137979,0.42650000839234));
#15155=CARTESIAN_POINT('',(-4.60546267232697,2.72378449166247,0.126500005245225));
#15156=CARTESIAN_POINT($,(-4.60546267232697,2.72378449166247,0.42650000839234));
#15157=CARTESIAN_POINT('',(-4.60900558869883,2.7642802110971,0.126500005245225));
#15158=CARTESIAN_POINT($,(-4.6072341305129,2.74403235137979,0.126500005245225));
#15159=CARTESIAN_POINT($,(-4.60900558869883,2.7642802110971,0.42650000839234));
#15160=CARTESIAN_POINT('Origin',(-4.62325186336433,2.72222813911341,0.42650000839234));
#15161=CARTESIAN_POINT('',(-4.64104105440168,2.72067178656434,0.126500005245225));
#15162=CARTESIAN_POINT($,(-4.64104105440168,2.72067178656434,0.42650000839234));
#15163=CARTESIAN_POINT($,(-4.62325186336433,2.72222813911341,0.126500005245225));
#15164=CARTESIAN_POINT('Origin',(-4.62502332155026,2.74247599883072,0.126500005245225));
#15165=CARTESIAN_POINT('',(-4.64458397077354,2.76116750599897,0.126500005245225));
#15166=CARTESIAN_POINT($,(-4.64281251258761,2.74091964628166,0.126500005245225));
#15167=CARTESIAN_POINT($,(-4.62679477973618,2.76272385854803,0.126500005245225));
#15168=CARTESIAN_POINT('Origin',(-4.64281251258761,2.74091964628166,0.42650000839234));
#15169=CARTESIAN_POINT($,(-4.64458397077354,2.76116750599897,0.42650000839234));
#15170=CARTESIAN_POINT('Origin',(-4.62679477973618,2.76272385854803,0.42650000839234));
#15171=CARTESIAN_POINT('Origin',(-4.85575631423288,6.2987336427117,1.07650000000004));
#15172=CARTESIAN_POINT('',(-6.02689208707547,2.85940601329665,1.07650000000003));
#15173=CARTESIAN_POINT('',(-6.09355875374214,2.85940601329665,1.07650000000003));
#15174=CARTESIAN_POINT($,(-6.0602254204088,2.85940601329665,1.07650000000003));
#15175=CARTESIAN_POINT('',(-6.09355875374214,2.82051712440776,1.07650000000003));
#15176=CARTESIAN_POINT($,(-6.09355875374214,2.8399615688522,1.07650000000003));
#15177=CARTESIAN_POINT('',(-6.02689208707547,2.82051712440776,1.07650000000003));
#15178=CARTESIAN_POINT($,(-6.0602254204088,2.82051712440776,1.07650000000003));
#15179=CARTESIAN_POINT($,(-6.02689208707547,2.8399615688522,1.07650000000003));
#15180=CARTESIAN_POINT('',(-6.09355875374214,4.0649615688522,1.07650000000003));
#15181=CARTESIAN_POINT('',(-6.02689208707547,4.0649615688522,1.07650000000003));
#15182=CARTESIAN_POINT($,(-6.0602254204088,4.0649615688522,1.07650000000003));
#15183=CARTESIAN_POINT('',(-6.02689208707547,4.10385045774108,1.07650000000003));
#15184=CARTESIAN_POINT($,(-6.02689208707547,4.08440601329664,1.07650000000003));
#15185=CARTESIAN_POINT('',(-6.09355875374214,4.10385045774108,1.07650000000003));
#15186=CARTESIAN_POINT($,(-6.0602254204088,4.10385045774108,1.07650000000003));
#15187=CARTESIAN_POINT($,(-6.09355875374214,4.08440601329664,1.07650000000003));
#15188=CARTESIAN_POINT('',(-5.56022542040881,2.82051712440776,1.07650000000003));
#15189=CARTESIAN_POINT('',(-5.49355875374214,2.82051712440776,1.07650000000003));
#15190=CARTESIAN_POINT($,(-5.52689208707547,2.82051712440776,1.07650000000003));
#15191=CARTESIAN_POINT('',(-5.49355875374214,2.85940601329665,1.07650000000003));
#15192=CARTESIAN_POINT($,(-5.49355875374214,2.8399615688522,1.07650000000003));
#15193=CARTESIAN_POINT('',(-5.56022542040881,2.85940601329665,1.07650000000003));
#15194=CARTESIAN_POINT($,(-5.52689208707547,2.85940601329665,1.07650000000003));
#15195=CARTESIAN_POINT($,(-5.56022542040881,2.8399615688522,1.07650000000003));
#15196=CARTESIAN_POINT('',(-5.56022542040881,4.0649615688522,1.07650000000003));
#15197=CARTESIAN_POINT('',(-5.49355875374214,4.0649615688522,1.07650000000003));
#15198=CARTESIAN_POINT($,(-5.52689208707547,4.0649615688522,1.07650000000003));
#15199=CARTESIAN_POINT('',(-5.49355875374214,4.10385045774108,1.07650000000003));
#15200=CARTESIAN_POINT($,(-5.49355875374214,4.08440601329664,1.07650000000003));
#15201=CARTESIAN_POINT('',(-5.56022542040881,4.10385045774108,1.07650000000003));
#15202=CARTESIAN_POINT($,(-5.52689208707547,4.10385045774108,1.07650000000003));
#15203=CARTESIAN_POINT($,(-5.56022542040881,4.08440601329664,1.07650000000003));
#15204=CARTESIAN_POINT('',(-5.39355875374214,4.16218379107442,1.07650000000004));
#15205=CARTESIAN_POINT('',(-6.19355875374214,4.16218379107442,1.07650000000004));
#15206=CARTESIAN_POINT($,(-5.12465753398751,4.16218379107442,1.07650000000004));
#15207=CARTESIAN_POINT('',(-5.39355875374214,2.76218379107442,1.07650000000004));
#15208=CARTESIAN_POINT($,(-5.39355875374214,4.53045871689306,1.07650000000004));
#15209=CARTESIAN_POINT('',(-6.19355875374214,2.76218379107442,1.07650000000004));
#15210=CARTESIAN_POINT($,(-5.52465753398751,2.76218379107442,1.07650000000004));
#15211=CARTESIAN_POINT($,(-6.19355875374214,5.23045871689306,1.07650000000004));
#15212=CARTESIAN_POINT('Origin',(-5.39355875374214,2.76218379107442,1.02650000000004));
#15213=CARTESIAN_POINT('',(-5.39355875374214,4.16218379107442,1.12650000000003));
#15214=CARTESIAN_POINT($,(-5.39355875374214,4.16218379107442,1.02650000000004));
#15215=CARTESIAN_POINT('',(-5.39355875374214,2.76218379107442,1.12650000000003));
#15216=CARTESIAN_POINT($,(-5.39355875374214,2.76218379107442,1.12650000000003));
#15217=CARTESIAN_POINT($,(-5.39355875374214,2.76218379107442,1.02650000000004));
#15218=CARTESIAN_POINT('Origin',(-6.19355875374214,2.76218379107442,1.02650000000004));
#15219=CARTESIAN_POINT('',(-6.19355875374214,2.76218379107442,1.12650000000003));
#15220=CARTESIAN_POINT($,(-6.19355875374214,2.76218379107442,1.12650000000003));
#15221=CARTESIAN_POINT($,(-6.19355875374214,2.76218379107442,1.02650000000004));
#15222=CARTESIAN_POINT('Origin',(-6.19355875374214,4.16218379107442,1.02650000000004));
#15223=CARTESIAN_POINT('',(-6.19355875374214,4.16218379107442,1.12650000000003));
#15224=CARTESIAN_POINT($,(-6.19355875374214,4.16218379107442,1.12650000000003));
#15225=CARTESIAN_POINT($,(-6.19355875374214,4.16218379107442,1.02650000000004));
#15226=CARTESIAN_POINT('Origin',(-5.39355875374214,4.16218379107442,1.02650000000004));
#15227=CARTESIAN_POINT($,(-5.39355875374214,4.16218379107442,1.12650000000003));
#15228=CARTESIAN_POINT('Origin',(-4.85575631423288,6.2987336427117,1.12650000000003));
#15229=CARTESIAN_POINT('Origin',(-5.96022542040881,2.85940601329665,0.601500000000033));
#15230=CARTESIAN_POINT('',(-6.09355875374214,2.85940601329665,0.126500000000033));
#15231=CARTESIAN_POINT($,(-6.09355875374214,2.85940601329665,0.601500000000033));
#15232=CARTESIAN_POINT('',(-6.02689208707547,2.85940601329665,0.626500000000033));
#15233=CARTESIAN_POINT($,(-6.02689208707547,2.85940601329665,0.526500000000033));
#15234=CARTESIAN_POINT('',(-5.82689208707547,2.85940601329665,0.626500000000033));
#15235=CARTESIAN_POINT($,(-5.96022542040881,2.85940601329665,0.626500000000033));
#15236=CARTESIAN_POINT('',(-5.82689208707547,2.85940601329665,0.576500000000032));
#15237=CARTESIAN_POINT($,(-5.82689208707547,2.85940601329665,0.601500000000032));
#15238=CARTESIAN_POINT('',(-6.02689208707547,2.85940601329665,0.576500000000032));
#15239=CARTESIAN_POINT($,(-5.96022542040881,2.85940601329665,0.576500000000032));
#15240=CARTESIAN_POINT('',(-6.02689208707547,2.85940601329665,0.126500000000033));
#15241=CARTESIAN_POINT($,(-6.02689208707547,2.85940601329665,0.526500000000033));
#15242=CARTESIAN_POINT($,(-6.0602254204088,2.85940601329665,0.126500000000033));
#15243=CARTESIAN_POINT('Origin',(-5.52689208707547,4.0649615688522,0.526500000000033));
#15244=CARTESIAN_POINT('',(-6.09355875374214,4.0649615688522,0.126500000000033));
#15245=CARTESIAN_POINT($,(-6.09355875374214,4.0649615688522,0.526500000000033));
#15246=CARTESIAN_POINT('',(-6.02689208707547,4.0649615688522,0.126500000000033));
#15247=CARTESIAN_POINT($,(-6.0602254204088,4.0649615688522,0.126500000000033));
#15248=CARTESIAN_POINT('',(-6.02689208707547,4.0649615688522,0.576500000000032));
#15249=CARTESIAN_POINT($,(-6.02689208707547,4.0649615688522,0.526500000000033));
#15250=CARTESIAN_POINT('',(-5.82689208707547,4.0649615688522,0.576500000000032));
#15251=CARTESIAN_POINT($,(-5.42689208707547,4.0649615688522,0.576500000000032));
#15252=CARTESIAN_POINT('',(-5.82689208707547,4.0649615688522,0.626500000000033));
#15253=CARTESIAN_POINT($,(-5.82689208707547,4.0649615688522,0.564000000000032));
#15254=CARTESIAN_POINT('',(-6.02689208707547,4.0649615688522,0.626500000000033));
#15255=CARTESIAN_POINT($,(-5.42689208707547,4.0649615688522,0.626500000000033));
#15256=CARTESIAN_POINT($,(-6.02689208707547,4.0649615688522,0.526500000000033));
#15257=CARTESIAN_POINT('Origin',(-6.09355875374214,2.8399615688522,0.526500000000033));
#15258=CARTESIAN_POINT('',(-6.09355875374214,2.82051712440776,0.126500000000033));
#15259=CARTESIAN_POINT($,(-6.09355875374214,2.8399615688522,0.126500000000033));
#15260=CARTESIAN_POINT($,(-6.09355875374214,2.82051712440776,0.601500000000033));
#15261=CARTESIAN_POINT('Origin',(-6.02689208707547,2.8399615688522,0.526500000000033));
#15262=CARTESIAN_POINT('',(-6.02689208707547,2.82051712440776,0.576500000000032));
#15263=CARTESIAN_POINT($,(-6.02689208707547,3.46218379107442,0.576500000000032));
#15264=CARTESIAN_POINT('',(-6.02689208707547,2.82051712440776,0.126500000000033));
#15265=CARTESIAN_POINT($,(-6.02689208707547,2.82051712440776,0.526500000000033));
#15266=CARTESIAN_POINT($,(-6.02689208707547,2.8399615688522,0.126500000000033));
#15267=CARTESIAN_POINT('Origin',(-6.02689208707547,2.8399615688522,0.526500000000033));
#15268=CARTESIAN_POINT('',(-6.02689208707547,2.82051712440776,0.626500000000033));
#15269=CARTESIAN_POINT($,(-6.02689208707547,3.46218379107442,0.626500000000033));
#15270=CARTESIAN_POINT($,(-6.02689208707547,2.82051712440776,0.526500000000033));
#15271=CARTESIAN_POINT('Origin',(-6.0602254204088,2.8399615688522,0.126500000000033));
#15272=CARTESIAN_POINT($,(-6.0602254204088,2.82051712440776,0.126500000000033));
#15273=CARTESIAN_POINT('Origin',(-5.96022542040881,2.82051712440776,0.601500000000033));
#15274=CARTESIAN_POINT('',(-5.56022542040881,2.82051712440776,0.576500000000032));
#15275=CARTESIAN_POINT($,(-5.96022542040881,2.82051712440776,0.576500000000032));
#15276=CARTESIAN_POINT('',(-5.56022542040881,2.82051712440776,0.126500000000033));
#15277=CARTESIAN_POINT($,(-5.56022542040881,2.82051712440776,0.526500000000033));
#15278=CARTESIAN_POINT('',(-5.49355875374214,2.82051712440776,0.126500000000033));
#15279=CARTESIAN_POINT($,(-5.52689208707547,2.82051712440776,0.126500000000033));
#15280=CARTESIAN_POINT($,(-5.49355875374214,2.82051712440776,0.601500000000033));
#15281=CARTESIAN_POINT('',(-5.56022542040881,2.82051712440776,0.626500000000033));
#15282=CARTESIAN_POINT($,(-5.56022542040881,2.82051712440776,0.526500000000033));
#15283=CARTESIAN_POINT($,(-5.61022542040881,2.82051712440776,0.626500000000033));
#15284=CARTESIAN_POINT('Origin',(-6.02689208707547,4.08440601329664,0.526500000000033));
#15285=CARTESIAN_POINT('',(-6.02689208707547,4.10385045774108,0.576500000000032));
#15286=CARTESIAN_POINT($,(-6.02689208707547,4.08440601329664,0.576500000000032));
#15287=CARTESIAN_POINT('',(-6.02689208707547,4.10385045774108,0.126500000000033));
#15288=CARTESIAN_POINT($,(-6.02689208707547,4.08440601329664,0.126500000000033));
#15289=CARTESIAN_POINT($,(-6.02689208707547,4.10385045774108,0.526500000000033));
#15290=CARTESIAN_POINT('Origin',(-6.09355875374214,4.08440601329664,0.526500000000033));
#15291=CARTESIAN_POINT('',(-6.09355875374214,4.10385045774108,0.126500000000033));
#15292=CARTESIAN_POINT($,(-6.09355875374214,4.10385045774108,0.564000000000033));
#15293=CARTESIAN_POINT($,(-6.09355875374214,4.08440601329664,0.126500000000033));
#15294=CARTESIAN_POINT('Origin',(-6.0602254204088,4.08440601329664,0.126500000000033));
#15295=CARTESIAN_POINT($,(-6.0602254204088,4.10385045774108,0.126500000000033));
#15296=CARTESIAN_POINT('Origin',(-6.02689208707547,4.08440601329664,0.526500000000033));
#15297=CARTESIAN_POINT('',(-6.02689208707547,4.10385045774108,0.626500000000033));
#15298=CARTESIAN_POINT($,(-6.02689208707547,4.08440601329664,0.626500000000033));
#15299=CARTESIAN_POINT($,(-6.02689208707547,4.10385045774108,0.526500000000033));
#15300=CARTESIAN_POINT('Origin',(-5.76022542040881,3.46218379107442,0.601500000000031));
#15301=CARTESIAN_POINT('',(-5.76022542040881,4.0649615688522,0.626500000000031));
#15302=CARTESIAN_POINT('',(-5.76022542040881,4.0649615688522,0.576500000000032));
#15303=CARTESIAN_POINT($,(-5.76022542040881,4.0649615688522,0.564000000000032));
#15304=CARTESIAN_POINT('',(-5.76022542040881,2.85940601329665,0.626500000000031));
#15305=CARTESIAN_POINT($,(-5.76022542040881,3.46218379107442,0.626500000000031));
#15306=CARTESIAN_POINT('',(-5.76022542040881,2.85940601329665,0.576500000000032));
#15307=CARTESIAN_POINT($,(-5.76022542040881,2.85940601329665,0.601500000000032));
#15308=CARTESIAN_POINT($,(-5.76022542040881,3.46218379107442,0.576500000000032));
#15309=CARTESIAN_POINT('Origin',(-5.82689208707547,3.46218379107442,0.601500000000031));
#15310=CARTESIAN_POINT($,(-5.82689208707547,3.46218379107442,0.576500000000032));
#15311=CARTESIAN_POINT($,(-5.82689208707547,3.46218379107442,0.626500000000031));
#15312=CARTESIAN_POINT('Origin',(-5.49355875374214,2.8399615688522,0.526500000000033));
#15313=CARTESIAN_POINT('',(-5.49355875374214,2.85940601329665,0.126500000000033));
#15314=CARTESIAN_POINT($,(-5.49355875374214,2.85940601329665,0.601500000000033));
#15315=CARTESIAN_POINT($,(-5.49355875374214,2.8399615688522,0.126500000000033));
#15316=CARTESIAN_POINT('Origin',(-5.56022542040881,2.8399615688522,0.526500000000033));
#15317=CARTESIAN_POINT('',(-5.56022542040881,2.85940601329665,0.626500000000033));
#15318=CARTESIAN_POINT($,(-5.56022542040881,2.8399615688522,0.626500000000033));
#15319=CARTESIAN_POINT($,(-5.56022542040881,2.85940601329665,0.526500000000033));
#15320=CARTESIAN_POINT('Origin',(-5.56022542040881,2.8399615688522,0.526500000000033));
#15321=CARTESIAN_POINT('',(-5.56022542040881,2.85940601329665,0.576500000000032));
#15322=CARTESIAN_POINT($,(-5.56022542040881,2.8399615688522,0.576500000000032));
#15323=CARTESIAN_POINT('',(-5.56022542040881,2.85940601329665,0.126500000000033));
#15324=CARTESIAN_POINT($,(-5.56022542040881,2.85940601329665,0.526500000000033));
#15325=CARTESIAN_POINT($,(-5.56022542040881,2.8399615688522,0.126500000000033));
#15326=CARTESIAN_POINT('Origin',(-5.52689208707547,2.8399615688522,0.126500000000033));
#15327=CARTESIAN_POINT($,(-5.52689208707547,2.85940601329665,0.126500000000033));
#15328=CARTESIAN_POINT('Origin',(-5.96022542040881,2.85940601329665,0.601500000000033));
#15329=CARTESIAN_POINT($,(-5.96022542040881,2.85940601329665,0.576500000000032));
#15330=CARTESIAN_POINT($,(-5.96022542040881,2.85940601329665,0.626500000000033));
#15331=CARTESIAN_POINT('Origin',(-5.52689208707547,4.10385045774108,0.526500000000033));
#15332=CARTESIAN_POINT('',(-5.56022542040881,4.10385045774108,0.626500000000033));
#15333=CARTESIAN_POINT($,(-5.42689208707547,4.10385045774108,0.626500000000033));
#15334=CARTESIAN_POINT($,(-5.56022542040881,4.10385045774108,0.526500000000033));
#15335=CARTESIAN_POINT('',(-5.49355875374214,4.10385045774108,0.126500000000033));
#15336=CARTESIAN_POINT($,(-5.49355875374214,4.10385045774108,0.564000000000033));
#15337=CARTESIAN_POINT('',(-5.56022542040881,4.10385045774108,0.126500000000033));
#15338=CARTESIAN_POINT($,(-5.52689208707547,4.10385045774108,0.126500000000033));
#15339=CARTESIAN_POINT('',(-5.56022542040881,4.10385045774108,0.576500000000032));
#15340=CARTESIAN_POINT($,(-5.56022542040881,4.10385045774108,0.526500000000033));
#15341=CARTESIAN_POINT($,(-5.76022542040881,4.10385045774108,0.576500000000032));
#15342=CARTESIAN_POINT('Origin',(-5.52689208707547,4.0649615688522,0.526500000000033));
#15343=CARTESIAN_POINT('',(-5.49355875374214,4.0649615688522,0.126500000000033));
#15344=CARTESIAN_POINT($,(-5.49355875374214,4.0649615688522,0.564000000000033));
#15345=CARTESIAN_POINT('',(-5.56022542040881,4.0649615688522,0.626500000000033));
#15346=CARTESIAN_POINT($,(-5.56022542040881,4.0649615688522,0.526500000000033));
#15347=CARTESIAN_POINT($,(-5.42689208707547,4.0649615688522,0.626500000000033));
#15348=CARTESIAN_POINT('',(-5.56022542040881,4.0649615688522,0.576500000000032));
#15349=CARTESIAN_POINT($,(-5.42689208707547,4.0649615688522,0.576500000000032));
#15350=CARTESIAN_POINT('',(-5.56022542040881,4.0649615688522,0.126500000000033));
#15351=CARTESIAN_POINT($,(-5.56022542040881,4.0649615688522,0.526500000000033));
#15352=CARTESIAN_POINT($,(-5.52689208707547,4.0649615688522,0.126500000000033));
#15353=CARTESIAN_POINT('Origin',(-5.56022542040881,4.08440601329664,0.526500000000033));
#15354=CARTESIAN_POINT($,(-5.56022542040881,4.08440601329664,0.576500000000032));
#15355=CARTESIAN_POINT($,(-5.56022542040881,4.08440601329664,0.126500000000033));
#15356=CARTESIAN_POINT('Origin',(-5.49355875374214,4.08440601329664,0.526500000000033));
#15357=CARTESIAN_POINT($,(-5.49355875374214,4.08440601329664,0.126500000000033));
#15358=CARTESIAN_POINT('Origin',(-5.52689208707547,4.08440601329664,0.126500000000033));
#15359=CARTESIAN_POINT('Origin',(-5.56022542040881,4.08440601329664,0.526500000000033));
#15360=CARTESIAN_POINT($,(-5.56022542040881,4.08440601329664,0.626500000000033));
#15361=CARTESIAN_POINT('Origin',(-5.42689208707547,4.08440601329664,0.626500000000033));
#15362=CARTESIAN_POINT('Origin',(-5.42689208707547,4.08440601329664,0.576500000000032));
#15363=CARTESIAN_POINT('Origin',(-5.77313117980957,2.93026261329651,1.62650001049042));
#15364=CARTESIAN_POINT('',(-5.52313117980957,2.83026261329651,1.62650001049042));
#15365=CARTESIAN_POINT('',(-5.52313117980957,3.03026261329651,1.62650001049042));
#15366=CARTESIAN_POINT($,(-5.52313117980957,2.93026261329651,1.62650001049042));
#15367=CARTESIAN_POINT('',(-6.02313117980957,3.03026261329651,1.62650001049042));
#15368=CARTESIAN_POINT($,(-5.77313117980957,3.03026261329651,1.62650001049042));
#15369=CARTESIAN_POINT('',(-6.02313117980957,2.83026261329651,1.62650001049042));
#15370=CARTESIAN_POINT($,(-6.02313117980957,2.93026261329651,1.62650001049042));
#15371=CARTESIAN_POINT($,(-5.77313117980957,2.83026261329651,1.62650001049042));
#15372=CARTESIAN_POINT('Origin',(-5.77313117980957,2.93026261329651,1.12650001049042));
#15373=CARTESIAN_POINT('',(-5.52313117980957,3.03026261329651,1.12650001049042));
#15374=CARTESIAN_POINT('',(-5.52313117980957,2.83026261329651,1.12650001049042));
#15375=CARTESIAN_POINT($,(-5.52313117980957,2.93026261329651,1.12650001049042));
#15376=CARTESIAN_POINT('',(-6.02313117980957,2.83026261329651,1.12650001049042));
#15377=CARTESIAN_POINT($,(-5.77313117980957,2.83026261329651,1.12650001049042));
#15378=CARTESIAN_POINT('',(-6.02313117980957,3.03026261329651,1.12650001049042));
#15379=CARTESIAN_POINT($,(-6.02313117980957,2.93026261329651,1.12650001049042));
#15380=CARTESIAN_POINT($,(-5.77313117980957,3.03026261329651,1.12650001049042));
#15381=CARTESIAN_POINT('Origin',(-5.77313117980957,2.83026261329651,1.37650001049042));
#15382=CARTESIAN_POINT($,(-6.02313117980957,2.83026261329651,1.37650001049042));
#15383=CARTESIAN_POINT($,(-5.52313117980957,2.83026261329651,1.37650001049042));
#15384=CARTESIAN_POINT('Origin',(-6.02313117980957,2.93026261329651,1.37650001049042));
#15385=CARTESIAN_POINT($,(-6.02313117980957,3.03026261329651,1.37650001049042));
#15386=CARTESIAN_POINT('Origin',(-5.77313117980957,3.03026261329651,1.37650001049042));
#15387=CARTESIAN_POINT($,(-5.52313117980957,3.03026261329651,1.37650001049042));
#15388=CARTESIAN_POINT('Origin',(-5.52313117980957,2.93026261329651,1.37650001049042));
#15389=CARTESIAN_POINT('Origin',(-5.71771696256391,3.27248134826887,1.24649999141693));
#15390=CARTESIAN_POINT('',(-5.73723185605303,3.268103114366,1.19649999141693));
#15391=CARTESIAN_POINT('',(-5.73723185605303,3.268103114366,1.34649999141693));
#15392=CARTESIAN_POINT($,(-5.73723185605303,3.268103114366,1.24649999141693));
#15393=CARTESIAN_POINT('',(-5.73683943380388,3.27834062242841,1.19649999141693));
#15394=CARTESIAN_POINT('Origin',(-5.71771696256391,3.27248134826887,1.19649999141693));
#15395=CARTESIAN_POINT('',(-5.73683943380388,3.27834062242841,1.34649999141693));
#15396=CARTESIAN_POINT($,(-5.73683943380388,3.27834062242841,1.24649999141693));
#15397=CARTESIAN_POINT('Origin',(-5.71771696256391,3.27248134826887,1.34649999141693));
#15398=CARTESIAN_POINT('',(-5.73185909818764,3.2866234838926,1.14649999141693));
#15399=CARTESIAN_POINT('Origin',(-5.71771696256391,3.27248134826887,1.14650001049042));
#15400=CARTESIAN_POINT('Origin',(-5.71771696256391,3.27248134826887,1.34649999141693));
#15401=CARTESIAN_POINT($,(-5.73703564492845,3.27322186839721,1.34649999141693));
#15402=CARTESIAN_POINT('Origin',(-5.73703564492845,3.27322186839721,1.34649999141693));
#15403=CARTESIAN_POINT('',(-5.73129009241319,3.42311179009408,1.19649999141693));
#15404=CARTESIAN_POINT($,(-5.73703564492845,3.27322186839721,1.19649999141693));
#15405=CARTESIAN_POINT('',(-5.73129009241319,3.42311179009408,1.49649999141693));
#15406=CARTESIAN_POINT($,(-5.73129009241319,3.42311179009408,1.34649999141693));
#15407=CARTESIAN_POINT('',(-5.74278119744372,3.12333194670033,1.49649999141693));
#15408=CARTESIAN_POINT($,(-5.73703564492845,3.27322186839721,1.49649999141693));
#15409=CARTESIAN_POINT('',(-5.74278119744372,3.12333194670033,1.19649999141693));
#15410=CARTESIAN_POINT($,(-5.74278119744372,3.12333194670033,1.34649999141693));
#15411=CARTESIAN_POINT($,(-5.73703564492845,3.27322186839721,1.19649999141693));
#15412=CARTESIAN_POINT('Origin',(-5.78699895216074,3.27513705256896,1.34649999141693));
#15413=CARTESIAN_POINT('',(-5.79274450467601,3.12524713087209,1.19649999141693));
#15414=CARTESIAN_POINT('',(-5.79274450467601,3.12524713087209,1.49649999141693));
#15415=CARTESIAN_POINT($,(-5.79274450467601,3.12524713087209,1.34649999141693));
#15416=CARTESIAN_POINT('',(-5.78125339964548,3.42502697426583,1.49649999141693));
#15417=CARTESIAN_POINT($,(-5.78699895216074,3.27513705256896,1.49649999141693));
#15418=CARTESIAN_POINT('',(-5.78125339964548,3.42502697426583,1.19649999141693));
#15419=CARTESIAN_POINT($,(-5.78125339964548,3.42502697426583,1.34649999141693));
#15420=CARTESIAN_POINT($,(-5.78699895216074,3.27513705256896,1.19649999141693));
#15421=CARTESIAN_POINT('Origin',(-5.7620172985446,3.27417946048308,1.19649999141693));
#15422=CARTESIAN_POINT($,(-5.76776285105987,3.12428953878621,1.19649999141693));
#15423=CARTESIAN_POINT($,(-5.75627174602933,3.42406938217996,1.19649999141693));
#15424=CARTESIAN_POINT('Origin',(-5.75627174602933,3.42406938217996,1.34649999141693));
#15425=CARTESIAN_POINT($,(-5.75627174602933,3.42406938217996,1.49649999141693));
#15426=CARTESIAN_POINT('Origin',(-5.7620172985446,3.27417946048308,1.49649999141693));
#15427=CARTESIAN_POINT($,(-5.76776285105987,3.12428953878621,1.49649999141693));
#15428=CARTESIAN_POINT('Origin',(-5.76776285105987,3.12428953878621,1.34649999141693));
#15429=CARTESIAN_POINT('Origin',(-5.71771696256391,3.27248134826887,1.13650001049042));
#15430=CARTESIAN_POINT('',(-5.78842764068256,3.34319202638753,1.12650001049042));
#15431=CARTESIAN_POINT('Origin',(-5.71771696256391,3.27248134826887,1.12650001049042));
#15432=CARTESIAN_POINT('',(-5.78842764068256,3.34319202638753,1.14650001049042));
#15433=CARTESIAN_POINT('Origin',(-5.71771696256391,3.27248134826887,1.14650001049042));
#15434=CARTESIAN_POINT('Origin',(-5.71771696256391,3.27248134826887,1.12650001049042));
#15435=CARTESIAN_POINT('Origin',(-5.71771696256391,3.27248134826887,1.14650001049042));
#15436=CARTESIAN_POINT('Origin',(-5.73806505146311,3.67037822840012,1.24649999141693));
#15437=CARTESIAN_POINT('',(-5.75732406141097,3.66498466410292,1.19649999141693));
#15438=CARTESIAN_POINT('',(-5.75732406141097,3.66498466410292,1.34649999141693));
#15439=CARTESIAN_POINT($,(-5.75732406141097,3.66498466410292,1.24649999141693));
#15440=CARTESIAN_POINT('',(-5.75746796673686,3.67522867980999,1.19649999141693));
#15441=CARTESIAN_POINT('Origin',(-5.73806505146311,3.67037822840012,1.19649999141693));
#15442=CARTESIAN_POINT('',(-5.75746796673686,3.67522867980999,1.34649999141693));
#15443=CARTESIAN_POINT($,(-5.75746796673686,3.67522867980999,1.24649999141693));
#15444=CARTESIAN_POINT('Origin',(-5.73806505146311,3.67037822840012,1.34649999141693));
#15445=CARTESIAN_POINT('',(-5.75292794797266,3.68376084052729,1.14649999141693));
#15446=CARTESIAN_POINT('Origin',(-5.73806505146311,3.67037822840012,1.14650001049042));
#15447=CARTESIAN_POINT('Origin',(-5.73806505146311,3.67037822840012,1.34649999141693));
#15448=CARTESIAN_POINT($,(-5.75739601407392,3.67010667195645,1.34649999141693));
#15449=CARTESIAN_POINT('Origin',(-5.75739601407392,3.67010667195645,1.34649999141693));
#15450=CARTESIAN_POINT('',(-5.75950296802187,3.82009187371003,1.19649999141693));
#15451=CARTESIAN_POINT($,(-5.75739601407392,3.67010667195645,1.19649999141693));
#15452=CARTESIAN_POINT('',(-5.75950296802187,3.82009187371003,1.49649999141693));
#15453=CARTESIAN_POINT($,(-5.75950296802187,3.82009187371003,1.34649999141693));
#15454=CARTESIAN_POINT('',(-5.75528906012597,3.52012147020288,1.49649999141693));
#15455=CARTESIAN_POINT($,(-5.75739601407392,3.67010667195645,1.49649999141693));
#15456=CARTESIAN_POINT('',(-5.75528906012597,3.52012147020288,1.19649999141693));
#15457=CARTESIAN_POINT($,(-5.75528906012597,3.52012147020288,1.34649999141693));
#15458=CARTESIAN_POINT($,(-5.75739601407392,3.67010667195645,1.19649999141693));
#15459=CARTESIAN_POINT('Origin',(-5.80739108132511,3.6694043539738,1.34649999141693));
#15460=CARTESIAN_POINT('',(-5.80528412737716,3.51941915222022,1.19649999141693));
#15461=CARTESIAN_POINT('',(-5.80528412737716,3.51941915222022,1.49649999141693));
#15462=CARTESIAN_POINT($,(-5.80528412737716,3.51941915222022,1.34649999141693));
#15463=CARTESIAN_POINT('',(-5.80949803527307,3.81938955572738,1.49649999141693));
#15464=CARTESIAN_POINT($,(-5.80739108132511,3.6694043539738,1.49649999141693));
#15465=CARTESIAN_POINT('',(-5.80949803527307,3.81938955572738,1.19649999141693));
#15466=CARTESIAN_POINT($,(-5.80949803527307,3.81938955572738,1.34649999141693));
#15467=CARTESIAN_POINT($,(-5.80739108132511,3.6694043539738,1.19649999141693));
#15468=CARTESIAN_POINT('Origin',(-5.78239354769952,3.66975551296513,1.19649999141693));
#15469=CARTESIAN_POINT($,(-5.78028659375156,3.51977031121155,1.19649999141693));
#15470=CARTESIAN_POINT($,(-5.78450050164747,3.8197407147187,1.19649999141693));
#15471=CARTESIAN_POINT('Origin',(-5.78450050164747,3.8197407147187,1.34649999141693));
#15472=CARTESIAN_POINT($,(-5.78450050164747,3.8197407147187,1.49649999141693));
#15473=CARTESIAN_POINT('Origin',(-5.78239354769952,3.66975551296513,1.49649999141693));
#15474=CARTESIAN_POINT($,(-5.78028659375156,3.51977031121155,1.49649999141693));
#15475=CARTESIAN_POINT('Origin',(-5.78028659375156,3.51977031121155,1.34649999141693));
#15476=CARTESIAN_POINT('Origin',(-5.73806505146311,3.67037822840012,1.13650001049042));
#15477=CARTESIAN_POINT('',(-5.81237953401085,3.737291289036,1.12650001049042));
#15478=CARTESIAN_POINT('Origin',(-5.73806505146311,3.67037822840012,1.12650001049042));
#15479=CARTESIAN_POINT('',(-5.81237953401085,3.737291289036,1.14650001049042));
#15480=CARTESIAN_POINT('Origin',(-5.73806505146311,3.67037822840012,1.14650001049042));
#15481=CARTESIAN_POINT('Origin',(-5.73806505146311,3.67037822840012,1.12650001049042));
#15482=CARTESIAN_POINT('Origin',(-5.73806505146311,3.67037822840012,1.14650001049042));
#15483=CARTESIAN_POINT('Origin',(-4.60249039216341,3.67367214330356,0.726500082015991));
#15484=CARTESIAN_POINT('',(-4.60350564690957,3.47267719496455,0.726500005245225));
#15485=CARTESIAN_POINT('',(-4.56169426160251,3.87048595311186,0.726500005245225));
#15486=CARTESIAN_POINT($,(-4.62333552342853,3.28400852268093,0.726500005245225));
#15487=CARTESIAN_POINT('',(-4.55672165212567,3.86996331079552,0.726500082015991));
#15488=CARTESIAN_POINT($,(-4.58158469950988,3.87257652237722,0.726500082015991));
#15489=CARTESIAN_POINT('',(-4.59853303743273,3.47215455264821,0.726500082015991));
#15490=CARTESIAN_POINT($,(-4.5776273447792,3.67105893172187,0.726500082015991));
#15491=CARTESIAN_POINT($,(-4.62339608481694,3.47476776422991,0.726500082015991));
#15492=CARTESIAN_POINT('Origin',(-4.60249039216341,3.67367214330356,1.12650008201599));
#15493=CARTESIAN_POINT('',(-4.64825913220114,3.4773809758116,1.12650008201599));
#15494=CARTESIAN_POINT('',(-4.59853303743273,3.47215455264821,1.12650008201599));
#15495=CARTESIAN_POINT($,(-4.62339608481694,3.47476776422991,1.12650008201599));
#15496=CARTESIAN_POINT('',(-4.55672165212567,3.86996331079552,1.12650008201599));
#15497=CARTESIAN_POINT($,(-4.5776273447792,3.67105893172187,1.12650008201599));
#15498=CARTESIAN_POINT('',(-4.60644774689408,3.87518973395891,1.12650008201599));
#15499=CARTESIAN_POINT($,(-4.58158469950988,3.87257652237722,1.12650008201599));
#15500=CARTESIAN_POINT($,(-4.62735343954761,3.67628535488525,1.12650008201599));
#15501=CARTESIAN_POINT('Origin',(-4.62735343954761,3.67628535488525,0.926500082015991));
#15502=CARTESIAN_POINT('',(-4.60644774689408,3.87518973395891,0.726500082015991));
#15503=CARTESIAN_POINT($,(-4.60644774689408,3.87518973395891,0.926500082015991));
#15504=CARTESIAN_POINT('',(-4.64825913220114,3.4773809758116,0.726500082015991));
#15505=CARTESIAN_POINT($,(-4.63585168859376,3.59542991623742,0.726500011539456));
#15506=CARTESIAN_POINT($,(-4.64825913220114,3.4773809758116,0.926500082015991));
#15507=CARTESIAN_POINT('Origin',(-4.5776273447792,3.67105893172187,0.926500082015991));
#15508=CARTESIAN_POINT($,(-4.59853303743273,3.47215455264821,0.926500082015991));
#15509=CARTESIAN_POINT($,(-4.55672165212567,3.86996331079552,0.926500082015991));
#15510=CARTESIAN_POINT('Origin',(-4.65642627494081,3.51584375178641,0.726500011539456));
#15511=CARTESIAN_POINT('',(-4.95950301974982,3.91229733841892,0.726500005245225));
#15512=CARTESIAN_POINT($,(-2.91529780174292,3.69744271225421,0.726500005245225));
#15513=CARTESIAN_POINT('',(-5.00131440505688,3.51448858027162,0.726500005245225));
#15514=CARTESIAN_POINT($,(-4.99598946439924,3.56515200638556,0.726500005245225));
#15515=CARTESIAN_POINT($,(-3.15601356612363,3.32053964676043,0.726500005245225));
#15516=CARTESIAN_POINT('Origin',(-4.94269995016472,3.52549516734378,0.42650000839234));
#15517=CARTESIAN_POINT('',(-4.96045926972487,3.52736174704499,0.696500004930517));
#15518=CARTESIAN_POINT('',(-4.92494063060457,3.52362858764258,0.696500004930517));
#15519=CARTESIAN_POINT($,(-3.12581402252771,3.33453276135453,0.696500004930517));
#15520=CARTESIAN_POINT('',(-4.96045926972487,3.52736174704499,0.126500005245225));
#15521=CARTESIAN_POINT($,(-4.96045926972487,3.52736174704499,0.42650000839234));
#15522=CARTESIAN_POINT('',(-4.92494063060457,3.52362858764258,0.126500005245225));
#15523=CARTESIAN_POINT($,(-4.94269995016472,3.52549516734378,0.126500005245225));
#15524=CARTESIAN_POINT($,(-4.92494063060457,3.52362858764258,0.42650000839234));
#15525=CARTESIAN_POINT('Origin',(-4.95833470746333,3.54757560670695,0.42650000839234));
#15526=CARTESIAN_POINT('',(-4.95621014520179,3.56778946636891,0.696500004930517));
#15527=CARTESIAN_POINT($,(-4.97587005673983,3.38073790285824,0.696500004930517));
#15528=CARTESIAN_POINT('',(-4.95621014520179,3.56778946636891,0.126500005245225));
#15529=CARTESIAN_POINT($,(-4.95621014520179,3.56778946636891,0.42650000839234));
#15530=CARTESIAN_POINT($,(-4.95833470746333,3.54757560670695,0.126500005245225));
#15531=CARTESIAN_POINT('Origin',(-4.94057538790318,3.54570902700574,0.126500005245225));
#15532=CARTESIAN_POINT('',(-4.9206915060815,3.56405630696649,0.126500005245225));
#15533=CARTESIAN_POINT($,(-4.93845082564165,3.5659228866677,0.126500005245225));
#15534=CARTESIAN_POINT($,(-4.92281606834304,3.54384244730453,0.126500005245225));
#15535=CARTESIAN_POINT('Origin',(-4.93845082564165,3.5659228866677,0.42650000839234));
#15536=CARTESIAN_POINT('',(-4.9206915060815,3.56405630696649,0.696500004930517));
#15537=CARTESIAN_POINT($,(-3.12156489800463,3.37496048067844,0.696500004930517));
#15538=CARTESIAN_POINT($,(-4.9206915060815,3.56405630696649,0.42650000839234));
#15539=CARTESIAN_POINT('Origin',(-4.92281606834304,3.54384244730453,0.42650000839234));
#15540=CARTESIAN_POINT($,(-4.94035141761954,3.37700474345582,0.696500004930517));
#15541=CARTESIAN_POINT('Origin',(-4.90870695398012,3.84891692193511,0.42650000839234));
#15542=CARTESIAN_POINT('',(-4.92646627354026,3.85078350163632,0.696500004930517));
#15543=CARTESIAN_POINT('',(-4.89094763441997,3.8470503422339,0.696500004930517));
#15544=CARTESIAN_POINT($,(-3.0918210263431,3.65795451594585,0.696500004930517));
#15545=CARTESIAN_POINT('',(-4.92646627354026,3.85078350163632,0.126500005245225));
#15546=CARTESIAN_POINT($,(-4.92646627354026,3.85078350163632,0.42650000839234));
#15547=CARTESIAN_POINT('',(-4.89094763441997,3.8470503422339,0.126500005245225));
#15548=CARTESIAN_POINT($,(-4.90870695398012,3.84891692193511,0.126500005245225));
#15549=CARTESIAN_POINT($,(-4.89094763441997,3.8470503422339,0.42650000839234));
#15550=CARTESIAN_POINT('Origin',(-4.92434171127872,3.87099736129828,0.42650000839234));
#15551=CARTESIAN_POINT('',(-4.92221714901719,3.89121122096023,0.696500004930517));
#15552=CARTESIAN_POINT($,(-4.95887355864753,3.5424487801539,0.696500004930517));
#15553=CARTESIAN_POINT('',(-4.92221714901719,3.89121122096023,0.126500005245225));
#15554=CARTESIAN_POINT($,(-4.92221714901719,3.89121122096023,0.42650000839234));
#15555=CARTESIAN_POINT($,(-4.92434171127872,3.87099736129828,0.126500005245225));
#15556=CARTESIAN_POINT('Origin',(-4.90658239171858,3.86913078159707,0.126500005245225));
#15557=CARTESIAN_POINT('',(-4.88669850989689,3.88747806155782,0.126500005245225));
#15558=CARTESIAN_POINT($,(-4.90445782945704,3.88934464125902,0.126500005245225));
#15559=CARTESIAN_POINT($,(-4.88882307215843,3.86726420189586,0.126500005245225));
#15560=CARTESIAN_POINT('Origin',(-4.90445782945704,3.88934464125902,0.42650000839234));
#15561=CARTESIAN_POINT('',(-4.88669850989689,3.88747806155782,0.696500004930517));
#15562=CARTESIAN_POINT($,(-3.08757190182003,3.69838223526977,0.696500004930517));
#15563=CARTESIAN_POINT($,(-4.88669850989689,3.88747806155782,0.42650000839234));
#15564=CARTESIAN_POINT('Origin',(-4.88882307215843,3.86726420189586,0.42650000839234));
#15565=CARTESIAN_POINT($,(-4.92335491952723,3.53871562075149,0.696500004930517));
#15566=CARTESIAN_POINT('Origin',(-4.62455784101775,3.81905164671578,0.42650000839234));
#15567=CARTESIAN_POINT('',(-4.64231716057789,3.82091822641699,0.696500004930517));
#15568=CARTESIAN_POINT('',(-4.6067985214576,3.81718506701457,0.696500004930517));
#15569=CARTESIAN_POINT($,(-2.94974646986192,3.64302187833619,0.696500004930517));
#15570=CARTESIAN_POINT('',(-4.64231716057789,3.82091822641699,0.126500005245225));
#15571=CARTESIAN_POINT($,(-4.64231716057789,3.82091822641699,0.42650000839234));
#15572=CARTESIAN_POINT('',(-4.6067985214576,3.81718506701457,0.126500005245225));
#15573=CARTESIAN_POINT($,(-4.62455784101775,3.81905164671578,0.126500005245225));
#15574=CARTESIAN_POINT($,(-4.6067985214576,3.81718506701457,0.42650000839234));
#15575=CARTESIAN_POINT('Origin',(-4.64019259831636,3.84113208607895,0.42650000839234));
#15576=CARTESIAN_POINT('',(-4.63806803605482,3.8613459457409,0.696500004930517));
#15577=CARTESIAN_POINT($,(-4.67472444568516,3.51258350493457,0.696500004930517));
#15578=CARTESIAN_POINT('',(-4.63806803605482,3.8613459457409,0.126500005245225));
#15579=CARTESIAN_POINT($,(-4.63806803605482,3.8613459457409,0.42650000839234));
#15580=CARTESIAN_POINT($,(-4.64019259831636,3.84113208607895,0.126500005245225));
#15581=CARTESIAN_POINT('Origin',(-4.62243327875621,3.83926550637774,0.126500005245225));
#15582=CARTESIAN_POINT('',(-4.60254939693452,3.85761278633849,0.126500005245225));
#15583=CARTESIAN_POINT($,(-4.62030871649467,3.8594793660397,0.126500005245225));
#15584=CARTESIAN_POINT($,(-4.60467395919606,3.83739892667653,0.126500005245225));
#15585=CARTESIAN_POINT('Origin',(-4.62030871649467,3.8594793660397,0.42650000839234));
#15586=CARTESIAN_POINT('',(-4.60254939693452,3.85761278633849,0.696500004930517));
#15587=CARTESIAN_POINT($,(-2.94549734533884,3.6834495976601,0.696500004930517));
#15588=CARTESIAN_POINT($,(-4.60254939693452,3.85761278633849,0.42650000839234));
#15589=CARTESIAN_POINT('Origin',(-4.60467395919606,3.83739892667653,0.42650000839234));
#15590=CARTESIAN_POINT($,(-4.63920580656486,3.50885034553216,0.696500004930517));
#15591=CARTESIAN_POINT('Origin',(-1.34187423118215,2.83010880732981,0.696500004930517));
#15592=CARTESIAN_POINT('',(-5.00131440505688,3.51448858027161,0.696500004930517));
#15593=CARTESIAN_POINT('',(-4.95950301974982,3.91229733841892,0.696500004930517));
#15594=CARTESIAN_POINT($,(-5.00981265410303,3.43363314162378,0.696500004930517));
#15595=CARTESIAN_POINT('',(-4.56169426160251,3.87048595311186,0.696500004930517));
#15596=CARTESIAN_POINT($,(-4.95950301974982,3.91229733841892,0.696500004930517));
#15597=CARTESIAN_POINT('',(-4.60350564690957,3.47267719496455,0.696500004930517));
#15598=CARTESIAN_POINT($,(-4.56169426160251,3.87048595311186,0.696500004930517));
#15599=CARTESIAN_POINT($,(-3.15601356612363,3.32053964676043,0.696500004930517));
#15600=CARTESIAN_POINT('',(-4.6763101567625,3.49749647182566,0.696500004930517));
#15601=CARTESIAN_POINT('',(-4.67206103223942,3.53792419114958,0.696500004930517));
#15602=CARTESIAN_POINT($,(-4.69172094377746,3.35087262763891,0.696500004930517));
#15603=CARTESIAN_POINT('',(-4.6407915176422,3.49376331242325,0.696500004930517));
#15604=CARTESIAN_POINT($,(-2.98373946604652,3.31960012374486,0.696500004930517));
#15605=CARTESIAN_POINT('',(-4.63654239311913,3.53419103174716,0.696500004930517));
#15606=CARTESIAN_POINT($,(-4.65620230465717,3.34713946823649,0.696500004930517));
#15607=CARTESIAN_POINT($,(-2.97949034152345,3.36002784306878,0.696500004930517));
#15608=CARTESIAN_POINT('Origin',(-4.56169426160251,3.87048595311186,0.696500004930517));
#15609=CARTESIAN_POINT($,(-4.95950301974982,3.91229733841892,0.696500004930517));
#15610=CARTESIAN_POINT($,(-4.56169426160251,3.87048595311186,0.696500004930517));
#15611=CARTESIAN_POINT('Origin',(-4.61200389595572,3.39182175631672,0.696500004930517));
#15612=CARTESIAN_POINT($,(-4.60350564690957,3.47267719496455,0.696500004930517));
#15613=CARTESIAN_POINT('Origin',(-5.00131440505688,3.51448858027161,0.696500004930517));
#15614=CARTESIAN_POINT($,(-5.00131440505688,3.51448858027162,0.696500004930517));
#15615=CARTESIAN_POINT('Origin',(-4.95950301974982,3.91229733841892,0.696500004930517));
#15616=CARTESIAN_POINT('Origin',(-4.63866695538066,3.5139771720852,0.42650000839234));
#15617=CARTESIAN_POINT('',(-4.6407915176422,3.49376331242325,0.126500005245225));
#15618=CARTESIAN_POINT($,(-4.6407915176422,3.49376331242325,0.42650000839234));
#15619=CARTESIAN_POINT('',(-4.63654239311913,3.53419103174716,0.126500005245225));
#15620=CARTESIAN_POINT($,(-4.63866695538066,3.5139771720852,0.126500005245225));
#15621=CARTESIAN_POINT($,(-4.63654239311913,3.53419103174716,0.42650000839234));
#15622=CARTESIAN_POINT('Origin',(-4.65855083720235,3.49562989212445,0.42650000839234));
#15623=CARTESIAN_POINT('',(-4.6763101567625,3.49749647182566,0.126500005245225));
#15624=CARTESIAN_POINT($,(-4.6763101567625,3.49749647182566,0.42650000839234));
#15625=CARTESIAN_POINT($,(-4.65855083720235,3.49562989212445,0.126500005245225));
#15626=CARTESIAN_POINT('Origin',(-4.65642627494081,3.51584375178641,0.126500005245225));
#15627=CARTESIAN_POINT('',(-4.67206103223942,3.53792419114958,0.126500005245225));
#15628=CARTESIAN_POINT($,(-4.67418559450096,3.51771033148762,0.126500005245225));
#15629=CARTESIAN_POINT($,(-4.65430171267928,3.53605761144837,0.126500005245225));
#15630=CARTESIAN_POINT('Origin',(-4.67418559450096,3.51771033148762,0.42650000839234));
#15631=CARTESIAN_POINT($,(-4.67206103223942,3.53792419114958,0.42650000839234));
#15632=CARTESIAN_POINT('Origin',(-4.65430171267928,3.53605761144837,0.42650000839234));
#15633=CARTESIAN_POINT('Origin',(-6.45026241300603,3.06871377023658,1.07650000000004));
#15634=CARTESIAN_POINT('',(-4.69355875374214,4.91121071456607,1.07650000000003));
#15635=CARTESIAN_POINT('',(-4.59355875374214,4.91121071456607,1.07650000000003));
#15636=CARTESIAN_POINT($,(-4.64355875374214,4.91121071456607,1.07650000000003));
#15637=CARTESIAN_POINT('',(-4.59355875374214,4.93204404789941,1.07650000000003));
#15638=CARTESIAN_POINT($,(-4.59355875374214,4.92162738123274,1.07650000000003));
#15639=CARTESIAN_POINT('',(-4.69355875374214,4.93204404789941,1.07650000000003));
#15640=CARTESIAN_POINT($,(-4.64355875374214,4.93204404789941,1.07650000000003));
#15641=CARTESIAN_POINT($,(-4.69355875374214,4.92162738123274,1.07650000000003));
#15642=CARTESIAN_POINT('',(-4.59355875374214,4.26537738123274,1.07650000000003));
#15643=CARTESIAN_POINT('',(-4.69355875374214,4.26537738123274,1.07650000000003));
#15644=CARTESIAN_POINT($,(-4.64355875374214,4.26537738123274,1.07650000000003));
#15645=CARTESIAN_POINT('',(-4.69355875374214,4.24454404789941,1.07650000000003));
#15646=CARTESIAN_POINT($,(-4.69355875374214,4.25496071456608,1.07650000000003));
#15647=CARTESIAN_POINT('',(-4.59355875374214,4.24454404789941,1.07650000000003));
#15648=CARTESIAN_POINT($,(-4.64355875374214,4.24454404789941,1.07650000000003));
#15649=CARTESIAN_POINT($,(-4.59355875374214,4.25496071456608,1.07650000000003));
#15650=CARTESIAN_POINT('',(-5.39355875374214,4.93204404789941,1.07650000000003));
#15651=CARTESIAN_POINT('',(-5.49355875374214,4.93204404789941,1.07650000000003));
#15652=CARTESIAN_POINT($,(-5.44355875374214,4.93204404789941,1.07650000000003));
#15653=CARTESIAN_POINT('',(-5.49355875374214,4.91121071456607,1.07650000000003));
#15654=CARTESIAN_POINT($,(-5.49355875374214,4.92162738123274,1.07650000000003));
#15655=CARTESIAN_POINT('',(-5.39355875374214,4.91121071456607,1.07650000000003));
#15656=CARTESIAN_POINT($,(-5.44355875374214,4.91121071456607,1.07650000000003));
#15657=CARTESIAN_POINT($,(-5.39355875374214,4.92162738123274,1.07650000000003));
#15658=CARTESIAN_POINT('',(-5.39355875374214,4.26537738123274,1.07650000000003));
#15659=CARTESIAN_POINT('',(-5.49355875374214,4.26537738123274,1.07650000000003));
#15660=CARTESIAN_POINT($,(-5.44355875374214,4.26537738123274,1.07650000000003));
#15661=CARTESIAN_POINT('',(-5.49355875374214,4.24454404789941,1.07650000000003));
#15662=CARTESIAN_POINT($,(-5.49355875374214,4.25496071456608,1.07650000000003));
#15663=CARTESIAN_POINT('',(-5.39355875374214,4.24454404789941,1.07650000000003));
#15664=CARTESIAN_POINT($,(-5.44355875374214,4.24454404789941,1.07650000000003));
#15665=CARTESIAN_POINT($,(-5.39355875374214,4.25496071456608,1.07650000000003));
#15666=CARTESIAN_POINT('',(-5.64355875374214,4.21329404789941,1.07650000000004));
#15667=CARTESIAN_POINT('',(-4.44355875374214,4.21329404789941,1.07650000000004));
#15668=CARTESIAN_POINT($,(-6.04691058337409,4.21329404789941,1.07650000000004));
#15669=CARTESIAN_POINT('',(-5.64355875374214,4.96329404789941,1.07650000000004));
#15670=CARTESIAN_POINT($,(-5.64355875374214,4.01600390906799,1.07650000000004));
#15671=CARTESIAN_POINT('',(-4.44355875374214,4.96329404789941,1.07650000000004));
#15672=CARTESIAN_POINT($,(-5.44691058337409,4.96329404789941,1.07650000000004));
#15673=CARTESIAN_POINT($,(-4.44355875374214,3.64100390906799,1.07650000000004));
#15674=CARTESIAN_POINT('Origin',(-5.64355875374214,4.96329404789941,1.02650000000004));
#15675=CARTESIAN_POINT('',(-5.64355875374214,4.21329404789941,1.12650000000003));
#15676=CARTESIAN_POINT($,(-5.64355875374214,4.21329404789941,1.02650000000004));
#15677=CARTESIAN_POINT('',(-5.64355875374214,4.96329404789941,1.12650000000003));
#15678=CARTESIAN_POINT($,(-5.64355875374214,4.96329404789941,1.12650000000003));
#15679=CARTESIAN_POINT($,(-5.64355875374214,4.96329404789941,1.02650000000004));
#15680=CARTESIAN_POINT('Origin',(-4.44355875374214,4.96329404789941,1.02650000000004));
#15681=CARTESIAN_POINT('',(-4.44355875374214,4.96329404789941,1.12650000000003));
#15682=CARTESIAN_POINT($,(-4.44355875374214,4.96329404789941,1.12650000000003));
#15683=CARTESIAN_POINT($,(-4.44355875374214,4.96329404789941,1.02650000000004));
#15684=CARTESIAN_POINT('Origin',(-4.44355875374214,4.21329404789941,1.02650000000004));
#15685=CARTESIAN_POINT('',(-4.44355875374214,4.21329404789941,1.12650000000003));
#15686=CARTESIAN_POINT($,(-4.44355875374214,4.21329404789941,1.12650000000003));
#15687=CARTESIAN_POINT($,(-4.44355875374214,4.21329404789941,1.02650000000004));
#15688=CARTESIAN_POINT('Origin',(-5.64355875374214,4.21329404789941,1.02650000000004));
#15689=CARTESIAN_POINT($,(-5.64355875374214,4.21329404789941,1.12650000000003));
#15690=CARTESIAN_POINT('Origin',(-6.45026241300603,3.06871377023658,1.12650000000003));
#15691=CARTESIAN_POINT('Origin',(-4.79355875374214,4.91121071456607,0.601500000000032));
#15692=CARTESIAN_POINT('',(-4.59355875374214,4.91121071456607,0.126500000000033));
#15693=CARTESIAN_POINT($,(-4.59355875374214,4.91121071456607,0.601500000000032));
#15694=CARTESIAN_POINT('',(-4.69355875374214,4.91121071456607,0.626500000000033));
#15695=CARTESIAN_POINT($,(-4.69355875374214,4.91121071456607,0.526500000000033));
#15696=CARTESIAN_POINT('',(-4.99355875374214,4.91121071456607,0.626500000000033));
#15697=CARTESIAN_POINT($,(-4.79355875374214,4.91121071456607,0.626500000000033));
#15698=CARTESIAN_POINT('',(-4.99355875374214,4.91121071456607,0.576500000000031));
#15699=CARTESIAN_POINT($,(-4.99355875374214,4.91121071456607,0.601500000000032));
#15700=CARTESIAN_POINT('',(-4.69355875374214,4.91121071456607,0.576500000000032));
#15701=CARTESIAN_POINT($,(-4.79355875374214,4.91121071456607,0.576500000000032));
#15702=CARTESIAN_POINT('',(-4.69355875374214,4.91121071456607,0.126500000000033));
#15703=CARTESIAN_POINT($,(-4.69355875374214,4.91121071456607,0.526500000000033));
#15704=CARTESIAN_POINT($,(-4.64355875374214,4.91121071456607,0.126500000000033));
#15705=CARTESIAN_POINT('Origin',(-5.44355875374214,4.26537738123274,0.526500000000033));
#15706=CARTESIAN_POINT('',(-4.59355875374214,4.26537738123274,0.126500000000033));
#15707=CARTESIAN_POINT($,(-4.59355875374214,4.26537738123274,0.526500000000033));
#15708=CARTESIAN_POINT('',(-4.69355875374214,4.26537738123274,0.126500000000033));
#15709=CARTESIAN_POINT($,(-4.64355875374214,4.26537738123274,0.126500000000033));
#15710=CARTESIAN_POINT('',(-4.69355875374214,4.26537738123274,0.576500000000032));
#15711=CARTESIAN_POINT($,(-4.69355875374214,4.26537738123274,0.526500000000033));
#15712=CARTESIAN_POINT('',(-4.99355875374214,4.26537738123274,0.576500000000031));
#15713=CARTESIAN_POINT($,(-5.59355875374214,4.26537738123274,0.576500000000032));
#15714=CARTESIAN_POINT('',(-4.99355875374214,4.26537738123274,0.626500000000033));
#15715=CARTESIAN_POINT($,(-4.99355875374214,4.26537738123274,0.564000000000032));
#15716=CARTESIAN_POINT('',(-4.69355875374214,4.26537738123274,0.626500000000033));
#15717=CARTESIAN_POINT($,(-5.59355875374214,4.26537738123274,0.626500000000033));
#15718=CARTESIAN_POINT($,(-4.69355875374214,4.26537738123274,0.526500000000033));
#15719=CARTESIAN_POINT('Origin',(-4.59355875374214,4.92162738123274,0.526500000000033));
#15720=CARTESIAN_POINT('',(-4.59355875374214,4.93204404789941,0.126500000000033));
#15721=CARTESIAN_POINT($,(-4.59355875374214,4.92162738123274,0.126500000000033));
#15722=CARTESIAN_POINT($,(-4.59355875374214,4.93204404789941,0.601500000000032));
#15723=CARTESIAN_POINT('Origin',(-4.69355875374214,4.92162738123274,0.526500000000033));
#15724=CARTESIAN_POINT('',(-4.69355875374214,4.93204404789941,0.576500000000032));
#15725=CARTESIAN_POINT($,(-4.69355875374214,4.58829404789941,0.576500000000032));
#15726=CARTESIAN_POINT('',(-4.69355875374214,4.93204404789941,0.126500000000033));
#15727=CARTESIAN_POINT($,(-4.69355875374214,4.93204404789941,0.526500000000033));
#15728=CARTESIAN_POINT($,(-4.69355875374214,4.92162738123274,0.126500000000033));
#15729=CARTESIAN_POINT('Origin',(-4.69355875374214,4.92162738123274,0.526500000000033));
#15730=CARTESIAN_POINT('',(-4.69355875374214,4.93204404789941,0.626500000000033));
#15731=CARTESIAN_POINT($,(-4.69355875374214,4.58829404789941,0.626500000000033));
#15732=CARTESIAN_POINT($,(-4.69355875374214,4.93204404789941,0.526500000000033));
#15733=CARTESIAN_POINT('Origin',(-4.64355875374214,4.92162738123274,0.126500000000033));
#15734=CARTESIAN_POINT($,(-4.64355875374214,4.93204404789941,0.126500000000033));
#15735=CARTESIAN_POINT('Origin',(-4.79355875374214,4.93204404789941,0.601500000000032));
#15736=CARTESIAN_POINT('',(-5.39355875374214,4.93204404789941,0.576500000000032));
#15737=CARTESIAN_POINT($,(-4.79355875374214,4.93204404789941,0.576500000000032));
#15738=CARTESIAN_POINT('',(-5.39355875374214,4.93204404789941,0.126500000000033));
#15739=CARTESIAN_POINT($,(-5.39355875374214,4.93204404789941,0.526500000000033));
#15740=CARTESIAN_POINT('',(-5.49355875374214,4.93204404789941,0.126500000000033));
#15741=CARTESIAN_POINT($,(-5.44355875374214,4.93204404789941,0.126500000000033));
#15742=CARTESIAN_POINT($,(-5.49355875374214,4.93204404789941,0.601500000000032));
#15743=CARTESIAN_POINT('',(-5.39355875374214,4.93204404789941,0.626500000000032));
#15744=CARTESIAN_POINT($,(-5.39355875374214,4.93204404789941,0.526500000000033));
#15745=CARTESIAN_POINT($,(-5.31855875374214,4.93204404789941,0.626500000000033));
#15746=CARTESIAN_POINT('Origin',(-4.69355875374214,4.25496071456608,0.526500000000033));
#15747=CARTESIAN_POINT('',(-4.69355875374214,4.24454404789941,0.576500000000032));
#15748=CARTESIAN_POINT($,(-4.69355875374214,4.25496071456608,0.576500000000032));
#15749=CARTESIAN_POINT('',(-4.69355875374214,4.24454404789941,0.126500000000033));
#15750=CARTESIAN_POINT($,(-4.69355875374214,4.25496071456608,0.126500000000033));
#15751=CARTESIAN_POINT($,(-4.69355875374214,4.24454404789941,0.526500000000033));
#15752=CARTESIAN_POINT('Origin',(-4.59355875374214,4.25496071456608,0.526500000000033));
#15753=CARTESIAN_POINT('',(-4.59355875374214,4.24454404789941,0.126500000000033));
#15754=CARTESIAN_POINT($,(-4.59355875374214,4.24454404789941,0.564000000000032));
#15755=CARTESIAN_POINT($,(-4.59355875374214,4.25496071456608,0.126500000000033));
#15756=CARTESIAN_POINT('Origin',(-4.64355875374214,4.25496071456608,0.126500000000033));
#15757=CARTESIAN_POINT($,(-4.64355875374214,4.24454404789941,0.126500000000033));
#15758=CARTESIAN_POINT('Origin',(-4.69355875374214,4.25496071456608,0.526500000000033));
#15759=CARTESIAN_POINT('',(-4.69355875374214,4.24454404789941,0.626500000000033));
#15760=CARTESIAN_POINT($,(-4.69355875374214,4.25496071456608,0.626500000000033));
#15761=CARTESIAN_POINT($,(-4.69355875374214,4.24454404789941,0.526500000000033));
#15762=CARTESIAN_POINT('Origin',(-5.09355875374214,4.58829404789941,0.601500000000031));
#15763=CARTESIAN_POINT('',(-5.09355875374214,4.26537738123274,0.626500000000031));
#15764=CARTESIAN_POINT('',(-5.09355875374214,4.26537738123274,0.576500000000031));
#15765=CARTESIAN_POINT($,(-5.09355875374214,4.26537738123274,0.564000000000032));
#15766=CARTESIAN_POINT('',(-5.09355875374214,4.91121071456607,0.626500000000031));
#15767=CARTESIAN_POINT($,(-5.09355875374214,4.58829404789941,0.626500000000031));
#15768=CARTESIAN_POINT('',(-5.09355875374214,4.91121071456607,0.576500000000031));
#15769=CARTESIAN_POINT($,(-5.09355875374214,4.91121071456607,0.601500000000032));
#15770=CARTESIAN_POINT($,(-5.09355875374214,4.58829404789941,0.576500000000031));
#15771=CARTESIAN_POINT('Origin',(-4.99355875374214,4.58829404789941,0.601500000000031));
#15772=CARTESIAN_POINT($,(-4.99355875374214,4.58829404789941,0.576500000000031));
#15773=CARTESIAN_POINT($,(-4.99355875374214,4.58829404789941,0.626500000000031));
#15774=CARTESIAN_POINT('Origin',(-5.49355875374214,4.92162738123274,0.526500000000033));
#15775=CARTESIAN_POINT('',(-5.49355875374214,4.91121071456607,0.126500000000033));
#15776=CARTESIAN_POINT($,(-5.49355875374214,4.91121071456607,0.601500000000032));
#15777=CARTESIAN_POINT($,(-5.49355875374214,4.92162738123274,0.126500000000033));
#15778=CARTESIAN_POINT('Origin',(-5.39355875374214,4.92162738123274,0.526500000000033));
#15779=CARTESIAN_POINT('',(-5.39355875374214,4.91121071456607,0.626500000000032));
#15780=CARTESIAN_POINT($,(-5.39355875374214,4.92162738123274,0.626500000000032));
#15781=CARTESIAN_POINT($,(-5.39355875374214,4.91121071456607,0.526500000000033));
#15782=CARTESIAN_POINT('Origin',(-5.39355875374214,4.92162738123274,0.526500000000033));
#15783=CARTESIAN_POINT('',(-5.39355875374214,4.91121071456607,0.576500000000032));
#15784=CARTESIAN_POINT($,(-5.39355875374214,4.92162738123274,0.576500000000032));
#15785=CARTESIAN_POINT('',(-5.39355875374214,4.91121071456607,0.126500000000033));
#15786=CARTESIAN_POINT($,(-5.39355875374214,4.91121071456607,0.526500000000033));
#15787=CARTESIAN_POINT($,(-5.39355875374214,4.92162738123274,0.126500000000033));
#15788=CARTESIAN_POINT('Origin',(-5.44355875374214,4.92162738123274,0.126500000000033));
#15789=CARTESIAN_POINT($,(-5.44355875374214,4.91121071456607,0.126500000000033));
#15790=CARTESIAN_POINT('Origin',(-4.79355875374214,4.91121071456607,0.601500000000032));
#15791=CARTESIAN_POINT($,(-4.79355875374214,4.91121071456607,0.576500000000032));
#15792=CARTESIAN_POINT($,(-4.79355875374214,4.91121071456607,0.626500000000033));
#15793=CARTESIAN_POINT('Origin',(-5.44355875374214,4.24454404789941,0.526500000000033));
#15794=CARTESIAN_POINT('',(-5.39355875374214,4.24454404789941,0.626500000000033));
#15795=CARTESIAN_POINT($,(-5.59355875374214,4.24454404789941,0.626500000000033));
#15796=CARTESIAN_POINT($,(-5.39355875374214,4.24454404789941,0.526500000000033));
#15797=CARTESIAN_POINT('',(-5.49355875374214,4.24454404789941,0.126500000000033));
#15798=CARTESIAN_POINT($,(-5.49355875374214,4.24454404789941,0.564000000000032));
#15799=CARTESIAN_POINT('',(-5.39355875374214,4.24454404789941,0.126500000000033));
#15800=CARTESIAN_POINT($,(-5.44355875374214,4.24454404789941,0.126500000000033));
#15801=CARTESIAN_POINT('',(-5.39355875374214,4.24454404789941,0.576500000000032));
#15802=CARTESIAN_POINT($,(-5.39355875374214,4.24454404789941,0.526500000000033));
#15803=CARTESIAN_POINT($,(-5.09355875374214,4.24454404789941,0.576500000000032));
#15804=CARTESIAN_POINT('Origin',(-5.44355875374214,4.26537738123274,0.526500000000033));
#15805=CARTESIAN_POINT('',(-5.49355875374214,4.26537738123274,0.126500000000033));
#15806=CARTESIAN_POINT($,(-5.49355875374214,4.26537738123274,0.564000000000032));
#15807=CARTESIAN_POINT('',(-5.39355875374214,4.26537738123274,0.626500000000033));
#15808=CARTESIAN_POINT($,(-5.39355875374214,4.26537738123274,0.526500000000033));
#15809=CARTESIAN_POINT($,(-5.59355875374214,4.26537738123274,0.626500000000033));
#15810=CARTESIAN_POINT('',(-5.39355875374214,4.26537738123274,0.576500000000032));
#15811=CARTESIAN_POINT($,(-5.59355875374214,4.26537738123274,0.576500000000032));
#15812=CARTESIAN_POINT('',(-5.39355875374214,4.26537738123274,0.126500000000033));
#15813=CARTESIAN_POINT($,(-5.39355875374214,4.26537738123274,0.526500000000033));
#15814=CARTESIAN_POINT($,(-5.44355875374214,4.26537738123274,0.126500000000033));
#15815=CARTESIAN_POINT('Origin',(-5.39355875374214,4.25496071456608,0.526500000000033));
#15816=CARTESIAN_POINT($,(-5.39355875374214,4.25496071456608,0.576500000000032));
#15817=CARTESIAN_POINT($,(-5.39355875374214,4.25496071456608,0.126500000000033));
#15818=CARTESIAN_POINT('Origin',(-5.49355875374214,4.25496071456608,0.526500000000033));
#15819=CARTESIAN_POINT($,(-5.49355875374214,4.25496071456608,0.126500000000033));
#15820=CARTESIAN_POINT('Origin',(-5.44355875374214,4.25496071456608,0.126500000000033));
#15821=CARTESIAN_POINT('Origin',(-5.39355875374214,4.25496071456608,0.526500000000033));
#15822=CARTESIAN_POINT($,(-5.39355875374214,4.25496071456608,0.626500000000033));
#15823=CARTESIAN_POINT('Origin',(-5.59355875374214,4.25496071456608,0.626500000000033));
#15824=CARTESIAN_POINT('Origin',(-5.59355875374214,4.25496071456608,0.576500000000032));
#15825=CARTESIAN_POINT('Origin',(-7.06450443506278,4.50327008671533,1.53460004329681));
#15826=CARTESIAN_POINT('',(-7.05950443506278,4.50327008671533,1.52149991512299));
#15827=CARTESIAN_POINT('',(-7.06950443506278,4.50327008671533,1.52149991512299));
#15828=CARTESIAN_POINT($,(-7.14950443506278,4.50327008671533,1.52149991512299));
#15829=CARTESIAN_POINT('',(-7.05950443506278,4.50327008671533,1.54960004329681));
#15830=CARTESIAN_POINT($,(-7.05950443506278,4.50327008671533,1.53460004329681));
#15831=CARTESIAN_POINT('',(-7.06950443506278,4.50327008671533,1.54960004329681));
#15832=CARTESIAN_POINT($,(-7.06450443506278,4.50327008671533,1.54960004329681));
#15833=CARTESIAN_POINT($,(-7.06950443506278,4.50327008671533,1.53460004329681));
#15834=CARTESIAN_POINT('Origin',(-7.06450443506278,4.57327008671533,1.53460004329681));
#15835=CARTESIAN_POINT('',(-7.06950443506278,4.57327008671533,1.52149991512299));
#15836=CARTESIAN_POINT('',(-7.05950443506278,4.57327008671533,1.52149991512299));
#15837=CARTESIAN_POINT($,(-7.14950443506278,4.57327008671533,1.52149991512299));
#15838=CARTESIAN_POINT('',(-7.06950443506278,4.57327008671533,1.54960004329681));
#15839=CARTESIAN_POINT($,(-7.06950443506278,4.57327008671533,1.53460004329681));
#15840=CARTESIAN_POINT('',(-7.05950443506278,4.57327008671533,1.54960004329681));
#15841=CARTESIAN_POINT($,(-7.06450443506278,4.57327008671533,1.54960004329681));
#15842=CARTESIAN_POINT($,(-7.05950443506278,4.57327008671533,1.53460004329681));
#15843=CARTESIAN_POINT('Origin',(-7.06950443506278,4.56827008671533,1.53460004329681));
#15844=CARTESIAN_POINT('',(-7.06950443506278,4.51327008671533,1.52149991512299));
#15845=CARTESIAN_POINT($,(-7.06950443506278,4.55327008671533,1.52149991512299));
#15846=CARTESIAN_POINT($,(-7.06950443506278,4.50827008671533,1.54960004329681));
#15847=CARTESIAN_POINT('',(-7.06950443506278,4.56327008671533,1.52149991512299));
#15848=CARTESIAN_POINT($,(-7.06950443506278,4.55327008671533,1.52149991512299));
#15849=CARTESIAN_POINT('',(-7.06950443506278,4.56327008671533,1.53960004329681));
#15850=CARTESIAN_POINT($,(-7.06950443506278,4.56327008671533,1.53460004329681));
#15851=CARTESIAN_POINT('',(-7.06950443506278,4.51327008671533,1.53960004329681));
#15852=CARTESIAN_POINT($,(-7.06950443506278,4.53827008671533,1.53960004329681));
#15853=CARTESIAN_POINT($,(-7.06950443506278,4.51327008671533,1.53460004329681));
#15854=CARTESIAN_POINT('Origin',(-7.06450443506278,4.53827008671533,1.53960004329681));
#15855=CARTESIAN_POINT('',(-7.05950443506278,4.56327008671533,1.53960004329681));
#15856=CARTESIAN_POINT('',(-7.05950443506278,4.51327008671533,1.53960004329681));
#15857=CARTESIAN_POINT($,(-7.05950443506278,4.53827008671533,1.53960004329681));
#15858=CARTESIAN_POINT($,(-7.06450443506278,4.51327008671533,1.53960004329681));
#15859=CARTESIAN_POINT($,(-7.06450443506278,4.56327008671533,1.53960004329681));
#15860=CARTESIAN_POINT('Origin',(-7.06450443506278,4.51327008671533,1.53460004329681));
#15861=CARTESIAN_POINT('',(-7.05950443506278,4.51327008671533,1.52149991512299));
#15862=CARTESIAN_POINT($,(-7.14950443506278,4.51327008671533,1.52149991512299));
#15863=CARTESIAN_POINT($,(-7.05950443506278,4.51327008671533,1.53460004329681));
#15864=CARTESIAN_POINT('Origin',(-7.06450443506278,4.56827008671533,1.54960004329681));
#15865=CARTESIAN_POINT($,(-7.05950443506278,4.56827008671533,1.54960004329681));
#15866=CARTESIAN_POINT('Origin',(-7.05950443506278,4.56827008671533,1.53460004329681));
#15867=CARTESIAN_POINT($,(-7.05950443506278,4.55327008671533,1.52149991512299));
#15868=CARTESIAN_POINT('',(-7.05950443506278,4.56327008671533,1.52149991512299));
#15869=CARTESIAN_POINT($,(-7.05950443506278,4.56327008671533,1.53460004329681));
#15870=CARTESIAN_POINT($,(-7.05950443506278,4.55327008671533,1.52149991512299));
#15871=CARTESIAN_POINT('Origin',(-7.06450443506278,4.56327008671533,1.53460004329681));
#15872=CARTESIAN_POINT($,(-7.14950443506278,4.56327008671533,1.52149991512299));
#15873=CARTESIAN_POINT('Origin',(-7.23450443506277,4.53827008671533,1.52149991512299));
#15874=CARTESIAN_POINT('',(-7.03450443506277,4.39827008671533,1.52149991512299));
#15875=CARTESIAN_POINT('',(-7.03450443506277,4.67827008671533,1.52149991512299));
#15876=CARTESIAN_POINT($,(-7.03450443506277,4.53827008671533,1.52149991512299));
#15877=CARTESIAN_POINT('',(-7.43450443506277,4.67827008671533,1.52149991512299));
#15878=CARTESIAN_POINT($,(-7.23450443506277,4.67827008671533,1.52149991512299));
#15879=CARTESIAN_POINT('',(-7.43450443506277,4.39827008671533,1.52149991512299));
#15880=CARTESIAN_POINT($,(-7.43450443506277,4.53827008671533,1.52149991512299));
#15881=CARTESIAN_POINT($,(-7.23450443506277,4.39827008671533,1.52149991512299));
#15882=CARTESIAN_POINT('Origin',(-7.23450443506277,4.53827008671533,1.50149991512299));
#15883=CARTESIAN_POINT('',(-7.03450443506277,4.67827008671533,1.50149991512299));
#15884=CARTESIAN_POINT('',(-7.03450443506277,4.39827008671533,1.50149991512299));
#15885=CARTESIAN_POINT($,(-7.03450443506277,4.53827008671533,1.50149991512299));
#15886=CARTESIAN_POINT('',(-7.43450443506277,4.39827008671533,1.50149991512299));
#15887=CARTESIAN_POINT($,(-7.23450443506277,4.39827008671533,1.50149991512299));
#15888=CARTESIAN_POINT('',(-7.43450443506277,4.67827008671533,1.50149991512299));
#15889=CARTESIAN_POINT($,(-7.43450443506277,4.53827008671533,1.50149991512299));
#15890=CARTESIAN_POINT($,(-7.23450443506277,4.67827008671533,1.50149991512299));
#15891=CARTESIAN_POINT('Origin',(-7.23450443506277,4.39827008671533,1.51149991512299));
#15892=CARTESIAN_POINT($,(-7.43450443506277,4.39827008671533,1.51149991512299));
#15893=CARTESIAN_POINT($,(-7.03450443506277,4.39827008671533,1.51149991512299));
#15894=CARTESIAN_POINT('Origin',(-7.43450443506277,4.53827008671533,1.51149991512299));
#15895=CARTESIAN_POINT($,(-7.43450443506277,4.67827008671533,1.51149991512299));
#15896=CARTESIAN_POINT('Origin',(-7.23450443506277,4.67827008671533,1.51149991512299));
#15897=CARTESIAN_POINT($,(-7.03450443506277,4.67827008671533,1.51149991512299));
#15898=CARTESIAN_POINT('Origin',(-7.03450443506277,4.53827008671533,1.51149991512299));
#15899=CARTESIAN_POINT('Origin',(-7.16855875374214,0.69387369633326,0.626500010490417));
#15900=CARTESIAN_POINT('',(-7.16855875374214,0.66887369633326,1.07650000000004));
#15901=CARTESIAN_POINT('',(-7.16855875374214,0.71887369633326,1.07650000000004));
#15902=CARTESIAN_POINT($,(-7.16855875374214,3.25152507689925,1.07650000000004));
#15903=CARTESIAN_POINT('',(-7.16855875374214,0.66887369633326,0.126500010490417));
#15904=CARTESIAN_POINT($,(-7.16855875374214,0.66887369633326,0.626500010490417));
#15905=CARTESIAN_POINT('',(-7.16855875374214,0.71887369633326,0.126500010490417));
#15906=CARTESIAN_POINT($,(-7.16855875374214,0.69387369633326,0.126500010490417));
#15907=CARTESIAN_POINT($,(-7.16855875374214,0.71887369633326,0.626500010490417));
#15908=CARTESIAN_POINT('Origin',(-7.19355875374214,0.66887369633326,0.626500010490417));
#15909=CARTESIAN_POINT('',(-7.21855875374214,0.66887369633326,1.07650000000004));
#15910=CARTESIAN_POINT($,(-6.98721802188936,0.66887369633326,1.07650000000004));
#15911=CARTESIAN_POINT('',(-7.21855875374214,0.66887369633326,0.126500010490417));
#15912=CARTESIAN_POINT($,(-7.21855875374214,0.66887369633326,0.626500010490417));
#15913=CARTESIAN_POINT($,(-7.19355875374214,0.66887369633326,0.126500010490417));
#15914=CARTESIAN_POINT('Origin',(-7.19355875374214,0.69387369633326,0.126500010490417));
#15915=CARTESIAN_POINT('',(-7.21855875374214,0.71887369633326,0.126500010490417));
#15916=CARTESIAN_POINT($,(-7.21855875374214,0.69387369633326,0.126500010490417));
#15917=CARTESIAN_POINT($,(-7.19355875374214,0.71887369633326,0.126500010490417));
#15918=CARTESIAN_POINT('Origin',(-7.21855875374214,0.69387369633326,0.626500010490417));
#15919=CARTESIAN_POINT('',(-7.21855875374214,0.71887369633326,1.07650000000004));
#15920=CARTESIAN_POINT($,(-7.21855875374214,3.25152507689925,1.07650000000004));
#15921=CARTESIAN_POINT($,(-7.21855875374214,0.71887369633326,0.626500010490417));
#15922=CARTESIAN_POINT('Origin',(-7.19355875374214,0.71887369633326,0.626500010490417));
#15923=CARTESIAN_POINT($,(-6.98721802188936,0.71887369633326,1.07650000000004));
#15924=CARTESIAN_POINT('Origin',(-7.56855875374214,0.69387369633326,0.626500010490417));
#15925=CARTESIAN_POINT('',(-7.56855875374214,0.66887369633326,1.07650000000004));
#15926=CARTESIAN_POINT('',(-7.56855875374214,0.71887369633326,1.07650000000004));
#15927=CARTESIAN_POINT($,(-7.56855875374214,3.25152507689925,1.07650000000004));
#15928=CARTESIAN_POINT('',(-7.56855875374214,0.66887369633326,0.126500010490417));
#15929=CARTESIAN_POINT($,(-7.56855875374214,0.66887369633326,0.626500010490417));
#15930=CARTESIAN_POINT('',(-7.56855875374214,0.71887369633326,0.126500010490417));
#15931=CARTESIAN_POINT($,(-7.56855875374214,0.69387369633326,0.126500010490417));
#15932=CARTESIAN_POINT($,(-7.56855875374214,0.71887369633326,0.626500010490417));
#15933=CARTESIAN_POINT('Origin',(-7.59355875374214,0.66887369633326,0.626500010490417));
#15934=CARTESIAN_POINT('',(-7.61855875374214,0.66887369633326,1.07650000000004));
#15935=CARTESIAN_POINT($,(-7.18721802188936,0.66887369633326,1.07650000000004));
#15936=CARTESIAN_POINT('',(-7.61855875374214,0.66887369633326,0.126500010490417));
#15937=CARTESIAN_POINT($,(-7.61855875374214,0.66887369633326,0.626500010490417));
#15938=CARTESIAN_POINT($,(-7.59355875374214,0.66887369633326,0.126500010490417));
#15939=CARTESIAN_POINT('Origin',(-7.59355875374214,0.69387369633326,0.126500010490417));
#15940=CARTESIAN_POINT('',(-7.61855875374214,0.71887369633326,0.126500010490417));
#15941=CARTESIAN_POINT($,(-7.61855875374214,0.69387369633326,0.126500010490417));
#15942=CARTESIAN_POINT($,(-7.59355875374214,0.71887369633326,0.126500010490417));
#15943=CARTESIAN_POINT('Origin',(-7.61855875374214,0.69387369633326,0.626500010490417));
#15944=CARTESIAN_POINT('',(-7.61855875374214,0.71887369633326,1.07650000000004));
#15945=CARTESIAN_POINT($,(-7.61855875374214,3.25152507689925,1.07650000000004));
#15946=CARTESIAN_POINT($,(-7.61855875374214,0.71887369633326,0.626500010490417));
#15947=CARTESIAN_POINT('Origin',(-7.59355875374214,0.71887369633326,0.626500010490417));
#15948=CARTESIAN_POINT($,(-7.18721802188936,0.71887369633326,1.07650000000004));
#15949=CARTESIAN_POINT('Origin',(-7.56855875374214,1.09387369633326,0.626500010490417));
#15950=CARTESIAN_POINT('',(-7.56855875374214,1.06887369633326,1.07650000000004));
#15951=CARTESIAN_POINT('',(-7.56855875374214,1.11887369633326,1.07650000000004));
#15952=CARTESIAN_POINT($,(-7.56855875374214,3.45152507689925,1.07650000000004));
#15953=CARTESIAN_POINT('',(-7.56855875374214,1.06887369633326,0.126500010490417));
#15954=CARTESIAN_POINT($,(-7.56855875374214,1.06887369633326,0.626500010490417));
#15955=CARTESIAN_POINT('',(-7.56855875374214,1.11887369633326,0.126500010490417));
#15956=CARTESIAN_POINT($,(-7.56855875374214,1.09387369633326,0.126500010490417));
#15957=CARTESIAN_POINT($,(-7.56855875374214,1.11887369633326,0.626500010490417));
#15958=CARTESIAN_POINT('Origin',(-7.59355875374214,1.06887369633326,0.626500010490417));
#15959=CARTESIAN_POINT('',(-7.61855875374214,1.06887369633326,1.07650000000004));
#15960=CARTESIAN_POINT($,(-7.18721802188936,1.06887369633326,1.07650000000004));
#15961=CARTESIAN_POINT('',(-7.61855875374214,1.06887369633326,0.126500010490417));
#15962=CARTESIAN_POINT($,(-7.61855875374214,1.06887369633326,0.626500010490417));
#15963=CARTESIAN_POINT($,(-7.59355875374214,1.06887369633326,0.126500010490417));
#15964=CARTESIAN_POINT('Origin',(-7.59355875374214,1.09387369633326,0.126500010490417));
#15965=CARTESIAN_POINT('',(-7.61855875374214,1.11887369633326,0.126500010490417));
#15966=CARTESIAN_POINT($,(-7.61855875374214,1.09387369633326,0.126500010490417));
#15967=CARTESIAN_POINT($,(-7.59355875374214,1.11887369633326,0.126500010490417));
#15968=CARTESIAN_POINT('Origin',(-7.61855875374214,1.09387369633326,0.626500010490417));
#15969=CARTESIAN_POINT('',(-7.61855875374214,1.11887369633326,1.07650000000004));
#15970=CARTESIAN_POINT($,(-7.61855875374214,3.45152507689925,1.07650000000004));
#15971=CARTESIAN_POINT($,(-7.61855875374214,1.11887369633326,0.626500010490417));
#15972=CARTESIAN_POINT('Origin',(-7.59355875374214,1.11887369633326,0.626500010490417));
#15973=CARTESIAN_POINT($,(-7.18721802188936,1.11887369633326,1.07650000000004));
#15974=CARTESIAN_POINT('Origin',(-6.78087729003658,5.80917645746524,1.07650000000004));
#15975=CARTESIAN_POINT('',(-7.14755875374215,0.613873696333266,1.07650000000004));
#15976=CARTESIAN_POINT('',(-7.63955875374213,0.613873696333266,1.07650000000004));
#15977=CARTESIAN_POINT($,(-7.04755875374215,0.613873696333266,1.07650000000004));
#15978=CARTESIAN_POINT('',(-7.63955875374213,1.17387369633325,1.07650000000004));
#15979=CARTESIAN_POINT($,(-7.63955875374213,0.613873696333266,1.07650000000004));
#15980=CARTESIAN_POINT('',(-7.14755875374215,1.17387369633325,1.07650000000004));
#15981=CARTESIAN_POINT($,(-7.63955875374213,1.17387369633325,1.07650000000004));
#15982=CARTESIAN_POINT($,(-7.14755875374215,3.21152507689925,1.07650000000004));
#15983=CARTESIAN_POINT('',(-7.16855875374214,1.06887369633326,1.07650000000004));
#15984=CARTESIAN_POINT('',(-7.21855875374214,1.06887369633326,1.07650000000004));
#15985=CARTESIAN_POINT($,(-6.98721802188936,1.06887369633326,1.07650000000004));
#15986=CARTESIAN_POINT('',(-7.16855875374214,1.11887369633326,1.07650000000004));
#15987=CARTESIAN_POINT($,(-7.16855875374214,3.45152507689925,1.07650000000004));
#15988=CARTESIAN_POINT('',(-7.21855875374214,1.11887369633326,1.07650000000004));
#15989=CARTESIAN_POINT($,(-6.98721802188936,1.11887369633326,1.07650000000004));
#15990=CARTESIAN_POINT($,(-7.21855875374214,3.45152507689925,1.07650000000004));
#15991=CARTESIAN_POINT('Origin',(-7.63955875374213,1.17387369633325,1.07650000000004));
#15992=CARTESIAN_POINT('',(-7.63955875374213,0.613873696333266,1.12650000000003));
#15993=CARTESIAN_POINT($,(-7.63955875374213,0.613873696333266,1.07650000000004));
#15994=CARTESIAN_POINT('',(-7.63955875374213,1.17387369633325,1.12650000000003));
#15995=CARTESIAN_POINT($,(-7.63955875374213,3.49152507689925,1.12650000000003));
#15996=CARTESIAN_POINT($,(-7.63955875374213,1.17387369633325,1.07650000000004));
#15997=CARTESIAN_POINT('Origin',(-7.04755875374215,1.17387369633325,1.07650000000004));
#15998=CARTESIAN_POINT('',(-7.14755875374215,1.17387369633325,1.12650000000003));
#15999=CARTESIAN_POINT($,(-6.91421802188937,1.17387369633325,1.12650000000003));
#16000=CARTESIAN_POINT($,(-7.14755875374215,1.17387369633325,1.07650000000004));
#16001=CARTESIAN_POINT('Origin',(-7.14755875374215,0.613873696333266,1.07650000000004));
#16002=CARTESIAN_POINT('',(-7.14755875374215,0.613873696333266,1.12650000000003));
#16003=CARTESIAN_POINT($,(-7.14755875374215,3.21152507689925,1.12650000000003));
#16004=CARTESIAN_POINT($,(-7.14755875374215,0.613873696333266,1.07650000000004));
#16005=CARTESIAN_POINT('Origin',(-7.63955875374213,0.613873696333266,1.07650000000004));
#16006=CARTESIAN_POINT($,(-7.21021802188935,0.613873696333266,1.12650000000003));
#16007=CARTESIAN_POINT('Origin',(-7.19355875374214,1.11887369633326,0.626500010490417));
#16008=CARTESIAN_POINT('',(-7.16855875374214,1.11887369633326,0.126500010490417));
#16009=CARTESIAN_POINT($,(-7.16855875374214,1.11887369633326,0.626500010490417));
#16010=CARTESIAN_POINT('',(-7.21855875374214,1.11887369633326,0.126500010490417));
#16011=CARTESIAN_POINT($,(-7.19355875374214,1.11887369633326,0.126500010490417));
#16012=CARTESIAN_POINT($,(-7.21855875374214,1.11887369633326,0.626500010490417));
#16013=CARTESIAN_POINT('Origin',(-7.16855875374214,1.09387369633326,0.626500010490417));
#16014=CARTESIAN_POINT('',(-7.16855875374214,1.06887369633326,0.126500010490417));
#16015=CARTESIAN_POINT($,(-7.16855875374214,1.06887369633326,0.626500010490417));
#16016=CARTESIAN_POINT($,(-7.16855875374214,1.09387369633326,0.126500010490417));
#16017=CARTESIAN_POINT('Origin',(-7.19355875374214,1.09387369633326,1.12650001049042));
#16018=CARTESIAN_POINT('Origin',(-7.19355875374214,1.09387369633326,0.126500010490417));
#16019=CARTESIAN_POINT('',(-7.21855875374214,1.06887369633326,0.126500010490417));
#16020=CARTESIAN_POINT($,(-7.19355875374214,1.06887369633326,0.126500010490417));
#16021=CARTESIAN_POINT($,(-7.21855875374214,1.09387369633326,0.126500010490417));
#16022=CARTESIAN_POINT('Origin',(-7.19355875374214,1.06887369633326,0.626500010490417));
#16023=CARTESIAN_POINT($,(-7.21855875374214,1.06887369633326,0.626500010490417));
#16024=CARTESIAN_POINT('Origin',(-7.21855875374214,1.09387369633326,0.626500010490417));
#16025=CARTESIAN_POINT('Origin',(-7.34530687332153,0.997958183288574,1.17650001049042));
#16026=CARTESIAN_POINT('',(-7.19530687332153,0.897958183288574,1.17650001049042));
#16027=CARTESIAN_POINT('',(-7.19530687332153,1.09795818328857,1.17650001049042));
#16028=CARTESIAN_POINT($,(-7.19530687332153,0.997958183288574,1.17650001049042));
#16029=CARTESIAN_POINT('',(-7.49530687332153,1.09795818328857,1.17650001049042));
#16030=CARTESIAN_POINT($,(-7.34530687332153,1.09795818328857,1.17650001049042));
#16031=CARTESIAN_POINT('',(-7.49530687332153,0.897958183288574,1.17650001049042));
#16032=CARTESIAN_POINT($,(-7.49530687332153,0.997958183288574,1.17650001049042));
#16033=CARTESIAN_POINT($,(-7.34530687332153,0.897958183288574,1.17650001049042));
#16034=CARTESIAN_POINT('Origin',(-7.34530687332153,0.997958183288574,1.12650001049042));
#16035=CARTESIAN_POINT('',(-7.19530687332153,1.09795818328857,1.12650001049042));
#16036=CARTESIAN_POINT('',(-7.19530687332153,0.897958183288574,1.12650001049042));
#16037=CARTESIAN_POINT($,(-7.19530687332153,0.997958183288574,1.12650001049042));
#16038=CARTESIAN_POINT('',(-7.49530687332153,0.897958183288574,1.12650001049042));
#16039=CARTESIAN_POINT($,(-7.34530687332153,0.897958183288574,1.12650001049042));
#16040=CARTESIAN_POINT('',(-7.49530687332153,1.09795818328857,1.12650001049042));
#16041=CARTESIAN_POINT($,(-7.49530687332153,0.997958183288574,1.12650001049042));
#16042=CARTESIAN_POINT($,(-7.34530687332153,1.09795818328857,1.12650001049042));
#16043=CARTESIAN_POINT('Origin',(-7.34530687332153,0.897958183288574,1.15150001049042));
#16044=CARTESIAN_POINT($,(-7.49530687332153,0.897958183288574,1.15150001049042));
#16045=CARTESIAN_POINT($,(-7.19530687332153,0.897958183288574,1.15150001049042));
#16046=CARTESIAN_POINT('Origin',(-7.49530687332153,0.997958183288574,1.15150001049042));
#16047=CARTESIAN_POINT($,(-7.49530687332153,1.09795818328857,1.15150001049042));
#16048=CARTESIAN_POINT('Origin',(-7.34530687332153,1.09795818328857,1.15150001049042));
#16049=CARTESIAN_POINT($,(-7.19530687332153,1.09795818328857,1.15150001049042));
#16050=CARTESIAN_POINT('Origin',(-7.19530687332153,0.997958183288574,1.15150001049042));
#16051=CARTESIAN_POINT('Origin',(-7.56633615493774,0.982622683048248,1.12650001049042));
#16052=CARTESIAN_POINT('',(-7.56633615493774,1.02262268304825,1.12650001049042));
#16053=CARTESIAN_POINT('Origin',(-7.56633615493774,0.982622683048248,1.12650001049042));
#16054=CARTESIAN_POINT('Origin',(-7.56633615493774,0.982622683048248,1.12650001049042));
#16055=UNCERTAINTY_MEASURE_WITH_UNIT(LENGTH_MEASURE(0.001),#16057,
'DISTANCE_ACCURACY_VALUE',
'Maximum model space distance between geometric entities at asserted c
onnectivities');
#16056=(
GEOMETRIC_REPRESENTATION_CONTEXT(3)
GLOBAL_UNCERTAINTY_ASSIGNED_CONTEXT((#16055))
GLOBAL_UNIT_ASSIGNED_CONTEXT((#16057,#16059,#16058))
REPRESENTATION_CONTEXT('','3D')
);
#16057=(
LENGTH_UNIT()
NAMED_UNIT(*)
SI_UNIT(.CENTI.,.METRE.)
);
#16058=(
NAMED_UNIT(*)
SI_UNIT($,.STERADIAN.)
SOLID_ANGLE_UNIT()
);
#16059=(
NAMED_UNIT(*)
PLANE_ANGLE_UNIT()
SI_UNIT($,.RADIAN.)
);
#16060=SHAPE_DEFINITION_REPRESENTATION(#16061,#16062);
#16061=PRODUCT_DEFINITION_SHAPE('',$,#16064);
#16062=SHAPE_REPRESENTATION('',(#10168),#16056);
#16063=PRODUCT_DEFINITION_CONTEXT('3D Mechanical Parts',#16067,'design');
#16064=PRODUCT_DEFINITION('clutter 1','clutter 1',#16065,#16063);
#16065=PRODUCT_DEFINITION_FORMATION('',$,#16069);
#16066=APPLICATION_PROTOCOL_DEFINITION('international standard',
'automotive_design',2009,#16067);
#16067=APPLICATION_CONTEXT(
'Core Data for Automotive Mechanical Design Process');
#16068=PRODUCT_CONTEXT('3D Mechanical Parts',#16067,'mechanical');
#16069=PRODUCT('clutter 1','clutter 1',$,(#16068));
#16070=PRESENTATION_STYLE_ASSIGNMENT((#16078));
#16071=PRESENTATION_STYLE_ASSIGNMENT((#16079));
#16072=PRESENTATION_STYLE_ASSIGNMENT((#16080));
#16073=PRESENTATION_STYLE_ASSIGNMENT((#16081));
#16074=PRESENTATION_STYLE_ASSIGNMENT((#16082));
#16075=PRESENTATION_STYLE_ASSIGNMENT((#16083));
#16076=PRESENTATION_STYLE_ASSIGNMENT((#16084));
#16077=PRESENTATION_STYLE_ASSIGNMENT((#16085));
#16078=SURFACE_STYLE_USAGE(.BOTH.,#16086);
#16079=SURFACE_STYLE_USAGE(.BOTH.,#16087);
#16080=SURFACE_STYLE_USAGE(.BOTH.,#16088);
#16081=SURFACE_STYLE_USAGE(.BOTH.,#16089);
#16082=SURFACE_STYLE_USAGE(.BOTH.,#16090);
#16083=SURFACE_STYLE_USAGE(.BOTH.,#16091);
#16084=SURFACE_STYLE_USAGE(.BOTH.,#16092);
#16085=SURFACE_STYLE_USAGE(.BOTH.,#16093);
#16086=SURFACE_SIDE_STYLE($,(#16094));
#16087=SURFACE_SIDE_STYLE($,(#16095));
#16088=SURFACE_SIDE_STYLE($,(#16096));
#16089=SURFACE_SIDE_STYLE($,(#16097));
#16090=SURFACE_SIDE_STYLE($,(#16098));
#16091=SURFACE_SIDE_STYLE($,(#16099));
#16092=SURFACE_SIDE_STYLE($,(#16100));
#16093=SURFACE_SIDE_STYLE($,(#16101));
#16094=SURFACE_STYLE_FILL_AREA(#16102);
#16095=SURFACE_STYLE_FILL_AREA(#16103);
#16096=SURFACE_STYLE_FILL_AREA(#16104);
#16097=SURFACE_STYLE_FILL_AREA(#16105);
#16098=SURFACE_STYLE_FILL_AREA(#16106);
#16099=SURFACE_STYLE_FILL_AREA(#16107);
#16100=SURFACE_STYLE_FILL_AREA(#16108);
#16101=SURFACE_STYLE_FILL_AREA(#16109);
#16102=FILL_AREA_STYLE($,(#16110));
#16103=FILL_AREA_STYLE($,(#16111));
#16104=FILL_AREA_STYLE($,(#16112));
#16105=FILL_AREA_STYLE($,(#16113));
#16106=FILL_AREA_STYLE($,(#16114));
#16107=FILL_AREA_STYLE($,(#16115));
#16108=FILL_AREA_STYLE($,(#16116));
#16109=FILL_AREA_STYLE($,(#16117));
#16110=FILL_AREA_STYLE_COLOUR($,#16118);
#16111=FILL_AREA_STYLE_COLOUR($,#16119);
#16112=FILL_AREA_STYLE_COLOUR($,#16120);
#16113=FILL_AREA_STYLE_COLOUR($,#16121);
#16114=FILL_AREA_STYLE_COLOUR($,#16122);
#16115=FILL_AREA_STYLE_COLOUR($,#16123);
#16116=FILL_AREA_STYLE_COLOUR($,#16124);
#16117=FILL_AREA_STYLE_COLOUR($,#16125);
#16118=COLOUR_RGB('__RGBA_0.827451_0.929412_0.952941',0.827450980392157,
0.929411764705882,0.952941176470588);
#16119=COLOUR_RGB('__RGBA_0.0196078_0.105882_0.156863',0.0196078431372549,
0.105882352941176,0.156862745098039);
#16120=COLOUR_RGB('__RGBA_0.168627_0.282353_0.34902',0.168627450980392,
0.282352941176471,0.349019607843137);
#16121=COLOUR_RGB('__RGBA_0.552941_0.678431_0.709804',0.552941176470588,
0.67843137254902,0.709803921568627);
#16122=COLOUR_RGB('__RGBA_0.47451_0.529412_0.541176',0.474509803921569,
0.529411764705882,0.541176470588235);
#16123=COLOUR_RGB('__RGBA_0.215686_0.329412_0.356863',0.215686274509804,
0.329411764705882,0.356862745098039);
#16124=COLOUR_RGB('__RGBA_0.380392_0.431373_0.443137',0.380392156862745,
0.431372549019608,0.443137254901961);
#16125=COLOUR_RGB('__RGBA_0.156863_0.4_0.12549',0.156862745098039,0.4,0.125490196078431);
ENDSEC;
END-ISO-10303-21;
