ISO-10303-21;
HEADER;
/* Generated by software containing ST-Developer
 * from STEP Tools, Inc. (www.steptools.com) 
 */

FILE_DESCRIPTION(
/* description */ (''),
/* implementation_level */ '2;1');

FILE_NAME(
/* name */ 
'C:/Users/max/Desktop/extra files/lab objects/Machine 3/Step file/mach
ine 3.stp',
/* time_stamp */ '2025-12-06T03:51:26+00:00',
/* author */ (''),
/* organization */ (''),
/* preprocessor_version */ 'ST-DEVELOPER v15.2',
/* originating_system */ 'Autodesk Translator Framework v2.0.0.5431',
/* authorisation */ '');

FILE_SCHEMA (('AUTOMOTIVE_DESIGN { 1 0 10303 214 3 1 1 }'));
ENDSEC;

DATA;
#10=SPHERICAL_SURFACE($,#4881,0.03);
#11=CIRCLE($,#4633,0.08);
#12=CIRCLE($,#4634,0.08);
#13=CIRCLE($,#4636,0.1);
#14=CIRCLE($,#4637,0.1);
#15=CIRCLE($,#4653,0.08);
#16=CIRCLE($,#4654,0.08);
#17=CIRCLE($,#4694,0.0100000000000001);
#18=CIRCLE($,#4695,0.0100000000000001);
#19=CIRCLE($,#4711,0.0100000000000001);
#20=CIRCLE($,#4712,0.0100000000000001);
#21=CIRCLE($,#4792,0.0100000000000001);
#22=CIRCLE($,#4793,0.0100000000000001);
#23=CIRCLE($,#4829,0.0100000000000001);
#24=CIRCLE($,#4830,0.0100000000000001);
#25=CIRCLE($,#4852,0.0100000000000001);
#26=CIRCLE($,#4853,0.0100000000000001);
#27=CIRCLE($,#4875,0.0100000000000001);
#28=CIRCLE($,#4876,0.0100000000000001);
#29=CIRCLE($,#4880,0.03);
#30=CIRCLE($,#4883,0.02);
#31=CIRCLE($,#4884,0.02);
#32=CIRCLE($,#4888,0.03);
#33=CIRCLE($,#4889,0.03);
#34=CIRCLE($,#4893,0.01);
#35=CIRCLE($,#4894,0.01);
#36=CIRCLE($,#4898,0.027);
#37=CIRCLE($,#4899,0.027);
#38=CIRCLE($,#4903,0.012);
#39=CIRCLE($,#4904,0.012);
#40=CIRCLE($,#4908,0.01);
#41=CIRCLE($,#4909,0.01);
#42=CIRCLE($,#4925,0.01);
#43=CIRCLE($,#4926,0.01);
#44=CIRCLE($,#4930,0.015);
#45=CIRCLE($,#4931,0.015);
#46=CIRCLE($,#4935,0.015);
#47=CIRCLE($,#4936,0.015);
#48=CIRCLE($,#4940,0.03);
#49=CIRCLE($,#4941,0.03);
#50=CIRCLE($,#4945,0.01);
#51=CIRCLE($,#4946,0.01);
#52=CIRCLE($,#4950,0.01);
#53=CIRCLE($,#4951,0.01);
#54=CIRCLE($,#4955,0.01);
#55=CIRCLE($,#4956,0.01);
#56=CIRCLE($,#4960,0.01);
#57=CIRCLE($,#4961,0.01);
#58=CYLINDRICAL_SURFACE($,#4632,0.08);
#59=CYLINDRICAL_SURFACE($,#4635,0.1);
#60=CYLINDRICAL_SURFACE($,#4652,0.08);
#61=CYLINDRICAL_SURFACE($,#4693,0.0100000000000001);
#62=CYLINDRICAL_SURFACE($,#4710,0.0100000000000001);
#63=CYLINDRICAL_SURFACE($,#4791,0.0100000000000001);
#64=CYLINDRICAL_SURFACE($,#4828,0.0100000000000001);
#65=CYLINDRICAL_SURFACE($,#4851,0.0100000000000001);
#66=CYLINDRICAL_SURFACE($,#4874,0.0100000000000001);
#67=CYLINDRICAL_SURFACE($,#4882,0.02);
#68=CYLINDRICAL_SURFACE($,#4887,0.03);
#69=CYLINDRICAL_SURFACE($,#4892,0.01);
#70=CYLINDRICAL_SURFACE($,#4897,0.027);
#71=CYLINDRICAL_SURFACE($,#4902,0.012);
#72=CYLINDRICAL_SURFACE($,#4907,0.01);
#73=CYLINDRICAL_SURFACE($,#4924,0.01);
#74=CYLINDRICAL_SURFACE($,#4929,0.015);
#75=CYLINDRICAL_SURFACE($,#4934,0.015);
#76=CYLINDRICAL_SURFACE($,#4939,0.03);
#77=CYLINDRICAL_SURFACE($,#4944,0.01);
#78=CYLINDRICAL_SURFACE($,#4949,0.01);
#79=CYLINDRICAL_SURFACE($,#4954,0.01);
#80=CYLINDRICAL_SURFACE($,#4959,0.01);
#81=FACE_BOUND($,#488,.T.);
#82=FACE_BOUND($,#489,.T.);
#83=FACE_BOUND($,#495,.T.);
#84=FACE_BOUND($,#497,.T.);
#85=FACE_BOUND($,#498,.T.);
#86=FACE_BOUND($,#499,.T.);
#87=FACE_BOUND($,#500,.T.);
#88=FACE_BOUND($,#501,.T.);
#89=FACE_BOUND($,#515,.T.);
#90=FACE_BOUND($,#555,.T.);
#91=FACE_BOUND($,#571,.T.);
#92=FACE_BOUND($,#589,.T.);
#93=FACE_BOUND($,#590,.T.);
#94=FACE_BOUND($,#591,.T.);
#95=FACE_BOUND($,#605,.T.);
#96=FACE_BOUND($,#606,.T.);
#97=FACE_BOUND($,#607,.T.);
#98=FACE_BOUND($,#621,.T.);
#99=FACE_BOUND($,#622,.T.);
#100=FACE_BOUND($,#623,.T.);
#101=FACE_BOUND($,#637,.T.);
#102=FACE_BOUND($,#638,.T.);
#103=FACE_BOUND($,#639,.T.);
#104=FACE_BOUND($,#653,.T.);
#105=FACE_BOUND($,#654,.T.);
#106=FACE_BOUND($,#655,.T.);
#107=FACE_BOUND($,#661,.T.);
#108=FACE_BOUND($,#673,.T.);
#109=FACE_BOUND($,#674,.T.);
#110=FACE_BOUND($,#675,.T.);
#111=FACE_BOUND($,#699,.T.);
#112=FACE_BOUND($,#721,.T.);
#113=FACE_BOUND($,#743,.T.);
#114=FACE_BOUND($,#749,.T.);
#115=FACE_BOUND($,#753,.T.);
#116=FACE_BOUND($,#757,.T.);
#117=FACE_BOUND($,#761,.T.);
#118=FACE_BOUND($,#765,.T.);
#119=FACE_BOUND($,#769,.T.);
#120=FACE_BOUND($,#785,.T.);
#121=FACE_BOUND($,#789,.T.);
#122=FACE_BOUND($,#793,.T.);
#123=FACE_BOUND($,#797,.T.);
#124=FACE_BOUND($,#801,.T.);
#125=FACE_BOUND($,#805,.T.);
#126=FACE_BOUND($,#809,.T.);
#127=FACE_BOUND($,#813,.T.);
#128=SHAPE_REPRESENTATION_RELATIONSHIP('SRR','None',#7444,#129);
#129=ADVANCED_BREP_SHAPE_REPRESENTATION($,(#4561,#4562,#4563,#4564,#4565,
#4566,#4567,#4568,#4569,#4570,#4571,#4572,#4573,#4574,#4575,#4576,#4577,
#4578,#4579,#4580,#4581,#4582,#4583,#4584,#4585,#4586,#4587,#4588,#4589,
#4590,#4591,#4592,#4593,#4594,#4595,#4596,#4597,#4598,#4599,#4600,#4601,
#4602,#4603,#4604,#4605,#4606,#4607,#4608,#4609,#4610,#4611,#4612,#4613),
#7438);
#130=STYLED_ITEM($,(#7452),#4561);
#131=STYLED_ITEM($,(#7452),#4562);
#132=STYLED_ITEM($,(#7453),#4563);
#133=STYLED_ITEM($,(#7452),#4564);
#134=STYLED_ITEM($,(#7452),#4565);
#135=STYLED_ITEM($,(#7454),#4566);
#136=STYLED_ITEM($,(#7453),#4567);
#137=STYLED_ITEM($,(#7455),#4568);
#138=STYLED_ITEM($,(#7452),#4569);
#139=STYLED_ITEM($,(#7455),#4570);
#140=STYLED_ITEM($,(#7455),#4571);
#141=STYLED_ITEM($,(#7455),#4572);
#142=STYLED_ITEM($,(#7456),#4573);
#143=STYLED_ITEM($,(#7454),#4574);
#144=STYLED_ITEM($,(#7457),#4575);
#145=STYLED_ITEM($,(#7456),#4576);
#146=STYLED_ITEM($,(#7452),#4577);
#147=STYLED_ITEM($,(#7458),#4578);
#148=STYLED_ITEM($,(#7458),#4579);
#149=STYLED_ITEM($,(#7458),#4580);
#150=STYLED_ITEM($,(#7458),#4581);
#151=STYLED_ITEM($,(#7458),#4582);
#152=STYLED_ITEM($,(#7456),#4583);
#153=STYLED_ITEM($,(#7458),#4584);
#154=STYLED_ITEM($,(#7459),#4585);
#155=STYLED_ITEM($,(#7452),#4586);
#156=STYLED_ITEM($,(#7452),#4587);
#157=STYLED_ITEM($,(#7460),#4588);
#158=STYLED_ITEM($,(#7461),#4589);
#159=STYLED_ITEM($,(#7452),#4590);
#160=STYLED_ITEM($,(#7452),#4591);
#161=STYLED_ITEM($,(#7456),#4592);
#162=STYLED_ITEM($,(#7461),#4593);
#163=STYLED_ITEM($,(#7452),#4594);
#164=STYLED_ITEM($,(#7452),#4595);
#165=STYLED_ITEM($,(#7456),#4596);
#166=STYLED_ITEM($,(#7460),#4597);
#167=STYLED_ITEM($,(#7461),#4598);
#168=STYLED_ITEM($,(#7462),#4599);
#169=STYLED_ITEM($,(#7462),#4600);
#170=STYLED_ITEM($,(#7463),#4601);
#171=STYLED_ITEM($,(#7461),#4602);
#172=STYLED_ITEM($,(#7461),#4603);
#173=STYLED_ITEM($,(#7464),#4604);
#174=STYLED_ITEM($,(#7465),#4605);
#175=STYLED_ITEM($,(#7461),#4606);
#176=STYLED_ITEM($,(#7466),#4607);
#177=STYLED_ITEM($,(#7461),#4608);
#178=STYLED_ITEM($,(#7452),#4609);
#179=STYLED_ITEM($,(#7461),#4610);
#180=STYLED_ITEM($,(#7461),#4611);
#181=STYLED_ITEM($,(#7461),#4612);
#182=STYLED_ITEM($,(#7461),#4613);
#183=FACE_OUTER_BOUND($,#476,.T.);
#184=FACE_OUTER_BOUND($,#477,.T.);
#185=FACE_OUTER_BOUND($,#478,.T.);
#186=FACE_OUTER_BOUND($,#479,.T.);
#187=FACE_OUTER_BOUND($,#480,.T.);
#188=FACE_OUTER_BOUND($,#481,.T.);
#189=FACE_OUTER_BOUND($,#482,.T.);
#190=FACE_OUTER_BOUND($,#483,.T.);
#191=FACE_OUTER_BOUND($,#484,.T.);
#192=FACE_OUTER_BOUND($,#485,.T.);
#193=FACE_OUTER_BOUND($,#486,.T.);
#194=FACE_OUTER_BOUND($,#487,.T.);
#195=FACE_OUTER_BOUND($,#490,.T.);
#196=FACE_OUTER_BOUND($,#491,.T.);
#197=FACE_OUTER_BOUND($,#492,.T.);
#198=FACE_OUTER_BOUND($,#493,.T.);
#199=FACE_OUTER_BOUND($,#494,.T.);
#200=FACE_OUTER_BOUND($,#496,.T.);
#201=FACE_OUTER_BOUND($,#502,.T.);
#202=FACE_OUTER_BOUND($,#503,.T.);
#203=FACE_OUTER_BOUND($,#504,.T.);
#204=FACE_OUTER_BOUND($,#505,.T.);
#205=FACE_OUTER_BOUND($,#506,.T.);
#206=FACE_OUTER_BOUND($,#507,.T.);
#207=FACE_OUTER_BOUND($,#508,.T.);
#208=FACE_OUTER_BOUND($,#509,.T.);
#209=FACE_OUTER_BOUND($,#510,.T.);
#210=FACE_OUTER_BOUND($,#511,.T.);
#211=FACE_OUTER_BOUND($,#512,.T.);
#212=FACE_OUTER_BOUND($,#513,.T.);
#213=FACE_OUTER_BOUND($,#514,.T.);
#214=FACE_OUTER_BOUND($,#516,.T.);
#215=FACE_OUTER_BOUND($,#517,.T.);
#216=FACE_OUTER_BOUND($,#518,.T.);
#217=FACE_OUTER_BOUND($,#519,.T.);
#218=FACE_OUTER_BOUND($,#520,.T.);
#219=FACE_OUTER_BOUND($,#521,.T.);
#220=FACE_OUTER_BOUND($,#522,.T.);
#221=FACE_OUTER_BOUND($,#523,.T.);
#222=FACE_OUTER_BOUND($,#524,.T.);
#223=FACE_OUTER_BOUND($,#525,.T.);
#224=FACE_OUTER_BOUND($,#526,.T.);
#225=FACE_OUTER_BOUND($,#527,.T.);
#226=FACE_OUTER_BOUND($,#528,.T.);
#227=FACE_OUTER_BOUND($,#529,.T.);
#228=FACE_OUTER_BOUND($,#530,.T.);
#229=FACE_OUTER_BOUND($,#531,.T.);
#230=FACE_OUTER_BOUND($,#532,.T.);
#231=FACE_OUTER_BOUND($,#533,.T.);
#232=FACE_OUTER_BOUND($,#534,.T.);
#233=FACE_OUTER_BOUND($,#535,.T.);
#234=FACE_OUTER_BOUND($,#536,.T.);
#235=FACE_OUTER_BOUND($,#537,.T.);
#236=FACE_OUTER_BOUND($,#538,.T.);
#237=FACE_OUTER_BOUND($,#539,.T.);
#238=FACE_OUTER_BOUND($,#540,.T.);
#239=FACE_OUTER_BOUND($,#541,.T.);
#240=FACE_OUTER_BOUND($,#542,.T.);
#241=FACE_OUTER_BOUND($,#543,.T.);
#242=FACE_OUTER_BOUND($,#544,.T.);
#243=FACE_OUTER_BOUND($,#545,.T.);
#244=FACE_OUTER_BOUND($,#546,.T.);
#245=FACE_OUTER_BOUND($,#547,.T.);
#246=FACE_OUTER_BOUND($,#548,.T.);
#247=FACE_OUTER_BOUND($,#549,.T.);
#248=FACE_OUTER_BOUND($,#550,.T.);
#249=FACE_OUTER_BOUND($,#551,.T.);
#250=FACE_OUTER_BOUND($,#552,.T.);
#251=FACE_OUTER_BOUND($,#553,.T.);
#252=FACE_OUTER_BOUND($,#554,.T.);
#253=FACE_OUTER_BOUND($,#556,.T.);
#254=FACE_OUTER_BOUND($,#557,.T.);
#255=FACE_OUTER_BOUND($,#558,.T.);
#256=FACE_OUTER_BOUND($,#559,.T.);
#257=FACE_OUTER_BOUND($,#560,.T.);
#258=FACE_OUTER_BOUND($,#561,.T.);
#259=FACE_OUTER_BOUND($,#562,.T.);
#260=FACE_OUTER_BOUND($,#563,.T.);
#261=FACE_OUTER_BOUND($,#564,.T.);
#262=FACE_OUTER_BOUND($,#565,.T.);
#263=FACE_OUTER_BOUND($,#566,.T.);
#264=FACE_OUTER_BOUND($,#567,.T.);
#265=FACE_OUTER_BOUND($,#568,.T.);
#266=FACE_OUTER_BOUND($,#569,.T.);
#267=FACE_OUTER_BOUND($,#570,.T.);
#268=FACE_OUTER_BOUND($,#572,.T.);
#269=FACE_OUTER_BOUND($,#573,.T.);
#270=FACE_OUTER_BOUND($,#574,.T.);
#271=FACE_OUTER_BOUND($,#575,.T.);
#272=FACE_OUTER_BOUND($,#576,.T.);
#273=FACE_OUTER_BOUND($,#577,.T.);
#274=FACE_OUTER_BOUND($,#578,.T.);
#275=FACE_OUTER_BOUND($,#579,.T.);
#276=FACE_OUTER_BOUND($,#580,.T.);
#277=FACE_OUTER_BOUND($,#581,.T.);
#278=FACE_OUTER_BOUND($,#582,.T.);
#279=FACE_OUTER_BOUND($,#583,.T.);
#280=FACE_OUTER_BOUND($,#584,.T.);
#281=FACE_OUTER_BOUND($,#585,.T.);
#282=FACE_OUTER_BOUND($,#586,.T.);
#283=FACE_OUTER_BOUND($,#587,.T.);
#284=FACE_OUTER_BOUND($,#588,.T.);
#285=FACE_OUTER_BOUND($,#592,.T.);
#286=FACE_OUTER_BOUND($,#593,.T.);
#287=FACE_OUTER_BOUND($,#594,.T.);
#288=FACE_OUTER_BOUND($,#595,.T.);
#289=FACE_OUTER_BOUND($,#596,.T.);
#290=FACE_OUTER_BOUND($,#597,.T.);
#291=FACE_OUTER_BOUND($,#598,.T.);
#292=FACE_OUTER_BOUND($,#599,.T.);
#293=FACE_OUTER_BOUND($,#600,.T.);
#294=FACE_OUTER_BOUND($,#601,.T.);
#295=FACE_OUTER_BOUND($,#602,.T.);
#296=FACE_OUTER_BOUND($,#603,.T.);
#297=FACE_OUTER_BOUND($,#604,.T.);
#298=FACE_OUTER_BOUND($,#608,.T.);
#299=FACE_OUTER_BOUND($,#609,.T.);
#300=FACE_OUTER_BOUND($,#610,.T.);
#301=FACE_OUTER_BOUND($,#611,.T.);
#302=FACE_OUTER_BOUND($,#612,.T.);
#303=FACE_OUTER_BOUND($,#613,.T.);
#304=FACE_OUTER_BOUND($,#614,.T.);
#305=FACE_OUTER_BOUND($,#615,.T.);
#306=FACE_OUTER_BOUND($,#616,.T.);
#307=FACE_OUTER_BOUND($,#617,.T.);
#308=FACE_OUTER_BOUND($,#618,.T.);
#309=FACE_OUTER_BOUND($,#619,.T.);
#310=FACE_OUTER_BOUND($,#620,.T.);
#311=FACE_OUTER_BOUND($,#624,.T.);
#312=FACE_OUTER_BOUND($,#625,.T.);
#313=FACE_OUTER_BOUND($,#626,.T.);
#314=FACE_OUTER_BOUND($,#627,.T.);
#315=FACE_OUTER_BOUND($,#628,.T.);
#316=FACE_OUTER_BOUND($,#629,.T.);
#317=FACE_OUTER_BOUND($,#630,.T.);
#318=FACE_OUTER_BOUND($,#631,.T.);
#319=FACE_OUTER_BOUND($,#632,.T.);
#320=FACE_OUTER_BOUND($,#633,.T.);
#321=FACE_OUTER_BOUND($,#634,.T.);
#322=FACE_OUTER_BOUND($,#635,.T.);
#323=FACE_OUTER_BOUND($,#636,.T.);
#324=FACE_OUTER_BOUND($,#640,.T.);
#325=FACE_OUTER_BOUND($,#641,.T.);
#326=FACE_OUTER_BOUND($,#642,.T.);
#327=FACE_OUTER_BOUND($,#643,.T.);
#328=FACE_OUTER_BOUND($,#644,.T.);
#329=FACE_OUTER_BOUND($,#645,.T.);
#330=FACE_OUTER_BOUND($,#646,.T.);
#331=FACE_OUTER_BOUND($,#647,.T.);
#332=FACE_OUTER_BOUND($,#648,.T.);
#333=FACE_OUTER_BOUND($,#649,.T.);
#334=FACE_OUTER_BOUND($,#650,.T.);
#335=FACE_OUTER_BOUND($,#651,.T.);
#336=FACE_OUTER_BOUND($,#652,.T.);
#337=FACE_OUTER_BOUND($,#656,.T.);
#338=FACE_OUTER_BOUND($,#657,.T.);
#339=FACE_OUTER_BOUND($,#658,.T.);
#340=FACE_OUTER_BOUND($,#659,.T.);
#341=FACE_OUTER_BOUND($,#660,.T.);
#342=FACE_OUTER_BOUND($,#662,.T.);
#343=FACE_OUTER_BOUND($,#663,.T.);
#344=FACE_OUTER_BOUND($,#664,.T.);
#345=FACE_OUTER_BOUND($,#665,.T.);
#346=FACE_OUTER_BOUND($,#666,.T.);
#347=FACE_OUTER_BOUND($,#667,.T.);
#348=FACE_OUTER_BOUND($,#668,.T.);
#349=FACE_OUTER_BOUND($,#669,.T.);
#350=FACE_OUTER_BOUND($,#670,.T.);
#351=FACE_OUTER_BOUND($,#671,.T.);
#352=FACE_OUTER_BOUND($,#672,.T.);
#353=FACE_OUTER_BOUND($,#676,.T.);
#354=FACE_OUTER_BOUND($,#677,.T.);
#355=FACE_OUTER_BOUND($,#678,.T.);
#356=FACE_OUTER_BOUND($,#679,.T.);
#357=FACE_OUTER_BOUND($,#680,.T.);
#358=FACE_OUTER_BOUND($,#681,.T.);
#359=FACE_OUTER_BOUND($,#682,.T.);
#360=FACE_OUTER_BOUND($,#683,.T.);
#361=FACE_OUTER_BOUND($,#684,.T.);
#362=FACE_OUTER_BOUND($,#685,.T.);
#363=FACE_OUTER_BOUND($,#686,.T.);
#364=FACE_OUTER_BOUND($,#687,.T.);
#365=FACE_OUTER_BOUND($,#688,.T.);
#366=FACE_OUTER_BOUND($,#689,.T.);
#367=FACE_OUTER_BOUND($,#690,.T.);
#368=FACE_OUTER_BOUND($,#691,.T.);
#369=FACE_OUTER_BOUND($,#692,.T.);
#370=FACE_OUTER_BOUND($,#693,.T.);
#371=FACE_OUTER_BOUND($,#694,.T.);
#372=FACE_OUTER_BOUND($,#695,.T.);
#373=FACE_OUTER_BOUND($,#696,.T.);
#374=FACE_OUTER_BOUND($,#697,.T.);
#375=FACE_OUTER_BOUND($,#698,.T.);
#376=FACE_OUTER_BOUND($,#700,.T.);
#377=FACE_OUTER_BOUND($,#701,.T.);
#378=FACE_OUTER_BOUND($,#702,.T.);
#379=FACE_OUTER_BOUND($,#703,.T.);
#380=FACE_OUTER_BOUND($,#704,.T.);
#381=FACE_OUTER_BOUND($,#705,.T.);
#382=FACE_OUTER_BOUND($,#706,.T.);
#383=FACE_OUTER_BOUND($,#707,.T.);
#384=FACE_OUTER_BOUND($,#708,.T.);
#385=FACE_OUTER_BOUND($,#709,.T.);
#386=FACE_OUTER_BOUND($,#710,.T.);
#387=FACE_OUTER_BOUND($,#711,.T.);
#388=FACE_OUTER_BOUND($,#712,.T.);
#389=FACE_OUTER_BOUND($,#713,.T.);
#390=FACE_OUTER_BOUND($,#714,.T.);
#391=FACE_OUTER_BOUND($,#715,.T.);
#392=FACE_OUTER_BOUND($,#716,.T.);
#393=FACE_OUTER_BOUND($,#717,.T.);
#394=FACE_OUTER_BOUND($,#718,.T.);
#395=FACE_OUTER_BOUND($,#719,.T.);
#396=FACE_OUTER_BOUND($,#720,.T.);
#397=FACE_OUTER_BOUND($,#722,.T.);
#398=FACE_OUTER_BOUND($,#723,.T.);
#399=FACE_OUTER_BOUND($,#724,.T.);
#400=FACE_OUTER_BOUND($,#725,.T.);
#401=FACE_OUTER_BOUND($,#726,.T.);
#402=FACE_OUTER_BOUND($,#727,.T.);
#403=FACE_OUTER_BOUND($,#728,.T.);
#404=FACE_OUTER_BOUND($,#729,.T.);
#405=FACE_OUTER_BOUND($,#730,.T.);
#406=FACE_OUTER_BOUND($,#731,.T.);
#407=FACE_OUTER_BOUND($,#732,.T.);
#408=FACE_OUTER_BOUND($,#733,.T.);
#409=FACE_OUTER_BOUND($,#734,.T.);
#410=FACE_OUTER_BOUND($,#735,.T.);
#411=FACE_OUTER_BOUND($,#736,.T.);
#412=FACE_OUTER_BOUND($,#737,.T.);
#413=FACE_OUTER_BOUND($,#738,.T.);
#414=FACE_OUTER_BOUND($,#739,.T.);
#415=FACE_OUTER_BOUND($,#740,.T.);
#416=FACE_OUTER_BOUND($,#741,.T.);
#417=FACE_OUTER_BOUND($,#742,.T.);
#418=FACE_OUTER_BOUND($,#744,.T.);
#419=FACE_OUTER_BOUND($,#745,.T.);
#420=FACE_OUTER_BOUND($,#746,.T.);
#421=FACE_OUTER_BOUND($,#747,.T.);
#422=FACE_OUTER_BOUND($,#748,.T.);
#423=FACE_OUTER_BOUND($,#750,.T.);
#424=FACE_OUTER_BOUND($,#751,.T.);
#425=FACE_OUTER_BOUND($,#752,.T.);
#426=FACE_OUTER_BOUND($,#754,.T.);
#427=FACE_OUTER_BOUND($,#755,.T.);
#428=FACE_OUTER_BOUND($,#756,.T.);
#429=FACE_OUTER_BOUND($,#758,.T.);
#430=FACE_OUTER_BOUND($,#759,.T.);
#431=FACE_OUTER_BOUND($,#760,.T.);
#432=FACE_OUTER_BOUND($,#762,.T.);
#433=FACE_OUTER_BOUND($,#763,.T.);
#434=FACE_OUTER_BOUND($,#764,.T.);
#435=FACE_OUTER_BOUND($,#766,.T.);
#436=FACE_OUTER_BOUND($,#767,.T.);
#437=FACE_OUTER_BOUND($,#768,.T.);
#438=FACE_OUTER_BOUND($,#770,.T.);
#439=FACE_OUTER_BOUND($,#771,.T.);
#440=FACE_OUTER_BOUND($,#772,.T.);
#441=FACE_OUTER_BOUND($,#773,.T.);
#442=FACE_OUTER_BOUND($,#774,.T.);
#443=FACE_OUTER_BOUND($,#775,.T.);
#444=FACE_OUTER_BOUND($,#776,.T.);
#445=FACE_OUTER_BOUND($,#777,.T.);
#446=FACE_OUTER_BOUND($,#778,.T.);
#447=FACE_OUTER_BOUND($,#779,.T.);
#448=FACE_OUTER_BOUND($,#780,.T.);
#449=FACE_OUTER_BOUND($,#781,.T.);
#450=FACE_OUTER_BOUND($,#782,.T.);
#451=FACE_OUTER_BOUND($,#783,.T.);
#452=FACE_OUTER_BOUND($,#784,.T.);
#453=FACE_OUTER_BOUND($,#786,.T.);
#454=FACE_OUTER_BOUND($,#787,.T.);
#455=FACE_OUTER_BOUND($,#788,.T.);
#456=FACE_OUTER_BOUND($,#790,.T.);
#457=FACE_OUTER_BOUND($,#791,.T.);
#458=FACE_OUTER_BOUND($,#792,.T.);
#459=FACE_OUTER_BOUND($,#794,.T.);
#460=FACE_OUTER_BOUND($,#795,.T.);
#461=FACE_OUTER_BOUND($,#796,.T.);
#462=FACE_OUTER_BOUND($,#798,.T.);
#463=FACE_OUTER_BOUND($,#799,.T.);
#464=FACE_OUTER_BOUND($,#800,.T.);
#465=FACE_OUTER_BOUND($,#802,.T.);
#466=FACE_OUTER_BOUND($,#803,.T.);
#467=FACE_OUTER_BOUND($,#804,.T.);
#468=FACE_OUTER_BOUND($,#806,.T.);
#469=FACE_OUTER_BOUND($,#807,.T.);
#470=FACE_OUTER_BOUND($,#808,.T.);
#471=FACE_OUTER_BOUND($,#810,.T.);
#472=FACE_OUTER_BOUND($,#811,.T.);
#473=FACE_OUTER_BOUND($,#812,.T.);
#474=FACE_OUTER_BOUND($,#814,.T.);
#475=FACE_OUTER_BOUND($,#815,.T.);
#476=EDGE_LOOP($,(#2802,#2803,#2804,#2805));
#477=EDGE_LOOP($,(#2806,#2807,#2808,#2809));
#478=EDGE_LOOP($,(#2810,#2811,#2812,#2813));
#479=EDGE_LOOP($,(#2814,#2815,#2816,#2817));
#480=EDGE_LOOP($,(#2818,#2819,#2820,#2821));
#481=EDGE_LOOP($,(#2822,#2823,#2824,#2825));
#482=EDGE_LOOP($,(#2826,#2827,#2828,#2829));
#483=EDGE_LOOP($,(#2830,#2831,#2832,#2833));
#484=EDGE_LOOP($,(#2834,#2835,#2836,#2837));
#485=EDGE_LOOP($,(#2838,#2839,#2840,#2841));
#486=EDGE_LOOP($,(#2842,#2843,#2844,#2845));
#487=EDGE_LOOP($,(#2846,#2847,#2848,#2849));
#488=EDGE_LOOP($,(#2850,#2851,#2852,#2853));
#489=EDGE_LOOP($,(#2854,#2855,#2856,#2857));
#490=EDGE_LOOP($,(#2858,#2859,#2860,#2861));
#491=EDGE_LOOP($,(#2862,#2863,#2864,#2865));
#492=EDGE_LOOP($,(#2866,#2867,#2868,#2869));
#493=EDGE_LOOP($,(#2870,#2871,#2872,#2873));
#494=EDGE_LOOP($,(#2874));
#495=EDGE_LOOP($,(#2875));
#496=EDGE_LOOP($,(#2876));
#497=EDGE_LOOP($,(#2877));
#498=EDGE_LOOP($,(#2878));
#499=EDGE_LOOP($,(#2879));
#500=EDGE_LOOP($,(#2880));
#501=EDGE_LOOP($,(#2881));
#502=EDGE_LOOP($,(#2882,#2883,#2884,#2885));
#503=EDGE_LOOP($,(#2886,#2887,#2888,#2889));
#504=EDGE_LOOP($,(#2890,#2891,#2892,#2893));
#505=EDGE_LOOP($,(#2894,#2895,#2896,#2897));
#506=EDGE_LOOP($,(#2898,#2899,#2900,#2901));
#507=EDGE_LOOP($,(#2902,#2903,#2904,#2905));
#508=EDGE_LOOP($,(#2906,#2907,#2908,#2909));
#509=EDGE_LOOP($,(#2910,#2911,#2912,#2913));
#510=EDGE_LOOP($,(#2914,#2915,#2916,#2917));
#511=EDGE_LOOP($,(#2918,#2919,#2920,#2921));
#512=EDGE_LOOP($,(#2922,#2923,#2924,#2925));
#513=EDGE_LOOP($,(#2926,#2927,#2928,#2929));
#514=EDGE_LOOP($,(#2930));
#515=EDGE_LOOP($,(#2931));
#516=EDGE_LOOP($,(#2932));
#517=EDGE_LOOP($,(#2933));
#518=EDGE_LOOP($,(#2934,#2935,#2936,#2937));
#519=EDGE_LOOP($,(#2938,#2939,#2940,#2941));
#520=EDGE_LOOP($,(#2942,#2943,#2944,#2945));
#521=EDGE_LOOP($,(#2946,#2947,#2948,#2949));
#522=EDGE_LOOP($,(#2950,#2951,#2952,#2953));
#523=EDGE_LOOP($,(#2954,#2955,#2956,#2957));
#524=EDGE_LOOP($,(#2958,#2959,#2960,#2961));
#525=EDGE_LOOP($,(#2962,#2963,#2964,#2965));
#526=EDGE_LOOP($,(#2966,#2967,#2968,#2969));
#527=EDGE_LOOP($,(#2970,#2971,#2972,#2973));
#528=EDGE_LOOP($,(#2974,#2975,#2976,#2977));
#529=EDGE_LOOP($,(#2978,#2979,#2980,#2981));
#530=EDGE_LOOP($,(#2982,#2983,#2984,#2985));
#531=EDGE_LOOP($,(#2986,#2987,#2988,#2989));
#532=EDGE_LOOP($,(#2990,#2991,#2992,#2993));
#533=EDGE_LOOP($,(#2994,#2995,#2996,#2997));
#534=EDGE_LOOP($,(#2998,#2999,#3000,#3001));
#535=EDGE_LOOP($,(#3002,#3003,#3004,#3005));
#536=EDGE_LOOP($,(#3006,#3007,#3008,#3009));
#537=EDGE_LOOP($,(#3010,#3011,#3012,#3013));
#538=EDGE_LOOP($,(#3014,#3015,#3016,#3017));
#539=EDGE_LOOP($,(#3018,#3019,#3020,#3021));
#540=EDGE_LOOP($,(#3022,#3023,#3024,#3025));
#541=EDGE_LOOP($,(#3026,#3027,#3028,#3029));
#542=EDGE_LOOP($,(#3030,#3031,#3032,#3033));
#543=EDGE_LOOP($,(#3034,#3035,#3036,#3037));
#544=EDGE_LOOP($,(#3038,#3039,#3040,#3041));
#545=EDGE_LOOP($,(#3042,#3043,#3044,#3045));
#546=EDGE_LOOP($,(#3046,#3047,#3048,#3049));
#547=EDGE_LOOP($,(#3050,#3051,#3052,#3053));
#548=EDGE_LOOP($,(#3054,#3055,#3056,#3057));
#549=EDGE_LOOP($,(#3058,#3059,#3060,#3061));
#550=EDGE_LOOP($,(#3062,#3063,#3064,#3065));
#551=EDGE_LOOP($,(#3066,#3067,#3068,#3069));
#552=EDGE_LOOP($,(#3070,#3071,#3072,#3073));
#553=EDGE_LOOP($,(#3074,#3075,#3076,#3077));
#554=EDGE_LOOP($,(#3078));
#555=EDGE_LOOP($,(#3079));
#556=EDGE_LOOP($,(#3080));
#557=EDGE_LOOP($,(#3081));
#558=EDGE_LOOP($,(#3082,#3083,#3084,#3085));
#559=EDGE_LOOP($,(#3086,#3087,#3088,#3089));
#560=EDGE_LOOP($,(#3090,#3091,#3092,#3093));
#561=EDGE_LOOP($,(#3094,#3095,#3096,#3097));
#562=EDGE_LOOP($,(#3098,#3099,#3100,#3101));
#563=EDGE_LOOP($,(#3102,#3103,#3104,#3105));
#564=EDGE_LOOP($,(#3106,#3107,#3108,#3109));
#565=EDGE_LOOP($,(#3110,#3111,#3112,#3113));
#566=EDGE_LOOP($,(#3114,#3115,#3116,#3117));
#567=EDGE_LOOP($,(#3118,#3119,#3120,#3121));
#568=EDGE_LOOP($,(#3122,#3123,#3124,#3125));
#569=EDGE_LOOP($,(#3126,#3127,#3128,#3129));
#570=EDGE_LOOP($,(#3130));
#571=EDGE_LOOP($,(#3131));
#572=EDGE_LOOP($,(#3132));
#573=EDGE_LOOP($,(#3133));
#574=EDGE_LOOP($,(#3134,#3135,#3136,#3137));
#575=EDGE_LOOP($,(#3138,#3139,#3140,#3141));
#576=EDGE_LOOP($,(#3142,#3143,#3144,#3145));
#577=EDGE_LOOP($,(#3146,#3147,#3148,#3149));
#578=EDGE_LOOP($,(#3150,#3151,#3152,#3153));
#579=EDGE_LOOP($,(#3154,#3155,#3156,#3157));
#580=EDGE_LOOP($,(#3158,#3159,#3160,#3161));
#581=EDGE_LOOP($,(#3162,#3163,#3164,#3165));
#582=EDGE_LOOP($,(#3166,#3167,#3168,#3169));
#583=EDGE_LOOP($,(#3170,#3171,#3172,#3173));
#584=EDGE_LOOP($,(#3174,#3175,#3176,#3177));
#585=EDGE_LOOP($,(#3178,#3179,#3180,#3181,#3182,#3183,#3184,#3185));
#586=EDGE_LOOP($,(#3186,#3187,#3188,#3189));
#587=EDGE_LOOP($,(#3190,#3191,#3192,#3193,#3194,#3195,#3196,#3197));
#588=EDGE_LOOP($,(#3198,#3199,#3200,#3201));
#589=EDGE_LOOP($,(#3202,#3203,#3204,#3205));
#590=EDGE_LOOP($,(#3206,#3207,#3208,#3209));
#591=EDGE_LOOP($,(#3210,#3211,#3212,#3213));
#592=EDGE_LOOP($,(#3214,#3215,#3216,#3217));
#593=EDGE_LOOP($,(#3218,#3219,#3220,#3221));
#594=EDGE_LOOP($,(#3222,#3223,#3224,#3225));
#595=EDGE_LOOP($,(#3226,#3227,#3228,#3229));
#596=EDGE_LOOP($,(#3230,#3231,#3232,#3233));
#597=EDGE_LOOP($,(#3234,#3235,#3236,#3237));
#598=EDGE_LOOP($,(#3238,#3239,#3240,#3241));
#599=EDGE_LOOP($,(#3242,#3243,#3244,#3245));
#600=EDGE_LOOP($,(#3246,#3247,#3248,#3249));
#601=EDGE_LOOP($,(#3250,#3251,#3252,#3253,#3254,#3255,#3256,#3257));
#602=EDGE_LOOP($,(#3258,#3259,#3260,#3261));
#603=EDGE_LOOP($,(#3262,#3263,#3264,#3265,#3266,#3267,#3268,#3269));
#604=EDGE_LOOP($,(#3270,#3271,#3272,#3273));
#605=EDGE_LOOP($,(#3274,#3275,#3276,#3277));
#606=EDGE_LOOP($,(#3278,#3279,#3280,#3281));
#607=EDGE_LOOP($,(#3282,#3283,#3284,#3285));
#608=EDGE_LOOP($,(#3286,#3287,#3288,#3289));
#609=EDGE_LOOP($,(#3290,#3291,#3292,#3293));
#610=EDGE_LOOP($,(#3294,#3295,#3296,#3297));
#611=EDGE_LOOP($,(#3298,#3299,#3300,#3301));
#612=EDGE_LOOP($,(#3302,#3303,#3304,#3305));
#613=EDGE_LOOP($,(#3306,#3307,#3308,#3309));
#614=EDGE_LOOP($,(#3310,#3311,#3312,#3313));
#615=EDGE_LOOP($,(#3314,#3315,#3316,#3317));
#616=EDGE_LOOP($,(#3318,#3319,#3320,#3321));
#617=EDGE_LOOP($,(#3322,#3323,#3324,#3325,#3326,#3327,#3328,#3329));
#618=EDGE_LOOP($,(#3330,#3331,#3332,#3333));
#619=EDGE_LOOP($,(#3334,#3335,#3336,#3337,#3338,#3339,#3340,#3341));
#620=EDGE_LOOP($,(#3342,#3343,#3344,#3345));
#621=EDGE_LOOP($,(#3346,#3347,#3348,#3349));
#622=EDGE_LOOP($,(#3350,#3351,#3352,#3353));
#623=EDGE_LOOP($,(#3354,#3355,#3356,#3357));
#624=EDGE_LOOP($,(#3358,#3359,#3360,#3361));
#625=EDGE_LOOP($,(#3362,#3363,#3364,#3365));
#626=EDGE_LOOP($,(#3366,#3367,#3368,#3369));
#627=EDGE_LOOP($,(#3370,#3371,#3372,#3373));
#628=EDGE_LOOP($,(#3374,#3375,#3376,#3377));
#629=EDGE_LOOP($,(#3378,#3379,#3380,#3381));
#630=EDGE_LOOP($,(#3382,#3383,#3384,#3385));
#631=EDGE_LOOP($,(#3386,#3387,#3388,#3389));
#632=EDGE_LOOP($,(#3390,#3391,#3392,#3393));
#633=EDGE_LOOP($,(#3394,#3395,#3396,#3397,#3398,#3399,#3400,#3401));
#634=EDGE_LOOP($,(#3402,#3403,#3404,#3405));
#635=EDGE_LOOP($,(#3406,#3407,#3408,#3409,#3410,#3411,#3412,#3413));
#636=EDGE_LOOP($,(#3414,#3415,#3416,#3417));
#637=EDGE_LOOP($,(#3418,#3419,#3420,#3421));
#638=EDGE_LOOP($,(#3422,#3423,#3424,#3425));
#639=EDGE_LOOP($,(#3426,#3427,#3428,#3429));
#640=EDGE_LOOP($,(#3430,#3431,#3432,#3433));
#641=EDGE_LOOP($,(#3434,#3435,#3436,#3437));
#642=EDGE_LOOP($,(#3438,#3439,#3440,#3441));
#643=EDGE_LOOP($,(#3442,#3443,#3444,#3445));
#644=EDGE_LOOP($,(#3446,#3447,#3448,#3449));
#645=EDGE_LOOP($,(#3450,#3451,#3452,#3453));
#646=EDGE_LOOP($,(#3454,#3455,#3456,#3457));
#647=EDGE_LOOP($,(#3458,#3459,#3460,#3461));
#648=EDGE_LOOP($,(#3462,#3463,#3464,#3465));
#649=EDGE_LOOP($,(#3466,#3467,#3468,#3469,#3470,#3471,#3472,#3473));
#650=EDGE_LOOP($,(#3474,#3475,#3476,#3477));
#651=EDGE_LOOP($,(#3478,#3479,#3480,#3481,#3482,#3483,#3484,#3485));
#652=EDGE_LOOP($,(#3486,#3487,#3488,#3489));
#653=EDGE_LOOP($,(#3490,#3491,#3492,#3493));
#654=EDGE_LOOP($,(#3494,#3495,#3496,#3497));
#655=EDGE_LOOP($,(#3498,#3499,#3500,#3501));
#656=EDGE_LOOP($,(#3502,#3503,#3504,#3505));
#657=EDGE_LOOP($,(#3506,#3507,#3508,#3509));
#658=EDGE_LOOP($,(#3510,#3511,#3512,#3513));
#659=EDGE_LOOP($,(#3514,#3515,#3516,#3517));
#660=EDGE_LOOP($,(#3518));
#661=EDGE_LOOP($,(#3519));
#662=EDGE_LOOP($,(#3520));
#663=EDGE_LOOP($,(#3521));
#664=EDGE_LOOP($,(#3522,#3523,#3524,#3525));
#665=EDGE_LOOP($,(#3526,#3527,#3528,#3529));
#666=EDGE_LOOP($,(#3530,#3531,#3532,#3533));
#667=EDGE_LOOP($,(#3534,#3535,#3536,#3537));
#668=EDGE_LOOP($,(#3538,#3539,#3540,#3541));
#669=EDGE_LOOP($,(#3542,#3543,#3544,#3545,#3546,#3547,#3548,#3549));
#670=EDGE_LOOP($,(#3550,#3551,#3552,#3553));
#671=EDGE_LOOP($,(#3554,#3555,#3556,#3557,#3558,#3559,#3560,#3561));
#672=EDGE_LOOP($,(#3562,#3563,#3564,#3565));
#673=EDGE_LOOP($,(#3566,#3567,#3568,#3569));
#674=EDGE_LOOP($,(#3570,#3571,#3572,#3573));
#675=EDGE_LOOP($,(#3574,#3575,#3576,#3577));
#676=EDGE_LOOP($,(#3578,#3579,#3580,#3581));
#677=EDGE_LOOP($,(#3582,#3583,#3584,#3585));
#678=EDGE_LOOP($,(#3586,#3587,#3588,#3589));
#679=EDGE_LOOP($,(#3590,#3591,#3592,#3593));
#680=EDGE_LOOP($,(#3594,#3595,#3596,#3597));
#681=EDGE_LOOP($,(#3598,#3599,#3600,#3601));
#682=EDGE_LOOP($,(#3602,#3603,#3604,#3605));
#683=EDGE_LOOP($,(#3606,#3607,#3608,#3609));
#684=EDGE_LOOP($,(#3610,#3611,#3612,#3613));
#685=EDGE_LOOP($,(#3614,#3615,#3616,#3617));
#686=EDGE_LOOP($,(#3618,#3619,#3620,#3621));
#687=EDGE_LOOP($,(#3622,#3623,#3624,#3625));
#688=EDGE_LOOP($,(#3626,#3627,#3628,#3629));
#689=EDGE_LOOP($,(#3630,#3631,#3632,#3633));
#690=EDGE_LOOP($,(#3634,#3635,#3636,#3637));
#691=EDGE_LOOP($,(#3638,#3639,#3640,#3641));
#692=EDGE_LOOP($,(#3642,#3643,#3644,#3645));
#693=EDGE_LOOP($,(#3646,#3647,#3648,#3649));
#694=EDGE_LOOP($,(#3650,#3651,#3652,#3653));
#695=EDGE_LOOP($,(#3654,#3655,#3656,#3657));
#696=EDGE_LOOP($,(#3658,#3659,#3660,#3661));
#697=EDGE_LOOP($,(#3662,#3663,#3664,#3665));
#698=EDGE_LOOP($,(#3666));
#699=EDGE_LOOP($,(#3667));
#700=EDGE_LOOP($,(#3668));
#701=EDGE_LOOP($,(#3669));
#702=EDGE_LOOP($,(#3670,#3671,#3672,#3673));
#703=EDGE_LOOP($,(#3674,#3675,#3676,#3677));
#704=EDGE_LOOP($,(#3678,#3679,#3680,#3681));
#705=EDGE_LOOP($,(#3682,#3683,#3684,#3685));
#706=EDGE_LOOP($,(#3686,#3687,#3688,#3689));
#707=EDGE_LOOP($,(#3690,#3691,#3692,#3693));
#708=EDGE_LOOP($,(#3694,#3695,#3696,#3697));
#709=EDGE_LOOP($,(#3698,#3699,#3700,#3701));
#710=EDGE_LOOP($,(#3702,#3703,#3704,#3705));
#711=EDGE_LOOP($,(#3706,#3707,#3708,#3709));
#712=EDGE_LOOP($,(#3710,#3711,#3712,#3713));
#713=EDGE_LOOP($,(#3714,#3715,#3716,#3717));
#714=EDGE_LOOP($,(#3718,#3719,#3720,#3721));
#715=EDGE_LOOP($,(#3722,#3723,#3724,#3725));
#716=EDGE_LOOP($,(#3726,#3727,#3728,#3729));
#717=EDGE_LOOP($,(#3730,#3731,#3732,#3733));
#718=EDGE_LOOP($,(#3734,#3735,#3736,#3737));
#719=EDGE_LOOP($,(#3738,#3739,#3740,#3741));
#720=EDGE_LOOP($,(#3742));
#721=EDGE_LOOP($,(#3743));
#722=EDGE_LOOP($,(#3744));
#723=EDGE_LOOP($,(#3745));
#724=EDGE_LOOP($,(#3746,#3747,#3748,#3749));
#725=EDGE_LOOP($,(#3750,#3751,#3752,#3753));
#726=EDGE_LOOP($,(#3754,#3755,#3756,#3757));
#727=EDGE_LOOP($,(#3758,#3759,#3760,#3761));
#728=EDGE_LOOP($,(#3762,#3763,#3764,#3765));
#729=EDGE_LOOP($,(#3766,#3767,#3768,#3769));
#730=EDGE_LOOP($,(#3770,#3771,#3772,#3773));
#731=EDGE_LOOP($,(#3774,#3775,#3776,#3777));
#732=EDGE_LOOP($,(#3778,#3779,#3780,#3781));
#733=EDGE_LOOP($,(#3782,#3783,#3784,#3785));
#734=EDGE_LOOP($,(#3786,#3787,#3788,#3789));
#735=EDGE_LOOP($,(#3790,#3791,#3792,#3793));
#736=EDGE_LOOP($,(#3794,#3795,#3796,#3797));
#737=EDGE_LOOP($,(#3798,#3799,#3800,#3801));
#738=EDGE_LOOP($,(#3802,#3803,#3804,#3805));
#739=EDGE_LOOP($,(#3806,#3807,#3808,#3809));
#740=EDGE_LOOP($,(#3810,#3811,#3812,#3813));
#741=EDGE_LOOP($,(#3814,#3815,#3816,#3817));
#742=EDGE_LOOP($,(#3818));
#743=EDGE_LOOP($,(#3819));
#744=EDGE_LOOP($,(#3820));
#745=EDGE_LOOP($,(#3821));
#746=EDGE_LOOP($,(#3822));
#747=EDGE_LOOP($,(#3823));
#748=EDGE_LOOP($,(#3824));
#749=EDGE_LOOP($,(#3825));
#750=EDGE_LOOP($,(#3826));
#751=EDGE_LOOP($,(#3827));
#752=EDGE_LOOP($,(#3828));
#753=EDGE_LOOP($,(#3829));
#754=EDGE_LOOP($,(#3830));
#755=EDGE_LOOP($,(#3831));
#756=EDGE_LOOP($,(#3832));
#757=EDGE_LOOP($,(#3833));
#758=EDGE_LOOP($,(#3834));
#759=EDGE_LOOP($,(#3835));
#760=EDGE_LOOP($,(#3836));
#761=EDGE_LOOP($,(#3837));
#762=EDGE_LOOP($,(#3838));
#763=EDGE_LOOP($,(#3839));
#764=EDGE_LOOP($,(#3840));
#765=EDGE_LOOP($,(#3841));
#766=EDGE_LOOP($,(#3842));
#767=EDGE_LOOP($,(#3843));
#768=EDGE_LOOP($,(#3844));
#769=EDGE_LOOP($,(#3845));
#770=EDGE_LOOP($,(#3846));
#771=EDGE_LOOP($,(#3847));
#772=EDGE_LOOP($,(#3848,#3849,#3850,#3851));
#773=EDGE_LOOP($,(#3852,#3853,#3854,#3855));
#774=EDGE_LOOP($,(#3856,#3857,#3858,#3859));
#775=EDGE_LOOP($,(#3860,#3861,#3862,#3863));
#776=EDGE_LOOP($,(#3864,#3865,#3866,#3867));
#777=EDGE_LOOP($,(#3868,#3869,#3870,#3871));
#778=EDGE_LOOP($,(#3872,#3873,#3874,#3875));
#779=EDGE_LOOP($,(#3876,#3877,#3878,#3879));
#780=EDGE_LOOP($,(#3880,#3881,#3882,#3883));
#781=EDGE_LOOP($,(#3884,#3885,#3886,#3887));
#782=EDGE_LOOP($,(#3888,#3889,#3890,#3891));
#783=EDGE_LOOP($,(#3892,#3893,#3894,#3895));
#784=EDGE_LOOP($,(#3896));
#785=EDGE_LOOP($,(#3897));
#786=EDGE_LOOP($,(#3898));
#787=EDGE_LOOP($,(#3899));
#788=EDGE_LOOP($,(#3900));
#789=EDGE_LOOP($,(#3901));
#790=EDGE_LOOP($,(#3902));
#791=EDGE_LOOP($,(#3903));
#792=EDGE_LOOP($,(#3904));
#793=EDGE_LOOP($,(#3905));
#794=EDGE_LOOP($,(#3906));
#795=EDGE_LOOP($,(#3907));
#796=EDGE_LOOP($,(#3908));
#797=EDGE_LOOP($,(#3909));
#798=EDGE_LOOP($,(#3910));
#799=EDGE_LOOP($,(#3911));
#800=EDGE_LOOP($,(#3912));
#801=EDGE_LOOP($,(#3913));
#802=EDGE_LOOP($,(#3914));
#803=EDGE_LOOP($,(#3915));
#804=EDGE_LOOP($,(#3916));
#805=EDGE_LOOP($,(#3917));
#806=EDGE_LOOP($,(#3918));
#807=EDGE_LOOP($,(#3919));
#808=EDGE_LOOP($,(#3920));
#809=EDGE_LOOP($,(#3921));
#810=EDGE_LOOP($,(#3922));
#811=EDGE_LOOP($,(#3923));
#812=EDGE_LOOP($,(#3924));
#813=EDGE_LOOP($,(#3925));
#814=EDGE_LOOP($,(#3926));
#815=EDGE_LOOP($,(#3927));
#816=LINE($,#6184,#1332);
#817=LINE($,#6186,#1333);
#818=LINE($,#6188,#1334);
#819=LINE($,#6189,#1335);
#820=LINE($,#6192,#1336);
#821=LINE($,#6194,#1337);
#822=LINE($,#6195,#1338);
#823=LINE($,#6198,#1339);
#824=LINE($,#6200,#1340);
#825=LINE($,#6201,#1341);
#826=LINE($,#6203,#1342);
#827=LINE($,#6204,#1343);
#828=LINE($,#6210,#1344);
#829=LINE($,#6212,#1345);
#830=LINE($,#6214,#1346);
#831=LINE($,#6215,#1347);
#832=LINE($,#6218,#1348);
#833=LINE($,#6220,#1349);
#834=LINE($,#6221,#1350);
#835=LINE($,#6224,#1351);
#836=LINE($,#6226,#1352);
#837=LINE($,#6227,#1353);
#838=LINE($,#6229,#1354);
#839=LINE($,#6231,#1355);
#840=LINE($,#6235,#1356);
#841=LINE($,#6237,#1357);
#842=LINE($,#6239,#1358);
#843=LINE($,#6240,#1359);
#844=LINE($,#6243,#1360);
#845=LINE($,#6245,#1361);
#846=LINE($,#6246,#1362);
#847=LINE($,#6249,#1363);
#848=LINE($,#6251,#1364);
#849=LINE($,#6252,#1365);
#850=LINE($,#6254,#1366);
#851=LINE($,#6255,#1367);
#852=LINE($,#6273,#1368);
#853=LINE($,#6275,#1369);
#854=LINE($,#6277,#1370);
#855=LINE($,#6278,#1371);
#856=LINE($,#6281,#1372);
#857=LINE($,#6283,#1373);
#858=LINE($,#6284,#1374);
#859=LINE($,#6287,#1375);
#860=LINE($,#6289,#1376);
#861=LINE($,#6290,#1377);
#862=LINE($,#6292,#1378);
#863=LINE($,#6293,#1379);
#864=LINE($,#6299,#1380);
#865=LINE($,#6301,#1381);
#866=LINE($,#6303,#1382);
#867=LINE($,#6304,#1383);
#868=LINE($,#6307,#1384);
#869=LINE($,#6309,#1385);
#870=LINE($,#6310,#1386);
#871=LINE($,#6313,#1387);
#872=LINE($,#6315,#1388);
#873=LINE($,#6316,#1389);
#874=LINE($,#6318,#1390);
#875=LINE($,#6319,#1391);
#876=LINE($,#6332,#1392);
#877=LINE($,#6334,#1393);
#878=LINE($,#6336,#1394);
#879=LINE($,#6337,#1395);
#880=LINE($,#6341,#1396);
#881=LINE($,#6342,#1397);
#882=LINE($,#6343,#1398);
#883=LINE($,#6346,#1399);
#884=LINE($,#6347,#1400);
#885=LINE($,#6350,#1401);
#886=LINE($,#6351,#1402);
#887=LINE($,#6353,#1403);
#888=LINE($,#6358,#1404);
#889=LINE($,#6360,#1405);
#890=LINE($,#6362,#1406);
#891=LINE($,#6363,#1407);
#892=LINE($,#6367,#1408);
#893=LINE($,#6369,#1409);
#894=LINE($,#6371,#1410);
#895=LINE($,#6372,#1411);
#896=LINE($,#6374,#1412);
#897=LINE($,#6375,#1413);
#898=LINE($,#6377,#1414);
#899=LINE($,#6379,#1415);
#900=LINE($,#6384,#1416);
#901=LINE($,#6386,#1417);
#902=LINE($,#6388,#1418);
#903=LINE($,#6389,#1419);
#904=LINE($,#6392,#1420);
#905=LINE($,#6394,#1421);
#906=LINE($,#6395,#1422);
#907=LINE($,#6398,#1423);
#908=LINE($,#6399,#1424);
#909=LINE($,#6402,#1425);
#910=LINE($,#6403,#1426);
#911=LINE($,#6405,#1427);
#912=LINE($,#6410,#1428);
#913=LINE($,#6412,#1429);
#914=LINE($,#6414,#1430);
#915=LINE($,#6415,#1431);
#916=LINE($,#6419,#1432);
#917=LINE($,#6421,#1433);
#918=LINE($,#6423,#1434);
#919=LINE($,#6424,#1435);
#920=LINE($,#6426,#1436);
#921=LINE($,#6427,#1437);
#922=LINE($,#6429,#1438);
#923=LINE($,#6431,#1439);
#924=LINE($,#6436,#1440);
#925=LINE($,#6438,#1441);
#926=LINE($,#6440,#1442);
#927=LINE($,#6441,#1443);
#928=LINE($,#6445,#1444);
#929=LINE($,#6447,#1445);
#930=LINE($,#6449,#1446);
#931=LINE($,#6450,#1447);
#932=LINE($,#6452,#1448);
#933=LINE($,#6453,#1449);
#934=LINE($,#6455,#1450);
#935=LINE($,#6457,#1451);
#936=LINE($,#6462,#1452);
#937=LINE($,#6464,#1453);
#938=LINE($,#6466,#1454);
#939=LINE($,#6467,#1455);
#940=LINE($,#6471,#1456);
#941=LINE($,#6473,#1457);
#942=LINE($,#6475,#1458);
#943=LINE($,#6476,#1459);
#944=LINE($,#6478,#1460);
#945=LINE($,#6479,#1461);
#946=LINE($,#6481,#1462);
#947=LINE($,#6483,#1463);
#948=LINE($,#6495,#1464);
#949=LINE($,#6497,#1465);
#950=LINE($,#6499,#1466);
#951=LINE($,#6500,#1467);
#952=LINE($,#6504,#1468);
#953=LINE($,#6506,#1469);
#954=LINE($,#6508,#1470);
#955=LINE($,#6509,#1471);
#956=LINE($,#6511,#1472);
#957=LINE($,#6512,#1473);
#958=LINE($,#6514,#1474);
#959=LINE($,#6516,#1475);
#960=LINE($,#6521,#1476);
#961=LINE($,#6523,#1477);
#962=LINE($,#6525,#1478);
#963=LINE($,#6526,#1479);
#964=LINE($,#6530,#1480);
#965=LINE($,#6532,#1481);
#966=LINE($,#6534,#1482);
#967=LINE($,#6535,#1483);
#968=LINE($,#6537,#1484);
#969=LINE($,#6538,#1485);
#970=LINE($,#6540,#1486);
#971=LINE($,#6542,#1487);
#972=LINE($,#6554,#1488);
#973=LINE($,#6556,#1489);
#974=LINE($,#6558,#1490);
#975=LINE($,#6559,#1491);
#976=LINE($,#6563,#1492);
#977=LINE($,#6565,#1493);
#978=LINE($,#6567,#1494);
#979=LINE($,#6568,#1495);
#980=LINE($,#6570,#1496);
#981=LINE($,#6571,#1497);
#982=LINE($,#6573,#1498);
#983=LINE($,#6575,#1499);
#984=LINE($,#6580,#1500);
#985=LINE($,#6582,#1501);
#986=LINE($,#6584,#1502);
#987=LINE($,#6585,#1503);
#988=LINE($,#6589,#1504);
#989=LINE($,#6591,#1505);
#990=LINE($,#6593,#1506);
#991=LINE($,#6594,#1507);
#992=LINE($,#6597,#1508);
#993=LINE($,#6599,#1509);
#994=LINE($,#6600,#1510);
#995=LINE($,#6604,#1511);
#996=LINE($,#6606,#1512);
#997=LINE($,#6608,#1513);
#998=LINE($,#6609,#1514);
#999=LINE($,#6612,#1515);
#1000=LINE($,#6614,#1516);
#1001=LINE($,#6615,#1517);
#1002=LINE($,#6618,#1518);
#1003=LINE($,#6620,#1519);
#1004=LINE($,#6621,#1520);
#1005=LINE($,#6622,#1521);
#1006=LINE($,#6625,#1522);
#1007=LINE($,#6626,#1523);
#1008=LINE($,#6629,#1524);
#1009=LINE($,#6630,#1525);
#1010=LINE($,#6631,#1526);
#1011=LINE($,#6633,#1527);
#1012=LINE($,#6637,#1528);
#1013=LINE($,#6639,#1529);
#1014=LINE($,#6641,#1530);
#1015=LINE($,#6642,#1531);
#1016=LINE($,#6644,#1532);
#1017=LINE($,#6645,#1533);
#1018=LINE($,#6647,#1534);
#1019=LINE($,#6649,#1535);
#1020=LINE($,#6654,#1536);
#1021=LINE($,#6656,#1537);
#1022=LINE($,#6658,#1538);
#1023=LINE($,#6659,#1539);
#1024=LINE($,#6663,#1540);
#1025=LINE($,#6665,#1541);
#1026=LINE($,#6667,#1542);
#1027=LINE($,#6668,#1543);
#1028=LINE($,#6671,#1544);
#1029=LINE($,#6673,#1545);
#1030=LINE($,#6674,#1546);
#1031=LINE($,#6678,#1547);
#1032=LINE($,#6680,#1548);
#1033=LINE($,#6682,#1549);
#1034=LINE($,#6683,#1550);
#1035=LINE($,#6686,#1551);
#1036=LINE($,#6688,#1552);
#1037=LINE($,#6689,#1553);
#1038=LINE($,#6692,#1554);
#1039=LINE($,#6694,#1555);
#1040=LINE($,#6695,#1556);
#1041=LINE($,#6696,#1557);
#1042=LINE($,#6699,#1558);
#1043=LINE($,#6700,#1559);
#1044=LINE($,#6703,#1560);
#1045=LINE($,#6704,#1561);
#1046=LINE($,#6705,#1562);
#1047=LINE($,#6707,#1563);
#1048=LINE($,#6711,#1564);
#1049=LINE($,#6713,#1565);
#1050=LINE($,#6715,#1566);
#1051=LINE($,#6716,#1567);
#1052=LINE($,#6718,#1568);
#1053=LINE($,#6719,#1569);
#1054=LINE($,#6721,#1570);
#1055=LINE($,#6723,#1571);
#1056=LINE($,#6728,#1572);
#1057=LINE($,#6730,#1573);
#1058=LINE($,#6732,#1574);
#1059=LINE($,#6733,#1575);
#1060=LINE($,#6737,#1576);
#1061=LINE($,#6739,#1577);
#1062=LINE($,#6741,#1578);
#1063=LINE($,#6742,#1579);
#1064=LINE($,#6745,#1580);
#1065=LINE($,#6747,#1581);
#1066=LINE($,#6748,#1582);
#1067=LINE($,#6752,#1583);
#1068=LINE($,#6754,#1584);
#1069=LINE($,#6756,#1585);
#1070=LINE($,#6757,#1586);
#1071=LINE($,#6760,#1587);
#1072=LINE($,#6762,#1588);
#1073=LINE($,#6763,#1589);
#1074=LINE($,#6766,#1590);
#1075=LINE($,#6768,#1591);
#1076=LINE($,#6769,#1592);
#1077=LINE($,#6770,#1593);
#1078=LINE($,#6773,#1594);
#1079=LINE($,#6774,#1595);
#1080=LINE($,#6777,#1596);
#1081=LINE($,#6778,#1597);
#1082=LINE($,#6779,#1598);
#1083=LINE($,#6781,#1599);
#1084=LINE($,#6785,#1600);
#1085=LINE($,#6787,#1601);
#1086=LINE($,#6789,#1602);
#1087=LINE($,#6790,#1603);
#1088=LINE($,#6792,#1604);
#1089=LINE($,#6793,#1605);
#1090=LINE($,#6795,#1606);
#1091=LINE($,#6797,#1607);
#1092=LINE($,#6802,#1608);
#1093=LINE($,#6804,#1609);
#1094=LINE($,#6806,#1610);
#1095=LINE($,#6807,#1611);
#1096=LINE($,#6811,#1612);
#1097=LINE($,#6813,#1613);
#1098=LINE($,#6815,#1614);
#1099=LINE($,#6816,#1615);
#1100=LINE($,#6819,#1616);
#1101=LINE($,#6821,#1617);
#1102=LINE($,#6822,#1618);
#1103=LINE($,#6826,#1619);
#1104=LINE($,#6828,#1620);
#1105=LINE($,#6830,#1621);
#1106=LINE($,#6831,#1622);
#1107=LINE($,#6834,#1623);
#1108=LINE($,#6836,#1624);
#1109=LINE($,#6837,#1625);
#1110=LINE($,#6840,#1626);
#1111=LINE($,#6842,#1627);
#1112=LINE($,#6843,#1628);
#1113=LINE($,#6844,#1629);
#1114=LINE($,#6847,#1630);
#1115=LINE($,#6848,#1631);
#1116=LINE($,#6851,#1632);
#1117=LINE($,#6852,#1633);
#1118=LINE($,#6853,#1634);
#1119=LINE($,#6855,#1635);
#1120=LINE($,#6859,#1636);
#1121=LINE($,#6861,#1637);
#1122=LINE($,#6863,#1638);
#1123=LINE($,#6864,#1639);
#1124=LINE($,#6866,#1640);
#1125=LINE($,#6867,#1641);
#1126=LINE($,#6869,#1642);
#1127=LINE($,#6871,#1643);
#1128=LINE($,#6876,#1644);
#1129=LINE($,#6878,#1645);
#1130=LINE($,#6880,#1646);
#1131=LINE($,#6881,#1647);
#1132=LINE($,#6885,#1648);
#1133=LINE($,#6887,#1649);
#1134=LINE($,#6889,#1650);
#1135=LINE($,#6890,#1651);
#1136=LINE($,#6893,#1652);
#1137=LINE($,#6895,#1653);
#1138=LINE($,#6896,#1654);
#1139=LINE($,#6900,#1655);
#1140=LINE($,#6902,#1656);
#1141=LINE($,#6904,#1657);
#1142=LINE($,#6905,#1658);
#1143=LINE($,#6908,#1659);
#1144=LINE($,#6910,#1660);
#1145=LINE($,#6911,#1661);
#1146=LINE($,#6914,#1662);
#1147=LINE($,#6916,#1663);
#1148=LINE($,#6917,#1664);
#1149=LINE($,#6918,#1665);
#1150=LINE($,#6921,#1666);
#1151=LINE($,#6922,#1667);
#1152=LINE($,#6925,#1668);
#1153=LINE($,#6926,#1669);
#1154=LINE($,#6927,#1670);
#1155=LINE($,#6929,#1671);
#1156=LINE($,#6933,#1672);
#1157=LINE($,#6935,#1673);
#1158=LINE($,#6937,#1674);
#1159=LINE($,#6938,#1675);
#1160=LINE($,#6940,#1676);
#1161=LINE($,#6941,#1677);
#1162=LINE($,#6943,#1678);
#1163=LINE($,#6945,#1679);
#1164=LINE($,#6957,#1680);
#1165=LINE($,#6959,#1681);
#1166=LINE($,#6961,#1682);
#1167=LINE($,#6962,#1683);
#1168=LINE($,#6966,#1684);
#1169=LINE($,#6968,#1685);
#1170=LINE($,#6970,#1686);
#1171=LINE($,#6971,#1687);
#1172=LINE($,#6974,#1688);
#1173=LINE($,#6976,#1689);
#1174=LINE($,#6977,#1690);
#1175=LINE($,#6981,#1691);
#1176=LINE($,#6983,#1692);
#1177=LINE($,#6985,#1693);
#1178=LINE($,#6986,#1694);
#1179=LINE($,#6989,#1695);
#1180=LINE($,#6991,#1696);
#1181=LINE($,#6992,#1697);
#1182=LINE($,#6995,#1698);
#1183=LINE($,#6997,#1699);
#1184=LINE($,#6998,#1700);
#1185=LINE($,#6999,#1701);
#1186=LINE($,#7002,#1702);
#1187=LINE($,#7003,#1703);
#1188=LINE($,#7006,#1704);
#1189=LINE($,#7007,#1705);
#1190=LINE($,#7008,#1706);
#1191=LINE($,#7010,#1707);
#1192=LINE($,#7014,#1708);
#1193=LINE($,#7016,#1709);
#1194=LINE($,#7018,#1710);
#1195=LINE($,#7019,#1711);
#1196=LINE($,#7021,#1712);
#1197=LINE($,#7022,#1713);
#1198=LINE($,#7024,#1714);
#1199=LINE($,#7026,#1715);
#1200=LINE($,#7031,#1716);
#1201=LINE($,#7033,#1717);
#1202=LINE($,#7035,#1718);
#1203=LINE($,#7036,#1719);
#1204=LINE($,#7039,#1720);
#1205=LINE($,#7041,#1721);
#1206=LINE($,#7042,#1722);
#1207=LINE($,#7045,#1723);
#1208=LINE($,#7047,#1724);
#1209=LINE($,#7048,#1725);
#1210=LINE($,#7050,#1726);
#1211=LINE($,#7052,#1727);
#1212=LINE($,#7057,#1728);
#1213=LINE($,#7059,#1729);
#1214=LINE($,#7061,#1730);
#1215=LINE($,#7062,#1731);
#1216=LINE($,#7065,#1732);
#1217=LINE($,#7067,#1733);
#1218=LINE($,#7068,#1734);
#1219=LINE($,#7072,#1735);
#1220=LINE($,#7073,#1736);
#1221=LINE($,#7074,#1737);
#1222=LINE($,#7076,#1738);
#1223=LINE($,#7078,#1739);
#1224=LINE($,#7083,#1740);
#1225=LINE($,#7085,#1741);
#1226=LINE($,#7087,#1742);
#1227=LINE($,#7088,#1743);
#1228=LINE($,#7091,#1744);
#1229=LINE($,#7093,#1745);
#1230=LINE($,#7094,#1746);
#1231=LINE($,#7097,#1747);
#1232=LINE($,#7099,#1748);
#1233=LINE($,#7100,#1749);
#1234=LINE($,#7102,#1750);
#1235=LINE($,#7104,#1751);
#1236=LINE($,#7116,#1752);
#1237=LINE($,#7118,#1753);
#1238=LINE($,#7120,#1754);
#1239=LINE($,#7121,#1755);
#1240=LINE($,#7124,#1756);
#1241=LINE($,#7126,#1757);
#1242=LINE($,#7127,#1758);
#1243=LINE($,#7131,#1759);
#1244=LINE($,#7132,#1760);
#1245=LINE($,#7133,#1761);
#1246=LINE($,#7135,#1762);
#1247=LINE($,#7137,#1763);
#1248=LINE($,#7142,#1764);
#1249=LINE($,#7144,#1765);
#1250=LINE($,#7146,#1766);
#1251=LINE($,#7147,#1767);
#1252=LINE($,#7150,#1768);
#1253=LINE($,#7152,#1769);
#1254=LINE($,#7153,#1770);
#1255=LINE($,#7156,#1771);
#1256=LINE($,#7158,#1772);
#1257=LINE($,#7159,#1773);
#1258=LINE($,#7161,#1774);
#1259=LINE($,#7163,#1775);
#1260=LINE($,#7168,#1776);
#1261=LINE($,#7170,#1777);
#1262=LINE($,#7172,#1778);
#1263=LINE($,#7173,#1779);
#1264=LINE($,#7176,#1780);
#1265=LINE($,#7178,#1781);
#1266=LINE($,#7179,#1782);
#1267=LINE($,#7183,#1783);
#1268=LINE($,#7184,#1784);
#1269=LINE($,#7185,#1785);
#1270=LINE($,#7187,#1786);
#1271=LINE($,#7189,#1787);
#1272=LINE($,#7201,#1788);
#1273=LINE($,#7203,#1789);
#1274=LINE($,#7205,#1790);
#1275=LINE($,#7206,#1791);
#1276=LINE($,#7209,#1792);
#1277=LINE($,#7211,#1793);
#1278=LINE($,#7212,#1794);
#1279=LINE($,#7215,#1795);
#1280=LINE($,#7217,#1796);
#1281=LINE($,#7218,#1797);
#1282=LINE($,#7220,#1798);
#1283=LINE($,#7222,#1799);
#1284=LINE($,#7227,#1800);
#1285=LINE($,#7229,#1801);
#1286=LINE($,#7231,#1802);
#1287=LINE($,#7232,#1803);
#1288=LINE($,#7235,#1804);
#1289=LINE($,#7237,#1805);
#1290=LINE($,#7238,#1806);
#1291=LINE($,#7242,#1807);
#1292=LINE($,#7243,#1808);
#1293=LINE($,#7244,#1809);
#1294=LINE($,#7246,#1810);
#1295=LINE($,#7248,#1811);
#1296=LINE($,#7253,#1812);
#1297=LINE($,#7255,#1813);
#1298=LINE($,#7257,#1814);
#1299=LINE($,#7258,#1815);
#1300=LINE($,#7261,#1816);
#1301=LINE($,#7263,#1817);
#1302=LINE($,#7264,#1818);
#1303=LINE($,#7267,#1819);
#1304=LINE($,#7269,#1820);
#1305=LINE($,#7270,#1821);
#1306=LINE($,#7272,#1822);
#1307=LINE($,#7274,#1823);
#1308=LINE($,#7332,#1824);
#1309=LINE($,#7334,#1825);
#1310=LINE($,#7336,#1826);
#1311=LINE($,#7337,#1827);
#1312=LINE($,#7341,#1828);
#1313=LINE($,#7343,#1829);
#1314=LINE($,#7345,#1830);
#1315=LINE($,#7346,#1831);
#1316=LINE($,#7348,#1832);
#1317=LINE($,#7349,#1833);
#1318=LINE($,#7351,#1834);
#1319=LINE($,#7353,#1835);
#1320=LINE($,#7358,#1836);
#1321=LINE($,#7360,#1837);
#1322=LINE($,#7362,#1838);
#1323=LINE($,#7363,#1839);
#1324=LINE($,#7367,#1840);
#1325=LINE($,#7369,#1841);
#1326=LINE($,#7371,#1842);
#1327=LINE($,#7372,#1843);
#1328=LINE($,#7374,#1844);
#1329=LINE($,#7375,#1845);
#1330=LINE($,#7377,#1846);
#1331=LINE($,#7379,#1847);
#1332=VECTOR($,#4968,0.65);
#1333=VECTOR($,#4969,0.499999999999994);
#1334=VECTOR($,#4970,0.649999999999999);
#1335=VECTOR($,#4971,0.499999999999994);
#1336=VECTOR($,#4974,0.500000000000005);
#1337=VECTOR($,#4975,0.500000000000005);
#1338=VECTOR($,#4976,0.499999999999994);
#1339=VECTOR($,#4979,0.649999999999999);
#1340=VECTOR($,#4980,0.649999999999999);
#1341=VECTOR($,#4981,0.499999999999994);
#1342=VECTOR($,#4984,0.500000000000006);
#1343=VECTOR($,#4985,0.500000000000005);
#1344=VECTOR($,#4992,1.9);
#1345=VECTOR($,#4993,0.0474999999999994);
#1346=VECTOR($,#4994,1.9);
#1347=VECTOR($,#4995,0.0474999999999994);
#1348=VECTOR($,#4998,0.630000000000006);
#1349=VECTOR($,#4999,0.630000000000005);
#1350=VECTOR($,#5000,0.0474999999999994);
#1351=VECTOR($,#5003,1.9);
#1352=VECTOR($,#5004,1.9);
#1353=VECTOR($,#5005,0.0474999999999994);
#1354=VECTOR($,#5008,0.630000000000006);
#1355=VECTOR($,#5011,0.630000000000005);
#1356=VECTOR($,#5014,0.649999999999999);
#1357=VECTOR($,#5015,1.99999999999999);
#1358=VECTOR($,#5016,0.649999999999999);
#1359=VECTOR($,#5017,1.99999999999999);
#1360=VECTOR($,#5020,0.700000000000006);
#1361=VECTOR($,#5021,0.700000000000006);
#1362=VECTOR($,#5022,1.99999999999999);
#1363=VECTOR($,#5025,0.649999999999999);
#1364=VECTOR($,#5026,0.649999999999999);
#1365=VECTOR($,#5027,1.99999999999999);
#1366=VECTOR($,#5030,0.700000000000006);
#1367=VECTOR($,#5031,0.700000000000006);
#1368=VECTOR($,#5054,0.6);
#1369=VECTOR($,#5055,0.0999999999999945);
#1370=VECTOR($,#5056,0.6);
#1371=VECTOR($,#5057,0.0999999999999945);
#1372=VECTOR($,#5060,0.6);
#1373=VECTOR($,#5061,0.6);
#1374=VECTOR($,#5062,0.0999999999999945);
#1375=VECTOR($,#5065,0.6);
#1376=VECTOR($,#5066,0.6);
#1377=VECTOR($,#5067,0.0999999999999945);
#1378=VECTOR($,#5070,0.6);
#1379=VECTOR($,#5071,0.6);
#1380=VECTOR($,#5078,0.649999999999999);
#1381=VECTOR($,#5079,0.899999999999994);
#1382=VECTOR($,#5080,0.649999999999999);
#1383=VECTOR($,#5081,0.899999999999994);
#1384=VECTOR($,#5084,0.700000000000006);
#1385=VECTOR($,#5085,0.700000000000006);
#1386=VECTOR($,#5086,0.899999999999994);
#1387=VECTOR($,#5089,0.65);
#1388=VECTOR($,#5090,0.649999999999999);
#1389=VECTOR($,#5091,0.899999999999994);
#1390=VECTOR($,#5094,0.700000000000006);
#1391=VECTOR($,#5095,0.700000000000006);
#1392=VECTOR($,#5112,0.5);
#1393=VECTOR($,#5113,0.5);
#1394=VECTOR($,#5114,0.5);
#1395=VECTOR($,#5115,0.5);
#1396=VECTOR($,#5118,0.5);
#1397=VECTOR($,#5119,0.0499999999999954);
#1398=VECTOR($,#5120,0.0499999999999954);
#1399=VECTOR($,#5123,0.5);
#1400=VECTOR($,#5124,0.0499999999999954);
#1401=VECTOR($,#5127,0.5);
#1402=VECTOR($,#5128,0.0499999999999954);
#1403=VECTOR($,#5131,0.5);
#1404=VECTOR($,#5136,0.1);
#1405=VECTOR($,#5137,0.0999999999999996);
#1406=VECTOR($,#5138,0.1);
#1407=VECTOR($,#5139,0.0999999999999996);
#1408=VECTOR($,#5142,0.1);
#1409=VECTOR($,#5143,0.0999999999999996);
#1410=VECTOR($,#5144,0.1);
#1411=VECTOR($,#5145,0.0999999999999996);
#1412=VECTOR($,#5148,0.1);
#1413=VECTOR($,#5149,0.1);
#1414=VECTOR($,#5152,0.1);
#1415=VECTOR($,#5155,0.1);
#1416=VECTOR($,#5160,0.5);
#1417=VECTOR($,#5161,0.5);
#1418=VECTOR($,#5162,0.5);
#1419=VECTOR($,#5163,0.5);
#1420=VECTOR($,#5166,0.625000000000004);
#1421=VECTOR($,#5167,0.5);
#1422=VECTOR($,#5168,0.625000000000004);
#1423=VECTOR($,#5171,0.625000000000004);
#1424=VECTOR($,#5172,0.5);
#1425=VECTOR($,#5175,0.625000000000004);
#1426=VECTOR($,#5176,0.5);
#1427=VECTOR($,#5179,0.5);
#1428=VECTOR($,#5184,0.1);
#1429=VECTOR($,#5185,0.0999999999999996);
#1430=VECTOR($,#5186,0.1);
#1431=VECTOR($,#5187,0.0999999999999996);
#1432=VECTOR($,#5190,0.1);
#1433=VECTOR($,#5191,0.0999999999999996);
#1434=VECTOR($,#5192,0.1);
#1435=VECTOR($,#5193,0.0999999999999996);
#1436=VECTOR($,#5196,0.1);
#1437=VECTOR($,#5197,0.1);
#1438=VECTOR($,#5200,0.1);
#1439=VECTOR($,#5203,0.1);
#1440=VECTOR($,#5208,0.1);
#1441=VECTOR($,#5209,0.0999999999999996);
#1442=VECTOR($,#5210,0.1);
#1443=VECTOR($,#5211,0.0999999999999996);
#1444=VECTOR($,#5214,0.1);
#1445=VECTOR($,#5215,0.0999999999999996);
#1446=VECTOR($,#5216,0.1);
#1447=VECTOR($,#5217,0.0999999999999996);
#1448=VECTOR($,#5220,0.1);
#1449=VECTOR($,#5221,0.1);
#1450=VECTOR($,#5224,0.1);
#1451=VECTOR($,#5227,0.1);
#1452=VECTOR($,#5232,0.1);
#1453=VECTOR($,#5233,0.0999999999999996);
#1454=VECTOR($,#5234,0.1);
#1455=VECTOR($,#5235,0.0999999999999996);
#1456=VECTOR($,#5238,0.1);
#1457=VECTOR($,#5239,0.0999999999999996);
#1458=VECTOR($,#5240,0.1);
#1459=VECTOR($,#5241,0.0999999999999996);
#1460=VECTOR($,#5244,0.1);
#1461=VECTOR($,#5245,0.1);
#1462=VECTOR($,#5248,0.1);
#1463=VECTOR($,#5251,0.1);
#1464=VECTOR($,#5266,0.25);
#1465=VECTOR($,#5267,0.3);
#1466=VECTOR($,#5268,0.25);
#1467=VECTOR($,#5269,0.3);
#1468=VECTOR($,#5272,0.25);
#1469=VECTOR($,#5273,0.3);
#1470=VECTOR($,#5274,0.25);
#1471=VECTOR($,#5275,0.3);
#1472=VECTOR($,#5278,0.075);
#1473=VECTOR($,#5279,0.075);
#1474=VECTOR($,#5282,0.075);
#1475=VECTOR($,#5285,0.075);
#1476=VECTOR($,#5290,0.15);
#1477=VECTOR($,#5291,0.4);
#1478=VECTOR($,#5292,0.149999999999999);
#1479=VECTOR($,#5293,0.399999999999999);
#1480=VECTOR($,#5296,0.15);
#1481=VECTOR($,#5297,0.399999999999999);
#1482=VECTOR($,#5298,0.149999999999999);
#1483=VECTOR($,#5299,0.4);
#1484=VECTOR($,#5302,0.0750000000000002);
#1485=VECTOR($,#5303,0.075);
#1486=VECTOR($,#5306,0.0750000000000002);
#1487=VECTOR($,#5309,0.0750000000000002);
#1488=VECTOR($,#5324,0.630000000000005);
#1489=VECTOR($,#5325,0.0649999999999999);
#1490=VECTOR($,#5326,0.630000000000005);
#1491=VECTOR($,#5327,0.0649999999999999);
#1492=VECTOR($,#5330,0.630000000000006);
#1493=VECTOR($,#5331,0.0649999999999999);
#1494=VECTOR($,#5332,0.630000000000006);
#1495=VECTOR($,#5333,0.0649999999999999);
#1496=VECTOR($,#5336,1.9);
#1497=VECTOR($,#5337,1.9);
#1498=VECTOR($,#5340,1.89999999999999);
#1499=VECTOR($,#5343,1.89999999999999);
#1500=VECTOR($,#5348,0.0680400000000003);
#1501=VECTOR($,#5349,0.113399999999999);
#1502=VECTOR($,#5350,0.0680400000000003);
#1503=VECTOR($,#5351,0.113399999999999);
#1504=VECTOR($,#5354,0.0699999999999997);
#1505=VECTOR($,#5355,0.0139999999999997);
#1506=VECTOR($,#5356,0.0699999999999997);
#1507=VECTOR($,#5357,0.0139999999999997);
#1508=VECTOR($,#5360,0.0280000000000006);
#1509=VECTOR($,#5361,0.0139999999999997);
#1510=VECTOR($,#5362,0.0280000000000006);
#1511=VECTOR($,#5365,0.0420000000000003);
#1512=VECTOR($,#5366,0.0139999999999997);
#1513=VECTOR($,#5367,0.0420000000000003);
#1514=VECTOR($,#5368,0.0139999999999997);
#1515=VECTOR($,#5371,0.0979999999999991);
#1516=VECTOR($,#5372,0.0139999999999997);
#1517=VECTOR($,#5373,0.0979999999999991);
#1518=VECTOR($,#5376,0.0420000000000003);
#1519=VECTOR($,#5377,0.0139999999999997);
#1520=VECTOR($,#5378,0.0280000000000006);
#1521=VECTOR($,#5379,0.0139999999999997);
#1522=VECTOR($,#5382,0.0420000000000003);
#1523=VECTOR($,#5383,0.0139999999999997);
#1524=VECTOR($,#5386,0.0280000000000006);
#1525=VECTOR($,#5387,0.0139999999999997);
#1526=VECTOR($,#5388,0.0139999999999997);
#1527=VECTOR($,#5391,0.0139999999999997);
#1528=VECTOR($,#5394,0.113399999999999);
#1529=VECTOR($,#5395,0.0680400000000003);
#1530=VECTOR($,#5396,0.113399999999999);
#1531=VECTOR($,#5397,0.0680400000000003);
#1532=VECTOR($,#5400,0.0113399999999997);
#1533=VECTOR($,#5401,0.0113399999999997);
#1534=VECTOR($,#5404,0.0113399999999997);
#1535=VECTOR($,#5407,0.0113399999999997);
#1536=VECTOR($,#5412,0.0680400000000003);
#1537=VECTOR($,#5413,0.113399999999999);
#1538=VECTOR($,#5414,0.0680400000000003);
#1539=VECTOR($,#5415,0.113399999999999);
#1540=VECTOR($,#5418,0.0699999999999997);
#1541=VECTOR($,#5419,0.0139999999999997);
#1542=VECTOR($,#5420,0.0699999999999997);
#1543=VECTOR($,#5421,0.0139999999999997);
#1544=VECTOR($,#5424,0.0280000000000006);
#1545=VECTOR($,#5425,0.0139999999999997);
#1546=VECTOR($,#5426,0.0280000000000006);
#1547=VECTOR($,#5429,0.0420000000000003);
#1548=VECTOR($,#5430,0.0139999999999997);
#1549=VECTOR($,#5431,0.0420000000000003);
#1550=VECTOR($,#5432,0.0139999999999997);
#1551=VECTOR($,#5435,0.0979999999999991);
#1552=VECTOR($,#5436,0.0139999999999997);
#1553=VECTOR($,#5437,0.0979999999999991);
#1554=VECTOR($,#5440,0.0420000000000003);
#1555=VECTOR($,#5441,0.0139999999999997);
#1556=VECTOR($,#5442,0.0280000000000006);
#1557=VECTOR($,#5443,0.0139999999999997);
#1558=VECTOR($,#5446,0.0420000000000003);
#1559=VECTOR($,#5447,0.0139999999999997);
#1560=VECTOR($,#5450,0.0280000000000006);
#1561=VECTOR($,#5451,0.0139999999999997);
#1562=VECTOR($,#5452,0.0139999999999997);
#1563=VECTOR($,#5455,0.0139999999999997);
#1564=VECTOR($,#5458,0.113399999999999);
#1565=VECTOR($,#5459,0.0680400000000003);
#1566=VECTOR($,#5460,0.113399999999999);
#1567=VECTOR($,#5461,0.0680400000000003);
#1568=VECTOR($,#5464,0.0113399999999997);
#1569=VECTOR($,#5465,0.0113399999999997);
#1570=VECTOR($,#5468,0.0113399999999997);
#1571=VECTOR($,#5471,0.0113399999999997);
#1572=VECTOR($,#5476,0.0680400000000003);
#1573=VECTOR($,#5477,0.113399999999999);
#1574=VECTOR($,#5478,0.0680400000000003);
#1575=VECTOR($,#5479,0.113399999999999);
#1576=VECTOR($,#5482,0.0699999999999997);
#1577=VECTOR($,#5483,0.0139999999999997);
#1578=VECTOR($,#5484,0.0699999999999997);
#1579=VECTOR($,#5485,0.0139999999999997);
#1580=VECTOR($,#5488,0.0280000000000006);
#1581=VECTOR($,#5489,0.0139999999999997);
#1582=VECTOR($,#5490,0.0280000000000006);
#1583=VECTOR($,#5493,0.0420000000000003);
#1584=VECTOR($,#5494,0.0139999999999997);
#1585=VECTOR($,#5495,0.0420000000000003);
#1586=VECTOR($,#5496,0.0139999999999997);
#1587=VECTOR($,#5499,0.0979999999999991);
#1588=VECTOR($,#5500,0.0139999999999997);
#1589=VECTOR($,#5501,0.0979999999999991);
#1590=VECTOR($,#5504,0.0420000000000003);
#1591=VECTOR($,#5505,0.0139999999999997);
#1592=VECTOR($,#5506,0.0280000000000006);
#1593=VECTOR($,#5507,0.0139999999999997);
#1594=VECTOR($,#5510,0.0420000000000003);
#1595=VECTOR($,#5511,0.0139999999999997);
#1596=VECTOR($,#5514,0.0280000000000006);
#1597=VECTOR($,#5515,0.0139999999999997);
#1598=VECTOR($,#5516,0.0139999999999997);
#1599=VECTOR($,#5519,0.0139999999999997);
#1600=VECTOR($,#5522,0.113399999999999);
#1601=VECTOR($,#5523,0.0680400000000003);
#1602=VECTOR($,#5524,0.113399999999999);
#1603=VECTOR($,#5525,0.0680400000000003);
#1604=VECTOR($,#5528,0.0113399999999997);
#1605=VECTOR($,#5529,0.0113399999999997);
#1606=VECTOR($,#5532,0.0113399999999997);
#1607=VECTOR($,#5535,0.0113399999999997);
#1608=VECTOR($,#5540,0.0680400000000003);
#1609=VECTOR($,#5541,0.113399999999999);
#1610=VECTOR($,#5542,0.0680400000000003);
#1611=VECTOR($,#5543,0.113399999999999);
#1612=VECTOR($,#5546,0.0699999999999997);
#1613=VECTOR($,#5547,0.0139999999999997);
#1614=VECTOR($,#5548,0.0699999999999997);
#1615=VECTOR($,#5549,0.0139999999999997);
#1616=VECTOR($,#5552,0.0280000000000006);
#1617=VECTOR($,#5553,0.0139999999999997);
#1618=VECTOR($,#5554,0.0280000000000006);
#1619=VECTOR($,#5557,0.0420000000000003);
#1620=VECTOR($,#5558,0.0139999999999997);
#1621=VECTOR($,#5559,0.0420000000000003);
#1622=VECTOR($,#5560,0.0139999999999997);
#1623=VECTOR($,#5563,0.0979999999999991);
#1624=VECTOR($,#5564,0.0139999999999997);
#1625=VECTOR($,#5565,0.0979999999999991);
#1626=VECTOR($,#5568,0.0420000000000003);
#1627=VECTOR($,#5569,0.0139999999999997);
#1628=VECTOR($,#5570,0.0280000000000006);
#1629=VECTOR($,#5571,0.0139999999999997);
#1630=VECTOR($,#5574,0.0420000000000003);
#1631=VECTOR($,#5575,0.0139999999999997);
#1632=VECTOR($,#5578,0.0280000000000006);
#1633=VECTOR($,#5579,0.0139999999999997);
#1634=VECTOR($,#5580,0.0139999999999997);
#1635=VECTOR($,#5583,0.0139999999999997);
#1636=VECTOR($,#5586,0.113399999999999);
#1637=VECTOR($,#5587,0.0680400000000003);
#1638=VECTOR($,#5588,0.113399999999999);
#1639=VECTOR($,#5589,0.0680400000000003);
#1640=VECTOR($,#5592,0.0113399999999997);
#1641=VECTOR($,#5593,0.0113399999999997);
#1642=VECTOR($,#5596,0.0113399999999997);
#1643=VECTOR($,#5599,0.0113399999999997);
#1644=VECTOR($,#5604,0.0680400000000003);
#1645=VECTOR($,#5605,0.113399999999999);
#1646=VECTOR($,#5606,0.0680400000000003);
#1647=VECTOR($,#5607,0.113399999999999);
#1648=VECTOR($,#5610,0.0699999999999997);
#1649=VECTOR($,#5611,0.0139999999999997);
#1650=VECTOR($,#5612,0.0699999999999997);
#1651=VECTOR($,#5613,0.0139999999999997);
#1652=VECTOR($,#5616,0.0280000000000006);
#1653=VECTOR($,#5617,0.0139999999999997);
#1654=VECTOR($,#5618,0.0280000000000006);
#1655=VECTOR($,#5621,0.0420000000000003);
#1656=VECTOR($,#5622,0.0139999999999997);
#1657=VECTOR($,#5623,0.0420000000000003);
#1658=VECTOR($,#5624,0.0139999999999997);
#1659=VECTOR($,#5627,0.0979999999999991);
#1660=VECTOR($,#5628,0.0139999999999997);
#1661=VECTOR($,#5629,0.0979999999999991);
#1662=VECTOR($,#5632,0.0420000000000003);
#1663=VECTOR($,#5633,0.0139999999999997);
#1664=VECTOR($,#5634,0.0280000000000006);
#1665=VECTOR($,#5635,0.0139999999999997);
#1666=VECTOR($,#5638,0.0420000000000003);
#1667=VECTOR($,#5639,0.0139999999999997);
#1668=VECTOR($,#5642,0.0280000000000006);
#1669=VECTOR($,#5643,0.0139999999999997);
#1670=VECTOR($,#5644,0.0139999999999997);
#1671=VECTOR($,#5647,0.0139999999999997);
#1672=VECTOR($,#5650,0.113399999999999);
#1673=VECTOR($,#5651,0.0680400000000003);
#1674=VECTOR($,#5652,0.113399999999999);
#1675=VECTOR($,#5653,0.0680400000000003);
#1676=VECTOR($,#5656,0.0113399999999997);
#1677=VECTOR($,#5657,0.0113399999999997);
#1678=VECTOR($,#5660,0.0113399999999997);
#1679=VECTOR($,#5663,0.0113399999999997);
#1680=VECTOR($,#5678,0.0680400000000003);
#1681=VECTOR($,#5679,0.113399999999999);
#1682=VECTOR($,#5680,0.0680400000000003);
#1683=VECTOR($,#5681,0.113399999999999);
#1684=VECTOR($,#5684,0.0699999999999997);
#1685=VECTOR($,#5685,0.0139999999999997);
#1686=VECTOR($,#5686,0.0699999999999997);
#1687=VECTOR($,#5687,0.0139999999999997);
#1688=VECTOR($,#5690,0.0280000000000006);
#1689=VECTOR($,#5691,0.0139999999999997);
#1690=VECTOR($,#5692,0.0280000000000006);
#1691=VECTOR($,#5695,0.0420000000000003);
#1692=VECTOR($,#5696,0.0139999999999997);
#1693=VECTOR($,#5697,0.0420000000000003);
#1694=VECTOR($,#5698,0.0139999999999997);
#1695=VECTOR($,#5701,0.0979999999999991);
#1696=VECTOR($,#5702,0.0139999999999997);
#1697=VECTOR($,#5703,0.0979999999999991);
#1698=VECTOR($,#5706,0.0420000000000003);
#1699=VECTOR($,#5707,0.0139999999999997);
#1700=VECTOR($,#5708,0.0280000000000006);
#1701=VECTOR($,#5709,0.0139999999999997);
#1702=VECTOR($,#5712,0.0420000000000003);
#1703=VECTOR($,#5713,0.0139999999999997);
#1704=VECTOR($,#5716,0.0280000000000006);
#1705=VECTOR($,#5717,0.0139999999999997);
#1706=VECTOR($,#5718,0.0139999999999997);
#1707=VECTOR($,#5721,0.0139999999999997);
#1708=VECTOR($,#5724,0.113399999999999);
#1709=VECTOR($,#5725,0.0680400000000003);
#1710=VECTOR($,#5726,0.113399999999999);
#1711=VECTOR($,#5727,0.0680400000000003);
#1712=VECTOR($,#5730,0.0113399999999997);
#1713=VECTOR($,#5731,0.0113399999999997);
#1714=VECTOR($,#5734,0.0113399999999997);
#1715=VECTOR($,#5737,0.0113399999999997);
#1716=VECTOR($,#5742,0.598500000000005);
#1717=VECTOR($,#5743,0.19);
#1718=VECTOR($,#5744,0.598500000000005);
#1719=VECTOR($,#5745,0.19);
#1720=VECTOR($,#5748,0.0150000000000001);
#1721=VECTOR($,#5749,0.19);
#1722=VECTOR($,#5750,0.0150000000000001);
#1723=VECTOR($,#5753,0.0150000000000001);
#1724=VECTOR($,#5754,0.19);
#1725=VECTOR($,#5755,0.0150000000000001);
#1726=VECTOR($,#5758,0.598500000000005);
#1727=VECTOR($,#5761,0.598500000000005);
#1728=VECTOR($,#5766,0.598500000000005);
#1729=VECTOR($,#5767,0.0150000000000001);
#1730=VECTOR($,#5768,0.598500000000005);
#1731=VECTOR($,#5769,0.0150000000000001);
#1732=VECTOR($,#5772,0.19);
#1733=VECTOR($,#5773,0.598500000000005);
#1734=VECTOR($,#5774,0.19);
#1735=VECTOR($,#5777,0.598500000000005);
#1736=VECTOR($,#5778,0.0150000000000001);
#1737=VECTOR($,#5779,0.0150000000000001);
#1738=VECTOR($,#5782,0.19);
#1739=VECTOR($,#5785,0.19);
#1740=VECTOR($,#5790,0.598500000000005);
#1741=VECTOR($,#5791,0.19);
#1742=VECTOR($,#5792,0.598500000000005);
#1743=VECTOR($,#5793,0.19);
#1744=VECTOR($,#5796,0.0150000000000001);
#1745=VECTOR($,#5797,0.19);
#1746=VECTOR($,#5798,0.0150000000000001);
#1747=VECTOR($,#5801,0.0150000000000001);
#1748=VECTOR($,#5802,0.19);
#1749=VECTOR($,#5803,0.0150000000000001);
#1750=VECTOR($,#5806,0.598500000000005);
#1751=VECTOR($,#5809,0.598500000000005);
#1752=VECTOR($,#5824,0.598500000000005);
#1753=VECTOR($,#5825,0.0150000000000001);
#1754=VECTOR($,#5826,0.598500000000005);
#1755=VECTOR($,#5827,0.0150000000000001);
#1756=VECTOR($,#5830,0.19);
#1757=VECTOR($,#5831,0.598500000000005);
#1758=VECTOR($,#5832,0.19);
#1759=VECTOR($,#5835,0.598500000000005);
#1760=VECTOR($,#5836,0.0150000000000001);
#1761=VECTOR($,#5837,0.0150000000000001);
#1762=VECTOR($,#5840,0.19);
#1763=VECTOR($,#5843,0.19);
#1764=VECTOR($,#5848,0.598500000000005);
#1765=VECTOR($,#5849,0.19);
#1766=VECTOR($,#5850,0.598500000000005);
#1767=VECTOR($,#5851,0.19);
#1768=VECTOR($,#5854,0.0150000000000001);
#1769=VECTOR($,#5855,0.19);
#1770=VECTOR($,#5856,0.0150000000000001);
#1771=VECTOR($,#5859,0.0150000000000001);
#1772=VECTOR($,#5860,0.19);
#1773=VECTOR($,#5861,0.0150000000000001);
#1774=VECTOR($,#5864,0.598500000000005);
#1775=VECTOR($,#5867,0.598500000000005);
#1776=VECTOR($,#5872,0.598500000000005);
#1777=VECTOR($,#5873,0.0150000000000001);
#1778=VECTOR($,#5874,0.598500000000005);
#1779=VECTOR($,#5875,0.0150000000000001);
#1780=VECTOR($,#5878,0.19);
#1781=VECTOR($,#5879,0.598500000000005);
#1782=VECTOR($,#5880,0.19);
#1783=VECTOR($,#5883,0.598500000000005);
#1784=VECTOR($,#5884,0.0150000000000001);
#1785=VECTOR($,#5885,0.0150000000000001);
#1786=VECTOR($,#5888,0.19);
#1787=VECTOR($,#5891,0.19);
#1788=VECTOR($,#5906,0.598500000000005);
#1789=VECTOR($,#5907,0.19);
#1790=VECTOR($,#5908,0.598500000000005);
#1791=VECTOR($,#5909,0.19);
#1792=VECTOR($,#5912,0.0150000000000001);
#1793=VECTOR($,#5913,0.19);
#1794=VECTOR($,#5914,0.0150000000000001);
#1795=VECTOR($,#5917,0.0150000000000001);
#1796=VECTOR($,#5918,0.19);
#1797=VECTOR($,#5919,0.0150000000000001);
#1798=VECTOR($,#5922,0.598500000000005);
#1799=VECTOR($,#5925,0.598500000000005);
#1800=VECTOR($,#5930,0.598500000000005);
#1801=VECTOR($,#5931,0.0150000000000001);
#1802=VECTOR($,#5932,0.598500000000005);
#1803=VECTOR($,#5933,0.0150000000000001);
#1804=VECTOR($,#5936,0.19);
#1805=VECTOR($,#5937,0.598500000000005);
#1806=VECTOR($,#5938,0.19);
#1807=VECTOR($,#5941,0.598500000000005);
#1808=VECTOR($,#5942,0.0150000000000001);
#1809=VECTOR($,#5943,0.0150000000000001);
#1810=VECTOR($,#5946,0.19);
#1811=VECTOR($,#5949,0.19);
#1812=VECTOR($,#5954,0.189999999999999);
#1813=VECTOR($,#5955,0.598500000000005);
#1814=VECTOR($,#5956,0.189999999999999);
#1815=VECTOR($,#5957,0.598500000000005);
#1816=VECTOR($,#5960,0.0150000000000001);
#1817=VECTOR($,#5961,0.189999999999999);
#1818=VECTOR($,#5962,0.0150000000000001);
#1819=VECTOR($,#5965,0.0150000000000001);
#1820=VECTOR($,#5966,0.189999999999999);
#1821=VECTOR($,#5967,0.0150000000000001);
#1822=VECTOR($,#5970,0.598500000000005);
#1823=VECTOR($,#5973,0.598500000000005);
#1824=VECTOR($,#6054,0.119999999999997);
#1825=VECTOR($,#6055,0.0499999999999989);
#1826=VECTOR($,#6056,0.119999999999997);
#1827=VECTOR($,#6057,0.0499999999999989);
#1828=VECTOR($,#6060,0.119999999999997);
#1829=VECTOR($,#6061,0.0499999999999989);
#1830=VECTOR($,#6062,0.119999999999997);
#1831=VECTOR($,#6063,0.0499999999999989);
#1832=VECTOR($,#6066,0.00999999999999979);
#1833=VECTOR($,#6067,0.00999999999999979);
#1834=VECTOR($,#6070,0.00999999999999979);
#1835=VECTOR($,#6073,0.00999999999999979);
#1836=VECTOR($,#6078,0.199999999999989);
#1837=VECTOR($,#6079,0.18);
#1838=VECTOR($,#6080,0.199999999999989);
#1839=VECTOR($,#6081,0.18);
#1840=VECTOR($,#6084,0.199999999999989);
#1841=VECTOR($,#6085,0.18);
#1842=VECTOR($,#6086,0.199999999999989);
#1843=VECTOR($,#6087,0.18);
#1844=VECTOR($,#6090,0.00999999999999979);
#1845=VECTOR($,#6091,0.00999999999999979);
#1846=VECTOR($,#6094,0.00999999999999979);
#1847=VECTOR($,#6097,0.00999999999999979);
#1848=VERTEX_POINT($,#6182);
#1849=VERTEX_POINT($,#6183);
#1850=VERTEX_POINT($,#6185);
#1851=VERTEX_POINT($,#6187);
#1852=VERTEX_POINT($,#6191);
#1853=VERTEX_POINT($,#6193);
#1854=VERTEX_POINT($,#6197);
#1855=VERTEX_POINT($,#6199);
#1856=VERTEX_POINT($,#6208);
#1857=VERTEX_POINT($,#6209);
#1858=VERTEX_POINT($,#6211);
#1859=VERTEX_POINT($,#6213);
#1860=VERTEX_POINT($,#6217);
#1861=VERTEX_POINT($,#6219);
#1862=VERTEX_POINT($,#6223);
#1863=VERTEX_POINT($,#6225);
#1864=VERTEX_POINT($,#6233);
#1865=VERTEX_POINT($,#6234);
#1866=VERTEX_POINT($,#6236);
#1867=VERTEX_POINT($,#6238);
#1868=VERTEX_POINT($,#6242);
#1869=VERTEX_POINT($,#6244);
#1870=VERTEX_POINT($,#6248);
#1871=VERTEX_POINT($,#6250);
#1872=VERTEX_POINT($,#6259);
#1873=VERTEX_POINT($,#6261);
#1874=VERTEX_POINT($,#6264);
#1875=VERTEX_POINT($,#6266);
#1876=VERTEX_POINT($,#6271);
#1877=VERTEX_POINT($,#6272);
#1878=VERTEX_POINT($,#6274);
#1879=VERTEX_POINT($,#6276);
#1880=VERTEX_POINT($,#6280);
#1881=VERTEX_POINT($,#6282);
#1882=VERTEX_POINT($,#6286);
#1883=VERTEX_POINT($,#6288);
#1884=VERTEX_POINT($,#6297);
#1885=VERTEX_POINT($,#6298);
#1886=VERTEX_POINT($,#6300);
#1887=VERTEX_POINT($,#6302);
#1888=VERTEX_POINT($,#6306);
#1889=VERTEX_POINT($,#6308);
#1890=VERTEX_POINT($,#6312);
#1891=VERTEX_POINT($,#6314);
#1892=VERTEX_POINT($,#6323);
#1893=VERTEX_POINT($,#6325);
#1894=VERTEX_POINT($,#6330);
#1895=VERTEX_POINT($,#6331);
#1896=VERTEX_POINT($,#6333);
#1897=VERTEX_POINT($,#6335);
#1898=VERTEX_POINT($,#6339);
#1899=VERTEX_POINT($,#6340);
#1900=VERTEX_POINT($,#6345);
#1901=VERTEX_POINT($,#6349);
#1902=VERTEX_POINT($,#6356);
#1903=VERTEX_POINT($,#6357);
#1904=VERTEX_POINT($,#6359);
#1905=VERTEX_POINT($,#6361);
#1906=VERTEX_POINT($,#6365);
#1907=VERTEX_POINT($,#6366);
#1908=VERTEX_POINT($,#6368);
#1909=VERTEX_POINT($,#6370);
#1910=VERTEX_POINT($,#6382);
#1911=VERTEX_POINT($,#6383);
#1912=VERTEX_POINT($,#6385);
#1913=VERTEX_POINT($,#6387);
#1914=VERTEX_POINT($,#6391);
#1915=VERTEX_POINT($,#6393);
#1916=VERTEX_POINT($,#6397);
#1917=VERTEX_POINT($,#6401);
#1918=VERTEX_POINT($,#6408);
#1919=VERTEX_POINT($,#6409);
#1920=VERTEX_POINT($,#6411);
#1921=VERTEX_POINT($,#6413);
#1922=VERTEX_POINT($,#6417);
#1923=VERTEX_POINT($,#6418);
#1924=VERTEX_POINT($,#6420);
#1925=VERTEX_POINT($,#6422);
#1926=VERTEX_POINT($,#6434);
#1927=VERTEX_POINT($,#6435);
#1928=VERTEX_POINT($,#6437);
#1929=VERTEX_POINT($,#6439);
#1930=VERTEX_POINT($,#6443);
#1931=VERTEX_POINT($,#6444);
#1932=VERTEX_POINT($,#6446);
#1933=VERTEX_POINT($,#6448);
#1934=VERTEX_POINT($,#6460);
#1935=VERTEX_POINT($,#6461);
#1936=VERTEX_POINT($,#6463);
#1937=VERTEX_POINT($,#6465);
#1938=VERTEX_POINT($,#6469);
#1939=VERTEX_POINT($,#6470);
#1940=VERTEX_POINT($,#6472);
#1941=VERTEX_POINT($,#6474);
#1942=VERTEX_POINT($,#6486);
#1943=VERTEX_POINT($,#6488);
#1944=VERTEX_POINT($,#6493);
#1945=VERTEX_POINT($,#6494);
#1946=VERTEX_POINT($,#6496);
#1947=VERTEX_POINT($,#6498);
#1948=VERTEX_POINT($,#6502);
#1949=VERTEX_POINT($,#6503);
#1950=VERTEX_POINT($,#6505);
#1951=VERTEX_POINT($,#6507);
#1952=VERTEX_POINT($,#6519);
#1953=VERTEX_POINT($,#6520);
#1954=VERTEX_POINT($,#6522);
#1955=VERTEX_POINT($,#6524);
#1956=VERTEX_POINT($,#6528);
#1957=VERTEX_POINT($,#6529);
#1958=VERTEX_POINT($,#6531);
#1959=VERTEX_POINT($,#6533);
#1960=VERTEX_POINT($,#6545);
#1961=VERTEX_POINT($,#6547);
#1962=VERTEX_POINT($,#6552);
#1963=VERTEX_POINT($,#6553);
#1964=VERTEX_POINT($,#6555);
#1965=VERTEX_POINT($,#6557);
#1966=VERTEX_POINT($,#6561);
#1967=VERTEX_POINT($,#6562);
#1968=VERTEX_POINT($,#6564);
#1969=VERTEX_POINT($,#6566);
#1970=VERTEX_POINT($,#6578);
#1971=VERTEX_POINT($,#6579);
#1972=VERTEX_POINT($,#6581);
#1973=VERTEX_POINT($,#6583);
#1974=VERTEX_POINT($,#6587);
#1975=VERTEX_POINT($,#6588);
#1976=VERTEX_POINT($,#6590);
#1977=VERTEX_POINT($,#6592);
#1978=VERTEX_POINT($,#6596);
#1979=VERTEX_POINT($,#6598);
#1980=VERTEX_POINT($,#6602);
#1981=VERTEX_POINT($,#6603);
#1982=VERTEX_POINT($,#6605);
#1983=VERTEX_POINT($,#6607);
#1984=VERTEX_POINT($,#6611);
#1985=VERTEX_POINT($,#6613);
#1986=VERTEX_POINT($,#6617);
#1987=VERTEX_POINT($,#6619);
#1988=VERTEX_POINT($,#6624);
#1989=VERTEX_POINT($,#6628);
#1990=VERTEX_POINT($,#6635);
#1991=VERTEX_POINT($,#6636);
#1992=VERTEX_POINT($,#6638);
#1993=VERTEX_POINT($,#6640);
#1994=VERTEX_POINT($,#6652);
#1995=VERTEX_POINT($,#6653);
#1996=VERTEX_POINT($,#6655);
#1997=VERTEX_POINT($,#6657);
#1998=VERTEX_POINT($,#6661);
#1999=VERTEX_POINT($,#6662);
#2000=VERTEX_POINT($,#6664);
#2001=VERTEX_POINT($,#6666);
#2002=VERTEX_POINT($,#6670);
#2003=VERTEX_POINT($,#6672);
#2004=VERTEX_POINT($,#6676);
#2005=VERTEX_POINT($,#6677);
#2006=VERTEX_POINT($,#6679);
#2007=VERTEX_POINT($,#6681);
#2008=VERTEX_POINT($,#6685);
#2009=VERTEX_POINT($,#6687);
#2010=VERTEX_POINT($,#6691);
#2011=VERTEX_POINT($,#6693);
#2012=VERTEX_POINT($,#6698);
#2013=VERTEX_POINT($,#6702);
#2014=VERTEX_POINT($,#6709);
#2015=VERTEX_POINT($,#6710);
#2016=VERTEX_POINT($,#6712);
#2017=VERTEX_POINT($,#6714);
#2018=VERTEX_POINT($,#6726);
#2019=VERTEX_POINT($,#6727);
#2020=VERTEX_POINT($,#6729);
#2021=VERTEX_POINT($,#6731);
#2022=VERTEX_POINT($,#6735);
#2023=VERTEX_POINT($,#6736);
#2024=VERTEX_POINT($,#6738);
#2025=VERTEX_POINT($,#6740);
#2026=VERTEX_POINT($,#6744);
#2027=VERTEX_POINT($,#6746);
#2028=VERTEX_POINT($,#6750);
#2029=VERTEX_POINT($,#6751);
#2030=VERTEX_POINT($,#6753);
#2031=VERTEX_POINT($,#6755);
#2032=VERTEX_POINT($,#6759);
#2033=VERTEX_POINT($,#6761);
#2034=VERTEX_POINT($,#6765);
#2035=VERTEX_POINT($,#6767);
#2036=VERTEX_POINT($,#6772);
#2037=VERTEX_POINT($,#6776);
#2038=VERTEX_POINT($,#6783);
#2039=VERTEX_POINT($,#6784);
#2040=VERTEX_POINT($,#6786);
#2041=VERTEX_POINT($,#6788);
#2042=VERTEX_POINT($,#6800);
#2043=VERTEX_POINT($,#6801);
#2044=VERTEX_POINT($,#6803);
#2045=VERTEX_POINT($,#6805);
#2046=VERTEX_POINT($,#6809);
#2047=VERTEX_POINT($,#6810);
#2048=VERTEX_POINT($,#6812);
#2049=VERTEX_POINT($,#6814);
#2050=VERTEX_POINT($,#6818);
#2051=VERTEX_POINT($,#6820);
#2052=VERTEX_POINT($,#6824);
#2053=VERTEX_POINT($,#6825);
#2054=VERTEX_POINT($,#6827);
#2055=VERTEX_POINT($,#6829);
#2056=VERTEX_POINT($,#6833);
#2057=VERTEX_POINT($,#6835);
#2058=VERTEX_POINT($,#6839);
#2059=VERTEX_POINT($,#6841);
#2060=VERTEX_POINT($,#6846);
#2061=VERTEX_POINT($,#6850);
#2062=VERTEX_POINT($,#6857);
#2063=VERTEX_POINT($,#6858);
#2064=VERTEX_POINT($,#6860);
#2065=VERTEX_POINT($,#6862);
#2066=VERTEX_POINT($,#6874);
#2067=VERTEX_POINT($,#6875);
#2068=VERTEX_POINT($,#6877);
#2069=VERTEX_POINT($,#6879);
#2070=VERTEX_POINT($,#6883);
#2071=VERTEX_POINT($,#6884);
#2072=VERTEX_POINT($,#6886);
#2073=VERTEX_POINT($,#6888);
#2074=VERTEX_POINT($,#6892);
#2075=VERTEX_POINT($,#6894);
#2076=VERTEX_POINT($,#6898);
#2077=VERTEX_POINT($,#6899);
#2078=VERTEX_POINT($,#6901);
#2079=VERTEX_POINT($,#6903);
#2080=VERTEX_POINT($,#6907);
#2081=VERTEX_POINT($,#6909);
#2082=VERTEX_POINT($,#6913);
#2083=VERTEX_POINT($,#6915);
#2084=VERTEX_POINT($,#6920);
#2085=VERTEX_POINT($,#6924);
#2086=VERTEX_POINT($,#6931);
#2087=VERTEX_POINT($,#6932);
#2088=VERTEX_POINT($,#6934);
#2089=VERTEX_POINT($,#6936);
#2090=VERTEX_POINT($,#6948);
#2091=VERTEX_POINT($,#6950);
#2092=VERTEX_POINT($,#6955);
#2093=VERTEX_POINT($,#6956);
#2094=VERTEX_POINT($,#6958);
#2095=VERTEX_POINT($,#6960);
#2096=VERTEX_POINT($,#6964);
#2097=VERTEX_POINT($,#6965);
#2098=VERTEX_POINT($,#6967);
#2099=VERTEX_POINT($,#6969);
#2100=VERTEX_POINT($,#6973);
#2101=VERTEX_POINT($,#6975);
#2102=VERTEX_POINT($,#6979);
#2103=VERTEX_POINT($,#6980);
#2104=VERTEX_POINT($,#6982);
#2105=VERTEX_POINT($,#6984);
#2106=VERTEX_POINT($,#6988);
#2107=VERTEX_POINT($,#6990);
#2108=VERTEX_POINT($,#6994);
#2109=VERTEX_POINT($,#6996);
#2110=VERTEX_POINT($,#7001);
#2111=VERTEX_POINT($,#7005);
#2112=VERTEX_POINT($,#7012);
#2113=VERTEX_POINT($,#7013);
#2114=VERTEX_POINT($,#7015);
#2115=VERTEX_POINT($,#7017);
#2116=VERTEX_POINT($,#7029);
#2117=VERTEX_POINT($,#7030);
#2118=VERTEX_POINT($,#7032);
#2119=VERTEX_POINT($,#7034);
#2120=VERTEX_POINT($,#7038);
#2121=VERTEX_POINT($,#7040);
#2122=VERTEX_POINT($,#7044);
#2123=VERTEX_POINT($,#7046);
#2124=VERTEX_POINT($,#7055);
#2125=VERTEX_POINT($,#7056);
#2126=VERTEX_POINT($,#7058);
#2127=VERTEX_POINT($,#7060);
#2128=VERTEX_POINT($,#7064);
#2129=VERTEX_POINT($,#7066);
#2130=VERTEX_POINT($,#7070);
#2131=VERTEX_POINT($,#7071);
#2132=VERTEX_POINT($,#7081);
#2133=VERTEX_POINT($,#7082);
#2134=VERTEX_POINT($,#7084);
#2135=VERTEX_POINT($,#7086);
#2136=VERTEX_POINT($,#7090);
#2137=VERTEX_POINT($,#7092);
#2138=VERTEX_POINT($,#7096);
#2139=VERTEX_POINT($,#7098);
#2140=VERTEX_POINT($,#7107);
#2141=VERTEX_POINT($,#7109);
#2142=VERTEX_POINT($,#7114);
#2143=VERTEX_POINT($,#7115);
#2144=VERTEX_POINT($,#7117);
#2145=VERTEX_POINT($,#7119);
#2146=VERTEX_POINT($,#7123);
#2147=VERTEX_POINT($,#7125);
#2148=VERTEX_POINT($,#7129);
#2149=VERTEX_POINT($,#7130);
#2150=VERTEX_POINT($,#7140);
#2151=VERTEX_POINT($,#7141);
#2152=VERTEX_POINT($,#7143);
#2153=VERTEX_POINT($,#7145);
#2154=VERTEX_POINT($,#7149);
#2155=VERTEX_POINT($,#7151);
#2156=VERTEX_POINT($,#7155);
#2157=VERTEX_POINT($,#7157);
#2158=VERTEX_POINT($,#7166);
#2159=VERTEX_POINT($,#7167);
#2160=VERTEX_POINT($,#7169);
#2161=VERTEX_POINT($,#7171);
#2162=VERTEX_POINT($,#7175);
#2163=VERTEX_POINT($,#7177);
#2164=VERTEX_POINT($,#7181);
#2165=VERTEX_POINT($,#7182);
#2166=VERTEX_POINT($,#7192);
#2167=VERTEX_POINT($,#7194);
#2168=VERTEX_POINT($,#7199);
#2169=VERTEX_POINT($,#7200);
#2170=VERTEX_POINT($,#7202);
#2171=VERTEX_POINT($,#7204);
#2172=VERTEX_POINT($,#7208);
#2173=VERTEX_POINT($,#7210);
#2174=VERTEX_POINT($,#7214);
#2175=VERTEX_POINT($,#7216);
#2176=VERTEX_POINT($,#7225);
#2177=VERTEX_POINT($,#7226);
#2178=VERTEX_POINT($,#7228);
#2179=VERTEX_POINT($,#7230);
#2180=VERTEX_POINT($,#7234);
#2181=VERTEX_POINT($,#7236);
#2182=VERTEX_POINT($,#7240);
#2183=VERTEX_POINT($,#7241);
#2184=VERTEX_POINT($,#7251);
#2185=VERTEX_POINT($,#7252);
#2186=VERTEX_POINT($,#7254);
#2187=VERTEX_POINT($,#7256);
#2188=VERTEX_POINT($,#7260);
#2189=VERTEX_POINT($,#7262);
#2190=VERTEX_POINT($,#7266);
#2191=VERTEX_POINT($,#7268);
#2192=VERTEX_POINT($,#7277);
#2193=VERTEX_POINT($,#7279);
#2194=VERTEX_POINT($,#7284);
#2195=VERTEX_POINT($,#7288);
#2196=VERTEX_POINT($,#7290);
#2197=VERTEX_POINT($,#7295);
#2198=VERTEX_POINT($,#7297);
#2199=VERTEX_POINT($,#7302);
#2200=VERTEX_POINT($,#7304);
#2201=VERTEX_POINT($,#7309);
#2202=VERTEX_POINT($,#7311);
#2203=VERTEX_POINT($,#7316);
#2204=VERTEX_POINT($,#7318);
#2205=VERTEX_POINT($,#7323);
#2206=VERTEX_POINT($,#7325);
#2207=VERTEX_POINT($,#7330);
#2208=VERTEX_POINT($,#7331);
#2209=VERTEX_POINT($,#7333);
#2210=VERTEX_POINT($,#7335);
#2211=VERTEX_POINT($,#7339);
#2212=VERTEX_POINT($,#7340);
#2213=VERTEX_POINT($,#7342);
#2214=VERTEX_POINT($,#7344);
#2215=VERTEX_POINT($,#7356);
#2216=VERTEX_POINT($,#7357);
#2217=VERTEX_POINT($,#7359);
#2218=VERTEX_POINT($,#7361);
#2219=VERTEX_POINT($,#7365);
#2220=VERTEX_POINT($,#7366);
#2221=VERTEX_POINT($,#7368);
#2222=VERTEX_POINT($,#7370);
#2223=VERTEX_POINT($,#7382);
#2224=VERTEX_POINT($,#7384);
#2225=VERTEX_POINT($,#7389);
#2226=VERTEX_POINT($,#7391);
#2227=VERTEX_POINT($,#7396);
#2228=VERTEX_POINT($,#7398);
#2229=VERTEX_POINT($,#7403);
#2230=VERTEX_POINT($,#7405);
#2231=VERTEX_POINT($,#7410);
#2232=VERTEX_POINT($,#7412);
#2233=VERTEX_POINT($,#7417);
#2234=VERTEX_POINT($,#7419);
#2235=VERTEX_POINT($,#7424);
#2236=VERTEX_POINT($,#7426);
#2237=VERTEX_POINT($,#7431);
#2238=VERTEX_POINT($,#7433);
#2239=EDGE_CURVE($,#1848,#1849,#816,.T.);
#2240=EDGE_CURVE($,#1848,#1850,#817,.T.);
#2241=EDGE_CURVE($,#1851,#1850,#818,.T.);
#2242=EDGE_CURVE($,#1849,#1851,#819,.T.);
#2243=EDGE_CURVE($,#1849,#1852,#820,.T.);
#2244=EDGE_CURVE($,#1853,#1851,#821,.T.);
#2245=EDGE_CURVE($,#1852,#1853,#822,.T.);
#2246=EDGE_CURVE($,#1852,#1854,#823,.T.);
#2247=EDGE_CURVE($,#1855,#1853,#824,.T.);
#2248=EDGE_CURVE($,#1854,#1855,#825,.F.);
#2249=EDGE_CURVE($,#1854,#1848,#826,.T.);
#2250=EDGE_CURVE($,#1850,#1855,#827,.T.);
#2251=EDGE_CURVE($,#1856,#1857,#828,.T.);
#2252=EDGE_CURVE($,#1856,#1858,#829,.T.);
#2253=EDGE_CURVE($,#1859,#1858,#830,.T.);
#2254=EDGE_CURVE($,#1859,#1857,#831,.T.);
#2255=EDGE_CURVE($,#1857,#1860,#832,.T.);
#2256=EDGE_CURVE($,#1861,#1859,#833,.T.);
#2257=EDGE_CURVE($,#1860,#1861,#834,.T.);
#2258=EDGE_CURVE($,#1860,#1862,#835,.T.);
#2259=EDGE_CURVE($,#1861,#1863,#836,.F.);
#2260=EDGE_CURVE($,#1863,#1862,#837,.T.);
#2261=EDGE_CURVE($,#1858,#1863,#838,.T.);
#2262=EDGE_CURVE($,#1862,#1856,#839,.T.);
#2263=EDGE_CURVE($,#1864,#1865,#840,.T.);
#2264=EDGE_CURVE($,#1864,#1866,#841,.T.);
#2265=EDGE_CURVE($,#1867,#1866,#842,.T.);
#2266=EDGE_CURVE($,#1865,#1867,#843,.F.);
#2267=EDGE_CURVE($,#1865,#1868,#844,.T.);
#2268=EDGE_CURVE($,#1869,#1867,#845,.T.);
#2269=EDGE_CURVE($,#1868,#1869,#846,.T.);
#2270=EDGE_CURVE($,#1868,#1870,#847,.T.);
#2271=EDGE_CURVE($,#1871,#1869,#848,.T.);
#2272=EDGE_CURVE($,#1870,#1871,#849,.F.);
#2273=EDGE_CURVE($,#1870,#1864,#850,.T.);
#2274=EDGE_CURVE($,#1866,#1871,#851,.T.);
#2275=EDGE_CURVE($,#1872,#1872,#11,.T.);
#2276=EDGE_CURVE($,#1873,#1873,#12,.T.);
#2277=EDGE_CURVE($,#1874,#1874,#13,.T.);
#2278=EDGE_CURVE($,#1875,#1875,#14,.T.);
#2279=EDGE_CURVE($,#1876,#1877,#852,.T.);
#2280=EDGE_CURVE($,#1876,#1878,#853,.T.);
#2281=EDGE_CURVE($,#1879,#1878,#854,.T.);
#2282=EDGE_CURVE($,#1877,#1879,#855,.F.);
#2283=EDGE_CURVE($,#1877,#1880,#856,.T.);
#2284=EDGE_CURVE($,#1881,#1879,#857,.T.);
#2285=EDGE_CURVE($,#1880,#1881,#858,.T.);
#2286=EDGE_CURVE($,#1880,#1882,#859,.T.);
#2287=EDGE_CURVE($,#1883,#1881,#860,.T.);
#2288=EDGE_CURVE($,#1882,#1883,#861,.T.);
#2289=EDGE_CURVE($,#1882,#1876,#862,.T.);
#2290=EDGE_CURVE($,#1878,#1883,#863,.T.);
#2291=EDGE_CURVE($,#1884,#1885,#864,.T.);
#2292=EDGE_CURVE($,#1884,#1886,#865,.T.);
#2293=EDGE_CURVE($,#1887,#1886,#866,.T.);
#2294=EDGE_CURVE($,#1885,#1887,#867,.F.);
#2295=EDGE_CURVE($,#1885,#1888,#868,.T.);
#2296=EDGE_CURVE($,#1889,#1887,#869,.T.);
#2297=EDGE_CURVE($,#1888,#1889,#870,.T.);
#2298=EDGE_CURVE($,#1888,#1890,#871,.T.);
#2299=EDGE_CURVE($,#1891,#1889,#872,.T.);
#2300=EDGE_CURVE($,#1890,#1891,#873,.T.);
#2301=EDGE_CURVE($,#1890,#1884,#874,.T.);
#2302=EDGE_CURVE($,#1886,#1891,#875,.T.);
#2303=EDGE_CURVE($,#1892,#1892,#15,.F.);
#2304=EDGE_CURVE($,#1893,#1893,#16,.F.);
#2305=EDGE_CURVE($,#1894,#1895,#876,.T.);
#2306=EDGE_CURVE($,#1895,#1896,#877,.T.);
#2307=EDGE_CURVE($,#1896,#1897,#878,.T.);
#2308=EDGE_CURVE($,#1897,#1894,#879,.T.);
#2309=EDGE_CURVE($,#1898,#1899,#880,.T.);
#2310=EDGE_CURVE($,#1894,#1898,#881,.T.);
#2311=EDGE_CURVE($,#1897,#1899,#882,.T.);
#2312=EDGE_CURVE($,#1899,#1900,#883,.T.);
#2313=EDGE_CURVE($,#1896,#1900,#884,.F.);
#2314=EDGE_CURVE($,#1900,#1901,#885,.T.);
#2315=EDGE_CURVE($,#1895,#1901,#886,.T.);
#2316=EDGE_CURVE($,#1901,#1898,#887,.T.);
#2317=EDGE_CURVE($,#1902,#1903,#888,.T.);
#2318=EDGE_CURVE($,#1903,#1904,#889,.T.);
#2319=EDGE_CURVE($,#1904,#1905,#890,.T.);
#2320=EDGE_CURVE($,#1905,#1902,#891,.T.);
#2321=EDGE_CURVE($,#1906,#1907,#892,.T.);
#2322=EDGE_CURVE($,#1907,#1908,#893,.T.);
#2323=EDGE_CURVE($,#1908,#1909,#894,.T.);
#2324=EDGE_CURVE($,#1909,#1906,#895,.T.);
#2325=EDGE_CURVE($,#1905,#1908,#896,.T.);
#2326=EDGE_CURVE($,#1902,#1907,#897,.T.);
#2327=EDGE_CURVE($,#1904,#1909,#898,.T.);
#2328=EDGE_CURVE($,#1903,#1906,#899,.T.);
#2329=EDGE_CURVE($,#1910,#1911,#900,.T.);
#2330=EDGE_CURVE($,#1912,#1910,#901,.T.);
#2331=EDGE_CURVE($,#1913,#1912,#902,.T.);
#2332=EDGE_CURVE($,#1911,#1913,#903,.T.);
#2333=EDGE_CURVE($,#1912,#1914,#904,.T.);
#2334=EDGE_CURVE($,#1915,#1914,#905,.T.);
#2335=EDGE_CURVE($,#1913,#1915,#906,.T.);
#2336=EDGE_CURVE($,#1910,#1916,#907,.F.);
#2337=EDGE_CURVE($,#1914,#1916,#908,.T.);
#2338=EDGE_CURVE($,#1911,#1917,#909,.T.);
#2339=EDGE_CURVE($,#1916,#1917,#910,.T.);
#2340=EDGE_CURVE($,#1917,#1915,#911,.T.);
#2341=EDGE_CURVE($,#1918,#1919,#912,.T.);
#2342=EDGE_CURVE($,#1919,#1920,#913,.T.);
#2343=EDGE_CURVE($,#1920,#1921,#914,.T.);
#2344=EDGE_CURVE($,#1921,#1918,#915,.T.);
#2345=EDGE_CURVE($,#1922,#1923,#916,.T.);
#2346=EDGE_CURVE($,#1923,#1924,#917,.T.);
#2347=EDGE_CURVE($,#1924,#1925,#918,.T.);
#2348=EDGE_CURVE($,#1925,#1922,#919,.T.);
#2349=EDGE_CURVE($,#1921,#1924,#920,.T.);
#2350=EDGE_CURVE($,#1918,#1923,#921,.T.);
#2351=EDGE_CURVE($,#1920,#1925,#922,.T.);
#2352=EDGE_CURVE($,#1919,#1922,#923,.T.);
#2353=EDGE_CURVE($,#1926,#1927,#924,.T.);
#2354=EDGE_CURVE($,#1927,#1928,#925,.T.);
#2355=EDGE_CURVE($,#1928,#1929,#926,.T.);
#2356=EDGE_CURVE($,#1929,#1926,#927,.T.);
#2357=EDGE_CURVE($,#1930,#1931,#928,.T.);
#2358=EDGE_CURVE($,#1931,#1932,#929,.T.);
#2359=EDGE_CURVE($,#1932,#1933,#930,.T.);
#2360=EDGE_CURVE($,#1933,#1930,#931,.T.);
#2361=EDGE_CURVE($,#1929,#1932,#932,.T.);
#2362=EDGE_CURVE($,#1926,#1931,#933,.T.);
#2363=EDGE_CURVE($,#1928,#1933,#934,.T.);
#2364=EDGE_CURVE($,#1927,#1930,#935,.T.);
#2365=EDGE_CURVE($,#1934,#1935,#936,.T.);
#2366=EDGE_CURVE($,#1935,#1936,#937,.T.);
#2367=EDGE_CURVE($,#1936,#1937,#938,.T.);
#2368=EDGE_CURVE($,#1937,#1934,#939,.T.);
#2369=EDGE_CURVE($,#1938,#1939,#940,.T.);
#2370=EDGE_CURVE($,#1939,#1940,#941,.T.);
#2371=EDGE_CURVE($,#1940,#1941,#942,.T.);
#2372=EDGE_CURVE($,#1941,#1938,#943,.T.);
#2373=EDGE_CURVE($,#1937,#1940,#944,.T.);
#2374=EDGE_CURVE($,#1934,#1939,#945,.T.);
#2375=EDGE_CURVE($,#1936,#1941,#946,.T.);
#2376=EDGE_CURVE($,#1935,#1938,#947,.T.);
#2377=EDGE_CURVE($,#1942,#1942,#17,.T.);
#2378=EDGE_CURVE($,#1943,#1943,#18,.T.);
#2379=EDGE_CURVE($,#1944,#1945,#948,.T.);
#2380=EDGE_CURVE($,#1945,#1946,#949,.T.);
#2381=EDGE_CURVE($,#1946,#1947,#950,.T.);
#2382=EDGE_CURVE($,#1947,#1944,#951,.T.);
#2383=EDGE_CURVE($,#1948,#1949,#952,.T.);
#2384=EDGE_CURVE($,#1949,#1950,#953,.T.);
#2385=EDGE_CURVE($,#1950,#1951,#954,.T.);
#2386=EDGE_CURVE($,#1951,#1948,#955,.T.);
#2387=EDGE_CURVE($,#1947,#1950,#956,.T.);
#2388=EDGE_CURVE($,#1944,#1949,#957,.T.);
#2389=EDGE_CURVE($,#1946,#1951,#958,.T.);
#2390=EDGE_CURVE($,#1945,#1948,#959,.T.);
#2391=EDGE_CURVE($,#1952,#1953,#960,.T.);
#2392=EDGE_CURVE($,#1953,#1954,#961,.T.);
#2393=EDGE_CURVE($,#1954,#1955,#962,.T.);
#2394=EDGE_CURVE($,#1955,#1952,#963,.T.);
#2395=EDGE_CURVE($,#1956,#1957,#964,.T.);
#2396=EDGE_CURVE($,#1957,#1958,#965,.T.);
#2397=EDGE_CURVE($,#1958,#1959,#966,.F.);
#2398=EDGE_CURVE($,#1959,#1956,#967,.F.);
#2399=EDGE_CURVE($,#1955,#1958,#968,.F.);
#2400=EDGE_CURVE($,#1952,#1957,#969,.T.);
#2401=EDGE_CURVE($,#1954,#1959,#970,.F.);
#2402=EDGE_CURVE($,#1953,#1956,#971,.T.);
#2403=EDGE_CURVE($,#1960,#1960,#19,.T.);
#2404=EDGE_CURVE($,#1961,#1961,#20,.T.);
#2405=EDGE_CURVE($,#1962,#1963,#972,.T.);
#2406=EDGE_CURVE($,#1963,#1964,#973,.T.);
#2407=EDGE_CURVE($,#1964,#1965,#974,.T.);
#2408=EDGE_CURVE($,#1965,#1962,#975,.T.);
#2409=EDGE_CURVE($,#1966,#1967,#976,.T.);
#2410=EDGE_CURVE($,#1967,#1968,#977,.T.);
#2411=EDGE_CURVE($,#1968,#1969,#978,.T.);
#2412=EDGE_CURVE($,#1969,#1966,#979,.T.);
#2413=EDGE_CURVE($,#1962,#1967,#980,.F.);
#2414=EDGE_CURVE($,#1963,#1966,#981,.T.);
#2415=EDGE_CURVE($,#1968,#1965,#982,.T.);
#2416=EDGE_CURVE($,#1964,#1969,#983,.T.);
#2417=EDGE_CURVE($,#1970,#1971,#984,.T.);
#2418=EDGE_CURVE($,#1971,#1972,#985,.T.);
#2419=EDGE_CURVE($,#1972,#1973,#986,.T.);
#2420=EDGE_CURVE($,#1973,#1970,#987,.T.);
#2421=EDGE_CURVE($,#1974,#1975,#988,.T.);
#2422=EDGE_CURVE($,#1976,#1975,#989,.T.);
#2423=EDGE_CURVE($,#1977,#1976,#990,.T.);
#2424=EDGE_CURVE($,#1974,#1977,#991,.T.);
#2425=EDGE_CURVE($,#1975,#1978,#992,.T.);
#2426=EDGE_CURVE($,#1979,#1978,#993,.T.);
#2427=EDGE_CURVE($,#1976,#1979,#994,.T.);
#2428=EDGE_CURVE($,#1980,#1981,#995,.T.);
#2429=EDGE_CURVE($,#1982,#1981,#996,.T.);
#2430=EDGE_CURVE($,#1983,#1982,#997,.T.);
#2431=EDGE_CURVE($,#1980,#1983,#998,.T.);
#2432=EDGE_CURVE($,#1983,#1984,#999,.T.);
#2433=EDGE_CURVE($,#1984,#1985,#1000,.T.);
#2434=EDGE_CURVE($,#1985,#1980,#1001,.T.);
#2435=EDGE_CURVE($,#1985,#1986,#1002,.T.);
#2436=EDGE_CURVE($,#1987,#1986,#1003,.T.);
#2437=EDGE_CURVE($,#1977,#1987,#1004,.T.);
#2438=EDGE_CURVE($,#1981,#1979,#1005,.T.);
#2439=EDGE_CURVE($,#1984,#1988,#1006,.T.);
#2440=EDGE_CURVE($,#1986,#1988,#1007,.T.);
#2441=EDGE_CURVE($,#1974,#1989,#1008,.T.);
#2442=EDGE_CURVE($,#1988,#1989,#1009,.T.);
#2443=EDGE_CURVE($,#1978,#1982,#1010,.T.);
#2444=EDGE_CURVE($,#1989,#1987,#1011,.T.);
#2445=EDGE_CURVE($,#1990,#1991,#1012,.T.);
#2446=EDGE_CURVE($,#1991,#1992,#1013,.T.);
#2447=EDGE_CURVE($,#1992,#1993,#1014,.T.);
#2448=EDGE_CURVE($,#1993,#1990,#1015,.T.);
#2449=EDGE_CURVE($,#1970,#1992,#1016,.T.);
#2450=EDGE_CURVE($,#1971,#1991,#1017,.T.);
#2451=EDGE_CURVE($,#1973,#1993,#1018,.T.);
#2452=EDGE_CURVE($,#1972,#1990,#1019,.T.);
#2453=EDGE_CURVE($,#1994,#1995,#1020,.T.);
#2454=EDGE_CURVE($,#1995,#1996,#1021,.T.);
#2455=EDGE_CURVE($,#1996,#1997,#1022,.T.);
#2456=EDGE_CURVE($,#1997,#1994,#1023,.T.);
#2457=EDGE_CURVE($,#1998,#1999,#1024,.T.);
#2458=EDGE_CURVE($,#2000,#1999,#1025,.T.);
#2459=EDGE_CURVE($,#2001,#2000,#1026,.T.);
#2460=EDGE_CURVE($,#1998,#2001,#1027,.T.);
#2461=EDGE_CURVE($,#1999,#2002,#1028,.T.);
#2462=EDGE_CURVE($,#2003,#2002,#1029,.T.);
#2463=EDGE_CURVE($,#2000,#2003,#1030,.T.);
#2464=EDGE_CURVE($,#2004,#2005,#1031,.T.);
#2465=EDGE_CURVE($,#2006,#2005,#1032,.T.);
#2466=EDGE_CURVE($,#2007,#2006,#1033,.T.);
#2467=EDGE_CURVE($,#2004,#2007,#1034,.T.);
#2468=EDGE_CURVE($,#2007,#2008,#1035,.T.);
#2469=EDGE_CURVE($,#2008,#2009,#1036,.T.);
#2470=EDGE_CURVE($,#2009,#2004,#1037,.T.);
#2471=EDGE_CURVE($,#2009,#2010,#1038,.T.);
#2472=EDGE_CURVE($,#2011,#2010,#1039,.T.);
#2473=EDGE_CURVE($,#2001,#2011,#1040,.T.);
#2474=EDGE_CURVE($,#2005,#2003,#1041,.T.);
#2475=EDGE_CURVE($,#2008,#2012,#1042,.T.);
#2476=EDGE_CURVE($,#2010,#2012,#1043,.T.);
#2477=EDGE_CURVE($,#1998,#2013,#1044,.T.);
#2478=EDGE_CURVE($,#2012,#2013,#1045,.T.);
#2479=EDGE_CURVE($,#2002,#2006,#1046,.T.);
#2480=EDGE_CURVE($,#2013,#2011,#1047,.T.);
#2481=EDGE_CURVE($,#2014,#2015,#1048,.T.);
#2482=EDGE_CURVE($,#2015,#2016,#1049,.T.);
#2483=EDGE_CURVE($,#2016,#2017,#1050,.T.);
#2484=EDGE_CURVE($,#2017,#2014,#1051,.T.);
#2485=EDGE_CURVE($,#1994,#2016,#1052,.T.);
#2486=EDGE_CURVE($,#1995,#2015,#1053,.T.);
#2487=EDGE_CURVE($,#1997,#2017,#1054,.T.);
#2488=EDGE_CURVE($,#1996,#2014,#1055,.T.);
#2489=EDGE_CURVE($,#2018,#2019,#1056,.T.);
#2490=EDGE_CURVE($,#2019,#2020,#1057,.T.);
#2491=EDGE_CURVE($,#2020,#2021,#1058,.T.);
#2492=EDGE_CURVE($,#2021,#2018,#1059,.T.);
#2493=EDGE_CURVE($,#2022,#2023,#1060,.T.);
#2494=EDGE_CURVE($,#2024,#2023,#1061,.T.);
#2495=EDGE_CURVE($,#2025,#2024,#1062,.T.);
#2496=EDGE_CURVE($,#2022,#2025,#1063,.T.);
#2497=EDGE_CURVE($,#2023,#2026,#1064,.T.);
#2498=EDGE_CURVE($,#2027,#2026,#1065,.T.);
#2499=EDGE_CURVE($,#2024,#2027,#1066,.T.);
#2500=EDGE_CURVE($,#2028,#2029,#1067,.T.);
#2501=EDGE_CURVE($,#2030,#2029,#1068,.T.);
#2502=EDGE_CURVE($,#2031,#2030,#1069,.T.);
#2503=EDGE_CURVE($,#2028,#2031,#1070,.T.);
#2504=EDGE_CURVE($,#2031,#2032,#1071,.T.);
#2505=EDGE_CURVE($,#2032,#2033,#1072,.T.);
#2506=EDGE_CURVE($,#2033,#2028,#1073,.T.);
#2507=EDGE_CURVE($,#2033,#2034,#1074,.T.);
#2508=EDGE_CURVE($,#2035,#2034,#1075,.T.);
#2509=EDGE_CURVE($,#2025,#2035,#1076,.T.);
#2510=EDGE_CURVE($,#2029,#2027,#1077,.T.);
#2511=EDGE_CURVE($,#2032,#2036,#1078,.T.);
#2512=EDGE_CURVE($,#2034,#2036,#1079,.T.);
#2513=EDGE_CURVE($,#2022,#2037,#1080,.T.);
#2514=EDGE_CURVE($,#2036,#2037,#1081,.T.);
#2515=EDGE_CURVE($,#2026,#2030,#1082,.T.);
#2516=EDGE_CURVE($,#2037,#2035,#1083,.T.);
#2517=EDGE_CURVE($,#2038,#2039,#1084,.T.);
#2518=EDGE_CURVE($,#2039,#2040,#1085,.T.);
#2519=EDGE_CURVE($,#2040,#2041,#1086,.T.);
#2520=EDGE_CURVE($,#2041,#2038,#1087,.T.);
#2521=EDGE_CURVE($,#2018,#2040,#1088,.T.);
#2522=EDGE_CURVE($,#2019,#2039,#1089,.T.);
#2523=EDGE_CURVE($,#2021,#2041,#1090,.T.);
#2524=EDGE_CURVE($,#2020,#2038,#1091,.T.);
#2525=EDGE_CURVE($,#2042,#2043,#1092,.T.);
#2526=EDGE_CURVE($,#2043,#2044,#1093,.T.);
#2527=EDGE_CURVE($,#2044,#2045,#1094,.T.);
#2528=EDGE_CURVE($,#2045,#2042,#1095,.T.);
#2529=EDGE_CURVE($,#2046,#2047,#1096,.T.);
#2530=EDGE_CURVE($,#2048,#2047,#1097,.T.);
#2531=EDGE_CURVE($,#2049,#2048,#1098,.T.);
#2532=EDGE_CURVE($,#2046,#2049,#1099,.T.);
#2533=EDGE_CURVE($,#2047,#2050,#1100,.T.);
#2534=EDGE_CURVE($,#2051,#2050,#1101,.T.);
#2535=EDGE_CURVE($,#2048,#2051,#1102,.T.);
#2536=EDGE_CURVE($,#2052,#2053,#1103,.T.);
#2537=EDGE_CURVE($,#2054,#2053,#1104,.T.);
#2538=EDGE_CURVE($,#2055,#2054,#1105,.T.);
#2539=EDGE_CURVE($,#2052,#2055,#1106,.T.);
#2540=EDGE_CURVE($,#2055,#2056,#1107,.T.);
#2541=EDGE_CURVE($,#2056,#2057,#1108,.T.);
#2542=EDGE_CURVE($,#2057,#2052,#1109,.T.);
#2543=EDGE_CURVE($,#2057,#2058,#1110,.T.);
#2544=EDGE_CURVE($,#2059,#2058,#1111,.T.);
#2545=EDGE_CURVE($,#2049,#2059,#1112,.T.);
#2546=EDGE_CURVE($,#2053,#2051,#1113,.T.);
#2547=EDGE_CURVE($,#2056,#2060,#1114,.T.);
#2548=EDGE_CURVE($,#2058,#2060,#1115,.T.);
#2549=EDGE_CURVE($,#2046,#2061,#1116,.T.);
#2550=EDGE_CURVE($,#2060,#2061,#1117,.T.);
#2551=EDGE_CURVE($,#2050,#2054,#1118,.T.);
#2552=EDGE_CURVE($,#2061,#2059,#1119,.T.);
#2553=EDGE_CURVE($,#2062,#2063,#1120,.T.);
#2554=EDGE_CURVE($,#2063,#2064,#1121,.T.);
#2555=EDGE_CURVE($,#2064,#2065,#1122,.T.);
#2556=EDGE_CURVE($,#2065,#2062,#1123,.T.);
#2557=EDGE_CURVE($,#2042,#2064,#1124,.T.);
#2558=EDGE_CURVE($,#2043,#2063,#1125,.T.);
#2559=EDGE_CURVE($,#2045,#2065,#1126,.T.);
#2560=EDGE_CURVE($,#2044,#2062,#1127,.T.);
#2561=EDGE_CURVE($,#2066,#2067,#1128,.T.);
#2562=EDGE_CURVE($,#2067,#2068,#1129,.T.);
#2563=EDGE_CURVE($,#2068,#2069,#1130,.T.);
#2564=EDGE_CURVE($,#2069,#2066,#1131,.T.);
#2565=EDGE_CURVE($,#2070,#2071,#1132,.T.);
#2566=EDGE_CURVE($,#2072,#2071,#1133,.T.);
#2567=EDGE_CURVE($,#2073,#2072,#1134,.T.);
#2568=EDGE_CURVE($,#2070,#2073,#1135,.T.);
#2569=EDGE_CURVE($,#2071,#2074,#1136,.T.);
#2570=EDGE_CURVE($,#2075,#2074,#1137,.T.);
#2571=EDGE_CURVE($,#2072,#2075,#1138,.T.);
#2572=EDGE_CURVE($,#2076,#2077,#1139,.T.);
#2573=EDGE_CURVE($,#2078,#2077,#1140,.T.);
#2574=EDGE_CURVE($,#2079,#2078,#1141,.T.);
#2575=EDGE_CURVE($,#2076,#2079,#1142,.T.);
#2576=EDGE_CURVE($,#2079,#2080,#1143,.T.);
#2577=EDGE_CURVE($,#2080,#2081,#1144,.T.);
#2578=EDGE_CURVE($,#2081,#2076,#1145,.T.);
#2579=EDGE_CURVE($,#2081,#2082,#1146,.T.);
#2580=EDGE_CURVE($,#2083,#2082,#1147,.T.);
#2581=EDGE_CURVE($,#2073,#2083,#1148,.T.);
#2582=EDGE_CURVE($,#2077,#2075,#1149,.T.);
#2583=EDGE_CURVE($,#2080,#2084,#1150,.T.);
#2584=EDGE_CURVE($,#2082,#2084,#1151,.T.);
#2585=EDGE_CURVE($,#2070,#2085,#1152,.T.);
#2586=EDGE_CURVE($,#2084,#2085,#1153,.T.);
#2587=EDGE_CURVE($,#2074,#2078,#1154,.T.);
#2588=EDGE_CURVE($,#2085,#2083,#1155,.T.);
#2589=EDGE_CURVE($,#2086,#2087,#1156,.T.);
#2590=EDGE_CURVE($,#2087,#2088,#1157,.T.);
#2591=EDGE_CURVE($,#2088,#2089,#1158,.T.);
#2592=EDGE_CURVE($,#2089,#2086,#1159,.T.);
#2593=EDGE_CURVE($,#2066,#2088,#1160,.T.);
#2594=EDGE_CURVE($,#2067,#2087,#1161,.T.);
#2595=EDGE_CURVE($,#2069,#2089,#1162,.T.);
#2596=EDGE_CURVE($,#2068,#2086,#1163,.T.);
#2597=EDGE_CURVE($,#2090,#2090,#21,.T.);
#2598=EDGE_CURVE($,#2091,#2091,#22,.T.);
#2599=EDGE_CURVE($,#2092,#2093,#1164,.T.);
#2600=EDGE_CURVE($,#2093,#2094,#1165,.T.);
#2601=EDGE_CURVE($,#2094,#2095,#1166,.T.);
#2602=EDGE_CURVE($,#2095,#2092,#1167,.T.);
#2603=EDGE_CURVE($,#2096,#2097,#1168,.T.);
#2604=EDGE_CURVE($,#2098,#2097,#1169,.T.);
#2605=EDGE_CURVE($,#2099,#2098,#1170,.T.);
#2606=EDGE_CURVE($,#2096,#2099,#1171,.T.);
#2607=EDGE_CURVE($,#2097,#2100,#1172,.T.);
#2608=EDGE_CURVE($,#2101,#2100,#1173,.T.);
#2609=EDGE_CURVE($,#2098,#2101,#1174,.T.);
#2610=EDGE_CURVE($,#2102,#2103,#1175,.T.);
#2611=EDGE_CURVE($,#2104,#2103,#1176,.T.);
#2612=EDGE_CURVE($,#2105,#2104,#1177,.T.);
#2613=EDGE_CURVE($,#2102,#2105,#1178,.T.);
#2614=EDGE_CURVE($,#2105,#2106,#1179,.T.);
#2615=EDGE_CURVE($,#2106,#2107,#1180,.T.);
#2616=EDGE_CURVE($,#2107,#2102,#1181,.T.);
#2617=EDGE_CURVE($,#2107,#2108,#1182,.T.);
#2618=EDGE_CURVE($,#2109,#2108,#1183,.T.);
#2619=EDGE_CURVE($,#2099,#2109,#1184,.T.);
#2620=EDGE_CURVE($,#2103,#2101,#1185,.T.);
#2621=EDGE_CURVE($,#2106,#2110,#1186,.T.);
#2622=EDGE_CURVE($,#2108,#2110,#1187,.T.);
#2623=EDGE_CURVE($,#2096,#2111,#1188,.T.);
#2624=EDGE_CURVE($,#2110,#2111,#1189,.T.);
#2625=EDGE_CURVE($,#2100,#2104,#1190,.T.);
#2626=EDGE_CURVE($,#2111,#2109,#1191,.T.);
#2627=EDGE_CURVE($,#2112,#2113,#1192,.T.);
#2628=EDGE_CURVE($,#2113,#2114,#1193,.T.);
#2629=EDGE_CURVE($,#2114,#2115,#1194,.T.);
#2630=EDGE_CURVE($,#2115,#2112,#1195,.T.);
#2631=EDGE_CURVE($,#2092,#2114,#1196,.T.);
#2632=EDGE_CURVE($,#2093,#2113,#1197,.T.);
#2633=EDGE_CURVE($,#2095,#2115,#1198,.T.);
#2634=EDGE_CURVE($,#2094,#2112,#1199,.T.);
#2635=EDGE_CURVE($,#2116,#2117,#1200,.T.);
#2636=EDGE_CURVE($,#2118,#2117,#1201,.T.);
#2637=EDGE_CURVE($,#2118,#2119,#1202,.T.);
#2638=EDGE_CURVE($,#2116,#2119,#1203,.T.);
#2639=EDGE_CURVE($,#2120,#2117,#1204,.T.);
#2640=EDGE_CURVE($,#2120,#2121,#1205,.T.);
#2641=EDGE_CURVE($,#2118,#2121,#1206,.T.);
#2642=EDGE_CURVE($,#2122,#2119,#1207,.T.);
#2643=EDGE_CURVE($,#2123,#2122,#1208,.F.);
#2644=EDGE_CURVE($,#2116,#2123,#1209,.T.);
#2645=EDGE_CURVE($,#2121,#2122,#1210,.T.);
#2646=EDGE_CURVE($,#2123,#2120,#1211,.T.);
#2647=EDGE_CURVE($,#2124,#2125,#1212,.T.);
#2648=EDGE_CURVE($,#2124,#2126,#1213,.T.);
#2649=EDGE_CURVE($,#2126,#2127,#1214,.T.);
#2650=EDGE_CURVE($,#2127,#2125,#1215,.T.);
#2651=EDGE_CURVE($,#2126,#2128,#1216,.F.);
#2652=EDGE_CURVE($,#2129,#2128,#1217,.T.);
#2653=EDGE_CURVE($,#2127,#2129,#1218,.T.);
#2654=EDGE_CURVE($,#2130,#2131,#1219,.T.);
#2655=EDGE_CURVE($,#2130,#2129,#1220,.T.);
#2656=EDGE_CURVE($,#2128,#2131,#1221,.T.);
#2657=EDGE_CURVE($,#2124,#2131,#1222,.T.);
#2658=EDGE_CURVE($,#2130,#2125,#1223,.T.);
#2659=EDGE_CURVE($,#2132,#2133,#1224,.T.);
#2660=EDGE_CURVE($,#2134,#2133,#1225,.T.);
#2661=EDGE_CURVE($,#2134,#2135,#1226,.T.);
#2662=EDGE_CURVE($,#2132,#2135,#1227,.T.);
#2663=EDGE_CURVE($,#2136,#2133,#1228,.T.);
#2664=EDGE_CURVE($,#2136,#2137,#1229,.T.);
#2665=EDGE_CURVE($,#2134,#2137,#1230,.T.);
#2666=EDGE_CURVE($,#2138,#2135,#1231,.T.);
#2667=EDGE_CURVE($,#2139,#2138,#1232,.F.);
#2668=EDGE_CURVE($,#2132,#2139,#1233,.T.);
#2669=EDGE_CURVE($,#2137,#2138,#1234,.T.);
#2670=EDGE_CURVE($,#2139,#2136,#1235,.T.);
#2671=EDGE_CURVE($,#2140,#2140,#23,.T.);
#2672=EDGE_CURVE($,#2141,#2141,#24,.T.);
#2673=EDGE_CURVE($,#2142,#2143,#1236,.T.);
#2674=EDGE_CURVE($,#2142,#2144,#1237,.T.);
#2675=EDGE_CURVE($,#2144,#2145,#1238,.T.);
#2676=EDGE_CURVE($,#2145,#2143,#1239,.T.);
#2677=EDGE_CURVE($,#2144,#2146,#1240,.F.);
#2678=EDGE_CURVE($,#2147,#2146,#1241,.T.);
#2679=EDGE_CURVE($,#2145,#2147,#1242,.T.);
#2680=EDGE_CURVE($,#2148,#2149,#1243,.T.);
#2681=EDGE_CURVE($,#2148,#2147,#1244,.T.);
#2682=EDGE_CURVE($,#2146,#2149,#1245,.T.);
#2683=EDGE_CURVE($,#2142,#2149,#1246,.T.);
#2684=EDGE_CURVE($,#2148,#2143,#1247,.T.);
#2685=EDGE_CURVE($,#2150,#2151,#1248,.T.);
#2686=EDGE_CURVE($,#2152,#2151,#1249,.T.);
#2687=EDGE_CURVE($,#2152,#2153,#1250,.T.);
#2688=EDGE_CURVE($,#2150,#2153,#1251,.T.);
#2689=EDGE_CURVE($,#2154,#2151,#1252,.T.);
#2690=EDGE_CURVE($,#2154,#2155,#1253,.T.);
#2691=EDGE_CURVE($,#2152,#2155,#1254,.T.);
#2692=EDGE_CURVE($,#2156,#2153,#1255,.T.);
#2693=EDGE_CURVE($,#2157,#2156,#1256,.F.);
#2694=EDGE_CURVE($,#2150,#2157,#1257,.T.);
#2695=EDGE_CURVE($,#2155,#2156,#1258,.T.);
#2696=EDGE_CURVE($,#2157,#2154,#1259,.T.);
#2697=EDGE_CURVE($,#2158,#2159,#1260,.T.);
#2698=EDGE_CURVE($,#2158,#2160,#1261,.T.);
#2699=EDGE_CURVE($,#2160,#2161,#1262,.T.);
#2700=EDGE_CURVE($,#2161,#2159,#1263,.T.);
#2701=EDGE_CURVE($,#2160,#2162,#1264,.F.);
#2702=EDGE_CURVE($,#2163,#2162,#1265,.T.);
#2703=EDGE_CURVE($,#2161,#2163,#1266,.T.);
#2704=EDGE_CURVE($,#2164,#2165,#1267,.T.);
#2705=EDGE_CURVE($,#2164,#2163,#1268,.T.);
#2706=EDGE_CURVE($,#2162,#2165,#1269,.T.);
#2707=EDGE_CURVE($,#2158,#2165,#1270,.T.);
#2708=EDGE_CURVE($,#2164,#2159,#1271,.T.);
#2709=EDGE_CURVE($,#2166,#2166,#25,.T.);
#2710=EDGE_CURVE($,#2167,#2167,#26,.T.);
#2711=EDGE_CURVE($,#2168,#2169,#1272,.T.);
#2712=EDGE_CURVE($,#2170,#2169,#1273,.T.);
#2713=EDGE_CURVE($,#2170,#2171,#1274,.T.);
#2714=EDGE_CURVE($,#2168,#2171,#1275,.T.);
#2715=EDGE_CURVE($,#2172,#2169,#1276,.T.);
#2716=EDGE_CURVE($,#2172,#2173,#1277,.T.);
#2717=EDGE_CURVE($,#2170,#2173,#1278,.T.);
#2718=EDGE_CURVE($,#2174,#2171,#1279,.T.);
#2719=EDGE_CURVE($,#2175,#2174,#1280,.F.);
#2720=EDGE_CURVE($,#2168,#2175,#1281,.T.);
#2721=EDGE_CURVE($,#2173,#2174,#1282,.T.);
#2722=EDGE_CURVE($,#2175,#2172,#1283,.T.);
#2723=EDGE_CURVE($,#2176,#2177,#1284,.T.);
#2724=EDGE_CURVE($,#2176,#2178,#1285,.T.);
#2725=EDGE_CURVE($,#2178,#2179,#1286,.T.);
#2726=EDGE_CURVE($,#2179,#2177,#1287,.T.);
#2727=EDGE_CURVE($,#2178,#2180,#1288,.F.);
#2728=EDGE_CURVE($,#2181,#2180,#1289,.T.);
#2729=EDGE_CURVE($,#2179,#2181,#1290,.T.);
#2730=EDGE_CURVE($,#2182,#2183,#1291,.T.);
#2731=EDGE_CURVE($,#2182,#2181,#1292,.T.);
#2732=EDGE_CURVE($,#2180,#2183,#1293,.T.);
#2733=EDGE_CURVE($,#2176,#2183,#1294,.T.);
#2734=EDGE_CURVE($,#2182,#2177,#1295,.T.);
#2735=EDGE_CURVE($,#2184,#2185,#1296,.T.);
#2736=EDGE_CURVE($,#2184,#2186,#1297,.T.);
#2737=EDGE_CURVE($,#2187,#2186,#1298,.T.);
#2738=EDGE_CURVE($,#2187,#2185,#1299,.T.);
#2739=EDGE_CURVE($,#2188,#2186,#1300,.T.);
#2740=EDGE_CURVE($,#2188,#2189,#1301,.T.);
#2741=EDGE_CURVE($,#2187,#2189,#1302,.T.);
#2742=EDGE_CURVE($,#2190,#2185,#1303,.T.);
#2743=EDGE_CURVE($,#2191,#2190,#1304,.F.);
#2744=EDGE_CURVE($,#2184,#2191,#1305,.T.);
#2745=EDGE_CURVE($,#2189,#2190,#1306,.T.);
#2746=EDGE_CURVE($,#2191,#2188,#1307,.T.);
#2747=EDGE_CURVE($,#2192,#2192,#27,.T.);
#2748=EDGE_CURVE($,#2193,#2193,#28,.T.);
#2749=EDGE_CURVE($,#2194,#2194,#29,.T.);
#2750=EDGE_CURVE($,#2195,#2195,#30,.T.);
#2751=EDGE_CURVE($,#2196,#2196,#31,.T.);
#2752=EDGE_CURVE($,#2197,#2197,#32,.T.);
#2753=EDGE_CURVE($,#2198,#2198,#33,.T.);
#2754=EDGE_CURVE($,#2199,#2199,#34,.T.);
#2755=EDGE_CURVE($,#2200,#2200,#35,.T.);
#2756=EDGE_CURVE($,#2201,#2201,#36,.T.);
#2757=EDGE_CURVE($,#2202,#2202,#37,.T.);
#2758=EDGE_CURVE($,#2203,#2203,#38,.T.);
#2759=EDGE_CURVE($,#2204,#2204,#39,.T.);
#2760=EDGE_CURVE($,#2205,#2205,#40,.T.);
#2761=EDGE_CURVE($,#2206,#2206,#41,.T.);
#2762=EDGE_CURVE($,#2207,#2208,#1308,.T.);
#2763=EDGE_CURVE($,#2208,#2209,#1309,.T.);
#2764=EDGE_CURVE($,#2209,#2210,#1310,.T.);
#2765=EDGE_CURVE($,#2210,#2207,#1311,.T.);
#2766=EDGE_CURVE($,#2211,#2212,#1312,.T.);
#2767=EDGE_CURVE($,#2212,#2213,#1313,.T.);
#2768=EDGE_CURVE($,#2213,#2214,#1314,.T.);
#2769=EDGE_CURVE($,#2214,#2211,#1315,.T.);
#2770=EDGE_CURVE($,#2210,#2213,#1316,.T.);
#2771=EDGE_CURVE($,#2207,#2212,#1317,.T.);
#2772=EDGE_CURVE($,#2209,#2214,#1318,.T.);
#2773=EDGE_CURVE($,#2208,#2211,#1319,.T.);
#2774=EDGE_CURVE($,#2215,#2216,#1320,.T.);
#2775=EDGE_CURVE($,#2216,#2217,#1321,.T.);
#2776=EDGE_CURVE($,#2217,#2218,#1322,.T.);
#2777=EDGE_CURVE($,#2218,#2215,#1323,.T.);
#2778=EDGE_CURVE($,#2219,#2220,#1324,.T.);
#2779=EDGE_CURVE($,#2220,#2221,#1325,.T.);
#2780=EDGE_CURVE($,#2221,#2222,#1326,.T.);
#2781=EDGE_CURVE($,#2222,#2219,#1327,.T.);
#2782=EDGE_CURVE($,#2218,#2221,#1328,.T.);
#2783=EDGE_CURVE($,#2215,#2220,#1329,.T.);
#2784=EDGE_CURVE($,#2217,#2222,#1330,.T.);
#2785=EDGE_CURVE($,#2216,#2219,#1331,.T.);
#2786=EDGE_CURVE($,#2223,#2223,#42,.T.);
#2787=EDGE_CURVE($,#2224,#2224,#43,.T.);
#2788=EDGE_CURVE($,#2225,#2225,#44,.T.);
#2789=EDGE_CURVE($,#2226,#2226,#45,.T.);
#2790=EDGE_CURVE($,#2227,#2227,#46,.T.);
#2791=EDGE_CURVE($,#2228,#2228,#47,.T.);
#2792=EDGE_CURVE($,#2229,#2229,#48,.T.);
#2793=EDGE_CURVE($,#2230,#2230,#49,.T.);
#2794=EDGE_CURVE($,#2231,#2231,#50,.T.);
#2795=EDGE_CURVE($,#2232,#2232,#51,.T.);
#2796=EDGE_CURVE($,#2233,#2233,#52,.T.);
#2797=EDGE_CURVE($,#2234,#2234,#53,.T.);
#2798=EDGE_CURVE($,#2235,#2235,#54,.T.);
#2799=EDGE_CURVE($,#2236,#2236,#55,.T.);
#2800=EDGE_CURVE($,#2237,#2237,#56,.T.);
#2801=EDGE_CURVE($,#2238,#2238,#57,.T.);
#2802=ORIENTED_EDGE($,*,*,#2239,.F.);
#2803=ORIENTED_EDGE($,*,*,#2240,.T.);
#2804=ORIENTED_EDGE($,*,*,#2241,.F.);
#2805=ORIENTED_EDGE($,*,*,#2242,.F.);
#2806=ORIENTED_EDGE($,*,*,#2243,.F.);
#2807=ORIENTED_EDGE($,*,*,#2242,.T.);
#2808=ORIENTED_EDGE($,*,*,#2244,.F.);
#2809=ORIENTED_EDGE($,*,*,#2245,.F.);
#2810=ORIENTED_EDGE($,*,*,#2246,.F.);
#2811=ORIENTED_EDGE($,*,*,#2245,.T.);
#2812=ORIENTED_EDGE($,*,*,#2247,.F.);
#2813=ORIENTED_EDGE($,*,*,#2248,.F.);
#2814=ORIENTED_EDGE($,*,*,#2249,.F.);
#2815=ORIENTED_EDGE($,*,*,#2248,.T.);
#2816=ORIENTED_EDGE($,*,*,#2250,.F.);
#2817=ORIENTED_EDGE($,*,*,#2240,.F.);
#2818=ORIENTED_EDGE($,*,*,#2250,.T.);
#2819=ORIENTED_EDGE($,*,*,#2247,.T.);
#2820=ORIENTED_EDGE($,*,*,#2244,.T.);
#2821=ORIENTED_EDGE($,*,*,#2241,.T.);
#2822=ORIENTED_EDGE($,*,*,#2249,.T.);
#2823=ORIENTED_EDGE($,*,*,#2239,.T.);
#2824=ORIENTED_EDGE($,*,*,#2243,.T.);
#2825=ORIENTED_EDGE($,*,*,#2246,.T.);
#2826=ORIENTED_EDGE($,*,*,#2251,.F.);
#2827=ORIENTED_EDGE($,*,*,#2252,.T.);
#2828=ORIENTED_EDGE($,*,*,#2253,.F.);
#2829=ORIENTED_EDGE($,*,*,#2254,.T.);
#2830=ORIENTED_EDGE($,*,*,#2255,.F.);
#2831=ORIENTED_EDGE($,*,*,#2254,.F.);
#2832=ORIENTED_EDGE($,*,*,#2256,.F.);
#2833=ORIENTED_EDGE($,*,*,#2257,.F.);
#2834=ORIENTED_EDGE($,*,*,#2258,.F.);
#2835=ORIENTED_EDGE($,*,*,#2257,.T.);
#2836=ORIENTED_EDGE($,*,*,#2259,.T.);
#2837=ORIENTED_EDGE($,*,*,#2260,.T.);
#2838=ORIENTED_EDGE($,*,*,#2256,.T.);
#2839=ORIENTED_EDGE($,*,*,#2253,.T.);
#2840=ORIENTED_EDGE($,*,*,#2261,.T.);
#2841=ORIENTED_EDGE($,*,*,#2259,.F.);
#2842=ORIENTED_EDGE($,*,*,#2262,.F.);
#2843=ORIENTED_EDGE($,*,*,#2260,.F.);
#2844=ORIENTED_EDGE($,*,*,#2261,.F.);
#2845=ORIENTED_EDGE($,*,*,#2252,.F.);
#2846=ORIENTED_EDGE($,*,*,#2263,.F.);
#2847=ORIENTED_EDGE($,*,*,#2264,.T.);
#2848=ORIENTED_EDGE($,*,*,#2265,.F.);
#2849=ORIENTED_EDGE($,*,*,#2266,.F.);
#2850=ORIENTED_EDGE($,*,*,#2258,.T.);
#2851=ORIENTED_EDGE($,*,*,#2262,.T.);
#2852=ORIENTED_EDGE($,*,*,#2251,.T.);
#2853=ORIENTED_EDGE($,*,*,#2255,.T.);
#2854=ORIENTED_EDGE($,*,*,#2267,.F.);
#2855=ORIENTED_EDGE($,*,*,#2266,.T.);
#2856=ORIENTED_EDGE($,*,*,#2268,.F.);
#2857=ORIENTED_EDGE($,*,*,#2269,.F.);
#2858=ORIENTED_EDGE($,*,*,#2270,.F.);
#2859=ORIENTED_EDGE($,*,*,#2269,.T.);
#2860=ORIENTED_EDGE($,*,*,#2271,.F.);
#2861=ORIENTED_EDGE($,*,*,#2272,.F.);
#2862=ORIENTED_EDGE($,*,*,#2273,.F.);
#2863=ORIENTED_EDGE($,*,*,#2272,.T.);
#2864=ORIENTED_EDGE($,*,*,#2274,.F.);
#2865=ORIENTED_EDGE($,*,*,#2264,.F.);
#2866=ORIENTED_EDGE($,*,*,#2274,.T.);
#2867=ORIENTED_EDGE($,*,*,#2271,.T.);
#2868=ORIENTED_EDGE($,*,*,#2268,.T.);
#2869=ORIENTED_EDGE($,*,*,#2265,.T.);
#2870=ORIENTED_EDGE($,*,*,#2273,.T.);
#2871=ORIENTED_EDGE($,*,*,#2263,.T.);
#2872=ORIENTED_EDGE($,*,*,#2267,.T.);
#2873=ORIENTED_EDGE($,*,*,#2270,.T.);
#2874=ORIENTED_EDGE($,*,*,#2275,.F.);
#2875=ORIENTED_EDGE($,*,*,#2276,.F.);
#2876=ORIENTED_EDGE($,*,*,#2277,.F.);
#2877=ORIENTED_EDGE($,*,*,#2278,.F.);
#2878=ORIENTED_EDGE($,*,*,#2275,.T.);
#2879=ORIENTED_EDGE($,*,*,#2277,.T.);
#2880=ORIENTED_EDGE($,*,*,#2276,.T.);
#2881=ORIENTED_EDGE($,*,*,#2278,.T.);
#2882=ORIENTED_EDGE($,*,*,#2279,.F.);
#2883=ORIENTED_EDGE($,*,*,#2280,.T.);
#2884=ORIENTED_EDGE($,*,*,#2281,.F.);
#2885=ORIENTED_EDGE($,*,*,#2282,.F.);
#2886=ORIENTED_EDGE($,*,*,#2283,.F.);
#2887=ORIENTED_EDGE($,*,*,#2282,.T.);
#2888=ORIENTED_EDGE($,*,*,#2284,.F.);
#2889=ORIENTED_EDGE($,*,*,#2285,.F.);
#2890=ORIENTED_EDGE($,*,*,#2286,.F.);
#2891=ORIENTED_EDGE($,*,*,#2285,.T.);
#2892=ORIENTED_EDGE($,*,*,#2287,.F.);
#2893=ORIENTED_EDGE($,*,*,#2288,.F.);
#2894=ORIENTED_EDGE($,*,*,#2289,.F.);
#2895=ORIENTED_EDGE($,*,*,#2288,.T.);
#2896=ORIENTED_EDGE($,*,*,#2290,.F.);
#2897=ORIENTED_EDGE($,*,*,#2280,.F.);
#2898=ORIENTED_EDGE($,*,*,#2290,.T.);
#2899=ORIENTED_EDGE($,*,*,#2287,.T.);
#2900=ORIENTED_EDGE($,*,*,#2284,.T.);
#2901=ORIENTED_EDGE($,*,*,#2281,.T.);
#2902=ORIENTED_EDGE($,*,*,#2289,.T.);
#2903=ORIENTED_EDGE($,*,*,#2279,.T.);
#2904=ORIENTED_EDGE($,*,*,#2283,.T.);
#2905=ORIENTED_EDGE($,*,*,#2286,.T.);
#2906=ORIENTED_EDGE($,*,*,#2291,.F.);
#2907=ORIENTED_EDGE($,*,*,#2292,.T.);
#2908=ORIENTED_EDGE($,*,*,#2293,.F.);
#2909=ORIENTED_EDGE($,*,*,#2294,.F.);
#2910=ORIENTED_EDGE($,*,*,#2295,.F.);
#2911=ORIENTED_EDGE($,*,*,#2294,.T.);
#2912=ORIENTED_EDGE($,*,*,#2296,.F.);
#2913=ORIENTED_EDGE($,*,*,#2297,.F.);
#2914=ORIENTED_EDGE($,*,*,#2298,.F.);
#2915=ORIENTED_EDGE($,*,*,#2297,.T.);
#2916=ORIENTED_EDGE($,*,*,#2299,.F.);
#2917=ORIENTED_EDGE($,*,*,#2300,.F.);
#2918=ORIENTED_EDGE($,*,*,#2301,.F.);
#2919=ORIENTED_EDGE($,*,*,#2300,.T.);
#2920=ORIENTED_EDGE($,*,*,#2302,.F.);
#2921=ORIENTED_EDGE($,*,*,#2292,.F.);
#2922=ORIENTED_EDGE($,*,*,#2302,.T.);
#2923=ORIENTED_EDGE($,*,*,#2299,.T.);
#2924=ORIENTED_EDGE($,*,*,#2296,.T.);
#2925=ORIENTED_EDGE($,*,*,#2293,.T.);
#2926=ORIENTED_EDGE($,*,*,#2301,.T.);
#2927=ORIENTED_EDGE($,*,*,#2291,.T.);
#2928=ORIENTED_EDGE($,*,*,#2295,.T.);
#2929=ORIENTED_EDGE($,*,*,#2298,.T.);
#2930=ORIENTED_EDGE($,*,*,#2303,.F.);
#2931=ORIENTED_EDGE($,*,*,#2304,.F.);
#2932=ORIENTED_EDGE($,*,*,#2303,.T.);
#2933=ORIENTED_EDGE($,*,*,#2304,.T.);
#2934=ORIENTED_EDGE($,*,*,#2305,.T.);
#2935=ORIENTED_EDGE($,*,*,#2306,.T.);
#2936=ORIENTED_EDGE($,*,*,#2307,.T.);
#2937=ORIENTED_EDGE($,*,*,#2308,.T.);
#2938=ORIENTED_EDGE($,*,*,#2309,.F.);
#2939=ORIENTED_EDGE($,*,*,#2310,.F.);
#2940=ORIENTED_EDGE($,*,*,#2308,.F.);
#2941=ORIENTED_EDGE($,*,*,#2311,.T.);
#2942=ORIENTED_EDGE($,*,*,#2312,.F.);
#2943=ORIENTED_EDGE($,*,*,#2311,.F.);
#2944=ORIENTED_EDGE($,*,*,#2307,.F.);
#2945=ORIENTED_EDGE($,*,*,#2313,.T.);
#2946=ORIENTED_EDGE($,*,*,#2314,.F.);
#2947=ORIENTED_EDGE($,*,*,#2313,.F.);
#2948=ORIENTED_EDGE($,*,*,#2306,.F.);
#2949=ORIENTED_EDGE($,*,*,#2315,.T.);
#2950=ORIENTED_EDGE($,*,*,#2316,.F.);
#2951=ORIENTED_EDGE($,*,*,#2315,.F.);
#2952=ORIENTED_EDGE($,*,*,#2305,.F.);
#2953=ORIENTED_EDGE($,*,*,#2310,.T.);
#2954=ORIENTED_EDGE($,*,*,#2314,.T.);
#2955=ORIENTED_EDGE($,*,*,#2316,.T.);
#2956=ORIENTED_EDGE($,*,*,#2309,.T.);
#2957=ORIENTED_EDGE($,*,*,#2312,.T.);
#2958=ORIENTED_EDGE($,*,*,#2317,.T.);
#2959=ORIENTED_EDGE($,*,*,#2318,.T.);
#2960=ORIENTED_EDGE($,*,*,#2319,.T.);
#2961=ORIENTED_EDGE($,*,*,#2320,.T.);
#2962=ORIENTED_EDGE($,*,*,#2321,.T.);
#2963=ORIENTED_EDGE($,*,*,#2322,.T.);
#2964=ORIENTED_EDGE($,*,*,#2323,.T.);
#2965=ORIENTED_EDGE($,*,*,#2324,.T.);
#2966=ORIENTED_EDGE($,*,*,#2325,.T.);
#2967=ORIENTED_EDGE($,*,*,#2322,.F.);
#2968=ORIENTED_EDGE($,*,*,#2326,.F.);
#2969=ORIENTED_EDGE($,*,*,#2320,.F.);
#2970=ORIENTED_EDGE($,*,*,#2327,.T.);
#2971=ORIENTED_EDGE($,*,*,#2323,.F.);
#2972=ORIENTED_EDGE($,*,*,#2325,.F.);
#2973=ORIENTED_EDGE($,*,*,#2319,.F.);
#2974=ORIENTED_EDGE($,*,*,#2328,.T.);
#2975=ORIENTED_EDGE($,*,*,#2324,.F.);
#2976=ORIENTED_EDGE($,*,*,#2327,.F.);
#2977=ORIENTED_EDGE($,*,*,#2318,.F.);
#2978=ORIENTED_EDGE($,*,*,#2326,.T.);
#2979=ORIENTED_EDGE($,*,*,#2321,.F.);
#2980=ORIENTED_EDGE($,*,*,#2328,.F.);
#2981=ORIENTED_EDGE($,*,*,#2317,.F.);
#2982=ORIENTED_EDGE($,*,*,#2329,.F.);
#2983=ORIENTED_EDGE($,*,*,#2330,.F.);
#2984=ORIENTED_EDGE($,*,*,#2331,.F.);
#2985=ORIENTED_EDGE($,*,*,#2332,.F.);
#2986=ORIENTED_EDGE($,*,*,#2331,.T.);
#2987=ORIENTED_EDGE($,*,*,#2333,.T.);
#2988=ORIENTED_EDGE($,*,*,#2334,.F.);
#2989=ORIENTED_EDGE($,*,*,#2335,.F.);
#2990=ORIENTED_EDGE($,*,*,#2330,.T.);
#2991=ORIENTED_EDGE($,*,*,#2336,.T.);
#2992=ORIENTED_EDGE($,*,*,#2337,.F.);
#2993=ORIENTED_EDGE($,*,*,#2333,.F.);
#2994=ORIENTED_EDGE($,*,*,#2329,.T.);
#2995=ORIENTED_EDGE($,*,*,#2338,.T.);
#2996=ORIENTED_EDGE($,*,*,#2339,.F.);
#2997=ORIENTED_EDGE($,*,*,#2336,.F.);
#2998=ORIENTED_EDGE($,*,*,#2332,.T.);
#2999=ORIENTED_EDGE($,*,*,#2335,.T.);
#3000=ORIENTED_EDGE($,*,*,#2340,.F.);
#3001=ORIENTED_EDGE($,*,*,#2338,.F.);
#3002=ORIENTED_EDGE($,*,*,#2340,.T.);
#3003=ORIENTED_EDGE($,*,*,#2334,.T.);
#3004=ORIENTED_EDGE($,*,*,#2337,.T.);
#3005=ORIENTED_EDGE($,*,*,#2339,.T.);
#3006=ORIENTED_EDGE($,*,*,#2341,.T.);
#3007=ORIENTED_EDGE($,*,*,#2342,.T.);
#3008=ORIENTED_EDGE($,*,*,#2343,.T.);
#3009=ORIENTED_EDGE($,*,*,#2344,.T.);
#3010=ORIENTED_EDGE($,*,*,#2345,.T.);
#3011=ORIENTED_EDGE($,*,*,#2346,.T.);
#3012=ORIENTED_EDGE($,*,*,#2347,.T.);
#3013=ORIENTED_EDGE($,*,*,#2348,.T.);
#3014=ORIENTED_EDGE($,*,*,#2349,.T.);
#3015=ORIENTED_EDGE($,*,*,#2346,.F.);
#3016=ORIENTED_EDGE($,*,*,#2350,.F.);
#3017=ORIENTED_EDGE($,*,*,#2344,.F.);
#3018=ORIENTED_EDGE($,*,*,#2351,.T.);
#3019=ORIENTED_EDGE($,*,*,#2347,.F.);
#3020=ORIENTED_EDGE($,*,*,#2349,.F.);
#3021=ORIENTED_EDGE($,*,*,#2343,.F.);
#3022=ORIENTED_EDGE($,*,*,#2352,.T.);
#3023=ORIENTED_EDGE($,*,*,#2348,.F.);
#3024=ORIENTED_EDGE($,*,*,#2351,.F.);
#3025=ORIENTED_EDGE($,*,*,#2342,.F.);
#3026=ORIENTED_EDGE($,*,*,#2350,.T.);
#3027=ORIENTED_EDGE($,*,*,#2345,.F.);
#3028=ORIENTED_EDGE($,*,*,#2352,.F.);
#3029=ORIENTED_EDGE($,*,*,#2341,.F.);
#3030=ORIENTED_EDGE($,*,*,#2353,.T.);
#3031=ORIENTED_EDGE($,*,*,#2354,.T.);
#3032=ORIENTED_EDGE($,*,*,#2355,.T.);
#3033=ORIENTED_EDGE($,*,*,#2356,.T.);
#3034=ORIENTED_EDGE($,*,*,#2357,.T.);
#3035=ORIENTED_EDGE($,*,*,#2358,.T.);
#3036=ORIENTED_EDGE($,*,*,#2359,.T.);
#3037=ORIENTED_EDGE($,*,*,#2360,.T.);
#3038=ORIENTED_EDGE($,*,*,#2361,.T.);
#3039=ORIENTED_EDGE($,*,*,#2358,.F.);
#3040=ORIENTED_EDGE($,*,*,#2362,.F.);
#3041=ORIENTED_EDGE($,*,*,#2356,.F.);
#3042=ORIENTED_EDGE($,*,*,#2363,.T.);
#3043=ORIENTED_EDGE($,*,*,#2359,.F.);
#3044=ORIENTED_EDGE($,*,*,#2361,.F.);
#3045=ORIENTED_EDGE($,*,*,#2355,.F.);
#3046=ORIENTED_EDGE($,*,*,#2364,.T.);
#3047=ORIENTED_EDGE($,*,*,#2360,.F.);
#3048=ORIENTED_EDGE($,*,*,#2363,.F.);
#3049=ORIENTED_EDGE($,*,*,#2354,.F.);
#3050=ORIENTED_EDGE($,*,*,#2362,.T.);
#3051=ORIENTED_EDGE($,*,*,#2357,.F.);
#3052=ORIENTED_EDGE($,*,*,#2364,.F.);
#3053=ORIENTED_EDGE($,*,*,#2353,.F.);
#3054=ORIENTED_EDGE($,*,*,#2365,.T.);
#3055=ORIENTED_EDGE($,*,*,#2366,.T.);
#3056=ORIENTED_EDGE($,*,*,#2367,.T.);
#3057=ORIENTED_EDGE($,*,*,#2368,.T.);
#3058=ORIENTED_EDGE($,*,*,#2369,.T.);
#3059=ORIENTED_EDGE($,*,*,#2370,.T.);
#3060=ORIENTED_EDGE($,*,*,#2371,.T.);
#3061=ORIENTED_EDGE($,*,*,#2372,.T.);
#3062=ORIENTED_EDGE($,*,*,#2373,.T.);
#3063=ORIENTED_EDGE($,*,*,#2370,.F.);
#3064=ORIENTED_EDGE($,*,*,#2374,.F.);
#3065=ORIENTED_EDGE($,*,*,#2368,.F.);
#3066=ORIENTED_EDGE($,*,*,#2375,.T.);
#3067=ORIENTED_EDGE($,*,*,#2371,.F.);
#3068=ORIENTED_EDGE($,*,*,#2373,.F.);
#3069=ORIENTED_EDGE($,*,*,#2367,.F.);
#3070=ORIENTED_EDGE($,*,*,#2376,.T.);
#3071=ORIENTED_EDGE($,*,*,#2372,.F.);
#3072=ORIENTED_EDGE($,*,*,#2375,.F.);
#3073=ORIENTED_EDGE($,*,*,#2366,.F.);
#3074=ORIENTED_EDGE($,*,*,#2374,.T.);
#3075=ORIENTED_EDGE($,*,*,#2369,.F.);
#3076=ORIENTED_EDGE($,*,*,#2376,.F.);
#3077=ORIENTED_EDGE($,*,*,#2365,.F.);
#3078=ORIENTED_EDGE($,*,*,#2377,.F.);
#3079=ORIENTED_EDGE($,*,*,#2378,.F.);
#3080=ORIENTED_EDGE($,*,*,#2377,.T.);
#3081=ORIENTED_EDGE($,*,*,#2378,.T.);
#3082=ORIENTED_EDGE($,*,*,#2379,.T.);
#3083=ORIENTED_EDGE($,*,*,#2380,.T.);
#3084=ORIENTED_EDGE($,*,*,#2381,.T.);
#3085=ORIENTED_EDGE($,*,*,#2382,.T.);
#3086=ORIENTED_EDGE($,*,*,#2383,.T.);
#3087=ORIENTED_EDGE($,*,*,#2384,.T.);
#3088=ORIENTED_EDGE($,*,*,#2385,.T.);
#3089=ORIENTED_EDGE($,*,*,#2386,.T.);
#3090=ORIENTED_EDGE($,*,*,#2387,.T.);
#3091=ORIENTED_EDGE($,*,*,#2384,.F.);
#3092=ORIENTED_EDGE($,*,*,#2388,.F.);
#3093=ORIENTED_EDGE($,*,*,#2382,.F.);
#3094=ORIENTED_EDGE($,*,*,#2389,.T.);
#3095=ORIENTED_EDGE($,*,*,#2385,.F.);
#3096=ORIENTED_EDGE($,*,*,#2387,.F.);
#3097=ORIENTED_EDGE($,*,*,#2381,.F.);
#3098=ORIENTED_EDGE($,*,*,#2390,.T.);
#3099=ORIENTED_EDGE($,*,*,#2386,.F.);
#3100=ORIENTED_EDGE($,*,*,#2389,.F.);
#3101=ORIENTED_EDGE($,*,*,#2380,.F.);
#3102=ORIENTED_EDGE($,*,*,#2388,.T.);
#3103=ORIENTED_EDGE($,*,*,#2383,.F.);
#3104=ORIENTED_EDGE($,*,*,#2390,.F.);
#3105=ORIENTED_EDGE($,*,*,#2379,.F.);
#3106=ORIENTED_EDGE($,*,*,#2391,.T.);
#3107=ORIENTED_EDGE($,*,*,#2392,.T.);
#3108=ORIENTED_EDGE($,*,*,#2393,.T.);
#3109=ORIENTED_EDGE($,*,*,#2394,.T.);
#3110=ORIENTED_EDGE($,*,*,#2395,.T.);
#3111=ORIENTED_EDGE($,*,*,#2396,.T.);
#3112=ORIENTED_EDGE($,*,*,#2397,.T.);
#3113=ORIENTED_EDGE($,*,*,#2398,.T.);
#3114=ORIENTED_EDGE($,*,*,#2399,.T.);
#3115=ORIENTED_EDGE($,*,*,#2396,.F.);
#3116=ORIENTED_EDGE($,*,*,#2400,.F.);
#3117=ORIENTED_EDGE($,*,*,#2394,.F.);
#3118=ORIENTED_EDGE($,*,*,#2401,.T.);
#3119=ORIENTED_EDGE($,*,*,#2397,.F.);
#3120=ORIENTED_EDGE($,*,*,#2399,.F.);
#3121=ORIENTED_EDGE($,*,*,#2393,.F.);
#3122=ORIENTED_EDGE($,*,*,#2402,.T.);
#3123=ORIENTED_EDGE($,*,*,#2398,.F.);
#3124=ORIENTED_EDGE($,*,*,#2401,.F.);
#3125=ORIENTED_EDGE($,*,*,#2392,.F.);
#3126=ORIENTED_EDGE($,*,*,#2400,.T.);
#3127=ORIENTED_EDGE($,*,*,#2395,.F.);
#3128=ORIENTED_EDGE($,*,*,#2402,.F.);
#3129=ORIENTED_EDGE($,*,*,#2391,.F.);
#3130=ORIENTED_EDGE($,*,*,#2403,.F.);
#3131=ORIENTED_EDGE($,*,*,#2404,.F.);
#3132=ORIENTED_EDGE($,*,*,#2403,.T.);
#3133=ORIENTED_EDGE($,*,*,#2404,.T.);
#3134=ORIENTED_EDGE($,*,*,#2405,.T.);
#3135=ORIENTED_EDGE($,*,*,#2406,.T.);
#3136=ORIENTED_EDGE($,*,*,#2407,.T.);
#3137=ORIENTED_EDGE($,*,*,#2408,.T.);
#3138=ORIENTED_EDGE($,*,*,#2409,.T.);
#3139=ORIENTED_EDGE($,*,*,#2410,.T.);
#3140=ORIENTED_EDGE($,*,*,#2411,.T.);
#3141=ORIENTED_EDGE($,*,*,#2412,.T.);
#3142=ORIENTED_EDGE($,*,*,#2405,.F.);
#3143=ORIENTED_EDGE($,*,*,#2413,.T.);
#3144=ORIENTED_EDGE($,*,*,#2409,.F.);
#3145=ORIENTED_EDGE($,*,*,#2414,.F.);
#3146=ORIENTED_EDGE($,*,*,#2415,.F.);
#3147=ORIENTED_EDGE($,*,*,#2410,.F.);
#3148=ORIENTED_EDGE($,*,*,#2413,.F.);
#3149=ORIENTED_EDGE($,*,*,#2408,.F.);
#3150=ORIENTED_EDGE($,*,*,#2415,.T.);
#3151=ORIENTED_EDGE($,*,*,#2407,.F.);
#3152=ORIENTED_EDGE($,*,*,#2416,.T.);
#3153=ORIENTED_EDGE($,*,*,#2411,.F.);
#3154=ORIENTED_EDGE($,*,*,#2416,.F.);
#3155=ORIENTED_EDGE($,*,*,#2406,.F.);
#3156=ORIENTED_EDGE($,*,*,#2414,.T.);
#3157=ORIENTED_EDGE($,*,*,#2412,.F.);
#3158=ORIENTED_EDGE($,*,*,#2417,.T.);
#3159=ORIENTED_EDGE($,*,*,#2418,.T.);
#3160=ORIENTED_EDGE($,*,*,#2419,.T.);
#3161=ORIENTED_EDGE($,*,*,#2420,.T.);
#3162=ORIENTED_EDGE($,*,*,#2421,.T.);
#3163=ORIENTED_EDGE($,*,*,#2422,.F.);
#3164=ORIENTED_EDGE($,*,*,#2423,.F.);
#3165=ORIENTED_EDGE($,*,*,#2424,.F.);
#3166=ORIENTED_EDGE($,*,*,#2422,.T.);
#3167=ORIENTED_EDGE($,*,*,#2425,.T.);
#3168=ORIENTED_EDGE($,*,*,#2426,.F.);
#3169=ORIENTED_EDGE($,*,*,#2427,.F.);
#3170=ORIENTED_EDGE($,*,*,#2428,.T.);
#3171=ORIENTED_EDGE($,*,*,#2429,.F.);
#3172=ORIENTED_EDGE($,*,*,#2430,.F.);
#3173=ORIENTED_EDGE($,*,*,#2431,.F.);
#3174=ORIENTED_EDGE($,*,*,#2432,.T.);
#3175=ORIENTED_EDGE($,*,*,#2433,.T.);
#3176=ORIENTED_EDGE($,*,*,#2434,.T.);
#3177=ORIENTED_EDGE($,*,*,#2431,.T.);
#3178=ORIENTED_EDGE($,*,*,#2435,.T.);
#3179=ORIENTED_EDGE($,*,*,#2436,.F.);
#3180=ORIENTED_EDGE($,*,*,#2437,.F.);
#3181=ORIENTED_EDGE($,*,*,#2423,.T.);
#3182=ORIENTED_EDGE($,*,*,#2427,.T.);
#3183=ORIENTED_EDGE($,*,*,#2438,.F.);
#3184=ORIENTED_EDGE($,*,*,#2428,.F.);
#3185=ORIENTED_EDGE($,*,*,#2434,.F.);
#3186=ORIENTED_EDGE($,*,*,#2439,.T.);
#3187=ORIENTED_EDGE($,*,*,#2440,.F.);
#3188=ORIENTED_EDGE($,*,*,#2435,.F.);
#3189=ORIENTED_EDGE($,*,*,#2433,.F.);
#3190=ORIENTED_EDGE($,*,*,#2441,.T.);
#3191=ORIENTED_EDGE($,*,*,#2442,.F.);
#3192=ORIENTED_EDGE($,*,*,#2439,.F.);
#3193=ORIENTED_EDGE($,*,*,#2432,.F.);
#3194=ORIENTED_EDGE($,*,*,#2430,.T.);
#3195=ORIENTED_EDGE($,*,*,#2443,.F.);
#3196=ORIENTED_EDGE($,*,*,#2425,.F.);
#3197=ORIENTED_EDGE($,*,*,#2421,.F.);
#3198=ORIENTED_EDGE($,*,*,#2424,.T.);
#3199=ORIENTED_EDGE($,*,*,#2437,.T.);
#3200=ORIENTED_EDGE($,*,*,#2444,.F.);
#3201=ORIENTED_EDGE($,*,*,#2441,.F.);
#3202=ORIENTED_EDGE($,*,*,#2438,.T.);
#3203=ORIENTED_EDGE($,*,*,#2426,.T.);
#3204=ORIENTED_EDGE($,*,*,#2443,.T.);
#3205=ORIENTED_EDGE($,*,*,#2429,.T.);
#3206=ORIENTED_EDGE($,*,*,#2436,.T.);
#3207=ORIENTED_EDGE($,*,*,#2440,.T.);
#3208=ORIENTED_EDGE($,*,*,#2442,.T.);
#3209=ORIENTED_EDGE($,*,*,#2444,.T.);
#3210=ORIENTED_EDGE($,*,*,#2445,.T.);
#3211=ORIENTED_EDGE($,*,*,#2446,.T.);
#3212=ORIENTED_EDGE($,*,*,#2447,.T.);
#3213=ORIENTED_EDGE($,*,*,#2448,.T.);
#3214=ORIENTED_EDGE($,*,*,#2449,.T.);
#3215=ORIENTED_EDGE($,*,*,#2446,.F.);
#3216=ORIENTED_EDGE($,*,*,#2450,.F.);
#3217=ORIENTED_EDGE($,*,*,#2417,.F.);
#3218=ORIENTED_EDGE($,*,*,#2451,.T.);
#3219=ORIENTED_EDGE($,*,*,#2447,.F.);
#3220=ORIENTED_EDGE($,*,*,#2449,.F.);
#3221=ORIENTED_EDGE($,*,*,#2420,.F.);
#3222=ORIENTED_EDGE($,*,*,#2452,.T.);
#3223=ORIENTED_EDGE($,*,*,#2448,.F.);
#3224=ORIENTED_EDGE($,*,*,#2451,.F.);
#3225=ORIENTED_EDGE($,*,*,#2419,.F.);
#3226=ORIENTED_EDGE($,*,*,#2450,.T.);
#3227=ORIENTED_EDGE($,*,*,#2445,.F.);
#3228=ORIENTED_EDGE($,*,*,#2452,.F.);
#3229=ORIENTED_EDGE($,*,*,#2418,.F.);
#3230=ORIENTED_EDGE($,*,*,#2453,.T.);
#3231=ORIENTED_EDGE($,*,*,#2454,.T.);
#3232=ORIENTED_EDGE($,*,*,#2455,.T.);
#3233=ORIENTED_EDGE($,*,*,#2456,.T.);
#3234=ORIENTED_EDGE($,*,*,#2457,.T.);
#3235=ORIENTED_EDGE($,*,*,#2458,.F.);
#3236=ORIENTED_EDGE($,*,*,#2459,.F.);
#3237=ORIENTED_EDGE($,*,*,#2460,.F.);
#3238=ORIENTED_EDGE($,*,*,#2458,.T.);
#3239=ORIENTED_EDGE($,*,*,#2461,.T.);
#3240=ORIENTED_EDGE($,*,*,#2462,.F.);
#3241=ORIENTED_EDGE($,*,*,#2463,.F.);
#3242=ORIENTED_EDGE($,*,*,#2464,.T.);
#3243=ORIENTED_EDGE($,*,*,#2465,.F.);
#3244=ORIENTED_EDGE($,*,*,#2466,.F.);
#3245=ORIENTED_EDGE($,*,*,#2467,.F.);
#3246=ORIENTED_EDGE($,*,*,#2468,.T.);
#3247=ORIENTED_EDGE($,*,*,#2469,.T.);
#3248=ORIENTED_EDGE($,*,*,#2470,.T.);
#3249=ORIENTED_EDGE($,*,*,#2467,.T.);
#3250=ORIENTED_EDGE($,*,*,#2471,.T.);
#3251=ORIENTED_EDGE($,*,*,#2472,.F.);
#3252=ORIENTED_EDGE($,*,*,#2473,.F.);
#3253=ORIENTED_EDGE($,*,*,#2459,.T.);
#3254=ORIENTED_EDGE($,*,*,#2463,.T.);
#3255=ORIENTED_EDGE($,*,*,#2474,.F.);
#3256=ORIENTED_EDGE($,*,*,#2464,.F.);
#3257=ORIENTED_EDGE($,*,*,#2470,.F.);
#3258=ORIENTED_EDGE($,*,*,#2475,.T.);
#3259=ORIENTED_EDGE($,*,*,#2476,.F.);
#3260=ORIENTED_EDGE($,*,*,#2471,.F.);
#3261=ORIENTED_EDGE($,*,*,#2469,.F.);
#3262=ORIENTED_EDGE($,*,*,#2477,.T.);
#3263=ORIENTED_EDGE($,*,*,#2478,.F.);
#3264=ORIENTED_EDGE($,*,*,#2475,.F.);
#3265=ORIENTED_EDGE($,*,*,#2468,.F.);
#3266=ORIENTED_EDGE($,*,*,#2466,.T.);
#3267=ORIENTED_EDGE($,*,*,#2479,.F.);
#3268=ORIENTED_EDGE($,*,*,#2461,.F.);
#3269=ORIENTED_EDGE($,*,*,#2457,.F.);
#3270=ORIENTED_EDGE($,*,*,#2460,.T.);
#3271=ORIENTED_EDGE($,*,*,#2473,.T.);
#3272=ORIENTED_EDGE($,*,*,#2480,.F.);
#3273=ORIENTED_EDGE($,*,*,#2477,.F.);
#3274=ORIENTED_EDGE($,*,*,#2474,.T.);
#3275=ORIENTED_EDGE($,*,*,#2462,.T.);
#3276=ORIENTED_EDGE($,*,*,#2479,.T.);
#3277=ORIENTED_EDGE($,*,*,#2465,.T.);
#3278=ORIENTED_EDGE($,*,*,#2472,.T.);
#3279=ORIENTED_EDGE($,*,*,#2476,.T.);
#3280=ORIENTED_EDGE($,*,*,#2478,.T.);
#3281=ORIENTED_EDGE($,*,*,#2480,.T.);
#3282=ORIENTED_EDGE($,*,*,#2481,.T.);
#3283=ORIENTED_EDGE($,*,*,#2482,.T.);
#3284=ORIENTED_EDGE($,*,*,#2483,.T.);
#3285=ORIENTED_EDGE($,*,*,#2484,.T.);
#3286=ORIENTED_EDGE($,*,*,#2485,.T.);
#3287=ORIENTED_EDGE($,*,*,#2482,.F.);
#3288=ORIENTED_EDGE($,*,*,#2486,.F.);
#3289=ORIENTED_EDGE($,*,*,#2453,.F.);
#3290=ORIENTED_EDGE($,*,*,#2487,.T.);
#3291=ORIENTED_EDGE($,*,*,#2483,.F.);
#3292=ORIENTED_EDGE($,*,*,#2485,.F.);
#3293=ORIENTED_EDGE($,*,*,#2456,.F.);
#3294=ORIENTED_EDGE($,*,*,#2488,.T.);
#3295=ORIENTED_EDGE($,*,*,#2484,.F.);
#3296=ORIENTED_EDGE($,*,*,#2487,.F.);
#3297=ORIENTED_EDGE($,*,*,#2455,.F.);
#3298=ORIENTED_EDGE($,*,*,#2486,.T.);
#3299=ORIENTED_EDGE($,*,*,#2481,.F.);
#3300=ORIENTED_EDGE($,*,*,#2488,.F.);
#3301=ORIENTED_EDGE($,*,*,#2454,.F.);
#3302=ORIENTED_EDGE($,*,*,#2489,.T.);
#3303=ORIENTED_EDGE($,*,*,#2490,.T.);
#3304=ORIENTED_EDGE($,*,*,#2491,.T.);
#3305=ORIENTED_EDGE($,*,*,#2492,.T.);
#3306=ORIENTED_EDGE($,*,*,#2493,.T.);
#3307=ORIENTED_EDGE($,*,*,#2494,.F.);
#3308=ORIENTED_EDGE($,*,*,#2495,.F.);
#3309=ORIENTED_EDGE($,*,*,#2496,.F.);
#3310=ORIENTED_EDGE($,*,*,#2494,.T.);
#3311=ORIENTED_EDGE($,*,*,#2497,.T.);
#3312=ORIENTED_EDGE($,*,*,#2498,.F.);
#3313=ORIENTED_EDGE($,*,*,#2499,.F.);
#3314=ORIENTED_EDGE($,*,*,#2500,.T.);
#3315=ORIENTED_EDGE($,*,*,#2501,.F.);
#3316=ORIENTED_EDGE($,*,*,#2502,.F.);
#3317=ORIENTED_EDGE($,*,*,#2503,.F.);
#3318=ORIENTED_EDGE($,*,*,#2504,.T.);
#3319=ORIENTED_EDGE($,*,*,#2505,.T.);
#3320=ORIENTED_EDGE($,*,*,#2506,.T.);
#3321=ORIENTED_EDGE($,*,*,#2503,.T.);
#3322=ORIENTED_EDGE($,*,*,#2507,.T.);
#3323=ORIENTED_EDGE($,*,*,#2508,.F.);
#3324=ORIENTED_EDGE($,*,*,#2509,.F.);
#3325=ORIENTED_EDGE($,*,*,#2495,.T.);
#3326=ORIENTED_EDGE($,*,*,#2499,.T.);
#3327=ORIENTED_EDGE($,*,*,#2510,.F.);
#3328=ORIENTED_EDGE($,*,*,#2500,.F.);
#3329=ORIENTED_EDGE($,*,*,#2506,.F.);
#3330=ORIENTED_EDGE($,*,*,#2511,.T.);
#3331=ORIENTED_EDGE($,*,*,#2512,.F.);
#3332=ORIENTED_EDGE($,*,*,#2507,.F.);
#3333=ORIENTED_EDGE($,*,*,#2505,.F.);
#3334=ORIENTED_EDGE($,*,*,#2513,.T.);
#3335=ORIENTED_EDGE($,*,*,#2514,.F.);
#3336=ORIENTED_EDGE($,*,*,#2511,.F.);
#3337=ORIENTED_EDGE($,*,*,#2504,.F.);
#3338=ORIENTED_EDGE($,*,*,#2502,.T.);
#3339=ORIENTED_EDGE($,*,*,#2515,.F.);
#3340=ORIENTED_EDGE($,*,*,#2497,.F.);
#3341=ORIENTED_EDGE($,*,*,#2493,.F.);
#3342=ORIENTED_EDGE($,*,*,#2496,.T.);
#3343=ORIENTED_EDGE($,*,*,#2509,.T.);
#3344=ORIENTED_EDGE($,*,*,#2516,.F.);
#3345=ORIENTED_EDGE($,*,*,#2513,.F.);
#3346=ORIENTED_EDGE($,*,*,#2510,.T.);
#3347=ORIENTED_EDGE($,*,*,#2498,.T.);
#3348=ORIENTED_EDGE($,*,*,#2515,.T.);
#3349=ORIENTED_EDGE($,*,*,#2501,.T.);
#3350=ORIENTED_EDGE($,*,*,#2508,.T.);
#3351=ORIENTED_EDGE($,*,*,#2512,.T.);
#3352=ORIENTED_EDGE($,*,*,#2514,.T.);
#3353=ORIENTED_EDGE($,*,*,#2516,.T.);
#3354=ORIENTED_EDGE($,*,*,#2517,.T.);
#3355=ORIENTED_EDGE($,*,*,#2518,.T.);
#3356=ORIENTED_EDGE($,*,*,#2519,.T.);
#3357=ORIENTED_EDGE($,*,*,#2520,.T.);
#3358=ORIENTED_EDGE($,*,*,#2521,.T.);
#3359=ORIENTED_EDGE($,*,*,#2518,.F.);
#3360=ORIENTED_EDGE($,*,*,#2522,.F.);
#3361=ORIENTED_EDGE($,*,*,#2489,.F.);
#3362=ORIENTED_EDGE($,*,*,#2523,.T.);
#3363=ORIENTED_EDGE($,*,*,#2519,.F.);
#3364=ORIENTED_EDGE($,*,*,#2521,.F.);
#3365=ORIENTED_EDGE($,*,*,#2492,.F.);
#3366=ORIENTED_EDGE($,*,*,#2524,.T.);
#3367=ORIENTED_EDGE($,*,*,#2520,.F.);
#3368=ORIENTED_EDGE($,*,*,#2523,.F.);
#3369=ORIENTED_EDGE($,*,*,#2491,.F.);
#3370=ORIENTED_EDGE($,*,*,#2522,.T.);
#3371=ORIENTED_EDGE($,*,*,#2517,.F.);
#3372=ORIENTED_EDGE($,*,*,#2524,.F.);
#3373=ORIENTED_EDGE($,*,*,#2490,.F.);
#3374=ORIENTED_EDGE($,*,*,#2525,.T.);
#3375=ORIENTED_EDGE($,*,*,#2526,.T.);
#3376=ORIENTED_EDGE($,*,*,#2527,.T.);
#3377=ORIENTED_EDGE($,*,*,#2528,.T.);
#3378=ORIENTED_EDGE($,*,*,#2529,.T.);
#3379=ORIENTED_EDGE($,*,*,#2530,.F.);
#3380=ORIENTED_EDGE($,*,*,#2531,.F.);
#3381=ORIENTED_EDGE($,*,*,#2532,.F.);
#3382=ORIENTED_EDGE($,*,*,#2530,.T.);
#3383=ORIENTED_EDGE($,*,*,#2533,.T.);
#3384=ORIENTED_EDGE($,*,*,#2534,.F.);
#3385=ORIENTED_EDGE($,*,*,#2535,.F.);
#3386=ORIENTED_EDGE($,*,*,#2536,.T.);
#3387=ORIENTED_EDGE($,*,*,#2537,.F.);
#3388=ORIENTED_EDGE($,*,*,#2538,.F.);
#3389=ORIENTED_EDGE($,*,*,#2539,.F.);
#3390=ORIENTED_EDGE($,*,*,#2540,.T.);
#3391=ORIENTED_EDGE($,*,*,#2541,.T.);
#3392=ORIENTED_EDGE($,*,*,#2542,.T.);
#3393=ORIENTED_EDGE($,*,*,#2539,.T.);
#3394=ORIENTED_EDGE($,*,*,#2543,.T.);
#3395=ORIENTED_EDGE($,*,*,#2544,.F.);
#3396=ORIENTED_EDGE($,*,*,#2545,.F.);
#3397=ORIENTED_EDGE($,*,*,#2531,.T.);
#3398=ORIENTED_EDGE($,*,*,#2535,.T.);
#3399=ORIENTED_EDGE($,*,*,#2546,.F.);
#3400=ORIENTED_EDGE($,*,*,#2536,.F.);
#3401=ORIENTED_EDGE($,*,*,#2542,.F.);
#3402=ORIENTED_EDGE($,*,*,#2547,.T.);
#3403=ORIENTED_EDGE($,*,*,#2548,.F.);
#3404=ORIENTED_EDGE($,*,*,#2543,.F.);
#3405=ORIENTED_EDGE($,*,*,#2541,.F.);
#3406=ORIENTED_EDGE($,*,*,#2549,.T.);
#3407=ORIENTED_EDGE($,*,*,#2550,.F.);
#3408=ORIENTED_EDGE($,*,*,#2547,.F.);
#3409=ORIENTED_EDGE($,*,*,#2540,.F.);
#3410=ORIENTED_EDGE($,*,*,#2538,.T.);
#3411=ORIENTED_EDGE($,*,*,#2551,.F.);
#3412=ORIENTED_EDGE($,*,*,#2533,.F.);
#3413=ORIENTED_EDGE($,*,*,#2529,.F.);
#3414=ORIENTED_EDGE($,*,*,#2532,.T.);
#3415=ORIENTED_EDGE($,*,*,#2545,.T.);
#3416=ORIENTED_EDGE($,*,*,#2552,.F.);
#3417=ORIENTED_EDGE($,*,*,#2549,.F.);
#3418=ORIENTED_EDGE($,*,*,#2546,.T.);
#3419=ORIENTED_EDGE($,*,*,#2534,.T.);
#3420=ORIENTED_EDGE($,*,*,#2551,.T.);
#3421=ORIENTED_EDGE($,*,*,#2537,.T.);
#3422=ORIENTED_EDGE($,*,*,#2544,.T.);
#3423=ORIENTED_EDGE($,*,*,#2548,.T.);
#3424=ORIENTED_EDGE($,*,*,#2550,.T.);
#3425=ORIENTED_EDGE($,*,*,#2552,.T.);
#3426=ORIENTED_EDGE($,*,*,#2553,.T.);
#3427=ORIENTED_EDGE($,*,*,#2554,.T.);
#3428=ORIENTED_EDGE($,*,*,#2555,.T.);
#3429=ORIENTED_EDGE($,*,*,#2556,.T.);
#3430=ORIENTED_EDGE($,*,*,#2557,.T.);
#3431=ORIENTED_EDGE($,*,*,#2554,.F.);
#3432=ORIENTED_EDGE($,*,*,#2558,.F.);
#3433=ORIENTED_EDGE($,*,*,#2525,.F.);
#3434=ORIENTED_EDGE($,*,*,#2559,.T.);
#3435=ORIENTED_EDGE($,*,*,#2555,.F.);
#3436=ORIENTED_EDGE($,*,*,#2557,.F.);
#3437=ORIENTED_EDGE($,*,*,#2528,.F.);
#3438=ORIENTED_EDGE($,*,*,#2560,.T.);
#3439=ORIENTED_EDGE($,*,*,#2556,.F.);
#3440=ORIENTED_EDGE($,*,*,#2559,.F.);
#3441=ORIENTED_EDGE($,*,*,#2527,.F.);
#3442=ORIENTED_EDGE($,*,*,#2558,.T.);
#3443=ORIENTED_EDGE($,*,*,#2553,.F.);
#3444=ORIENTED_EDGE($,*,*,#2560,.F.);
#3445=ORIENTED_EDGE($,*,*,#2526,.F.);
#3446=ORIENTED_EDGE($,*,*,#2561,.T.);
#3447=ORIENTED_EDGE($,*,*,#2562,.T.);
#3448=ORIENTED_EDGE($,*,*,#2563,.T.);
#3449=ORIENTED_EDGE($,*,*,#2564,.T.);
#3450=ORIENTED_EDGE($,*,*,#2565,.T.);
#3451=ORIENTED_EDGE($,*,*,#2566,.F.);
#3452=ORIENTED_EDGE($,*,*,#2567,.F.);
#3453=ORIENTED_EDGE($,*,*,#2568,.F.);
#3454=ORIENTED_EDGE($,*,*,#2566,.T.);
#3455=ORIENTED_EDGE($,*,*,#2569,.T.);
#3456=ORIENTED_EDGE($,*,*,#2570,.F.);
#3457=ORIENTED_EDGE($,*,*,#2571,.F.);
#3458=ORIENTED_EDGE($,*,*,#2572,.T.);
#3459=ORIENTED_EDGE($,*,*,#2573,.F.);
#3460=ORIENTED_EDGE($,*,*,#2574,.F.);
#3461=ORIENTED_EDGE($,*,*,#2575,.F.);
#3462=ORIENTED_EDGE($,*,*,#2576,.T.);
#3463=ORIENTED_EDGE($,*,*,#2577,.T.);
#3464=ORIENTED_EDGE($,*,*,#2578,.T.);
#3465=ORIENTED_EDGE($,*,*,#2575,.T.);
#3466=ORIENTED_EDGE($,*,*,#2579,.T.);
#3467=ORIENTED_EDGE($,*,*,#2580,.F.);
#3468=ORIENTED_EDGE($,*,*,#2581,.F.);
#3469=ORIENTED_EDGE($,*,*,#2567,.T.);
#3470=ORIENTED_EDGE($,*,*,#2571,.T.);
#3471=ORIENTED_EDGE($,*,*,#2582,.F.);
#3472=ORIENTED_EDGE($,*,*,#2572,.F.);
#3473=ORIENTED_EDGE($,*,*,#2578,.F.);
#3474=ORIENTED_EDGE($,*,*,#2583,.T.);
#3475=ORIENTED_EDGE($,*,*,#2584,.F.);
#3476=ORIENTED_EDGE($,*,*,#2579,.F.);
#3477=ORIENTED_EDGE($,*,*,#2577,.F.);
#3478=ORIENTED_EDGE($,*,*,#2585,.T.);
#3479=ORIENTED_EDGE($,*,*,#2586,.F.);
#3480=ORIENTED_EDGE($,*,*,#2583,.F.);
#3481=ORIENTED_EDGE($,*,*,#2576,.F.);
#3482=ORIENTED_EDGE($,*,*,#2574,.T.);
#3483=ORIENTED_EDGE($,*,*,#2587,.F.);
#3484=ORIENTED_EDGE($,*,*,#2569,.F.);
#3485=ORIENTED_EDGE($,*,*,#2565,.F.);
#3486=ORIENTED_EDGE($,*,*,#2568,.T.);
#3487=ORIENTED_EDGE($,*,*,#2581,.T.);
#3488=ORIENTED_EDGE($,*,*,#2588,.F.);
#3489=ORIENTED_EDGE($,*,*,#2585,.F.);
#3490=ORIENTED_EDGE($,*,*,#2582,.T.);
#3491=ORIENTED_EDGE($,*,*,#2570,.T.);
#3492=ORIENTED_EDGE($,*,*,#2587,.T.);
#3493=ORIENTED_EDGE($,*,*,#2573,.T.);
#3494=ORIENTED_EDGE($,*,*,#2580,.T.);
#3495=ORIENTED_EDGE($,*,*,#2584,.T.);
#3496=ORIENTED_EDGE($,*,*,#2586,.T.);
#3497=ORIENTED_EDGE($,*,*,#2588,.T.);
#3498=ORIENTED_EDGE($,*,*,#2589,.T.);
#3499=ORIENTED_EDGE($,*,*,#2590,.T.);
#3500=ORIENTED_EDGE($,*,*,#2591,.T.);
#3501=ORIENTED_EDGE($,*,*,#2592,.T.);
#3502=ORIENTED_EDGE($,*,*,#2593,.T.);
#3503=ORIENTED_EDGE($,*,*,#2590,.F.);
#3504=ORIENTED_EDGE($,*,*,#2594,.F.);
#3505=ORIENTED_EDGE($,*,*,#2561,.F.);
#3506=ORIENTED_EDGE($,*,*,#2595,.T.);
#3507=ORIENTED_EDGE($,*,*,#2591,.F.);
#3508=ORIENTED_EDGE($,*,*,#2593,.F.);
#3509=ORIENTED_EDGE($,*,*,#2564,.F.);
#3510=ORIENTED_EDGE($,*,*,#2596,.T.);
#3511=ORIENTED_EDGE($,*,*,#2592,.F.);
#3512=ORIENTED_EDGE($,*,*,#2595,.F.);
#3513=ORIENTED_EDGE($,*,*,#2563,.F.);
#3514=ORIENTED_EDGE($,*,*,#2594,.T.);
#3515=ORIENTED_EDGE($,*,*,#2589,.F.);
#3516=ORIENTED_EDGE($,*,*,#2596,.F.);
#3517=ORIENTED_EDGE($,*,*,#2562,.F.);
#3518=ORIENTED_EDGE($,*,*,#2597,.F.);
#3519=ORIENTED_EDGE($,*,*,#2598,.F.);
#3520=ORIENTED_EDGE($,*,*,#2597,.T.);
#3521=ORIENTED_EDGE($,*,*,#2598,.T.);
#3522=ORIENTED_EDGE($,*,*,#2599,.T.);
#3523=ORIENTED_EDGE($,*,*,#2600,.T.);
#3524=ORIENTED_EDGE($,*,*,#2601,.T.);
#3525=ORIENTED_EDGE($,*,*,#2602,.T.);
#3526=ORIENTED_EDGE($,*,*,#2603,.T.);
#3527=ORIENTED_EDGE($,*,*,#2604,.F.);
#3528=ORIENTED_EDGE($,*,*,#2605,.F.);
#3529=ORIENTED_EDGE($,*,*,#2606,.F.);
#3530=ORIENTED_EDGE($,*,*,#2604,.T.);
#3531=ORIENTED_EDGE($,*,*,#2607,.T.);
#3532=ORIENTED_EDGE($,*,*,#2608,.F.);
#3533=ORIENTED_EDGE($,*,*,#2609,.F.);
#3534=ORIENTED_EDGE($,*,*,#2610,.T.);
#3535=ORIENTED_EDGE($,*,*,#2611,.F.);
#3536=ORIENTED_EDGE($,*,*,#2612,.F.);
#3537=ORIENTED_EDGE($,*,*,#2613,.F.);
#3538=ORIENTED_EDGE($,*,*,#2614,.T.);
#3539=ORIENTED_EDGE($,*,*,#2615,.T.);
#3540=ORIENTED_EDGE($,*,*,#2616,.T.);
#3541=ORIENTED_EDGE($,*,*,#2613,.T.);
#3542=ORIENTED_EDGE($,*,*,#2617,.T.);
#3543=ORIENTED_EDGE($,*,*,#2618,.F.);
#3544=ORIENTED_EDGE($,*,*,#2619,.F.);
#3545=ORIENTED_EDGE($,*,*,#2605,.T.);
#3546=ORIENTED_EDGE($,*,*,#2609,.T.);
#3547=ORIENTED_EDGE($,*,*,#2620,.F.);
#3548=ORIENTED_EDGE($,*,*,#2610,.F.);
#3549=ORIENTED_EDGE($,*,*,#2616,.F.);
#3550=ORIENTED_EDGE($,*,*,#2621,.T.);
#3551=ORIENTED_EDGE($,*,*,#2622,.F.);
#3552=ORIENTED_EDGE($,*,*,#2617,.F.);
#3553=ORIENTED_EDGE($,*,*,#2615,.F.);
#3554=ORIENTED_EDGE($,*,*,#2623,.T.);
#3555=ORIENTED_EDGE($,*,*,#2624,.F.);
#3556=ORIENTED_EDGE($,*,*,#2621,.F.);
#3557=ORIENTED_EDGE($,*,*,#2614,.F.);
#3558=ORIENTED_EDGE($,*,*,#2612,.T.);
#3559=ORIENTED_EDGE($,*,*,#2625,.F.);
#3560=ORIENTED_EDGE($,*,*,#2607,.F.);
#3561=ORIENTED_EDGE($,*,*,#2603,.F.);
#3562=ORIENTED_EDGE($,*,*,#2606,.T.);
#3563=ORIENTED_EDGE($,*,*,#2619,.T.);
#3564=ORIENTED_EDGE($,*,*,#2626,.F.);
#3565=ORIENTED_EDGE($,*,*,#2623,.F.);
#3566=ORIENTED_EDGE($,*,*,#2620,.T.);
#3567=ORIENTED_EDGE($,*,*,#2608,.T.);
#3568=ORIENTED_EDGE($,*,*,#2625,.T.);
#3569=ORIENTED_EDGE($,*,*,#2611,.T.);
#3570=ORIENTED_EDGE($,*,*,#2618,.T.);
#3571=ORIENTED_EDGE($,*,*,#2622,.T.);
#3572=ORIENTED_EDGE($,*,*,#2624,.T.);
#3573=ORIENTED_EDGE($,*,*,#2626,.T.);
#3574=ORIENTED_EDGE($,*,*,#2627,.T.);
#3575=ORIENTED_EDGE($,*,*,#2628,.T.);
#3576=ORIENTED_EDGE($,*,*,#2629,.T.);
#3577=ORIENTED_EDGE($,*,*,#2630,.T.);
#3578=ORIENTED_EDGE($,*,*,#2631,.T.);
#3579=ORIENTED_EDGE($,*,*,#2628,.F.);
#3580=ORIENTED_EDGE($,*,*,#2632,.F.);
#3581=ORIENTED_EDGE($,*,*,#2599,.F.);
#3582=ORIENTED_EDGE($,*,*,#2633,.T.);
#3583=ORIENTED_EDGE($,*,*,#2629,.F.);
#3584=ORIENTED_EDGE($,*,*,#2631,.F.);
#3585=ORIENTED_EDGE($,*,*,#2602,.F.);
#3586=ORIENTED_EDGE($,*,*,#2634,.T.);
#3587=ORIENTED_EDGE($,*,*,#2630,.F.);
#3588=ORIENTED_EDGE($,*,*,#2633,.F.);
#3589=ORIENTED_EDGE($,*,*,#2601,.F.);
#3590=ORIENTED_EDGE($,*,*,#2632,.T.);
#3591=ORIENTED_EDGE($,*,*,#2627,.F.);
#3592=ORIENTED_EDGE($,*,*,#2634,.F.);
#3593=ORIENTED_EDGE($,*,*,#2600,.F.);
#3594=ORIENTED_EDGE($,*,*,#2635,.T.);
#3595=ORIENTED_EDGE($,*,*,#2636,.F.);
#3596=ORIENTED_EDGE($,*,*,#2637,.T.);
#3597=ORIENTED_EDGE($,*,*,#2638,.F.);
#3598=ORIENTED_EDGE($,*,*,#2636,.T.);
#3599=ORIENTED_EDGE($,*,*,#2639,.F.);
#3600=ORIENTED_EDGE($,*,*,#2640,.T.);
#3601=ORIENTED_EDGE($,*,*,#2641,.F.);
#3602=ORIENTED_EDGE($,*,*,#2638,.T.);
#3603=ORIENTED_EDGE($,*,*,#2642,.F.);
#3604=ORIENTED_EDGE($,*,*,#2643,.F.);
#3605=ORIENTED_EDGE($,*,*,#2644,.F.);
#3606=ORIENTED_EDGE($,*,*,#2637,.F.);
#3607=ORIENTED_EDGE($,*,*,#2641,.T.);
#3608=ORIENTED_EDGE($,*,*,#2645,.T.);
#3609=ORIENTED_EDGE($,*,*,#2642,.T.);
#3610=ORIENTED_EDGE($,*,*,#2646,.F.);
#3611=ORIENTED_EDGE($,*,*,#2643,.T.);
#3612=ORIENTED_EDGE($,*,*,#2645,.F.);
#3613=ORIENTED_EDGE($,*,*,#2640,.F.);
#3614=ORIENTED_EDGE($,*,*,#2635,.F.);
#3615=ORIENTED_EDGE($,*,*,#2644,.T.);
#3616=ORIENTED_EDGE($,*,*,#2646,.T.);
#3617=ORIENTED_EDGE($,*,*,#2639,.T.);
#3618=ORIENTED_EDGE($,*,*,#2647,.F.);
#3619=ORIENTED_EDGE($,*,*,#2648,.T.);
#3620=ORIENTED_EDGE($,*,*,#2649,.T.);
#3621=ORIENTED_EDGE($,*,*,#2650,.T.);
#3622=ORIENTED_EDGE($,*,*,#2649,.F.);
#3623=ORIENTED_EDGE($,*,*,#2651,.T.);
#3624=ORIENTED_EDGE($,*,*,#2652,.F.);
#3625=ORIENTED_EDGE($,*,*,#2653,.F.);
#3626=ORIENTED_EDGE($,*,*,#2654,.F.);
#3627=ORIENTED_EDGE($,*,*,#2655,.T.);
#3628=ORIENTED_EDGE($,*,*,#2652,.T.);
#3629=ORIENTED_EDGE($,*,*,#2656,.T.);
#3630=ORIENTED_EDGE($,*,*,#2657,.T.);
#3631=ORIENTED_EDGE($,*,*,#2656,.F.);
#3632=ORIENTED_EDGE($,*,*,#2651,.F.);
#3633=ORIENTED_EDGE($,*,*,#2648,.F.);
#3634=ORIENTED_EDGE($,*,*,#2658,.T.);
#3635=ORIENTED_EDGE($,*,*,#2650,.F.);
#3636=ORIENTED_EDGE($,*,*,#2653,.T.);
#3637=ORIENTED_EDGE($,*,*,#2655,.F.);
#3638=ORIENTED_EDGE($,*,*,#2647,.T.);
#3639=ORIENTED_EDGE($,*,*,#2658,.F.);
#3640=ORIENTED_EDGE($,*,*,#2654,.T.);
#3641=ORIENTED_EDGE($,*,*,#2657,.F.);
#3642=ORIENTED_EDGE($,*,*,#2659,.T.);
#3643=ORIENTED_EDGE($,*,*,#2660,.F.);
#3644=ORIENTED_EDGE($,*,*,#2661,.T.);
#3645=ORIENTED_EDGE($,*,*,#2662,.F.);
#3646=ORIENTED_EDGE($,*,*,#2660,.T.);
#3647=ORIENTED_EDGE($,*,*,#2663,.F.);
#3648=ORIENTED_EDGE($,*,*,#2664,.T.);
#3649=ORIENTED_EDGE($,*,*,#2665,.F.);
#3650=ORIENTED_EDGE($,*,*,#2662,.T.);
#3651=ORIENTED_EDGE($,*,*,#2666,.F.);
#3652=ORIENTED_EDGE($,*,*,#2667,.F.);
#3653=ORIENTED_EDGE($,*,*,#2668,.F.);
#3654=ORIENTED_EDGE($,*,*,#2661,.F.);
#3655=ORIENTED_EDGE($,*,*,#2665,.T.);
#3656=ORIENTED_EDGE($,*,*,#2669,.T.);
#3657=ORIENTED_EDGE($,*,*,#2666,.T.);
#3658=ORIENTED_EDGE($,*,*,#2670,.F.);
#3659=ORIENTED_EDGE($,*,*,#2667,.T.);
#3660=ORIENTED_EDGE($,*,*,#2669,.F.);
#3661=ORIENTED_EDGE($,*,*,#2664,.F.);
#3662=ORIENTED_EDGE($,*,*,#2659,.F.);
#3663=ORIENTED_EDGE($,*,*,#2668,.T.);
#3664=ORIENTED_EDGE($,*,*,#2670,.T.);
#3665=ORIENTED_EDGE($,*,*,#2663,.T.);
#3666=ORIENTED_EDGE($,*,*,#2671,.F.);
#3667=ORIENTED_EDGE($,*,*,#2672,.F.);
#3668=ORIENTED_EDGE($,*,*,#2671,.T.);
#3669=ORIENTED_EDGE($,*,*,#2672,.T.);
#3670=ORIENTED_EDGE($,*,*,#2673,.F.);
#3671=ORIENTED_EDGE($,*,*,#2674,.T.);
#3672=ORIENTED_EDGE($,*,*,#2675,.T.);
#3673=ORIENTED_EDGE($,*,*,#2676,.T.);
#3674=ORIENTED_EDGE($,*,*,#2675,.F.);
#3675=ORIENTED_EDGE($,*,*,#2677,.T.);
#3676=ORIENTED_EDGE($,*,*,#2678,.F.);
#3677=ORIENTED_EDGE($,*,*,#2679,.F.);
#3678=ORIENTED_EDGE($,*,*,#2680,.F.);
#3679=ORIENTED_EDGE($,*,*,#2681,.T.);
#3680=ORIENTED_EDGE($,*,*,#2678,.T.);
#3681=ORIENTED_EDGE($,*,*,#2682,.T.);
#3682=ORIENTED_EDGE($,*,*,#2683,.T.);
#3683=ORIENTED_EDGE($,*,*,#2682,.F.);
#3684=ORIENTED_EDGE($,*,*,#2677,.F.);
#3685=ORIENTED_EDGE($,*,*,#2674,.F.);
#3686=ORIENTED_EDGE($,*,*,#2684,.T.);
#3687=ORIENTED_EDGE($,*,*,#2676,.F.);
#3688=ORIENTED_EDGE($,*,*,#2679,.T.);
#3689=ORIENTED_EDGE($,*,*,#2681,.F.);
#3690=ORIENTED_EDGE($,*,*,#2673,.T.);
#3691=ORIENTED_EDGE($,*,*,#2684,.F.);
#3692=ORIENTED_EDGE($,*,*,#2680,.T.);
#3693=ORIENTED_EDGE($,*,*,#2683,.F.);
#3694=ORIENTED_EDGE($,*,*,#2685,.T.);
#3695=ORIENTED_EDGE($,*,*,#2686,.F.);
#3696=ORIENTED_EDGE($,*,*,#2687,.T.);
#3697=ORIENTED_EDGE($,*,*,#2688,.F.);
#3698=ORIENTED_EDGE($,*,*,#2686,.T.);
#3699=ORIENTED_EDGE($,*,*,#2689,.F.);
#3700=ORIENTED_EDGE($,*,*,#2690,.T.);
#3701=ORIENTED_EDGE($,*,*,#2691,.F.);
#3702=ORIENTED_EDGE($,*,*,#2688,.T.);
#3703=ORIENTED_EDGE($,*,*,#2692,.F.);
#3704=ORIENTED_EDGE($,*,*,#2693,.F.);
#3705=ORIENTED_EDGE($,*,*,#2694,.F.);
#3706=ORIENTED_EDGE($,*,*,#2687,.F.);
#3707=ORIENTED_EDGE($,*,*,#2691,.T.);
#3708=ORIENTED_EDGE($,*,*,#2695,.T.);
#3709=ORIENTED_EDGE($,*,*,#2692,.T.);
#3710=ORIENTED_EDGE($,*,*,#2696,.F.);
#3711=ORIENTED_EDGE($,*,*,#2693,.T.);
#3712=ORIENTED_EDGE($,*,*,#2695,.F.);
#3713=ORIENTED_EDGE($,*,*,#2690,.F.);
#3714=ORIENTED_EDGE($,*,*,#2685,.F.);
#3715=ORIENTED_EDGE($,*,*,#2694,.T.);
#3716=ORIENTED_EDGE($,*,*,#2696,.T.);
#3717=ORIENTED_EDGE($,*,*,#2689,.T.);
#3718=ORIENTED_EDGE($,*,*,#2697,.F.);
#3719=ORIENTED_EDGE($,*,*,#2698,.T.);
#3720=ORIENTED_EDGE($,*,*,#2699,.T.);
#3721=ORIENTED_EDGE($,*,*,#2700,.T.);
#3722=ORIENTED_EDGE($,*,*,#2699,.F.);
#3723=ORIENTED_EDGE($,*,*,#2701,.T.);
#3724=ORIENTED_EDGE($,*,*,#2702,.F.);
#3725=ORIENTED_EDGE($,*,*,#2703,.F.);
#3726=ORIENTED_EDGE($,*,*,#2704,.F.);
#3727=ORIENTED_EDGE($,*,*,#2705,.T.);
#3728=ORIENTED_EDGE($,*,*,#2702,.T.);
#3729=ORIENTED_EDGE($,*,*,#2706,.T.);
#3730=ORIENTED_EDGE($,*,*,#2707,.T.);
#3731=ORIENTED_EDGE($,*,*,#2706,.F.);
#3732=ORIENTED_EDGE($,*,*,#2701,.F.);
#3733=ORIENTED_EDGE($,*,*,#2698,.F.);
#3734=ORIENTED_EDGE($,*,*,#2708,.T.);
#3735=ORIENTED_EDGE($,*,*,#2700,.F.);
#3736=ORIENTED_EDGE($,*,*,#2703,.T.);
#3737=ORIENTED_EDGE($,*,*,#2705,.F.);
#3738=ORIENTED_EDGE($,*,*,#2697,.T.);
#3739=ORIENTED_EDGE($,*,*,#2708,.F.);
#3740=ORIENTED_EDGE($,*,*,#2704,.T.);
#3741=ORIENTED_EDGE($,*,*,#2707,.F.);
#3742=ORIENTED_EDGE($,*,*,#2709,.F.);
#3743=ORIENTED_EDGE($,*,*,#2710,.F.);
#3744=ORIENTED_EDGE($,*,*,#2709,.T.);
#3745=ORIENTED_EDGE($,*,*,#2710,.T.);
#3746=ORIENTED_EDGE($,*,*,#2711,.T.);
#3747=ORIENTED_EDGE($,*,*,#2712,.F.);
#3748=ORIENTED_EDGE($,*,*,#2713,.T.);
#3749=ORIENTED_EDGE($,*,*,#2714,.F.);
#3750=ORIENTED_EDGE($,*,*,#2712,.T.);
#3751=ORIENTED_EDGE($,*,*,#2715,.F.);
#3752=ORIENTED_EDGE($,*,*,#2716,.T.);
#3753=ORIENTED_EDGE($,*,*,#2717,.F.);
#3754=ORIENTED_EDGE($,*,*,#2714,.T.);
#3755=ORIENTED_EDGE($,*,*,#2718,.F.);
#3756=ORIENTED_EDGE($,*,*,#2719,.F.);
#3757=ORIENTED_EDGE($,*,*,#2720,.F.);
#3758=ORIENTED_EDGE($,*,*,#2713,.F.);
#3759=ORIENTED_EDGE($,*,*,#2717,.T.);
#3760=ORIENTED_EDGE($,*,*,#2721,.T.);
#3761=ORIENTED_EDGE($,*,*,#2718,.T.);
#3762=ORIENTED_EDGE($,*,*,#2722,.F.);
#3763=ORIENTED_EDGE($,*,*,#2719,.T.);
#3764=ORIENTED_EDGE($,*,*,#2721,.F.);
#3765=ORIENTED_EDGE($,*,*,#2716,.F.);
#3766=ORIENTED_EDGE($,*,*,#2711,.F.);
#3767=ORIENTED_EDGE($,*,*,#2720,.T.);
#3768=ORIENTED_EDGE($,*,*,#2722,.T.);
#3769=ORIENTED_EDGE($,*,*,#2715,.T.);
#3770=ORIENTED_EDGE($,*,*,#2723,.F.);
#3771=ORIENTED_EDGE($,*,*,#2724,.T.);
#3772=ORIENTED_EDGE($,*,*,#2725,.T.);
#3773=ORIENTED_EDGE($,*,*,#2726,.T.);
#3774=ORIENTED_EDGE($,*,*,#2725,.F.);
#3775=ORIENTED_EDGE($,*,*,#2727,.T.);
#3776=ORIENTED_EDGE($,*,*,#2728,.F.);
#3777=ORIENTED_EDGE($,*,*,#2729,.F.);
#3778=ORIENTED_EDGE($,*,*,#2730,.F.);
#3779=ORIENTED_EDGE($,*,*,#2731,.T.);
#3780=ORIENTED_EDGE($,*,*,#2728,.T.);
#3781=ORIENTED_EDGE($,*,*,#2732,.T.);
#3782=ORIENTED_EDGE($,*,*,#2733,.T.);
#3783=ORIENTED_EDGE($,*,*,#2732,.F.);
#3784=ORIENTED_EDGE($,*,*,#2727,.F.);
#3785=ORIENTED_EDGE($,*,*,#2724,.F.);
#3786=ORIENTED_EDGE($,*,*,#2734,.T.);
#3787=ORIENTED_EDGE($,*,*,#2726,.F.);
#3788=ORIENTED_EDGE($,*,*,#2729,.T.);
#3789=ORIENTED_EDGE($,*,*,#2731,.F.);
#3790=ORIENTED_EDGE($,*,*,#2723,.T.);
#3791=ORIENTED_EDGE($,*,*,#2734,.F.);
#3792=ORIENTED_EDGE($,*,*,#2730,.T.);
#3793=ORIENTED_EDGE($,*,*,#2733,.F.);
#3794=ORIENTED_EDGE($,*,*,#2735,.F.);
#3795=ORIENTED_EDGE($,*,*,#2736,.T.);
#3796=ORIENTED_EDGE($,*,*,#2737,.F.);
#3797=ORIENTED_EDGE($,*,*,#2738,.T.);
#3798=ORIENTED_EDGE($,*,*,#2737,.T.);
#3799=ORIENTED_EDGE($,*,*,#2739,.F.);
#3800=ORIENTED_EDGE($,*,*,#2740,.T.);
#3801=ORIENTED_EDGE($,*,*,#2741,.F.);
#3802=ORIENTED_EDGE($,*,*,#2735,.T.);
#3803=ORIENTED_EDGE($,*,*,#2742,.F.);
#3804=ORIENTED_EDGE($,*,*,#2743,.F.);
#3805=ORIENTED_EDGE($,*,*,#2744,.F.);
#3806=ORIENTED_EDGE($,*,*,#2738,.F.);
#3807=ORIENTED_EDGE($,*,*,#2741,.T.);
#3808=ORIENTED_EDGE($,*,*,#2745,.T.);
#3809=ORIENTED_EDGE($,*,*,#2742,.T.);
#3810=ORIENTED_EDGE($,*,*,#2746,.F.);
#3811=ORIENTED_EDGE($,*,*,#2743,.T.);
#3812=ORIENTED_EDGE($,*,*,#2745,.F.);
#3813=ORIENTED_EDGE($,*,*,#2740,.F.);
#3814=ORIENTED_EDGE($,*,*,#2736,.F.);
#3815=ORIENTED_EDGE($,*,*,#2744,.T.);
#3816=ORIENTED_EDGE($,*,*,#2746,.T.);
#3817=ORIENTED_EDGE($,*,*,#2739,.T.);
#3818=ORIENTED_EDGE($,*,*,#2747,.F.);
#3819=ORIENTED_EDGE($,*,*,#2748,.F.);
#3820=ORIENTED_EDGE($,*,*,#2747,.T.);
#3821=ORIENTED_EDGE($,*,*,#2748,.T.);
#3822=ORIENTED_EDGE($,*,*,#2749,.F.);
#3823=ORIENTED_EDGE($,*,*,#2749,.T.);
#3824=ORIENTED_EDGE($,*,*,#2750,.F.);
#3825=ORIENTED_EDGE($,*,*,#2751,.F.);
#3826=ORIENTED_EDGE($,*,*,#2750,.T.);
#3827=ORIENTED_EDGE($,*,*,#2751,.T.);
#3828=ORIENTED_EDGE($,*,*,#2752,.F.);
#3829=ORIENTED_EDGE($,*,*,#2753,.F.);
#3830=ORIENTED_EDGE($,*,*,#2752,.T.);
#3831=ORIENTED_EDGE($,*,*,#2753,.T.);
#3832=ORIENTED_EDGE($,*,*,#2754,.F.);
#3833=ORIENTED_EDGE($,*,*,#2755,.F.);
#3834=ORIENTED_EDGE($,*,*,#2754,.T.);
#3835=ORIENTED_EDGE($,*,*,#2755,.T.);
#3836=ORIENTED_EDGE($,*,*,#2756,.F.);
#3837=ORIENTED_EDGE($,*,*,#2757,.F.);
#3838=ORIENTED_EDGE($,*,*,#2756,.T.);
#3839=ORIENTED_EDGE($,*,*,#2757,.T.);
#3840=ORIENTED_EDGE($,*,*,#2758,.F.);
#3841=ORIENTED_EDGE($,*,*,#2759,.F.);
#3842=ORIENTED_EDGE($,*,*,#2758,.T.);
#3843=ORIENTED_EDGE($,*,*,#2759,.T.);
#3844=ORIENTED_EDGE($,*,*,#2760,.F.);
#3845=ORIENTED_EDGE($,*,*,#2761,.F.);
#3846=ORIENTED_EDGE($,*,*,#2760,.T.);
#3847=ORIENTED_EDGE($,*,*,#2761,.T.);
#3848=ORIENTED_EDGE($,*,*,#2762,.T.);
#3849=ORIENTED_EDGE($,*,*,#2763,.T.);
#3850=ORIENTED_EDGE($,*,*,#2764,.T.);
#3851=ORIENTED_EDGE($,*,*,#2765,.T.);
#3852=ORIENTED_EDGE($,*,*,#2766,.T.);
#3853=ORIENTED_EDGE($,*,*,#2767,.T.);
#3854=ORIENTED_EDGE($,*,*,#2768,.T.);
#3855=ORIENTED_EDGE($,*,*,#2769,.T.);
#3856=ORIENTED_EDGE($,*,*,#2770,.T.);
#3857=ORIENTED_EDGE($,*,*,#2767,.F.);
#3858=ORIENTED_EDGE($,*,*,#2771,.F.);
#3859=ORIENTED_EDGE($,*,*,#2765,.F.);
#3860=ORIENTED_EDGE($,*,*,#2772,.T.);
#3861=ORIENTED_EDGE($,*,*,#2768,.F.);
#3862=ORIENTED_EDGE($,*,*,#2770,.F.);
#3863=ORIENTED_EDGE($,*,*,#2764,.F.);
#3864=ORIENTED_EDGE($,*,*,#2773,.T.);
#3865=ORIENTED_EDGE($,*,*,#2769,.F.);
#3866=ORIENTED_EDGE($,*,*,#2772,.F.);
#3867=ORIENTED_EDGE($,*,*,#2763,.F.);
#3868=ORIENTED_EDGE($,*,*,#2771,.T.);
#3869=ORIENTED_EDGE($,*,*,#2766,.F.);
#3870=ORIENTED_EDGE($,*,*,#2773,.F.);
#3871=ORIENTED_EDGE($,*,*,#2762,.F.);
#3872=ORIENTED_EDGE($,*,*,#2774,.T.);
#3873=ORIENTED_EDGE($,*,*,#2775,.T.);
#3874=ORIENTED_EDGE($,*,*,#2776,.T.);
#3875=ORIENTED_EDGE($,*,*,#2777,.T.);
#3876=ORIENTED_EDGE($,*,*,#2778,.T.);
#3877=ORIENTED_EDGE($,*,*,#2779,.T.);
#3878=ORIENTED_EDGE($,*,*,#2780,.T.);
#3879=ORIENTED_EDGE($,*,*,#2781,.T.);
#3880=ORIENTED_EDGE($,*,*,#2782,.T.);
#3881=ORIENTED_EDGE($,*,*,#2779,.F.);
#3882=ORIENTED_EDGE($,*,*,#2783,.F.);
#3883=ORIENTED_EDGE($,*,*,#2777,.F.);
#3884=ORIENTED_EDGE($,*,*,#2784,.T.);
#3885=ORIENTED_EDGE($,*,*,#2780,.F.);
#3886=ORIENTED_EDGE($,*,*,#2782,.F.);
#3887=ORIENTED_EDGE($,*,*,#2776,.F.);
#3888=ORIENTED_EDGE($,*,*,#2785,.T.);
#3889=ORIENTED_EDGE($,*,*,#2781,.F.);
#3890=ORIENTED_EDGE($,*,*,#2784,.F.);
#3891=ORIENTED_EDGE($,*,*,#2775,.F.);
#3892=ORIENTED_EDGE($,*,*,#2783,.T.);
#3893=ORIENTED_EDGE($,*,*,#2778,.F.);
#3894=ORIENTED_EDGE($,*,*,#2785,.F.);
#3895=ORIENTED_EDGE($,*,*,#2774,.F.);
#3896=ORIENTED_EDGE($,*,*,#2786,.F.);
#3897=ORIENTED_EDGE($,*,*,#2787,.F.);
#3898=ORIENTED_EDGE($,*,*,#2786,.T.);
#3899=ORIENTED_EDGE($,*,*,#2787,.T.);
#3900=ORIENTED_EDGE($,*,*,#2788,.F.);
#3901=ORIENTED_EDGE($,*,*,#2789,.F.);
#3902=ORIENTED_EDGE($,*,*,#2788,.T.);
#3903=ORIENTED_EDGE($,*,*,#2789,.T.);
#3904=ORIENTED_EDGE($,*,*,#2790,.F.);
#3905=ORIENTED_EDGE($,*,*,#2791,.F.);
#3906=ORIENTED_EDGE($,*,*,#2790,.T.);
#3907=ORIENTED_EDGE($,*,*,#2791,.T.);
#3908=ORIENTED_EDGE($,*,*,#2792,.F.);
#3909=ORIENTED_EDGE($,*,*,#2793,.F.);
#3910=ORIENTED_EDGE($,*,*,#2792,.T.);
#3911=ORIENTED_EDGE($,*,*,#2793,.T.);
#3912=ORIENTED_EDGE($,*,*,#2794,.F.);
#3913=ORIENTED_EDGE($,*,*,#2795,.F.);
#3914=ORIENTED_EDGE($,*,*,#2794,.T.);
#3915=ORIENTED_EDGE($,*,*,#2795,.T.);
#3916=ORIENTED_EDGE($,*,*,#2796,.F.);
#3917=ORIENTED_EDGE($,*,*,#2797,.F.);
#3918=ORIENTED_EDGE($,*,*,#2796,.T.);
#3919=ORIENTED_EDGE($,*,*,#2797,.T.);
#3920=ORIENTED_EDGE($,*,*,#2798,.F.);
#3921=ORIENTED_EDGE($,*,*,#2799,.F.);
#3922=ORIENTED_EDGE($,*,*,#2798,.T.);
#3923=ORIENTED_EDGE($,*,*,#2799,.T.);
#3924=ORIENTED_EDGE($,*,*,#2800,.F.);
#3925=ORIENTED_EDGE($,*,*,#2801,.F.);
#3926=ORIENTED_EDGE($,*,*,#2800,.T.);
#3927=ORIENTED_EDGE($,*,*,#2801,.T.);
#3928=PLANE($,#4615);
#3929=PLANE($,#4616);
#3930=PLANE($,#4617);
#3931=PLANE($,#4618);
#3932=PLANE($,#4619);
#3933=PLANE($,#4620);
#3934=PLANE($,#4621);
#3935=PLANE($,#4622);
#3936=PLANE($,#4623);
#3937=PLANE($,#4624);
#3938=PLANE($,#4625);
#3939=PLANE($,#4626);
#3940=PLANE($,#4627);
#3941=PLANE($,#4628);
#3942=PLANE($,#4629);
#3943=PLANE($,#4630);
#3944=PLANE($,#4631);
#3945=PLANE($,#4638);
#3946=PLANE($,#4639);
#3947=PLANE($,#4640);
#3948=PLANE($,#4641);
#3949=PLANE($,#4642);
#3950=PLANE($,#4643);
#3951=PLANE($,#4644);
#3952=PLANE($,#4645);
#3953=PLANE($,#4646);
#3954=PLANE($,#4647);
#3955=PLANE($,#4648);
#3956=PLANE($,#4649);
#3957=PLANE($,#4650);
#3958=PLANE($,#4651);
#3959=PLANE($,#4655);
#3960=PLANE($,#4656);
#3961=PLANE($,#4657);
#3962=PLANE($,#4658);
#3963=PLANE($,#4659);
#3964=PLANE($,#4660);
#3965=PLANE($,#4661);
#3966=PLANE($,#4662);
#3967=PLANE($,#4663);
#3968=PLANE($,#4664);
#3969=PLANE($,#4665);
#3970=PLANE($,#4666);
#3971=PLANE($,#4667);
#3972=PLANE($,#4668);
#3973=PLANE($,#4669);
#3974=PLANE($,#4670);
#3975=PLANE($,#4671);
#3976=PLANE($,#4672);
#3977=PLANE($,#4673);
#3978=PLANE($,#4674);
#3979=PLANE($,#4675);
#3980=PLANE($,#4676);
#3981=PLANE($,#4677);
#3982=PLANE($,#4678);
#3983=PLANE($,#4679);
#3984=PLANE($,#4680);
#3985=PLANE($,#4681);
#3986=PLANE($,#4682);
#3987=PLANE($,#4683);
#3988=PLANE($,#4684);
#3989=PLANE($,#4685);
#3990=PLANE($,#4686);
#3991=PLANE($,#4687);
#3992=PLANE($,#4688);
#3993=PLANE($,#4689);
#3994=PLANE($,#4690);
#3995=PLANE($,#4691);
#3996=PLANE($,#4692);
#3997=PLANE($,#4696);
#3998=PLANE($,#4697);
#3999=PLANE($,#4698);
#4000=PLANE($,#4699);
#4001=PLANE($,#4700);
#4002=PLANE($,#4701);
#4003=PLANE($,#4702);
#4004=PLANE($,#4703);
#4005=PLANE($,#4704);
#4006=PLANE($,#4705);
#4007=PLANE($,#4706);
#4008=PLANE($,#4707);
#4009=PLANE($,#4708);
#4010=PLANE($,#4709);
#4011=PLANE($,#4713);
#4012=PLANE($,#4714);
#4013=PLANE($,#4715);
#4014=PLANE($,#4716);
#4015=PLANE($,#4717);
#4016=PLANE($,#4718);
#4017=PLANE($,#4719);
#4018=PLANE($,#4720);
#4019=PLANE($,#4721);
#4020=PLANE($,#4722);
#4021=PLANE($,#4723);
#4022=PLANE($,#4724);
#4023=PLANE($,#4725);
#4024=PLANE($,#4726);
#4025=PLANE($,#4727);
#4026=PLANE($,#4728);
#4027=PLANE($,#4729);
#4028=PLANE($,#4730);
#4029=PLANE($,#4731);
#4030=PLANE($,#4732);
#4031=PLANE($,#4733);
#4032=PLANE($,#4734);
#4033=PLANE($,#4735);
#4034=PLANE($,#4736);
#4035=PLANE($,#4737);
#4036=PLANE($,#4738);
#4037=PLANE($,#4739);
#4038=PLANE($,#4740);
#4039=PLANE($,#4741);
#4040=PLANE($,#4742);
#4041=PLANE($,#4743);
#4042=PLANE($,#4744);
#4043=PLANE($,#4745);
#4044=PLANE($,#4746);
#4045=PLANE($,#4747);
#4046=PLANE($,#4748);
#4047=PLANE($,#4749);
#4048=PLANE($,#4750);
#4049=PLANE($,#4751);
#4050=PLANE($,#4752);
#4051=PLANE($,#4753);
#4052=PLANE($,#4754);
#4053=PLANE($,#4755);
#4054=PLANE($,#4756);
#4055=PLANE($,#4757);
#4056=PLANE($,#4758);
#4057=PLANE($,#4759);
#4058=PLANE($,#4760);
#4059=PLANE($,#4761);
#4060=PLANE($,#4762);
#4061=PLANE($,#4763);
#4062=PLANE($,#4764);
#4063=PLANE($,#4765);
#4064=PLANE($,#4766);
#4065=PLANE($,#4767);
#4066=PLANE($,#4768);
#4067=PLANE($,#4769);
#4068=PLANE($,#4770);
#4069=PLANE($,#4771);
#4070=PLANE($,#4772);
#4071=PLANE($,#4773);
#4072=PLANE($,#4774);
#4073=PLANE($,#4775);
#4074=PLANE($,#4776);
#4075=PLANE($,#4777);
#4076=PLANE($,#4778);
#4077=PLANE($,#4779);
#4078=PLANE($,#4780);
#4079=PLANE($,#4781);
#4080=PLANE($,#4782);
#4081=PLANE($,#4783);
#4082=PLANE($,#4784);
#4083=PLANE($,#4785);
#4084=PLANE($,#4786);
#4085=PLANE($,#4787);
#4086=PLANE($,#4788);
#4087=PLANE($,#4789);
#4088=PLANE($,#4790);
#4089=PLANE($,#4794);
#4090=PLANE($,#4795);
#4091=PLANE($,#4796);
#4092=PLANE($,#4797);
#4093=PLANE($,#4798);
#4094=PLANE($,#4799);
#4095=PLANE($,#4800);
#4096=PLANE($,#4801);
#4097=PLANE($,#4802);
#4098=PLANE($,#4803);
#4099=PLANE($,#4804);
#4100=PLANE($,#4805);
#4101=PLANE($,#4806);
#4102=PLANE($,#4807);
#4103=PLANE($,#4808);
#4104=PLANE($,#4809);
#4105=PLANE($,#4810);
#4106=PLANE($,#4811);
#4107=PLANE($,#4812);
#4108=PLANE($,#4813);
#4109=PLANE($,#4814);
#4110=PLANE($,#4815);
#4111=PLANE($,#4816);
#4112=PLANE($,#4817);
#4113=PLANE($,#4818);
#4114=PLANE($,#4819);
#4115=PLANE($,#4820);
#4116=PLANE($,#4821);
#4117=PLANE($,#4822);
#4118=PLANE($,#4823);
#4119=PLANE($,#4824);
#4120=PLANE($,#4825);
#4121=PLANE($,#4826);
#4122=PLANE($,#4827);
#4123=PLANE($,#4831);
#4124=PLANE($,#4832);
#4125=PLANE($,#4833);
#4126=PLANE($,#4834);
#4127=PLANE($,#4835);
#4128=PLANE($,#4836);
#4129=PLANE($,#4837);
#4130=PLANE($,#4838);
#4131=PLANE($,#4839);
#4132=PLANE($,#4840);
#4133=PLANE($,#4841);
#4134=PLANE($,#4842);
#4135=PLANE($,#4843);
#4136=PLANE($,#4844);
#4137=PLANE($,#4845);
#4138=PLANE($,#4846);
#4139=PLANE($,#4847);
#4140=PLANE($,#4848);
#4141=PLANE($,#4849);
#4142=PLANE($,#4850);
#4143=PLANE($,#4854);
#4144=PLANE($,#4855);
#4145=PLANE($,#4856);
#4146=PLANE($,#4857);
#4147=PLANE($,#4858);
#4148=PLANE($,#4859);
#4149=PLANE($,#4860);
#4150=PLANE($,#4861);
#4151=PLANE($,#4862);
#4152=PLANE($,#4863);
#4153=PLANE($,#4864);
#4154=PLANE($,#4865);
#4155=PLANE($,#4866);
#4156=PLANE($,#4867);
#4157=PLANE($,#4868);
#4158=PLANE($,#4869);
#4159=PLANE($,#4870);
#4160=PLANE($,#4871);
#4161=PLANE($,#4872);
#4162=PLANE($,#4873);
#4163=PLANE($,#4877);
#4164=PLANE($,#4878);
#4165=PLANE($,#4879);
#4166=PLANE($,#4885);
#4167=PLANE($,#4886);
#4168=PLANE($,#4890);
#4169=PLANE($,#4891);
#4170=PLANE($,#4895);
#4171=PLANE($,#4896);
#4172=PLANE($,#4900);
#4173=PLANE($,#4901);
#4174=PLANE($,#4905);
#4175=PLANE($,#4906);
#4176=PLANE($,#4910);
#4177=PLANE($,#4911);
#4178=PLANE($,#4912);
#4179=PLANE($,#4913);
#4180=PLANE($,#4914);
#4181=PLANE($,#4915);
#4182=PLANE($,#4916);
#4183=PLANE($,#4917);
#4184=PLANE($,#4918);
#4185=PLANE($,#4919);
#4186=PLANE($,#4920);
#4187=PLANE($,#4921);
#4188=PLANE($,#4922);
#4189=PLANE($,#4923);
#4190=PLANE($,#4927);
#4191=PLANE($,#4928);
#4192=PLANE($,#4932);
#4193=PLANE($,#4933);
#4194=PLANE($,#4937);
#4195=PLANE($,#4938);
#4196=PLANE($,#4942);
#4197=PLANE($,#4943);
#4198=PLANE($,#4947);
#4199=PLANE($,#4948);
#4200=PLANE($,#4952);
#4201=PLANE($,#4953);
#4202=PLANE($,#4957);
#4203=PLANE($,#4958);
#4204=PLANE($,#4962);
#4205=PLANE($,#4963);
#4206=ADVANCED_FACE($,(#183),#3928,.T.);
#4207=ADVANCED_FACE($,(#184),#3929,.T.);
#4208=ADVANCED_FACE($,(#185),#3930,.T.);
#4209=ADVANCED_FACE($,(#186),#3931,.T.);
#4210=ADVANCED_FACE($,(#187),#3932,.T.);
#4211=ADVANCED_FACE($,(#188),#3933,.F.);
#4212=ADVANCED_FACE($,(#189),#3934,.F.);
#4213=ADVANCED_FACE($,(#190),#3935,.T.);
#4214=ADVANCED_FACE($,(#191),#3936,.F.);
#4215=ADVANCED_FACE($,(#192),#3937,.F.);
#4216=ADVANCED_FACE($,(#193),#3938,.F.);
#4217=ADVANCED_FACE($,(#194),#3939,.T.);
#4218=ADVANCED_FACE($,(#81,#82),#3940,.T.);
#4219=ADVANCED_FACE($,(#195),#3941,.T.);
#4220=ADVANCED_FACE($,(#196),#3942,.T.);
#4221=ADVANCED_FACE($,(#197),#3943,.T.);
#4222=ADVANCED_FACE($,(#198),#3944,.F.);
#4223=ADVANCED_FACE($,(#199,#83),#58,.F.);
#4224=ADVANCED_FACE($,(#200,#84),#59,.T.);
#4225=ADVANCED_FACE($,(#85,#86),#3945,.T.);
#4226=ADVANCED_FACE($,(#87,#88),#3946,.T.);
#4227=ADVANCED_FACE($,(#201),#3947,.T.);
#4228=ADVANCED_FACE($,(#202),#3948,.T.);
#4229=ADVANCED_FACE($,(#203),#3949,.T.);
#4230=ADVANCED_FACE($,(#204),#3950,.T.);
#4231=ADVANCED_FACE($,(#205),#3951,.T.);
#4232=ADVANCED_FACE($,(#206),#3952,.F.);
#4233=ADVANCED_FACE($,(#207),#3953,.T.);
#4234=ADVANCED_FACE($,(#208),#3954,.T.);
#4235=ADVANCED_FACE($,(#209),#3955,.T.);
#4236=ADVANCED_FACE($,(#210),#3956,.T.);
#4237=ADVANCED_FACE($,(#211),#3957,.T.);
#4238=ADVANCED_FACE($,(#212),#3958,.F.);
#4239=ADVANCED_FACE($,(#213,#89),#60,.T.);
#4240=ADVANCED_FACE($,(#214),#3959,.T.);
#4241=ADVANCED_FACE($,(#215),#3960,.T.);
#4242=ADVANCED_FACE($,(#216),#3961,.F.);
#4243=ADVANCED_FACE($,(#217),#3962,.T.);
#4244=ADVANCED_FACE($,(#218),#3963,.T.);
#4245=ADVANCED_FACE($,(#219),#3964,.T.);
#4246=ADVANCED_FACE($,(#220),#3965,.T.);
#4247=ADVANCED_FACE($,(#221),#3966,.T.);
#4248=ADVANCED_FACE($,(#222),#3967,.T.);
#4249=ADVANCED_FACE($,(#223),#3968,.F.);
#4250=ADVANCED_FACE($,(#224),#3969,.F.);
#4251=ADVANCED_FACE($,(#225),#3970,.F.);
#4252=ADVANCED_FACE($,(#226),#3971,.F.);
#4253=ADVANCED_FACE($,(#227),#3972,.F.);
#4254=ADVANCED_FACE($,(#228),#3973,.F.);
#4255=ADVANCED_FACE($,(#229),#3974,.T.);
#4256=ADVANCED_FACE($,(#230),#3975,.T.);
#4257=ADVANCED_FACE($,(#231),#3976,.T.);
#4258=ADVANCED_FACE($,(#232),#3977,.T.);
#4259=ADVANCED_FACE($,(#233),#3978,.T.);
#4260=ADVANCED_FACE($,(#234),#3979,.T.);
#4261=ADVANCED_FACE($,(#235),#3980,.F.);
#4262=ADVANCED_FACE($,(#236),#3981,.F.);
#4263=ADVANCED_FACE($,(#237),#3982,.F.);
#4264=ADVANCED_FACE($,(#238),#3983,.F.);
#4265=ADVANCED_FACE($,(#239),#3984,.F.);
#4266=ADVANCED_FACE($,(#240),#3985,.T.);
#4267=ADVANCED_FACE($,(#241),#3986,.F.);
#4268=ADVANCED_FACE($,(#242),#3987,.F.);
#4269=ADVANCED_FACE($,(#243),#3988,.F.);
#4270=ADVANCED_FACE($,(#244),#3989,.F.);
#4271=ADVANCED_FACE($,(#245),#3990,.F.);
#4272=ADVANCED_FACE($,(#246),#3991,.T.);
#4273=ADVANCED_FACE($,(#247),#3992,.F.);
#4274=ADVANCED_FACE($,(#248),#3993,.F.);
#4275=ADVANCED_FACE($,(#249),#3994,.F.);
#4276=ADVANCED_FACE($,(#250),#3995,.F.);
#4277=ADVANCED_FACE($,(#251),#3996,.F.);
#4278=ADVANCED_FACE($,(#252,#90),#61,.T.);
#4279=ADVANCED_FACE($,(#253),#3997,.T.);
#4280=ADVANCED_FACE($,(#254),#3998,.T.);
#4281=ADVANCED_FACE($,(#255),#3999,.T.);
#4282=ADVANCED_FACE($,(#256),#4000,.F.);
#4283=ADVANCED_FACE($,(#257),#4001,.F.);
#4284=ADVANCED_FACE($,(#258),#4002,.F.);
#4285=ADVANCED_FACE($,(#259),#4003,.F.);
#4286=ADVANCED_FACE($,(#260),#4004,.F.);
#4287=ADVANCED_FACE($,(#261),#4005,.T.);
#4288=ADVANCED_FACE($,(#262),#4006,.F.);
#4289=ADVANCED_FACE($,(#263),#4007,.F.);
#4290=ADVANCED_FACE($,(#264),#4008,.F.);
#4291=ADVANCED_FACE($,(#265),#4009,.F.);
#4292=ADVANCED_FACE($,(#266),#4010,.F.);
#4293=ADVANCED_FACE($,(#267,#91),#62,.T.);
#4294=ADVANCED_FACE($,(#268),#4011,.T.);
#4295=ADVANCED_FACE($,(#269),#4012,.T.);
#4296=ADVANCED_FACE($,(#270),#4013,.F.);
#4297=ADVANCED_FACE($,(#271),#4014,.T.);
#4298=ADVANCED_FACE($,(#272),#4015,.T.);
#4299=ADVANCED_FACE($,(#273),#4016,.T.);
#4300=ADVANCED_FACE($,(#274),#4017,.T.);
#4301=ADVANCED_FACE($,(#275),#4018,.T.);
#4302=ADVANCED_FACE($,(#276),#4019,.F.);
#4303=ADVANCED_FACE($,(#277),#4020,.F.);
#4304=ADVANCED_FACE($,(#278),#4021,.F.);
#4305=ADVANCED_FACE($,(#279),#4022,.F.);
#4306=ADVANCED_FACE($,(#280),#4023,.T.);
#4307=ADVANCED_FACE($,(#281),#4024,.F.);
#4308=ADVANCED_FACE($,(#282),#4025,.F.);
#4309=ADVANCED_FACE($,(#283),#4026,.F.);
#4310=ADVANCED_FACE($,(#284),#4027,.F.);
#4311=ADVANCED_FACE($,(#92,#93,#94),#4028,.F.);
#4312=ADVANCED_FACE($,(#285),#4029,.F.);
#4313=ADVANCED_FACE($,(#286),#4030,.F.);
#4314=ADVANCED_FACE($,(#287),#4031,.F.);
#4315=ADVANCED_FACE($,(#288),#4032,.F.);
#4316=ADVANCED_FACE($,(#289),#4033,.F.);
#4317=ADVANCED_FACE($,(#290),#4034,.F.);
#4318=ADVANCED_FACE($,(#291),#4035,.F.);
#4319=ADVANCED_FACE($,(#292),#4036,.F.);
#4320=ADVANCED_FACE($,(#293),#4037,.T.);
#4321=ADVANCED_FACE($,(#294),#4038,.F.);
#4322=ADVANCED_FACE($,(#295),#4039,.F.);
#4323=ADVANCED_FACE($,(#296),#4040,.F.);
#4324=ADVANCED_FACE($,(#297),#4041,.F.);
#4325=ADVANCED_FACE($,(#95,#96,#97),#4042,.F.);
#4326=ADVANCED_FACE($,(#298),#4043,.F.);
#4327=ADVANCED_FACE($,(#299),#4044,.F.);
#4328=ADVANCED_FACE($,(#300),#4045,.F.);
#4329=ADVANCED_FACE($,(#301),#4046,.F.);
#4330=ADVANCED_FACE($,(#302),#4047,.F.);
#4331=ADVANCED_FACE($,(#303),#4048,.F.);
#4332=ADVANCED_FACE($,(#304),#4049,.F.);
#4333=ADVANCED_FACE($,(#305),#4050,.F.);
#4334=ADVANCED_FACE($,(#306),#4051,.T.);
#4335=ADVANCED_FACE($,(#307),#4052,.F.);
#4336=ADVANCED_FACE($,(#308),#4053,.F.);
#4337=ADVANCED_FACE($,(#309),#4054,.F.);
#4338=ADVANCED_FACE($,(#310),#4055,.F.);
#4339=ADVANCED_FACE($,(#98,#99,#100),#4056,.F.);
#4340=ADVANCED_FACE($,(#311),#4057,.F.);
#4341=ADVANCED_FACE($,(#312),#4058,.F.);
#4342=ADVANCED_FACE($,(#313),#4059,.F.);
#4343=ADVANCED_FACE($,(#314),#4060,.F.);
#4344=ADVANCED_FACE($,(#315),#4061,.F.);
#4345=ADVANCED_FACE($,(#316),#4062,.F.);
#4346=ADVANCED_FACE($,(#317),#4063,.F.);
#4347=ADVANCED_FACE($,(#318),#4064,.F.);
#4348=ADVANCED_FACE($,(#319),#4065,.T.);
#4349=ADVANCED_FACE($,(#320),#4066,.F.);
#4350=ADVANCED_FACE($,(#321),#4067,.F.);
#4351=ADVANCED_FACE($,(#322),#4068,.F.);
#4352=ADVANCED_FACE($,(#323),#4069,.F.);
#4353=ADVANCED_FACE($,(#101,#102,#103),#4070,.F.);
#4354=ADVANCED_FACE($,(#324),#4071,.F.);
#4355=ADVANCED_FACE($,(#325),#4072,.F.);
#4356=ADVANCED_FACE($,(#326),#4073,.F.);
#4357=ADVANCED_FACE($,(#327),#4074,.F.);
#4358=ADVANCED_FACE($,(#328),#4075,.F.);
#4359=ADVANCED_FACE($,(#329),#4076,.F.);
#4360=ADVANCED_FACE($,(#330),#4077,.F.);
#4361=ADVANCED_FACE($,(#331),#4078,.F.);
#4362=ADVANCED_FACE($,(#332),#4079,.T.);
#4363=ADVANCED_FACE($,(#333),#4080,.F.);
#4364=ADVANCED_FACE($,(#334),#4081,.F.);
#4365=ADVANCED_FACE($,(#335),#4082,.F.);
#4366=ADVANCED_FACE($,(#336),#4083,.F.);
#4367=ADVANCED_FACE($,(#104,#105,#106),#4084,.F.);
#4368=ADVANCED_FACE($,(#337),#4085,.F.);
#4369=ADVANCED_FACE($,(#338),#4086,.F.);
#4370=ADVANCED_FACE($,(#339),#4087,.F.);
#4371=ADVANCED_FACE($,(#340),#4088,.F.);
#4372=ADVANCED_FACE($,(#341,#107),#63,.T.);
#4373=ADVANCED_FACE($,(#342),#4089,.T.);
#4374=ADVANCED_FACE($,(#343),#4090,.T.);
#4375=ADVANCED_FACE($,(#344),#4091,.F.);
#4376=ADVANCED_FACE($,(#345),#4092,.F.);
#4377=ADVANCED_FACE($,(#346),#4093,.F.);
#4378=ADVANCED_FACE($,(#347),#4094,.F.);
#4379=ADVANCED_FACE($,(#348),#4095,.T.);
#4380=ADVANCED_FACE($,(#349),#4096,.F.);
#4381=ADVANCED_FACE($,(#350),#4097,.F.);
#4382=ADVANCED_FACE($,(#351),#4098,.F.);
#4383=ADVANCED_FACE($,(#352),#4099,.F.);
#4384=ADVANCED_FACE($,(#108,#109,#110),#4100,.F.);
#4385=ADVANCED_FACE($,(#353),#4101,.F.);
#4386=ADVANCED_FACE($,(#354),#4102,.F.);
#4387=ADVANCED_FACE($,(#355),#4103,.F.);
#4388=ADVANCED_FACE($,(#356),#4104,.F.);
#4389=ADVANCED_FACE($,(#357),#4105,.F.);
#4390=ADVANCED_FACE($,(#358),#4106,.T.);
#4391=ADVANCED_FACE($,(#359),#4107,.T.);
#4392=ADVANCED_FACE($,(#360),#4108,.T.);
#4393=ADVANCED_FACE($,(#361),#4109,.T.);
#4394=ADVANCED_FACE($,(#362),#4110,.F.);
#4395=ADVANCED_FACE($,(#363),#4111,.F.);
#4396=ADVANCED_FACE($,(#364),#4112,.T.);
#4397=ADVANCED_FACE($,(#365),#4113,.T.);
#4398=ADVANCED_FACE($,(#366),#4114,.T.);
#4399=ADVANCED_FACE($,(#367),#4115,.T.);
#4400=ADVANCED_FACE($,(#368),#4116,.F.);
#4401=ADVANCED_FACE($,(#369),#4117,.F.);
#4402=ADVANCED_FACE($,(#370),#4118,.T.);
#4403=ADVANCED_FACE($,(#371),#4119,.T.);
#4404=ADVANCED_FACE($,(#372),#4120,.T.);
#4405=ADVANCED_FACE($,(#373),#4121,.T.);
#4406=ADVANCED_FACE($,(#374),#4122,.F.);
#4407=ADVANCED_FACE($,(#375,#111),#64,.T.);
#4408=ADVANCED_FACE($,(#376),#4123,.T.);
#4409=ADVANCED_FACE($,(#377),#4124,.T.);
#4410=ADVANCED_FACE($,(#378),#4125,.F.);
#4411=ADVANCED_FACE($,(#379),#4126,.T.);
#4412=ADVANCED_FACE($,(#380),#4127,.T.);
#4413=ADVANCED_FACE($,(#381),#4128,.T.);
#4414=ADVANCED_FACE($,(#382),#4129,.T.);
#4415=ADVANCED_FACE($,(#383),#4130,.F.);
#4416=ADVANCED_FACE($,(#384),#4131,.F.);
#4417=ADVANCED_FACE($,(#385),#4132,.T.);
#4418=ADVANCED_FACE($,(#386),#4133,.T.);
#4419=ADVANCED_FACE($,(#387),#4134,.T.);
#4420=ADVANCED_FACE($,(#388),#4135,.T.);
#4421=ADVANCED_FACE($,(#389),#4136,.F.);
#4422=ADVANCED_FACE($,(#390),#4137,.F.);
#4423=ADVANCED_FACE($,(#391),#4138,.T.);
#4424=ADVANCED_FACE($,(#392),#4139,.T.);
#4425=ADVANCED_FACE($,(#393),#4140,.T.);
#4426=ADVANCED_FACE($,(#394),#4141,.T.);
#4427=ADVANCED_FACE($,(#395),#4142,.F.);
#4428=ADVANCED_FACE($,(#396,#112),#65,.T.);
#4429=ADVANCED_FACE($,(#397),#4143,.T.);
#4430=ADVANCED_FACE($,(#398),#4144,.T.);
#4431=ADVANCED_FACE($,(#399),#4145,.F.);
#4432=ADVANCED_FACE($,(#400),#4146,.T.);
#4433=ADVANCED_FACE($,(#401),#4147,.T.);
#4434=ADVANCED_FACE($,(#402),#4148,.T.);
#4435=ADVANCED_FACE($,(#403),#4149,.T.);
#4436=ADVANCED_FACE($,(#404),#4150,.F.);
#4437=ADVANCED_FACE($,(#405),#4151,.F.);
#4438=ADVANCED_FACE($,(#406),#4152,.T.);
#4439=ADVANCED_FACE($,(#407),#4153,.T.);
#4440=ADVANCED_FACE($,(#408),#4154,.T.);
#4441=ADVANCED_FACE($,(#409),#4155,.T.);
#4442=ADVANCED_FACE($,(#410),#4156,.F.);
#4443=ADVANCED_FACE($,(#411),#4157,.F.);
#4444=ADVANCED_FACE($,(#412),#4158,.T.);
#4445=ADVANCED_FACE($,(#413),#4159,.T.);
#4446=ADVANCED_FACE($,(#414),#4160,.T.);
#4447=ADVANCED_FACE($,(#415),#4161,.T.);
#4448=ADVANCED_FACE($,(#416),#4162,.F.);
#4449=ADVANCED_FACE($,(#417,#113),#66,.T.);
#4450=ADVANCED_FACE($,(#418),#4163,.T.);
#4451=ADVANCED_FACE($,(#419),#4164,.T.);
#4452=ADVANCED_FACE($,(#420),#4165,.T.);
#4453=ADVANCED_FACE($,(#421),#10,.T.);
#4454=ADVANCED_FACE($,(#422,#114),#67,.T.);
#4455=ADVANCED_FACE($,(#423),#4166,.T.);
#4456=ADVANCED_FACE($,(#424),#4167,.T.);
#4457=ADVANCED_FACE($,(#425,#115),#68,.T.);
#4458=ADVANCED_FACE($,(#426),#4168,.T.);
#4459=ADVANCED_FACE($,(#427),#4169,.T.);
#4460=ADVANCED_FACE($,(#428,#116),#69,.T.);
#4461=ADVANCED_FACE($,(#429),#4170,.T.);
#4462=ADVANCED_FACE($,(#430),#4171,.T.);
#4463=ADVANCED_FACE($,(#431,#117),#70,.T.);
#4464=ADVANCED_FACE($,(#432),#4172,.T.);
#4465=ADVANCED_FACE($,(#433),#4173,.T.);
#4466=ADVANCED_FACE($,(#434,#118),#71,.T.);
#4467=ADVANCED_FACE($,(#435),#4174,.T.);
#4468=ADVANCED_FACE($,(#436),#4175,.T.);
#4469=ADVANCED_FACE($,(#437,#119),#72,.T.);
#4470=ADVANCED_FACE($,(#438),#4176,.T.);
#4471=ADVANCED_FACE($,(#439),#4177,.T.);
#4472=ADVANCED_FACE($,(#440),#4178,.T.);
#4473=ADVANCED_FACE($,(#441),#4179,.F.);
#4474=ADVANCED_FACE($,(#442),#4180,.F.);
#4475=ADVANCED_FACE($,(#443),#4181,.F.);
#4476=ADVANCED_FACE($,(#444),#4182,.F.);
#4477=ADVANCED_FACE($,(#445),#4183,.F.);
#4478=ADVANCED_FACE($,(#446),#4184,.T.);
#4479=ADVANCED_FACE($,(#447),#4185,.F.);
#4480=ADVANCED_FACE($,(#448),#4186,.F.);
#4481=ADVANCED_FACE($,(#449),#4187,.F.);
#4482=ADVANCED_FACE($,(#450),#4188,.F.);
#4483=ADVANCED_FACE($,(#451),#4189,.F.);
#4484=ADVANCED_FACE($,(#452,#120),#73,.T.);
#4485=ADVANCED_FACE($,(#453),#4190,.T.);
#4486=ADVANCED_FACE($,(#454),#4191,.T.);
#4487=ADVANCED_FACE($,(#455,#121),#74,.T.);
#4488=ADVANCED_FACE($,(#456),#4192,.T.);
#4489=ADVANCED_FACE($,(#457),#4193,.T.);
#4490=ADVANCED_FACE($,(#458,#122),#75,.T.);
#4491=ADVANCED_FACE($,(#459),#4194,.T.);
#4492=ADVANCED_FACE($,(#460),#4195,.T.);
#4493=ADVANCED_FACE($,(#461,#123),#76,.T.);
#4494=ADVANCED_FACE($,(#462),#4196,.T.);
#4495=ADVANCED_FACE($,(#463),#4197,.T.);
#4496=ADVANCED_FACE($,(#464,#124),#77,.T.);
#4497=ADVANCED_FACE($,(#465),#4198,.T.);
#4498=ADVANCED_FACE($,(#466),#4199,.T.);
#4499=ADVANCED_FACE($,(#467,#125),#78,.T.);
#4500=ADVANCED_FACE($,(#468),#4200,.T.);
#4501=ADVANCED_FACE($,(#469),#4201,.T.);
#4502=ADVANCED_FACE($,(#470,#126),#79,.T.);
#4503=ADVANCED_FACE($,(#471),#4202,.T.);
#4504=ADVANCED_FACE($,(#472),#4203,.T.);
#4505=ADVANCED_FACE($,(#473,#127),#80,.T.);
#4506=ADVANCED_FACE($,(#474),#4204,.T.);
#4507=ADVANCED_FACE($,(#475),#4205,.T.);
#4508=CLOSED_SHELL($,(#4206,#4207,#4208,#4209,#4210,#4211));
#4509=CLOSED_SHELL($,(#4212,#4213,#4214,#4215,#4216,#4217,#4218,#4219,#4220,
#4221,#4222));
#4510=CLOSED_SHELL($,(#4223,#4224,#4225,#4226));
#4511=CLOSED_SHELL($,(#4227,#4228,#4229,#4230,#4231,#4232));
#4512=CLOSED_SHELL($,(#4233,#4234,#4235,#4236,#4237,#4238));
#4513=CLOSED_SHELL($,(#4239,#4240,#4241));
#4514=CLOSED_SHELL($,(#4242,#4243,#4244,#4245,#4246,#4247));
#4515=CLOSED_SHELL($,(#4248,#4249,#4250,#4251,#4252,#4253));
#4516=CLOSED_SHELL($,(#4254,#4255,#4256,#4257,#4258,#4259));
#4517=CLOSED_SHELL($,(#4260,#4261,#4262,#4263,#4264,#4265));
#4518=CLOSED_SHELL($,(#4266,#4267,#4268,#4269,#4270,#4271));
#4519=CLOSED_SHELL($,(#4272,#4273,#4274,#4275,#4276,#4277));
#4520=CLOSED_SHELL($,(#4278,#4279,#4280));
#4521=CLOSED_SHELL($,(#4281,#4282,#4283,#4284,#4285,#4286));
#4522=CLOSED_SHELL($,(#4287,#4288,#4289,#4290,#4291,#4292));
#4523=CLOSED_SHELL($,(#4293,#4294,#4295));
#4524=CLOSED_SHELL($,(#4296,#4297,#4298,#4299,#4300,#4301));
#4525=CLOSED_SHELL($,(#4302,#4303,#4304,#4305,#4306,#4307,#4308,#4309,#4310,
#4311,#4312,#4313,#4314,#4315));
#4526=CLOSED_SHELL($,(#4316,#4317,#4318,#4319,#4320,#4321,#4322,#4323,#4324,
#4325,#4326,#4327,#4328,#4329));
#4527=CLOSED_SHELL($,(#4330,#4331,#4332,#4333,#4334,#4335,#4336,#4337,#4338,
#4339,#4340,#4341,#4342,#4343));
#4528=CLOSED_SHELL($,(#4344,#4345,#4346,#4347,#4348,#4349,#4350,#4351,#4352,
#4353,#4354,#4355,#4356,#4357));
#4529=CLOSED_SHELL($,(#4358,#4359,#4360,#4361,#4362,#4363,#4364,#4365,#4366,
#4367,#4368,#4369,#4370,#4371));
#4530=CLOSED_SHELL($,(#4372,#4373,#4374));
#4531=CLOSED_SHELL($,(#4375,#4376,#4377,#4378,#4379,#4380,#4381,#4382,#4383,
#4384,#4385,#4386,#4387,#4388));
#4532=CLOSED_SHELL($,(#4389,#4390,#4391,#4392,#4393,#4394));
#4533=CLOSED_SHELL($,(#4395,#4396,#4397,#4398,#4399,#4400));
#4534=CLOSED_SHELL($,(#4401,#4402,#4403,#4404,#4405,#4406));
#4535=CLOSED_SHELL($,(#4407,#4408,#4409));
#4536=CLOSED_SHELL($,(#4410,#4411,#4412,#4413,#4414,#4415));
#4537=CLOSED_SHELL($,(#4416,#4417,#4418,#4419,#4420,#4421));
#4538=CLOSED_SHELL($,(#4422,#4423,#4424,#4425,#4426,#4427));
#4539=CLOSED_SHELL($,(#4428,#4429,#4430));
#4540=CLOSED_SHELL($,(#4431,#4432,#4433,#4434,#4435,#4436));
#4541=CLOSED_SHELL($,(#4437,#4438,#4439,#4440,#4441,#4442));
#4542=CLOSED_SHELL($,(#4443,#4444,#4445,#4446,#4447,#4448));
#4543=CLOSED_SHELL($,(#4449,#4450,#4451));
#4544=CLOSED_SHELL($,(#4452,#4453));
#4545=CLOSED_SHELL($,(#4454,#4455,#4456));
#4546=CLOSED_SHELL($,(#4457,#4458,#4459));
#4547=CLOSED_SHELL($,(#4460,#4461,#4462));
#4548=CLOSED_SHELL($,(#4463,#4464,#4465));
#4549=CLOSED_SHELL($,(#4466,#4467,#4468));
#4550=CLOSED_SHELL($,(#4469,#4470,#4471));
#4551=CLOSED_SHELL($,(#4472,#4473,#4474,#4475,#4476,#4477));
#4552=CLOSED_SHELL($,(#4478,#4479,#4480,#4481,#4482,#4483));
#4553=CLOSED_SHELL($,(#4484,#4485,#4486));
#4554=CLOSED_SHELL($,(#4487,#4488,#4489));
#4555=CLOSED_SHELL($,(#4490,#4491,#4492));
#4556=CLOSED_SHELL($,(#4493,#4494,#4495));
#4557=CLOSED_SHELL($,(#4496,#4497,#4498));
#4558=CLOSED_SHELL($,(#4499,#4500,#4501));
#4559=CLOSED_SHELL($,(#4502,#4503,#4504));
#4560=CLOSED_SHELL($,(#4505,#4506,#4507));
#4561=MANIFOLD_SOLID_BREP('ASM Body',#4508);
#4562=MANIFOLD_SOLID_BREP('ASM Body',#4509);
#4563=MANIFOLD_SOLID_BREP('ASM Body',#4510);
#4564=MANIFOLD_SOLID_BREP('ASM Body',#4511);
#4565=MANIFOLD_SOLID_BREP('ASM Body',#4512);
#4566=MANIFOLD_SOLID_BREP('ASM Body',#4513);
#4567=MANIFOLD_SOLID_BREP('ASM Body',#4514);
#4568=MANIFOLD_SOLID_BREP('ASM Body',#4515);
#4569=MANIFOLD_SOLID_BREP('ASM Body',#4516);
#4570=MANIFOLD_SOLID_BREP('ASM Body',#4517);
#4571=MANIFOLD_SOLID_BREP('ASM Body',#4518);
#4572=MANIFOLD_SOLID_BREP('ASM Body',#4519);
#4573=MANIFOLD_SOLID_BREP('ASM Body',#4520);
#4574=MANIFOLD_SOLID_BREP('ASM Body',#4521);
#4575=MANIFOLD_SOLID_BREP('ASM Body',#4522);
#4576=MANIFOLD_SOLID_BREP('ASM Body',#4523);
#4577=MANIFOLD_SOLID_BREP('ASM Body',#4524);
#4578=MANIFOLD_SOLID_BREP('ASM Body',#4525);
#4579=MANIFOLD_SOLID_BREP('ASM Body',#4526);
#4580=MANIFOLD_SOLID_BREP('ASM Body',#4527);
#4581=MANIFOLD_SOLID_BREP('ASM Body',#4528);
#4582=MANIFOLD_SOLID_BREP('ASM Body',#4529);
#4583=MANIFOLD_SOLID_BREP('ASM Body',#4530);
#4584=MANIFOLD_SOLID_BREP('ASM Body',#4531);
#4585=MANIFOLD_SOLID_BREP('ASM Body',#4532);
#4586=MANIFOLD_SOLID_BREP('ASM Body',#4533);
#4587=MANIFOLD_SOLID_BREP('ASM Body',#4534);
#4588=MANIFOLD_SOLID_BREP('ASM Body',#4535);
#4589=MANIFOLD_SOLID_BREP('ASM Body',#4536);
#4590=MANIFOLD_SOLID_BREP('ASM Body',#4537);
#4591=MANIFOLD_SOLID_BREP('ASM Body',#4538);
#4592=MANIFOLD_SOLID_BREP('ASM Body',#4539);
#4593=MANIFOLD_SOLID_BREP('ASM Body',#4540);
#4594=MANIFOLD_SOLID_BREP('ASM Body',#4541);
#4595=MANIFOLD_SOLID_BREP('ASM Body',#4542);
#4596=MANIFOLD_SOLID_BREP('ASM Body',#4543);
#4597=MANIFOLD_SOLID_BREP('ASM Body',#4544);
#4598=MANIFOLD_SOLID_BREP('ASM Body',#4545);
#4599=MANIFOLD_SOLID_BREP('ASM Body',#4546);
#4600=MANIFOLD_SOLID_BREP('ASM Body',#4547);
#4601=MANIFOLD_SOLID_BREP('ASM Body',#4548);
#4602=MANIFOLD_SOLID_BREP('ASM Body',#4549);
#4603=MANIFOLD_SOLID_BREP('ASM Body',#4550);
#4604=MANIFOLD_SOLID_BREP('ASM Body',#4551);
#4605=MANIFOLD_SOLID_BREP('ASM Body',#4552);
#4606=MANIFOLD_SOLID_BREP('ASM Body',#4553);
#4607=MANIFOLD_SOLID_BREP('ASM Body',#4554);
#4608=MANIFOLD_SOLID_BREP('ASM Body',#4555);
#4609=MANIFOLD_SOLID_BREP('ASM Body',#4556);
#4610=MANIFOLD_SOLID_BREP('ASM Body',#4557);
#4611=MANIFOLD_SOLID_BREP('ASM Body',#4558);
#4612=MANIFOLD_SOLID_BREP('ASM Body',#4559);
#4613=MANIFOLD_SOLID_BREP('ASM Body',#4560);
#4614=AXIS2_PLACEMENT_3D('placement',#6180,#4964,#4965);
#4615=AXIS2_PLACEMENT_3D($,#6181,#4966,#4967);
#4616=AXIS2_PLACEMENT_3D($,#6190,#4972,#4973);
#4617=AXIS2_PLACEMENT_3D($,#6196,#4977,#4978);
#4618=AXIS2_PLACEMENT_3D($,#6202,#4982,#4983);
#4619=AXIS2_PLACEMENT_3D($,#6205,#4986,#4987);
#4620=AXIS2_PLACEMENT_3D($,#6206,#4988,#4989);
#4621=AXIS2_PLACEMENT_3D($,#6207,#4990,#4991);
#4622=AXIS2_PLACEMENT_3D($,#6216,#4996,#4997);
#4623=AXIS2_PLACEMENT_3D($,#6222,#5001,#5002);
#4624=AXIS2_PLACEMENT_3D($,#6228,#5006,#5007);
#4625=AXIS2_PLACEMENT_3D($,#6230,#5009,#5010);
#4626=AXIS2_PLACEMENT_3D($,#6232,#5012,#5013);
#4627=AXIS2_PLACEMENT_3D($,#6241,#5018,#5019);
#4628=AXIS2_PLACEMENT_3D($,#6247,#5023,#5024);
#4629=AXIS2_PLACEMENT_3D($,#6253,#5028,#5029);
#4630=AXIS2_PLACEMENT_3D($,#6256,#5032,#5033);
#4631=AXIS2_PLACEMENT_3D($,#6257,#5034,#5035);
#4632=AXIS2_PLACEMENT_3D($,#6258,#5036,#5037);
#4633=AXIS2_PLACEMENT_3D($,#6260,#5038,#5039);
#4634=AXIS2_PLACEMENT_3D($,#6262,#5040,#5041);
#4635=AXIS2_PLACEMENT_3D($,#6263,#5042,#5043);
#4636=AXIS2_PLACEMENT_3D($,#6265,#5044,#5045);
#4637=AXIS2_PLACEMENT_3D($,#6267,#5046,#5047);
#4638=AXIS2_PLACEMENT_3D($,#6268,#5048,#5049);
#4639=AXIS2_PLACEMENT_3D($,#6269,#5050,#5051);
#4640=AXIS2_PLACEMENT_3D($,#6270,#5052,#5053);
#4641=AXIS2_PLACEMENT_3D($,#6279,#5058,#5059);
#4642=AXIS2_PLACEMENT_3D($,#6285,#5063,#5064);
#4643=AXIS2_PLACEMENT_3D($,#6291,#5068,#5069);
#4644=AXIS2_PLACEMENT_3D($,#6294,#5072,#5073);
#4645=AXIS2_PLACEMENT_3D($,#6295,#5074,#5075);
#4646=AXIS2_PLACEMENT_3D($,#6296,#5076,#5077);
#4647=AXIS2_PLACEMENT_3D($,#6305,#5082,#5083);
#4648=AXIS2_PLACEMENT_3D($,#6311,#5087,#5088);
#4649=AXIS2_PLACEMENT_3D($,#6317,#5092,#5093);
#4650=AXIS2_PLACEMENT_3D($,#6320,#5096,#5097);
#4651=AXIS2_PLACEMENT_3D($,#6321,#5098,#5099);
#4652=AXIS2_PLACEMENT_3D($,#6322,#5100,#5101);
#4653=AXIS2_PLACEMENT_3D($,#6324,#5102,#5103);
#4654=AXIS2_PLACEMENT_3D($,#6326,#5104,#5105);
#4655=AXIS2_PLACEMENT_3D($,#6327,#5106,#5107);
#4656=AXIS2_PLACEMENT_3D($,#6328,#5108,#5109);
#4657=AXIS2_PLACEMENT_3D($,#6329,#5110,#5111);
#4658=AXIS2_PLACEMENT_3D($,#6338,#5116,#5117);
#4659=AXIS2_PLACEMENT_3D($,#6344,#5121,#5122);
#4660=AXIS2_PLACEMENT_3D($,#6348,#5125,#5126);
#4661=AXIS2_PLACEMENT_3D($,#6352,#5129,#5130);
#4662=AXIS2_PLACEMENT_3D($,#6354,#5132,#5133);
#4663=AXIS2_PLACEMENT_3D($,#6355,#5134,#5135);
#4664=AXIS2_PLACEMENT_3D($,#6364,#5140,#5141);
#4665=AXIS2_PLACEMENT_3D($,#6373,#5146,#5147);
#4666=AXIS2_PLACEMENT_3D($,#6376,#5150,#5151);
#4667=AXIS2_PLACEMENT_3D($,#6378,#5153,#5154);
#4668=AXIS2_PLACEMENT_3D($,#6380,#5156,#5157);
#4669=AXIS2_PLACEMENT_3D($,#6381,#5158,#5159);
#4670=AXIS2_PLACEMENT_3D($,#6390,#5164,#5165);
#4671=AXIS2_PLACEMENT_3D($,#6396,#5169,#5170);
#4672=AXIS2_PLACEMENT_3D($,#6400,#5173,#5174);
#4673=AXIS2_PLACEMENT_3D($,#6404,#5177,#5178);
#4674=AXIS2_PLACEMENT_3D($,#6406,#5180,#5181);
#4675=AXIS2_PLACEMENT_3D($,#6407,#5182,#5183);
#4676=AXIS2_PLACEMENT_3D($,#6416,#5188,#5189);
#4677=AXIS2_PLACEMENT_3D($,#6425,#5194,#5195);
#4678=AXIS2_PLACEMENT_3D($,#6428,#5198,#5199);
#4679=AXIS2_PLACEMENT_3D($,#6430,#5201,#5202);
#4680=AXIS2_PLACEMENT_3D($,#6432,#5204,#5205);
#4681=AXIS2_PLACEMENT_3D($,#6433,#5206,#5207);
#4682=AXIS2_PLACEMENT_3D($,#6442,#5212,#5213);
#4683=AXIS2_PLACEMENT_3D($,#6451,#5218,#5219);
#4684=AXIS2_PLACEMENT_3D($,#6454,#5222,#5223);
#4685=AXIS2_PLACEMENT_3D($,#6456,#5225,#5226);
#4686=AXIS2_PLACEMENT_3D($,#6458,#5228,#5229);
#4687=AXIS2_PLACEMENT_3D($,#6459,#5230,#5231);
#4688=AXIS2_PLACEMENT_3D($,#6468,#5236,#5237);
#4689=AXIS2_PLACEMENT_3D($,#6477,#5242,#5243);
#4690=AXIS2_PLACEMENT_3D($,#6480,#5246,#5247);
#4691=AXIS2_PLACEMENT_3D($,#6482,#5249,#5250);
#4692=AXIS2_PLACEMENT_3D($,#6484,#5252,#5253);
#4693=AXIS2_PLACEMENT_3D($,#6485,#5254,#5255);
#4694=AXIS2_PLACEMENT_3D($,#6487,#5256,#5257);
#4695=AXIS2_PLACEMENT_3D($,#6489,#5258,#5259);
#4696=AXIS2_PLACEMENT_3D($,#6490,#5260,#5261);
#4697=AXIS2_PLACEMENT_3D($,#6491,#5262,#5263);
#4698=AXIS2_PLACEMENT_3D($,#6492,#5264,#5265);
#4699=AXIS2_PLACEMENT_3D($,#6501,#5270,#5271);
#4700=AXIS2_PLACEMENT_3D($,#6510,#5276,#5277);
#4701=AXIS2_PLACEMENT_3D($,#6513,#5280,#5281);
#4702=AXIS2_PLACEMENT_3D($,#6515,#5283,#5284);
#4703=AXIS2_PLACEMENT_3D($,#6517,#5286,#5287);
#4704=AXIS2_PLACEMENT_3D($,#6518,#5288,#5289);
#4705=AXIS2_PLACEMENT_3D($,#6527,#5294,#5295);
#4706=AXIS2_PLACEMENT_3D($,#6536,#5300,#5301);
#4707=AXIS2_PLACEMENT_3D($,#6539,#5304,#5305);
#4708=AXIS2_PLACEMENT_3D($,#6541,#5307,#5308);
#4709=AXIS2_PLACEMENT_3D($,#6543,#5310,#5311);
#4710=AXIS2_PLACEMENT_3D($,#6544,#5312,#5313);
#4711=AXIS2_PLACEMENT_3D($,#6546,#5314,#5315);
#4712=AXIS2_PLACEMENT_3D($,#6548,#5316,#5317);
#4713=AXIS2_PLACEMENT_3D($,#6549,#5318,#5319);
#4714=AXIS2_PLACEMENT_3D($,#6550,#5320,#5321);
#4715=AXIS2_PLACEMENT_3D($,#6551,#5322,#5323);
#4716=AXIS2_PLACEMENT_3D($,#6560,#5328,#5329);
#4717=AXIS2_PLACEMENT_3D($,#6569,#5334,#5335);
#4718=AXIS2_PLACEMENT_3D($,#6572,#5338,#5339);
#4719=AXIS2_PLACEMENT_3D($,#6574,#5341,#5342);
#4720=AXIS2_PLACEMENT_3D($,#6576,#5344,#5345);
#4721=AXIS2_PLACEMENT_3D($,#6577,#5346,#5347);
#4722=AXIS2_PLACEMENT_3D($,#6586,#5352,#5353);
#4723=AXIS2_PLACEMENT_3D($,#6595,#5358,#5359);
#4724=AXIS2_PLACEMENT_3D($,#6601,#5363,#5364);
#4725=AXIS2_PLACEMENT_3D($,#6610,#5369,#5370);
#4726=AXIS2_PLACEMENT_3D($,#6616,#5374,#5375);
#4727=AXIS2_PLACEMENT_3D($,#6623,#5380,#5381);
#4728=AXIS2_PLACEMENT_3D($,#6627,#5384,#5385);
#4729=AXIS2_PLACEMENT_3D($,#6632,#5389,#5390);
#4730=AXIS2_PLACEMENT_3D($,#6634,#5392,#5393);
#4731=AXIS2_PLACEMENT_3D($,#6643,#5398,#5399);
#4732=AXIS2_PLACEMENT_3D($,#6646,#5402,#5403);
#4733=AXIS2_PLACEMENT_3D($,#6648,#5405,#5406);
#4734=AXIS2_PLACEMENT_3D($,#6650,#5408,#5409);
#4735=AXIS2_PLACEMENT_3D($,#6651,#5410,#5411);
#4736=AXIS2_PLACEMENT_3D($,#6660,#5416,#5417);
#4737=AXIS2_PLACEMENT_3D($,#6669,#5422,#5423);
#4738=AXIS2_PLACEMENT_3D($,#6675,#5427,#5428);
#4739=AXIS2_PLACEMENT_3D($,#6684,#5433,#5434);
#4740=AXIS2_PLACEMENT_3D($,#6690,#5438,#5439);
#4741=AXIS2_PLACEMENT_3D($,#6697,#5444,#5445);
#4742=AXIS2_PLACEMENT_3D($,#6701,#5448,#5449);
#4743=AXIS2_PLACEMENT_3D($,#6706,#5453,#5454);
#4744=AXIS2_PLACEMENT_3D($,#6708,#5456,#5457);
#4745=AXIS2_PLACEMENT_3D($,#6717,#5462,#5463);
#4746=AXIS2_PLACEMENT_3D($,#6720,#5466,#5467);
#4747=AXIS2_PLACEMENT_3D($,#6722,#5469,#5470);
#4748=AXIS2_PLACEMENT_3D($,#6724,#5472,#5473);
#4749=AXIS2_PLACEMENT_3D($,#6725,#5474,#5475);
#4750=AXIS2_PLACEMENT_3D($,#6734,#5480,#5481);
#4751=AXIS2_PLACEMENT_3D($,#6743,#5486,#5487);
#4752=AXIS2_PLACEMENT_3D($,#6749,#5491,#5492);
#4753=AXIS2_PLACEMENT_3D($,#6758,#5497,#5498);
#4754=AXIS2_PLACEMENT_3D($,#6764,#5502,#5503);
#4755=AXIS2_PLACEMENT_3D($,#6771,#5508,#5509);
#4756=AXIS2_PLACEMENT_3D($,#6775,#5512,#5513);
#4757=AXIS2_PLACEMENT_3D($,#6780,#5517,#5518);
#4758=AXIS2_PLACEMENT_3D($,#6782,#5520,#5521);
#4759=AXIS2_PLACEMENT_3D($,#6791,#5526,#5527);
#4760=AXIS2_PLACEMENT_3D($,#6794,#5530,#5531);
#4761=AXIS2_PLACEMENT_3D($,#6796,#5533,#5534);
#4762=AXIS2_PLACEMENT_3D($,#6798,#5536,#5537);
#4763=AXIS2_PLACEMENT_3D($,#6799,#5538,#5539);
#4764=AXIS2_PLACEMENT_3D($,#6808,#5544,#5545);
#4765=AXIS2_PLACEMENT_3D($,#6817,#5550,#5551);
#4766=AXIS2_PLACEMENT_3D($,#6823,#5555,#5556);
#4767=AXIS2_PLACEMENT_3D($,#6832,#5561,#5562);
#4768=AXIS2_PLACEMENT_3D($,#6838,#5566,#5567);
#4769=AXIS2_PLACEMENT_3D($,#6845,#5572,#5573);
#4770=AXIS2_PLACEMENT_3D($,#6849,#5576,#5577);
#4771=AXIS2_PLACEMENT_3D($,#6854,#5581,#5582);
#4772=AXIS2_PLACEMENT_3D($,#6856,#5584,#5585);
#4773=AXIS2_PLACEMENT_3D($,#6865,#5590,#5591);
#4774=AXIS2_PLACEMENT_3D($,#6868,#5594,#5595);
#4775=AXIS2_PLACEMENT_3D($,#6870,#5597,#5598);
#4776=AXIS2_PLACEMENT_3D($,#6872,#5600,#5601);
#4777=AXIS2_PLACEMENT_3D($,#6873,#5602,#5603);
#4778=AXIS2_PLACEMENT_3D($,#6882,#5608,#5609);
#4779=AXIS2_PLACEMENT_3D($,#6891,#5614,#5615);
#4780=AXIS2_PLACEMENT_3D($,#6897,#5619,#5620);
#4781=AXIS2_PLACEMENT_3D($,#6906,#5625,#5626);
#4782=AXIS2_PLACEMENT_3D($,#6912,#5630,#5631);
#4783=AXIS2_PLACEMENT_3D($,#6919,#5636,#5637);
#4784=AXIS2_PLACEMENT_3D($,#6923,#5640,#5641);
#4785=AXIS2_PLACEMENT_3D($,#6928,#5645,#5646);
#4786=AXIS2_PLACEMENT_3D($,#6930,#5648,#5649);
#4787=AXIS2_PLACEMENT_3D($,#6939,#5654,#5655);
#4788=AXIS2_PLACEMENT_3D($,#6942,#5658,#5659);
#4789=AXIS2_PLACEMENT_3D($,#6944,#5661,#5662);
#4790=AXIS2_PLACEMENT_3D($,#6946,#5664,#5665);
#4791=AXIS2_PLACEMENT_3D($,#6947,#5666,#5667);
#4792=AXIS2_PLACEMENT_3D($,#6949,#5668,#5669);
#4793=AXIS2_PLACEMENT_3D($,#6951,#5670,#5671);
#4794=AXIS2_PLACEMENT_3D($,#6952,#5672,#5673);
#4795=AXIS2_PLACEMENT_3D($,#6953,#5674,#5675);
#4796=AXIS2_PLACEMENT_3D($,#6954,#5676,#5677);
#4797=AXIS2_PLACEMENT_3D($,#6963,#5682,#5683);
#4798=AXIS2_PLACEMENT_3D($,#6972,#5688,#5689);
#4799=AXIS2_PLACEMENT_3D($,#6978,#5693,#5694);
#4800=AXIS2_PLACEMENT_3D($,#6987,#5699,#5700);
#4801=AXIS2_PLACEMENT_3D($,#6993,#5704,#5705);
#4802=AXIS2_PLACEMENT_3D($,#7000,#5710,#5711);
#4803=AXIS2_PLACEMENT_3D($,#7004,#5714,#5715);
#4804=AXIS2_PLACEMENT_3D($,#7009,#5719,#5720);
#4805=AXIS2_PLACEMENT_3D($,#7011,#5722,#5723);
#4806=AXIS2_PLACEMENT_3D($,#7020,#5728,#5729);
#4807=AXIS2_PLACEMENT_3D($,#7023,#5732,#5733);
#4808=AXIS2_PLACEMENT_3D($,#7025,#5735,#5736);
#4809=AXIS2_PLACEMENT_3D($,#7027,#5738,#5739);
#4810=AXIS2_PLACEMENT_3D($,#7028,#5740,#5741);
#4811=AXIS2_PLACEMENT_3D($,#7037,#5746,#5747);
#4812=AXIS2_PLACEMENT_3D($,#7043,#5751,#5752);
#4813=AXIS2_PLACEMENT_3D($,#7049,#5756,#5757);
#4814=AXIS2_PLACEMENT_3D($,#7051,#5759,#5760);
#4815=AXIS2_PLACEMENT_3D($,#7053,#5762,#5763);
#4816=AXIS2_PLACEMENT_3D($,#7054,#5764,#5765);
#4817=AXIS2_PLACEMENT_3D($,#7063,#5770,#5771);
#4818=AXIS2_PLACEMENT_3D($,#7069,#5775,#5776);
#4819=AXIS2_PLACEMENT_3D($,#7075,#5780,#5781);
#4820=AXIS2_PLACEMENT_3D($,#7077,#5783,#5784);
#4821=AXIS2_PLACEMENT_3D($,#7079,#5786,#5787);
#4822=AXIS2_PLACEMENT_3D($,#7080,#5788,#5789);
#4823=AXIS2_PLACEMENT_3D($,#7089,#5794,#5795);
#4824=AXIS2_PLACEMENT_3D($,#7095,#5799,#5800);
#4825=AXIS2_PLACEMENT_3D($,#7101,#5804,#5805);
#4826=AXIS2_PLACEMENT_3D($,#7103,#5807,#5808);
#4827=AXIS2_PLACEMENT_3D($,#7105,#5810,#5811);
#4828=AXIS2_PLACEMENT_3D($,#7106,#5812,#5813);
#4829=AXIS2_PLACEMENT_3D($,#7108,#5814,#5815);
#4830=AXIS2_PLACEMENT_3D($,#7110,#5816,#5817);
#4831=AXIS2_PLACEMENT_3D($,#7111,#5818,#5819);
#4832=AXIS2_PLACEMENT_3D($,#7112,#5820,#5821);
#4833=AXIS2_PLACEMENT_3D($,#7113,#5822,#5823);
#4834=AXIS2_PLACEMENT_3D($,#7122,#5828,#5829);
#4835=AXIS2_PLACEMENT_3D($,#7128,#5833,#5834);
#4836=AXIS2_PLACEMENT_3D($,#7134,#5838,#5839);
#4837=AXIS2_PLACEMENT_3D($,#7136,#5841,#5842);
#4838=AXIS2_PLACEMENT_3D($,#7138,#5844,#5845);
#4839=AXIS2_PLACEMENT_3D($,#7139,#5846,#5847);
#4840=AXIS2_PLACEMENT_3D($,#7148,#5852,#5853);
#4841=AXIS2_PLACEMENT_3D($,#7154,#5857,#5858);
#4842=AXIS2_PLACEMENT_3D($,#7160,#5862,#5863);
#4843=AXIS2_PLACEMENT_3D($,#7162,#5865,#5866);
#4844=AXIS2_PLACEMENT_3D($,#7164,#5868,#5869);
#4845=AXIS2_PLACEMENT_3D($,#7165,#5870,#5871);
#4846=AXIS2_PLACEMENT_3D($,#7174,#5876,#5877);
#4847=AXIS2_PLACEMENT_3D($,#7180,#5881,#5882);
#4848=AXIS2_PLACEMENT_3D($,#7186,#5886,#5887);
#4849=AXIS2_PLACEMENT_3D($,#7188,#5889,#5890);
#4850=AXIS2_PLACEMENT_3D($,#7190,#5892,#5893);
#4851=AXIS2_PLACEMENT_3D($,#7191,#5894,#5895);
#4852=AXIS2_PLACEMENT_3D($,#7193,#5896,#5897);
#4853=AXIS2_PLACEMENT_3D($,#7195,#5898,#5899);
#4854=AXIS2_PLACEMENT_3D($,#7196,#5900,#5901);
#4855=AXIS2_PLACEMENT_3D($,#7197,#5902,#5903);
#4856=AXIS2_PLACEMENT_3D($,#7198,#5904,#5905);
#4857=AXIS2_PLACEMENT_3D($,#7207,#5910,#5911);
#4858=AXIS2_PLACEMENT_3D($,#7213,#5915,#5916);
#4859=AXIS2_PLACEMENT_3D($,#7219,#5920,#5921);
#4860=AXIS2_PLACEMENT_3D($,#7221,#5923,#5924);
#4861=AXIS2_PLACEMENT_3D($,#7223,#5926,#5927);
#4862=AXIS2_PLACEMENT_3D($,#7224,#5928,#5929);
#4863=AXIS2_PLACEMENT_3D($,#7233,#5934,#5935);
#4864=AXIS2_PLACEMENT_3D($,#7239,#5939,#5940);
#4865=AXIS2_PLACEMENT_3D($,#7245,#5944,#5945);
#4866=AXIS2_PLACEMENT_3D($,#7247,#5947,#5948);
#4867=AXIS2_PLACEMENT_3D($,#7249,#5950,#5951);
#4868=AXIS2_PLACEMENT_3D($,#7250,#5952,#5953);
#4869=AXIS2_PLACEMENT_3D($,#7259,#5958,#5959);
#4870=AXIS2_PLACEMENT_3D($,#7265,#5963,#5964);
#4871=AXIS2_PLACEMENT_3D($,#7271,#5968,#5969);
#4872=AXIS2_PLACEMENT_3D($,#7273,#5971,#5972);
#4873=AXIS2_PLACEMENT_3D($,#7275,#5974,#5975);
#4874=AXIS2_PLACEMENT_3D($,#7276,#5976,#5977);
#4875=AXIS2_PLACEMENT_3D($,#7278,#5978,#5979);
#4876=AXIS2_PLACEMENT_3D($,#7280,#5980,#5981);
#4877=AXIS2_PLACEMENT_3D($,#7281,#5982,#5983);
#4878=AXIS2_PLACEMENT_3D($,#7282,#5984,#5985);
#4879=AXIS2_PLACEMENT_3D($,#7283,#5986,#5987);
#4880=AXIS2_PLACEMENT_3D($,#7285,#5988,#5989);
#4881=AXIS2_PLACEMENT_3D($,#7286,#5990,#5991);
#4882=AXIS2_PLACEMENT_3D($,#7287,#5992,#5993);
#4883=AXIS2_PLACEMENT_3D($,#7289,#5994,#5995);
#4884=AXIS2_PLACEMENT_3D($,#7291,#5996,#5997);
#4885=AXIS2_PLACEMENT_3D($,#7292,#5998,#5999);
#4886=AXIS2_PLACEMENT_3D($,#7293,#6000,#6001);
#4887=AXIS2_PLACEMENT_3D($,#7294,#6002,#6003);
#4888=AXIS2_PLACEMENT_3D($,#7296,#6004,#6005);
#4889=AXIS2_PLACEMENT_3D($,#7298,#6006,#6007);
#4890=AXIS2_PLACEMENT_3D($,#7299,#6008,#6009);
#4891=AXIS2_PLACEMENT_3D($,#7300,#6010,#6011);
#4892=AXIS2_PLACEMENT_3D($,#7301,#6012,#6013);
#4893=AXIS2_PLACEMENT_3D($,#7303,#6014,#6015);
#4894=AXIS2_PLACEMENT_3D($,#7305,#6016,#6017);
#4895=AXIS2_PLACEMENT_3D($,#7306,#6018,#6019);
#4896=AXIS2_PLACEMENT_3D($,#7307,#6020,#6021);
#4897=AXIS2_PLACEMENT_3D($,#7308,#6022,#6023);
#4898=AXIS2_PLACEMENT_3D($,#7310,#6024,#6025);
#4899=AXIS2_PLACEMENT_3D($,#7312,#6026,#6027);
#4900=AXIS2_PLACEMENT_3D($,#7313,#6028,#6029);
#4901=AXIS2_PLACEMENT_3D($,#7314,#6030,#6031);
#4902=AXIS2_PLACEMENT_3D($,#7315,#6032,#6033);
#4903=AXIS2_PLACEMENT_3D($,#7317,#6034,#6035);
#4904=AXIS2_PLACEMENT_3D($,#7319,#6036,#6037);
#4905=AXIS2_PLACEMENT_3D($,#7320,#6038,#6039);
#4906=AXIS2_PLACEMENT_3D($,#7321,#6040,#6041);
#4907=AXIS2_PLACEMENT_3D($,#7322,#6042,#6043);
#4908=AXIS2_PLACEMENT_3D($,#7324,#6044,#6045);
#4909=AXIS2_PLACEMENT_3D($,#7326,#6046,#6047);
#4910=AXIS2_PLACEMENT_3D($,#7327,#6048,#6049);
#4911=AXIS2_PLACEMENT_3D($,#7328,#6050,#6051);
#4912=AXIS2_PLACEMENT_3D($,#7329,#6052,#6053);
#4913=AXIS2_PLACEMENT_3D($,#7338,#6058,#6059);
#4914=AXIS2_PLACEMENT_3D($,#7347,#6064,#6065);
#4915=AXIS2_PLACEMENT_3D($,#7350,#6068,#6069);
#4916=AXIS2_PLACEMENT_3D($,#7352,#6071,#6072);
#4917=AXIS2_PLACEMENT_3D($,#7354,#6074,#6075);
#4918=AXIS2_PLACEMENT_3D($,#7355,#6076,#6077);
#4919=AXIS2_PLACEMENT_3D($,#7364,#6082,#6083);
#4920=AXIS2_PLACEMENT_3D($,#7373,#6088,#6089);
#4921=AXIS2_PLACEMENT_3D($,#7376,#6092,#6093);
#4922=AXIS2_PLACEMENT_3D($,#7378,#6095,#6096);
#4923=AXIS2_PLACEMENT_3D($,#7380,#6098,#6099);
#4924=AXIS2_PLACEMENT_3D($,#7381,#6100,#6101);
#4925=AXIS2_PLACEMENT_3D($,#7383,#6102,#6103);
#4926=AXIS2_PLACEMENT_3D($,#7385,#6104,#6105);
#4927=AXIS2_PLACEMENT_3D($,#7386,#6106,#6107);
#4928=AXIS2_PLACEMENT_3D($,#7387,#6108,#6109);
#4929=AXIS2_PLACEMENT_3D($,#7388,#6110,#6111);
#4930=AXIS2_PLACEMENT_3D($,#7390,#6112,#6113);
#4931=AXIS2_PLACEMENT_3D($,#7392,#6114,#6115);
#4932=AXIS2_PLACEMENT_3D($,#7393,#6116,#6117);
#4933=AXIS2_PLACEMENT_3D($,#7394,#6118,#6119);
#4934=AXIS2_PLACEMENT_3D($,#7395,#6120,#6121);
#4935=AXIS2_PLACEMENT_3D($,#7397,#6122,#6123);
#4936=AXIS2_PLACEMENT_3D($,#7399,#6124,#6125);
#4937=AXIS2_PLACEMENT_3D($,#7400,#6126,#6127);
#4938=AXIS2_PLACEMENT_3D($,#7401,#6128,#6129);
#4939=AXIS2_PLACEMENT_3D($,#7402,#6130,#6131);
#4940=AXIS2_PLACEMENT_3D($,#7404,#6132,#6133);
#4941=AXIS2_PLACEMENT_3D($,#7406,#6134,#6135);
#4942=AXIS2_PLACEMENT_3D($,#7407,#6136,#6137);
#4943=AXIS2_PLACEMENT_3D($,#7408,#6138,#6139);
#4944=AXIS2_PLACEMENT_3D($,#7409,#6140,#6141);
#4945=AXIS2_PLACEMENT_3D($,#7411,#6142,#6143);
#4946=AXIS2_PLACEMENT_3D($,#7413,#6144,#6145);
#4947=AXIS2_PLACEMENT_3D($,#7414,#6146,#6147);
#4948=AXIS2_PLACEMENT_3D($,#7415,#6148,#6149);
#4949=AXIS2_PLACEMENT_3D($,#7416,#6150,#6151);
#4950=AXIS2_PLACEMENT_3D($,#7418,#6152,#6153);
#4951=AXIS2_PLACEMENT_3D($,#7420,#6154,#6155);
#4952=AXIS2_PLACEMENT_3D($,#7421,#6156,#6157);
#4953=AXIS2_PLACEMENT_3D($,#7422,#6158,#6159);
#4954=AXIS2_PLACEMENT_3D($,#7423,#6160,#6161);
#4955=AXIS2_PLACEMENT_3D($,#7425,#6162,#6163);
#4956=AXIS2_PLACEMENT_3D($,#7427,#6164,#6165);
#4957=AXIS2_PLACEMENT_3D($,#7428,#6166,#6167);
#4958=AXIS2_PLACEMENT_3D($,#7429,#6168,#6169);
#4959=AXIS2_PLACEMENT_3D($,#7430,#6170,#6171);
#4960=AXIS2_PLACEMENT_3D($,#7432,#6172,#6173);
#4961=AXIS2_PLACEMENT_3D($,#7434,#6174,#6175);
#4962=AXIS2_PLACEMENT_3D($,#7435,#6176,#6177);
#4963=AXIS2_PLACEMENT_3D($,#7436,#6178,#6179);
#4964=DIRECTION('axis',(0.,0.,1.));
#4965=DIRECTION('refdir',(1.,0.,0.));
#4966=DIRECTION('center_axis',(0.,-1.,0.));
#4967=DIRECTION('ref_axis',(1.,0.,0.));
#4968=DIRECTION($,(-1.,0.,0.));
#4969=DIRECTION($,(0.,0.,1.));
#4970=DIRECTION($,(1.,0.,0.));
#4971=DIRECTION($,(0.,0.,1.));
#4972=DIRECTION('center_axis',(-1.,0.,0.));
#4973=DIRECTION('ref_axis',(0.,-1.,0.));
#4974=DIRECTION($,(0.,1.,0.));
#4975=DIRECTION($,(0.,-1.,0.));
#4976=DIRECTION($,(0.,0.,1.));
#4977=DIRECTION('center_axis',(0.,1.,0.));
#4978=DIRECTION('ref_axis',(-1.,0.,0.));
#4979=DIRECTION($,(1.,0.,0.));
#4980=DIRECTION($,(-1.,0.,0.));
#4981=DIRECTION($,(0.,0.,-1.));
#4982=DIRECTION('center_axis',(1.,0.,0.));
#4983=DIRECTION('ref_axis',(0.,1.,0.));
#4984=DIRECTION($,(0.,-1.,0.));
#4985=DIRECTION($,(0.,1.,0.));
#4986=DIRECTION('center_axis',(0.,0.,1.));
#4987=DIRECTION('ref_axis',(1.,0.,0.));
#4988=DIRECTION('center_axis',(0.,0.,1.));
#4989=DIRECTION('ref_axis',(1.,0.,0.));
#4990=DIRECTION('center_axis',(0.,-1.,0.));
#4991=DIRECTION('ref_axis',(0.,0.,-1.));
#4992=DIRECTION($,(0.,0.,-1.));
#4993=DIRECTION($,(1.,0.,0.));
#4994=DIRECTION($,(0.,0.,1.));
#4995=DIRECTION($,(-1.,0.,0.));
#4996=DIRECTION('center_axis',(0.,0.,1.));
#4997=DIRECTION('ref_axis',(1.,0.,0.));
#4998=DIRECTION($,(0.,1.,0.));
#4999=DIRECTION($,(0.,-1.,0.));
#5000=DIRECTION($,(1.,0.,0.));
#5001=DIRECTION('center_axis',(0.,1.,0.));
#5002=DIRECTION('ref_axis',(0.,0.,1.));
#5003=DIRECTION($,(0.,0.,1.));
#5004=DIRECTION($,(0.,0.,-1.));
#5005=DIRECTION($,(-1.,0.,0.));
#5006=DIRECTION('center_axis',(1.,0.,0.));
#5007=DIRECTION('ref_axis',(0.,0.,-1.));
#5008=DIRECTION($,(0.,1.,0.));
#5009=DIRECTION('center_axis',(0.,0.,1.));
#5010=DIRECTION('ref_axis',(1.,0.,0.));
#5011=DIRECTION($,(0.,-1.,0.));
#5012=DIRECTION('center_axis',(0.,-1.,0.));
#5013=DIRECTION('ref_axis',(1.,0.,0.));
#5014=DIRECTION($,(-1.,0.,0.));
#5015=DIRECTION($,(0.,0.,1.));
#5016=DIRECTION($,(1.,0.,0.));
#5017=DIRECTION($,(0.,0.,-1.));
#5018=DIRECTION('center_axis',(-1.,0.,0.));
#5019=DIRECTION('ref_axis',(0.,-1.,0.));
#5020=DIRECTION($,(0.,1.,0.));
#5021=DIRECTION($,(0.,-1.,0.));
#5022=DIRECTION($,(0.,0.,1.));
#5023=DIRECTION('center_axis',(0.,1.,0.));
#5024=DIRECTION('ref_axis',(-1.,0.,0.));
#5025=DIRECTION($,(1.,0.,0.));
#5026=DIRECTION($,(-1.,0.,0.));
#5027=DIRECTION($,(0.,0.,-1.));
#5028=DIRECTION('center_axis',(1.,0.,0.));
#5029=DIRECTION('ref_axis',(0.,1.,0.));
#5030=DIRECTION($,(0.,-1.,0.));
#5031=DIRECTION($,(0.,1.,0.));
#5032=DIRECTION('center_axis',(0.,0.,1.));
#5033=DIRECTION('ref_axis',(1.,0.,0.));
#5034=DIRECTION('center_axis',(0.,0.,1.));
#5035=DIRECTION('ref_axis',(1.,0.,0.));
#5036=DIRECTION('center_axis',(-1.,0.,0.));
#5037=DIRECTION('ref_axis',(0.,0.,1.));
#5038=DIRECTION('center_axis',(-1.,0.,0.));
#5039=DIRECTION('ref_axis',(0.,0.,1.));
#5040=DIRECTION('center_axis',(1.,0.,0.));
#5041=DIRECTION('ref_axis',(0.,0.,1.));
#5042=DIRECTION('center_axis',(-1.,0.,0.));
#5043=DIRECTION('ref_axis',(0.,0.,1.));
#5044=DIRECTION('center_axis',(1.,0.,0.));
#5045=DIRECTION('ref_axis',(0.,0.,1.));
#5046=DIRECTION('center_axis',(-1.,0.,0.));
#5047=DIRECTION('ref_axis',(0.,0.,1.));
#5048=DIRECTION('center_axis',(1.,0.,0.));
#5049=DIRECTION('ref_axis',(0.,0.,-1.));
#5050=DIRECTION('center_axis',(-1.,0.,0.));
#5051=DIRECTION('ref_axis',(0.,0.,1.));
#5052=DIRECTION('center_axis',(0.,-1.,0.));
#5053=DIRECTION('ref_axis',(0.,0.,-1.));
#5054=DIRECTION($,(-1.,0.,0.));
#5055=DIRECTION($,(0.,0.,1.));
#5056=DIRECTION($,(1.,0.,0.));
#5057=DIRECTION($,(0.,0.,-1.));
#5058=DIRECTION('center_axis',(-1.,0.,0.));
#5059=DIRECTION('ref_axis',(0.,0.,1.));
#5060=DIRECTION($,(0.,1.,0.));
#5061=DIRECTION($,(0.,-1.,0.));
#5062=DIRECTION($,(0.,0.,1.));
#5063=DIRECTION('center_axis',(0.,1.,0.));
#5064=DIRECTION('ref_axis',(0.,0.,1.));
#5065=DIRECTION($,(1.,0.,0.));
#5066=DIRECTION($,(-1.,0.,0.));
#5067=DIRECTION($,(0.,0.,1.));
#5068=DIRECTION('center_axis',(1.,0.,0.));
#5069=DIRECTION('ref_axis',(0.,0.,-1.));
#5070=DIRECTION($,(0.,-1.,0.));
#5071=DIRECTION($,(0.,1.,0.));
#5072=DIRECTION('center_axis',(0.,0.,1.));
#5073=DIRECTION('ref_axis',(1.,0.,0.));
#5074=DIRECTION('center_axis',(0.,0.,1.));
#5075=DIRECTION('ref_axis',(1.,0.,0.));
#5076=DIRECTION('center_axis',(0.,-1.,0.));
#5077=DIRECTION('ref_axis',(1.,0.,0.));
#5078=DIRECTION($,(-1.,0.,0.));
#5079=DIRECTION($,(0.,0.,1.));
#5080=DIRECTION($,(1.,0.,0.));
#5081=DIRECTION($,(0.,0.,-1.));
#5082=DIRECTION('center_axis',(-1.,0.,0.));
#5083=DIRECTION('ref_axis',(0.,-1.,0.));
#5084=DIRECTION($,(0.,1.,0.));
#5085=DIRECTION($,(0.,-1.,0.));
#5086=DIRECTION($,(0.,0.,1.));
#5087=DIRECTION('center_axis',(0.,1.,0.));
#5088=DIRECTION('ref_axis',(-1.,0.,0.));
#5089=DIRECTION($,(1.,0.,0.));
#5090=DIRECTION($,(-1.,0.,0.));
#5091=DIRECTION($,(0.,0.,1.));
#5092=DIRECTION('center_axis',(1.,0.,0.));
#5093=DIRECTION('ref_axis',(0.,1.,0.));
#5094=DIRECTION($,(0.,-1.,0.));
#5095=DIRECTION($,(0.,1.,0.));
#5096=DIRECTION('center_axis',(0.,0.,1.));
#5097=DIRECTION('ref_axis',(1.,0.,0.));
#5098=DIRECTION('center_axis',(0.,0.,1.));
#5099=DIRECTION('ref_axis',(1.,0.,0.));
#5100=DIRECTION('center_axis',(-1.,0.,0.));
#5101=DIRECTION('ref_axis',(0.,0.,1.));
#5102=DIRECTION('center_axis',(-1.,0.,0.));
#5103=DIRECTION('ref_axis',(0.,0.,1.));
#5104=DIRECTION('center_axis',(1.,0.,0.));
#5105=DIRECTION('ref_axis',(0.,0.,1.));
#5106=DIRECTION('center_axis',(1.,0.,0.));
#5107=DIRECTION('ref_axis',(0.,0.,-1.));
#5108=DIRECTION('center_axis',(-1.,0.,0.));
#5109=DIRECTION('ref_axis',(0.,0.,1.));
#5110=DIRECTION('center_axis',(0.,0.,1.));
#5111=DIRECTION('ref_axis',(1.,0.,0.));
#5112=DIRECTION($,(0.,-1.,0.));
#5113=DIRECTION($,(-1.,0.,0.));
#5114=DIRECTION($,(0.,1.,0.));
#5115=DIRECTION($,(1.,0.,0.));
#5116=DIRECTION('center_axis',(0.,1.,0.));
#5117=DIRECTION('ref_axis',(0.,0.,1.));
#5118=DIRECTION($,(-1.,0.,0.));
#5119=DIRECTION($,(0.,0.,1.));
#5120=DIRECTION($,(0.,0.,1.));
#5121=DIRECTION('center_axis',(-1.,0.,0.));
#5122=DIRECTION('ref_axis',(0.,0.,1.));
#5123=DIRECTION($,(0.,-1.,0.));
#5124=DIRECTION($,(0.,0.,-1.));
#5125=DIRECTION('center_axis',(0.,-1.,0.));
#5126=DIRECTION('ref_axis',(0.,0.,-1.));
#5127=DIRECTION($,(1.,0.,0.));
#5128=DIRECTION($,(0.,0.,1.));
#5129=DIRECTION('center_axis',(1.,0.,0.));
#5130=DIRECTION('ref_axis',(0.,0.,-1.));
#5131=DIRECTION($,(0.,1.,0.));
#5132=DIRECTION('center_axis',(0.,0.,1.));
#5133=DIRECTION('ref_axis',(1.,0.,0.));
#5134=DIRECTION('center_axis',(0.,0.,-1.));
#5135=DIRECTION('ref_axis',(1.,0.,0.));
#5136=DIRECTION($,(0.,-1.,0.));
#5137=DIRECTION($,(-1.,0.,0.));
#5138=DIRECTION($,(0.,1.,0.));
#5139=DIRECTION($,(1.,0.,0.));
#5140=DIRECTION('center_axis',(0.,0.,-1.));
#5141=DIRECTION('ref_axis',(1.,0.,0.));
#5142=DIRECTION($,(0.,1.,0.));
#5143=DIRECTION($,(-1.,0.,0.));
#5144=DIRECTION($,(0.,-1.,0.));
#5145=DIRECTION($,(1.,0.,0.));
#5146=DIRECTION('center_axis',(0.,-1.,0.));
#5147=DIRECTION('ref_axis',(0.,0.,-1.));
#5148=DIRECTION($,(0.,0.,1.));
#5149=DIRECTION($,(0.,0.,1.));
#5150=DIRECTION('center_axis',(1.,0.,0.));
#5151=DIRECTION('ref_axis',(0.,0.,1.));
#5152=DIRECTION($,(0.,0.,1.));
#5153=DIRECTION('center_axis',(0.,1.,0.));
#5154=DIRECTION('ref_axis',(0.,0.,1.));
#5155=DIRECTION($,(0.,0.,1.));
#5156=DIRECTION('center_axis',(-1.,0.,0.));
#5157=DIRECTION('ref_axis',(0.,0.,-1.));
#5158=DIRECTION('center_axis',(0.,0.,1.));
#5159=DIRECTION('ref_axis',(1.,0.,0.));
#5160=DIRECTION($,(1.,0.,0.));
#5161=DIRECTION($,(0.,-1.,0.));
#5162=DIRECTION($,(-1.,0.,0.));
#5163=DIRECTION($,(0.,1.,0.));
#5164=DIRECTION('center_axis',(0.,1.,0.));
#5165=DIRECTION('ref_axis',(0.,0.,1.));
#5166=DIRECTION($,(0.,0.,1.));
#5167=DIRECTION($,(-1.,0.,0.));
#5168=DIRECTION($,(0.,0.,1.));
#5169=DIRECTION('center_axis',(-1.,0.,0.));
#5170=DIRECTION('ref_axis',(0.,0.,1.));
#5171=DIRECTION($,(0.,0.,-1.));
#5172=DIRECTION($,(0.,-1.,0.));
#5173=DIRECTION('center_axis',(0.,-1.,0.));
#5174=DIRECTION('ref_axis',(0.,0.,-1.));
#5175=DIRECTION($,(0.,0.,1.));
#5176=DIRECTION($,(1.,0.,0.));
#5177=DIRECTION('center_axis',(1.,0.,0.));
#5178=DIRECTION('ref_axis',(0.,0.,-1.));
#5179=DIRECTION($,(0.,1.,0.));
#5180=DIRECTION('center_axis',(0.,0.,1.));
#5181=DIRECTION('ref_axis',(1.,0.,0.));
#5182=DIRECTION('center_axis',(0.,0.,-1.));
#5183=DIRECTION('ref_axis',(1.,0.,0.));
#5184=DIRECTION($,(0.,-1.,0.));
#5185=DIRECTION($,(-1.,0.,0.));
#5186=DIRECTION($,(0.,1.,0.));
#5187=DIRECTION($,(1.,0.,0.));
#5188=DIRECTION('center_axis',(0.,0.,-1.));
#5189=DIRECTION('ref_axis',(1.,0.,0.));
#5190=DIRECTION($,(0.,1.,0.));
#5191=DIRECTION($,(-1.,0.,0.));
#5192=DIRECTION($,(0.,-1.,0.));
#5193=DIRECTION($,(1.,0.,0.));
#5194=DIRECTION('center_axis',(0.,-1.,0.));
#5195=DIRECTION('ref_axis',(0.,0.,-1.));
#5196=DIRECTION($,(0.,0.,1.));
#5197=DIRECTION($,(0.,0.,1.));
#5198=DIRECTION('center_axis',(1.,0.,0.));
#5199=DIRECTION('ref_axis',(0.,0.,1.));
#5200=DIRECTION($,(0.,0.,1.));
#5201=DIRECTION('center_axis',(0.,1.,0.));
#5202=DIRECTION('ref_axis',(0.,0.,1.));
#5203=DIRECTION($,(0.,0.,1.));
#5204=DIRECTION('center_axis',(-1.,0.,0.));
#5205=DIRECTION('ref_axis',(0.,0.,-1.));
#5206=DIRECTION('center_axis',(0.,0.,-1.));
#5207=DIRECTION('ref_axis',(1.,0.,0.));
#5208=DIRECTION($,(0.,-1.,0.));
#5209=DIRECTION($,(-1.,0.,0.));
#5210=DIRECTION($,(0.,1.,0.));
#5211=DIRECTION($,(1.,0.,0.));
#5212=DIRECTION('center_axis',(0.,0.,-1.));
#5213=DIRECTION('ref_axis',(1.,0.,0.));
#5214=DIRECTION($,(0.,1.,0.));
#5215=DIRECTION($,(-1.,0.,0.));
#5216=DIRECTION($,(0.,-1.,0.));
#5217=DIRECTION($,(1.,0.,0.));
#5218=DIRECTION('center_axis',(0.,-1.,0.));
#5219=DIRECTION('ref_axis',(0.,0.,-1.));
#5220=DIRECTION($,(0.,0.,1.));
#5221=DIRECTION($,(0.,0.,1.));
#5222=DIRECTION('center_axis',(1.,0.,0.));
#5223=DIRECTION('ref_axis',(0.,0.,1.));
#5224=DIRECTION($,(0.,0.,1.));
#5225=DIRECTION('center_axis',(0.,1.,0.));
#5226=DIRECTION('ref_axis',(0.,0.,1.));
#5227=DIRECTION($,(0.,0.,1.));
#5228=DIRECTION('center_axis',(-1.,0.,0.));
#5229=DIRECTION('ref_axis',(0.,0.,-1.));
#5230=DIRECTION('center_axis',(0.,0.,-1.));
#5231=DIRECTION('ref_axis',(1.,0.,0.));
#5232=DIRECTION($,(0.,-1.,0.));
#5233=DIRECTION($,(-1.,0.,0.));
#5234=DIRECTION($,(0.,1.,0.));
#5235=DIRECTION($,(1.,0.,0.));
#5236=DIRECTION('center_axis',(0.,0.,-1.));
#5237=DIRECTION('ref_axis',(1.,0.,0.));
#5238=DIRECTION($,(0.,1.,0.));
#5239=DIRECTION($,(-1.,0.,0.));
#5240=DIRECTION($,(0.,-1.,0.));
#5241=DIRECTION($,(1.,0.,0.));
#5242=DIRECTION('center_axis',(0.,-1.,0.));
#5243=DIRECTION('ref_axis',(0.,0.,-1.));
#5244=DIRECTION($,(0.,0.,1.));
#5245=DIRECTION($,(0.,0.,1.));
#5246=DIRECTION('center_axis',(1.,0.,0.));
#5247=DIRECTION('ref_axis',(0.,0.,1.));
#5248=DIRECTION($,(0.,0.,1.));
#5249=DIRECTION('center_axis',(0.,1.,0.));
#5250=DIRECTION('ref_axis',(0.,0.,1.));
#5251=DIRECTION($,(0.,0.,1.));
#5252=DIRECTION('center_axis',(-1.,0.,0.));
#5253=DIRECTION('ref_axis',(0.,0.,-1.));
#5254=DIRECTION('center_axis',(1.,-3.46944695195368E-016,-1.94624786711783E-047));
#5255=DIRECTION('ref_axis',(1.44444745829043E-031,4.16333634234427E-016,
1.));
#5256=DIRECTION('center_axis',(1.,0.,0.));
#5257=DIRECTION('ref_axis',(6.84227765783597E-047,4.16333634234427E-016,
1.));
#5258=DIRECTION('center_axis',(-1.,0.,0.));
#5259=DIRECTION('ref_axis',(-6.84227765783597E-047,-4.16333634234427E-016,
-1.));
#5260=DIRECTION('center_axis',(1.,0.,0.));
#5261=DIRECTION('ref_axis',(0.,0.,-1.));
#5262=DIRECTION('center_axis',(-1.,0.,0.));
#5263=DIRECTION('ref_axis',(0.,0.,1.));
#5264=DIRECTION('center_axis',(0.,0.,1.));
#5265=DIRECTION('ref_axis',(0.999847695156391,0.0174524064372834,0.));
#5266=DIRECTION($,(-0.0174524064372835,0.999847695156391,0.));
#5267=DIRECTION($,(-0.999847695156391,-0.0174524064372835,0.));
#5268=DIRECTION($,(0.0174524064372835,-0.999847695156391,0.));
#5269=DIRECTION($,(0.999847695156391,0.0174524064372835,0.));
#5270=DIRECTION('center_axis',(0.,0.,1.));
#5271=DIRECTION('ref_axis',(0.999847695156391,0.0174524064372834,0.));
#5272=DIRECTION($,(0.0174524064372835,-0.999847695156391,0.));
#5273=DIRECTION($,(-0.999847695156391,-0.0174524064372835,0.));
#5274=DIRECTION($,(-0.0174524064372835,0.999847695156391,0.));
#5275=DIRECTION($,(0.999847695156391,0.0174524064372835,0.));
#5276=DIRECTION('center_axis',(-0.0174524064372835,0.999847695156391,0.));
#5277=DIRECTION('ref_axis',(0.,0.,1.));
#5278=DIRECTION($,(0.,0.,-1.));
#5279=DIRECTION($,(0.,0.,-1.));
#5280=DIRECTION('center_axis',(0.999847695156391,0.0174524064372835,0.));
#5281=DIRECTION('ref_axis',(0.,0.,-1.));
#5282=DIRECTION($,(0.,0.,-1.));
#5283=DIRECTION('center_axis',(0.0174524064372835,-0.999847695156391,0.));
#5284=DIRECTION('ref_axis',(0.,0.,-1.));
#5285=DIRECTION($,(0.,0.,-1.));
#5286=DIRECTION('center_axis',(-0.999847695156391,-0.0174524064372835,0.));
#5287=DIRECTION('ref_axis',(0.,0.,1.));
#5288=DIRECTION('center_axis',(0.,0.,-1.));
#5289=DIRECTION('ref_axis',(0.996194698091746,0.0871557427476582,0.));
#5290=DIRECTION($,(0.0871557427476582,-0.996194698091746,0.));
#5291=DIRECTION($,(-0.996194698091745,-0.0871557427476582,0.));
#5292=DIRECTION($,(-0.0871557427476582,0.996194698091746,0.));
#5293=DIRECTION($,(0.996194698091745,0.0871557427476582,0.));
#5294=DIRECTION('center_axis',(0.,0.,-1.));
#5295=DIRECTION('ref_axis',(0.996194698091746,0.0871557427476582,0.));
#5296=DIRECTION($,(-0.0871557427476582,0.996194698091746,0.));
#5297=DIRECTION($,(-0.996194698091745,-0.0871557427476582,0.));
#5298=DIRECTION($,(-0.0871557427476582,0.996194698091746,0.));
#5299=DIRECTION($,(-0.996194698091745,-0.0871557427476582,0.));
#5300=DIRECTION('center_axis',(0.0871557427476582,-0.996194698091746,0.));
#5301=DIRECTION('ref_axis',(0.,0.,-1.));
#5302=DIRECTION($,(0.,0.,-1.));
#5303=DIRECTION($,(0.,0.,1.));
#5304=DIRECTION('center_axis',(0.996194698091746,0.0871557427476582,0.));
#5305=DIRECTION('ref_axis',(0.,0.,1.));
#5306=DIRECTION($,(0.,0.,-1.));
#5307=DIRECTION('center_axis',(-0.0871557427476582,0.996194698091746,0.));
#5308=DIRECTION('ref_axis',(0.,0.,1.));
#5309=DIRECTION($,(0.,0.,1.));
#5310=DIRECTION('center_axis',(-0.996194698091746,-0.0871557427476582,0.));
#5311=DIRECTION('ref_axis',(0.,0.,-1.));
#5312=DIRECTION('center_axis',(1.,-3.46944695195368E-016,-1.94624786711783E-047));
#5313=DIRECTION('ref_axis',(1.44444745829043E-031,4.16333634234427E-016,
1.));
#5314=DIRECTION('center_axis',(1.,0.,0.));
#5315=DIRECTION('ref_axis',(6.84227765783597E-047,4.16333634234427E-016,
1.));
#5316=DIRECTION('center_axis',(-1.,0.,0.));
#5317=DIRECTION('ref_axis',(-6.84227765783597E-047,-4.16333634234427E-016,
-1.));
#5318=DIRECTION('center_axis',(1.,0.,0.));
#5319=DIRECTION('ref_axis',(0.,0.,-1.));
#5320=DIRECTION('center_axis',(-1.,0.,0.));
#5321=DIRECTION('ref_axis',(0.,0.,1.));
#5322=DIRECTION('center_axis',(0.,0.,1.));
#5323=DIRECTION('ref_axis',(1.,0.,0.));
#5324=DIRECTION($,(0.,-1.,0.));
#5325=DIRECTION($,(-1.,0.,0.));
#5326=DIRECTION($,(0.,1.,0.));
#5327=DIRECTION($,(1.,0.,0.));
#5328=DIRECTION('center_axis',(0.,0.,1.));
#5329=DIRECTION('ref_axis',(1.,0.,0.));
#5330=DIRECTION($,(0.,1.,0.));
#5331=DIRECTION($,(-1.,0.,0.));
#5332=DIRECTION($,(0.,-1.,0.));
#5333=DIRECTION($,(1.,0.,0.));
#5334=DIRECTION('center_axis',(1.,0.,0.));
#5335=DIRECTION('ref_axis',(0.,0.,-1.));
#5336=DIRECTION($,(0.,0.,-1.));
#5337=DIRECTION($,(0.,0.,1.));
#5338=DIRECTION('center_axis',(0.,1.,0.));
#5339=DIRECTION('ref_axis',(0.,0.,1.));
#5340=DIRECTION($,(0.,0.,-1.));
#5341=DIRECTION('center_axis',(-1.,0.,0.));
#5342=DIRECTION('ref_axis',(0.,0.,1.));
#5343=DIRECTION($,(0.,0.,1.));
#5344=DIRECTION('center_axis',(0.,-1.,0.));
#5345=DIRECTION('ref_axis',(0.,0.,-1.));
#5346=DIRECTION('center_axis',(-1.,0.,0.));
#5347=DIRECTION('ref_axis',(0.,-1.,-3.17206578464331E-016));
#5348=DIRECTION($,(0.,-1.,-2.22044604925031E-016));
#5349=DIRECTION($,(0.,2.22044604925031E-016,-1.));
#5350=DIRECTION($,(0.,1.,2.22044604925031E-016));
#5351=DIRECTION($,(0.,-2.22044604925031E-016,1.));
#5352=DIRECTION('center_axis',(-1.,-4.93038065763132E-032,2.22044604925031E-016));
#5353=DIRECTION('ref_axis',(3.17206578464331E-016,-3.17206578464331E-016,
1.));
#5354=DIRECTION($,(2.22044604925031E-016,-2.22044604925031E-016,1.));
#5355=DIRECTION($,(0.,1.,2.22044604925031E-016));
#5356=DIRECTION($,(2.22044604925031E-016,-2.22044604925031E-016,1.));
#5357=DIRECTION($,(0.,-1.,-2.22044604925031E-016));
#5358=DIRECTION('center_axis',(0.,-2.22044604925031E-016,1.));
#5359=DIRECTION('ref_axis',(1.,0.,0.));
#5360=DIRECTION($,(1.,0.,0.));
#5361=DIRECTION($,(0.,1.,2.22044604925031E-016));
#5362=DIRECTION($,(1.,0.,0.));
#5363=DIRECTION('center_axis',(0.,2.22044604925031E-016,-1.));
#5364=DIRECTION('ref_axis',(-1.,0.,0.));
#5365=DIRECTION($,(1.,0.,0.));
#5366=DIRECTION($,(0.,-1.,-2.22044604925031E-016));
#5367=DIRECTION($,(1.,0.,0.));
#5368=DIRECTION($,(0.,1.,2.22044604925031E-016));
#5369=DIRECTION('center_axis',(-1.,0.,0.));
#5370=DIRECTION('ref_axis',(0.,-3.17206578464331E-016,1.));
#5371=DIRECTION($,(0.,2.22044604925031E-016,-1.));
#5372=DIRECTION($,(0.,-1.,-2.22044604925031E-016));
#5373=DIRECTION($,(0.,-2.22044604925031E-016,1.));
#5374=DIRECTION('center_axis',(0.,1.,2.22044604925031E-016));
#5375=DIRECTION('ref_axis',(-1.,0.,0.));
#5376=DIRECTION($,(1.,0.,0.));
#5377=DIRECTION($,(0.,2.22044604925031E-016,-1.));
#5378=DIRECTION($,(1.,0.,0.));
#5379=DIRECTION($,(0.,2.22044604925031E-016,-1.));
#5380=DIRECTION('center_axis',(0.,-2.22044604925031E-016,1.));
#5381=DIRECTION('ref_axis',(1.,0.,0.));
#5382=DIRECTION($,(1.,0.,0.));
#5383=DIRECTION($,(0.,1.,2.22044604925031E-016));
#5384=DIRECTION('center_axis',(0.,-1.,-2.22044604925031E-016));
#5385=DIRECTION('ref_axis',(1.,0.,0.));
#5386=DIRECTION($,(1.,0.,0.));
#5387=DIRECTION($,(0.,-2.22044604925031E-016,1.));
#5388=DIRECTION($,(0.,-2.22044604925031E-016,1.));
#5389=DIRECTION('center_axis',(0.,2.22044604925031E-016,-1.));
#5390=DIRECTION('ref_axis',(-1.,0.,0.));
#5391=DIRECTION($,(0.,-1.,-2.22044604925031E-016));
#5392=DIRECTION('center_axis',(1.,0.,0.));
#5393=DIRECTION('ref_axis',(0.,-1.,-3.17206578464331E-016));
#5394=DIRECTION($,(0.,-2.22044604925031E-016,1.));
#5395=DIRECTION($,(0.,1.,2.22044604925031E-016));
#5396=DIRECTION($,(0.,2.22044604925031E-016,-1.));
#5397=DIRECTION($,(0.,-1.,-2.22044604925031E-016));
#5398=DIRECTION('center_axis',(0.,2.22044604925031E-016,-1.));
#5399=DIRECTION('ref_axis',(0.,1.,3.17206578464331E-016));
#5400=DIRECTION($,(-1.,0.,0.));
#5401=DIRECTION($,(-1.,0.,0.));
#5402=DIRECTION('center_axis',(0.,-1.,-2.22044604925031E-016));
#5403=DIRECTION('ref_axis',(-1.,0.,0.));
#5404=DIRECTION($,(-1.,0.,0.));
#5405=DIRECTION('center_axis',(0.,-2.22044604925031E-016,1.));
#5406=DIRECTION('ref_axis',(0.,-1.,-1.58603289232165E-016));
#5407=DIRECTION($,(-1.,0.,0.));
#5408=DIRECTION('center_axis',(0.,1.,2.22044604925031E-016));
#5409=DIRECTION('ref_axis',(1.,0.,0.));
#5410=DIRECTION('center_axis',(-1.,0.,0.));
#5411=DIRECTION('ref_axis',(0.,-1.,-3.17206578464331E-016));
#5412=DIRECTION($,(0.,-1.,-2.22044604925031E-016));
#5413=DIRECTION($,(0.,2.22044604925031E-016,-1.));
#5414=DIRECTION($,(0.,1.,2.22044604925031E-016));
#5415=DIRECTION($,(0.,-2.22044604925031E-016,1.));
#5416=DIRECTION('center_axis',(-1.,-4.93038065763132E-032,2.22044604925031E-016));
#5417=DIRECTION('ref_axis',(3.17206578464331E-016,-3.17206578464331E-016,
1.));
#5418=DIRECTION($,(2.22044604925031E-016,-2.22044604925031E-016,1.));
#5419=DIRECTION($,(0.,1.,2.22044604925031E-016));
#5420=DIRECTION($,(2.22044604925031E-016,-2.22044604925031E-016,1.));
#5421=DIRECTION($,(0.,-1.,-2.22044604925031E-016));
#5422=DIRECTION('center_axis',(0.,-2.22044604925031E-016,1.));
#5423=DIRECTION('ref_axis',(1.,0.,0.));
#5424=DIRECTION($,(1.,0.,0.));
#5425=DIRECTION($,(0.,1.,2.22044604925031E-016));
#5426=DIRECTION($,(1.,0.,0.));
#5427=DIRECTION('center_axis',(0.,2.22044604925031E-016,-1.));
#5428=DIRECTION('ref_axis',(-1.,0.,0.));
#5429=DIRECTION($,(1.,0.,0.));
#5430=DIRECTION($,(0.,-1.,-2.22044604925031E-016));
#5431=DIRECTION($,(1.,0.,0.));
#5432=DIRECTION($,(0.,1.,2.22044604925031E-016));
#5433=DIRECTION('center_axis',(-1.,0.,0.));
#5434=DIRECTION('ref_axis',(0.,-3.17206578464331E-016,1.));
#5435=DIRECTION($,(0.,2.22044604925031E-016,-1.));
#5436=DIRECTION($,(0.,-1.,-2.22044604925031E-016));
#5437=DIRECTION($,(0.,-2.22044604925031E-016,1.));
#5438=DIRECTION('center_axis',(0.,1.,2.22044604925031E-016));
#5439=DIRECTION('ref_axis',(-1.,0.,0.));
#5440=DIRECTION($,(1.,0.,0.));
#5441=DIRECTION($,(0.,2.22044604925031E-016,-1.));
#5442=DIRECTION($,(1.,0.,0.));
#5443=DIRECTION($,(0.,2.22044604925031E-016,-1.));
#5444=DIRECTION('center_axis',(0.,-2.22044604925031E-016,1.));
#5445=DIRECTION('ref_axis',(1.,0.,0.));
#5446=DIRECTION($,(1.,0.,0.));
#5447=DIRECTION($,(0.,1.,2.22044604925031E-016));
#5448=DIRECTION('center_axis',(0.,-1.,-2.22044604925031E-016));
#5449=DIRECTION('ref_axis',(1.,0.,0.));
#5450=DIRECTION($,(1.,0.,0.));
#5451=DIRECTION($,(0.,-2.22044604925031E-016,1.));
#5452=DIRECTION($,(0.,-2.22044604925031E-016,1.));
#5453=DIRECTION('center_axis',(0.,2.22044604925031E-016,-1.));
#5454=DIRECTION('ref_axis',(-1.,0.,0.));
#5455=DIRECTION($,(0.,-1.,-2.22044604925031E-016));
#5456=DIRECTION('center_axis',(1.,0.,0.));
#5457=DIRECTION('ref_axis',(0.,-1.,-3.17206578464331E-016));
#5458=DIRECTION($,(0.,-2.22044604925031E-016,1.));
#5459=DIRECTION($,(0.,1.,2.22044604925031E-016));
#5460=DIRECTION($,(0.,2.22044604925031E-016,-1.));
#5461=DIRECTION($,(0.,-1.,-2.22044604925031E-016));
#5462=DIRECTION('center_axis',(0.,2.22044604925031E-016,-1.));
#5463=DIRECTION('ref_axis',(0.,1.,3.17206578464331E-016));
#5464=DIRECTION($,(-1.,0.,0.));
#5465=DIRECTION($,(-1.,0.,0.));
#5466=DIRECTION('center_axis',(0.,-1.,-2.22044604925031E-016));
#5467=DIRECTION('ref_axis',(-1.,0.,0.));
#5468=DIRECTION($,(-1.,0.,0.));
#5469=DIRECTION('center_axis',(0.,-2.22044604925031E-016,1.));
#5470=DIRECTION('ref_axis',(0.,-1.,-1.58603289232165E-016));
#5471=DIRECTION($,(-1.,0.,0.));
#5472=DIRECTION('center_axis',(0.,1.,2.22044604925031E-016));
#5473=DIRECTION('ref_axis',(1.,0.,0.));
#5474=DIRECTION('center_axis',(-1.,0.,0.));
#5475=DIRECTION('ref_axis',(0.,-1.,-1.58603289232165E-016));
#5476=DIRECTION($,(0.,-1.,-2.22044604925031E-016));
#5477=DIRECTION($,(0.,2.22044604925031E-016,-1.));
#5478=DIRECTION($,(0.,1.,2.22044604925031E-016));
#5479=DIRECTION($,(0.,-2.22044604925031E-016,1.));
#5480=DIRECTION('center_axis',(-1.,-4.93038065763132E-032,2.22044604925031E-016));
#5481=DIRECTION('ref_axis',(3.17206578464331E-016,-3.17206578464331E-016,
1.));
#5482=DIRECTION($,(2.22044604925031E-016,-2.22044604925031E-016,1.));
#5483=DIRECTION($,(0.,1.,2.22044604925031E-016));
#5484=DIRECTION($,(2.22044604925031E-016,-2.22044604925031E-016,1.));
#5485=DIRECTION($,(0.,-1.,-2.22044604925031E-016));
#5486=DIRECTION('center_axis',(0.,-2.22044604925031E-016,1.));
#5487=DIRECTION('ref_axis',(1.,0.,0.));
#5488=DIRECTION($,(1.,0.,0.));
#5489=DIRECTION($,(0.,1.,2.22044604925031E-016));
#5490=DIRECTION($,(1.,0.,0.));
#5491=DIRECTION('center_axis',(0.,2.22044604925031E-016,-1.));
#5492=DIRECTION('ref_axis',(-1.,0.,0.));
#5493=DIRECTION($,(1.,0.,0.));
#5494=DIRECTION($,(0.,-1.,-2.22044604925031E-016));
#5495=DIRECTION($,(1.,0.,0.));
#5496=DIRECTION($,(0.,1.,2.22044604925031E-016));
#5497=DIRECTION('center_axis',(-1.,0.,0.));
#5498=DIRECTION('ref_axis',(0.,-3.17206578464331E-016,1.));
#5499=DIRECTION($,(0.,2.22044604925031E-016,-1.));
#5500=DIRECTION($,(0.,-1.,-2.22044604925031E-016));
#5501=DIRECTION($,(0.,-2.22044604925031E-016,1.));
#5502=DIRECTION('center_axis',(0.,1.,2.22044604925031E-016));
#5503=DIRECTION('ref_axis',(-1.,0.,0.));
#5504=DIRECTION($,(1.,0.,0.));
#5505=DIRECTION($,(0.,2.22044604925031E-016,-1.));
#5506=DIRECTION($,(1.,0.,0.));
#5507=DIRECTION($,(0.,2.22044604925031E-016,-1.));
#5508=DIRECTION('center_axis',(0.,-2.22044604925031E-016,1.));
#5509=DIRECTION('ref_axis',(1.,0.,0.));
#5510=DIRECTION($,(1.,0.,0.));
#5511=DIRECTION($,(0.,1.,2.22044604925031E-016));
#5512=DIRECTION('center_axis',(0.,-1.,-2.22044604925031E-016));
#5513=DIRECTION('ref_axis',(1.,0.,0.));
#5514=DIRECTION($,(1.,0.,0.));
#5515=DIRECTION($,(0.,-2.22044604925031E-016,1.));
#5516=DIRECTION($,(0.,-2.22044604925031E-016,1.));
#5517=DIRECTION('center_axis',(0.,2.22044604925031E-016,-1.));
#5518=DIRECTION('ref_axis',(-1.,0.,0.));
#5519=DIRECTION($,(0.,-1.,-2.22044604925031E-016));
#5520=DIRECTION('center_axis',(1.,0.,0.));
#5521=DIRECTION('ref_axis',(0.,-1.,-1.58603289232165E-016));
#5522=DIRECTION($,(0.,-2.22044604925031E-016,1.));
#5523=DIRECTION($,(0.,1.,2.22044604925031E-016));
#5524=DIRECTION($,(0.,2.22044604925031E-016,-1.));
#5525=DIRECTION($,(0.,-1.,-2.22044604925031E-016));
#5526=DIRECTION('center_axis',(0.,2.22044604925031E-016,-1.));
#5527=DIRECTION('ref_axis',(0.,1.,1.58603289232165E-016));
#5528=DIRECTION($,(-1.,0.,0.));
#5529=DIRECTION($,(-1.,0.,0.));
#5530=DIRECTION('center_axis',(0.,-1.,-2.22044604925031E-016));
#5531=DIRECTION('ref_axis',(-1.,0.,0.));
#5532=DIRECTION($,(-1.,0.,0.));
#5533=DIRECTION('center_axis',(0.,-2.22044604925031E-016,1.));
#5534=DIRECTION('ref_axis',(0.,-1.,-1.58603289232165E-016));
#5535=DIRECTION($,(-1.,0.,0.));
#5536=DIRECTION('center_axis',(0.,1.,2.22044604925031E-016));
#5537=DIRECTION('ref_axis',(1.,0.,0.));
#5538=DIRECTION('center_axis',(-1.,0.,0.));
#5539=DIRECTION('ref_axis',(0.,-1.,-1.58603289232165E-016));
#5540=DIRECTION($,(0.,-1.,-2.22044604925031E-016));
#5541=DIRECTION($,(0.,2.22044604925031E-016,-1.));
#5542=DIRECTION($,(0.,1.,2.22044604925031E-016));
#5543=DIRECTION($,(0.,-2.22044604925031E-016,1.));
#5544=DIRECTION('center_axis',(-1.,-4.93038065763132E-032,2.22044604925031E-016));
#5545=DIRECTION('ref_axis',(3.17206578464331E-016,-3.17206578464331E-016,
1.));
#5546=DIRECTION($,(2.22044604925031E-016,-2.22044604925031E-016,1.));
#5547=DIRECTION($,(0.,1.,2.22044604925031E-016));
#5548=DIRECTION($,(2.22044604925031E-016,-2.22044604925031E-016,1.));
#5549=DIRECTION($,(0.,-1.,-2.22044604925031E-016));
#5550=DIRECTION('center_axis',(0.,-2.22044604925031E-016,1.));
#5551=DIRECTION('ref_axis',(1.,0.,0.));
#5552=DIRECTION($,(1.,0.,0.));
#5553=DIRECTION($,(0.,1.,2.22044604925031E-016));
#5554=DIRECTION($,(1.,0.,0.));
#5555=DIRECTION('center_axis',(0.,2.22044604925031E-016,-1.));
#5556=DIRECTION('ref_axis',(-1.,0.,0.));
#5557=DIRECTION($,(1.,0.,0.));
#5558=DIRECTION($,(0.,-1.,-2.22044604925031E-016));
#5559=DIRECTION($,(1.,0.,0.));
#5560=DIRECTION($,(0.,1.,2.22044604925031E-016));
#5561=DIRECTION('center_axis',(-1.,0.,0.));
#5562=DIRECTION('ref_axis',(0.,-3.17206578464331E-016,1.));
#5563=DIRECTION($,(0.,2.22044604925031E-016,-1.));
#5564=DIRECTION($,(0.,-1.,-2.22044604925031E-016));
#5565=DIRECTION($,(0.,-2.22044604925031E-016,1.));
#5566=DIRECTION('center_axis',(0.,1.,2.22044604925031E-016));
#5567=DIRECTION('ref_axis',(-1.,0.,0.));
#5568=DIRECTION($,(1.,0.,0.));
#5569=DIRECTION($,(0.,2.22044604925031E-016,-1.));
#5570=DIRECTION($,(1.,0.,0.));
#5571=DIRECTION($,(0.,2.22044604925031E-016,-1.));
#5572=DIRECTION('center_axis',(0.,-2.22044604925031E-016,1.));
#5573=DIRECTION('ref_axis',(1.,0.,0.));
#5574=DIRECTION($,(1.,0.,0.));
#5575=DIRECTION($,(0.,1.,2.22044604925031E-016));
#5576=DIRECTION('center_axis',(0.,-1.,-2.22044604925031E-016));
#5577=DIRECTION('ref_axis',(1.,0.,0.));
#5578=DIRECTION($,(1.,0.,0.));
#5579=DIRECTION($,(0.,-2.22044604925031E-016,1.));
#5580=DIRECTION($,(0.,-2.22044604925031E-016,1.));
#5581=DIRECTION('center_axis',(0.,2.22044604925031E-016,-1.));
#5582=DIRECTION('ref_axis',(-1.,0.,0.));
#5583=DIRECTION($,(0.,-1.,-2.22044604925031E-016));
#5584=DIRECTION('center_axis',(1.,0.,0.));
#5585=DIRECTION('ref_axis',(0.,-1.,-1.58603289232165E-016));
#5586=DIRECTION($,(0.,-2.22044604925031E-016,1.));
#5587=DIRECTION($,(0.,1.,2.22044604925031E-016));
#5588=DIRECTION($,(0.,2.22044604925031E-016,-1.));
#5589=DIRECTION($,(0.,-1.,-2.22044604925031E-016));
#5590=DIRECTION('center_axis',(0.,2.22044604925031E-016,-1.));
#5591=DIRECTION('ref_axis',(0.,1.,1.58603289232165E-016));
#5592=DIRECTION($,(-1.,0.,0.));
#5593=DIRECTION($,(-1.,0.,0.));
#5594=DIRECTION('center_axis',(0.,-1.,-2.22044604925031E-016));
#5595=DIRECTION('ref_axis',(-1.,0.,0.));
#5596=DIRECTION($,(-1.,0.,0.));
#5597=DIRECTION('center_axis',(0.,-2.22044604925031E-016,1.));
#5598=DIRECTION('ref_axis',(0.,-1.,-1.58603289232165E-016));
#5599=DIRECTION($,(-1.,0.,0.));
#5600=DIRECTION('center_axis',(0.,1.,2.22044604925031E-016));
#5601=DIRECTION('ref_axis',(1.,0.,0.));
#5602=DIRECTION('center_axis',(-1.,0.,0.));
#5603=DIRECTION('ref_axis',(0.,-1.,-1.58603289232165E-016));
#5604=DIRECTION($,(0.,-1.,-2.22044604925031E-016));
#5605=DIRECTION($,(0.,2.22044604925031E-016,-1.));
#5606=DIRECTION($,(0.,1.,2.22044604925031E-016));
#5607=DIRECTION($,(0.,-2.22044604925031E-016,1.));
#5608=DIRECTION('center_axis',(-1.,-4.93038065763132E-032,2.22044604925031E-016));
#5609=DIRECTION('ref_axis',(3.17206578464331E-016,-3.17206578464331E-016,
1.));
#5610=DIRECTION($,(2.22044604925031E-016,-2.22044604925031E-016,1.));
#5611=DIRECTION($,(0.,1.,2.22044604925031E-016));
#5612=DIRECTION($,(2.22044604925031E-016,-2.22044604925031E-016,1.));
#5613=DIRECTION($,(0.,-1.,-2.22044604925031E-016));
#5614=DIRECTION('center_axis',(0.,-2.22044604925031E-016,1.));
#5615=DIRECTION('ref_axis',(1.,0.,0.));
#5616=DIRECTION($,(1.,0.,0.));
#5617=DIRECTION($,(0.,1.,2.22044604925031E-016));
#5618=DIRECTION($,(1.,0.,0.));
#5619=DIRECTION('center_axis',(0.,2.22044604925031E-016,-1.));
#5620=DIRECTION('ref_axis',(-1.,0.,0.));
#5621=DIRECTION($,(1.,0.,0.));
#5622=DIRECTION($,(0.,-1.,-2.22044604925031E-016));
#5623=DIRECTION($,(1.,0.,0.));
#5624=DIRECTION($,(0.,1.,2.22044604925031E-016));
#5625=DIRECTION('center_axis',(-1.,0.,0.));
#5626=DIRECTION('ref_axis',(0.,-3.17206578464331E-016,1.));
#5627=DIRECTION($,(0.,2.22044604925031E-016,-1.));
#5628=DIRECTION($,(0.,-1.,-2.22044604925031E-016));
#5629=DIRECTION($,(0.,-2.22044604925031E-016,1.));
#5630=DIRECTION('center_axis',(0.,1.,2.22044604925031E-016));
#5631=DIRECTION('ref_axis',(-1.,0.,0.));
#5632=DIRECTION($,(1.,0.,0.));
#5633=DIRECTION($,(0.,2.22044604925031E-016,-1.));
#5634=DIRECTION($,(1.,0.,0.));
#5635=DIRECTION($,(0.,2.22044604925031E-016,-1.));
#5636=DIRECTION('center_axis',(0.,-2.22044604925031E-016,1.));
#5637=DIRECTION('ref_axis',(1.,0.,0.));
#5638=DIRECTION($,(1.,0.,0.));
#5639=DIRECTION($,(0.,1.,2.22044604925031E-016));
#5640=DIRECTION('center_axis',(0.,-1.,-2.22044604925031E-016));
#5641=DIRECTION('ref_axis',(1.,0.,0.));
#5642=DIRECTION($,(1.,0.,0.));
#5643=DIRECTION($,(0.,-2.22044604925031E-016,1.));
#5644=DIRECTION($,(0.,-2.22044604925031E-016,1.));
#5645=DIRECTION('center_axis',(0.,2.22044604925031E-016,-1.));
#5646=DIRECTION('ref_axis',(-1.,0.,0.));
#5647=DIRECTION($,(0.,-1.,-2.22044604925031E-016));
#5648=DIRECTION('center_axis',(1.,0.,0.));
#5649=DIRECTION('ref_axis',(0.,-1.,-1.58603289232165E-016));
#5650=DIRECTION($,(0.,-2.22044604925031E-016,1.));
#5651=DIRECTION($,(0.,1.,2.22044604925031E-016));
#5652=DIRECTION($,(0.,2.22044604925031E-016,-1.));
#5653=DIRECTION($,(0.,-1.,-2.22044604925031E-016));
#5654=DIRECTION('center_axis',(0.,2.22044604925031E-016,-1.));
#5655=DIRECTION('ref_axis',(0.,1.,1.58603289232165E-016));
#5656=DIRECTION($,(-1.,0.,0.));
#5657=DIRECTION($,(-1.,0.,0.));
#5658=DIRECTION('center_axis',(0.,-1.,-2.22044604925031E-016));
#5659=DIRECTION('ref_axis',(-1.,0.,0.));
#5660=DIRECTION($,(-1.,0.,0.));
#5661=DIRECTION('center_axis',(0.,-2.22044604925031E-016,1.));
#5662=DIRECTION('ref_axis',(0.,-1.,-1.58603289232165E-016));
#5663=DIRECTION($,(-1.,0.,0.));
#5664=DIRECTION('center_axis',(0.,1.,2.22044604925031E-016));
#5665=DIRECTION('ref_axis',(1.,0.,0.));
#5666=DIRECTION('center_axis',(1.,-3.46944695195368E-016,-1.94624786711783E-047));
#5667=DIRECTION('ref_axis',(1.44444745829043E-031,4.16333634234427E-016,
1.));
#5668=DIRECTION('center_axis',(1.,0.,0.));
#5669=DIRECTION('ref_axis',(6.84227765783597E-047,4.16333634234427E-016,
1.));
#5670=DIRECTION('center_axis',(-1.,0.,0.));
#5671=DIRECTION('ref_axis',(-6.84227765783597E-047,-4.16333634234427E-016,
-1.));
#5672=DIRECTION('center_axis',(1.,0.,0.));
#5673=DIRECTION('ref_axis',(0.,0.,-1.));
#5674=DIRECTION('center_axis',(-1.,0.,0.));
#5675=DIRECTION('ref_axis',(0.,0.,1.));
#5676=DIRECTION('center_axis',(-1.,0.,0.));
#5677=DIRECTION('ref_axis',(0.,-1.,-1.58603289232165E-016));
#5678=DIRECTION($,(0.,-1.,-2.22044604925031E-016));
#5679=DIRECTION($,(0.,2.22044604925031E-016,-1.));
#5680=DIRECTION($,(0.,1.,2.22044604925031E-016));
#5681=DIRECTION($,(0.,-2.22044604925031E-016,1.));
#5682=DIRECTION('center_axis',(-1.,-4.93038065763132E-032,2.22044604925031E-016));
#5683=DIRECTION('ref_axis',(3.17206578464331E-016,-3.17206578464331E-016,
1.));
#5684=DIRECTION($,(2.22044604925031E-016,-2.22044604925031E-016,1.));
#5685=DIRECTION($,(0.,1.,2.22044604925031E-016));
#5686=DIRECTION($,(2.22044604925031E-016,-2.22044604925031E-016,1.));
#5687=DIRECTION($,(0.,-1.,-2.22044604925031E-016));
#5688=DIRECTION('center_axis',(0.,-2.22044604925031E-016,1.));
#5689=DIRECTION('ref_axis',(1.,0.,0.));
#5690=DIRECTION($,(1.,0.,0.));
#5691=DIRECTION($,(0.,1.,2.22044604925031E-016));
#5692=DIRECTION($,(1.,0.,0.));
#5693=DIRECTION('center_axis',(0.,2.22044604925031E-016,-1.));
#5694=DIRECTION('ref_axis',(-1.,0.,0.));
#5695=DIRECTION($,(1.,0.,0.));
#5696=DIRECTION($,(0.,-1.,-2.22044604925031E-016));
#5697=DIRECTION($,(1.,0.,0.));
#5698=DIRECTION($,(0.,1.,2.22044604925031E-016));
#5699=DIRECTION('center_axis',(-1.,0.,0.));
#5700=DIRECTION('ref_axis',(0.,-3.17206578464331E-016,1.));
#5701=DIRECTION($,(0.,2.22044604925031E-016,-1.));
#5702=DIRECTION($,(0.,-1.,-2.22044604925031E-016));
#5703=DIRECTION($,(0.,-2.22044604925031E-016,1.));
#5704=DIRECTION('center_axis',(0.,1.,2.22044604925031E-016));
#5705=DIRECTION('ref_axis',(-1.,0.,0.));
#5706=DIRECTION($,(1.,0.,0.));
#5707=DIRECTION($,(0.,2.22044604925031E-016,-1.));
#5708=DIRECTION($,(1.,0.,0.));
#5709=DIRECTION($,(0.,2.22044604925031E-016,-1.));
#5710=DIRECTION('center_axis',(0.,-2.22044604925031E-016,1.));
#5711=DIRECTION('ref_axis',(1.,0.,0.));
#5712=DIRECTION($,(1.,0.,0.));
#5713=DIRECTION($,(0.,1.,2.22044604925031E-016));
#5714=DIRECTION('center_axis',(0.,-1.,-2.22044604925031E-016));
#5715=DIRECTION('ref_axis',(1.,0.,0.));
#5716=DIRECTION($,(1.,0.,0.));
#5717=DIRECTION($,(0.,-2.22044604925031E-016,1.));
#5718=DIRECTION($,(0.,-2.22044604925031E-016,1.));
#5719=DIRECTION('center_axis',(0.,2.22044604925031E-016,-1.));
#5720=DIRECTION('ref_axis',(-1.,0.,0.));
#5721=DIRECTION($,(0.,-1.,-2.22044604925031E-016));
#5722=DIRECTION('center_axis',(1.,0.,0.));
#5723=DIRECTION('ref_axis',(0.,-1.,-1.58603289232165E-016));
#5724=DIRECTION($,(0.,-2.22044604925031E-016,1.));
#5725=DIRECTION($,(0.,1.,2.22044604925031E-016));
#5726=DIRECTION($,(0.,2.22044604925031E-016,-1.));
#5727=DIRECTION($,(0.,-1.,-2.22044604925031E-016));
#5728=DIRECTION('center_axis',(0.,2.22044604925031E-016,-1.));
#5729=DIRECTION('ref_axis',(0.,1.,1.58603289232165E-016));
#5730=DIRECTION($,(-1.,0.,0.));
#5731=DIRECTION($,(-1.,0.,0.));
#5732=DIRECTION('center_axis',(0.,-1.,-2.22044604925031E-016));
#5733=DIRECTION('ref_axis',(-1.,0.,0.));
#5734=DIRECTION($,(-1.,0.,0.));
#5735=DIRECTION('center_axis',(0.,-2.22044604925031E-016,1.));
#5736=DIRECTION('ref_axis',(0.,-1.,-1.58603289232165E-016));
#5737=DIRECTION($,(-1.,0.,0.));
#5738=DIRECTION('center_axis',(0.,1.,2.22044604925031E-016));
#5739=DIRECTION('ref_axis',(1.,0.,0.));
#5740=DIRECTION('center_axis',(-1.,0.,0.));
#5741=DIRECTION('ref_axis',(0.,0.,1.));
#5742=DIRECTION($,(0.,1.,0.));
#5743=DIRECTION($,(0.,0.,-1.));
#5744=DIRECTION($,(0.,-1.,0.));
#5745=DIRECTION($,(0.,0.,1.));
#5746=DIRECTION('center_axis',(0.,1.,0.));
#5747=DIRECTION('ref_axis',(0.,0.,1.));
#5748=DIRECTION($,(1.,0.,0.));
#5749=DIRECTION($,(0.,0.,1.));
#5750=DIRECTION($,(-1.,0.,0.));
#5751=DIRECTION('center_axis',(0.,-1.,0.));
#5752=DIRECTION('ref_axis',(0.,0.,-1.));
#5753=DIRECTION($,(1.,0.,0.));
#5754=DIRECTION($,(0.,0.,-1.));
#5755=DIRECTION($,(-1.,0.,0.));
#5756=DIRECTION('center_axis',(0.,0.,1.));
#5757=DIRECTION('ref_axis',(1.,0.,0.));
#5758=DIRECTION($,(0.,-1.,0.));
#5759=DIRECTION('center_axis',(-1.,0.,0.));
#5760=DIRECTION('ref_axis',(0.,0.,1.));
#5761=DIRECTION($,(0.,1.,0.));
#5762=DIRECTION('center_axis',(0.,0.,1.));
#5763=DIRECTION('ref_axis',(1.,0.,0.));
#5764=DIRECTION('center_axis',(0.,0.,1.));
#5765=DIRECTION('ref_axis',(1.,0.,0.));
#5766=DIRECTION($,(0.,1.,0.));
#5767=DIRECTION($,(-1.,0.,0.));
#5768=DIRECTION($,(0.,1.,0.));
#5769=DIRECTION($,(1.,0.,0.));
#5770=DIRECTION('center_axis',(-1.,0.,0.));
#5771=DIRECTION('ref_axis',(0.,0.,1.));
#5772=DIRECTION($,(0.,0.,-1.));
#5773=DIRECTION($,(0.,-1.,0.));
#5774=DIRECTION($,(0.,0.,1.));
#5775=DIRECTION('center_axis',(0.,0.,1.));
#5776=DIRECTION('ref_axis',(1.,0.,0.));
#5777=DIRECTION($,(0.,-1.,0.));
#5778=DIRECTION($,(-1.,0.,0.));
#5779=DIRECTION($,(1.,0.,0.));
#5780=DIRECTION('center_axis',(0.,-1.,0.));
#5781=DIRECTION('ref_axis',(0.,0.,-1.));
#5782=DIRECTION($,(0.,0.,1.));
#5783=DIRECTION('center_axis',(0.,1.,0.));
#5784=DIRECTION('ref_axis',(0.,0.,1.));
#5785=DIRECTION($,(0.,0.,-1.));
#5786=DIRECTION('center_axis',(-1.,0.,0.));
#5787=DIRECTION('ref_axis',(0.,0.,1.));
#5788=DIRECTION('center_axis',(-1.,0.,0.));
#5789=DIRECTION('ref_axis',(0.,0.,1.));
#5790=DIRECTION($,(0.,1.,0.));
#5791=DIRECTION($,(0.,0.,-1.));
#5792=DIRECTION($,(0.,-1.,0.));
#5793=DIRECTION($,(0.,0.,1.));
#5794=DIRECTION('center_axis',(0.,1.,0.));
#5795=DIRECTION('ref_axis',(0.,0.,1.));
#5796=DIRECTION($,(1.,0.,0.));
#5797=DIRECTION($,(0.,0.,1.));
#5798=DIRECTION($,(-1.,0.,0.));
#5799=DIRECTION('center_axis',(0.,-1.,0.));
#5800=DIRECTION('ref_axis',(0.,0.,-1.));
#5801=DIRECTION($,(1.,0.,0.));
#5802=DIRECTION($,(0.,0.,-1.));
#5803=DIRECTION($,(-1.,0.,0.));
#5804=DIRECTION('center_axis',(0.,0.,1.));
#5805=DIRECTION('ref_axis',(1.,0.,0.));
#5806=DIRECTION($,(0.,-1.,0.));
#5807=DIRECTION('center_axis',(-1.,0.,0.));
#5808=DIRECTION('ref_axis',(0.,0.,1.));
#5809=DIRECTION($,(0.,1.,0.));
#5810=DIRECTION('center_axis',(0.,0.,1.));
#5811=DIRECTION('ref_axis',(1.,0.,0.));
#5812=DIRECTION('center_axis',(1.,-3.46944695195368E-016,-1.94624786711783E-047));
#5813=DIRECTION('ref_axis',(1.44444745829043E-031,4.16333634234427E-016,
1.));
#5814=DIRECTION('center_axis',(1.,0.,0.));
#5815=DIRECTION('ref_axis',(6.84227765783597E-047,4.16333634234427E-016,
1.));
#5816=DIRECTION('center_axis',(-1.,0.,0.));
#5817=DIRECTION('ref_axis',(-6.84227765783597E-047,-4.16333634234427E-016,
-1.));
#5818=DIRECTION('center_axis',(1.,0.,0.));
#5819=DIRECTION('ref_axis',(0.,0.,-1.));
#5820=DIRECTION('center_axis',(-1.,0.,0.));
#5821=DIRECTION('ref_axis',(0.,0.,1.));
#5822=DIRECTION('center_axis',(0.,0.,1.));
#5823=DIRECTION('ref_axis',(1.,0.,0.));
#5824=DIRECTION($,(0.,1.,0.));
#5825=DIRECTION($,(-1.,0.,0.));
#5826=DIRECTION($,(0.,1.,0.));
#5827=DIRECTION($,(1.,0.,0.));
#5828=DIRECTION('center_axis',(-1.,0.,0.));
#5829=DIRECTION('ref_axis',(0.,0.,1.));
#5830=DIRECTION($,(0.,0.,-1.));
#5831=DIRECTION($,(0.,-1.,0.));
#5832=DIRECTION($,(0.,0.,1.));
#5833=DIRECTION('center_axis',(0.,0.,1.));
#5834=DIRECTION('ref_axis',(1.,0.,0.));
#5835=DIRECTION($,(0.,-1.,0.));
#5836=DIRECTION($,(-1.,0.,0.));
#5837=DIRECTION($,(1.,0.,0.));
#5838=DIRECTION('center_axis',(0.,-1.,0.));
#5839=DIRECTION('ref_axis',(0.,0.,-1.));
#5840=DIRECTION($,(0.,0.,1.));
#5841=DIRECTION('center_axis',(0.,1.,0.));
#5842=DIRECTION('ref_axis',(0.,0.,1.));
#5843=DIRECTION($,(0.,0.,-1.));
#5844=DIRECTION('center_axis',(-1.,0.,0.));
#5845=DIRECTION('ref_axis',(0.,0.,1.));
#5846=DIRECTION('center_axis',(-1.,0.,0.));
#5847=DIRECTION('ref_axis',(0.,0.,1.));
#5848=DIRECTION($,(0.,1.,0.));
#5849=DIRECTION($,(0.,0.,-1.));
#5850=DIRECTION($,(0.,-1.,0.));
#5851=DIRECTION($,(0.,0.,1.));
#5852=DIRECTION('center_axis',(0.,1.,0.));
#5853=DIRECTION('ref_axis',(0.,0.,1.));
#5854=DIRECTION($,(1.,0.,0.));
#5855=DIRECTION($,(0.,0.,1.));
#5856=DIRECTION($,(-1.,0.,0.));
#5857=DIRECTION('center_axis',(0.,-1.,0.));
#5858=DIRECTION('ref_axis',(0.,0.,-1.));
#5859=DIRECTION($,(1.,0.,0.));
#5860=DIRECTION($,(0.,0.,-1.));
#5861=DIRECTION($,(-1.,0.,0.));
#5862=DIRECTION('center_axis',(0.,0.,1.));
#5863=DIRECTION('ref_axis',(1.,0.,0.));
#5864=DIRECTION($,(0.,-1.,0.));
#5865=DIRECTION('center_axis',(-1.,0.,0.));
#5866=DIRECTION('ref_axis',(0.,0.,1.));
#5867=DIRECTION($,(0.,1.,0.));
#5868=DIRECTION('center_axis',(0.,0.,1.));
#5869=DIRECTION('ref_axis',(1.,0.,0.));
#5870=DIRECTION('center_axis',(0.,0.,1.));
#5871=DIRECTION('ref_axis',(1.,0.,0.));
#5872=DIRECTION($,(0.,1.,0.));
#5873=DIRECTION($,(-1.,0.,0.));
#5874=DIRECTION($,(0.,1.,0.));
#5875=DIRECTION($,(1.,0.,0.));
#5876=DIRECTION('center_axis',(-1.,0.,0.));
#5877=DIRECTION('ref_axis',(0.,0.,1.));
#5878=DIRECTION($,(0.,0.,-1.));
#5879=DIRECTION($,(0.,-1.,0.));
#5880=DIRECTION($,(0.,0.,1.));
#5881=DIRECTION('center_axis',(0.,0.,1.));
#5882=DIRECTION('ref_axis',(1.,0.,0.));
#5883=DIRECTION($,(0.,-1.,0.));
#5884=DIRECTION($,(-1.,0.,0.));
#5885=DIRECTION($,(1.,0.,0.));
#5886=DIRECTION('center_axis',(0.,-1.,0.));
#5887=DIRECTION('ref_axis',(0.,0.,-1.));
#5888=DIRECTION($,(0.,0.,1.));
#5889=DIRECTION('center_axis',(0.,1.,0.));
#5890=DIRECTION('ref_axis',(0.,0.,1.));
#5891=DIRECTION($,(0.,0.,-1.));
#5892=DIRECTION('center_axis',(-1.,0.,0.));
#5893=DIRECTION('ref_axis',(0.,0.,1.));
#5894=DIRECTION('center_axis',(1.,-3.46944695195368E-016,-1.94624786711783E-047));
#5895=DIRECTION('ref_axis',(1.44444745829043E-031,4.16333634234427E-016,
1.));
#5896=DIRECTION('center_axis',(1.,0.,0.));
#5897=DIRECTION('ref_axis',(6.84227765783597E-047,4.16333634234427E-016,
1.));
#5898=DIRECTION('center_axis',(-1.,0.,0.));
#5899=DIRECTION('ref_axis',(-6.84227765783597E-047,-4.16333634234427E-016,
-1.));
#5900=DIRECTION('center_axis',(1.,0.,0.));
#5901=DIRECTION('ref_axis',(0.,0.,-1.));
#5902=DIRECTION('center_axis',(-1.,0.,0.));
#5903=DIRECTION('ref_axis',(0.,0.,1.));
#5904=DIRECTION('center_axis',(-1.,0.,0.));
#5905=DIRECTION('ref_axis',(0.,0.,1.));
#5906=DIRECTION($,(0.,1.,0.));
#5907=DIRECTION($,(0.,0.,-1.));
#5908=DIRECTION($,(0.,-1.,0.));
#5909=DIRECTION($,(0.,0.,1.));
#5910=DIRECTION('center_axis',(0.,1.,0.));
#5911=DIRECTION('ref_axis',(0.,0.,1.));
#5912=DIRECTION($,(1.,0.,0.));
#5913=DIRECTION($,(0.,0.,1.));
#5914=DIRECTION($,(-1.,0.,0.));
#5915=DIRECTION('center_axis',(0.,-1.,0.));
#5916=DIRECTION('ref_axis',(0.,0.,-1.));
#5917=DIRECTION($,(1.,0.,0.));
#5918=DIRECTION($,(0.,0.,-1.));
#5919=DIRECTION($,(-1.,0.,0.));
#5920=DIRECTION('center_axis',(0.,0.,1.));
#5921=DIRECTION('ref_axis',(1.,0.,0.));
#5922=DIRECTION($,(0.,-1.,0.));
#5923=DIRECTION('center_axis',(-1.,0.,0.));
#5924=DIRECTION('ref_axis',(0.,0.,1.));
#5925=DIRECTION($,(0.,1.,0.));
#5926=DIRECTION('center_axis',(0.,0.,1.));
#5927=DIRECTION('ref_axis',(1.,0.,0.));
#5928=DIRECTION('center_axis',(0.,0.,1.));
#5929=DIRECTION('ref_axis',(1.,0.,0.));
#5930=DIRECTION($,(0.,1.,0.));
#5931=DIRECTION($,(-1.,0.,0.));
#5932=DIRECTION($,(0.,1.,0.));
#5933=DIRECTION($,(1.,0.,0.));
#5934=DIRECTION('center_axis',(-1.,0.,0.));
#5935=DIRECTION('ref_axis',(0.,0.,1.));
#5936=DIRECTION($,(0.,0.,-1.));
#5937=DIRECTION($,(0.,-1.,0.));
#5938=DIRECTION($,(0.,0.,1.));
#5939=DIRECTION('center_axis',(0.,0.,1.));
#5940=DIRECTION('ref_axis',(1.,0.,0.));
#5941=DIRECTION($,(0.,-1.,0.));
#5942=DIRECTION($,(-1.,0.,0.));
#5943=DIRECTION($,(1.,0.,0.));
#5944=DIRECTION('center_axis',(0.,-1.,0.));
#5945=DIRECTION('ref_axis',(0.,0.,-1.));
#5946=DIRECTION($,(0.,0.,1.));
#5947=DIRECTION('center_axis',(0.,1.,0.));
#5948=DIRECTION('ref_axis',(0.,0.,1.));
#5949=DIRECTION($,(0.,0.,-1.));
#5950=DIRECTION('center_axis',(-1.,0.,0.));
#5951=DIRECTION('ref_axis',(0.,0.,1.));
#5952=DIRECTION('center_axis',(-1.,0.,0.));
#5953=DIRECTION('ref_axis',(0.,0.,1.));
#5954=DIRECTION($,(0.,0.,1.));
#5955=DIRECTION($,(0.,1.,0.));
#5956=DIRECTION($,(0.,0.,-1.));
#5957=DIRECTION($,(0.,-1.,0.));
#5958=DIRECTION('center_axis',(0.,1.,0.));
#5959=DIRECTION('ref_axis',(0.,0.,1.));
#5960=DIRECTION($,(1.,0.,0.));
#5961=DIRECTION($,(0.,0.,1.));
#5962=DIRECTION($,(-1.,0.,0.));
#5963=DIRECTION('center_axis',(0.,-1.,0.));
#5964=DIRECTION('ref_axis',(0.,0.,-1.));
#5965=DIRECTION($,(1.,0.,0.));
#5966=DIRECTION($,(0.,0.,-1.));
#5967=DIRECTION($,(-1.,0.,0.));
#5968=DIRECTION('center_axis',(0.,0.,1.));
#5969=DIRECTION('ref_axis',(1.,0.,0.));
#5970=DIRECTION($,(0.,-1.,0.));
#5971=DIRECTION('center_axis',(-1.,0.,0.));
#5972=DIRECTION('ref_axis',(0.,0.,1.));
#5973=DIRECTION($,(0.,1.,0.));
#5974=DIRECTION('center_axis',(0.,0.,1.));
#5975=DIRECTION('ref_axis',(1.,0.,0.));
#5976=DIRECTION('center_axis',(1.,-3.46944695195368E-016,-1.94624786711783E-047));
#5977=DIRECTION('ref_axis',(1.44444745829043E-031,4.16333634234427E-016,
1.));
#5978=DIRECTION('center_axis',(1.,0.,0.));
#5979=DIRECTION('ref_axis',(6.84227765783597E-047,4.16333634234427E-016,
1.));
#5980=DIRECTION('center_axis',(-1.,0.,0.));
#5981=DIRECTION('ref_axis',(-6.84227765783597E-047,-4.16333634234427E-016,
-1.));
#5982=DIRECTION('center_axis',(1.,0.,0.));
#5983=DIRECTION('ref_axis',(0.,0.,-1.));
#5984=DIRECTION('center_axis',(-1.,0.,0.));
#5985=DIRECTION('ref_axis',(0.,0.,1.));
#5986=DIRECTION('center_axis',(1.,0.,0.));
#5987=DIRECTION('ref_axis',(0.,0.,-1.));
#5988=DIRECTION('center_axis',(-1.,0.,0.));
#5989=DIRECTION('ref_axis',(0.,0.,-1.));
#5990=DIRECTION('center_axis',(-1.,0.,0.));
#5991=DIRECTION('ref_axis',(0.,1.,0.));
#5992=DIRECTION('center_axis',(-1.,0.,0.));
#5993=DIRECTION('ref_axis',(0.,0.,1.));
#5994=DIRECTION('center_axis',(1.,0.,0.));
#5995=DIRECTION('ref_axis',(0.,0.,1.));
#5996=DIRECTION('center_axis',(-1.,0.,0.));
#5997=DIRECTION('ref_axis',(0.,0.,1.));
#5998=DIRECTION('center_axis',(1.,0.,0.));
#5999=DIRECTION('ref_axis',(0.,0.,-1.));
#6000=DIRECTION('center_axis',(-1.,0.,0.));
#6001=DIRECTION('ref_axis',(0.,0.,1.));
#6002=DIRECTION('center_axis',(-1.,0.,0.));
#6003=DIRECTION('ref_axis',(0.,0.,1.));
#6004=DIRECTION('center_axis',(1.,0.,0.));
#6005=DIRECTION('ref_axis',(0.,0.,1.));
#6006=DIRECTION('center_axis',(-1.,0.,0.));
#6007=DIRECTION('ref_axis',(0.,0.,1.));
#6008=DIRECTION('center_axis',(1.,0.,0.));
#6009=DIRECTION('ref_axis',(0.,0.,-1.));
#6010=DIRECTION('center_axis',(-1.,0.,0.));
#6011=DIRECTION('ref_axis',(0.,0.,1.));
#6012=DIRECTION('center_axis',(-9.24446373305873E-033,-0.199504990874993,
0.979896810187669));
#6013=DIRECTION('ref_axis',(-1.,1.20002749209103E-016,2.44323148488982E-017));
#6014=DIRECTION('center_axis',(9.24446373305873E-033,0.199504990874993,
-0.979896810187669));
#6015=DIRECTION('ref_axis',(-1.,1.20002749209103E-016,2.44323148488982E-017));
#6016=DIRECTION('center_axis',(-9.24446373305873E-033,-0.199504990874993,
0.979896810187669));
#6017=DIRECTION('ref_axis',(-1.,1.20002749209103E-016,2.44323148488982E-017));
#6018=DIRECTION('center_axis',(9.24446373305873E-033,0.199504990874993,
-0.979896810187669));
#6019=DIRECTION('ref_axis',(1.,0.,0.));
#6020=DIRECTION('center_axis',(-9.24446373305873E-033,-0.199504990874993,
0.979896810187669));
#6021=DIRECTION('ref_axis',(-1.,0.,0.));
#6022=DIRECTION('center_axis',(1.,0.,0.));
#6023=DIRECTION('ref_axis',(0.,0.,1.));
#6024=DIRECTION('center_axis',(1.,0.,0.));
#6025=DIRECTION('ref_axis',(0.,0.,1.));
#6026=DIRECTION('center_axis',(-1.,0.,0.));
#6027=DIRECTION('ref_axis',(0.,0.,1.));
#6028=DIRECTION('center_axis',(1.,0.,0.));
#6029=DIRECTION('ref_axis',(0.,0.,-1.));
#6030=DIRECTION('center_axis',(-1.,0.,0.));
#6031=DIRECTION('ref_axis',(0.,0.,1.));
#6032=DIRECTION('center_axis',(-9.24446373305873E-033,-0.199504990874993,
0.979896810187669));
#6033=DIRECTION('ref_axis',(1.,-9.31521604165454E-034,9.24446373305873E-033));
#6034=DIRECTION('center_axis',(9.24446373305873E-033,0.199504990874993,
-0.979896810187669));
#6035=DIRECTION('ref_axis',(1.,-9.31521604165454E-034,9.24446373305873E-033));
#6036=DIRECTION('center_axis',(-9.24446373305873E-033,-0.199504990874993,
0.979896810187669));
#6037=DIRECTION('ref_axis',(1.,-9.31521604165454E-034,9.24446373305873E-033));
#6038=DIRECTION('center_axis',(9.24446373305873E-033,0.199504990874993,
-0.979896810187669));
#6039=DIRECTION('ref_axis',(-1.,0.,0.));
#6040=DIRECTION('center_axis',(-9.24446373305873E-033,-0.199504990874993,
0.979896810187669));
#6041=DIRECTION('ref_axis',(1.,0.,0.));
#6042=DIRECTION('center_axis',(1.,0.,0.));
#6043=DIRECTION('ref_axis',(0.,0.,-1.));
#6044=DIRECTION('center_axis',(-1.,0.,0.));
#6045=DIRECTION('ref_axis',(0.,0.,-1.));
#6046=DIRECTION('center_axis',(1.,0.,0.));
#6047=DIRECTION('ref_axis',(0.,0.,-1.));
#6048=DIRECTION('center_axis',(-1.,0.,0.));
#6049=DIRECTION('ref_axis',(0.,0.,1.));
#6050=DIRECTION('center_axis',(1.,0.,0.));
#6051=DIRECTION('ref_axis',(0.,0.,-1.));
#6052=DIRECTION('center_axis',(-1.,0.,0.));
#6053=DIRECTION('ref_axis',(0.,0.,1.));
#6054=DIRECTION($,(0.,1.,0.));
#6055=DIRECTION($,(0.,0.,-1.));
#6056=DIRECTION($,(0.,-1.,0.));
#6057=DIRECTION($,(0.,0.,1.));
#6058=DIRECTION('center_axis',(-1.,0.,0.));
#6059=DIRECTION('ref_axis',(0.,0.,1.));
#6060=DIRECTION($,(0.,-1.,0.));
#6061=DIRECTION($,(0.,0.,-1.));
#6062=DIRECTION($,(0.,1.,0.));
#6063=DIRECTION($,(0.,0.,1.));
#6064=DIRECTION('center_axis',(0.,1.,0.));
#6065=DIRECTION('ref_axis',(0.,0.,1.));
#6066=DIRECTION($,(1.,0.,0.));
#6067=DIRECTION($,(1.,0.,0.));
#6068=DIRECTION('center_axis',(0.,0.,1.));
#6069=DIRECTION('ref_axis',(1.,0.,0.));
#6070=DIRECTION($,(1.,0.,0.));
#6071=DIRECTION('center_axis',(0.,-1.,0.));
#6072=DIRECTION('ref_axis',(0.,0.,-1.));
#6073=DIRECTION($,(1.,0.,0.));
#6074=DIRECTION('center_axis',(0.,0.,-1.));
#6075=DIRECTION('ref_axis',(-1.,0.,0.));
#6076=DIRECTION('center_axis',(-1.,0.,0.));
#6077=DIRECTION('ref_axis',(0.,0.,1.));
#6078=DIRECTION($,(0.,1.,0.));
#6079=DIRECTION($,(0.,0.,-1.));
#6080=DIRECTION($,(0.,-1.,0.));
#6081=DIRECTION($,(0.,0.,1.));
#6082=DIRECTION('center_axis',(-1.,0.,0.));
#6083=DIRECTION('ref_axis',(0.,0.,1.));
#6084=DIRECTION($,(0.,-1.,0.));
#6085=DIRECTION($,(0.,0.,-1.));
#6086=DIRECTION($,(0.,1.,0.));
#6087=DIRECTION($,(0.,0.,1.));
#6088=DIRECTION('center_axis',(0.,1.,0.));
#6089=DIRECTION('ref_axis',(0.,0.,1.));
#6090=DIRECTION($,(1.,0.,0.));
#6091=DIRECTION($,(1.,0.,0.));
#6092=DIRECTION('center_axis',(0.,0.,1.));
#6093=DIRECTION('ref_axis',(1.,0.,0.));
#6094=DIRECTION($,(1.,0.,0.));
#6095=DIRECTION('center_axis',(0.,-1.,0.));
#6096=DIRECTION('ref_axis',(0.,0.,-1.));
#6097=DIRECTION($,(1.,0.,0.));
#6098=DIRECTION('center_axis',(0.,0.,-1.));
#6099=DIRECTION('ref_axis',(-1.,0.,0.));
#6100=DIRECTION('center_axis',(1.,0.,0.));
#6101=DIRECTION('ref_axis',(0.,0.,-1.));
#6102=DIRECTION('center_axis',(-1.,0.,0.));
#6103=DIRECTION('ref_axis',(0.,0.,-1.));
#6104=DIRECTION('center_axis',(1.,0.,0.));
#6105=DIRECTION('ref_axis',(0.,0.,-1.));
#6106=DIRECTION('center_axis',(-1.,0.,0.));
#6107=DIRECTION('ref_axis',(0.,0.,1.));
#6108=DIRECTION('center_axis',(1.,0.,0.));
#6109=DIRECTION('ref_axis',(0.,0.,-1.));
#6110=DIRECTION('center_axis',(-1.,0.,0.));
#6111=DIRECTION('ref_axis',(0.,0.,1.));
#6112=DIRECTION('center_axis',(1.,0.,0.));
#6113=DIRECTION('ref_axis',(0.,0.,1.));
#6114=DIRECTION('center_axis',(-1.,0.,0.));
#6115=DIRECTION('ref_axis',(0.,0.,1.));
#6116=DIRECTION('center_axis',(1.,0.,0.));
#6117=DIRECTION('ref_axis',(0.,0.,-1.));
#6118=DIRECTION('center_axis',(-1.,0.,0.));
#6119=DIRECTION('ref_axis',(0.,0.,1.));
#6120=DIRECTION('center_axis',(-1.,0.,0.));
#6121=DIRECTION('ref_axis',(0.,0.,1.));
#6122=DIRECTION('center_axis',(1.,0.,0.));
#6123=DIRECTION('ref_axis',(0.,0.,1.));
#6124=DIRECTION('center_axis',(-1.,0.,0.));
#6125=DIRECTION('ref_axis',(0.,0.,1.));
#6126=DIRECTION('center_axis',(1.,0.,0.));
#6127=DIRECTION('ref_axis',(0.,0.,-1.));
#6128=DIRECTION('center_axis',(-1.,0.,0.));
#6129=DIRECTION('ref_axis',(0.,0.,1.));
#6130=DIRECTION('center_axis',(-1.,0.,0.));
#6131=DIRECTION('ref_axis',(0.,0.,1.));
#6132=DIRECTION('center_axis',(1.,0.,0.));
#6133=DIRECTION('ref_axis',(0.,0.,1.));
#6134=DIRECTION('center_axis',(-1.,0.,0.));
#6135=DIRECTION('ref_axis',(0.,0.,1.));
#6136=DIRECTION('center_axis',(1.,0.,0.));
#6137=DIRECTION('ref_axis',(0.,0.,-1.));
#6138=DIRECTION('center_axis',(-1.,0.,0.));
#6139=DIRECTION('ref_axis',(0.,0.,1.));
#6140=DIRECTION('center_axis',(1.,0.,0.));
#6141=DIRECTION('ref_axis',(0.,0.,-1.));
#6142=DIRECTION('center_axis',(-1.,0.,0.));
#6143=DIRECTION('ref_axis',(0.,0.,-1.));
#6144=DIRECTION('center_axis',(1.,0.,0.));
#6145=DIRECTION('ref_axis',(0.,0.,-1.));
#6146=DIRECTION('center_axis',(-1.,0.,0.));
#6147=DIRECTION('ref_axis',(0.,0.,1.));
#6148=DIRECTION('center_axis',(1.,0.,0.));
#6149=DIRECTION('ref_axis',(0.,0.,-1.));
#6150=DIRECTION('center_axis',(1.,0.,0.));
#6151=DIRECTION('ref_axis',(0.,0.,-1.));
#6152=DIRECTION('center_axis',(-1.,0.,0.));
#6153=DIRECTION('ref_axis',(0.,0.,-1.));
#6154=DIRECTION('center_axis',(1.,0.,0.));
#6155=DIRECTION('ref_axis',(0.,0.,-1.));
#6156=DIRECTION('center_axis',(-1.,0.,0.));
#6157=DIRECTION('ref_axis',(0.,0.,1.));
#6158=DIRECTION('center_axis',(1.,0.,0.));
#6159=DIRECTION('ref_axis',(0.,0.,-1.));
#6160=DIRECTION('center_axis',(1.,0.,0.));
#6161=DIRECTION('ref_axis',(0.,0.,-1.));
#6162=DIRECTION('center_axis',(-1.,0.,0.));
#6163=DIRECTION('ref_axis',(0.,0.,-1.));
#6164=DIRECTION('center_axis',(1.,0.,0.));
#6165=DIRECTION('ref_axis',(0.,0.,-1.));
#6166=DIRECTION('center_axis',(-1.,0.,0.));
#6167=DIRECTION('ref_axis',(0.,0.,1.));
#6168=DIRECTION('center_axis',(1.,0.,0.));
#6169=DIRECTION('ref_axis',(0.,0.,-1.));
#6170=DIRECTION('center_axis',(1.,0.,0.));
#6171=DIRECTION('ref_axis',(0.,0.,-1.));
#6172=DIRECTION('center_axis',(-1.,0.,0.));
#6173=DIRECTION('ref_axis',(0.,0.,-1.));
#6174=DIRECTION('center_axis',(1.,0.,0.));
#6175=DIRECTION('ref_axis',(0.,0.,-1.));
#6176=DIRECTION('center_axis',(-1.,0.,0.));
#6177=DIRECTION('ref_axis',(0.,0.,1.));
#6178=DIRECTION('center_axis',(1.,0.,0.));
#6179=DIRECTION('ref_axis',(0.,0.,-1.));
#6180=CARTESIAN_POINT('',(0.,0.,0.));
#6181=CARTESIAN_POINT('Origin',(-2.90296049842146,2.63510784256383,0.126500000000038));
#6182=CARTESIAN_POINT('',(-2.25296049842147,2.63510784256383,0.126500000000038));
#6183=CARTESIAN_POINT('',(-2.90296049842146,2.63510784256383,0.126500000000038));
#6184=CARTESIAN_POINT($,(-2.25296049842147,2.63510784256383,0.126500000000038));
#6185=CARTESIAN_POINT('',(-2.25296049842147,2.63510784256383,0.626500000000032));
#6186=CARTESIAN_POINT($,(-2.25296049842147,2.63510784256383,0.126500000000038));
#6187=CARTESIAN_POINT('',(-2.90296049842146,2.63510784256383,0.626500000000032));
#6188=CARTESIAN_POINT($,(-3.62158371126583,2.63510784256383,0.626500000000032));
#6189=CARTESIAN_POINT($,(-2.90296049842146,2.63510784256383,0.126500000000038));
#6190=CARTESIAN_POINT('Origin',(-2.90296049842146,4.53510784256383,0.126500000000038));
#6191=CARTESIAN_POINT('',(-2.90296049842146,3.13510784256383,0.126500000000038));
#6192=CARTESIAN_POINT($,(-2.90296049842146,2.63510784256383,0.126500000000038));
#6193=CARTESIAN_POINT('',(-2.90296049842146,3.13510784256383,0.626500000000032));
#6194=CARTESIAN_POINT($,(-2.90296049842146,5.72214215001453,0.626500000000032));
#6195=CARTESIAN_POINT($,(-2.90296049842146,3.13510784256383,0.126500000000038));
#6196=CARTESIAN_POINT('Origin',(-2.25296049842147,3.13510784256383,0.126500000000038));
#6197=CARTESIAN_POINT('',(-2.25296049842147,3.13510784256383,0.126500000000038));
#6198=CARTESIAN_POINT($,(-3.29658371126583,3.13510784256383,0.126500000000038));
#6199=CARTESIAN_POINT('',(-2.25296049842147,3.13510784256383,0.626500000000032));
#6200=CARTESIAN_POINT($,(-3.29658371126583,3.13510784256383,0.626500000000032));
#6201=CARTESIAN_POINT($,(-2.25296049842147,3.13510784256383,0.126500000000038));
#6202=CARTESIAN_POINT('Origin',(-2.25296049842147,2.63510784256383,0.126500000000038));
#6203=CARTESIAN_POINT($,(-2.25296049842147,4.53510784256383,0.126500000000038));
#6204=CARTESIAN_POINT($,(-2.25296049842147,4.77214215001453,0.626500000000032));
#6205=CARTESIAN_POINT('Origin',(-4.34020692411019,6.90917645746524,0.626500000000032));
#6206=CARTESIAN_POINT('Origin',(-4.34020692411019,6.90917645746524,0.126500000000038));
#6207=CARTESIAN_POINT('Origin',(-2.92046049842146,3.17010784256383,0.276500000000038));
#6208=CARTESIAN_POINT('',(-2.90296049842146,3.17010784256383,2.17650000000003));
#6209=CARTESIAN_POINT('',(-2.90296049842146,3.17010784256383,0.276500000000038));
#6210=CARTESIAN_POINT($,(-2.90296049842146,3.17010784256383,0.251500000000038));
#6211=CARTESIAN_POINT('',(-2.85546049842146,3.17010784256383,2.17650000000003));
#6212=CARTESIAN_POINT($,(-2.9923228197059,3.17010784256383,2.17650000000003));
#6213=CARTESIAN_POINT('',(-2.85546049842146,3.17010784256383,0.276500000000038));
#6214=CARTESIAN_POINT($,(-2.85546049842146,3.17010784256383,0.276500000000038));
#6215=CARTESIAN_POINT($,(-2.9923228197059,3.17010784256383,0.276500000000038));
#6216=CARTESIAN_POINT('Origin',(-3.06418514099034,6.5667695959751,0.276500000000038));
#6217=CARTESIAN_POINT('',(-2.90296049842146,3.80010784256383,0.276500000000038));
#6218=CARTESIAN_POINT($,(-2.90296049842146,5.55093871926946,0.276500000000038));
#6219=CARTESIAN_POINT('',(-2.85546049842146,3.80010784256383,0.276500000000038));
#6220=CARTESIAN_POINT($,(-2.85546049842146,4.43010784256383,0.276500000000038));
#6221=CARTESIAN_POINT($,(-2.9598228197059,3.80010784256383,0.276500000000038));
#6222=CARTESIAN_POINT('Origin',(-2.85546049842146,3.80010784256383,0.276500000000038));
#6223=CARTESIAN_POINT('',(-2.90296049842146,3.80010784256383,2.17650000000003));
#6224=CARTESIAN_POINT($,(-2.90296049842146,3.80010784256383,0.251500000000038));
#6225=CARTESIAN_POINT('',(-2.85546049842146,3.80010784256383,2.17650000000003));
#6226=CARTESIAN_POINT($,(-2.85546049842146,3.80010784256383,0.276500000000038));
#6227=CARTESIAN_POINT($,(-2.9598228197059,3.80010784256383,2.17650000000003));
#6228=CARTESIAN_POINT('Origin',(-2.85546049842146,2.72010784256383,0.276500000000038));
#6229=CARTESIAN_POINT($,(-2.85546049842146,4.64343871926946,2.17650000000003));
#6230=CARTESIAN_POINT('Origin',(-3.06418514099034,6.5667695959751,2.17650000000003));
#6231=CARTESIAN_POINT($,(-2.90296049842146,5.55093871926946,2.17650000000003));
#6232=CARTESIAN_POINT('Origin',(-2.90296049842146,3.13510784256383,0.226500000000038));
#6233=CARTESIAN_POINT('',(-2.25296049842147,3.13510784256383,0.226500000000038));
#6234=CARTESIAN_POINT('',(-2.90296049842146,3.13510784256383,0.226500000000038));
#6235=CARTESIAN_POINT($,(-3.62158371126583,3.13510784256383,0.226500000000038));
#6236=CARTESIAN_POINT('',(-2.25296049842147,3.13510784256383,2.22650000000003));
#6237=CARTESIAN_POINT($,(-2.25296049842147,3.13510784256383,0.226500000000038));
#6238=CARTESIAN_POINT('',(-2.90296049842146,3.13510784256383,2.22650000000003));
#6239=CARTESIAN_POINT($,(-3.62158371126583,3.13510784256383,2.22650000000003));
#6240=CARTESIAN_POINT($,(-2.90296049842146,3.13510784256383,0.226500000000038));
#6241=CARTESIAN_POINT('Origin',(-2.90296049842146,4.53510784256383,0.226500000000038));
#6242=CARTESIAN_POINT('',(-2.90296049842146,3.83510784256383,0.226500000000038));
#6243=CARTESIAN_POINT($,(-2.90296049842146,2.63510784256383,0.226500000000038));
#6244=CARTESIAN_POINT('',(-2.90296049842146,3.83510784256383,2.22650000000003));
#6245=CARTESIAN_POINT($,(-2.90296049842146,5.72214215001453,2.22650000000003));
#6246=CARTESIAN_POINT($,(-2.90296049842146,3.83510784256383,0.226500000000038));
#6247=CARTESIAN_POINT('Origin',(-2.25296049842147,3.83510784256383,0.226500000000038));
#6248=CARTESIAN_POINT('',(-2.25296049842147,3.83510784256383,0.226500000000038));
#6249=CARTESIAN_POINT($,(-3.29658371126583,3.83510784256383,0.226500000000038));
#6250=CARTESIAN_POINT('',(-2.25296049842147,3.83510784256383,2.22650000000003));
#6251=CARTESIAN_POINT($,(-3.29658371126583,3.83510784256383,2.22650000000003));
#6252=CARTESIAN_POINT($,(-2.25296049842147,3.83510784256383,0.226500000000038));
#6253=CARTESIAN_POINT('Origin',(-2.25296049842147,2.63510784256383,0.226500000000038));
#6254=CARTESIAN_POINT($,(-2.25296049842147,4.53510784256383,0.226500000000038));
#6255=CARTESIAN_POINT($,(-2.25296049842147,4.77214215001453,2.22650000000003));
#6256=CARTESIAN_POINT('Origin',(-4.34020692411019,6.90917645746524,2.22650000000003));
#6257=CARTESIAN_POINT('Origin',(-4.34020692411019,6.90917645746524,0.226500000000038));
#6258=CARTESIAN_POINT('Origin',(-2.83796049118042,4.18510784256383,1.57650000000004));
#6259=CARTESIAN_POINT('',(-2.82796049118042,4.18510784256383,1.49650000000004));
#6260=CARTESIAN_POINT('Origin',(-2.82796049118042,4.18510784256383,1.57650000000004));
#6261=CARTESIAN_POINT('',(-2.84796049118042,4.18510784256383,1.49650000000004));
#6262=CARTESIAN_POINT('Origin',(-2.84796049118042,4.18510784256383,1.57650000000004));
#6263=CARTESIAN_POINT('Origin',(-2.83796049118042,4.18510784256383,1.57650000000004));
#6264=CARTESIAN_POINT('',(-2.82796049118042,4.18510784256383,1.67650000000004));
#6265=CARTESIAN_POINT('Origin',(-2.82796049118042,4.18510784256383,1.57650000000004));
#6266=CARTESIAN_POINT('',(-2.84796049118042,4.18510784256383,1.67650000000004));
#6267=CARTESIAN_POINT('Origin',(-2.84796049118042,4.18510784256383,1.57650000000004));
#6268=CARTESIAN_POINT('Origin',(-2.82796049118042,4.18510784256383,1.57650000000004));
#6269=CARTESIAN_POINT('Origin',(-2.84796049118042,4.18510784256383,1.57650000000004));
#6270=CARTESIAN_POINT('Origin',(-2.87796049842147,3.88510784256383,1.12650000000004));
#6271=CARTESIAN_POINT('',(-2.27796049842147,3.88510784256383,1.12650000000004));
#6272=CARTESIAN_POINT('',(-2.87796049842147,3.88510784256383,1.12650000000004));
#6273=CARTESIAN_POINT($,(-3.54130500258549,3.88510784256383,1.12650000000004));
#6274=CARTESIAN_POINT('',(-2.27796049842147,3.88510784256383,1.22650000000003));
#6275=CARTESIAN_POINT($,(-2.27796049842147,3.88510784256383,1.12650000000004));
#6276=CARTESIAN_POINT('',(-2.87796049842147,3.88510784256383,1.22650000000003));
#6277=CARTESIAN_POINT($,(-3.54130500258549,3.88510784256383,1.22650000000003));
#6278=CARTESIAN_POINT($,(-2.87796049842147,3.88510784256383,1.12650000000004));
#6279=CARTESIAN_POINT('Origin',(-2.87796049842147,4.48510784256383,1.12650000000004));
#6280=CARTESIAN_POINT('',(-2.87796049842147,4.48510784256383,1.12650000000004));
#6281=CARTESIAN_POINT($,(-2.87796049842147,2.85653641399241,1.12650000000004));
#6282=CARTESIAN_POINT('',(-2.87796049842147,4.48510784256383,1.22650000000003));
#6283=CARTESIAN_POINT($,(-2.87796049842147,5.50256582037871,1.22650000000003));
#6284=CARTESIAN_POINT($,(-2.87796049842147,4.48510784256383,1.12650000000004));
#6285=CARTESIAN_POINT('Origin',(-2.27796049842147,4.48510784256383,1.12650000000004));
#6286=CARTESIAN_POINT('',(-2.27796049842147,4.48510784256383,1.12650000000004));
#6287=CARTESIAN_POINT($,(-2.87796049842147,4.48510784256383,1.12650000000004));
#6288=CARTESIAN_POINT('',(-2.27796049842147,4.48510784256383,1.22650000000003));
#6289=CARTESIAN_POINT($,(-3.24130500258549,4.48510784256383,1.22650000000003));
#6290=CARTESIAN_POINT($,(-2.27796049842147,4.48510784256383,1.12650000000004));
#6291=CARTESIAN_POINT('Origin',(-2.27796049842147,2.85653641399241,1.12650000000004));
#6292=CARTESIAN_POINT($,(-2.27796049842147,4.48510784256383,1.12650000000004));
#6293=CARTESIAN_POINT($,(-2.27796049842147,4.688280106093,1.22650000000003));
#6294=CARTESIAN_POINT('Origin',(-4.20464950674952,6.52002379819359,1.22650000000003));
#6295=CARTESIAN_POINT('Origin',(-4.20464950674952,6.52002379819359,1.12650000000004));
#6296=CARTESIAN_POINT('Origin',(-2.90296049842146,3.83510784256383,0.226500000000038));
#6297=CARTESIAN_POINT('',(-2.25296049842147,3.83510784256383,0.226500000000038));
#6298=CARTESIAN_POINT('',(-2.90296049842146,3.83510784256383,0.226500000000038));
#6299=CARTESIAN_POINT($,(-3.62158371126583,3.83510784256383,0.226500000000038));
#6300=CARTESIAN_POINT('',(-2.25296049842147,3.83510784256383,1.12650000000003));
#6301=CARTESIAN_POINT($,(-2.25296049842147,3.83510784256383,0.226500000000038));
#6302=CARTESIAN_POINT('',(-2.90296049842146,3.83510784256383,1.12650000000003));
#6303=CARTESIAN_POINT($,(-3.62158371126583,3.83510784256383,1.12650000000003));
#6304=CARTESIAN_POINT($,(-2.90296049842146,3.83510784256383,0.226500000000038));
#6305=CARTESIAN_POINT('Origin',(-2.90296049842146,4.53510784256383,0.226500000000038));
#6306=CARTESIAN_POINT('',(-2.90296049842146,4.53510784256383,0.226500000000038));
#6307=CARTESIAN_POINT($,(-2.90296049842146,2.63510784256383,0.226500000000038));
#6308=CARTESIAN_POINT('',(-2.90296049842146,4.53510784256383,1.12650000000003));
#6309=CARTESIAN_POINT($,(-2.90296049842146,5.72214215001453,1.12650000000003));
#6310=CARTESIAN_POINT($,(-2.90296049842146,4.53510784256383,0.226500000000038));
#6311=CARTESIAN_POINT('Origin',(-2.25296049842147,4.53510784256383,0.226500000000038));
#6312=CARTESIAN_POINT('',(-2.25296049842147,4.53510784256383,0.226500000000038));
#6313=CARTESIAN_POINT($,(-2.90296049842146,4.53510784256383,0.226500000000038));
#6314=CARTESIAN_POINT('',(-2.25296049842147,4.53510784256383,1.12650000000003));
#6315=CARTESIAN_POINT($,(-3.29658371126583,4.53510784256383,1.12650000000003));
#6316=CARTESIAN_POINT($,(-2.25296049842147,4.53510784256383,0.226500000000038));
#6317=CARTESIAN_POINT('Origin',(-2.25296049842147,2.63510784256383,0.226500000000038));
#6318=CARTESIAN_POINT($,(-2.25296049842147,4.53510784256383,0.226500000000038));
#6319=CARTESIAN_POINT($,(-2.25296049842147,4.77214215001453,1.12650000000003));
#6320=CARTESIAN_POINT('Origin',(-4.34020692411019,6.90917645746524,1.12650000000003));
#6321=CARTESIAN_POINT('Origin',(-4.34020692411019,6.90917645746524,0.226500000000038));
#6322=CARTESIAN_POINT('Origin',(-2.82796049118042,4.18510784256383,1.57650000000004));
#6323=CARTESIAN_POINT('',(-2.81796049118042,4.18510784256383,1.49650000000004));
#6324=CARTESIAN_POINT('Origin',(-2.81796049118042,4.18510784256383,1.57650000000004));
#6325=CARTESIAN_POINT('',(-2.83796049118042,4.18510784256383,1.49650000000004));
#6326=CARTESIAN_POINT('Origin',(-2.83796049118042,4.18510784256383,1.57650000000004));
#6327=CARTESIAN_POINT('Origin',(-2.81796049118042,4.18510784256383,1.57650000000004));
#6328=CARTESIAN_POINT('Origin',(-2.83796049118042,4.18510784256383,1.57650000000004));
#6329=CARTESIAN_POINT('Origin',(-3.93353467202818,6.13087113892196,1.20150000000004));
#6330=CARTESIAN_POINT('',(-2.32796049842147,4.43510784256383,1.20150000000004));
#6331=CARTESIAN_POINT('',(-2.32796049842147,3.93510784256383,1.20150000000004));
#6332=CARTESIAN_POINT($,(-2.32796049842147,4.43510784256383,1.20150000000004));
#6333=CARTESIAN_POINT('',(-2.82796049842147,3.93510784256383,1.20150000000004));
#6334=CARTESIAN_POINT($,(-3.38074758522482,3.93510784256383,1.20150000000004));
#6335=CARTESIAN_POINT('',(-2.82796049842147,4.43510784256383,1.20150000000004));
#6336=CARTESIAN_POINT($,(-2.82796049842147,3.07796498542098,1.20150000000004));
#6337=CARTESIAN_POINT($,(-2.82796049842147,4.43510784256383,1.20150000000004));
#6338=CARTESIAN_POINT('Origin',(-2.32796049842147,4.43510784256383,1.20150000000004));
#6339=CARTESIAN_POINT('',(-2.32796049842147,4.43510784256383,1.25150000000003));
#6340=CARTESIAN_POINT('',(-2.82796049842147,4.43510784256383,1.25150000000003));
#6341=CARTESIAN_POINT($,(-2.45296049842147,4.43510784256383,1.25150000000003));
#6342=CARTESIAN_POINT($,(-2.32796049842147,4.43510784256383,1.20150000000004));
#6343=CARTESIAN_POINT($,(-2.82796049842147,4.43510784256383,1.20150000000004));
#6344=CARTESIAN_POINT('Origin',(-2.82796049842147,4.43510784256383,1.20150000000004));
#6345=CARTESIAN_POINT('',(-2.82796049842147,3.93510784256383,1.25150000000003));
#6346=CARTESIAN_POINT($,(-2.82796049842147,4.31010784256383,1.25150000000003));
#6347=CARTESIAN_POINT($,(-2.82796049842147,3.93510784256383,1.20150000000004));
#6348=CARTESIAN_POINT('Origin',(-2.82796049842147,3.93510784256383,1.20150000000004));
#6349=CARTESIAN_POINT('',(-2.32796049842147,3.93510784256383,1.25150000000003));
#6350=CARTESIAN_POINT($,(-2.70296049842147,3.93510784256383,1.25150000000003));
#6351=CARTESIAN_POINT($,(-2.32796049842147,3.93510784256383,1.20150000000004));
#6352=CARTESIAN_POINT('Origin',(-2.32796049842147,3.07796498542098,1.20150000000004));
#6353=CARTESIAN_POINT($,(-2.32796049842147,3.63153641399241,1.25150000000003));
#6354=CARTESIAN_POINT('Origin',(-2.57796049842147,4.18510784256383,1.25150000000003));
#6355=CARTESIAN_POINT('Origin',(-2.82796049842147,3.23510784256383,0.126500000000032));
#6356=CARTESIAN_POINT('',(-2.77796049842147,3.28510784256383,0.126500000000032));
#6357=CARTESIAN_POINT('',(-2.77796049842147,3.18510784256383,0.126500000000032));
#6358=CARTESIAN_POINT($,(-2.77796049842147,3.23510784256383,0.126500000000032));
#6359=CARTESIAN_POINT('',(-2.87796049842147,3.18510784256383,0.126500000000032));
#6360=CARTESIAN_POINT($,(-2.82796049842147,3.18510784256383,0.126500000000032));
#6361=CARTESIAN_POINT('',(-2.87796049842147,3.28510784256383,0.126500000000032));
#6362=CARTESIAN_POINT($,(-2.87796049842147,3.23510784256383,0.126500000000032));
#6363=CARTESIAN_POINT($,(-2.82796049842147,3.28510784256383,0.126500000000032));
#6364=CARTESIAN_POINT('Origin',(-2.82796049842147,3.23510784256383,0.226500000000033));
#6365=CARTESIAN_POINT('',(-2.77796049842147,3.18510784256383,0.226500000000033));
#6366=CARTESIAN_POINT('',(-2.77796049842147,3.28510784256383,0.226500000000033));
#6367=CARTESIAN_POINT($,(-2.77796049842147,3.23510784256383,0.226500000000033));
#6368=CARTESIAN_POINT('',(-2.87796049842147,3.28510784256383,0.226500000000033));
#6369=CARTESIAN_POINT($,(-2.82796049842147,3.28510784256383,0.226500000000033));
#6370=CARTESIAN_POINT('',(-2.87796049842147,3.18510784256383,0.226500000000033));
#6371=CARTESIAN_POINT($,(-2.87796049842147,3.23510784256383,0.226500000000033));
#6372=CARTESIAN_POINT($,(-2.82796049842147,3.18510784256383,0.226500000000033));
#6373=CARTESIAN_POINT('Origin',(-2.82796049842147,3.28510784256383,0.176500000000033));
#6374=CARTESIAN_POINT($,(-2.87796049842147,3.28510784256383,0.176500000000033));
#6375=CARTESIAN_POINT($,(-2.77796049842147,3.28510784256383,0.176500000000033));
#6376=CARTESIAN_POINT('Origin',(-2.87796049842147,3.23510784256383,0.176500000000033));
#6377=CARTESIAN_POINT($,(-2.87796049842147,3.18510784256383,0.176500000000033));
#6378=CARTESIAN_POINT('Origin',(-2.82796049842147,3.18510784256383,0.176500000000033));
#6379=CARTESIAN_POINT($,(-2.77796049842147,3.18510784256383,0.176500000000033));
#6380=CARTESIAN_POINT('Origin',(-2.77796049842147,3.23510784256383,0.176500000000033));
#6381=CARTESIAN_POINT('Origin',(-2.57796049842147,4.18510784256383,1.25150000000003));
#6382=CARTESIAN_POINT('',(-2.82796049842147,3.93510784256383,1.25150000000003));
#6383=CARTESIAN_POINT('',(-2.32796049842147,3.93510784256383,1.25150000000003));
#6384=CARTESIAN_POINT($,(-2.70296049842147,3.93510784256383,1.25150000000003));
#6385=CARTESIAN_POINT('',(-2.82796049842147,4.43510784256383,1.25150000000003));
#6386=CARTESIAN_POINT($,(-2.82796049842147,4.31010784256383,1.25150000000003));
#6387=CARTESIAN_POINT('',(-2.32796049842147,4.43510784256383,1.25150000000003));
#6388=CARTESIAN_POINT($,(-2.45296049842147,4.43510784256383,1.25150000000003));
#6389=CARTESIAN_POINT($,(-2.32796049842147,3.63153641399241,1.25150000000003));
#6390=CARTESIAN_POINT('Origin',(-2.32796049842147,4.43510784256383,1.20150000000004));
#6391=CARTESIAN_POINT('',(-2.82796049842147,4.43510784256383,1.87650000000004));
#6392=CARTESIAN_POINT($,(-2.82796049842147,4.43510784256383,1.20150000000004));
#6393=CARTESIAN_POINT('',(-2.32796049842147,4.43510784256383,1.87650000000004));
#6394=CARTESIAN_POINT($,(-3.13074758522482,4.43510784256383,1.87650000000004));
#6395=CARTESIAN_POINT($,(-2.32796049842147,4.43510784256383,1.20150000000004));
#6396=CARTESIAN_POINT('Origin',(-2.82796049842147,4.43510784256383,1.20150000000004));
#6397=CARTESIAN_POINT('',(-2.82796049842147,3.93510784256383,1.87650000000004));
#6398=CARTESIAN_POINT($,(-2.82796049842147,3.93510784256383,1.20150000000004));
#6399=CARTESIAN_POINT($,(-2.82796049842147,5.28298949074289,1.87650000000004));
#6400=CARTESIAN_POINT('Origin',(-2.82796049842147,3.93510784256383,1.20150000000004));
#6401=CARTESIAN_POINT('',(-2.32796049842147,3.93510784256383,1.87650000000004));
#6402=CARTESIAN_POINT($,(-2.32796049842147,3.93510784256383,1.20150000000004));
#6403=CARTESIAN_POINT($,(-3.38074758522482,3.93510784256383,1.87650000000004));
#6404=CARTESIAN_POINT('Origin',(-2.32796049842147,3.07796498542098,1.20150000000004));
#6405=CARTESIAN_POINT($,(-2.32796049842147,4.60441806217147,1.87650000000004));
#6406=CARTESIAN_POINT('Origin',(-3.93353467202818,6.13087113892196,1.87650000000004));
#6407=CARTESIAN_POINT('Origin',(-2.82796049842147,4.43510784256383,0.126500000000032));
#6408=CARTESIAN_POINT('',(-2.77796049842147,4.48510784256383,0.126500000000032));
#6409=CARTESIAN_POINT('',(-2.77796049842147,4.38510784256383,0.126500000000032));
#6410=CARTESIAN_POINT($,(-2.77796049842147,4.43510784256383,0.126500000000032));
#6411=CARTESIAN_POINT('',(-2.87796049842147,4.38510784256383,0.126500000000032));
#6412=CARTESIAN_POINT($,(-2.82796049842147,4.38510784256383,0.126500000000032));
#6413=CARTESIAN_POINT('',(-2.87796049842147,4.48510784256383,0.126500000000032));
#6414=CARTESIAN_POINT($,(-2.87796049842147,4.43510784256383,0.126500000000032));
#6415=CARTESIAN_POINT($,(-2.82796049842147,4.48510784256383,0.126500000000032));
#6416=CARTESIAN_POINT('Origin',(-2.82796049842147,4.43510784256383,0.226500000000033));
#6417=CARTESIAN_POINT('',(-2.77796049842147,4.38510784256383,0.226500000000033));
#6418=CARTESIAN_POINT('',(-2.77796049842147,4.48510784256383,0.226500000000033));
#6419=CARTESIAN_POINT($,(-2.77796049842147,4.43510784256383,0.226500000000033));
#6420=CARTESIAN_POINT('',(-2.87796049842147,4.48510784256383,0.226500000000033));
#6421=CARTESIAN_POINT($,(-2.82796049842147,4.48510784256383,0.226500000000033));
#6422=CARTESIAN_POINT('',(-2.87796049842147,4.38510784256383,0.226500000000033));
#6423=CARTESIAN_POINT($,(-2.87796049842147,4.43510784256383,0.226500000000033));
#6424=CARTESIAN_POINT($,(-2.82796049842147,4.38510784256383,0.226500000000033));
#6425=CARTESIAN_POINT('Origin',(-2.82796049842147,4.48510784256383,0.176500000000033));
#6426=CARTESIAN_POINT($,(-2.87796049842147,4.48510784256383,0.176500000000033));
#6427=CARTESIAN_POINT($,(-2.77796049842147,4.48510784256383,0.176500000000033));
#6428=CARTESIAN_POINT('Origin',(-2.87796049842147,4.43510784256383,0.176500000000033));
#6429=CARTESIAN_POINT($,(-2.87796049842147,4.38510784256383,0.176500000000033));
#6430=CARTESIAN_POINT('Origin',(-2.82796049842147,4.38510784256383,0.176500000000033));
#6431=CARTESIAN_POINT($,(-2.77796049842147,4.38510784256383,0.176500000000033));
#6432=CARTESIAN_POINT('Origin',(-2.77796049842147,4.43510784256383,0.176500000000033));
#6433=CARTESIAN_POINT('Origin',(-2.32796049842147,3.23510784256383,0.126500000000032));
#6434=CARTESIAN_POINT('',(-2.27796049842147,3.28510784256383,0.126500000000032));
#6435=CARTESIAN_POINT('',(-2.27796049842147,3.18510784256383,0.126500000000032));
#6436=CARTESIAN_POINT($,(-2.27796049842147,3.23510784256383,0.126500000000032));
#6437=CARTESIAN_POINT('',(-2.37796049842147,3.18510784256383,0.126500000000032));
#6438=CARTESIAN_POINT($,(-2.32796049842147,3.18510784256383,0.126500000000032));
#6439=CARTESIAN_POINT('',(-2.37796049842147,3.28510784256383,0.126500000000032));
#6440=CARTESIAN_POINT($,(-2.37796049842147,3.23510784256383,0.126500000000032));
#6441=CARTESIAN_POINT($,(-2.32796049842147,3.28510784256383,0.126500000000032));
#6442=CARTESIAN_POINT('Origin',(-2.32796049842147,3.23510784256383,0.226500000000033));
#6443=CARTESIAN_POINT('',(-2.27796049842147,3.18510784256383,0.226500000000033));
#6444=CARTESIAN_POINT('',(-2.27796049842147,3.28510784256383,0.226500000000033));
#6445=CARTESIAN_POINT($,(-2.27796049842147,3.23510784256383,0.226500000000033));
#6446=CARTESIAN_POINT('',(-2.37796049842147,3.28510784256383,0.226500000000033));
#6447=CARTESIAN_POINT($,(-2.32796049842147,3.28510784256383,0.226500000000033));
#6448=CARTESIAN_POINT('',(-2.37796049842147,3.18510784256383,0.226500000000033));
#6449=CARTESIAN_POINT($,(-2.37796049842147,3.23510784256383,0.226500000000033));
#6450=CARTESIAN_POINT($,(-2.32796049842147,3.18510784256383,0.226500000000033));
#6451=CARTESIAN_POINT('Origin',(-2.32796049842147,3.28510784256383,0.176500000000033));
#6452=CARTESIAN_POINT($,(-2.37796049842147,3.28510784256383,0.176500000000033));
#6453=CARTESIAN_POINT($,(-2.27796049842147,3.28510784256383,0.176500000000033));
#6454=CARTESIAN_POINT('Origin',(-2.37796049842147,3.23510784256383,0.176500000000033));
#6455=CARTESIAN_POINT($,(-2.37796049842147,3.18510784256383,0.176500000000033));
#6456=CARTESIAN_POINT('Origin',(-2.32796049842147,3.18510784256383,0.176500000000033));
#6457=CARTESIAN_POINT($,(-2.27796049842147,3.18510784256383,0.176500000000033));
#6458=CARTESIAN_POINT('Origin',(-2.27796049842147,3.23510784256383,0.176500000000033));
#6459=CARTESIAN_POINT('Origin',(-2.32796049842147,4.43510784256383,0.126500000000032));
#6460=CARTESIAN_POINT('',(-2.27796049842147,4.48510784256383,0.126500000000032));
#6461=CARTESIAN_POINT('',(-2.27796049842147,4.38510784256383,0.126500000000032));
#6462=CARTESIAN_POINT($,(-2.27796049842147,4.43510784256383,0.126500000000032));
#6463=CARTESIAN_POINT('',(-2.37796049842147,4.38510784256383,0.126500000000032));
#6464=CARTESIAN_POINT($,(-2.32796049842147,4.38510784256383,0.126500000000032));
#6465=CARTESIAN_POINT('',(-2.37796049842147,4.48510784256383,0.126500000000032));
#6466=CARTESIAN_POINT($,(-2.37796049842147,4.43510784256383,0.126500000000032));
#6467=CARTESIAN_POINT($,(-2.32796049842147,4.48510784256383,0.126500000000032));
#6468=CARTESIAN_POINT('Origin',(-2.32796049842147,4.43510784256383,0.226500000000033));
#6469=CARTESIAN_POINT('',(-2.27796049842147,4.38510784256383,0.226500000000033));
#6470=CARTESIAN_POINT('',(-2.27796049842147,4.48510784256383,0.226500000000033));
#6471=CARTESIAN_POINT($,(-2.27796049842147,4.43510784256383,0.226500000000033));
#6472=CARTESIAN_POINT('',(-2.37796049842147,4.48510784256383,0.226500000000033));
#6473=CARTESIAN_POINT($,(-2.32796049842147,4.48510784256383,0.226500000000033));
#6474=CARTESIAN_POINT('',(-2.37796049842147,4.38510784256383,0.226500000000033));
#6475=CARTESIAN_POINT($,(-2.37796049842147,4.43510784256383,0.226500000000033));
#6476=CARTESIAN_POINT($,(-2.32796049842147,4.38510784256383,0.226500000000033));
#6477=CARTESIAN_POINT('Origin',(-2.32796049842147,4.48510784256383,0.176500000000033));
#6478=CARTESIAN_POINT($,(-2.37796049842147,4.48510784256383,0.176500000000033));
#6479=CARTESIAN_POINT($,(-2.27796049842147,4.48510784256383,0.176500000000033));
#6480=CARTESIAN_POINT('Origin',(-2.37796049842147,4.43510784256383,0.176500000000033));
#6481=CARTESIAN_POINT($,(-2.37796049842147,4.38510784256383,0.176500000000033));
#6482=CARTESIAN_POINT('Origin',(-2.32796049842147,4.38510784256383,0.176500000000033));
#6483=CARTESIAN_POINT($,(-2.27796049842147,4.38510784256383,0.176500000000033));
#6484=CARTESIAN_POINT('Origin',(-2.27796049842147,4.43510784256383,0.176500000000033));
#6485=CARTESIAN_POINT('Origin',(-2.89046049842146,3.33510784256383,1.12950000000004));
#6486=CARTESIAN_POINT('',(-2.88546049842146,3.34510784256383,1.12950000000004));
#6487=CARTESIAN_POINT('Origin',(-2.88546049842146,3.33510784256383,1.12950000000004));
#6488=CARTESIAN_POINT('',(-2.89546049842146,3.34510784256383,1.12950000000004));
#6489=CARTESIAN_POINT('Origin',(-2.89546049842146,3.33510784256383,1.12950000000004));
#6490=CARTESIAN_POINT('Origin',(-2.88546049842146,3.33510784256383,1.12950000000004));
#6491=CARTESIAN_POINT('Origin',(-2.89546049842146,3.33510784256383,1.12950000000004));
#6492=CARTESIAN_POINT('Origin',(-2.57796049842147,2.78510784256383,0.701500000000033));
#6493=CARTESIAN_POINT('',(-2.42580179334335,2.66274474163487,0.701500000000033));
#6494=CARTESIAN_POINT('',(-2.43016489495267,2.91270666542397,0.701500000000033));
#6495=CARTESIAN_POINT($,(-2.42798334414801,2.78772570352942,0.701500000000033));
#6496=CARTESIAN_POINT('',(-2.73011920349958,2.90747094349278,0.701500000000033));
#6497=CARTESIAN_POINT($,(-2.58014204922613,2.91008880445838,0.701500000000033));
#6498=CARTESIAN_POINT('',(-2.72575610189026,2.65750901970369,0.701500000000033));
#6499=CARTESIAN_POINT($,(-2.72793765269492,2.78248998159824,0.701500000000033));
#6500=CARTESIAN_POINT($,(-2.57577894761681,2.66012688066928,0.701500000000033));
#6501=CARTESIAN_POINT('Origin',(-2.57796049842147,2.78510784256383,0.626500000000032));
#6502=CARTESIAN_POINT('',(-2.43016489495267,2.91270666542397,0.626500000000032));
#6503=CARTESIAN_POINT('',(-2.42580179334335,2.66274474163487,0.626500000000032));
#6504=CARTESIAN_POINT($,(-2.42798334414801,2.78772570352942,0.626500000000032));
#6505=CARTESIAN_POINT('',(-2.72575610189026,2.65750901970369,0.626500000000032));
#6506=CARTESIAN_POINT($,(-2.57577894761681,2.66012688066928,0.626500000000032));
#6507=CARTESIAN_POINT('',(-2.73011920349958,2.90747094349278,0.626500000000032));
#6508=CARTESIAN_POINT($,(-2.72793765269492,2.78248998159824,0.626500000000032));
#6509=CARTESIAN_POINT($,(-2.58014204922613,2.91008880445838,0.626500000000032));
#6510=CARTESIAN_POINT('Origin',(-2.57577894761681,2.66012688066928,0.664000000000033));
#6511=CARTESIAN_POINT($,(-2.72575610189026,2.65750901970369,0.664000000000033));
#6512=CARTESIAN_POINT($,(-2.42580179334335,2.66274474163487,0.664000000000033));
#6513=CARTESIAN_POINT('Origin',(-2.72793765269492,2.78248998159824,0.664000000000033));
#6514=CARTESIAN_POINT($,(-2.73011920349958,2.90747094349278,0.664000000000033));
#6515=CARTESIAN_POINT('Origin',(-2.58014204922613,2.91008880445838,0.664000000000033));
#6516=CARTESIAN_POINT($,(-2.43016489495267,2.91270666542397,0.664000000000033));
#6517=CARTESIAN_POINT('Origin',(-2.42798334414801,2.78772570352942,0.664000000000033));
#6518=CARTESIAN_POINT('Origin',(-2.5237929763795,2.98965589479662,0.626500000000033));
#6519=CARTESIAN_POINT('',(-2.38525823950919,3.12725359347024,0.626500000000033));
#6520=CARTESIAN_POINT('',(-2.37218487809704,2.97782438875648,0.626500000000033));
#6521=CARTESIAN_POINT($,(-2.37436377166573,3.00272925620877,0.626500000000033));
#6522=CARTESIAN_POINT('',(-2.77066275733374,2.94296209165742,0.626500000000033));
#6523=CARTESIAN_POINT($,(-2.5216140828108,2.96475102734433,0.626500000000033));
#6524=CARTESIAN_POINT('',(-2.78373611874589,3.09239129637118,0.626500000000033));
#6525=CARTESIAN_POINT($,(-2.77284165090243,2.96786695910971,0.626500000000033));
#6526=CARTESIAN_POINT($,(-2.53468744422295,3.11418023205809,0.626500000000033));
#6527=CARTESIAN_POINT('Origin',(-2.5237929763795,2.98965589479662,0.701500000000033));
#6528=CARTESIAN_POINT('',(-2.37218487809704,2.97782438875648,0.701500000000033));
#6529=CARTESIAN_POINT('',(-2.38525823950919,3.12725359347024,0.701500000000033));
#6530=CARTESIAN_POINT($,(-2.37436377166573,3.00272925620877,0.701500000000033));
#6531=CARTESIAN_POINT('',(-2.78373611874589,3.09239129637118,0.701500000000033));
#6532=CARTESIAN_POINT($,(-2.53468744422295,3.11418023205809,0.701500000000033));
#6533=CARTESIAN_POINT('',(-2.77066275733374,2.94296209165742,0.701500000000033));
#6534=CARTESIAN_POINT($,(-2.77284165090243,2.96786695910971,0.701500000000033));
#6535=CARTESIAN_POINT($,(-2.5216140828108,2.96475102734433,0.701500000000033));
#6536=CARTESIAN_POINT('Origin',(-2.53468744422295,3.11418023205809,0.664000000000033));
#6537=CARTESIAN_POINT($,(-2.78373611874589,3.09239129637118,0.664000000000033));
#6538=CARTESIAN_POINT($,(-2.38525823950919,3.12725359347024,0.664000000000033));
#6539=CARTESIAN_POINT('Origin',(-2.77284165090243,2.96786695910971,0.664000000000033));
#6540=CARTESIAN_POINT($,(-2.77066275733374,2.94296209165742,0.664000000000033));
#6541=CARTESIAN_POINT('Origin',(-2.5216140828108,2.96475102734433,0.664000000000033));
#6542=CARTESIAN_POINT($,(-2.37218487809704,2.97782438875648,0.664000000000033));
#6543=CARTESIAN_POINT('Origin',(-2.37436377166573,3.00272925620877,0.664000000000033));
#6544=CARTESIAN_POINT('Origin',(-2.89046049842146,3.33510784256383,1.05150000000004));
#6545=CARTESIAN_POINT('',(-2.88546049842146,3.34510784256383,1.05150000000004));
#6546=CARTESIAN_POINT('Origin',(-2.88546049842146,3.33510784256383,1.05150000000004));
#6547=CARTESIAN_POINT('',(-2.89546049842146,3.34510784256383,1.05150000000004));
#6548=CARTESIAN_POINT('Origin',(-2.89546049842146,3.33510784256383,1.05150000000004));
#6549=CARTESIAN_POINT('Origin',(-2.88546049842146,3.33510784256383,1.05150000000004));
#6550=CARTESIAN_POINT('Origin',(-2.89546049842146,3.33510784256383,1.05150000000004));
#6551=CARTESIAN_POINT('Origin',(-3.01418514099034,6.5667695959751,0.276500000000038));
#6552=CARTESIAN_POINT('',(-2.80546049842147,3.80010784256383,0.276500000000038));
#6553=CARTESIAN_POINT('',(-2.80546049842147,3.17010784256383,0.276500000000038));
#6554=CARTESIAN_POINT($,(-2.80546049842147,4.43010784256383,0.276500000000038));
#6555=CARTESIAN_POINT('',(-2.87046049842147,3.17010784256383,0.276500000000038));
#6556=CARTESIAN_POINT($,(-2.9423228197059,3.17010784256383,0.276500000000038));
#6557=CARTESIAN_POINT('',(-2.87046049842147,3.80010784256383,0.276500000000038));
#6558=CARTESIAN_POINT($,(-2.87046049842147,2.72010784256383,0.276500000000038));
#6559=CARTESIAN_POINT($,(-2.9098228197059,3.80010784256383,0.276500000000038));
#6560=CARTESIAN_POINT('Origin',(-3.01418514099034,6.5667695959751,2.17650000000003));
#6561=CARTESIAN_POINT('',(-2.80546049842147,3.17010784256383,2.17650000000003));
#6562=CARTESIAN_POINT('',(-2.80546049842147,3.80010784256383,2.17650000000003));
#6563=CARTESIAN_POINT($,(-2.80546049842147,4.64343871926946,2.17650000000003));
#6564=CARTESIAN_POINT('',(-2.87046049842147,3.80010784256383,2.17650000000003));
#6565=CARTESIAN_POINT($,(-2.9098228197059,3.80010784256383,2.17650000000003));
#6566=CARTESIAN_POINT('',(-2.87046049842147,3.17010784256383,2.17650000000003));
#6567=CARTESIAN_POINT($,(-2.87046049842147,5.49843871926946,2.17650000000003));
#6568=CARTESIAN_POINT($,(-2.9423228197059,3.17010784256383,2.17650000000003));
#6569=CARTESIAN_POINT('Origin',(-2.80546049842147,2.72010784256383,0.276500000000038));
#6570=CARTESIAN_POINT($,(-2.80546049842147,3.80010784256383,0.276500000000038));
#6571=CARTESIAN_POINT($,(-2.80546049842147,3.17010784256383,0.276500000000038));
#6572=CARTESIAN_POINT('Origin',(-2.80546049842147,3.80010784256383,0.276500000000038));
#6573=CARTESIAN_POINT($,(-2.87046049842146,3.80010784256383,0.751500000000037));
#6574=CARTESIAN_POINT('Origin',(-2.87046049842147,4.43010784256383,0.276500000000038));
#6575=CARTESIAN_POINT($,(-2.87046049842147,3.17010784256383,0.751500000000037));
#6576=CARTESIAN_POINT('Origin',(-2.87046049842147,3.17010784256383,0.276500000000038));
#6577=CARTESIAN_POINT('Origin',(-2.8678404727867,3.75510784256383,2.05150000000004));
#6578=CARTESIAN_POINT('',(-2.8678404727867,3.78912784256383,2.10820000000004));
#6579=CARTESIAN_POINT('',(-2.8678404727867,3.72108784256383,2.10820000000004));
#6580=CARTESIAN_POINT($,(-2.8678404727867,3.75510784256383,2.10820000000004));
#6581=CARTESIAN_POINT('',(-2.8678404727867,3.72108784256383,1.99480000000004));
#6582=CARTESIAN_POINT($,(-2.8678404727867,3.72108784256383,2.05150000000004));
#6583=CARTESIAN_POINT('',(-2.8678404727867,3.78912784256383,1.99480000000004));
#6584=CARTESIAN_POINT($,(-2.8678404727867,3.75510784256383,1.99480000000004));
#6585=CARTESIAN_POINT($,(-2.8678404727867,3.78912784256383,2.05150000000004));
#6586=CARTESIAN_POINT('Origin',(-2.90718065223006,3.75510784256383,2.05150000000004));
#6587=CARTESIAN_POINT('',(-2.90718065223006,3.76210784256383,2.01650000000004));
#6588=CARTESIAN_POINT('',(-2.90718065223006,3.76210784256383,2.08650000000004));
#6589=CARTESIAN_POINT($,(-2.90718065223006,3.76210784256383,2.05150000000004));
#6590=CARTESIAN_POINT('',(-2.90718065223006,3.74810784256383,2.08650000000004));
#6591=CARTESIAN_POINT($,(-2.90718065223006,3.75510784256383,2.08650000000004));
#6592=CARTESIAN_POINT('',(-2.90718065223006,3.74810784256383,2.01650000000004));
#6593=CARTESIAN_POINT($,(-2.90718065223006,3.74810784256383,2.05150000000004));
#6594=CARTESIAN_POINT($,(-2.90718065223006,3.75510784256383,2.01650000000004));
#6595=CARTESIAN_POINT('Origin',(-2.90018065223006,3.75510784256383,2.08650000000004));
#6596=CARTESIAN_POINT('',(-2.87918065223006,3.76210784256383,2.08650000000004));
#6597=CARTESIAN_POINT($,(-2.90018065223006,3.76210784256383,2.08650000000004));
#6598=CARTESIAN_POINT('',(-2.87918065223006,3.74810784256383,2.08650000000004));
#6599=CARTESIAN_POINT($,(-2.8791804727867,3.75510784256383,2.08650000000004));
#6600=CARTESIAN_POINT($,(-2.90018065223006,3.74810784256383,2.08650000000004));
#6601=CARTESIAN_POINT('Origin',(-2.90018065223006,3.75510784256383,2.10050000000004));
#6602=CARTESIAN_POINT('',(-2.92118065223006,3.74810784256383,2.10050000000004));
#6603=CARTESIAN_POINT('',(-2.87918065223006,3.74810784256383,2.10050000000004));
#6604=CARTESIAN_POINT($,(-2.90018065223006,3.74810784256383,2.10050000000004));
#6605=CARTESIAN_POINT('',(-2.87918065223006,3.76210784256383,2.10050000000004));
#6606=CARTESIAN_POINT($,(-2.8791804727867,3.75510784256383,2.10050000000004));
#6607=CARTESIAN_POINT('',(-2.92118065223006,3.76210784256383,2.10050000000004));
#6608=CARTESIAN_POINT($,(-2.90018065223006,3.76210784256383,2.10050000000004));
#6609=CARTESIAN_POINT($,(-2.92118065223006,3.75510784256383,2.10050000000004));
#6610=CARTESIAN_POINT('Origin',(-2.92118065223006,3.75510784256383,2.00950000000004));
#6611=CARTESIAN_POINT('',(-2.92118065223006,3.76210784256383,2.00250000000004));
#6612=CARTESIAN_POINT($,(-2.92118065223006,3.76210784256383,2.00950000000004));
#6613=CARTESIAN_POINT('',(-2.92118065223006,3.74810784256383,2.00250000000004));
#6614=CARTESIAN_POINT($,(-2.92118065223006,3.75510784256383,2.00250000000004));
#6615=CARTESIAN_POINT($,(-2.92118065223006,3.74810784256383,2.09350000000004));
#6616=CARTESIAN_POINT('Origin',(-2.90018065223006,3.74810784256383,2.00950000000004));
#6617=CARTESIAN_POINT('',(-2.87918065223006,3.74810784256383,2.00250000000004));
#6618=CARTESIAN_POINT($,(-2.90018065223006,3.74810784256383,2.00250000000004));
#6619=CARTESIAN_POINT('',(-2.87918065223006,3.74810784256383,2.01650000000004));
#6620=CARTESIAN_POINT($,(-2.8791804727867,3.74810784256383,2.03050000000004));
#6621=CARTESIAN_POINT($,(-2.90018065223006,3.74810784256383,2.01650000000004));
#6622=CARTESIAN_POINT($,(-2.8791804727867,3.74810784256383,2.07250000000004));
#6623=CARTESIAN_POINT('Origin',(-2.90018065223006,3.75510784256383,2.00250000000004));
#6624=CARTESIAN_POINT('',(-2.87918065223006,3.76210784256383,2.00250000000004));
#6625=CARTESIAN_POINT($,(-2.90018065223006,3.76210784256383,2.00250000000004));
#6626=CARTESIAN_POINT($,(-2.8791804727867,3.75510784256383,2.00250000000004));
#6627=CARTESIAN_POINT('Origin',(-2.90018065223006,3.76210784256383,2.00950000000004));
#6628=CARTESIAN_POINT('',(-2.87918065223006,3.76210784256383,2.01650000000004));
#6629=CARTESIAN_POINT($,(-2.90018065223006,3.76210784256383,2.01650000000004));
#6630=CARTESIAN_POINT($,(-2.8791804727867,3.76210784256383,2.03050000000004));
#6631=CARTESIAN_POINT($,(-2.8791804727867,3.76210784256383,2.07250000000004));
#6632=CARTESIAN_POINT('Origin',(-2.90018065223006,3.75510784256383,2.01650000000004));
#6633=CARTESIAN_POINT($,(-2.8791804727867,3.75510784256383,2.01650000000004));
#6634=CARTESIAN_POINT('Origin',(-2.8791804727867,3.75510784256383,2.05150000000004));
#6635=CARTESIAN_POINT('',(-2.8791804727867,3.72108784256383,1.99480000000004));
#6636=CARTESIAN_POINT('',(-2.8791804727867,3.72108784256383,2.10820000000004));
#6637=CARTESIAN_POINT($,(-2.8791804727867,3.72108784256383,2.05150000000004));
#6638=CARTESIAN_POINT('',(-2.8791804727867,3.78912784256383,2.10820000000004));
#6639=CARTESIAN_POINT($,(-2.8791804727867,3.75510784256383,2.10820000000004));
#6640=CARTESIAN_POINT('',(-2.8791804727867,3.78912784256383,1.99480000000004));
#6641=CARTESIAN_POINT($,(-2.8791804727867,3.78912784256383,2.05150000000004));
#6642=CARTESIAN_POINT($,(-2.8791804727867,3.75510784256383,1.99480000000004));
#6643=CARTESIAN_POINT('Origin',(-2.8735104727867,3.75510784256383,2.10820000000004));
#6644=CARTESIAN_POINT($,(-2.8735104727867,3.78912784256383,2.10820000000004));
#6645=CARTESIAN_POINT($,(-2.8735104727867,3.72108784256383,2.10820000000004));
#6646=CARTESIAN_POINT('Origin',(-2.8735104727867,3.78912784256383,2.05150000000004));
#6647=CARTESIAN_POINT($,(-2.8735104727867,3.78912784256383,1.99480000000004));
#6648=CARTESIAN_POINT('Origin',(-2.8735104727867,3.75510784256383,1.99480000000004));
#6649=CARTESIAN_POINT($,(-2.8735104727867,3.72108784256383,1.99480000000004));
#6650=CARTESIAN_POINT('Origin',(-2.8735104727867,3.72108784256383,2.05150000000004));
#6651=CARTESIAN_POINT('Origin',(-2.8678404727867,3.21510784256383,2.05150000000004));
#6652=CARTESIAN_POINT('',(-2.8678404727867,3.24912784256383,2.10820000000004));
#6653=CARTESIAN_POINT('',(-2.8678404727867,3.18108784256383,2.10820000000004));
#6654=CARTESIAN_POINT($,(-2.8678404727867,3.21510784256383,2.10820000000004));
#6655=CARTESIAN_POINT('',(-2.8678404727867,3.18108784256383,1.99480000000004));
#6656=CARTESIAN_POINT($,(-2.8678404727867,3.18108784256383,2.05150000000004));
#6657=CARTESIAN_POINT('',(-2.8678404727867,3.24912784256383,1.99480000000004));
#6658=CARTESIAN_POINT($,(-2.8678404727867,3.21510784256383,1.99480000000004));
#6659=CARTESIAN_POINT($,(-2.8678404727867,3.24912784256383,2.05150000000004));
#6660=CARTESIAN_POINT('Origin',(-2.90718065223006,3.21510784256383,2.05150000000004));
#6661=CARTESIAN_POINT('',(-2.90718065223006,3.22210784256383,2.01650000000004));
#6662=CARTESIAN_POINT('',(-2.90718065223006,3.22210784256383,2.08650000000004));
#6663=CARTESIAN_POINT($,(-2.90718065223006,3.22210784256383,2.05150000000004));
#6664=CARTESIAN_POINT('',(-2.90718065223006,3.20810784256383,2.08650000000004));
#6665=CARTESIAN_POINT($,(-2.90718065223006,3.21510784256383,2.08650000000004));
#6666=CARTESIAN_POINT('',(-2.90718065223006,3.20810784256383,2.01650000000004));
#6667=CARTESIAN_POINT($,(-2.90718065223006,3.20810784256383,2.05150000000004));
#6668=CARTESIAN_POINT($,(-2.90718065223006,3.21510784256383,2.01650000000004));
#6669=CARTESIAN_POINT('Origin',(-2.90018065223006,3.21510784256383,2.08650000000004));
#6670=CARTESIAN_POINT('',(-2.87918065223006,3.22210784256383,2.08650000000004));
#6671=CARTESIAN_POINT($,(-2.90018065223006,3.22210784256383,2.08650000000004));
#6672=CARTESIAN_POINT('',(-2.87918065223006,3.20810784256383,2.08650000000004));
#6673=CARTESIAN_POINT($,(-2.8791804727867,3.21510784256383,2.08650000000004));
#6674=CARTESIAN_POINT($,(-2.90018065223006,3.20810784256383,2.08650000000004));
#6675=CARTESIAN_POINT('Origin',(-2.90018065223006,3.21510784256383,2.10050000000004));
#6676=CARTESIAN_POINT('',(-2.92118065223006,3.20810784256383,2.10050000000004));
#6677=CARTESIAN_POINT('',(-2.87918065223006,3.20810784256383,2.10050000000004));
#6678=CARTESIAN_POINT($,(-2.90018065223006,3.20810784256383,2.10050000000004));
#6679=CARTESIAN_POINT('',(-2.87918065223006,3.22210784256383,2.10050000000004));
#6680=CARTESIAN_POINT($,(-2.8791804727867,3.21510784256383,2.10050000000004));
#6681=CARTESIAN_POINT('',(-2.92118065223006,3.22210784256383,2.10050000000004));
#6682=CARTESIAN_POINT($,(-2.90018065223006,3.22210784256383,2.10050000000004));
#6683=CARTESIAN_POINT($,(-2.92118065223006,3.21510784256383,2.10050000000004));
#6684=CARTESIAN_POINT('Origin',(-2.92118065223006,3.21510784256383,2.00950000000004));
#6685=CARTESIAN_POINT('',(-2.92118065223006,3.22210784256383,2.00250000000004));
#6686=CARTESIAN_POINT($,(-2.92118065223006,3.22210784256383,2.00950000000004));
#6687=CARTESIAN_POINT('',(-2.92118065223006,3.20810784256383,2.00250000000004));
#6688=CARTESIAN_POINT($,(-2.92118065223006,3.21510784256383,2.00250000000004));
#6689=CARTESIAN_POINT($,(-2.92118065223006,3.20810784256383,2.09350000000004));
#6690=CARTESIAN_POINT('Origin',(-2.90018065223006,3.20810784256383,2.00950000000004));
#6691=CARTESIAN_POINT('',(-2.87918065223006,3.20810784256383,2.00250000000004));
#6692=CARTESIAN_POINT($,(-2.90018065223006,3.20810784256383,2.00250000000004));
#6693=CARTESIAN_POINT('',(-2.87918065223006,3.20810784256383,2.01650000000004));
#6694=CARTESIAN_POINT($,(-2.8791804727867,3.20810784256383,2.03050000000004));
#6695=CARTESIAN_POINT($,(-2.90018065223006,3.20810784256383,2.01650000000004));
#6696=CARTESIAN_POINT($,(-2.8791804727867,3.20810784256383,2.07250000000004));
#6697=CARTESIAN_POINT('Origin',(-2.90018065223006,3.21510784256383,2.00250000000004));
#6698=CARTESIAN_POINT('',(-2.87918065223006,3.22210784256383,2.00250000000004));
#6699=CARTESIAN_POINT($,(-2.90018065223006,3.22210784256383,2.00250000000004));
#6700=CARTESIAN_POINT($,(-2.8791804727867,3.21510784256383,2.00250000000004));
#6701=CARTESIAN_POINT('Origin',(-2.90018065223006,3.22210784256383,2.00950000000004));
#6702=CARTESIAN_POINT('',(-2.87918065223006,3.22210784256383,2.01650000000004));
#6703=CARTESIAN_POINT($,(-2.90018065223006,3.22210784256383,2.01650000000004));
#6704=CARTESIAN_POINT($,(-2.8791804727867,3.22210784256383,2.03050000000004));
#6705=CARTESIAN_POINT($,(-2.8791804727867,3.22210784256383,2.07250000000004));
#6706=CARTESIAN_POINT('Origin',(-2.90018065223006,3.21510784256383,2.01650000000004));
#6707=CARTESIAN_POINT($,(-2.8791804727867,3.21510784256383,2.01650000000004));
#6708=CARTESIAN_POINT('Origin',(-2.8791804727867,3.21510784256383,2.05150000000004));
#6709=CARTESIAN_POINT('',(-2.8791804727867,3.18108784256383,1.99480000000004));
#6710=CARTESIAN_POINT('',(-2.8791804727867,3.18108784256383,2.10820000000004));
#6711=CARTESIAN_POINT($,(-2.8791804727867,3.18108784256383,2.05150000000004));
#6712=CARTESIAN_POINT('',(-2.8791804727867,3.24912784256383,2.10820000000004));
#6713=CARTESIAN_POINT($,(-2.8791804727867,3.21510784256383,2.10820000000004));
#6714=CARTESIAN_POINT('',(-2.8791804727867,3.24912784256383,1.99480000000004));
#6715=CARTESIAN_POINT($,(-2.8791804727867,3.24912784256383,2.05150000000004));
#6716=CARTESIAN_POINT($,(-2.8791804727867,3.21510784256383,1.99480000000004));
#6717=CARTESIAN_POINT('Origin',(-2.8735104727867,3.21510784256383,2.10820000000004));
#6718=CARTESIAN_POINT($,(-2.8735104727867,3.24912784256383,2.10820000000004));
#6719=CARTESIAN_POINT($,(-2.8735104727867,3.18108784256383,2.10820000000004));
#6720=CARTESIAN_POINT('Origin',(-2.8735104727867,3.24912784256383,2.05150000000004));
#6721=CARTESIAN_POINT($,(-2.8735104727867,3.24912784256383,1.99480000000004));
#6722=CARTESIAN_POINT('Origin',(-2.8735104727867,3.21510784256383,1.99480000000004));
#6723=CARTESIAN_POINT($,(-2.8735104727867,3.18108784256383,1.99480000000004));
#6724=CARTESIAN_POINT('Origin',(-2.8735104727867,3.18108784256383,2.05150000000004));
#6725=CARTESIAN_POINT('Origin',(-2.8678404727867,3.21510784256383,1.47150000000004));
#6726=CARTESIAN_POINT('',(-2.8678404727867,3.24912784256383,1.52820000000004));
#6727=CARTESIAN_POINT('',(-2.8678404727867,3.18108784256383,1.52820000000004));
#6728=CARTESIAN_POINT($,(-2.8678404727867,3.21510784256383,1.52820000000004));
#6729=CARTESIAN_POINT('',(-2.8678404727867,3.18108784256383,1.41480000000004));
#6730=CARTESIAN_POINT($,(-2.8678404727867,3.18108784256383,1.47150000000004));
#6731=CARTESIAN_POINT('',(-2.8678404727867,3.24912784256383,1.41480000000004));
#6732=CARTESIAN_POINT($,(-2.8678404727867,3.21510784256383,1.41480000000004));
#6733=CARTESIAN_POINT($,(-2.8678404727867,3.24912784256383,1.47150000000004));
#6734=CARTESIAN_POINT('Origin',(-2.90718065223006,3.21510784256383,1.47150000000004));
#6735=CARTESIAN_POINT('',(-2.90718065223006,3.22210784256383,1.43650000000004));
#6736=CARTESIAN_POINT('',(-2.90718065223006,3.22210784256383,1.50650000000004));
#6737=CARTESIAN_POINT($,(-2.90718065223006,3.22210784256383,1.47150000000004));
#6738=CARTESIAN_POINT('',(-2.90718065223006,3.20810784256383,1.50650000000004));
#6739=CARTESIAN_POINT($,(-2.90718065223006,3.21510784256383,1.50650000000004));
#6740=CARTESIAN_POINT('',(-2.90718065223006,3.20810784256383,1.43650000000004));
#6741=CARTESIAN_POINT($,(-2.90718065223006,3.20810784256383,1.47150000000004));
#6742=CARTESIAN_POINT($,(-2.90718065223006,3.21510784256383,1.43650000000004));
#6743=CARTESIAN_POINT('Origin',(-2.90018065223006,3.21510784256383,1.50650000000004));
#6744=CARTESIAN_POINT('',(-2.87918065223006,3.22210784256383,1.50650000000004));
#6745=CARTESIAN_POINT($,(-2.90018065223006,3.22210784256383,1.50650000000004));
#6746=CARTESIAN_POINT('',(-2.87918065223006,3.20810784256383,1.50650000000004));
#6747=CARTESIAN_POINT($,(-2.8791804727867,3.21510784256383,1.50650000000004));
#6748=CARTESIAN_POINT($,(-2.90018065223006,3.20810784256383,1.50650000000004));
#6749=CARTESIAN_POINT('Origin',(-2.90018065223006,3.21510784256383,1.52050000000004));
#6750=CARTESIAN_POINT('',(-2.92118065223006,3.20810784256383,1.52050000000004));
#6751=CARTESIAN_POINT('',(-2.87918065223006,3.20810784256383,1.52050000000004));
#6752=CARTESIAN_POINT($,(-2.90018065223006,3.20810784256383,1.52050000000004));
#6753=CARTESIAN_POINT('',(-2.87918065223006,3.22210784256383,1.52050000000004));
#6754=CARTESIAN_POINT($,(-2.8791804727867,3.21510784256383,1.52050000000004));
#6755=CARTESIAN_POINT('',(-2.92118065223006,3.22210784256383,1.52050000000004));
#6756=CARTESIAN_POINT($,(-2.90018065223006,3.22210784256383,1.52050000000004));
#6757=CARTESIAN_POINT($,(-2.92118065223006,3.21510784256383,1.52050000000004));
#6758=CARTESIAN_POINT('Origin',(-2.92118065223006,3.21510784256383,1.42950000000004));
#6759=CARTESIAN_POINT('',(-2.92118065223006,3.22210784256383,1.42250000000004));
#6760=CARTESIAN_POINT($,(-2.92118065223006,3.22210784256383,1.42950000000004));
#6761=CARTESIAN_POINT('',(-2.92118065223006,3.20810784256383,1.42250000000004));
#6762=CARTESIAN_POINT($,(-2.92118065223006,3.21510784256383,1.42250000000004));
#6763=CARTESIAN_POINT($,(-2.92118065223006,3.20810784256383,1.51350000000004));
#6764=CARTESIAN_POINT('Origin',(-2.90018065223006,3.20810784256383,1.42950000000004));
#6765=CARTESIAN_POINT('',(-2.87918065223006,3.20810784256383,1.42250000000004));
#6766=CARTESIAN_POINT($,(-2.90018065223006,3.20810784256383,1.42250000000004));
#6767=CARTESIAN_POINT('',(-2.87918065223006,3.20810784256383,1.43650000000004));
#6768=CARTESIAN_POINT($,(-2.8791804727867,3.20810784256383,1.45050000000004));
#6769=CARTESIAN_POINT($,(-2.90018065223006,3.20810784256383,1.43650000000004));
#6770=CARTESIAN_POINT($,(-2.8791804727867,3.20810784256383,1.49250000000004));
#6771=CARTESIAN_POINT('Origin',(-2.90018065223006,3.21510784256383,1.42250000000004));
#6772=CARTESIAN_POINT('',(-2.87918065223006,3.22210784256383,1.42250000000004));
#6773=CARTESIAN_POINT($,(-2.90018065223006,3.22210784256383,1.42250000000004));
#6774=CARTESIAN_POINT($,(-2.8791804727867,3.21510784256383,1.42250000000004));
#6775=CARTESIAN_POINT('Origin',(-2.90018065223006,3.22210784256383,1.42950000000004));
#6776=CARTESIAN_POINT('',(-2.87918065223006,3.22210784256383,1.43650000000004));
#6777=CARTESIAN_POINT($,(-2.90018065223006,3.22210784256383,1.43650000000004));
#6778=CARTESIAN_POINT($,(-2.8791804727867,3.22210784256383,1.45050000000004));
#6779=CARTESIAN_POINT($,(-2.8791804727867,3.22210784256383,1.49250000000004));
#6780=CARTESIAN_POINT('Origin',(-2.90018065223006,3.21510784256383,1.43650000000004));
#6781=CARTESIAN_POINT($,(-2.8791804727867,3.21510784256383,1.43650000000004));
#6782=CARTESIAN_POINT('Origin',(-2.8791804727867,3.21510784256383,1.47150000000004));
#6783=CARTESIAN_POINT('',(-2.8791804727867,3.18108784256383,1.41480000000004));
#6784=CARTESIAN_POINT('',(-2.8791804727867,3.18108784256383,1.52820000000004));
#6785=CARTESIAN_POINT($,(-2.8791804727867,3.18108784256383,1.47150000000004));
#6786=CARTESIAN_POINT('',(-2.8791804727867,3.24912784256383,1.52820000000004));
#6787=CARTESIAN_POINT($,(-2.8791804727867,3.21510784256383,1.52820000000004));
#6788=CARTESIAN_POINT('',(-2.8791804727867,3.24912784256383,1.41480000000004));
#6789=CARTESIAN_POINT($,(-2.8791804727867,3.24912784256383,1.47150000000004));
#6790=CARTESIAN_POINT($,(-2.8791804727867,3.21510784256383,1.41480000000004));
#6791=CARTESIAN_POINT('Origin',(-2.8735104727867,3.21510784256383,1.52820000000004));
#6792=CARTESIAN_POINT($,(-2.8735104727867,3.24912784256383,1.52820000000004));
#6793=CARTESIAN_POINT($,(-2.8735104727867,3.18108784256383,1.52820000000004));
#6794=CARTESIAN_POINT('Origin',(-2.8735104727867,3.24912784256383,1.47150000000004));
#6795=CARTESIAN_POINT($,(-2.8735104727867,3.24912784256383,1.41480000000004));
#6796=CARTESIAN_POINT('Origin',(-2.8735104727867,3.21510784256383,1.41480000000004));
#6797=CARTESIAN_POINT($,(-2.8735104727867,3.18108784256383,1.41480000000004));
#6798=CARTESIAN_POINT('Origin',(-2.8735104727867,3.18108784256383,1.47150000000004));
#6799=CARTESIAN_POINT('Origin',(-2.8678404727867,3.75510784256383,1.47150000000004));
#6800=CARTESIAN_POINT('',(-2.8678404727867,3.78912784256383,1.52820000000004));
#6801=CARTESIAN_POINT('',(-2.8678404727867,3.72108784256383,1.52820000000004));
#6802=CARTESIAN_POINT($,(-2.8678404727867,3.75510784256383,1.52820000000004));
#6803=CARTESIAN_POINT('',(-2.8678404727867,3.72108784256383,1.41480000000004));
#6804=CARTESIAN_POINT($,(-2.8678404727867,3.72108784256383,1.47150000000004));
#6805=CARTESIAN_POINT('',(-2.8678404727867,3.78912784256383,1.41480000000004));
#6806=CARTESIAN_POINT($,(-2.8678404727867,3.75510784256383,1.41480000000004));
#6807=CARTESIAN_POINT($,(-2.8678404727867,3.78912784256383,1.47150000000004));
#6808=CARTESIAN_POINT('Origin',(-2.90718065223006,3.75510784256383,1.47150000000004));
#6809=CARTESIAN_POINT('',(-2.90718065223006,3.76210784256383,1.43650000000004));
#6810=CARTESIAN_POINT('',(-2.90718065223006,3.76210784256383,1.50650000000004));
#6811=CARTESIAN_POINT($,(-2.90718065223006,3.76210784256383,1.47150000000004));
#6812=CARTESIAN_POINT('',(-2.90718065223006,3.74810784256383,1.50650000000004));
#6813=CARTESIAN_POINT($,(-2.90718065223006,3.75510784256383,1.50650000000004));
#6814=CARTESIAN_POINT('',(-2.90718065223006,3.74810784256383,1.43650000000004));
#6815=CARTESIAN_POINT($,(-2.90718065223006,3.74810784256383,1.47150000000004));
#6816=CARTESIAN_POINT($,(-2.90718065223006,3.75510784256383,1.43650000000004));
#6817=CARTESIAN_POINT('Origin',(-2.90018065223006,3.75510784256383,1.50650000000004));
#6818=CARTESIAN_POINT('',(-2.87918065223006,3.76210784256383,1.50650000000004));
#6819=CARTESIAN_POINT($,(-2.90018065223006,3.76210784256383,1.50650000000004));
#6820=CARTESIAN_POINT('',(-2.87918065223006,3.74810784256383,1.50650000000004));
#6821=CARTESIAN_POINT($,(-2.8791804727867,3.75510784256383,1.50650000000004));
#6822=CARTESIAN_POINT($,(-2.90018065223006,3.74810784256383,1.50650000000004));
#6823=CARTESIAN_POINT('Origin',(-2.90018065223006,3.75510784256383,1.52050000000004));
#6824=CARTESIAN_POINT('',(-2.92118065223006,3.74810784256383,1.52050000000004));
#6825=CARTESIAN_POINT('',(-2.87918065223006,3.74810784256383,1.52050000000004));
#6826=CARTESIAN_POINT($,(-2.90018065223006,3.74810784256383,1.52050000000004));
#6827=CARTESIAN_POINT('',(-2.87918065223006,3.76210784256383,1.52050000000004));
#6828=CARTESIAN_POINT($,(-2.8791804727867,3.75510784256383,1.52050000000004));
#6829=CARTESIAN_POINT('',(-2.92118065223006,3.76210784256383,1.52050000000004));
#6830=CARTESIAN_POINT($,(-2.90018065223006,3.76210784256383,1.52050000000004));
#6831=CARTESIAN_POINT($,(-2.92118065223006,3.75510784256383,1.52050000000004));
#6832=CARTESIAN_POINT('Origin',(-2.92118065223006,3.75510784256383,1.42950000000004));
#6833=CARTESIAN_POINT('',(-2.92118065223006,3.76210784256383,1.42250000000004));
#6834=CARTESIAN_POINT($,(-2.92118065223006,3.76210784256383,1.42950000000004));
#6835=CARTESIAN_POINT('',(-2.92118065223006,3.74810784256383,1.42250000000004));
#6836=CARTESIAN_POINT($,(-2.92118065223006,3.75510784256383,1.42250000000004));
#6837=CARTESIAN_POINT($,(-2.92118065223006,3.74810784256383,1.51350000000004));
#6838=CARTESIAN_POINT('Origin',(-2.90018065223006,3.74810784256383,1.42950000000004));
#6839=CARTESIAN_POINT('',(-2.87918065223006,3.74810784256383,1.42250000000004));
#6840=CARTESIAN_POINT($,(-2.90018065223006,3.74810784256383,1.42250000000004));
#6841=CARTESIAN_POINT('',(-2.87918065223006,3.74810784256383,1.43650000000004));
#6842=CARTESIAN_POINT($,(-2.8791804727867,3.74810784256383,1.45050000000004));
#6843=CARTESIAN_POINT($,(-2.90018065223006,3.74810784256383,1.43650000000004));
#6844=CARTESIAN_POINT($,(-2.8791804727867,3.74810784256383,1.49250000000004));
#6845=CARTESIAN_POINT('Origin',(-2.90018065223006,3.75510784256383,1.42250000000004));
#6846=CARTESIAN_POINT('',(-2.87918065223006,3.76210784256383,1.42250000000004));
#6847=CARTESIAN_POINT($,(-2.90018065223006,3.76210784256383,1.42250000000004));
#6848=CARTESIAN_POINT($,(-2.8791804727867,3.75510784256383,1.42250000000004));
#6849=CARTESIAN_POINT('Origin',(-2.90018065223006,3.76210784256383,1.42950000000004));
#6850=CARTESIAN_POINT('',(-2.87918065223006,3.76210784256383,1.43650000000004));
#6851=CARTESIAN_POINT($,(-2.90018065223006,3.76210784256383,1.43650000000004));
#6852=CARTESIAN_POINT($,(-2.8791804727867,3.76210784256383,1.45050000000004));
#6853=CARTESIAN_POINT($,(-2.8791804727867,3.76210784256383,1.49250000000004));
#6854=CARTESIAN_POINT('Origin',(-2.90018065223006,3.75510784256383,1.43650000000004));
#6855=CARTESIAN_POINT($,(-2.8791804727867,3.75510784256383,1.43650000000004));
#6856=CARTESIAN_POINT('Origin',(-2.8791804727867,3.75510784256383,1.47150000000004));
#6857=CARTESIAN_POINT('',(-2.8791804727867,3.72108784256383,1.41480000000004));
#6858=CARTESIAN_POINT('',(-2.8791804727867,3.72108784256383,1.52820000000004));
#6859=CARTESIAN_POINT($,(-2.8791804727867,3.72108784256383,1.47150000000004));
#6860=CARTESIAN_POINT('',(-2.8791804727867,3.78912784256383,1.52820000000004));
#6861=CARTESIAN_POINT($,(-2.8791804727867,3.75510784256383,1.52820000000004));
#6862=CARTESIAN_POINT('',(-2.8791804727867,3.78912784256383,1.41480000000004));
#6863=CARTESIAN_POINT($,(-2.8791804727867,3.78912784256383,1.47150000000004));
#6864=CARTESIAN_POINT($,(-2.8791804727867,3.75510784256383,1.41480000000004));
#6865=CARTESIAN_POINT('Origin',(-2.8735104727867,3.75510784256383,1.52820000000004));
#6866=CARTESIAN_POINT($,(-2.8735104727867,3.78912784256383,1.52820000000004));
#6867=CARTESIAN_POINT($,(-2.8735104727867,3.72108784256383,1.52820000000004));
#6868=CARTESIAN_POINT('Origin',(-2.8735104727867,3.78912784256383,1.47150000000004));
#6869=CARTESIAN_POINT($,(-2.8735104727867,3.78912784256383,1.41480000000004));
#6870=CARTESIAN_POINT('Origin',(-2.8735104727867,3.75510784256383,1.41480000000004));
#6871=CARTESIAN_POINT($,(-2.8735104727867,3.72108784256383,1.41480000000004));
#6872=CARTESIAN_POINT('Origin',(-2.8735104727867,3.72108784256383,1.47150000000004));
#6873=CARTESIAN_POINT('Origin',(-2.8678404727867,3.21510784256383,1.27150000000004));
#6874=CARTESIAN_POINT('',(-2.8678404727867,3.24912784256383,1.32820000000004));
#6875=CARTESIAN_POINT('',(-2.8678404727867,3.18108784256383,1.32820000000004));
#6876=CARTESIAN_POINT($,(-2.8678404727867,3.21510784256383,1.32820000000004));
#6877=CARTESIAN_POINT('',(-2.8678404727867,3.18108784256383,1.21480000000004));
#6878=CARTESIAN_POINT($,(-2.8678404727867,3.18108784256383,1.27150000000004));
#6879=CARTESIAN_POINT('',(-2.8678404727867,3.24912784256383,1.21480000000004));
#6880=CARTESIAN_POINT($,(-2.8678404727867,3.21510784256383,1.21480000000004));
#6881=CARTESIAN_POINT($,(-2.8678404727867,3.24912784256383,1.27150000000004));
#6882=CARTESIAN_POINT('Origin',(-2.90718065223006,3.21510784256383,1.27150000000004));
#6883=CARTESIAN_POINT('',(-2.90718065223006,3.22210784256383,1.23650000000004));
#6884=CARTESIAN_POINT('',(-2.90718065223006,3.22210784256383,1.30650000000004));
#6885=CARTESIAN_POINT($,(-2.90718065223006,3.22210784256383,1.27150000000004));
#6886=CARTESIAN_POINT('',(-2.90718065223006,3.20810784256383,1.30650000000004));
#6887=CARTESIAN_POINT($,(-2.90718065223006,3.21510784256383,1.30650000000004));
#6888=CARTESIAN_POINT('',(-2.90718065223006,3.20810784256383,1.23650000000004));
#6889=CARTESIAN_POINT($,(-2.90718065223006,3.20810784256383,1.27150000000004));
#6890=CARTESIAN_POINT($,(-2.90718065223006,3.21510784256383,1.23650000000004));
#6891=CARTESIAN_POINT('Origin',(-2.90018065223006,3.21510784256383,1.30650000000004));
#6892=CARTESIAN_POINT('',(-2.87918065223006,3.22210784256383,1.30650000000004));
#6893=CARTESIAN_POINT($,(-2.90018065223006,3.22210784256383,1.30650000000004));
#6894=CARTESIAN_POINT('',(-2.87918065223006,3.20810784256383,1.30650000000004));
#6895=CARTESIAN_POINT($,(-2.8791804727867,3.21510784256383,1.30650000000004));
#6896=CARTESIAN_POINT($,(-2.90018065223006,3.20810784256383,1.30650000000004));
#6897=CARTESIAN_POINT('Origin',(-2.90018065223006,3.21510784256383,1.32050000000004));
#6898=CARTESIAN_POINT('',(-2.92118065223006,3.20810784256383,1.32050000000004));
#6899=CARTESIAN_POINT('',(-2.87918065223006,3.20810784256383,1.32050000000004));
#6900=CARTESIAN_POINT($,(-2.90018065223006,3.20810784256383,1.32050000000004));
#6901=CARTESIAN_POINT('',(-2.87918065223006,3.22210784256383,1.32050000000004));
#6902=CARTESIAN_POINT($,(-2.8791804727867,3.21510784256383,1.32050000000004));
#6903=CARTESIAN_POINT('',(-2.92118065223006,3.22210784256383,1.32050000000004));
#6904=CARTESIAN_POINT($,(-2.90018065223006,3.22210784256383,1.32050000000004));
#6905=CARTESIAN_POINT($,(-2.92118065223006,3.21510784256383,1.32050000000004));
#6906=CARTESIAN_POINT('Origin',(-2.92118065223006,3.21510784256383,1.22950000000004));
#6907=CARTESIAN_POINT('',(-2.92118065223006,3.22210784256383,1.22250000000004));
#6908=CARTESIAN_POINT($,(-2.92118065223006,3.22210784256383,1.22950000000004));
#6909=CARTESIAN_POINT('',(-2.92118065223006,3.20810784256383,1.22250000000004));
#6910=CARTESIAN_POINT($,(-2.92118065223006,3.21510784256383,1.22250000000004));
#6911=CARTESIAN_POINT($,(-2.92118065223006,3.20810784256383,1.31350000000004));
#6912=CARTESIAN_POINT('Origin',(-2.90018065223006,3.20810784256383,1.22950000000004));
#6913=CARTESIAN_POINT('',(-2.87918065223006,3.20810784256383,1.22250000000004));
#6914=CARTESIAN_POINT($,(-2.90018065223006,3.20810784256383,1.22250000000004));
#6915=CARTESIAN_POINT('',(-2.87918065223006,3.20810784256383,1.23650000000004));
#6916=CARTESIAN_POINT($,(-2.8791804727867,3.20810784256383,1.25050000000004));
#6917=CARTESIAN_POINT($,(-2.90018065223006,3.20810784256383,1.23650000000004));
#6918=CARTESIAN_POINT($,(-2.8791804727867,3.20810784256383,1.29250000000004));
#6919=CARTESIAN_POINT('Origin',(-2.90018065223006,3.21510784256383,1.22250000000004));
#6920=CARTESIAN_POINT('',(-2.87918065223006,3.22210784256383,1.22250000000004));
#6921=CARTESIAN_POINT($,(-2.90018065223006,3.22210784256383,1.22250000000004));
#6922=CARTESIAN_POINT($,(-2.8791804727867,3.21510784256383,1.22250000000004));
#6923=CARTESIAN_POINT('Origin',(-2.90018065223006,3.22210784256383,1.22950000000004));
#6924=CARTESIAN_POINT('',(-2.87918065223006,3.22210784256383,1.23650000000004));
#6925=CARTESIAN_POINT($,(-2.90018065223006,3.22210784256383,1.23650000000004));
#6926=CARTESIAN_POINT($,(-2.8791804727867,3.22210784256383,1.25050000000004));
#6927=CARTESIAN_POINT($,(-2.8791804727867,3.22210784256383,1.29250000000004));
#6928=CARTESIAN_POINT('Origin',(-2.90018065223006,3.21510784256383,1.23650000000004));
#6929=CARTESIAN_POINT($,(-2.8791804727867,3.21510784256383,1.23650000000004));
#6930=CARTESIAN_POINT('Origin',(-2.8791804727867,3.21510784256383,1.27150000000004));
#6931=CARTESIAN_POINT('',(-2.8791804727867,3.18108784256383,1.21480000000004));
#6932=CARTESIAN_POINT('',(-2.8791804727867,3.18108784256383,1.32820000000004));
#6933=CARTESIAN_POINT($,(-2.8791804727867,3.18108784256383,1.27150000000004));
#6934=CARTESIAN_POINT('',(-2.8791804727867,3.24912784256383,1.32820000000004));
#6935=CARTESIAN_POINT($,(-2.8791804727867,3.21510784256383,1.32820000000004));
#6936=CARTESIAN_POINT('',(-2.8791804727867,3.24912784256383,1.21480000000004));
#6937=CARTESIAN_POINT($,(-2.8791804727867,3.24912784256383,1.27150000000004));
#6938=CARTESIAN_POINT($,(-2.8791804727867,3.21510784256383,1.21480000000004));
#6939=CARTESIAN_POINT('Origin',(-2.8735104727867,3.21510784256383,1.32820000000004));
#6940=CARTESIAN_POINT($,(-2.8735104727867,3.24912784256383,1.32820000000004));
#6941=CARTESIAN_POINT($,(-2.8735104727867,3.18108784256383,1.32820000000004));
#6942=CARTESIAN_POINT('Origin',(-2.8735104727867,3.24912784256383,1.27150000000004));
#6943=CARTESIAN_POINT($,(-2.8735104727867,3.24912784256383,1.21480000000004));
#6944=CARTESIAN_POINT('Origin',(-2.8735104727867,3.21510784256383,1.21480000000004));
#6945=CARTESIAN_POINT($,(-2.8735104727867,3.18108784256383,1.21480000000004));
#6946=CARTESIAN_POINT('Origin',(-2.8735104727867,3.18108784256383,1.27150000000004));
#6947=CARTESIAN_POINT('Origin',(-2.89046049842146,3.33510784256383,1.10150000000004));
#6948=CARTESIAN_POINT('',(-2.88546049842146,3.34510784256383,1.10150000000004));
#6949=CARTESIAN_POINT('Origin',(-2.88546049842146,3.33510784256383,1.10150000000004));
#6950=CARTESIAN_POINT('',(-2.89546049842146,3.34510784256383,1.10150000000004));
#6951=CARTESIAN_POINT('Origin',(-2.89546049842146,3.33510784256383,1.10150000000004));
#6952=CARTESIAN_POINT('Origin',(-2.88546049842146,3.33510784256383,1.10150000000004));
#6953=CARTESIAN_POINT('Origin',(-2.89546049842146,3.33510784256383,1.10150000000004));
#6954=CARTESIAN_POINT('Origin',(-2.8678404727867,3.75510784256383,1.27150000000004));
#6955=CARTESIAN_POINT('',(-2.8678404727867,3.78912784256383,1.32820000000004));
#6956=CARTESIAN_POINT('',(-2.8678404727867,3.72108784256383,1.32820000000004));
#6957=CARTESIAN_POINT($,(-2.8678404727867,3.75510784256383,1.32820000000004));
#6958=CARTESIAN_POINT('',(-2.8678404727867,3.72108784256383,1.21480000000004));
#6959=CARTESIAN_POINT($,(-2.8678404727867,3.72108784256383,1.27150000000004));
#6960=CARTESIAN_POINT('',(-2.8678404727867,3.78912784256383,1.21480000000004));
#6961=CARTESIAN_POINT($,(-2.8678404727867,3.75510784256383,1.21480000000004));
#6962=CARTESIAN_POINT($,(-2.8678404727867,3.78912784256383,1.27150000000004));
#6963=CARTESIAN_POINT('Origin',(-2.90718065223006,3.75510784256383,1.27150000000004));
#6964=CARTESIAN_POINT('',(-2.90718065223006,3.76210784256383,1.23650000000004));
#6965=CARTESIAN_POINT('',(-2.90718065223006,3.76210784256383,1.30650000000004));
#6966=CARTESIAN_POINT($,(-2.90718065223006,3.76210784256383,1.27150000000004));
#6967=CARTESIAN_POINT('',(-2.90718065223006,3.74810784256383,1.30650000000004));
#6968=CARTESIAN_POINT($,(-2.90718065223006,3.75510784256383,1.30650000000004));
#6969=CARTESIAN_POINT('',(-2.90718065223006,3.74810784256383,1.23650000000004));
#6970=CARTESIAN_POINT($,(-2.90718065223006,3.74810784256383,1.27150000000004));
#6971=CARTESIAN_POINT($,(-2.90718065223006,3.75510784256383,1.23650000000004));
#6972=CARTESIAN_POINT('Origin',(-2.90018065223006,3.75510784256383,1.30650000000004));
#6973=CARTESIAN_POINT('',(-2.87918065223006,3.76210784256383,1.30650000000004));
#6974=CARTESIAN_POINT($,(-2.90018065223006,3.76210784256383,1.30650000000004));
#6975=CARTESIAN_POINT('',(-2.87918065223006,3.74810784256383,1.30650000000004));
#6976=CARTESIAN_POINT($,(-2.8791804727867,3.75510784256383,1.30650000000004));
#6977=CARTESIAN_POINT($,(-2.90018065223006,3.74810784256383,1.30650000000004));
#6978=CARTESIAN_POINT('Origin',(-2.90018065223006,3.75510784256383,1.32050000000004));
#6979=CARTESIAN_POINT('',(-2.92118065223006,3.74810784256383,1.32050000000004));
#6980=CARTESIAN_POINT('',(-2.87918065223006,3.74810784256383,1.32050000000004));
#6981=CARTESIAN_POINT($,(-2.90018065223006,3.74810784256383,1.32050000000004));
#6982=CARTESIAN_POINT('',(-2.87918065223006,3.76210784256383,1.32050000000004));
#6983=CARTESIAN_POINT($,(-2.8791804727867,3.75510784256383,1.32050000000004));
#6984=CARTESIAN_POINT('',(-2.92118065223006,3.76210784256383,1.32050000000004));
#6985=CARTESIAN_POINT($,(-2.90018065223006,3.76210784256383,1.32050000000004));
#6986=CARTESIAN_POINT($,(-2.92118065223006,3.75510784256383,1.32050000000004));
#6987=CARTESIAN_POINT('Origin',(-2.92118065223006,3.75510784256383,1.22950000000004));
#6988=CARTESIAN_POINT('',(-2.92118065223006,3.76210784256383,1.22250000000004));
#6989=CARTESIAN_POINT($,(-2.92118065223006,3.76210784256383,1.22950000000004));
#6990=CARTESIAN_POINT('',(-2.92118065223006,3.74810784256383,1.22250000000004));
#6991=CARTESIAN_POINT($,(-2.92118065223006,3.75510784256383,1.22250000000004));
#6992=CARTESIAN_POINT($,(-2.92118065223006,3.74810784256383,1.31350000000004));
#6993=CARTESIAN_POINT('Origin',(-2.90018065223006,3.74810784256383,1.22950000000004));
#6994=CARTESIAN_POINT('',(-2.87918065223006,3.74810784256383,1.22250000000004));
#6995=CARTESIAN_POINT($,(-2.90018065223006,3.74810784256383,1.22250000000004));
#6996=CARTESIAN_POINT('',(-2.87918065223006,3.74810784256383,1.23650000000004));
#6997=CARTESIAN_POINT($,(-2.8791804727867,3.74810784256383,1.25050000000004));
#6998=CARTESIAN_POINT($,(-2.90018065223006,3.74810784256383,1.23650000000004));
#6999=CARTESIAN_POINT($,(-2.8791804727867,3.74810784256383,1.29250000000004));
#7000=CARTESIAN_POINT('Origin',(-2.90018065223006,3.75510784256383,1.22250000000004));
#7001=CARTESIAN_POINT('',(-2.87918065223006,3.76210784256383,1.22250000000004));
#7002=CARTESIAN_POINT($,(-2.90018065223006,3.76210784256383,1.22250000000004));
#7003=CARTESIAN_POINT($,(-2.8791804727867,3.75510784256383,1.22250000000004));
#7004=CARTESIAN_POINT('Origin',(-2.90018065223006,3.76210784256383,1.22950000000004));
#7005=CARTESIAN_POINT('',(-2.87918065223006,3.76210784256383,1.23650000000004));
#7006=CARTESIAN_POINT($,(-2.90018065223006,3.76210784256383,1.23650000000004));
#7007=CARTESIAN_POINT($,(-2.8791804727867,3.76210784256383,1.25050000000004));
#7008=CARTESIAN_POINT($,(-2.8791804727867,3.76210784256383,1.29250000000004));
#7009=CARTESIAN_POINT('Origin',(-2.90018065223006,3.75510784256383,1.23650000000004));
#7010=CARTESIAN_POINT($,(-2.8791804727867,3.75510784256383,1.23650000000004));
#7011=CARTESIAN_POINT('Origin',(-2.8791804727867,3.75510784256383,1.27150000000004));
#7012=CARTESIAN_POINT('',(-2.8791804727867,3.72108784256383,1.21480000000004));
#7013=CARTESIAN_POINT('',(-2.8791804727867,3.72108784256383,1.32820000000004));
#7014=CARTESIAN_POINT($,(-2.8791804727867,3.72108784256383,1.27150000000004));
#7015=CARTESIAN_POINT('',(-2.8791804727867,3.78912784256383,1.32820000000004));
#7016=CARTESIAN_POINT($,(-2.8791804727867,3.75510784256383,1.32820000000004));
#7017=CARTESIAN_POINT('',(-2.8791804727867,3.78912784256383,1.21480000000004));
#7018=CARTESIAN_POINT($,(-2.8791804727867,3.78912784256383,1.27150000000004));
#7019=CARTESIAN_POINT($,(-2.8791804727867,3.75510784256383,1.21480000000004));
#7020=CARTESIAN_POINT('Origin',(-2.8735104727867,3.75510784256383,1.32820000000004));
#7021=CARTESIAN_POINT($,(-2.8735104727867,3.78912784256383,1.32820000000004));
#7022=CARTESIAN_POINT($,(-2.8735104727867,3.72108784256383,1.32820000000004));
#7023=CARTESIAN_POINT('Origin',(-2.8735104727867,3.78912784256383,1.27150000000004));
#7024=CARTESIAN_POINT($,(-2.8735104727867,3.78912784256383,1.21480000000004));
#7025=CARTESIAN_POINT('Origin',(-2.8735104727867,3.75510784256383,1.21480000000004));
#7026=CARTESIAN_POINT($,(-2.8735104727867,3.72108784256383,1.21480000000004));
#7027=CARTESIAN_POINT('Origin',(-2.8735104727867,3.72108784256383,1.27150000000004));
#7028=CARTESIAN_POINT('Origin',(-2.87046049842147,3.48510784256383,1.22650000000004));
#7029=CARTESIAN_POINT('',(-2.87046049842147,3.18585784256383,1.95650000000004));
#7030=CARTESIAN_POINT('',(-2.87046049842147,3.78435784256383,1.95650000000004));
#7031=CARTESIAN_POINT($,(-2.87046049842147,5.39777217543418,1.95650000000004));
#7032=CARTESIAN_POINT('',(-2.87046049842147,3.78435784256383,2.14650000000004));
#7033=CARTESIAN_POINT($,(-2.87046049842146,3.78435784256383,0.751500000000037));
#7034=CARTESIAN_POINT('',(-2.87046049842147,3.18585784256383,2.14650000000004));
#7035=CARTESIAN_POINT($,(-2.87046049842147,5.39777217543418,2.14650000000004));
#7036=CARTESIAN_POINT($,(-2.87046049842147,3.18585784256383,0.751500000000037));
#7037=CARTESIAN_POINT('Origin',(-2.80546049842147,3.78435784256383,0.276500000000038));
#7038=CARTESIAN_POINT('',(-2.88546049842147,3.78435784256383,1.95650000000004));
#7039=CARTESIAN_POINT($,(-2.9248228197059,3.78435784256383,1.95650000000004));
#7040=CARTESIAN_POINT('',(-2.88546049842147,3.78435784256383,2.14650000000004));
#7041=CARTESIAN_POINT($,(-2.88546049842147,3.78435784256383,1.95650000000004));
#7042=CARTESIAN_POINT($,(-2.9248228197059,3.78435784256383,2.14650000000004));
#7043=CARTESIAN_POINT('Origin',(-2.87046049842147,3.18585784256383,0.276500000000038));
#7044=CARTESIAN_POINT('',(-2.88546049842147,3.18585784256383,2.14650000000004));
#7045=CARTESIAN_POINT($,(-2.9573228197059,3.18585784256383,2.14650000000004));
#7046=CARTESIAN_POINT('',(-2.88546049842147,3.18585784256383,1.95650000000004));
#7047=CARTESIAN_POINT($,(-2.88546049842147,3.18585784256383,1.95650000000004));
#7048=CARTESIAN_POINT($,(-2.9573228197059,3.18585784256383,1.95650000000004));
#7049=CARTESIAN_POINT('Origin',(-3.02918514099034,6.41268650830453,2.14650000000004));
#7050=CARTESIAN_POINT($,(-2.88546049842147,5.39777217543418,2.14650000000004));
#7051=CARTESIAN_POINT('Origin',(-2.88546049842147,4.38285784256383,1.95650000000004));
#7052=CARTESIAN_POINT($,(-2.88546049842147,2.75835784256383,1.95650000000004));
#7053=CARTESIAN_POINT('Origin',(-3.02918514099034,6.41268650830453,1.95650000000004));
#7054=CARTESIAN_POINT('Origin',(-3.02918514099034,6.41268650830453,0.981500000000036));
#7055=CARTESIAN_POINT('',(-2.87046049842147,3.18585784256383,0.981500000000036));
#7056=CARTESIAN_POINT('',(-2.87046049842147,3.78435784256383,0.981500000000036));
#7057=CARTESIAN_POINT($,(-2.87046049842147,5.39777217543418,0.981500000000036));
#7058=CARTESIAN_POINT('',(-2.88546049842147,3.18585784256383,0.981500000000036));
#7059=CARTESIAN_POINT($,(-2.9573228197059,3.18585784256383,0.981500000000036));
#7060=CARTESIAN_POINT('',(-2.88546049842147,3.78435784256383,0.981500000000036));
#7061=CARTESIAN_POINT($,(-2.88546049842147,2.75835784256383,0.981500000000036));
#7062=CARTESIAN_POINT($,(-2.9248228197059,3.78435784256383,0.981500000000036));
#7063=CARTESIAN_POINT('Origin',(-2.88546049842147,4.38285784256383,0.981500000000036));
#7064=CARTESIAN_POINT('',(-2.88546049842147,3.18585784256383,1.17150000000004));
#7065=CARTESIAN_POINT($,(-2.88546049842147,3.18585784256383,0.981500000000036));
#7066=CARTESIAN_POINT('',(-2.88546049842147,3.78435784256383,1.17150000000004));
#7067=CARTESIAN_POINT($,(-2.88546049842147,5.39777217543418,1.17150000000004));
#7068=CARTESIAN_POINT($,(-2.88546049842147,3.78435784256383,0.981500000000036));
#7069=CARTESIAN_POINT('Origin',(-3.02918514099034,6.41268650830453,1.17150000000004));
#7070=CARTESIAN_POINT('',(-2.87046049842147,3.78435784256383,1.17150000000004));
#7071=CARTESIAN_POINT('',(-2.87046049842147,3.18585784256383,1.17150000000004));
#7072=CARTESIAN_POINT($,(-2.87046049842147,5.39777217543418,1.17150000000004));
#7073=CARTESIAN_POINT($,(-2.9248228197059,3.78435784256383,1.17150000000004));
#7074=CARTESIAN_POINT($,(-2.9573228197059,3.18585784256383,1.17150000000004));
#7075=CARTESIAN_POINT('Origin',(-2.87046049842147,3.18585784256383,0.276500000000038));
#7076=CARTESIAN_POINT($,(-2.87046049842147,3.18585784256383,0.751500000000037));
#7077=CARTESIAN_POINT('Origin',(-2.80546049842147,3.78435784256383,0.276500000000038));
#7078=CARTESIAN_POINT($,(-2.87046049842146,3.78435784256383,0.751500000000037));
#7079=CARTESIAN_POINT('Origin',(-2.87046049842147,3.48510784256383,1.22650000000004));
#7080=CARTESIAN_POINT('Origin',(-2.87046049842147,3.48510784256383,1.22650000000004));
#7081=CARTESIAN_POINT('',(-2.87046049842147,3.18585784256383,1.76150000000004));
#7082=CARTESIAN_POINT('',(-2.87046049842147,3.78435784256383,1.76150000000004));
#7083=CARTESIAN_POINT($,(-2.87046049842147,5.39777217543418,1.76150000000004));
#7084=CARTESIAN_POINT('',(-2.87046049842147,3.78435784256383,1.95150000000004));
#7085=CARTESIAN_POINT($,(-2.87046049842146,3.78435784256383,0.751500000000037));
#7086=CARTESIAN_POINT('',(-2.87046049842147,3.18585784256383,1.95150000000004));
#7087=CARTESIAN_POINT($,(-2.87046049842147,5.39777217543418,1.95150000000004));
#7088=CARTESIAN_POINT($,(-2.87046049842147,3.18585784256383,0.751500000000037));
#7089=CARTESIAN_POINT('Origin',(-2.80546049842147,3.78435784256383,0.276500000000038));
#7090=CARTESIAN_POINT('',(-2.88546049842147,3.78435784256383,1.76150000000004));
#7091=CARTESIAN_POINT($,(-2.9248228197059,3.78435784256383,1.76150000000004));
#7092=CARTESIAN_POINT('',(-2.88546049842147,3.78435784256383,1.95150000000004));
#7093=CARTESIAN_POINT($,(-2.88546049842147,3.78435784256383,1.76150000000004));
#7094=CARTESIAN_POINT($,(-2.9248228197059,3.78435784256383,1.95150000000004));
#7095=CARTESIAN_POINT('Origin',(-2.87046049842147,3.18585784256383,0.276500000000038));
#7096=CARTESIAN_POINT('',(-2.88546049842147,3.18585784256383,1.95150000000004));
#7097=CARTESIAN_POINT($,(-2.9573228197059,3.18585784256383,1.95150000000004));
#7098=CARTESIAN_POINT('',(-2.88546049842147,3.18585784256383,1.76150000000004));
#7099=CARTESIAN_POINT($,(-2.88546049842147,3.18585784256383,1.76150000000004));
#7100=CARTESIAN_POINT($,(-2.9573228197059,3.18585784256383,1.76150000000004));
#7101=CARTESIAN_POINT('Origin',(-3.02918514099034,6.41268650830453,1.95150000000004));
#7102=CARTESIAN_POINT($,(-2.88546049842147,5.39777217543418,1.95150000000004));
#7103=CARTESIAN_POINT('Origin',(-2.88546049842147,4.38285784256383,1.76150000000004));
#7104=CARTESIAN_POINT($,(-2.88546049842147,2.75835784256383,1.76150000000004));
#7105=CARTESIAN_POINT('Origin',(-3.02918514099034,6.41268650830453,1.76150000000004));
#7106=CARTESIAN_POINT('Origin',(-2.89046049842146,3.73510784256383,1.06950000000004));
#7107=CARTESIAN_POINT('',(-2.88546049842146,3.74510784256383,1.06950000000004));
#7108=CARTESIAN_POINT('Origin',(-2.88546049842146,3.73510784256383,1.06950000000004));
#7109=CARTESIAN_POINT('',(-2.89546049842146,3.74510784256383,1.06950000000004));
#7110=CARTESIAN_POINT('Origin',(-2.89546049842146,3.73510784256383,1.06950000000004));
#7111=CARTESIAN_POINT('Origin',(-2.88546049842146,3.73510784256383,1.06950000000004));
#7112=CARTESIAN_POINT('Origin',(-2.89546049842146,3.73510784256383,1.06950000000004));
#7113=CARTESIAN_POINT('Origin',(-3.02918514099034,6.41268650830453,1.17650000000004));
#7114=CARTESIAN_POINT('',(-2.87046049842147,3.18585784256383,1.17650000000004));
#7115=CARTESIAN_POINT('',(-2.87046049842147,3.78435784256383,1.17650000000004));
#7116=CARTESIAN_POINT($,(-2.87046049842147,5.39777217543418,1.17650000000004));
#7117=CARTESIAN_POINT('',(-2.88546049842147,3.18585784256383,1.17650000000004));
#7118=CARTESIAN_POINT($,(-2.9573228197059,3.18585784256383,1.17650000000004));
#7119=CARTESIAN_POINT('',(-2.88546049842147,3.78435784256383,1.17650000000004));
#7120=CARTESIAN_POINT($,(-2.88546049842147,2.75835784256383,1.17650000000004));
#7121=CARTESIAN_POINT($,(-2.9248228197059,3.78435784256383,1.17650000000004));
#7122=CARTESIAN_POINT('Origin',(-2.88546049842147,4.38285784256383,1.17650000000004));
#7123=CARTESIAN_POINT('',(-2.88546049842147,3.18585784256383,1.36650000000004));
#7124=CARTESIAN_POINT($,(-2.88546049842147,3.18585784256383,1.17650000000004));
#7125=CARTESIAN_POINT('',(-2.88546049842147,3.78435784256383,1.36650000000004));
#7126=CARTESIAN_POINT($,(-2.88546049842147,5.39777217543418,1.36650000000004));
#7127=CARTESIAN_POINT($,(-2.88546049842147,3.78435784256383,1.17650000000004));
#7128=CARTESIAN_POINT('Origin',(-3.02918514099034,6.41268650830453,1.36650000000004));
#7129=CARTESIAN_POINT('',(-2.87046049842147,3.78435784256383,1.36650000000004));
#7130=CARTESIAN_POINT('',(-2.87046049842147,3.18585784256383,1.36650000000004));
#7131=CARTESIAN_POINT($,(-2.87046049842147,5.39777217543418,1.36650000000004));
#7132=CARTESIAN_POINT($,(-2.9248228197059,3.78435784256383,1.36650000000004));
#7133=CARTESIAN_POINT($,(-2.9573228197059,3.18585784256383,1.36650000000004));
#7134=CARTESIAN_POINT('Origin',(-2.87046049842147,3.18585784256383,0.276500000000038));
#7135=CARTESIAN_POINT($,(-2.87046049842147,3.18585784256383,0.751500000000037));
#7136=CARTESIAN_POINT('Origin',(-2.80546049842147,3.78435784256383,0.276500000000038));
#7137=CARTESIAN_POINT($,(-2.87046049842146,3.78435784256383,0.751500000000037));
#7138=CARTESIAN_POINT('Origin',(-2.87046049842147,3.48510784256383,1.22650000000004));
#7139=CARTESIAN_POINT('Origin',(-2.87046049842147,3.48510784256383,1.22650000000004));
#7140=CARTESIAN_POINT('',(-2.87046049842147,3.18585784256383,1.56650000000004));
#7141=CARTESIAN_POINT('',(-2.87046049842147,3.78435784256383,1.56650000000004));
#7142=CARTESIAN_POINT($,(-2.87046049842147,5.39777217543418,1.56650000000004));
#7143=CARTESIAN_POINT('',(-2.87046049842147,3.78435784256383,1.75650000000004));
#7144=CARTESIAN_POINT($,(-2.87046049842146,3.78435784256383,0.751500000000037));
#7145=CARTESIAN_POINT('',(-2.87046049842147,3.18585784256383,1.75650000000004));
#7146=CARTESIAN_POINT($,(-2.87046049842147,5.39777217543418,1.75650000000004));
#7147=CARTESIAN_POINT($,(-2.87046049842147,3.18585784256383,0.751500000000037));
#7148=CARTESIAN_POINT('Origin',(-2.80546049842147,3.78435784256383,0.276500000000038));
#7149=CARTESIAN_POINT('',(-2.88546049842147,3.78435784256383,1.56650000000004));
#7150=CARTESIAN_POINT($,(-2.9248228197059,3.78435784256383,1.56650000000004));
#7151=CARTESIAN_POINT('',(-2.88546049842147,3.78435784256383,1.75650000000004));
#7152=CARTESIAN_POINT($,(-2.88546049842147,3.78435784256383,1.56650000000004));
#7153=CARTESIAN_POINT($,(-2.9248228197059,3.78435784256383,1.75650000000004));
#7154=CARTESIAN_POINT('Origin',(-2.87046049842147,3.18585784256383,0.276500000000038));
#7155=CARTESIAN_POINT('',(-2.88546049842147,3.18585784256383,1.75650000000004));
#7156=CARTESIAN_POINT($,(-2.9573228197059,3.18585784256383,1.75650000000004));
#7157=CARTESIAN_POINT('',(-2.88546049842147,3.18585784256383,1.56650000000004));
#7158=CARTESIAN_POINT($,(-2.88546049842147,3.18585784256383,1.56650000000004));
#7159=CARTESIAN_POINT($,(-2.9573228197059,3.18585784256383,1.56650000000004));
#7160=CARTESIAN_POINT('Origin',(-3.02918514099034,6.41268650830453,1.75650000000004));
#7161=CARTESIAN_POINT($,(-2.88546049842147,5.39777217543418,1.75650000000004));
#7162=CARTESIAN_POINT('Origin',(-2.88546049842147,4.38285784256383,1.56650000000004));
#7163=CARTESIAN_POINT($,(-2.88546049842147,2.75835784256383,1.56650000000004));
#7164=CARTESIAN_POINT('Origin',(-3.02918514099034,6.41268650830453,1.56650000000004));
#7165=CARTESIAN_POINT('Origin',(-3.02918514099034,6.41268650830453,0.786500000000036));
#7166=CARTESIAN_POINT('',(-2.87046049842147,3.18585784256383,0.786500000000036));
#7167=CARTESIAN_POINT('',(-2.87046049842147,3.78435784256383,0.786500000000036));
#7168=CARTESIAN_POINT($,(-2.87046049842147,5.39777217543418,0.786500000000036));
#7169=CARTESIAN_POINT('',(-2.88546049842147,3.18585784256383,0.786500000000036));
#7170=CARTESIAN_POINT($,(-2.9573228197059,3.18585784256383,0.786500000000036));
#7171=CARTESIAN_POINT('',(-2.88546049842147,3.78435784256383,0.786500000000036));
#7172=CARTESIAN_POINT($,(-2.88546049842147,2.75835784256383,0.786500000000036));
#7173=CARTESIAN_POINT($,(-2.9248228197059,3.78435784256383,0.786500000000036));
#7174=CARTESIAN_POINT('Origin',(-2.88546049842147,4.38285784256383,0.786500000000036));
#7175=CARTESIAN_POINT('',(-2.88546049842147,3.18585784256383,0.976500000000035));
#7176=CARTESIAN_POINT($,(-2.88546049842147,3.18585784256383,0.786500000000036));
#7177=CARTESIAN_POINT('',(-2.88546049842147,3.78435784256383,0.976500000000035));
#7178=CARTESIAN_POINT($,(-2.88546049842147,5.39777217543418,0.976500000000035));
#7179=CARTESIAN_POINT($,(-2.88546049842147,3.78435784256383,0.786500000000036));
#7180=CARTESIAN_POINT('Origin',(-3.02918514099034,6.41268650830453,0.976500000000035));
#7181=CARTESIAN_POINT('',(-2.87046049842147,3.78435784256383,0.976500000000035));
#7182=CARTESIAN_POINT('',(-2.87046049842147,3.18585784256383,0.976500000000035));
#7183=CARTESIAN_POINT($,(-2.87046049842147,5.39777217543418,0.976500000000035));
#7184=CARTESIAN_POINT($,(-2.9248228197059,3.78435784256383,0.976500000000035));
#7185=CARTESIAN_POINT($,(-2.9573228197059,3.18585784256383,0.976500000000035));
#7186=CARTESIAN_POINT('Origin',(-2.87046049842147,3.18585784256383,0.276500000000038));
#7187=CARTESIAN_POINT($,(-2.87046049842147,3.18585784256383,0.751500000000037));
#7188=CARTESIAN_POINT('Origin',(-2.80546049842147,3.78435784256383,0.276500000000038));
#7189=CARTESIAN_POINT($,(-2.87046049842146,3.78435784256383,0.751500000000037));
#7190=CARTESIAN_POINT('Origin',(-2.87046049842147,3.48510784256383,1.22650000000004));
#7191=CARTESIAN_POINT('Origin',(-2.89046049842146,3.33510784256383,1.07650000000004));
#7192=CARTESIAN_POINT('',(-2.88546049842146,3.34510784256383,1.07650000000004));
#7193=CARTESIAN_POINT('Origin',(-2.88546049842146,3.33510784256383,1.07650000000004));
#7194=CARTESIAN_POINT('',(-2.89546049842146,3.34510784256383,1.07650000000004));
#7195=CARTESIAN_POINT('Origin',(-2.89546049842146,3.33510784256383,1.07650000000004));
#7196=CARTESIAN_POINT('Origin',(-2.88546049842146,3.33510784256383,1.07650000000004));
#7197=CARTESIAN_POINT('Origin',(-2.89546049842146,3.33510784256383,1.07650000000004));
#7198=CARTESIAN_POINT('Origin',(-2.87046049842147,3.48510784256383,1.22650000000004));
#7199=CARTESIAN_POINT('',(-2.87046049842147,3.18585784256383,1.37150000000004));
#7200=CARTESIAN_POINT('',(-2.87046049842147,3.78435784256383,1.37150000000004));
#7201=CARTESIAN_POINT($,(-2.87046049842147,5.39777217543418,1.37150000000004));
#7202=CARTESIAN_POINT('',(-2.87046049842147,3.78435784256383,1.56150000000004));
#7203=CARTESIAN_POINT($,(-2.87046049842146,3.78435784256383,0.751500000000037));
#7204=CARTESIAN_POINT('',(-2.87046049842147,3.18585784256383,1.56150000000004));
#7205=CARTESIAN_POINT($,(-2.87046049842147,5.39777217543418,1.56150000000004));
#7206=CARTESIAN_POINT($,(-2.87046049842147,3.18585784256383,0.751500000000037));
#7207=CARTESIAN_POINT('Origin',(-2.80546049842147,3.78435784256383,0.276500000000038));
#7208=CARTESIAN_POINT('',(-2.88546049842147,3.78435784256383,1.37150000000004));
#7209=CARTESIAN_POINT($,(-2.9248228197059,3.78435784256383,1.37150000000004));
#7210=CARTESIAN_POINT('',(-2.88546049842147,3.78435784256383,1.56150000000004));
#7211=CARTESIAN_POINT($,(-2.88546049842147,3.78435784256383,1.37150000000004));
#7212=CARTESIAN_POINT($,(-2.9248228197059,3.78435784256383,1.56150000000004));
#7213=CARTESIAN_POINT('Origin',(-2.87046049842147,3.18585784256383,0.276500000000038));
#7214=CARTESIAN_POINT('',(-2.88546049842147,3.18585784256383,1.56150000000004));
#7215=CARTESIAN_POINT($,(-2.9573228197059,3.18585784256383,1.56150000000004));
#7216=CARTESIAN_POINT('',(-2.88546049842147,3.18585784256383,1.37150000000004));
#7217=CARTESIAN_POINT($,(-2.88546049842147,3.18585784256383,1.37150000000004));
#7218=CARTESIAN_POINT($,(-2.9573228197059,3.18585784256383,1.37150000000004));
#7219=CARTESIAN_POINT('Origin',(-3.02918514099034,6.41268650830453,1.56150000000004));
#7220=CARTESIAN_POINT($,(-2.88546049842147,5.39777217543418,1.56150000000004));
#7221=CARTESIAN_POINT('Origin',(-2.88546049842147,4.38285784256383,1.37150000000004));
#7222=CARTESIAN_POINT($,(-2.88546049842147,2.75835784256383,1.37150000000004));
#7223=CARTESIAN_POINT('Origin',(-3.02918514099034,6.41268650830453,1.37150000000004));
#7224=CARTESIAN_POINT('Origin',(-3.02918514099034,6.41268650830453,0.591500000000036));
#7225=CARTESIAN_POINT('',(-2.87046049842147,3.18585784256383,0.591500000000036));
#7226=CARTESIAN_POINT('',(-2.87046049842147,3.78435784256383,0.591500000000036));
#7227=CARTESIAN_POINT($,(-2.87046049842147,5.39777217543418,0.591500000000036));
#7228=CARTESIAN_POINT('',(-2.88546049842147,3.18585784256383,0.591500000000036));
#7229=CARTESIAN_POINT($,(-2.9573228197059,3.18585784256383,0.591500000000036));
#7230=CARTESIAN_POINT('',(-2.88546049842147,3.78435784256383,0.591500000000036));
#7231=CARTESIAN_POINT($,(-2.88546049842147,2.75835784256383,0.591500000000036));
#7232=CARTESIAN_POINT($,(-2.9248228197059,3.78435784256383,0.591500000000036));
#7233=CARTESIAN_POINT('Origin',(-2.88546049842147,4.38285784256383,0.591500000000036));
#7234=CARTESIAN_POINT('',(-2.88546049842147,3.18585784256383,0.781500000000035));
#7235=CARTESIAN_POINT($,(-2.88546049842147,3.18585784256383,0.591500000000036));
#7236=CARTESIAN_POINT('',(-2.88546049842147,3.78435784256383,0.781500000000035));
#7237=CARTESIAN_POINT($,(-2.88546049842147,5.39777217543418,0.781500000000035));
#7238=CARTESIAN_POINT($,(-2.88546049842147,3.78435784256383,0.591500000000036));
#7239=CARTESIAN_POINT('Origin',(-3.02918514099034,6.41268650830453,0.781500000000035));
#7240=CARTESIAN_POINT('',(-2.87046049842147,3.78435784256383,0.781500000000035));
#7241=CARTESIAN_POINT('',(-2.87046049842147,3.18585784256383,0.781500000000035));
#7242=CARTESIAN_POINT($,(-2.87046049842147,5.39777217543418,0.781500000000035));
#7243=CARTESIAN_POINT($,(-2.9248228197059,3.78435784256383,0.781500000000035));
#7244=CARTESIAN_POINT($,(-2.9573228197059,3.18585784256383,0.781500000000035));
#7245=CARTESIAN_POINT('Origin',(-2.87046049842147,3.18585784256383,0.276500000000038));
#7246=CARTESIAN_POINT($,(-2.87046049842147,3.18585784256383,0.751500000000037));
#7247=CARTESIAN_POINT('Origin',(-2.80546049842147,3.78435784256383,0.276500000000038));
#7248=CARTESIAN_POINT($,(-2.87046049842146,3.78435784256383,0.751500000000037));
#7249=CARTESIAN_POINT('Origin',(-2.87046049842147,3.48510784256383,1.22650000000004));
#7250=CARTESIAN_POINT('Origin',(-2.87046049842147,3.48510784256383,1.22650000000004));
#7251=CARTESIAN_POINT('',(-2.87046049842147,3.18585784256383,0.396500000000036));
#7252=CARTESIAN_POINT('',(-2.87046049842147,3.18585784256383,0.586500000000035));
#7253=CARTESIAN_POINT($,(-2.87046049842147,3.18585784256383,0.751500000000037));
#7254=CARTESIAN_POINT('',(-2.87046049842147,3.78435784256383,0.396500000000036));
#7255=CARTESIAN_POINT($,(-2.87046049842147,5.39777217543418,0.396500000000036));
#7256=CARTESIAN_POINT('',(-2.87046049842147,3.78435784256383,0.586500000000035));
#7257=CARTESIAN_POINT($,(-2.87046049842146,3.78435784256383,0.751500000000037));
#7258=CARTESIAN_POINT($,(-2.87046049842147,5.39777217543418,0.586500000000035));
#7259=CARTESIAN_POINT('Origin',(-2.80546049842147,3.78435784256383,0.276500000000038));
#7260=CARTESIAN_POINT('',(-2.88546049842147,3.78435784256383,0.396500000000036));
#7261=CARTESIAN_POINT($,(-2.9248228197059,3.78435784256383,0.396500000000036));
#7262=CARTESIAN_POINT('',(-2.88546049842147,3.78435784256383,0.586500000000035));
#7263=CARTESIAN_POINT($,(-2.88546049842147,3.78435784256383,0.396500000000036));
#7264=CARTESIAN_POINT($,(-2.9248228197059,3.78435784256383,0.586500000000035));
#7265=CARTESIAN_POINT('Origin',(-2.87046049842147,3.18585784256383,0.276500000000038));
#7266=CARTESIAN_POINT('',(-2.88546049842147,3.18585784256383,0.586500000000035));
#7267=CARTESIAN_POINT($,(-2.9573228197059,3.18585784256383,0.586500000000035));
#7268=CARTESIAN_POINT('',(-2.88546049842147,3.18585784256383,0.396500000000036));
#7269=CARTESIAN_POINT($,(-2.88546049842147,3.18585784256383,0.396500000000036));
#7270=CARTESIAN_POINT($,(-2.9573228197059,3.18585784256383,0.396500000000036));
#7271=CARTESIAN_POINT('Origin',(-3.02918514099034,6.41268650830453,0.586500000000035));
#7272=CARTESIAN_POINT($,(-2.88546049842147,5.39777217543418,0.586500000000035));
#7273=CARTESIAN_POINT('Origin',(-2.88546049842147,4.38285784256383,0.396500000000036));
#7274=CARTESIAN_POINT($,(-2.88546049842147,2.75835784256383,0.396500000000036));
#7275=CARTESIAN_POINT('Origin',(-3.02918514099034,6.41268650830453,0.396500000000036));
#7276=CARTESIAN_POINT('Origin',(-2.89046049842146,3.73510784256383,1.10650000000004));
#7277=CARTESIAN_POINT('',(-2.88546049842146,3.74510784256383,1.10650000000004));
#7278=CARTESIAN_POINT('Origin',(-2.88546049842146,3.73510784256383,1.10650000000004));
#7279=CARTESIAN_POINT('',(-2.89546049842146,3.74510784256383,1.10650000000004));
#7280=CARTESIAN_POINT('Origin',(-2.89546049842146,3.73510784256383,1.10650000000004));
#7281=CARTESIAN_POINT('Origin',(-2.88546049842146,3.73510784256383,1.10650000000004));
#7282=CARTESIAN_POINT('Origin',(-2.89546049842146,3.73510784256383,1.10650000000004));
#7283=CARTESIAN_POINT('Origin',(-2.91546049842147,3.59510784256383,1.07650000000004));
#7284=CARTESIAN_POINT('',(-2.91546049842147,3.59510784256383,1.04650000000004));
#7285=CARTESIAN_POINT('Origin',(-2.91546049842147,3.59510784256383,1.07650000000004));
#7286=CARTESIAN_POINT('Origin',(-2.91546049842147,3.59510784256383,1.07650000000004));
#7287=CARTESIAN_POINT('Origin',(-2.91046073913574,3.59510784256383,1.07650000000004));
#7288=CARTESIAN_POINT('',(-2.88546073913574,3.59510784256383,1.09650000000004));
#7289=CARTESIAN_POINT('Origin',(-2.88546073913574,3.59510784256383,1.07650000000004));
#7290=CARTESIAN_POINT('',(-2.93546073913574,3.59510784256383,1.09650000000004));
#7291=CARTESIAN_POINT('Origin',(-2.93546073913574,3.59510784256383,1.07650000000004));
#7292=CARTESIAN_POINT('Origin',(-2.88546073913574,3.59510784256383,1.07650000000004));
#7293=CARTESIAN_POINT('Origin',(-2.93546073913574,3.59510784256383,1.07650000000004));
#7294=CARTESIAN_POINT('Origin',(-2.91046073913574,3.33510784256383,1.66150000000004));
#7295=CARTESIAN_POINT('',(-2.88546073913574,3.33510784256383,1.69150000000004));
#7296=CARTESIAN_POINT('Origin',(-2.88546073913574,3.33510784256383,1.66150000000004));
#7297=CARTESIAN_POINT('',(-2.93546073913574,3.33510784256383,1.69150000000004));
#7298=CARTESIAN_POINT('Origin',(-2.93546073913574,3.33510784256383,1.66150000000004));
#7299=CARTESIAN_POINT('Origin',(-2.88546073913574,3.33510784256383,1.66150000000004));
#7300=CARTESIAN_POINT('Origin',(-2.93546073913574,3.33510784256383,1.66150000000004));
#7301=CARTESIAN_POINT('Origin',(-2.92546073913574,3.31921548150483,1.72955756557652));
#7302=CARTESIAN_POINT('',(-2.93546073913574,3.32919073104858,1.68056272506714));
#7303=CARTESIAN_POINT('Origin',(-2.92546073913574,3.32919073104858,1.68056272506714));
#7304=CARTESIAN_POINT('',(-2.93546073913574,3.30924023196108,1.77855240608591));
#7305=CARTESIAN_POINT('Origin',(-2.92546073913574,3.30924023196108,1.77855240608591));
#7306=CARTESIAN_POINT('Origin',(-2.92546073913574,3.32919073104858,1.68056272506714));
#7307=CARTESIAN_POINT('Origin',(-2.92546073913574,3.30924023196108,1.77855240608591));
#7308=CARTESIAN_POINT('Origin',(-2.91146073913574,3.33510784256383,1.66150000000004));
#7309=CARTESIAN_POINT('',(-2.88646073913574,3.33510784256383,1.68850000000004));
#7310=CARTESIAN_POINT('Origin',(-2.88646073913574,3.33510784256383,1.66150000000004));
#7311=CARTESIAN_POINT('',(-2.93646073913574,3.33510784256383,1.68850000000004));
#7312=CARTESIAN_POINT('Origin',(-2.93646073913574,3.33510784256383,1.66150000000004));
#7313=CARTESIAN_POINT('Origin',(-2.88646073913574,3.33510784256383,1.66150000000004));
#7314=CARTESIAN_POINT('Origin',(-2.93646073913574,3.33510784256383,1.66150000000004));
#7315=CARTESIAN_POINT('Origin',(-2.92546073913574,3.31125259058304,1.76804990790415));
#7316=CARTESIAN_POINT('',(-2.91346073913574,3.31624021535491,1.74355248764946));
#7317=CARTESIAN_POINT('Origin',(-2.92546073913574,3.31624021535491,1.74355248764946));
#7318=CARTESIAN_POINT('',(-2.91346073913574,3.30626496581116,1.79254732815884));
#7319=CARTESIAN_POINT('Origin',(-2.92546073913574,3.30626496581116,1.79254732815884));
#7320=CARTESIAN_POINT('Origin',(-2.92546073913574,3.31624021535491,1.74355248764946));
#7321=CARTESIAN_POINT('Origin',(-2.92546073913574,3.30626496581116,1.79254732815884));
#7322=CARTESIAN_POINT('Origin',(-2.90046050071716,3.42510784256383,1.80650000000004));
#7323=CARTESIAN_POINT('',(-2.90546050071716,3.42510784256383,1.79650000000004));
#7324=CARTESIAN_POINT('Origin',(-2.90546050071716,3.42510784256383,1.80650000000004));
#7325=CARTESIAN_POINT('',(-2.89546050071716,3.42510784256383,1.79650000000004));
#7326=CARTESIAN_POINT('Origin',(-2.89546050071716,3.42510784256383,1.80650000000004));
#7327=CARTESIAN_POINT('Origin',(-2.90546050071716,3.42510784256383,1.80650000000004));
#7328=CARTESIAN_POINT('Origin',(-2.89546050071716,3.42510784256383,1.80650000000004));
#7329=CARTESIAN_POINT('Origin',(-2.89546073913574,3.61510784256383,2.05150000000004));
#7330=CARTESIAN_POINT('',(-2.89546073913574,3.55510784256383,2.07650000000003));
#7331=CARTESIAN_POINT('',(-2.89546073913574,3.67510784256383,2.07650000000003));
#7332=CARTESIAN_POINT($,(-2.89546073913574,3.61510784256383,2.07650000000003));
#7333=CARTESIAN_POINT('',(-2.89546073913574,3.67510784256383,2.02650000000004));
#7334=CARTESIAN_POINT($,(-2.89546073913574,3.67510784256383,2.05150000000004));
#7335=CARTESIAN_POINT('',(-2.89546073913574,3.55510784256383,2.02650000000004));
#7336=CARTESIAN_POINT($,(-2.89546073913574,3.61510784256383,2.02650000000004));
#7337=CARTESIAN_POINT($,(-2.89546073913574,3.55510784256383,2.05150000000004));
#7338=CARTESIAN_POINT('Origin',(-2.88546073913574,3.61510784256383,2.05150000000004));
#7339=CARTESIAN_POINT('',(-2.88546073913574,3.67510784256383,2.07650000000003));
#7340=CARTESIAN_POINT('',(-2.88546073913574,3.55510784256383,2.07650000000003));
#7341=CARTESIAN_POINT($,(-2.88546073913574,3.61510784256383,2.07650000000003));
#7342=CARTESIAN_POINT('',(-2.88546073913574,3.55510784256383,2.02650000000004));
#7343=CARTESIAN_POINT($,(-2.88546073913574,3.55510784256383,2.05150000000004));
#7344=CARTESIAN_POINT('',(-2.88546073913574,3.67510784256383,2.02650000000004));
#7345=CARTESIAN_POINT($,(-2.88546073913574,3.61510784256383,2.02650000000004));
#7346=CARTESIAN_POINT($,(-2.88546073913574,3.67510784256383,2.05150000000004));
#7347=CARTESIAN_POINT('Origin',(-2.89046073913574,3.55510784256383,2.05150000000004));
#7348=CARTESIAN_POINT($,(-2.89046073913574,3.55510784256383,2.02650000000004));
#7349=CARTESIAN_POINT($,(-2.89046073913574,3.55510784256383,2.07650000000003));
#7350=CARTESIAN_POINT('Origin',(-2.89046073913574,3.61510784256383,2.02650000000004));
#7351=CARTESIAN_POINT($,(-2.89046073913574,3.67510784256383,2.02650000000004));
#7352=CARTESIAN_POINT('Origin',(-2.89046073913574,3.67510784256383,2.05150000000004));
#7353=CARTESIAN_POINT($,(-2.89046073913574,3.67510784256383,2.07650000000003));
#7354=CARTESIAN_POINT('Origin',(-2.89046073913574,3.61510784256383,2.07650000000003));
#7355=CARTESIAN_POINT('Origin',(-2.89546050071716,3.48510784256383,1.85650000000004));
#7356=CARTESIAN_POINT('',(-2.89546050071716,3.38510784256384,1.94650000000004));
#7357=CARTESIAN_POINT('',(-2.89546050071716,3.58510784256383,1.94650000000004));
#7358=CARTESIAN_POINT($,(-2.89546050071716,3.48510784256383,1.94650000000004));
#7359=CARTESIAN_POINT('',(-2.89546050071716,3.58510784256383,1.76650000000004));
#7360=CARTESIAN_POINT($,(-2.89546050071716,3.58510784256383,1.85650000000004));
#7361=CARTESIAN_POINT('',(-2.89546050071716,3.38510784256384,1.76650000000004));
#7362=CARTESIAN_POINT($,(-2.89546050071716,3.48510784256383,1.76650000000004));
#7363=CARTESIAN_POINT($,(-2.89546050071716,3.38510784256384,1.85650000000004));
#7364=CARTESIAN_POINT('Origin',(-2.88546050071716,3.48510784256383,1.85650000000004));
#7365=CARTESIAN_POINT('',(-2.88546050071716,3.58510784256383,1.94650000000004));
#7366=CARTESIAN_POINT('',(-2.88546050071716,3.38510784256384,1.94650000000004));
#7367=CARTESIAN_POINT($,(-2.88546050071716,3.48510784256383,1.94650000000004));
#7368=CARTESIAN_POINT('',(-2.88546050071716,3.38510784256384,1.76650000000004));
#7369=CARTESIAN_POINT($,(-2.88546050071716,3.38510784256384,1.85650000000004));
#7370=CARTESIAN_POINT('',(-2.88546050071716,3.58510784256383,1.76650000000004));
#7371=CARTESIAN_POINT($,(-2.88546050071716,3.48510784256383,1.76650000000004));
#7372=CARTESIAN_POINT($,(-2.88546050071716,3.58510784256383,1.85650000000004));
#7373=CARTESIAN_POINT('Origin',(-2.89046050071716,3.38510784256384,1.85650000000004));
#7374=CARTESIAN_POINT($,(-2.89046050071716,3.38510784256384,1.76650000000004));
#7375=CARTESIAN_POINT($,(-2.89046050071716,3.38510784256384,1.94650000000004));
#7376=CARTESIAN_POINT('Origin',(-2.89046050071716,3.48510784256383,1.76650000000004));
#7377=CARTESIAN_POINT($,(-2.89046050071716,3.58510784256383,1.76650000000004));
#7378=CARTESIAN_POINT('Origin',(-2.89046050071716,3.58510784256383,1.85650000000004));
#7379=CARTESIAN_POINT($,(-2.89046050071716,3.58510784256383,1.94650000000004));
#7380=CARTESIAN_POINT('Origin',(-2.89046050071716,3.48510784256383,1.94650000000004));
#7381=CARTESIAN_POINT('Origin',(-2.90046050071716,3.48510784256383,1.85650000000004));
#7382=CARTESIAN_POINT('',(-2.90546050071716,3.48510784256383,1.84650000000004));
#7383=CARTESIAN_POINT('Origin',(-2.90546050071716,3.48510784256383,1.85650000000004));
#7384=CARTESIAN_POINT('',(-2.89546050071716,3.48510784256383,1.84650000000004));
#7385=CARTESIAN_POINT('Origin',(-2.89546050071716,3.48510784256383,1.85650000000004));
#7386=CARTESIAN_POINT('Origin',(-2.90546050071716,3.48510784256383,1.85650000000004));
#7387=CARTESIAN_POINT('Origin',(-2.89546050071716,3.48510784256383,1.85650000000004));
#7388=CARTESIAN_POINT('Origin',(-2.89046050071716,3.71510784256383,2.07150000000004));
#7389=CARTESIAN_POINT('',(-2.88296050071716,3.71510784256383,2.08650000000004));
#7390=CARTESIAN_POINT('Origin',(-2.88296050071716,3.71510784256383,2.07150000000004));
#7391=CARTESIAN_POINT('',(-2.89796050071716,3.71510784256383,2.08650000000004));
#7392=CARTESIAN_POINT('Origin',(-2.89796050071716,3.71510784256383,2.07150000000004));
#7393=CARTESIAN_POINT('Origin',(-2.88296050071716,3.71510784256383,2.07150000000004));
#7394=CARTESIAN_POINT('Origin',(-2.89796050071716,3.71510784256383,2.07150000000004));
#7395=CARTESIAN_POINT('Origin',(-2.89046050071716,3.71510784256383,2.03150000000004));
#7396=CARTESIAN_POINT('',(-2.88296050071716,3.71510784256383,2.04650000000004));
#7397=CARTESIAN_POINT('Origin',(-2.88296050071716,3.71510784256383,2.03150000000004));
#7398=CARTESIAN_POINT('',(-2.89796050071716,3.71510784256383,2.04650000000004));
#7399=CARTESIAN_POINT('Origin',(-2.89796050071716,3.71510784256383,2.03150000000004));
#7400=CARTESIAN_POINT('Origin',(-2.88296050071716,3.71510784256383,2.03150000000004));
#7401=CARTESIAN_POINT('Origin',(-2.89796050071716,3.71510784256383,2.03150000000004));
#7402=CARTESIAN_POINT('Origin',(-2.89046050071716,3.39010784256383,2.05150000000004));
#7403=CARTESIAN_POINT('',(-2.87546050071716,3.39010784256383,2.08150000000004));
#7404=CARTESIAN_POINT('Origin',(-2.87546050071716,3.39010784256383,2.05150000000004));
#7405=CARTESIAN_POINT('',(-2.90546050071716,3.39010784256383,2.08150000000004));
#7406=CARTESIAN_POINT('Origin',(-2.90546050071716,3.39010784256383,2.05150000000004));
#7407=CARTESIAN_POINT('Origin',(-2.87546050071716,3.39010784256383,2.05150000000004));
#7408=CARTESIAN_POINT('Origin',(-2.90546050071716,3.39010784256383,2.05150000000004));
#7409=CARTESIAN_POINT('Origin',(-2.90046050071716,3.42510784256383,1.85650000000004));
#7410=CARTESIAN_POINT('',(-2.90546050071716,3.42510784256383,1.84650000000004));
#7411=CARTESIAN_POINT('Origin',(-2.90546050071716,3.42510784256383,1.85650000000004));
#7412=CARTESIAN_POINT('',(-2.89546050071716,3.42510784256383,1.84650000000004));
#7413=CARTESIAN_POINT('Origin',(-2.89546050071716,3.42510784256383,1.85650000000004));
#7414=CARTESIAN_POINT('Origin',(-2.90546050071716,3.42510784256383,1.85650000000004));
#7415=CARTESIAN_POINT('Origin',(-2.89546050071716,3.42510784256383,1.85650000000004));
#7416=CARTESIAN_POINT('Origin',(-2.90046050071716,3.54510784256383,1.85650000000004));
#7417=CARTESIAN_POINT('',(-2.90546050071716,3.54510784256383,1.84650000000004));
#7418=CARTESIAN_POINT('Origin',(-2.90546050071716,3.54510784256383,1.85650000000004));
#7419=CARTESIAN_POINT('',(-2.89546050071716,3.54510784256383,1.84650000000004));
#7420=CARTESIAN_POINT('Origin',(-2.89546050071716,3.54510784256383,1.85650000000004));
#7421=CARTESIAN_POINT('Origin',(-2.90546050071716,3.54510784256383,1.85650000000004));
#7422=CARTESIAN_POINT('Origin',(-2.89546050071716,3.54510784256383,1.85650000000004));
#7423=CARTESIAN_POINT('Origin',(-2.90046050071716,3.54510784256383,1.80650000000004));
#7424=CARTESIAN_POINT('',(-2.90546050071716,3.54510784256383,1.79650000000004));
#7425=CARTESIAN_POINT('Origin',(-2.90546050071716,3.54510784256383,1.80650000000004));
#7426=CARTESIAN_POINT('',(-2.89546050071716,3.54510784256383,1.79650000000004));
#7427=CARTESIAN_POINT('Origin',(-2.89546050071716,3.54510784256383,1.80650000000004));
#7428=CARTESIAN_POINT('Origin',(-2.90546050071716,3.54510784256383,1.80650000000004));
#7429=CARTESIAN_POINT('Origin',(-2.89546050071716,3.54510784256383,1.80650000000004));
#7430=CARTESIAN_POINT('Origin',(-2.90046050071716,3.48510784256383,1.80650000000004));
#7431=CARTESIAN_POINT('',(-2.90546050071716,3.48510784256383,1.79650000000004));
#7432=CARTESIAN_POINT('Origin',(-2.90546050071716,3.48510784256383,1.80650000000004));
#7433=CARTESIAN_POINT('',(-2.89546050071716,3.48510784256383,1.79650000000004));
#7434=CARTESIAN_POINT('Origin',(-2.89546050071716,3.48510784256383,1.80650000000004));
#7435=CARTESIAN_POINT('Origin',(-2.90546050071716,3.48510784256383,1.80650000000004));
#7436=CARTESIAN_POINT('Origin',(-2.89546050071716,3.48510784256383,1.80650000000004));
#7437=UNCERTAINTY_MEASURE_WITH_UNIT(LENGTH_MEASURE(0.001),#7439,
'DISTANCE_ACCURACY_VALUE',
'Maximum model space distance between geometric entities at asserted c
onnectivities');
#7438=(
GEOMETRIC_REPRESENTATION_CONTEXT(3)
GLOBAL_UNCERTAINTY_ASSIGNED_CONTEXT((#7437))
GLOBAL_UNIT_ASSIGNED_CONTEXT((#7439,#7441,#7440))
REPRESENTATION_CONTEXT('','3D')
);
#7439=(
LENGTH_UNIT()
NAMED_UNIT(*)
SI_UNIT(.CENTI.,.METRE.)
);
#7440=(
NAMED_UNIT(*)
SI_UNIT($,.STERADIAN.)
SOLID_ANGLE_UNIT()
);
#7441=(
NAMED_UNIT(*)
PLANE_ANGLE_UNIT()
SI_UNIT($,.RADIAN.)
);
#7442=SHAPE_DEFINITION_REPRESENTATION(#7443,#7444);
#7443=PRODUCT_DEFINITION_SHAPE('',$,#7446);
#7444=SHAPE_REPRESENTATION('',(#4614),#7438);
#7445=PRODUCT_DEFINITION_CONTEXT('3D Mechanical Parts',#7449,'design');
#7446=PRODUCT_DEFINITION('machine 3','machine 3',#7447,#7445);
#7447=PRODUCT_DEFINITION_FORMATION('',$,#7451);
#7448=APPLICATION_PROTOCOL_DEFINITION('international standard',
'automotive_design',2009,#7449);
#7449=APPLICATION_CONTEXT(
'Core Data for Automotive Mechanical Design Process');
#7450=PRODUCT_CONTEXT('3D Mechanical Parts',#7449,'mechanical');
#7451=PRODUCT('machine 3','machine 3',$,(#7450));
#7452=PRESENTATION_STYLE_ASSIGNMENT((#7467));
#7453=PRESENTATION_STYLE_ASSIGNMENT((#7468));
#7454=PRESENTATION_STYLE_ASSIGNMENT((#7469));
#7455=PRESENTATION_STYLE_ASSIGNMENT((#7470));
#7456=PRESENTATION_STYLE_ASSIGNMENT((#7471));
#7457=PRESENTATION_STYLE_ASSIGNMENT((#7472));
#7458=PRESENTATION_STYLE_ASSIGNMENT((#7473));
#7459=PRESENTATION_STYLE_ASSIGNMENT((#7474));
#7460=PRESENTATION_STYLE_ASSIGNMENT((#7475));
#7461=PRESENTATION_STYLE_ASSIGNMENT((#7476));
#7462=PRESENTATION_STYLE_ASSIGNMENT((#7477));
#7463=PRESENTATION_STYLE_ASSIGNMENT((#7478));
#7464=PRESENTATION_STYLE_ASSIGNMENT((#7479));
#7465=PRESENTATION_STYLE_ASSIGNMENT((#7480));
#7466=PRESENTATION_STYLE_ASSIGNMENT((#7481));
#7467=SURFACE_STYLE_USAGE(.BOTH.,#7482);
#7468=SURFACE_STYLE_USAGE(.BOTH.,#7483);
#7469=SURFACE_STYLE_USAGE(.BOTH.,#7484);
#7470=SURFACE_STYLE_USAGE(.BOTH.,#7485);
#7471=SURFACE_STYLE_USAGE(.BOTH.,#7486);
#7472=SURFACE_STYLE_USAGE(.BOTH.,#7487);
#7473=SURFACE_STYLE_USAGE(.BOTH.,#7488);
#7474=SURFACE_STYLE_USAGE(.BOTH.,#7489);
#7475=SURFACE_STYLE_USAGE(.BOTH.,#7490);
#7476=SURFACE_STYLE_USAGE(.BOTH.,#7491);
#7477=SURFACE_STYLE_USAGE(.BOTH.,#7492);
#7478=SURFACE_STYLE_USAGE(.BOTH.,#7493);
#7479=SURFACE_STYLE_USAGE(.BOTH.,#7494);
#7480=SURFACE_STYLE_USAGE(.BOTH.,#7495);
#7481=SURFACE_STYLE_USAGE(.BOTH.,#7496);
#7482=SURFACE_SIDE_STYLE($,(#7497));
#7483=SURFACE_SIDE_STYLE($,(#7498));
#7484=SURFACE_SIDE_STYLE($,(#7499));
#7485=SURFACE_SIDE_STYLE($,(#7500));
#7486=SURFACE_SIDE_STYLE($,(#7501));
#7487=SURFACE_SIDE_STYLE($,(#7502));
#7488=SURFACE_SIDE_STYLE($,(#7503));
#7489=SURFACE_SIDE_STYLE($,(#7504));
#7490=SURFACE_SIDE_STYLE($,(#7505));
#7491=SURFACE_SIDE_STYLE($,(#7506));
#7492=SURFACE_SIDE_STYLE($,(#7507));
#7493=SURFACE_SIDE_STYLE($,(#7508));
#7494=SURFACE_SIDE_STYLE($,(#7509));
#7495=SURFACE_SIDE_STYLE($,(#7510));
#7496=SURFACE_SIDE_STYLE($,(#7511));
#7497=SURFACE_STYLE_FILL_AREA(#7512);
#7498=SURFACE_STYLE_FILL_AREA(#7513);
#7499=SURFACE_STYLE_FILL_AREA(#7514);
#7500=SURFACE_STYLE_FILL_AREA(#7515);
#7501=SURFACE_STYLE_FILL_AREA(#7516);
#7502=SURFACE_STYLE_FILL_AREA(#7517);
#7503=SURFACE_STYLE_FILL_AREA(#7518);
#7504=SURFACE_STYLE_FILL_AREA(#7519);
#7505=SURFACE_STYLE_FILL_AREA(#7520);
#7506=SURFACE_STYLE_FILL_AREA(#7521);
#7507=SURFACE_STYLE_FILL_AREA(#7522);
#7508=SURFACE_STYLE_FILL_AREA(#7523);
#7509=SURFACE_STYLE_FILL_AREA(#7524);
#7510=SURFACE_STYLE_FILL_AREA(#7525);
#7511=SURFACE_STYLE_FILL_AREA(#7526);
#7512=FILL_AREA_STYLE($,(#7527));
#7513=FILL_AREA_STYLE($,(#7528));
#7514=FILL_AREA_STYLE($,(#7529));
#7515=FILL_AREA_STYLE($,(#7530));
#7516=FILL_AREA_STYLE($,(#7531));
#7517=FILL_AREA_STYLE($,(#7532));
#7518=FILL_AREA_STYLE($,(#7533));
#7519=FILL_AREA_STYLE($,(#7534));
#7520=FILL_AREA_STYLE($,(#7535));
#7521=FILL_AREA_STYLE($,(#7536));
#7522=FILL_AREA_STYLE($,(#7537));
#7523=FILL_AREA_STYLE($,(#7538));
#7524=FILL_AREA_STYLE($,(#7539));
#7525=FILL_AREA_STYLE($,(#7540));
#7526=FILL_AREA_STYLE($,(#7541));
#7527=FILL_AREA_STYLE_COLOUR($,#7542);
#7528=FILL_AREA_STYLE_COLOUR($,#7543);
#7529=FILL_AREA_STYLE_COLOUR($,#7544);
#7530=FILL_AREA_STYLE_COLOUR($,#7545);
#7531=FILL_AREA_STYLE_COLOUR($,#7546);
#7532=FILL_AREA_STYLE_COLOUR($,#7547);
#7533=FILL_AREA_STYLE_COLOUR($,#7548);
#7534=FILL_AREA_STYLE_COLOUR($,#7549);
#7535=FILL_AREA_STYLE_COLOUR($,#7550);
#7536=FILL_AREA_STYLE_COLOUR($,#7551);
#7537=FILL_AREA_STYLE_COLOUR($,#7552);
#7538=FILL_AREA_STYLE_COLOUR($,#7553);
#7539=FILL_AREA_STYLE_COLOUR($,#7554);
#7540=FILL_AREA_STYLE_COLOUR($,#7555);
#7541=FILL_AREA_STYLE_COLOUR($,#7556);
#7542=COLOUR_RGB('__RGBA_0.827451_0.929412_0.952941',0.827450980392157,
0.929411764705882,0.952941176470588);
#7543=COLOUR_RGB('__RGBA_0.0196078_0.105882_0.156863',0.0196078431372549,
0.105882352941176,0.156862745098039);
#7544=COLOUR_RGB('__RGBA_0.380392_0.431373_0.443137',0.380392156862745,
0.431372549019608,0.443137254901961);
#7545=COLOUR_RGB('__RGBA_0.168627_0.282353_0.34902',0.168627450980392,0.282352941176471,
0.349019607843137);
#7546=COLOUR_RGB('__RGBA_0.352941_0.933333_0.321569',0.352941176470588,
0.933333333333333,0.32156862745098);
#7547=COLOUR_RGB('__RGBA_0.737255_0.819608_0.72549',0.737254901960784,0.819607843137255,
0.725490196078431);
#7548=COLOUR_RGB('__RGBA_0.552941_0.678431_0.709804',0.552941176470588,
0.67843137254902,0.709803921568627);
#7549=COLOUR_RGB('__RGBA_0.580392_0.803922_0.85098',0.580392156862745,0.803921568627451,
0.850980392156863);
#7550=COLOUR_RGB('__RGBA_0.933333_0.333333_0.321569',0.933333333333333,
0.333333333333333,0.32156862745098);
#7551=COLOUR_RGB('__RGBA_0.0196078_0.0941176_0.113725',0.0196078431372549,
0.0941176470588235,0.113725490196078);
#7552=COLOUR_RGB('__RGBA_0.258824_0.270588_0.27451',0.258823529411765,0.270588235294118,
0.274509803921569);
#7553=COLOUR_RGB('__RGBA_0.784314_0.858824_0.87451',0.784313725490196,0.858823529411765,
0.874509803921569);
#7554=COLOUR_RGB('__RGBA_0.282353_0.368627_0.415686',0.282352941176471,
0.368627450980392,0.415686274509804);
#7555=COLOUR_RGB('__RGBA_0.537255_0.776471_0.772549',0.537254901960784,
0.776470588235294,0.772549019607843);
#7556=COLOUR_RGB('__RGBA_0.827451_0.858824_0.87451',0.827450980392157,0.858823529411765,
0.874509803921569);
ENDSEC;
END-ISO-10303-21;
