ISO-10303-21;
HEADER;
/* Generated by software containing ST-Developer
 * from STEP Tools, Inc. (www.steptools.com) 
 */

FILE_DESCRIPTION(
/* description */ (''),
/* implementation_level */ '2;1');

FILE_NAME(
/* name */ 
'C:/Users/max/Desktop/extra files/lab objects/Machine 4/Step file/mach
ine 4.stp',
/* time_stamp */ '2025-12-06T03:56:14+00:00',
/* author */ (''),
/* organization */ (''),
/* preprocessor_version */ 'ST-DEVELOPER v15.2',
/* originating_system */ 'Autodesk Translator Framework v2.0.0.5431',
/* authorisation */ '');

FILE_SCHEMA (('AUTOMOTIVE_DESIGN { 1 0 10303 214 3 1 1 }'));
ENDSEC;

DATA;
#10=FACE_BOUND($,#138,.T.);
#11=FACE_BOUND($,#147,.T.);
#12=FACE_BOUND($,#149,.T.);
#13=FACE_BOUND($,#150,.T.);
#14=FACE_BOUND($,#171,.T.);
#15=FACE_BOUND($,#172,.T.);
#16=FACE_BOUND($,#173,.T.);
#17=FACE_BOUND($,#174,.T.);
#18=FACE_BOUND($,#175,.T.);
#19=CIRCLE($,#1493,0.02);
#20=CIRCLE($,#1494,0.02);
#21=CIRCLE($,#1495,0.02);
#22=CIRCLE($,#1504,0.1);
#23=CIRCLE($,#1505,0.1);
#24=CYLINDRICAL_SURFACE($,#1492,0.02);
#25=CYLINDRICAL_SURFACE($,#1503,0.1);
#26=SHAPE_REPRESENTATION_RELATIONSHIP('SRR','None',#2361,#27);
#27=ADVANCED_BREP_SHAPE_REPRESENTATION($,(#1469,#1470,#1471,#1472,#1473,
#1474,#1475,#1476,#1477,#1478),#2355);
#28=STYLED_ITEM($,(#2369),#1469);
#29=STYLED_ITEM($,(#2369),#1470);
#30=STYLED_ITEM($,(#2370),#1471);
#31=STYLED_ITEM($,(#2369),#1472);
#32=STYLED_ITEM($,(#2371),#1473);
#33=STYLED_ITEM($,(#2369),#1474);
#34=STYLED_ITEM($,(#2369),#1475);
#35=STYLED_ITEM($,(#2369),#1476);
#36=STYLED_ITEM($,(#2371),#1477);
#37=STYLED_ITEM($,(#2370),#1478);
#38=FACE_OUTER_BOUND($,#125,.T.);
#39=FACE_OUTER_BOUND($,#126,.T.);
#40=FACE_OUTER_BOUND($,#127,.T.);
#41=FACE_OUTER_BOUND($,#128,.T.);
#42=FACE_OUTER_BOUND($,#129,.T.);
#43=FACE_OUTER_BOUND($,#130,.T.);
#44=FACE_OUTER_BOUND($,#131,.T.);
#45=FACE_OUTER_BOUND($,#132,.T.);
#46=FACE_OUTER_BOUND($,#133,.T.);
#47=FACE_OUTER_BOUND($,#134,.T.);
#48=FACE_OUTER_BOUND($,#135,.T.);
#49=FACE_OUTER_BOUND($,#136,.T.);
#50=FACE_OUTER_BOUND($,#137,.T.);
#51=FACE_OUTER_BOUND($,#139,.T.);
#52=FACE_OUTER_BOUND($,#140,.T.);
#53=FACE_OUTER_BOUND($,#141,.T.);
#54=FACE_OUTER_BOUND($,#142,.T.);
#55=FACE_OUTER_BOUND($,#143,.T.);
#56=FACE_OUTER_BOUND($,#144,.T.);
#57=FACE_OUTER_BOUND($,#145,.T.);
#58=FACE_OUTER_BOUND($,#146,.T.);
#59=FACE_OUTER_BOUND($,#148,.T.);
#60=FACE_OUTER_BOUND($,#151,.T.);
#61=FACE_OUTER_BOUND($,#152,.T.);
#62=FACE_OUTER_BOUND($,#153,.T.);
#63=FACE_OUTER_BOUND($,#154,.T.);
#64=FACE_OUTER_BOUND($,#155,.T.);
#65=FACE_OUTER_BOUND($,#156,.T.);
#66=FACE_OUTER_BOUND($,#157,.T.);
#67=FACE_OUTER_BOUND($,#158,.T.);
#68=FACE_OUTER_BOUND($,#159,.T.);
#69=FACE_OUTER_BOUND($,#160,.T.);
#70=FACE_OUTER_BOUND($,#161,.T.);
#71=FACE_OUTER_BOUND($,#162,.T.);
#72=FACE_OUTER_BOUND($,#163,.T.);
#73=FACE_OUTER_BOUND($,#164,.T.);
#74=FACE_OUTER_BOUND($,#165,.T.);
#75=FACE_OUTER_BOUND($,#166,.T.);
#76=FACE_OUTER_BOUND($,#167,.T.);
#77=FACE_OUTER_BOUND($,#168,.T.);
#78=FACE_OUTER_BOUND($,#169,.T.);
#79=FACE_OUTER_BOUND($,#170,.T.);
#80=FACE_OUTER_BOUND($,#176,.T.);
#81=FACE_OUTER_BOUND($,#177,.T.);
#82=FACE_OUTER_BOUND($,#178,.T.);
#83=FACE_OUTER_BOUND($,#179,.T.);
#84=FACE_OUTER_BOUND($,#180,.T.);
#85=FACE_OUTER_BOUND($,#181,.T.);
#86=FACE_OUTER_BOUND($,#182,.T.);
#87=FACE_OUTER_BOUND($,#183,.T.);
#88=FACE_OUTER_BOUND($,#184,.T.);
#89=FACE_OUTER_BOUND($,#185,.T.);
#90=FACE_OUTER_BOUND($,#186,.T.);
#91=FACE_OUTER_BOUND($,#187,.T.);
#92=FACE_OUTER_BOUND($,#188,.T.);
#93=FACE_OUTER_BOUND($,#189,.T.);
#94=FACE_OUTER_BOUND($,#190,.T.);
#95=FACE_OUTER_BOUND($,#191,.T.);
#96=FACE_OUTER_BOUND($,#192,.T.);
#97=FACE_OUTER_BOUND($,#193,.T.);
#98=FACE_OUTER_BOUND($,#194,.T.);
#99=FACE_OUTER_BOUND($,#195,.T.);
#100=FACE_OUTER_BOUND($,#196,.T.);
#101=FACE_OUTER_BOUND($,#197,.T.);
#102=FACE_OUTER_BOUND($,#198,.T.);
#103=FACE_OUTER_BOUND($,#199,.T.);
#104=FACE_OUTER_BOUND($,#200,.T.);
#105=FACE_OUTER_BOUND($,#201,.T.);
#106=FACE_OUTER_BOUND($,#202,.T.);
#107=FACE_OUTER_BOUND($,#203,.T.);
#108=FACE_OUTER_BOUND($,#204,.T.);
#109=FACE_OUTER_BOUND($,#205,.T.);
#110=FACE_OUTER_BOUND($,#206,.T.);
#111=FACE_OUTER_BOUND($,#207,.T.);
#112=FACE_OUTER_BOUND($,#208,.T.);
#113=FACE_OUTER_BOUND($,#209,.T.);
#114=FACE_OUTER_BOUND($,#210,.T.);
#115=FACE_OUTER_BOUND($,#211,.T.);
#116=FACE_OUTER_BOUND($,#212,.T.);
#117=FACE_OUTER_BOUND($,#213,.T.);
#118=FACE_OUTER_BOUND($,#214,.T.);
#119=FACE_OUTER_BOUND($,#215,.T.);
#120=FACE_OUTER_BOUND($,#216,.T.);
#121=FACE_OUTER_BOUND($,#217,.T.);
#122=FACE_OUTER_BOUND($,#218,.T.);
#123=FACE_OUTER_BOUND($,#219,.T.);
#124=FACE_OUTER_BOUND($,#220,.T.);
#125=EDGE_LOOP($,(#905,#906,#907,#908));
#126=EDGE_LOOP($,(#909,#910,#911,#912));
#127=EDGE_LOOP($,(#913,#914,#915,#916));
#128=EDGE_LOOP($,(#917,#918,#919,#920));
#129=EDGE_LOOP($,(#921,#922,#923,#924));
#130=EDGE_LOOP($,(#925,#926,#927,#928));
#131=EDGE_LOOP($,(#929,#930,#931,#932));
#132=EDGE_LOOP($,(#933,#934,#935,#936));
#133=EDGE_LOOP($,(#937,#938,#939,#940));
#134=EDGE_LOOP($,(#941,#942,#943,#944));
#135=EDGE_LOOP($,(#945,#946,#947,#948));
#136=EDGE_LOOP($,(#949,#950,#951,#952));
#137=EDGE_LOOP($,(#953,#954,#955,#956));
#138=EDGE_LOOP($,(#957));
#139=EDGE_LOOP($,(#958,#959));
#140=EDGE_LOOP($,(#960,#961,#962,#963,#964,#965,#966,#967));
#141=EDGE_LOOP($,(#968,#969,#970,#971));
#142=EDGE_LOOP($,(#972,#973,#974,#975,#976,#977));
#143=EDGE_LOOP($,(#978,#979,#980,#981));
#144=EDGE_LOOP($,(#982,#983,#984,#985));
#145=EDGE_LOOP($,(#986,#987,#988,#989));
#146=EDGE_LOOP($,(#990));
#147=EDGE_LOOP($,(#991));
#148=EDGE_LOOP($,(#992));
#149=EDGE_LOOP($,(#993));
#150=EDGE_LOOP($,(#994));
#151=EDGE_LOOP($,(#995,#996,#997,#998));
#152=EDGE_LOOP($,(#999,#1000,#1001,#1002));
#153=EDGE_LOOP($,(#1003,#1004,#1005,#1006));
#154=EDGE_LOOP($,(#1007,#1008,#1009,#1010));
#155=EDGE_LOOP($,(#1011,#1012,#1013,#1014));
#156=EDGE_LOOP($,(#1015,#1016,#1017,#1018));
#157=EDGE_LOOP($,(#1019,#1020,#1021,#1022));
#158=EDGE_LOOP($,(#1023,#1024,#1025,#1026));
#159=EDGE_LOOP($,(#1027,#1028,#1029,#1030));
#160=EDGE_LOOP($,(#1031,#1032,#1033,#1034));
#161=EDGE_LOOP($,(#1035,#1036,#1037,#1038));
#162=EDGE_LOOP($,(#1039,#1040,#1041,#1042));
#163=EDGE_LOOP($,(#1043,#1044,#1045,#1046));
#164=EDGE_LOOP($,(#1047,#1048,#1049,#1050));
#165=EDGE_LOOP($,(#1051,#1052,#1053,#1054));
#166=EDGE_LOOP($,(#1055,#1056,#1057,#1058));
#167=EDGE_LOOP($,(#1059,#1060,#1061,#1062));
#168=EDGE_LOOP($,(#1063,#1064,#1065,#1066));
#169=EDGE_LOOP($,(#1067,#1068,#1069,#1070));
#170=EDGE_LOOP($,(#1071,#1072,#1073,#1074));
#171=EDGE_LOOP($,(#1075,#1076,#1077,#1078));
#172=EDGE_LOOP($,(#1079,#1080,#1081,#1082));
#173=EDGE_LOOP($,(#1083,#1084,#1085,#1086));
#174=EDGE_LOOP($,(#1087,#1088,#1089,#1090));
#175=EDGE_LOOP($,(#1091,#1092,#1093,#1094));
#176=EDGE_LOOP($,(#1095,#1096,#1097,#1098,#1099,#1100,#1101,#1102));
#177=EDGE_LOOP($,(#1103,#1104,#1105,#1106));
#178=EDGE_LOOP($,(#1107,#1108,#1109,#1110,#1111,#1112,#1113,#1114));
#179=EDGE_LOOP($,(#1115,#1116,#1117,#1118));
#180=EDGE_LOOP($,(#1119,#1120,#1121,#1122));
#181=EDGE_LOOP($,(#1123,#1124,#1125,#1126));
#182=EDGE_LOOP($,(#1127,#1128,#1129,#1130));
#183=EDGE_LOOP($,(#1131,#1132,#1133,#1134));
#184=EDGE_LOOP($,(#1135,#1136,#1137,#1138));
#185=EDGE_LOOP($,(#1139,#1140,#1141,#1142));
#186=EDGE_LOOP($,(#1143,#1144,#1145,#1146));
#187=EDGE_LOOP($,(#1147,#1148,#1149,#1150));
#188=EDGE_LOOP($,(#1151,#1152,#1153,#1154));
#189=EDGE_LOOP($,(#1155,#1156,#1157,#1158));
#190=EDGE_LOOP($,(#1159,#1160,#1161,#1162));
#191=EDGE_LOOP($,(#1163,#1164,#1165,#1166));
#192=EDGE_LOOP($,(#1167,#1168,#1169,#1170));
#193=EDGE_LOOP($,(#1171,#1172,#1173,#1174));
#194=EDGE_LOOP($,(#1175,#1176,#1177,#1178));
#195=EDGE_LOOP($,(#1179,#1180,#1181,#1182));
#196=EDGE_LOOP($,(#1183,#1184,#1185,#1186));
#197=EDGE_LOOP($,(#1187,#1188,#1189,#1190));
#198=EDGE_LOOP($,(#1191,#1192,#1193,#1194));
#199=EDGE_LOOP($,(#1195,#1196,#1197,#1198));
#200=EDGE_LOOP($,(#1199,#1200,#1201,#1202));
#201=EDGE_LOOP($,(#1203,#1204,#1205,#1206));
#202=EDGE_LOOP($,(#1207,#1208,#1209,#1210));
#203=EDGE_LOOP($,(#1211,#1212,#1213,#1214));
#204=EDGE_LOOP($,(#1215,#1216,#1217,#1218));
#205=EDGE_LOOP($,(#1219,#1220,#1221,#1222));
#206=EDGE_LOOP($,(#1223,#1224,#1225,#1226));
#207=EDGE_LOOP($,(#1227,#1228,#1229,#1230));
#208=EDGE_LOOP($,(#1231,#1232,#1233,#1234));
#209=EDGE_LOOP($,(#1235,#1236,#1237,#1238));
#210=EDGE_LOOP($,(#1239,#1240,#1241,#1242));
#211=EDGE_LOOP($,(#1243,#1244,#1245,#1246));
#212=EDGE_LOOP($,(#1247,#1248,#1249,#1250));
#213=EDGE_LOOP($,(#1251,#1252,#1253,#1254));
#214=EDGE_LOOP($,(#1255,#1256,#1257,#1258));
#215=EDGE_LOOP($,(#1259,#1260,#1261,#1262));
#216=EDGE_LOOP($,(#1263,#1264,#1265,#1266));
#217=EDGE_LOOP($,(#1267,#1268,#1269,#1270));
#218=EDGE_LOOP($,(#1271,#1272,#1273,#1274));
#219=EDGE_LOOP($,(#1275,#1276,#1277,#1278));
#220=EDGE_LOOP($,(#1279,#1280,#1281,#1282));
#221=LINE($,#1952,#405);
#222=LINE($,#1954,#406);
#223=LINE($,#1956,#407);
#224=LINE($,#1957,#408);
#225=LINE($,#1960,#409);
#226=LINE($,#1962,#410);
#227=LINE($,#1963,#411);
#228=LINE($,#1966,#412);
#229=LINE($,#1968,#413);
#230=LINE($,#1969,#414);
#231=LINE($,#1971,#415);
#232=LINE($,#1972,#416);
#233=LINE($,#1978,#417);
#234=LINE($,#1980,#418);
#235=LINE($,#1982,#419);
#236=LINE($,#1983,#420);
#237=LINE($,#1987,#421);
#238=LINE($,#1989,#422);
#239=LINE($,#1991,#423);
#240=LINE($,#1992,#424);
#241=LINE($,#1994,#425);
#242=LINE($,#1995,#426);
#243=LINE($,#1997,#427);
#244=LINE($,#1999,#428);
#245=LINE($,#2004,#429);
#246=LINE($,#2008,#430);
#247=LINE($,#2013,#431);
#248=LINE($,#2016,#432);
#249=LINE($,#2018,#433);
#250=LINE($,#2020,#434);
#251=LINE($,#2022,#435);
#252=LINE($,#2023,#436);
#253=LINE($,#2027,#437);
#254=LINE($,#2029,#438);
#255=LINE($,#2031,#439);
#256=LINE($,#2032,#440);
#257=LINE($,#2034,#441);
#258=LINE($,#2035,#442);
#259=LINE($,#2037,#443);
#260=LINE($,#2039,#444);
#261=LINE($,#2051,#445);
#262=LINE($,#2053,#446);
#263=LINE($,#2055,#447);
#264=LINE($,#2056,#448);
#265=LINE($,#2060,#449);
#266=LINE($,#2062,#450);
#267=LINE($,#2064,#451);
#268=LINE($,#2065,#452);
#269=LINE($,#2068,#453);
#270=LINE($,#2070,#454);
#271=LINE($,#2071,#455);
#272=LINE($,#2073,#456);
#273=LINE($,#2074,#457);
#274=LINE($,#2077,#458);
#275=LINE($,#2079,#459);
#276=LINE($,#2080,#460);
#277=LINE($,#2084,#461);
#278=LINE($,#2086,#462);
#279=LINE($,#2088,#463);
#280=LINE($,#2089,#464);
#281=LINE($,#2092,#465);
#282=LINE($,#2094,#466);
#283=LINE($,#2095,#467);
#284=LINE($,#2098,#468);
#285=LINE($,#2099,#469);
#286=LINE($,#2102,#470);
#287=LINE($,#2103,#471);
#288=LINE($,#2105,#472);
#289=LINE($,#2109,#473);
#290=LINE($,#2111,#474);
#291=LINE($,#2113,#475);
#292=LINE($,#2114,#476);
#293=LINE($,#2117,#477);
#294=LINE($,#2119,#478);
#295=LINE($,#2120,#479);
#296=LINE($,#2123,#480);
#297=LINE($,#2124,#481);
#298=LINE($,#2127,#482);
#299=LINE($,#2128,#483);
#300=LINE($,#2130,#484);
#301=LINE($,#2134,#485);
#302=LINE($,#2136,#486);
#303=LINE($,#2138,#487);
#304=LINE($,#2139,#488);
#305=LINE($,#2142,#489);
#306=LINE($,#2144,#490);
#307=LINE($,#2145,#491);
#308=LINE($,#2148,#492);
#309=LINE($,#2149,#493);
#310=LINE($,#2152,#494);
#311=LINE($,#2153,#495);
#312=LINE($,#2155,#496);
#313=LINE($,#2159,#497);
#314=LINE($,#2161,#498);
#315=LINE($,#2163,#499);
#316=LINE($,#2164,#500);
#317=LINE($,#2167,#501);
#318=LINE($,#2169,#502);
#319=LINE($,#2171,#503);
#320=LINE($,#2172,#504);
#321=LINE($,#2174,#505);
#322=LINE($,#2175,#506);
#323=LINE($,#2177,#507);
#324=LINE($,#2179,#508);
#325=LINE($,#2183,#509);
#326=LINE($,#2185,#510);
#327=LINE($,#2186,#511);
#328=LINE($,#2189,#512);
#329=LINE($,#2190,#513);
#330=LINE($,#2193,#514);
#331=LINE($,#2194,#515);
#332=LINE($,#2196,#516);
#333=LINE($,#2201,#517);
#334=LINE($,#2203,#518);
#335=LINE($,#2205,#519);
#336=LINE($,#2206,#520);
#337=LINE($,#2210,#521);
#338=LINE($,#2212,#522);
#339=LINE($,#2214,#523);
#340=LINE($,#2215,#524);
#341=LINE($,#2217,#525);
#342=LINE($,#2218,#526);
#343=LINE($,#2220,#527);
#344=LINE($,#2222,#528);
#345=LINE($,#2227,#529);
#346=LINE($,#2229,#530);
#347=LINE($,#2231,#531);
#348=LINE($,#2232,#532);
#349=LINE($,#2236,#533);
#350=LINE($,#2238,#534);
#351=LINE($,#2240,#535);
#352=LINE($,#2241,#536);
#353=LINE($,#2243,#537);
#354=LINE($,#2244,#538);
#355=LINE($,#2246,#539);
#356=LINE($,#2248,#540);
#357=LINE($,#2253,#541);
#358=LINE($,#2255,#542);
#359=LINE($,#2257,#543);
#360=LINE($,#2258,#544);
#361=LINE($,#2262,#545);
#362=LINE($,#2264,#546);
#363=LINE($,#2266,#547);
#364=LINE($,#2267,#548);
#365=LINE($,#2269,#549);
#366=LINE($,#2270,#550);
#367=LINE($,#2272,#551);
#368=LINE($,#2274,#552);
#369=LINE($,#2279,#553);
#370=LINE($,#2281,#554);
#371=LINE($,#2283,#555);
#372=LINE($,#2284,#556);
#373=LINE($,#2288,#557);
#374=LINE($,#2290,#558);
#375=LINE($,#2292,#559);
#376=LINE($,#2293,#560);
#377=LINE($,#2295,#561);
#378=LINE($,#2296,#562);
#379=LINE($,#2298,#563);
#380=LINE($,#2300,#564);
#381=LINE($,#2305,#565);
#382=LINE($,#2307,#566);
#383=LINE($,#2309,#567);
#384=LINE($,#2310,#568);
#385=LINE($,#2314,#569);
#386=LINE($,#2316,#570);
#387=LINE($,#2318,#571);
#388=LINE($,#2319,#572);
#389=LINE($,#2321,#573);
#390=LINE($,#2322,#574);
#391=LINE($,#2324,#575);
#392=LINE($,#2326,#576);
#393=LINE($,#2331,#577);
#394=LINE($,#2333,#578);
#395=LINE($,#2335,#579);
#396=LINE($,#2336,#580);
#397=LINE($,#2340,#581);
#398=LINE($,#2342,#582);
#399=LINE($,#2344,#583);
#400=LINE($,#2345,#584);
#401=LINE($,#2347,#585);
#402=LINE($,#2348,#586);
#403=LINE($,#2350,#587);
#404=LINE($,#2352,#588);
#405=VECTOR($,#1578,1.95);
#406=VECTOR($,#1579,0.0999999999999943);
#407=VECTOR($,#1580,1.95);
#408=VECTOR($,#1581,0.1);
#409=VECTOR($,#1584,1.);
#410=VECTOR($,#1585,1.);
#411=VECTOR($,#1586,0.1);
#412=VECTOR($,#1589,1.95);
#413=VECTOR($,#1590,1.95);
#414=VECTOR($,#1591,0.0999999999999943);
#415=VECTOR($,#1594,1.);
#416=VECTOR($,#1595,1.);
#417=VECTOR($,#1602,0.1);
#418=VECTOR($,#1603,0.0999999999999996);
#419=VECTOR($,#1604,0.1);
#420=VECTOR($,#1605,0.0999999999999996);
#421=VECTOR($,#1608,0.0999999999999996);
#422=VECTOR($,#1609,0.0999999999999996);
#423=VECTOR($,#1610,0.0999999999999996);
#424=VECTOR($,#1611,0.0999999999999996);
#425=VECTOR($,#1614,0.9);
#426=VECTOR($,#1615,0.9);
#427=VECTOR($,#1618,0.9);
#428=VECTOR($,#1621,0.9);
#429=VECTOR($,#1626,0.15);
#430=VECTOR($,#1629,0.15);
#431=VECTOR($,#1636,0.0102450264299056);
#432=VECTOR($,#1639,0.144877486785047);
#433=VECTOR($,#1640,0.3);
#434=VECTOR($,#1641,0.3);
#435=VECTOR($,#1642,0.3);
#436=VECTOR($,#1643,0.144877486785047);
#437=VECTOR($,#1646,0.3);
#438=VECTOR($,#1647,0.299999999999999);
#439=VECTOR($,#1648,0.3);
#440=VECTOR($,#1649,0.299999999999999);
#441=VECTOR($,#1652,0.0500000000000004);
#442=VECTOR($,#1653,0.0499999999999997);
#443=VECTOR($,#1656,0.0499999999999997);
#444=VECTOR($,#1659,0.0500000000000004);
#445=VECTOR($,#1674,0.4);
#446=VECTOR($,#1675,0.00499999999999989);
#447=VECTOR($,#1676,0.4);
#448=VECTOR($,#1677,0.00499999999999989);
#449=VECTOR($,#1680,0.0499999999999998);
#450=VECTOR($,#1681,0.4);
#451=VECTOR($,#1682,0.0499999999999998);
#452=VECTOR($,#1683,0.4);
#453=VECTOR($,#1686,0.4);
#454=VECTOR($,#1687,0.4);
#455=VECTOR($,#1688,0.4);
#456=VECTOR($,#1691,0.4);
#457=VECTOR($,#1692,0.4);
#458=VECTOR($,#1695,0.354999999999999);
#459=VECTOR($,#1696,0.399999999999999);
#460=VECTOR($,#1697,0.355);
#461=VECTOR($,#1700,0.0357142857142863);
#462=VECTOR($,#1701,0.569999999685292);
#463=VECTOR($,#1702,0.0357142857142863);
#464=VECTOR($,#1703,0.569999999685292);
#465=VECTOR($,#1706,0.040650406504068);
#466=VECTOR($,#1707,0.569999999685292);
#467=VECTOR($,#1708,0.040650406504068);
#468=VECTOR($,#1711,0.0357142857142863);
#469=VECTOR($,#1712,0.040650406504068);
#470=VECTOR($,#1715,0.0357142857142863);
#471=VECTOR($,#1716,0.569999999685292);
#472=VECTOR($,#1719,0.040650406504068);
#473=VECTOR($,#1722,0.0357142857142863);
#474=VECTOR($,#1723,0.569999999685292);
#475=VECTOR($,#1724,0.0357142857142863);
#476=VECTOR($,#1725,0.569999999685292);
#477=VECTOR($,#1728,0.040650406504068);
#478=VECTOR($,#1729,0.569999999685292);
#479=VECTOR($,#1730,0.040650406504068);
#480=VECTOR($,#1733,0.0357142857142863);
#481=VECTOR($,#1734,0.040650406504068);
#482=VECTOR($,#1737,0.0357142857142863);
#483=VECTOR($,#1738,0.569999999685292);
#484=VECTOR($,#1741,0.040650406504068);
#485=VECTOR($,#1744,0.0357142857142863);
#486=VECTOR($,#1745,0.569999999685292);
#487=VECTOR($,#1746,0.0357142857142863);
#488=VECTOR($,#1747,0.569999999685292);
#489=VECTOR($,#1750,0.040650406504068);
#490=VECTOR($,#1751,0.569999999685292);
#491=VECTOR($,#1752,0.040650406504068);
#492=VECTOR($,#1755,0.0357142857142863);
#493=VECTOR($,#1756,0.040650406504068);
#494=VECTOR($,#1759,0.0357142857142863);
#495=VECTOR($,#1760,0.569999999685292);
#496=VECTOR($,#1763,0.040650406504068);
#497=VECTOR($,#1766,0.4);
#498=VECTOR($,#1767,0.4);
#499=VECTOR($,#1768,0.4);
#500=VECTOR($,#1769,0.4);
#501=VECTOR($,#1770,0.040650406504068);
#502=VECTOR($,#1771,0.0357142857142863);
#503=VECTOR($,#1772,0.040650406504068);
#504=VECTOR($,#1773,0.0357142857142863);
#505=VECTOR($,#1776,0.0300000003147081);
#506=VECTOR($,#1777,0.0300000003147081);
#507=VECTOR($,#1780,0.0300000003147081);
#508=VECTOR($,#1783,0.0300000003147081);
#509=VECTOR($,#1788,0.569999999685292);
#510=VECTOR($,#1789,0.040650406504068);
#511=VECTOR($,#1790,0.569999999685292);
#512=VECTOR($,#1793,0.569999999685292);
#513=VECTOR($,#1794,0.0357142857142863);
#514=VECTOR($,#1797,0.040650406504068);
#515=VECTOR($,#1798,0.0357142857142863);
#516=VECTOR($,#1801,0.569999999685292);
#517=VECTOR($,#1806,0.25);
#518=VECTOR($,#1807,0.3);
#519=VECTOR($,#1808,0.25);
#520=VECTOR($,#1809,0.3);
#521=VECTOR($,#1812,0.25);
#522=VECTOR($,#1813,0.3);
#523=VECTOR($,#1814,0.25);
#524=VECTOR($,#1815,0.3);
#525=VECTOR($,#1818,0.075);
#526=VECTOR($,#1819,0.075);
#527=VECTOR($,#1822,0.075);
#528=VECTOR($,#1825,0.075);
#529=VECTOR($,#1830,0.1);
#530=VECTOR($,#1831,0.0999999999999996);
#531=VECTOR($,#1832,0.1);
#532=VECTOR($,#1833,0.0999999999999996);
#533=VECTOR($,#1836,0.0999999999999996);
#534=VECTOR($,#1837,0.0999999999999996);
#535=VECTOR($,#1838,0.0999999999999996);
#536=VECTOR($,#1839,0.0999999999999996);
#537=VECTOR($,#1842,0.9);
#538=VECTOR($,#1843,0.9);
#539=VECTOR($,#1846,0.9);
#540=VECTOR($,#1849,0.9);
#541=VECTOR($,#1854,0.1);
#542=VECTOR($,#1855,0.0999999999999996);
#543=VECTOR($,#1856,0.1);
#544=VECTOR($,#1857,0.0999999999999996);
#545=VECTOR($,#1860,0.0999999999999996);
#546=VECTOR($,#1861,0.0999999999999996);
#547=VECTOR($,#1862,0.0999999999999996);
#548=VECTOR($,#1863,0.0999999999999996);
#549=VECTOR($,#1866,0.9);
#550=VECTOR($,#1867,0.9);
#551=VECTOR($,#1870,0.9);
#552=VECTOR($,#1873,0.9);
#553=VECTOR($,#1878,0.1);
#554=VECTOR($,#1879,0.0999999999999996);
#555=VECTOR($,#1880,0.1);
#556=VECTOR($,#1881,0.0999999999999996);
#557=VECTOR($,#1884,0.0999999999999996);
#558=VECTOR($,#1885,0.0999999999999996);
#559=VECTOR($,#1886,0.0999999999999996);
#560=VECTOR($,#1887,0.0999999999999996);
#561=VECTOR($,#1890,0.9);
#562=VECTOR($,#1891,0.9);
#563=VECTOR($,#1894,0.9);
#564=VECTOR($,#1897,0.9);
#565=VECTOR($,#1902,0.5);
#566=VECTOR($,#1903,0.6);
#567=VECTOR($,#1904,0.5);
#568=VECTOR($,#1905,0.6);
#569=VECTOR($,#1908,0.5);
#570=VECTOR($,#1909,0.6);
#571=VECTOR($,#1910,0.5);
#572=VECTOR($,#1911,0.6);
#573=VECTOR($,#1914,0.15);
#574=VECTOR($,#1915,0.15);
#575=VECTOR($,#1918,0.15);
#576=VECTOR($,#1921,0.15);
#577=VECTOR($,#1926,1.);
#578=VECTOR($,#1927,1.);
#579=VECTOR($,#1928,1.);
#580=VECTOR($,#1929,1.);
#581=VECTOR($,#1932,1.);
#582=VECTOR($,#1933,1.);
#583=VECTOR($,#1934,1.);
#584=VECTOR($,#1935,1.);
#585=VECTOR($,#1938,1.);
#586=VECTOR($,#1939,1.);
#587=VECTOR($,#1942,1.);
#588=VECTOR($,#1945,1.);
#589=VERTEX_POINT($,#1950);
#590=VERTEX_POINT($,#1951);
#591=VERTEX_POINT($,#1953);
#592=VERTEX_POINT($,#1955);
#593=VERTEX_POINT($,#1959);
#594=VERTEX_POINT($,#1961);
#595=VERTEX_POINT($,#1965);
#596=VERTEX_POINT($,#1967);
#597=VERTEX_POINT($,#1976);
#598=VERTEX_POINT($,#1977);
#599=VERTEX_POINT($,#1979);
#600=VERTEX_POINT($,#1981);
#601=VERTEX_POINT($,#1985);
#602=VERTEX_POINT($,#1986);
#603=VERTEX_POINT($,#1988);
#604=VERTEX_POINT($,#1990);
#605=VERTEX_POINT($,#2002);
#606=VERTEX_POINT($,#2003);
#607=VERTEX_POINT($,#2005);
#608=VERTEX_POINT($,#2007);
#609=VERTEX_POINT($,#2010);
#610=VERTEX_POINT($,#2015);
#611=VERTEX_POINT($,#2017);
#612=VERTEX_POINT($,#2019);
#613=VERTEX_POINT($,#2021);
#614=VERTEX_POINT($,#2025);
#615=VERTEX_POINT($,#2026);
#616=VERTEX_POINT($,#2028);
#617=VERTEX_POINT($,#2030);
#618=VERTEX_POINT($,#2042);
#619=VERTEX_POINT($,#2044);
#620=VERTEX_POINT($,#2049);
#621=VERTEX_POINT($,#2050);
#622=VERTEX_POINT($,#2052);
#623=VERTEX_POINT($,#2054);
#624=VERTEX_POINT($,#2058);
#625=VERTEX_POINT($,#2059);
#626=VERTEX_POINT($,#2061);
#627=VERTEX_POINT($,#2063);
#628=VERTEX_POINT($,#2067);
#629=VERTEX_POINT($,#2069);
#630=VERTEX_POINT($,#2076);
#631=VERTEX_POINT($,#2078);
#632=VERTEX_POINT($,#2082);
#633=VERTEX_POINT($,#2083);
#634=VERTEX_POINT($,#2085);
#635=VERTEX_POINT($,#2087);
#636=VERTEX_POINT($,#2091);
#637=VERTEX_POINT($,#2093);
#638=VERTEX_POINT($,#2097);
#639=VERTEX_POINT($,#2101);
#640=VERTEX_POINT($,#2107);
#641=VERTEX_POINT($,#2108);
#642=VERTEX_POINT($,#2110);
#643=VERTEX_POINT($,#2112);
#644=VERTEX_POINT($,#2116);
#645=VERTEX_POINT($,#2118);
#646=VERTEX_POINT($,#2122);
#647=VERTEX_POINT($,#2126);
#648=VERTEX_POINT($,#2132);
#649=VERTEX_POINT($,#2133);
#650=VERTEX_POINT($,#2135);
#651=VERTEX_POINT($,#2137);
#652=VERTEX_POINT($,#2141);
#653=VERTEX_POINT($,#2143);
#654=VERTEX_POINT($,#2147);
#655=VERTEX_POINT($,#2151);
#656=VERTEX_POINT($,#2157);
#657=VERTEX_POINT($,#2158);
#658=VERTEX_POINT($,#2160);
#659=VERTEX_POINT($,#2162);
#660=VERTEX_POINT($,#2165);
#661=VERTEX_POINT($,#2166);
#662=VERTEX_POINT($,#2168);
#663=VERTEX_POINT($,#2170);
#664=VERTEX_POINT($,#2182);
#665=VERTEX_POINT($,#2184);
#666=VERTEX_POINT($,#2188);
#667=VERTEX_POINT($,#2192);
#668=VERTEX_POINT($,#2199);
#669=VERTEX_POINT($,#2200);
#670=VERTEX_POINT($,#2202);
#671=VERTEX_POINT($,#2204);
#672=VERTEX_POINT($,#2208);
#673=VERTEX_POINT($,#2209);
#674=VERTEX_POINT($,#2211);
#675=VERTEX_POINT($,#2213);
#676=VERTEX_POINT($,#2225);
#677=VERTEX_POINT($,#2226);
#678=VERTEX_POINT($,#2228);
#679=VERTEX_POINT($,#2230);
#680=VERTEX_POINT($,#2234);
#681=VERTEX_POINT($,#2235);
#682=VERTEX_POINT($,#2237);
#683=VERTEX_POINT($,#2239);
#684=VERTEX_POINT($,#2251);
#685=VERTEX_POINT($,#2252);
#686=VERTEX_POINT($,#2254);
#687=VERTEX_POINT($,#2256);
#688=VERTEX_POINT($,#2260);
#689=VERTEX_POINT($,#2261);
#690=VERTEX_POINT($,#2263);
#691=VERTEX_POINT($,#2265);
#692=VERTEX_POINT($,#2277);
#693=VERTEX_POINT($,#2278);
#694=VERTEX_POINT($,#2280);
#695=VERTEX_POINT($,#2282);
#696=VERTEX_POINT($,#2286);
#697=VERTEX_POINT($,#2287);
#698=VERTEX_POINT($,#2289);
#699=VERTEX_POINT($,#2291);
#700=VERTEX_POINT($,#2303);
#701=VERTEX_POINT($,#2304);
#702=VERTEX_POINT($,#2306);
#703=VERTEX_POINT($,#2308);
#704=VERTEX_POINT($,#2312);
#705=VERTEX_POINT($,#2313);
#706=VERTEX_POINT($,#2315);
#707=VERTEX_POINT($,#2317);
#708=VERTEX_POINT($,#2329);
#709=VERTEX_POINT($,#2330);
#710=VERTEX_POINT($,#2332);
#711=VERTEX_POINT($,#2334);
#712=VERTEX_POINT($,#2338);
#713=VERTEX_POINT($,#2339);
#714=VERTEX_POINT($,#2341);
#715=VERTEX_POINT($,#2343);
#716=EDGE_CURVE($,#589,#590,#221,.T.);
#717=EDGE_CURVE($,#590,#591,#222,.F.);
#718=EDGE_CURVE($,#592,#591,#223,.T.);
#719=EDGE_CURVE($,#589,#592,#224,.T.);
#720=EDGE_CURVE($,#593,#589,#225,.T.);
#721=EDGE_CURVE($,#594,#592,#226,.T.);
#722=EDGE_CURVE($,#593,#594,#227,.T.);
#723=EDGE_CURVE($,#595,#593,#228,.T.);
#724=EDGE_CURVE($,#596,#594,#229,.T.);
#725=EDGE_CURVE($,#595,#596,#230,.T.);
#726=EDGE_CURVE($,#590,#595,#231,.F.);
#727=EDGE_CURVE($,#591,#596,#232,.F.);
#728=EDGE_CURVE($,#597,#598,#233,.T.);
#729=EDGE_CURVE($,#598,#599,#234,.T.);
#730=EDGE_CURVE($,#599,#600,#235,.T.);
#731=EDGE_CURVE($,#600,#597,#236,.T.);
#732=EDGE_CURVE($,#601,#602,#237,.T.);
#733=EDGE_CURVE($,#602,#603,#238,.T.);
#734=EDGE_CURVE($,#603,#604,#239,.T.);
#735=EDGE_CURVE($,#604,#601,#240,.T.);
#736=EDGE_CURVE($,#600,#603,#241,.T.);
#737=EDGE_CURVE($,#597,#602,#242,.T.);
#738=EDGE_CURVE($,#599,#604,#243,.T.);
#739=EDGE_CURVE($,#598,#601,#244,.T.);
#740=EDGE_CURVE($,#605,#606,#245,.T.);
#741=EDGE_CURVE($,#607,#605,#19,.T.);
#742=EDGE_CURVE($,#608,#607,#246,.T.);
#743=EDGE_CURVE($,#606,#608,#20,.T.);
#744=EDGE_CURVE($,#609,#609,#21,.T.);
#745=EDGE_CURVE($,#606,#608,#247,.T.);
#746=EDGE_CURVE($,#607,#610,#248,.T.);
#747=EDGE_CURVE($,#610,#611,#249,.T.);
#748=EDGE_CURVE($,#611,#612,#250,.T.);
#749=EDGE_CURVE($,#612,#613,#251,.T.);
#750=EDGE_CURVE($,#613,#605,#252,.T.);
#751=EDGE_CURVE($,#614,#615,#253,.T.);
#752=EDGE_CURVE($,#615,#616,#254,.T.);
#753=EDGE_CURVE($,#616,#617,#255,.T.);
#754=EDGE_CURVE($,#617,#614,#256,.T.);
#755=EDGE_CURVE($,#614,#613,#257,.T.);
#756=EDGE_CURVE($,#617,#610,#258,.T.);
#757=EDGE_CURVE($,#616,#611,#259,.T.);
#758=EDGE_CURVE($,#615,#612,#260,.T.);
#759=EDGE_CURVE($,#618,#618,#22,.T.);
#760=EDGE_CURVE($,#619,#619,#23,.T.);
#761=EDGE_CURVE($,#620,#621,#261,.T.);
#762=EDGE_CURVE($,#621,#622,#262,.T.);
#763=EDGE_CURVE($,#622,#623,#263,.T.);
#764=EDGE_CURVE($,#623,#620,#264,.T.);
#765=EDGE_CURVE($,#624,#625,#265,.T.);
#766=EDGE_CURVE($,#625,#626,#266,.T.);
#767=EDGE_CURVE($,#626,#627,#267,.T.);
#768=EDGE_CURVE($,#627,#624,#268,.T.);
#769=EDGE_CURVE($,#627,#628,#269,.T.);
#770=EDGE_CURVE($,#629,#628,#270,.T.);
#771=EDGE_CURVE($,#624,#629,#271,.T.);
#772=EDGE_CURVE($,#625,#623,#272,.T.);
#773=EDGE_CURVE($,#626,#622,#273,.T.);
#774=EDGE_CURVE($,#628,#630,#274,.T.);
#775=EDGE_CURVE($,#630,#631,#275,.T.);
#776=EDGE_CURVE($,#631,#629,#276,.T.);
#777=EDGE_CURVE($,#632,#633,#277,.T.);
#778=EDGE_CURVE($,#632,#634,#278,.T.);
#779=EDGE_CURVE($,#635,#634,#279,.T.);
#780=EDGE_CURVE($,#633,#635,#280,.T.);
#781=EDGE_CURVE($,#636,#632,#281,.T.);
#782=EDGE_CURVE($,#636,#637,#282,.T.);
#783=EDGE_CURVE($,#634,#637,#283,.T.);
#784=EDGE_CURVE($,#637,#638,#284,.T.);
#785=EDGE_CURVE($,#638,#635,#285,.T.);
#786=EDGE_CURVE($,#639,#636,#286,.T.);
#787=EDGE_CURVE($,#639,#638,#287,.T.);
#788=EDGE_CURVE($,#633,#639,#288,.T.);
#789=EDGE_CURVE($,#640,#641,#289,.T.);
#790=EDGE_CURVE($,#640,#642,#290,.T.);
#791=EDGE_CURVE($,#643,#642,#291,.T.);
#792=EDGE_CURVE($,#641,#643,#292,.T.);
#793=EDGE_CURVE($,#644,#640,#293,.T.);
#794=EDGE_CURVE($,#644,#645,#294,.T.);
#795=EDGE_CURVE($,#642,#645,#295,.T.);
#796=EDGE_CURVE($,#645,#646,#296,.T.);
#797=EDGE_CURVE($,#646,#643,#297,.T.);
#798=EDGE_CURVE($,#647,#644,#298,.T.);
#799=EDGE_CURVE($,#647,#646,#299,.T.);
#800=EDGE_CURVE($,#641,#647,#300,.T.);
#801=EDGE_CURVE($,#648,#649,#301,.T.);
#802=EDGE_CURVE($,#648,#650,#302,.T.);
#803=EDGE_CURVE($,#651,#650,#303,.T.);
#804=EDGE_CURVE($,#649,#651,#304,.T.);
#805=EDGE_CURVE($,#652,#648,#305,.T.);
#806=EDGE_CURVE($,#652,#653,#306,.T.);
#807=EDGE_CURVE($,#650,#653,#307,.T.);
#808=EDGE_CURVE($,#653,#654,#308,.T.);
#809=EDGE_CURVE($,#654,#651,#309,.T.);
#810=EDGE_CURVE($,#655,#652,#310,.T.);
#811=EDGE_CURVE($,#655,#654,#311,.T.);
#812=EDGE_CURVE($,#649,#655,#312,.T.);
#813=EDGE_CURVE($,#656,#657,#313,.T.);
#814=EDGE_CURVE($,#657,#658,#314,.T.);
#815=EDGE_CURVE($,#658,#659,#315,.T.);
#816=EDGE_CURVE($,#659,#656,#316,.T.);
#817=EDGE_CURVE($,#660,#661,#317,.T.);
#818=EDGE_CURVE($,#662,#660,#318,.T.);
#819=EDGE_CURVE($,#663,#662,#319,.T.);
#820=EDGE_CURVE($,#661,#663,#320,.T.);
#821=EDGE_CURVE($,#657,#630,#321,.T.);
#822=EDGE_CURVE($,#658,#621,#322,.T.);
#823=EDGE_CURVE($,#659,#620,#323,.T.);
#824=EDGE_CURVE($,#656,#631,#324,.F.);
#825=EDGE_CURVE($,#662,#664,#325,.T.);
#826=EDGE_CURVE($,#665,#664,#326,.T.);
#827=EDGE_CURVE($,#663,#665,#327,.T.);
#828=EDGE_CURVE($,#660,#666,#328,.T.);
#829=EDGE_CURVE($,#664,#666,#329,.T.);
#830=EDGE_CURVE($,#666,#667,#330,.T.);
#831=EDGE_CURVE($,#667,#665,#331,.T.);
#832=EDGE_CURVE($,#661,#667,#332,.T.);
#833=EDGE_CURVE($,#668,#669,#333,.T.);
#834=EDGE_CURVE($,#669,#670,#334,.T.);
#835=EDGE_CURVE($,#670,#671,#335,.T.);
#836=EDGE_CURVE($,#671,#668,#336,.T.);
#837=EDGE_CURVE($,#672,#673,#337,.T.);
#838=EDGE_CURVE($,#673,#674,#338,.T.);
#839=EDGE_CURVE($,#674,#675,#339,.T.);
#840=EDGE_CURVE($,#675,#672,#340,.T.);
#841=EDGE_CURVE($,#671,#674,#341,.T.);
#842=EDGE_CURVE($,#668,#673,#342,.T.);
#843=EDGE_CURVE($,#670,#675,#343,.T.);
#844=EDGE_CURVE($,#669,#672,#344,.T.);
#845=EDGE_CURVE($,#676,#677,#345,.T.);
#846=EDGE_CURVE($,#677,#678,#346,.T.);
#847=EDGE_CURVE($,#678,#679,#347,.T.);
#848=EDGE_CURVE($,#679,#676,#348,.T.);
#849=EDGE_CURVE($,#680,#681,#349,.T.);
#850=EDGE_CURVE($,#681,#682,#350,.T.);
#851=EDGE_CURVE($,#682,#683,#351,.T.);
#852=EDGE_CURVE($,#683,#680,#352,.T.);
#853=EDGE_CURVE($,#679,#682,#353,.T.);
#854=EDGE_CURVE($,#676,#681,#354,.T.);
#855=EDGE_CURVE($,#678,#683,#355,.T.);
#856=EDGE_CURVE($,#677,#680,#356,.T.);
#857=EDGE_CURVE($,#684,#685,#357,.T.);
#858=EDGE_CURVE($,#685,#686,#358,.T.);
#859=EDGE_CURVE($,#686,#687,#359,.T.);
#860=EDGE_CURVE($,#687,#684,#360,.T.);
#861=EDGE_CURVE($,#688,#689,#361,.T.);
#862=EDGE_CURVE($,#689,#690,#362,.T.);
#863=EDGE_CURVE($,#690,#691,#363,.T.);
#864=EDGE_CURVE($,#691,#688,#364,.T.);
#865=EDGE_CURVE($,#687,#690,#365,.T.);
#866=EDGE_CURVE($,#684,#689,#366,.T.);
#867=EDGE_CURVE($,#686,#691,#367,.T.);
#868=EDGE_CURVE($,#685,#688,#368,.T.);
#869=EDGE_CURVE($,#692,#693,#369,.T.);
#870=EDGE_CURVE($,#693,#694,#370,.T.);
#871=EDGE_CURVE($,#694,#695,#371,.T.);
#872=EDGE_CURVE($,#695,#692,#372,.T.);
#873=EDGE_CURVE($,#696,#697,#373,.T.);
#874=EDGE_CURVE($,#697,#698,#374,.T.);
#875=EDGE_CURVE($,#698,#699,#375,.T.);
#876=EDGE_CURVE($,#699,#696,#376,.T.);
#877=EDGE_CURVE($,#695,#698,#377,.T.);
#878=EDGE_CURVE($,#692,#697,#378,.T.);
#879=EDGE_CURVE($,#694,#699,#379,.T.);
#880=EDGE_CURVE($,#693,#696,#380,.T.);
#881=EDGE_CURVE($,#700,#701,#381,.T.);
#882=EDGE_CURVE($,#701,#702,#382,.T.);
#883=EDGE_CURVE($,#702,#703,#383,.T.);
#884=EDGE_CURVE($,#703,#700,#384,.T.);
#885=EDGE_CURVE($,#704,#705,#385,.T.);
#886=EDGE_CURVE($,#705,#706,#386,.T.);
#887=EDGE_CURVE($,#706,#707,#387,.T.);
#888=EDGE_CURVE($,#707,#704,#388,.T.);
#889=EDGE_CURVE($,#703,#706,#389,.T.);
#890=EDGE_CURVE($,#700,#705,#390,.T.);
#891=EDGE_CURVE($,#702,#707,#391,.T.);
#892=EDGE_CURVE($,#701,#704,#392,.T.);
#893=EDGE_CURVE($,#708,#709,#393,.T.);
#894=EDGE_CURVE($,#709,#710,#394,.T.);
#895=EDGE_CURVE($,#710,#711,#395,.T.);
#896=EDGE_CURVE($,#711,#708,#396,.T.);
#897=EDGE_CURVE($,#712,#713,#397,.T.);
#898=EDGE_CURVE($,#713,#714,#398,.T.);
#899=EDGE_CURVE($,#714,#715,#399,.T.);
#900=EDGE_CURVE($,#715,#712,#400,.T.);
#901=EDGE_CURVE($,#711,#714,#401,.T.);
#902=EDGE_CURVE($,#708,#713,#402,.T.);
#903=EDGE_CURVE($,#710,#715,#403,.T.);
#904=EDGE_CURVE($,#709,#712,#404,.T.);
#905=ORIENTED_EDGE($,*,*,#716,.T.);
#906=ORIENTED_EDGE($,*,*,#717,.T.);
#907=ORIENTED_EDGE($,*,*,#718,.F.);
#908=ORIENTED_EDGE($,*,*,#719,.F.);
#909=ORIENTED_EDGE($,*,*,#720,.T.);
#910=ORIENTED_EDGE($,*,*,#719,.T.);
#911=ORIENTED_EDGE($,*,*,#721,.F.);
#912=ORIENTED_EDGE($,*,*,#722,.F.);
#913=ORIENTED_EDGE($,*,*,#723,.T.);
#914=ORIENTED_EDGE($,*,*,#722,.T.);
#915=ORIENTED_EDGE($,*,*,#724,.F.);
#916=ORIENTED_EDGE($,*,*,#725,.F.);
#917=ORIENTED_EDGE($,*,*,#726,.T.);
#918=ORIENTED_EDGE($,*,*,#725,.T.);
#919=ORIENTED_EDGE($,*,*,#727,.F.);
#920=ORIENTED_EDGE($,*,*,#717,.F.);
#921=ORIENTED_EDGE($,*,*,#727,.T.);
#922=ORIENTED_EDGE($,*,*,#724,.T.);
#923=ORIENTED_EDGE($,*,*,#721,.T.);
#924=ORIENTED_EDGE($,*,*,#718,.T.);
#925=ORIENTED_EDGE($,*,*,#726,.F.);
#926=ORIENTED_EDGE($,*,*,#716,.F.);
#927=ORIENTED_EDGE($,*,*,#720,.F.);
#928=ORIENTED_EDGE($,*,*,#723,.F.);
#929=ORIENTED_EDGE($,*,*,#728,.T.);
#930=ORIENTED_EDGE($,*,*,#729,.T.);
#931=ORIENTED_EDGE($,*,*,#730,.T.);
#932=ORIENTED_EDGE($,*,*,#731,.T.);
#933=ORIENTED_EDGE($,*,*,#732,.T.);
#934=ORIENTED_EDGE($,*,*,#733,.T.);
#935=ORIENTED_EDGE($,*,*,#734,.T.);
#936=ORIENTED_EDGE($,*,*,#735,.T.);
#937=ORIENTED_EDGE($,*,*,#736,.T.);
#938=ORIENTED_EDGE($,*,*,#733,.F.);
#939=ORIENTED_EDGE($,*,*,#737,.F.);
#940=ORIENTED_EDGE($,*,*,#731,.F.);
#941=ORIENTED_EDGE($,*,*,#738,.T.);
#942=ORIENTED_EDGE($,*,*,#734,.F.);
#943=ORIENTED_EDGE($,*,*,#736,.F.);
#944=ORIENTED_EDGE($,*,*,#730,.F.);
#945=ORIENTED_EDGE($,*,*,#739,.T.);
#946=ORIENTED_EDGE($,*,*,#735,.F.);
#947=ORIENTED_EDGE($,*,*,#738,.F.);
#948=ORIENTED_EDGE($,*,*,#729,.F.);
#949=ORIENTED_EDGE($,*,*,#737,.T.);
#950=ORIENTED_EDGE($,*,*,#732,.F.);
#951=ORIENTED_EDGE($,*,*,#739,.F.);
#952=ORIENTED_EDGE($,*,*,#728,.F.);
#953=ORIENTED_EDGE($,*,*,#740,.F.);
#954=ORIENTED_EDGE($,*,*,#741,.F.);
#955=ORIENTED_EDGE($,*,*,#742,.F.);
#956=ORIENTED_EDGE($,*,*,#743,.F.);
#957=ORIENTED_EDGE($,*,*,#744,.F.);
#958=ORIENTED_EDGE($,*,*,#745,.F.);
#959=ORIENTED_EDGE($,*,*,#743,.T.);
#960=ORIENTED_EDGE($,*,*,#740,.T.);
#961=ORIENTED_EDGE($,*,*,#745,.T.);
#962=ORIENTED_EDGE($,*,*,#742,.T.);
#963=ORIENTED_EDGE($,*,*,#746,.T.);
#964=ORIENTED_EDGE($,*,*,#747,.T.);
#965=ORIENTED_EDGE($,*,*,#748,.T.);
#966=ORIENTED_EDGE($,*,*,#749,.T.);
#967=ORIENTED_EDGE($,*,*,#750,.T.);
#968=ORIENTED_EDGE($,*,*,#751,.T.);
#969=ORIENTED_EDGE($,*,*,#752,.T.);
#970=ORIENTED_EDGE($,*,*,#753,.T.);
#971=ORIENTED_EDGE($,*,*,#754,.T.);
#972=ORIENTED_EDGE($,*,*,#741,.T.);
#973=ORIENTED_EDGE($,*,*,#750,.F.);
#974=ORIENTED_EDGE($,*,*,#755,.F.);
#975=ORIENTED_EDGE($,*,*,#754,.F.);
#976=ORIENTED_EDGE($,*,*,#756,.T.);
#977=ORIENTED_EDGE($,*,*,#746,.F.);
#978=ORIENTED_EDGE($,*,*,#757,.T.);
#979=ORIENTED_EDGE($,*,*,#747,.F.);
#980=ORIENTED_EDGE($,*,*,#756,.F.);
#981=ORIENTED_EDGE($,*,*,#753,.F.);
#982=ORIENTED_EDGE($,*,*,#758,.T.);
#983=ORIENTED_EDGE($,*,*,#748,.F.);
#984=ORIENTED_EDGE($,*,*,#757,.F.);
#985=ORIENTED_EDGE($,*,*,#752,.F.);
#986=ORIENTED_EDGE($,*,*,#755,.T.);
#987=ORIENTED_EDGE($,*,*,#749,.F.);
#988=ORIENTED_EDGE($,*,*,#758,.F.);
#989=ORIENTED_EDGE($,*,*,#751,.F.);
#990=ORIENTED_EDGE($,*,*,#759,.F.);
#991=ORIENTED_EDGE($,*,*,#760,.F.);
#992=ORIENTED_EDGE($,*,*,#759,.T.);
#993=ORIENTED_EDGE($,*,*,#744,.T.);
#994=ORIENTED_EDGE($,*,*,#760,.T.);
#995=ORIENTED_EDGE($,*,*,#761,.T.);
#996=ORIENTED_EDGE($,*,*,#762,.T.);
#997=ORIENTED_EDGE($,*,*,#763,.T.);
#998=ORIENTED_EDGE($,*,*,#764,.T.);
#999=ORIENTED_EDGE($,*,*,#765,.T.);
#1000=ORIENTED_EDGE($,*,*,#766,.T.);
#1001=ORIENTED_EDGE($,*,*,#767,.T.);
#1002=ORIENTED_EDGE($,*,*,#768,.T.);
#1003=ORIENTED_EDGE($,*,*,#769,.T.);
#1004=ORIENTED_EDGE($,*,*,#770,.F.);
#1005=ORIENTED_EDGE($,*,*,#771,.F.);
#1006=ORIENTED_EDGE($,*,*,#768,.F.);
#1007=ORIENTED_EDGE($,*,*,#772,.T.);
#1008=ORIENTED_EDGE($,*,*,#763,.F.);
#1009=ORIENTED_EDGE($,*,*,#773,.F.);
#1010=ORIENTED_EDGE($,*,*,#766,.F.);
#1011=ORIENTED_EDGE($,*,*,#770,.T.);
#1012=ORIENTED_EDGE($,*,*,#774,.T.);
#1013=ORIENTED_EDGE($,*,*,#775,.T.);
#1014=ORIENTED_EDGE($,*,*,#776,.T.);
#1015=ORIENTED_EDGE($,*,*,#777,.F.);
#1016=ORIENTED_EDGE($,*,*,#778,.T.);
#1017=ORIENTED_EDGE($,*,*,#779,.F.);
#1018=ORIENTED_EDGE($,*,*,#780,.F.);
#1019=ORIENTED_EDGE($,*,*,#781,.F.);
#1020=ORIENTED_EDGE($,*,*,#782,.T.);
#1021=ORIENTED_EDGE($,*,*,#783,.F.);
#1022=ORIENTED_EDGE($,*,*,#778,.F.);
#1023=ORIENTED_EDGE($,*,*,#779,.T.);
#1024=ORIENTED_EDGE($,*,*,#783,.T.);
#1025=ORIENTED_EDGE($,*,*,#784,.T.);
#1026=ORIENTED_EDGE($,*,*,#785,.T.);
#1027=ORIENTED_EDGE($,*,*,#786,.F.);
#1028=ORIENTED_EDGE($,*,*,#787,.T.);
#1029=ORIENTED_EDGE($,*,*,#784,.F.);
#1030=ORIENTED_EDGE($,*,*,#782,.F.);
#1031=ORIENTED_EDGE($,*,*,#788,.F.);
#1032=ORIENTED_EDGE($,*,*,#780,.T.);
#1033=ORIENTED_EDGE($,*,*,#785,.F.);
#1034=ORIENTED_EDGE($,*,*,#787,.F.);
#1035=ORIENTED_EDGE($,*,*,#789,.F.);
#1036=ORIENTED_EDGE($,*,*,#790,.T.);
#1037=ORIENTED_EDGE($,*,*,#791,.F.);
#1038=ORIENTED_EDGE($,*,*,#792,.F.);
#1039=ORIENTED_EDGE($,*,*,#793,.F.);
#1040=ORIENTED_EDGE($,*,*,#794,.T.);
#1041=ORIENTED_EDGE($,*,*,#795,.F.);
#1042=ORIENTED_EDGE($,*,*,#790,.F.);
#1043=ORIENTED_EDGE($,*,*,#791,.T.);
#1044=ORIENTED_EDGE($,*,*,#795,.T.);
#1045=ORIENTED_EDGE($,*,*,#796,.T.);
#1046=ORIENTED_EDGE($,*,*,#797,.T.);
#1047=ORIENTED_EDGE($,*,*,#798,.F.);
#1048=ORIENTED_EDGE($,*,*,#799,.T.);
#1049=ORIENTED_EDGE($,*,*,#796,.F.);
#1050=ORIENTED_EDGE($,*,*,#794,.F.);
#1051=ORIENTED_EDGE($,*,*,#800,.F.);
#1052=ORIENTED_EDGE($,*,*,#792,.T.);
#1053=ORIENTED_EDGE($,*,*,#797,.F.);
#1054=ORIENTED_EDGE($,*,*,#799,.F.);
#1055=ORIENTED_EDGE($,*,*,#801,.F.);
#1056=ORIENTED_EDGE($,*,*,#802,.T.);
#1057=ORIENTED_EDGE($,*,*,#803,.F.);
#1058=ORIENTED_EDGE($,*,*,#804,.F.);
#1059=ORIENTED_EDGE($,*,*,#805,.F.);
#1060=ORIENTED_EDGE($,*,*,#806,.T.);
#1061=ORIENTED_EDGE($,*,*,#807,.F.);
#1062=ORIENTED_EDGE($,*,*,#802,.F.);
#1063=ORIENTED_EDGE($,*,*,#803,.T.);
#1064=ORIENTED_EDGE($,*,*,#807,.T.);
#1065=ORIENTED_EDGE($,*,*,#808,.T.);
#1066=ORIENTED_EDGE($,*,*,#809,.T.);
#1067=ORIENTED_EDGE($,*,*,#810,.F.);
#1068=ORIENTED_EDGE($,*,*,#811,.T.);
#1069=ORIENTED_EDGE($,*,*,#808,.F.);
#1070=ORIENTED_EDGE($,*,*,#806,.F.);
#1071=ORIENTED_EDGE($,*,*,#812,.F.);
#1072=ORIENTED_EDGE($,*,*,#804,.T.);
#1073=ORIENTED_EDGE($,*,*,#809,.F.);
#1074=ORIENTED_EDGE($,*,*,#811,.F.);
#1075=ORIENTED_EDGE($,*,*,#781,.T.);
#1076=ORIENTED_EDGE($,*,*,#777,.T.);
#1077=ORIENTED_EDGE($,*,*,#788,.T.);
#1078=ORIENTED_EDGE($,*,*,#786,.T.);
#1079=ORIENTED_EDGE($,*,*,#793,.T.);
#1080=ORIENTED_EDGE($,*,*,#789,.T.);
#1081=ORIENTED_EDGE($,*,*,#800,.T.);
#1082=ORIENTED_EDGE($,*,*,#798,.T.);
#1083=ORIENTED_EDGE($,*,*,#805,.T.);
#1084=ORIENTED_EDGE($,*,*,#801,.T.);
#1085=ORIENTED_EDGE($,*,*,#812,.T.);
#1086=ORIENTED_EDGE($,*,*,#810,.T.);
#1087=ORIENTED_EDGE($,*,*,#813,.T.);
#1088=ORIENTED_EDGE($,*,*,#814,.T.);
#1089=ORIENTED_EDGE($,*,*,#815,.T.);
#1090=ORIENTED_EDGE($,*,*,#816,.T.);
#1091=ORIENTED_EDGE($,*,*,#817,.F.);
#1092=ORIENTED_EDGE($,*,*,#818,.F.);
#1093=ORIENTED_EDGE($,*,*,#819,.F.);
#1094=ORIENTED_EDGE($,*,*,#820,.F.);
#1095=ORIENTED_EDGE($,*,*,#814,.F.);
#1096=ORIENTED_EDGE($,*,*,#821,.T.);
#1097=ORIENTED_EDGE($,*,*,#774,.F.);
#1098=ORIENTED_EDGE($,*,*,#769,.F.);
#1099=ORIENTED_EDGE($,*,*,#767,.F.);
#1100=ORIENTED_EDGE($,*,*,#773,.T.);
#1101=ORIENTED_EDGE($,*,*,#762,.F.);
#1102=ORIENTED_EDGE($,*,*,#822,.F.);
#1103=ORIENTED_EDGE($,*,*,#815,.F.);
#1104=ORIENTED_EDGE($,*,*,#822,.T.);
#1105=ORIENTED_EDGE($,*,*,#761,.F.);
#1106=ORIENTED_EDGE($,*,*,#823,.F.);
#1107=ORIENTED_EDGE($,*,*,#816,.F.);
#1108=ORIENTED_EDGE($,*,*,#823,.T.);
#1109=ORIENTED_EDGE($,*,*,#764,.F.);
#1110=ORIENTED_EDGE($,*,*,#772,.F.);
#1111=ORIENTED_EDGE($,*,*,#765,.F.);
#1112=ORIENTED_EDGE($,*,*,#771,.T.);
#1113=ORIENTED_EDGE($,*,*,#776,.F.);
#1114=ORIENTED_EDGE($,*,*,#824,.F.);
#1115=ORIENTED_EDGE($,*,*,#813,.F.);
#1116=ORIENTED_EDGE($,*,*,#824,.T.);
#1117=ORIENTED_EDGE($,*,*,#775,.F.);
#1118=ORIENTED_EDGE($,*,*,#821,.F.);
#1119=ORIENTED_EDGE($,*,*,#819,.T.);
#1120=ORIENTED_EDGE($,*,*,#825,.T.);
#1121=ORIENTED_EDGE($,*,*,#826,.F.);
#1122=ORIENTED_EDGE($,*,*,#827,.F.);
#1123=ORIENTED_EDGE($,*,*,#818,.T.);
#1124=ORIENTED_EDGE($,*,*,#828,.T.);
#1125=ORIENTED_EDGE($,*,*,#829,.F.);
#1126=ORIENTED_EDGE($,*,*,#825,.F.);
#1127=ORIENTED_EDGE($,*,*,#829,.T.);
#1128=ORIENTED_EDGE($,*,*,#830,.T.);
#1129=ORIENTED_EDGE($,*,*,#831,.T.);
#1130=ORIENTED_EDGE($,*,*,#826,.T.);
#1131=ORIENTED_EDGE($,*,*,#817,.T.);
#1132=ORIENTED_EDGE($,*,*,#832,.T.);
#1133=ORIENTED_EDGE($,*,*,#830,.F.);
#1134=ORIENTED_EDGE($,*,*,#828,.F.);
#1135=ORIENTED_EDGE($,*,*,#820,.T.);
#1136=ORIENTED_EDGE($,*,*,#827,.T.);
#1137=ORIENTED_EDGE($,*,*,#831,.F.);
#1138=ORIENTED_EDGE($,*,*,#832,.F.);
#1139=ORIENTED_EDGE($,*,*,#833,.T.);
#1140=ORIENTED_EDGE($,*,*,#834,.T.);
#1141=ORIENTED_EDGE($,*,*,#835,.T.);
#1142=ORIENTED_EDGE($,*,*,#836,.T.);
#1143=ORIENTED_EDGE($,*,*,#837,.T.);
#1144=ORIENTED_EDGE($,*,*,#838,.T.);
#1145=ORIENTED_EDGE($,*,*,#839,.T.);
#1146=ORIENTED_EDGE($,*,*,#840,.T.);
#1147=ORIENTED_EDGE($,*,*,#841,.T.);
#1148=ORIENTED_EDGE($,*,*,#838,.F.);
#1149=ORIENTED_EDGE($,*,*,#842,.F.);
#1150=ORIENTED_EDGE($,*,*,#836,.F.);
#1151=ORIENTED_EDGE($,*,*,#843,.T.);
#1152=ORIENTED_EDGE($,*,*,#839,.F.);
#1153=ORIENTED_EDGE($,*,*,#841,.F.);
#1154=ORIENTED_EDGE($,*,*,#835,.F.);
#1155=ORIENTED_EDGE($,*,*,#844,.T.);
#1156=ORIENTED_EDGE($,*,*,#840,.F.);
#1157=ORIENTED_EDGE($,*,*,#843,.F.);
#1158=ORIENTED_EDGE($,*,*,#834,.F.);
#1159=ORIENTED_EDGE($,*,*,#842,.T.);
#1160=ORIENTED_EDGE($,*,*,#837,.F.);
#1161=ORIENTED_EDGE($,*,*,#844,.F.);
#1162=ORIENTED_EDGE($,*,*,#833,.F.);
#1163=ORIENTED_EDGE($,*,*,#845,.T.);
#1164=ORIENTED_EDGE($,*,*,#846,.T.);
#1165=ORIENTED_EDGE($,*,*,#847,.T.);
#1166=ORIENTED_EDGE($,*,*,#848,.T.);
#1167=ORIENTED_EDGE($,*,*,#849,.T.);
#1168=ORIENTED_EDGE($,*,*,#850,.T.);
#1169=ORIENTED_EDGE($,*,*,#851,.T.);
#1170=ORIENTED_EDGE($,*,*,#852,.T.);
#1171=ORIENTED_EDGE($,*,*,#853,.T.);
#1172=ORIENTED_EDGE($,*,*,#850,.F.);
#1173=ORIENTED_EDGE($,*,*,#854,.F.);
#1174=ORIENTED_EDGE($,*,*,#848,.F.);
#1175=ORIENTED_EDGE($,*,*,#855,.T.);
#1176=ORIENTED_EDGE($,*,*,#851,.F.);
#1177=ORIENTED_EDGE($,*,*,#853,.F.);
#1178=ORIENTED_EDGE($,*,*,#847,.F.);
#1179=ORIENTED_EDGE($,*,*,#856,.T.);
#1180=ORIENTED_EDGE($,*,*,#852,.F.);
#1181=ORIENTED_EDGE($,*,*,#855,.F.);
#1182=ORIENTED_EDGE($,*,*,#846,.F.);
#1183=ORIENTED_EDGE($,*,*,#854,.T.);
#1184=ORIENTED_EDGE($,*,*,#849,.F.);
#1185=ORIENTED_EDGE($,*,*,#856,.F.);
#1186=ORIENTED_EDGE($,*,*,#845,.F.);
#1187=ORIENTED_EDGE($,*,*,#857,.T.);
#1188=ORIENTED_EDGE($,*,*,#858,.T.);
#1189=ORIENTED_EDGE($,*,*,#859,.T.);
#1190=ORIENTED_EDGE($,*,*,#860,.T.);
#1191=ORIENTED_EDGE($,*,*,#861,.T.);
#1192=ORIENTED_EDGE($,*,*,#862,.T.);
#1193=ORIENTED_EDGE($,*,*,#863,.T.);
#1194=ORIENTED_EDGE($,*,*,#864,.T.);
#1195=ORIENTED_EDGE($,*,*,#865,.T.);
#1196=ORIENTED_EDGE($,*,*,#862,.F.);
#1197=ORIENTED_EDGE($,*,*,#866,.F.);
#1198=ORIENTED_EDGE($,*,*,#860,.F.);
#1199=ORIENTED_EDGE($,*,*,#867,.T.);
#1200=ORIENTED_EDGE($,*,*,#863,.F.);
#1201=ORIENTED_EDGE($,*,*,#865,.F.);
#1202=ORIENTED_EDGE($,*,*,#859,.F.);
#1203=ORIENTED_EDGE($,*,*,#868,.T.);
#1204=ORIENTED_EDGE($,*,*,#864,.F.);
#1205=ORIENTED_EDGE($,*,*,#867,.F.);
#1206=ORIENTED_EDGE($,*,*,#858,.F.);
#1207=ORIENTED_EDGE($,*,*,#866,.T.);
#1208=ORIENTED_EDGE($,*,*,#861,.F.);
#1209=ORIENTED_EDGE($,*,*,#868,.F.);
#1210=ORIENTED_EDGE($,*,*,#857,.F.);
#1211=ORIENTED_EDGE($,*,*,#869,.T.);
#1212=ORIENTED_EDGE($,*,*,#870,.T.);
#1213=ORIENTED_EDGE($,*,*,#871,.T.);
#1214=ORIENTED_EDGE($,*,*,#872,.T.);
#1215=ORIENTED_EDGE($,*,*,#873,.T.);
#1216=ORIENTED_EDGE($,*,*,#874,.T.);
#1217=ORIENTED_EDGE($,*,*,#875,.T.);
#1218=ORIENTED_EDGE($,*,*,#876,.T.);
#1219=ORIENTED_EDGE($,*,*,#877,.T.);
#1220=ORIENTED_EDGE($,*,*,#874,.F.);
#1221=ORIENTED_EDGE($,*,*,#878,.F.);
#1222=ORIENTED_EDGE($,*,*,#872,.F.);
#1223=ORIENTED_EDGE($,*,*,#879,.T.);
#1224=ORIENTED_EDGE($,*,*,#875,.F.);
#1225=ORIENTED_EDGE($,*,*,#877,.F.);
#1226=ORIENTED_EDGE($,*,*,#871,.F.);
#1227=ORIENTED_EDGE($,*,*,#880,.T.);
#1228=ORIENTED_EDGE($,*,*,#876,.F.);
#1229=ORIENTED_EDGE($,*,*,#879,.F.);
#1230=ORIENTED_EDGE($,*,*,#870,.F.);
#1231=ORIENTED_EDGE($,*,*,#878,.T.);
#1232=ORIENTED_EDGE($,*,*,#873,.F.);
#1233=ORIENTED_EDGE($,*,*,#880,.F.);
#1234=ORIENTED_EDGE($,*,*,#869,.F.);
#1235=ORIENTED_EDGE($,*,*,#881,.T.);
#1236=ORIENTED_EDGE($,*,*,#882,.T.);
#1237=ORIENTED_EDGE($,*,*,#883,.T.);
#1238=ORIENTED_EDGE($,*,*,#884,.T.);
#1239=ORIENTED_EDGE($,*,*,#885,.T.);
#1240=ORIENTED_EDGE($,*,*,#886,.T.);
#1241=ORIENTED_EDGE($,*,*,#887,.T.);
#1242=ORIENTED_EDGE($,*,*,#888,.T.);
#1243=ORIENTED_EDGE($,*,*,#889,.T.);
#1244=ORIENTED_EDGE($,*,*,#886,.F.);
#1245=ORIENTED_EDGE($,*,*,#890,.F.);
#1246=ORIENTED_EDGE($,*,*,#884,.F.);
#1247=ORIENTED_EDGE($,*,*,#891,.T.);
#1248=ORIENTED_EDGE($,*,*,#887,.F.);
#1249=ORIENTED_EDGE($,*,*,#889,.F.);
#1250=ORIENTED_EDGE($,*,*,#883,.F.);
#1251=ORIENTED_EDGE($,*,*,#892,.T.);
#1252=ORIENTED_EDGE($,*,*,#888,.F.);
#1253=ORIENTED_EDGE($,*,*,#891,.F.);
#1254=ORIENTED_EDGE($,*,*,#882,.F.);
#1255=ORIENTED_EDGE($,*,*,#890,.T.);
#1256=ORIENTED_EDGE($,*,*,#885,.F.);
#1257=ORIENTED_EDGE($,*,*,#892,.F.);
#1258=ORIENTED_EDGE($,*,*,#881,.F.);
#1259=ORIENTED_EDGE($,*,*,#893,.T.);
#1260=ORIENTED_EDGE($,*,*,#894,.T.);
#1261=ORIENTED_EDGE($,*,*,#895,.T.);
#1262=ORIENTED_EDGE($,*,*,#896,.T.);
#1263=ORIENTED_EDGE($,*,*,#897,.T.);
#1264=ORIENTED_EDGE($,*,*,#898,.T.);
#1265=ORIENTED_EDGE($,*,*,#899,.T.);
#1266=ORIENTED_EDGE($,*,*,#900,.T.);
#1267=ORIENTED_EDGE($,*,*,#901,.T.);
#1268=ORIENTED_EDGE($,*,*,#898,.F.);
#1269=ORIENTED_EDGE($,*,*,#902,.F.);
#1270=ORIENTED_EDGE($,*,*,#896,.F.);
#1271=ORIENTED_EDGE($,*,*,#903,.T.);
#1272=ORIENTED_EDGE($,*,*,#899,.F.);
#1273=ORIENTED_EDGE($,*,*,#901,.F.);
#1274=ORIENTED_EDGE($,*,*,#895,.F.);
#1275=ORIENTED_EDGE($,*,*,#904,.T.);
#1276=ORIENTED_EDGE($,*,*,#900,.F.);
#1277=ORIENTED_EDGE($,*,*,#903,.F.);
#1278=ORIENTED_EDGE($,*,*,#894,.F.);
#1279=ORIENTED_EDGE($,*,*,#902,.T.);
#1280=ORIENTED_EDGE($,*,*,#897,.F.);
#1281=ORIENTED_EDGE($,*,*,#904,.F.);
#1282=ORIENTED_EDGE($,*,*,#893,.F.);
#1283=PLANE($,#1480);
#1284=PLANE($,#1481);
#1285=PLANE($,#1482);
#1286=PLANE($,#1483);
#1287=PLANE($,#1484);
#1288=PLANE($,#1485);
#1289=PLANE($,#1486);
#1290=PLANE($,#1487);
#1291=PLANE($,#1488);
#1292=PLANE($,#1489);
#1293=PLANE($,#1490);
#1294=PLANE($,#1491);
#1295=PLANE($,#1496);
#1296=PLANE($,#1497);
#1297=PLANE($,#1498);
#1298=PLANE($,#1499);
#1299=PLANE($,#1500);
#1300=PLANE($,#1501);
#1301=PLANE($,#1502);
#1302=PLANE($,#1506);
#1303=PLANE($,#1507);
#1304=PLANE($,#1508);
#1305=PLANE($,#1509);
#1306=PLANE($,#1510);
#1307=PLANE($,#1511);
#1308=PLANE($,#1512);
#1309=PLANE($,#1513);
#1310=PLANE($,#1514);
#1311=PLANE($,#1515);
#1312=PLANE($,#1516);
#1313=PLANE($,#1517);
#1314=PLANE($,#1518);
#1315=PLANE($,#1519);
#1316=PLANE($,#1520);
#1317=PLANE($,#1521);
#1318=PLANE($,#1522);
#1319=PLANE($,#1523);
#1320=PLANE($,#1524);
#1321=PLANE($,#1525);
#1322=PLANE($,#1526);
#1323=PLANE($,#1527);
#1324=PLANE($,#1528);
#1325=PLANE($,#1529);
#1326=PLANE($,#1530);
#1327=PLANE($,#1531);
#1328=PLANE($,#1532);
#1329=PLANE($,#1533);
#1330=PLANE($,#1534);
#1331=PLANE($,#1535);
#1332=PLANE($,#1536);
#1333=PLANE($,#1537);
#1334=PLANE($,#1538);
#1335=PLANE($,#1539);
#1336=PLANE($,#1540);
#1337=PLANE($,#1541);
#1338=PLANE($,#1542);
#1339=PLANE($,#1543);
#1340=PLANE($,#1544);
#1341=PLANE($,#1545);
#1342=PLANE($,#1546);
#1343=PLANE($,#1547);
#1344=PLANE($,#1548);
#1345=PLANE($,#1549);
#1346=PLANE($,#1550);
#1347=PLANE($,#1551);
#1348=PLANE($,#1552);
#1349=PLANE($,#1553);
#1350=PLANE($,#1554);
#1351=PLANE($,#1555);
#1352=PLANE($,#1556);
#1353=PLANE($,#1557);
#1354=PLANE($,#1558);
#1355=PLANE($,#1559);
#1356=PLANE($,#1560);
#1357=PLANE($,#1561);
#1358=PLANE($,#1562);
#1359=PLANE($,#1563);
#1360=PLANE($,#1564);
#1361=PLANE($,#1565);
#1362=PLANE($,#1566);
#1363=PLANE($,#1567);
#1364=PLANE($,#1568);
#1365=PLANE($,#1569);
#1366=PLANE($,#1570);
#1367=PLANE($,#1571);
#1368=PLANE($,#1572);
#1369=PLANE($,#1573);
#1370=ADVANCED_FACE($,(#38),#1283,.T.);
#1371=ADVANCED_FACE($,(#39),#1284,.T.);
#1372=ADVANCED_FACE($,(#40),#1285,.T.);
#1373=ADVANCED_FACE($,(#41),#1286,.T.);
#1374=ADVANCED_FACE($,(#42),#1287,.T.);
#1375=ADVANCED_FACE($,(#43),#1288,.F.);
#1376=ADVANCED_FACE($,(#44),#1289,.T.);
#1377=ADVANCED_FACE($,(#45),#1290,.F.);
#1378=ADVANCED_FACE($,(#46),#1291,.F.);
#1379=ADVANCED_FACE($,(#47),#1292,.F.);
#1380=ADVANCED_FACE($,(#48),#1293,.F.);
#1381=ADVANCED_FACE($,(#49),#1294,.F.);
#1382=ADVANCED_FACE($,(#50,#10),#24,.T.);
#1383=ADVANCED_FACE($,(#51),#1295,.T.);
#1384=ADVANCED_FACE($,(#52),#1296,.F.);
#1385=ADVANCED_FACE($,(#53),#1297,.T.);
#1386=ADVANCED_FACE($,(#54),#1298,.F.);
#1387=ADVANCED_FACE($,(#55),#1299,.F.);
#1388=ADVANCED_FACE($,(#56),#1300,.F.);
#1389=ADVANCED_FACE($,(#57),#1301,.F.);
#1390=ADVANCED_FACE($,(#58,#11),#25,.T.);
#1391=ADVANCED_FACE($,(#59),#1302,.T.);
#1392=ADVANCED_FACE($,(#12,#13),#1303,.T.);
#1393=ADVANCED_FACE($,(#60),#1304,.F.);
#1394=ADVANCED_FACE($,(#61),#1305,.T.);
#1395=ADVANCED_FACE($,(#62),#1306,.F.);
#1396=ADVANCED_FACE($,(#63),#1307,.F.);
#1397=ADVANCED_FACE($,(#64),#1308,.T.);
#1398=ADVANCED_FACE($,(#65),#1309,.F.);
#1399=ADVANCED_FACE($,(#66),#1310,.F.);
#1400=ADVANCED_FACE($,(#67),#1311,.F.);
#1401=ADVANCED_FACE($,(#68),#1312,.F.);
#1402=ADVANCED_FACE($,(#69),#1313,.F.);
#1403=ADVANCED_FACE($,(#70),#1314,.F.);
#1404=ADVANCED_FACE($,(#71),#1315,.F.);
#1405=ADVANCED_FACE($,(#72),#1316,.F.);
#1406=ADVANCED_FACE($,(#73),#1317,.F.);
#1407=ADVANCED_FACE($,(#74),#1318,.F.);
#1408=ADVANCED_FACE($,(#75),#1319,.F.);
#1409=ADVANCED_FACE($,(#76),#1320,.F.);
#1410=ADVANCED_FACE($,(#77),#1321,.F.);
#1411=ADVANCED_FACE($,(#78),#1322,.F.);
#1412=ADVANCED_FACE($,(#79),#1323,.F.);
#1413=ADVANCED_FACE($,(#14,#15,#16,#17,#18),#1324,.F.);
#1414=ADVANCED_FACE($,(#80),#1325,.T.);
#1415=ADVANCED_FACE($,(#81),#1326,.T.);
#1416=ADVANCED_FACE($,(#82),#1327,.T.);
#1417=ADVANCED_FACE($,(#83),#1328,.T.);
#1418=ADVANCED_FACE($,(#84),#1329,.F.);
#1419=ADVANCED_FACE($,(#85),#1330,.F.);
#1420=ADVANCED_FACE($,(#86),#1331,.F.);
#1421=ADVANCED_FACE($,(#87),#1332,.F.);
#1422=ADVANCED_FACE($,(#88),#1333,.F.);
#1423=ADVANCED_FACE($,(#89),#1334,.T.);
#1424=ADVANCED_FACE($,(#90),#1335,.F.);
#1425=ADVANCED_FACE($,(#91),#1336,.F.);
#1426=ADVANCED_FACE($,(#92),#1337,.F.);
#1427=ADVANCED_FACE($,(#93),#1338,.F.);
#1428=ADVANCED_FACE($,(#94),#1339,.F.);
#1429=ADVANCED_FACE($,(#95),#1340,.T.);
#1430=ADVANCED_FACE($,(#96),#1341,.F.);
#1431=ADVANCED_FACE($,(#97),#1342,.F.);
#1432=ADVANCED_FACE($,(#98),#1343,.F.);
#1433=ADVANCED_FACE($,(#99),#1344,.F.);
#1434=ADVANCED_FACE($,(#100),#1345,.F.);
#1435=ADVANCED_FACE($,(#101),#1346,.T.);
#1436=ADVANCED_FACE($,(#102),#1347,.F.);
#1437=ADVANCED_FACE($,(#103),#1348,.F.);
#1438=ADVANCED_FACE($,(#104),#1349,.F.);
#1439=ADVANCED_FACE($,(#105),#1350,.F.);
#1440=ADVANCED_FACE($,(#106),#1351,.F.);
#1441=ADVANCED_FACE($,(#107),#1352,.T.);
#1442=ADVANCED_FACE($,(#108),#1353,.F.);
#1443=ADVANCED_FACE($,(#109),#1354,.F.);
#1444=ADVANCED_FACE($,(#110),#1355,.F.);
#1445=ADVANCED_FACE($,(#111),#1356,.F.);
#1446=ADVANCED_FACE($,(#112),#1357,.F.);
#1447=ADVANCED_FACE($,(#113),#1358,.T.);
#1448=ADVANCED_FACE($,(#114),#1359,.F.);
#1449=ADVANCED_FACE($,(#115),#1360,.F.);
#1450=ADVANCED_FACE($,(#116),#1361,.F.);
#1451=ADVANCED_FACE($,(#117),#1362,.F.);
#1452=ADVANCED_FACE($,(#118),#1363,.F.);
#1453=ADVANCED_FACE($,(#119),#1364,.T.);
#1454=ADVANCED_FACE($,(#120),#1365,.F.);
#1455=ADVANCED_FACE($,(#121),#1366,.F.);
#1456=ADVANCED_FACE($,(#122),#1367,.F.);
#1457=ADVANCED_FACE($,(#123),#1368,.F.);
#1458=ADVANCED_FACE($,(#124),#1369,.F.);
#1459=CLOSED_SHELL($,(#1370,#1371,#1372,#1373,#1374,#1375));
#1460=CLOSED_SHELL($,(#1376,#1377,#1378,#1379,#1380,#1381));
#1461=CLOSED_SHELL($,(#1382,#1383,#1384,#1385,#1386,#1387,#1388,#1389,#1390,
#1391,#1392));
#1462=CLOSED_SHELL($,(#1393,#1394,#1395,#1396,#1397,#1398,#1399,#1400,#1401,
#1402,#1403,#1404,#1405,#1406,#1407,#1408,#1409,#1410,#1411,#1412,#1413,
#1414,#1415,#1416,#1417,#1418,#1419,#1420,#1421,#1422));
#1463=CLOSED_SHELL($,(#1423,#1424,#1425,#1426,#1427,#1428));
#1464=CLOSED_SHELL($,(#1429,#1430,#1431,#1432,#1433,#1434));
#1465=CLOSED_SHELL($,(#1435,#1436,#1437,#1438,#1439,#1440));
#1466=CLOSED_SHELL($,(#1441,#1442,#1443,#1444,#1445,#1446));
#1467=CLOSED_SHELL($,(#1447,#1448,#1449,#1450,#1451,#1452));
#1468=CLOSED_SHELL($,(#1453,#1454,#1455,#1456,#1457,#1458));
#1469=MANIFOLD_SOLID_BREP('ASM Body',#1459);
#1470=MANIFOLD_SOLID_BREP('ASM Body',#1460);
#1471=MANIFOLD_SOLID_BREP('ASM Body',#1461);
#1472=MANIFOLD_SOLID_BREP('ASM Body',#1462);
#1473=MANIFOLD_SOLID_BREP('ASM Body',#1463);
#1474=MANIFOLD_SOLID_BREP('ASM Body',#1464);
#1475=MANIFOLD_SOLID_BREP('ASM Body',#1465);
#1476=MANIFOLD_SOLID_BREP('ASM Body',#1466);
#1477=MANIFOLD_SOLID_BREP('ASM Body',#1467);
#1478=MANIFOLD_SOLID_BREP('ASM Body',#1468);
#1479=AXIS2_PLACEMENT_3D('placement',#1948,#1574,#1575);
#1480=AXIS2_PLACEMENT_3D($,#1949,#1576,#1577);
#1481=AXIS2_PLACEMENT_3D($,#1958,#1582,#1583);
#1482=AXIS2_PLACEMENT_3D($,#1964,#1587,#1588);
#1483=AXIS2_PLACEMENT_3D($,#1970,#1592,#1593);
#1484=AXIS2_PLACEMENT_3D($,#1973,#1596,#1597);
#1485=AXIS2_PLACEMENT_3D($,#1974,#1598,#1599);
#1486=AXIS2_PLACEMENT_3D($,#1975,#1600,#1601);
#1487=AXIS2_PLACEMENT_3D($,#1984,#1606,#1607);
#1488=AXIS2_PLACEMENT_3D($,#1993,#1612,#1613);
#1489=AXIS2_PLACEMENT_3D($,#1996,#1616,#1617);
#1490=AXIS2_PLACEMENT_3D($,#1998,#1619,#1620);
#1491=AXIS2_PLACEMENT_3D($,#2000,#1622,#1623);
#1492=AXIS2_PLACEMENT_3D($,#2001,#1624,#1625);
#1493=AXIS2_PLACEMENT_3D($,#2006,#1627,#1628);
#1494=AXIS2_PLACEMENT_3D($,#2009,#1630,#1631);
#1495=AXIS2_PLACEMENT_3D($,#2011,#1632,#1633);
#1496=AXIS2_PLACEMENT_3D($,#2012,#1634,#1635);
#1497=AXIS2_PLACEMENT_3D($,#2014,#1637,#1638);
#1498=AXIS2_PLACEMENT_3D($,#2024,#1644,#1645);
#1499=AXIS2_PLACEMENT_3D($,#2033,#1650,#1651);
#1500=AXIS2_PLACEMENT_3D($,#2036,#1654,#1655);
#1501=AXIS2_PLACEMENT_3D($,#2038,#1657,#1658);
#1502=AXIS2_PLACEMENT_3D($,#2040,#1660,#1661);
#1503=AXIS2_PLACEMENT_3D($,#2041,#1662,#1663);
#1504=AXIS2_PLACEMENT_3D($,#2043,#1664,#1665);
#1505=AXIS2_PLACEMENT_3D($,#2045,#1666,#1667);
#1506=AXIS2_PLACEMENT_3D($,#2046,#1668,#1669);
#1507=AXIS2_PLACEMENT_3D($,#2047,#1670,#1671);
#1508=AXIS2_PLACEMENT_3D($,#2048,#1672,#1673);
#1509=AXIS2_PLACEMENT_3D($,#2057,#1678,#1679);
#1510=AXIS2_PLACEMENT_3D($,#2066,#1684,#1685);
#1511=AXIS2_PLACEMENT_3D($,#2072,#1689,#1690);
#1512=AXIS2_PLACEMENT_3D($,#2075,#1693,#1694);
#1513=AXIS2_PLACEMENT_3D($,#2081,#1698,#1699);
#1514=AXIS2_PLACEMENT_3D($,#2090,#1704,#1705);
#1515=AXIS2_PLACEMENT_3D($,#2096,#1709,#1710);
#1516=AXIS2_PLACEMENT_3D($,#2100,#1713,#1714);
#1517=AXIS2_PLACEMENT_3D($,#2104,#1717,#1718);
#1518=AXIS2_PLACEMENT_3D($,#2106,#1720,#1721);
#1519=AXIS2_PLACEMENT_3D($,#2115,#1726,#1727);
#1520=AXIS2_PLACEMENT_3D($,#2121,#1731,#1732);
#1521=AXIS2_PLACEMENT_3D($,#2125,#1735,#1736);
#1522=AXIS2_PLACEMENT_3D($,#2129,#1739,#1740);
#1523=AXIS2_PLACEMENT_3D($,#2131,#1742,#1743);
#1524=AXIS2_PLACEMENT_3D($,#2140,#1748,#1749);
#1525=AXIS2_PLACEMENT_3D($,#2146,#1753,#1754);
#1526=AXIS2_PLACEMENT_3D($,#2150,#1757,#1758);
#1527=AXIS2_PLACEMENT_3D($,#2154,#1761,#1762);
#1528=AXIS2_PLACEMENT_3D($,#2156,#1764,#1765);
#1529=AXIS2_PLACEMENT_3D($,#2173,#1774,#1775);
#1530=AXIS2_PLACEMENT_3D($,#2176,#1778,#1779);
#1531=AXIS2_PLACEMENT_3D($,#2178,#1781,#1782);
#1532=AXIS2_PLACEMENT_3D($,#2180,#1784,#1785);
#1533=AXIS2_PLACEMENT_3D($,#2181,#1786,#1787);
#1534=AXIS2_PLACEMENT_3D($,#2187,#1791,#1792);
#1535=AXIS2_PLACEMENT_3D($,#2191,#1795,#1796);
#1536=AXIS2_PLACEMENT_3D($,#2195,#1799,#1800);
#1537=AXIS2_PLACEMENT_3D($,#2197,#1802,#1803);
#1538=AXIS2_PLACEMENT_3D($,#2198,#1804,#1805);
#1539=AXIS2_PLACEMENT_3D($,#2207,#1810,#1811);
#1540=AXIS2_PLACEMENT_3D($,#2216,#1816,#1817);
#1541=AXIS2_PLACEMENT_3D($,#2219,#1820,#1821);
#1542=AXIS2_PLACEMENT_3D($,#2221,#1823,#1824);
#1543=AXIS2_PLACEMENT_3D($,#2223,#1826,#1827);
#1544=AXIS2_PLACEMENT_3D($,#2224,#1828,#1829);
#1545=AXIS2_PLACEMENT_3D($,#2233,#1834,#1835);
#1546=AXIS2_PLACEMENT_3D($,#2242,#1840,#1841);
#1547=AXIS2_PLACEMENT_3D($,#2245,#1844,#1845);
#1548=AXIS2_PLACEMENT_3D($,#2247,#1847,#1848);
#1549=AXIS2_PLACEMENT_3D($,#2249,#1850,#1851);
#1550=AXIS2_PLACEMENT_3D($,#2250,#1852,#1853);
#1551=AXIS2_PLACEMENT_3D($,#2259,#1858,#1859);
#1552=AXIS2_PLACEMENT_3D($,#2268,#1864,#1865);
#1553=AXIS2_PLACEMENT_3D($,#2271,#1868,#1869);
#1554=AXIS2_PLACEMENT_3D($,#2273,#1871,#1872);
#1555=AXIS2_PLACEMENT_3D($,#2275,#1874,#1875);
#1556=AXIS2_PLACEMENT_3D($,#2276,#1876,#1877);
#1557=AXIS2_PLACEMENT_3D($,#2285,#1882,#1883);
#1558=AXIS2_PLACEMENT_3D($,#2294,#1888,#1889);
#1559=AXIS2_PLACEMENT_3D($,#2297,#1892,#1893);
#1560=AXIS2_PLACEMENT_3D($,#2299,#1895,#1896);
#1561=AXIS2_PLACEMENT_3D($,#2301,#1898,#1899);
#1562=AXIS2_PLACEMENT_3D($,#2302,#1900,#1901);
#1563=AXIS2_PLACEMENT_3D($,#2311,#1906,#1907);
#1564=AXIS2_PLACEMENT_3D($,#2320,#1912,#1913);
#1565=AXIS2_PLACEMENT_3D($,#2323,#1916,#1917);
#1566=AXIS2_PLACEMENT_3D($,#2325,#1919,#1920);
#1567=AXIS2_PLACEMENT_3D($,#2327,#1922,#1923);
#1568=AXIS2_PLACEMENT_3D($,#2328,#1924,#1925);
#1569=AXIS2_PLACEMENT_3D($,#2337,#1930,#1931);
#1570=AXIS2_PLACEMENT_3D($,#2346,#1936,#1937);
#1571=AXIS2_PLACEMENT_3D($,#2349,#1940,#1941);
#1572=AXIS2_PLACEMENT_3D($,#2351,#1943,#1944);
#1573=AXIS2_PLACEMENT_3D($,#2353,#1946,#1947);
#1574=DIRECTION('axis',(0.,0.,1.));
#1575=DIRECTION('refdir',(1.,0.,0.));
#1576=DIRECTION('center_axis',(0.,-1.,0.));
#1577=DIRECTION('ref_axis',(1.,0.,0.));
#1578=DIRECTION($,(1.,0.,0.));
#1579=DIRECTION($,(0.,0.,-1.));
#1580=DIRECTION($,(1.,0.,0.));
#1581=DIRECTION($,(0.,0.,1.));
#1582=DIRECTION('center_axis',(-1.,0.,0.));
#1583=DIRECTION('ref_axis',(0.,-1.,0.));
#1584=DIRECTION($,(0.,-1.,0.));
#1585=DIRECTION($,(0.,-1.,0.));
#1586=DIRECTION($,(0.,0.,1.));
#1587=DIRECTION('center_axis',(0.,1.,0.));
#1588=DIRECTION('ref_axis',(-1.,0.,0.));
#1589=DIRECTION($,(-1.,0.,0.));
#1590=DIRECTION($,(-1.,0.,0.));
#1591=DIRECTION($,(0.,0.,1.));
#1592=DIRECTION('center_axis',(1.,0.,0.));
#1593=DIRECTION('ref_axis',(0.,1.,0.));
#1594=DIRECTION($,(0.,-1.,0.));
#1595=DIRECTION($,(0.,-1.,0.));
#1596=DIRECTION('center_axis',(0.,0.,1.));
#1597=DIRECTION('ref_axis',(1.,0.,0.));
#1598=DIRECTION('center_axis',(0.,0.,1.));
#1599=DIRECTION('ref_axis',(1.,0.,0.));
#1600=DIRECTION('center_axis',(0.,0.,-1.));
#1601=DIRECTION('ref_axis',(1.,0.,0.));
#1602=DIRECTION($,(0.,-1.,0.));
#1603=DIRECTION($,(-1.,0.,0.));
#1604=DIRECTION($,(0.,1.,0.));
#1605=DIRECTION($,(1.,0.,0.));
#1606=DIRECTION('center_axis',(0.,0.,-1.));
#1607=DIRECTION('ref_axis',(1.,0.,0.));
#1608=DIRECTION($,(0.,1.,0.));
#1609=DIRECTION($,(-1.,0.,0.));
#1610=DIRECTION($,(0.,-1.,0.));
#1611=DIRECTION($,(1.,0.,0.));
#1612=DIRECTION('center_axis',(0.,-1.,0.));
#1613=DIRECTION('ref_axis',(0.,0.,-1.));
#1614=DIRECTION($,(0.,0.,1.));
#1615=DIRECTION($,(0.,0.,1.));
#1616=DIRECTION('center_axis',(1.,0.,0.));
#1617=DIRECTION('ref_axis',(0.,0.,1.));
#1618=DIRECTION($,(0.,0.,1.));
#1619=DIRECTION('center_axis',(0.,1.,0.));
#1620=DIRECTION('ref_axis',(0.,0.,1.));
#1621=DIRECTION($,(0.,0.,1.));
#1622=DIRECTION('center_axis',(-1.,0.,0.));
#1623=DIRECTION('ref_axis',(0.,0.,-1.));
#1624=DIRECTION('center_axis',(0.,0.,1.));
#1625=DIRECTION('ref_axis',(0.838670567945424,0.544639035015027,0.));
#1626=DIRECTION($,(0.,0.,1.));
#1627=DIRECTION('center_axis',(-6.23286912809348E-017,-2.00402905797472E-017,
1.));
#1628=DIRECTION('ref_axis',(0.838670567945424,0.544639035015027,0.));
#1629=DIRECTION($,(0.,0.,-1.));
#1630=DIRECTION('center_axis',(0.,0.,1.));
#1631=DIRECTION('ref_axis',(0.838670567945424,0.544639035015027,0.));
#1632=DIRECTION('center_axis',(0.,0.,-1.));
#1633=DIRECTION('ref_axis',(0.838670567945424,0.544639035015027,0.));
#1634=DIRECTION('center_axis',(0.,0.,1.));
#1635=DIRECTION('ref_axis',(0.838670567945424,0.544639035015027,0.));
#1636=DIRECTION($,(0.969465998292273,-0.245225769761594,0.));
#1637=DIRECTION('center_axis',(0.245225769761594,0.969465998292273,3.47129816105618E-017));
#1638=DIRECTION('ref_axis',(-0.969465998292273,0.245225769761594,0.));
#1639=DIRECTION($,(0.969465998292273,-0.245225769761594,5.55111512312578E-017));
#1640=DIRECTION($,(-6.23286912809348E-017,-2.00402905797472E-017,1.));
#1641=DIRECTION($,(-0.969465998292273,0.245225769761594,-5.55111512312578E-017));
#1642=DIRECTION($,(6.23286912809348E-017,2.00402905797472E-017,-1.));
#1643=DIRECTION($,(0.969465998292273,-0.245225769761594,5.55111512312578E-017));
#1644=DIRECTION('center_axis',(0.245225769761594,0.969465998292273,3.47129816105618E-017));
#1645=DIRECTION('ref_axis',(-0.969465998292273,0.245225769761594,0.));
#1646=DIRECTION($,(-6.23286912809348E-017,-2.00402905797472E-017,1.));
#1647=DIRECTION($,(0.969465998292273,-0.245225769761594,5.55111512312578E-017));
#1648=DIRECTION($,(6.23286912809348E-017,2.00402905797472E-017,-1.));
#1649=DIRECTION($,(-0.969465998292273,0.245225769761594,-5.55111512312578E-017));
#1650=DIRECTION('center_axis',(-6.23286912809348E-017,-2.00402905797472E-017,
1.));
#1651=DIRECTION('ref_axis',(0.245225769761594,0.969465998292273,0.));
#1652=DIRECTION($,(-0.245225769761594,-0.969465998292273,-3.47129816105618E-017));
#1653=DIRECTION($,(-0.245225769761594,-0.969465998292273,-3.47129816105618E-017));
#1654=DIRECTION('center_axis',(-0.969465998292273,0.245225769761594,-5.55111512312578E-017));
#1655=DIRECTION('ref_axis',(-0.245225769761594,-0.969465998292273,0.));
#1656=DIRECTION($,(-0.245225769761594,-0.969465998292273,-3.47129816105618E-017));
#1657=DIRECTION('center_axis',(6.23286912809348E-017,2.00402905797472E-017,
-1.));
#1658=DIRECTION('ref_axis',(-0.245225769761594,-0.969465998292273,0.));
#1659=DIRECTION($,(-0.245225769761594,-0.969465998292273,-3.47129816105618E-017));
#1660=DIRECTION('center_axis',(0.969465998292273,-0.245225769761594,5.55111512312578E-017));
#1661=DIRECTION('ref_axis',(0.245225769761594,0.969465998292273,0.));
#1662=DIRECTION('center_axis',(0.,0.,1.));
#1663=DIRECTION('ref_axis',(0.838670567945424,0.544639035015027,0.));
#1664=DIRECTION('center_axis',(0.,0.,-1.));
#1665=DIRECTION('ref_axis',(0.838670567945424,0.544639035015027,0.));
#1666=DIRECTION('center_axis',(0.,0.,1.));
#1667=DIRECTION('ref_axis',(0.838670567945424,0.544639035015027,0.));
#1668=DIRECTION('center_axis',(0.,0.,-1.));
#1669=DIRECTION('ref_axis',(-0.838670567945424,-0.544639035015027,0.));
#1670=DIRECTION('center_axis',(0.,0.,1.));
#1671=DIRECTION('ref_axis',(0.838670567945424,0.544639035015027,0.));
#1672=DIRECTION('center_axis',(0.,0.,1.));
#1673=DIRECTION('ref_axis',(0.999390827019096,-0.0348994967025005,0.));
#1674=DIRECTION($,(-0.999390827019096,0.0348994967025006,0.));
#1675=DIRECTION($,(0.0348994967025005,0.999390827019096,0.));
#1676=DIRECTION($,(0.999390827019096,-0.0348994967025005,0.));
#1677=DIRECTION($,(-0.0348994967025005,-0.999390827019096,0.));
#1678=DIRECTION('center_axis',(0.,0.,1.));
#1679=DIRECTION('ref_axis',(0.999390827019096,-0.0348994967025005,0.));
#1680=DIRECTION($,(0.0348994967025005,0.999390827019096,0.));
#1681=DIRECTION($,(-0.999390827019096,0.0348994967025005,0.));
#1682=DIRECTION($,(-0.0348994967025005,-0.999390827019096,0.));
#1683=DIRECTION($,(0.999390827019096,-0.0348994967025005,0.));
#1684=DIRECTION('center_axis',(0.0348994967025005,0.999390827019096,0.));
#1685=DIRECTION('ref_axis',(0.,0.,1.));
#1686=DIRECTION($,(0.,0.,-1.));
#1687=DIRECTION($,(-0.999390827019096,0.0348994967025005,0.));
#1688=DIRECTION($,(0.,0.,-1.));
#1689=DIRECTION('center_axis',(-0.0348994967025005,-0.999390827019096,0.));
#1690=DIRECTION('ref_axis',(0.,0.,-1.));
#1691=DIRECTION($,(0.,0.,-1.));
#1692=DIRECTION($,(0.,0.,-1.));
#1693=DIRECTION('center_axis',(0.,0.,1.));
#1694=DIRECTION('ref_axis',(0.999390827019096,-0.0348994967025005,0.));
#1695=DIRECTION($,(-0.0348994967025006,-0.999390827019096,0.));
#1696=DIRECTION($,(0.999390827019096,-0.0348994967025006,0.));
#1697=DIRECTION($,(0.0348994967025006,0.999390827019096,0.));
#1698=DIRECTION('center_axis',(-0.999390827019096,0.0348994967025005,0.));
#1699=DIRECTION('ref_axis',(0.,0.,1.));
#1700=DIRECTION($,(0.0348994967025006,0.999390827019096,0.));
#1701=DIRECTION($,(0.,0.,-1.));
#1702=DIRECTION($,(-0.0348994967025006,-0.999390827019096,0.));
#1703=DIRECTION($,(0.,0.,-1.));
#1704=DIRECTION('center_axis',(0.0348994967025005,0.999390827019096,0.));
#1705=DIRECTION('ref_axis',(0.,0.,1.));
#1706=DIRECTION($,(0.999390827019096,-0.0348994967025006,0.));
#1707=DIRECTION($,(0.,0.,-1.));
#1708=DIRECTION($,(-0.999390827019096,0.0348994967025006,0.));
#1709=DIRECTION('center_axis',(0.,0.,1.));
#1710=DIRECTION('ref_axis',(0.999390827019096,-0.0348994967025005,0.));
#1711=DIRECTION($,(0.0348994967025006,0.999390827019096,0.));
#1712=DIRECTION($,(0.999390827019096,-0.0348994967025006,0.));
#1713=DIRECTION('center_axis',(0.999390827019096,-0.0348994967025005,0.));
#1714=DIRECTION('ref_axis',(0.,0.,-1.));
#1715=DIRECTION($,(-0.0348994967025006,-0.999390827019096,0.));
#1716=DIRECTION($,(0.,0.,-1.));
#1717=DIRECTION('center_axis',(-0.0348994967025005,-0.999390827019096,0.));
#1718=DIRECTION('ref_axis',(0.,0.,-1.));
#1719=DIRECTION($,(-0.999390827019096,0.0348994967025006,0.));
#1720=DIRECTION('center_axis',(-0.999390827019096,0.0348994967025005,0.));
#1721=DIRECTION('ref_axis',(0.,0.,1.));
#1722=DIRECTION($,(0.0348994967025006,0.999390827019096,0.));
#1723=DIRECTION($,(0.,0.,-1.));
#1724=DIRECTION($,(-0.0348994967025006,-0.999390827019096,0.));
#1725=DIRECTION($,(0.,0.,-1.));
#1726=DIRECTION('center_axis',(0.0348994967025005,0.999390827019096,0.));
#1727=DIRECTION('ref_axis',(0.,0.,1.));
#1728=DIRECTION($,(0.999390827019096,-0.0348994967025006,0.));
#1729=DIRECTION($,(0.,0.,-1.));
#1730=DIRECTION($,(-0.999390827019096,0.0348994967025006,0.));
#1731=DIRECTION('center_axis',(0.,0.,1.));
#1732=DIRECTION('ref_axis',(0.999390827019096,-0.0348994967025005,0.));
#1733=DIRECTION($,(0.0348994967025006,0.999390827019096,0.));
#1734=DIRECTION($,(0.999390827019096,-0.0348994967025006,0.));
#1735=DIRECTION('center_axis',(0.999390827019096,-0.0348994967025005,0.));
#1736=DIRECTION('ref_axis',(0.,0.,-1.));
#1737=DIRECTION($,(-0.0348994967025006,-0.999390827019096,0.));
#1738=DIRECTION($,(0.,0.,-1.));
#1739=DIRECTION('center_axis',(-0.0348994967025005,-0.999390827019096,0.));
#1740=DIRECTION('ref_axis',(0.,0.,-1.));
#1741=DIRECTION($,(-0.999390827019096,0.0348994967025006,0.));
#1742=DIRECTION('center_axis',(-0.999390827019096,0.0348994967025005,0.));
#1743=DIRECTION('ref_axis',(0.,0.,1.));
#1744=DIRECTION($,(0.0348994967025006,0.999390827019096,0.));
#1745=DIRECTION($,(0.,0.,-1.));
#1746=DIRECTION($,(-0.0348994967025006,-0.999390827019096,0.));
#1747=DIRECTION($,(0.,0.,-1.));
#1748=DIRECTION('center_axis',(0.0348994967025005,0.999390827019096,0.));
#1749=DIRECTION('ref_axis',(0.,0.,1.));
#1750=DIRECTION($,(0.999390827019096,-0.0348994967025006,0.));
#1751=DIRECTION($,(0.,0.,-1.));
#1752=DIRECTION($,(-0.999390827019096,0.0348994967025006,0.));
#1753=DIRECTION('center_axis',(0.,0.,1.));
#1754=DIRECTION('ref_axis',(0.999390827019096,-0.0348994967025005,0.));
#1755=DIRECTION($,(0.0348994967025006,0.999390827019096,0.));
#1756=DIRECTION($,(0.999390827019096,-0.0348994967025006,0.));
#1757=DIRECTION('center_axis',(0.999390827019096,-0.0348994967025005,0.));
#1758=DIRECTION('ref_axis',(0.,0.,-1.));
#1759=DIRECTION($,(-0.0348994967025006,-0.999390827019096,0.));
#1760=DIRECTION($,(0.,0.,-1.));
#1761=DIRECTION('center_axis',(-0.0348994967025005,-0.999390827019096,0.));
#1762=DIRECTION('ref_axis',(0.,0.,-1.));
#1763=DIRECTION($,(-0.999390827019096,0.0348994967025006,0.));
#1764=DIRECTION('center_axis',(0.,0.,1.));
#1765=DIRECTION('ref_axis',(0.999390827019096,-0.0348994967025007,0.));
#1766=DIRECTION($,(-0.999390827019096,0.0348994967025006,0.));
#1767=DIRECTION($,(0.0348994967025006,0.999390827019096,0.));
#1768=DIRECTION($,(0.999390827019096,-0.0348994967025006,0.));
#1769=DIRECTION($,(-0.0348994967025006,-0.999390827019096,0.));
#1770=DIRECTION($,(-0.999390827019096,0.0348994967025006,0.));
#1771=DIRECTION($,(-0.0348994967025006,-0.999390827019096,0.));
#1772=DIRECTION($,(0.999390827019096,-0.0348994967025006,0.));
#1773=DIRECTION($,(0.0348994967025006,0.999390827019096,0.));
#1774=DIRECTION('center_axis',(-0.999390827019096,0.0348994967025005,0.));
#1775=DIRECTION('ref_axis',(0.,0.,1.));
#1776=DIRECTION($,(0.,0.,1.));
#1777=DIRECTION($,(0.,0.,1.));
#1778=DIRECTION('center_axis',(0.0348994967025005,0.999390827019096,0.));
#1779=DIRECTION('ref_axis',(0.,0.,1.));
#1780=DIRECTION($,(0.,0.,1.));
#1781=DIRECTION('center_axis',(0.999390827019096,-0.0348994967025005,0.));
#1782=DIRECTION('ref_axis',(0.,0.,-1.));
#1783=DIRECTION($,(0.,0.,-1.));
#1784=DIRECTION('center_axis',(-0.0348994967025005,-0.999390827019096,0.));
#1785=DIRECTION('ref_axis',(0.,0.,-1.));
#1786=DIRECTION('center_axis',(-0.0348994967025005,-0.999390827019096,0.));
#1787=DIRECTION('ref_axis',(0.,0.,-1.));
#1788=DIRECTION($,(0.,0.,-1.));
#1789=DIRECTION($,(0.999390827019096,-0.0348994967025006,0.));
#1790=DIRECTION($,(0.,0.,-1.));
#1791=DIRECTION('center_axis',(-0.999390827019096,0.0348994967025005,0.));
#1792=DIRECTION('ref_axis',(0.,0.,1.));
#1793=DIRECTION($,(0.,0.,-1.));
#1794=DIRECTION($,(-0.0348994967025006,-0.999390827019096,0.));
#1795=DIRECTION('center_axis',(0.,0.,1.));
#1796=DIRECTION('ref_axis',(0.999390827019096,-0.0348994967025005,0.));
#1797=DIRECTION($,(-0.999390827019096,0.0348994967025006,0.));
#1798=DIRECTION($,(0.0348994967025006,0.999390827019096,0.));
#1799=DIRECTION('center_axis',(0.0348994967025005,0.999390827019096,0.));
#1800=DIRECTION('ref_axis',(0.,0.,1.));
#1801=DIRECTION($,(0.,0.,-1.));
#1802=DIRECTION('center_axis',(0.999390827019096,-0.0348994967025005,0.));
#1803=DIRECTION('ref_axis',(0.,0.,-1.));
#1804=DIRECTION('center_axis',(0.,0.,-1.));
#1805=DIRECTION('ref_axis',(0.999847695156391,-0.0174524064372834,0.));
#1806=DIRECTION($,(-0.0174524064372835,-0.999847695156391,0.));
#1807=DIRECTION($,(-0.999847695156391,0.0174524064372835,0.));
#1808=DIRECTION($,(0.0174524064372835,0.999847695156391,0.));
#1809=DIRECTION($,(0.999847695156391,-0.0174524064372835,0.));
#1810=DIRECTION('center_axis',(0.,0.,-1.));
#1811=DIRECTION('ref_axis',(0.999847695156391,-0.0174524064372834,0.));
#1812=DIRECTION($,(0.0174524064372835,0.999847695156391,0.));
#1813=DIRECTION($,(-0.999847695156391,0.0174524064372835,0.));
#1814=DIRECTION($,(-0.0174524064372835,-0.999847695156391,0.));
#1815=DIRECTION($,(0.999847695156391,-0.0174524064372835,0.));
#1816=DIRECTION('center_axis',(-0.0174524064372835,-0.999847695156391,0.));
#1817=DIRECTION('ref_axis',(0.,0.,-1.));
#1818=DIRECTION($,(0.,0.,1.));
#1819=DIRECTION($,(0.,0.,1.));
#1820=DIRECTION('center_axis',(0.999847695156391,-0.0174524064372835,0.));
#1821=DIRECTION('ref_axis',(0.,0.,1.));
#1822=DIRECTION($,(0.,0.,1.));
#1823=DIRECTION('center_axis',(0.0174524064372835,0.999847695156391,0.));
#1824=DIRECTION('ref_axis',(0.,0.,1.));
#1825=DIRECTION($,(0.,0.,1.));
#1826=DIRECTION('center_axis',(-0.999847695156391,0.0174524064372835,0.));
#1827=DIRECTION('ref_axis',(0.,0.,-1.));
#1828=DIRECTION('center_axis',(0.,0.,-1.));
#1829=DIRECTION('ref_axis',(1.,0.,0.));
#1830=DIRECTION($,(0.,-1.,0.));
#1831=DIRECTION($,(-1.,0.,0.));
#1832=DIRECTION($,(0.,1.,0.));
#1833=DIRECTION($,(1.,0.,0.));
#1834=DIRECTION('center_axis',(0.,0.,-1.));
#1835=DIRECTION('ref_axis',(1.,0.,0.));
#1836=DIRECTION($,(0.,1.,0.));
#1837=DIRECTION($,(-1.,0.,0.));
#1838=DIRECTION($,(0.,-1.,0.));
#1839=DIRECTION($,(1.,0.,0.));
#1840=DIRECTION('center_axis',(0.,-1.,0.));
#1841=DIRECTION('ref_axis',(0.,0.,-1.));
#1842=DIRECTION($,(0.,0.,1.));
#1843=DIRECTION($,(0.,0.,1.));
#1844=DIRECTION('center_axis',(1.,0.,0.));
#1845=DIRECTION('ref_axis',(0.,0.,1.));
#1846=DIRECTION($,(0.,0.,1.));
#1847=DIRECTION('center_axis',(0.,1.,0.));
#1848=DIRECTION('ref_axis',(0.,0.,1.));
#1849=DIRECTION($,(0.,0.,1.));
#1850=DIRECTION('center_axis',(-1.,0.,0.));
#1851=DIRECTION('ref_axis',(0.,0.,-1.));
#1852=DIRECTION('center_axis',(0.,0.,-1.));
#1853=DIRECTION('ref_axis',(1.,0.,0.));
#1854=DIRECTION($,(0.,-1.,0.));
#1855=DIRECTION($,(-1.,0.,0.));
#1856=DIRECTION($,(0.,1.,0.));
#1857=DIRECTION($,(1.,0.,0.));
#1858=DIRECTION('center_axis',(0.,0.,-1.));
#1859=DIRECTION('ref_axis',(1.,0.,0.));
#1860=DIRECTION($,(0.,1.,0.));
#1861=DIRECTION($,(-1.,0.,0.));
#1862=DIRECTION($,(0.,-1.,0.));
#1863=DIRECTION($,(1.,0.,0.));
#1864=DIRECTION('center_axis',(0.,-1.,0.));
#1865=DIRECTION('ref_axis',(0.,0.,-1.));
#1866=DIRECTION($,(0.,0.,1.));
#1867=DIRECTION($,(0.,0.,1.));
#1868=DIRECTION('center_axis',(1.,0.,0.));
#1869=DIRECTION('ref_axis',(0.,0.,1.));
#1870=DIRECTION($,(0.,0.,1.));
#1871=DIRECTION('center_axis',(0.,1.,0.));
#1872=DIRECTION('ref_axis',(0.,0.,1.));
#1873=DIRECTION($,(0.,0.,1.));
#1874=DIRECTION('center_axis',(-1.,0.,0.));
#1875=DIRECTION('ref_axis',(0.,0.,-1.));
#1876=DIRECTION('center_axis',(0.,0.,-1.));
#1877=DIRECTION('ref_axis',(1.,0.,0.));
#1878=DIRECTION($,(0.,-1.,0.));
#1879=DIRECTION($,(-1.,0.,0.));
#1880=DIRECTION($,(0.,1.,0.));
#1881=DIRECTION($,(1.,0.,0.));
#1882=DIRECTION('center_axis',(0.,0.,-1.));
#1883=DIRECTION('ref_axis',(1.,0.,0.));
#1884=DIRECTION($,(0.,1.,0.));
#1885=DIRECTION($,(-1.,0.,0.));
#1886=DIRECTION($,(0.,-1.,0.));
#1887=DIRECTION($,(1.,0.,0.));
#1888=DIRECTION('center_axis',(0.,-1.,0.));
#1889=DIRECTION('ref_axis',(0.,0.,-1.));
#1890=DIRECTION($,(0.,0.,1.));
#1891=DIRECTION($,(0.,0.,1.));
#1892=DIRECTION('center_axis',(1.,0.,0.));
#1893=DIRECTION('ref_axis',(0.,0.,1.));
#1894=DIRECTION($,(0.,0.,1.));
#1895=DIRECTION('center_axis',(0.,1.,0.));
#1896=DIRECTION('ref_axis',(0.,0.,1.));
#1897=DIRECTION($,(0.,0.,1.));
#1898=DIRECTION('center_axis',(-1.,0.,0.));
#1899=DIRECTION('ref_axis',(0.,0.,-1.));
#1900=DIRECTION('center_axis',(0.,0.,1.));
#1901=DIRECTION('ref_axis',(0.999847695156391,0.0174524064372834,0.));
#1902=DIRECTION($,(-0.0174524064372835,0.999847695156391,0.));
#1903=DIRECTION($,(-0.999847695156391,-0.0174524064372835,0.));
#1904=DIRECTION($,(0.0174524064372835,-0.999847695156391,0.));
#1905=DIRECTION($,(0.999847695156391,0.0174524064372835,0.));
#1906=DIRECTION('center_axis',(0.,0.,1.));
#1907=DIRECTION('ref_axis',(0.999847695156391,0.0174524064372834,0.));
#1908=DIRECTION($,(0.0174524064372835,-0.999847695156391,0.));
#1909=DIRECTION($,(-0.999847695156391,-0.0174524064372835,0.));
#1910=DIRECTION($,(-0.0174524064372835,0.999847695156391,0.));
#1911=DIRECTION($,(0.999847695156391,0.0174524064372835,0.));
#1912=DIRECTION('center_axis',(-0.0174524064372835,0.999847695156391,0.));
#1913=DIRECTION('ref_axis',(0.,0.,1.));
#1914=DIRECTION($,(0.,0.,-1.));
#1915=DIRECTION($,(0.,0.,-1.));
#1916=DIRECTION('center_axis',(0.999847695156391,0.0174524064372835,0.));
#1917=DIRECTION('ref_axis',(0.,0.,-1.));
#1918=DIRECTION($,(0.,0.,-1.));
#1919=DIRECTION('center_axis',(0.0174524064372835,-0.999847695156391,0.));
#1920=DIRECTION('ref_axis',(0.,0.,-1.));
#1921=DIRECTION($,(0.,0.,-1.));
#1922=DIRECTION('center_axis',(-0.999847695156391,-0.0174524064372835,0.));
#1923=DIRECTION('ref_axis',(0.,0.,1.));
#1924=DIRECTION('center_axis',(0.,0.,1.));
#1925=DIRECTION('ref_axis',(1.,0.,0.));
#1926=DIRECTION($,(0.,1.,0.));
#1927=DIRECTION($,(-1.,0.,0.));
#1928=DIRECTION($,(0.,-1.,0.));
#1929=DIRECTION($,(1.,0.,0.));
#1930=DIRECTION('center_axis',(0.,0.,1.));
#1931=DIRECTION('ref_axis',(1.,0.,0.));
#1932=DIRECTION($,(0.,-1.,0.));
#1933=DIRECTION($,(-1.,0.,0.));
#1934=DIRECTION($,(0.,1.,0.));
#1935=DIRECTION($,(1.,0.,0.));
#1936=DIRECTION('center_axis',(0.,1.,0.));
#1937=DIRECTION('ref_axis',(0.,0.,1.));
#1938=DIRECTION($,(0.,0.,-1.));
#1939=DIRECTION($,(0.,0.,-1.));
#1940=DIRECTION('center_axis',(1.,0.,0.));
#1941=DIRECTION('ref_axis',(0.,0.,-1.));
#1942=DIRECTION($,(0.,0.,-1.));
#1943=DIRECTION('center_axis',(0.,-1.,0.));
#1944=DIRECTION('ref_axis',(0.,0.,-1.));
#1945=DIRECTION($,(0.,0.,-1.));
#1946=DIRECTION('center_axis',(-1.,0.,0.));
#1947=DIRECTION('ref_axis',(0.,0.,1.));
#1948=CARTESIAN_POINT('',(0.,0.,0.));
#1949=CARTESIAN_POINT('Origin',(-4.43838774631842,0.62976104986457,1.02650000000004));
#1950=CARTESIAN_POINT('',(-4.43838774631842,0.62976104986457,1.02650000000004));
#1951=CARTESIAN_POINT('',(-2.48838774631842,0.62976104986457,1.02650000000004));
#1952=CARTESIAN_POINT($,(-4.43838774631842,0.62976104986457,1.02650000000004));
#1953=CARTESIAN_POINT('',(-2.48838774631842,0.62976104986457,1.12650000000003));
#1954=CARTESIAN_POINT($,(-2.48838774631841,0.62976104986457,1.02650000000004));
#1955=CARTESIAN_POINT('',(-4.43838774631842,0.62976104986457,1.12650000000003));
#1956=CARTESIAN_POINT($,(-4.43838774631842,0.62976104986457,1.12650000000003));
#1957=CARTESIAN_POINT($,(-4.43838774631842,0.62976104986457,1.02650000000004));
#1958=CARTESIAN_POINT('Origin',(-4.43838774631842,1.62976104986457,1.02650000000004));
#1959=CARTESIAN_POINT('',(-4.43838774631842,1.62976104986457,1.02650000000004));
#1960=CARTESIAN_POINT($,(-4.43838774631842,1.62976104986457,1.02650000000004));
#1961=CARTESIAN_POINT('',(-4.43838774631842,1.62976104986457,1.12650000000003));
#1962=CARTESIAN_POINT($,(-4.43838774631842,1.62976104986457,1.12650000000003));
#1963=CARTESIAN_POINT($,(-4.43838774631842,1.62976104986457,1.02650000000004));
#1964=CARTESIAN_POINT('Origin',(-2.88838774631841,1.62976104986457,1.02650000000004));
#1965=CARTESIAN_POINT('',(-2.48838774631842,1.62976104986457,1.02650000000004));
#1966=CARTESIAN_POINT($,(-2.88838774631841,1.62976104986457,1.02650000000004));
#1967=CARTESIAN_POINT('',(-2.48838774631842,1.62976104986457,1.12650000000003));
#1968=CARTESIAN_POINT($,(-2.88838774631841,1.62976104986457,1.12650000000003));
#1969=CARTESIAN_POINT($,(-2.48838774631841,1.62976104986457,1.02650000000004));
#1970=CARTESIAN_POINT('Origin',(-2.48838774631842,0.62976104986457,1.02650000000004));
#1971=CARTESIAN_POINT($,(-2.48838774631841,3.7694687536649,1.02650000000004));
#1972=CARTESIAN_POINT($,(-2.48838774631841,3.7694687536649,1.12650000000003));
#1973=CARTESIAN_POINT('Origin',(-4.34020692411019,6.90917645746524,1.12650000000003));
#1974=CARTESIAN_POINT('Origin',(-4.34020692411019,6.90917645746524,1.02650000000004));
#1975=CARTESIAN_POINT('Origin',(-4.36338774631842,0.72976104986457,0.126500000000032));
#1976=CARTESIAN_POINT('',(-4.31338774631842,0.779761049864569,0.126500000000032));
#1977=CARTESIAN_POINT('',(-4.31338774631842,0.67976104986457,0.126500000000032));
#1978=CARTESIAN_POINT($,(-4.31338774631842,0.72976104986457,0.126500000000032));
#1979=CARTESIAN_POINT('',(-4.41338774631842,0.67976104986457,0.126500000000032));
#1980=CARTESIAN_POINT($,(-4.36338774631842,0.67976104986457,0.126500000000032));
#1981=CARTESIAN_POINT('',(-4.41338774631842,0.779761049864569,0.126500000000032));
#1982=CARTESIAN_POINT($,(-4.41338774631842,0.72976104986457,0.126500000000032));
#1983=CARTESIAN_POINT($,(-4.36338774631842,0.779761049864569,0.126500000000032));
#1984=CARTESIAN_POINT('Origin',(-4.36338774631842,0.72976104986457,1.02650000000003));
#1985=CARTESIAN_POINT('',(-4.31338774631842,0.67976104986457,1.02650000000003));
#1986=CARTESIAN_POINT('',(-4.31338774631842,0.779761049864569,1.02650000000003));
#1987=CARTESIAN_POINT($,(-4.31338774631842,0.72976104986457,1.02650000000003));
#1988=CARTESIAN_POINT('',(-4.41338774631842,0.779761049864569,1.02650000000003));
#1989=CARTESIAN_POINT($,(-4.36338774631842,0.779761049864569,1.02650000000003));
#1990=CARTESIAN_POINT('',(-4.41338774631842,0.67976104986457,1.02650000000003));
#1991=CARTESIAN_POINT($,(-4.41338774631842,0.72976104986457,1.02650000000003));
#1992=CARTESIAN_POINT($,(-4.36338774631842,0.67976104986457,1.02650000000003));
#1993=CARTESIAN_POINT('Origin',(-4.36338774631842,0.779761049864569,0.176500000000033));
#1994=CARTESIAN_POINT($,(-4.41338774631842,0.779761049864569,0.176500000000033));
#1995=CARTESIAN_POINT($,(-4.31338774631842,0.779761049864569,0.176500000000033));
#1996=CARTESIAN_POINT('Origin',(-4.41338774631842,0.72976104986457,0.176500000000033));
#1997=CARTESIAN_POINT($,(-4.41338774631842,0.67976104986457,0.176500000000033));
#1998=CARTESIAN_POINT('Origin',(-4.36338774631842,0.67976104986457,0.176500000000033));
#1999=CARTESIAN_POINT($,(-4.31338774631842,0.67976104986457,0.176500000000033));
#2000=CARTESIAN_POINT('Origin',(-4.31338774631842,0.72976104986457,0.176500000000033));
#2001=CARTESIAN_POINT('Origin',(-3.92778004788158,1.09253891390815,1.24649999141693));
#2002=CARTESIAN_POINT('',(-3.92800523236767,1.11253764616665,1.19649999141693));
#2003=CARTESIAN_POINT('',(-3.92800523236767,1.11253764616665,1.34649999141693));
#2004=CARTESIAN_POINT($,(-3.92800523236767,1.11253764616665,1.24649999141693));
#2005=CARTESIAN_POINT('',(-3.91807302759227,1.11002530167415,1.19649999141693));
#2006=CARTESIAN_POINT('Origin',(-3.92778004788158,1.09253891390815,1.19649999141693));
#2007=CARTESIAN_POINT('',(-3.91807302759227,1.11002530167415,1.34649999141693));
#2008=CARTESIAN_POINT($,(-3.91807302759227,1.11002530167415,1.24649999141693));
#2009=CARTESIAN_POINT('Origin',(-3.92778004788158,1.09253891390815,1.34649999141693));
#2010=CARTESIAN_POINT('',(-3.91100663652267,1.10343169460845,1.14649999141693));
#2011=CARTESIAN_POINT('Origin',(-3.92778004788158,1.09253891390815,1.14650001049042));
#2012=CARTESIAN_POINT('Origin',(-3.92778004788158,1.09253891390815,1.34649999141693));
#2013=CARTESIAN_POINT($,(-3.92303912997997,1.1112814739204,1.34649999141693));
#2014=CARTESIAN_POINT('Origin',(-3.92303912997997,1.1112814739204,1.34649999141693));
#2015=CARTESIAN_POINT('',(-3.77761923023613,1.07449760845616,1.19649999141693));
#2016=CARTESIAN_POINT($,(-3.92303912997997,1.1112814739204,1.19649999141693));
#2017=CARTESIAN_POINT('',(-3.77761923023613,1.07449760845616,1.49649999141693));
#2018=CARTESIAN_POINT($,(-3.77761923023613,1.07449760845616,1.34649999141693));
#2019=CARTESIAN_POINT('',(-4.06845902972381,1.14806533938464,1.49649999141693));
#2020=CARTESIAN_POINT($,(-3.92303912997997,1.1112814739204,1.49649999141693));
#2021=CARTESIAN_POINT('',(-4.06845902972381,1.14806533938464,1.19649999141693));
#2022=CARTESIAN_POINT($,(-4.06845902972381,1.14806533938464,1.34649999141693));
#2023=CARTESIAN_POINT($,(-3.92303912997997,1.1112814739204,1.19649999141693));
#2024=CARTESIAN_POINT('Origin',(-3.91077784149189,1.15975477383502,1.34649999141693));
#2025=CARTESIAN_POINT('',(-4.05619774123573,1.19653863929926,1.19649999141693));
#2026=CARTESIAN_POINT('',(-4.05619774123573,1.19653863929926,1.49649999141693));
#2027=CARTESIAN_POINT($,(-4.05619774123573,1.19653863929926,1.34649999141693));
#2028=CARTESIAN_POINT('',(-3.76535794174805,1.12297090837078,1.49649999141693));
#2029=CARTESIAN_POINT($,(-3.91077784149189,1.15975477383502,1.49649999141693));
#2030=CARTESIAN_POINT('',(-3.76535794174805,1.12297090837078,1.19649999141693));
#2031=CARTESIAN_POINT($,(-3.76535794174805,1.12297090837078,1.34649999141693));
#2032=CARTESIAN_POINT($,(-3.91077784149189,1.15975477383502,1.19649999141693));
#2033=CARTESIAN_POINT('Origin',(-3.91690848573593,1.13551812387771,1.19649999141693));
#2034=CARTESIAN_POINT($,(-4.06232838547977,1.17230198934195,1.19649999141693));
#2035=CARTESIAN_POINT($,(-3.77148858599209,1.09873425841347,1.19649999141693));
#2036=CARTESIAN_POINT('Origin',(-3.77148858599209,1.09873425841347,1.34649999141693));
#2037=CARTESIAN_POINT($,(-3.77148858599209,1.09873425841347,1.49649999141693));
#2038=CARTESIAN_POINT('Origin',(-3.91690848573593,1.13551812387771,1.49649999141693));
#2039=CARTESIAN_POINT($,(-4.06232838547977,1.17230198934195,1.49649999141693));
#2040=CARTESIAN_POINT('Origin',(-4.06232838547977,1.17230198934195,1.34649999141693));
#2041=CARTESIAN_POINT('Origin',(-3.92778004788158,1.09253891390815,1.13650001049042));
#2042=CARTESIAN_POINT('',(-3.84391299108704,1.14700281740965,1.12650001049042));
#2043=CARTESIAN_POINT('Origin',(-3.92778004788158,1.09253891390815,1.12650001049042));
#2044=CARTESIAN_POINT('',(-3.84391299108704,1.14700281740965,1.14650001049042));
#2045=CARTESIAN_POINT('Origin',(-3.92778004788158,1.09253891390815,1.14650001049042));
#2046=CARTESIAN_POINT('Origin',(-3.92778004788158,1.09253891390815,1.12650001049042));
#2047=CARTESIAN_POINT('Origin',(-3.92778004788158,1.09253891390815,1.14650001049042));
#2048=CARTESIAN_POINT('Origin',(-3.87431413759832,1.79399168601049,0.726500082015991));
#2049=CARTESIAN_POINT('',(-3.67373798226045,1.80699960321037,0.726500005245225));
#2050=CARTESIAN_POINT('',(-4.07349431306809,1.82095940189137,0.726500005245225));
#2051=CARTESIAN_POINT($,(-3.4841456351193,1.80037889255845,0.726500005245225));
#2052=CARTESIAN_POINT('',(-4.07331981558457,1.82595635602647,0.726500082015991));
#2053=CARTESIAN_POINT($,(-4.07419230300214,1.80097158535099,0.726500082015991));
#2054=CARTESIAN_POINT('',(-3.67356348477693,1.81199655734547,0.726500082015991));
#2055=CARTESIAN_POINT($,(-3.87344165018075,1.81897645668597,0.726500082015991));
#2056=CARTESIAN_POINT($,(-3.6744359721945,1.78701178666999,0.726500082015991));
#2057=CARTESIAN_POINT('Origin',(-3.87431413759832,1.79399168601049,1.12650008201599));
#2058=CARTESIAN_POINT('',(-3.67530845961206,1.76202701599451,1.12650008201599));
#2059=CARTESIAN_POINT('',(-3.67356348477693,1.81199655734547,1.12650008201599));
#2060=CARTESIAN_POINT($,(-3.6744359721945,1.78701178666999,1.12650008201599));
#2061=CARTESIAN_POINT('',(-4.07331981558457,1.82595635602647,1.12650008201599));
#2062=CARTESIAN_POINT($,(-3.87344165018075,1.81897645668597,1.12650008201599));
#2063=CARTESIAN_POINT('',(-4.0750647904197,1.77598681467551,1.12650008201599));
#2064=CARTESIAN_POINT($,(-4.07419230300214,1.80097158535099,1.12650008201599));
#2065=CARTESIAN_POINT($,(-3.87518662501588,1.76900691533501,1.12650008201599));
#2066=CARTESIAN_POINT('Origin',(-3.87518662501588,1.76900691533501,0.926500082015991));
#2067=CARTESIAN_POINT('',(-4.0750647904197,1.77598681467551,0.726500082015991));
#2068=CARTESIAN_POINT($,(-4.0750647904197,1.77598681467551,0.926500082015991));
#2069=CARTESIAN_POINT('',(-3.67530845961206,1.76202701599451,0.726500082015991));
#2070=CARTESIAN_POINT($,(-3.79393533826636,1.76616955787952,0.726500011539456));
#2071=CARTESIAN_POINT($,(-3.67530845961206,1.76202701599451,0.926500082015991));
#2072=CARTESIAN_POINT('Origin',(-3.87344165018075,1.81897645668597,0.926500082015991));
#2073=CARTESIAN_POINT($,(-3.67356348477693,1.81199655734547,0.926500082015991));
#2074=CARTESIAN_POINT($,(-4.07331981558457,1.82595635602647,0.926500082015991));
#2075=CARTESIAN_POINT('Origin',(-3.71310783111965,1.75119674038166,0.726500011539456));
#2076=CARTESIAN_POINT('',(-4.08745411174909,1.42120307108373,0.726500005245225));
#2077=CARTESIAN_POINT($,(-4.01571940827265,3.47541620900983,0.726500005245225));
#2078=CARTESIAN_POINT('',(-3.68769778094145,1.40724327240273,0.726500005245225));
#2079=CARTESIAN_POINT($,(-3.73860924257888,1.40902113981906,0.726500005245225));
#2080=CARTESIAN_POINT($,(-3.62294297680551,3.26157824492501,0.726500005245225));
#2081=CARTESIAN_POINT('Origin',(-3.70276629420441,1.46494716472662,0.42650000839234));
#2082=CARTESIAN_POINT('',(-3.70338949950267,1.44710089995842,0.696500004930517));
#2083=CARTESIAN_POINT('',(-3.70214308890615,1.48279342949481,0.696500004930517));
#2084=CARTESIAN_POINT($,(-3.63900861854569,3.29072811361978,0.696500004930517));
#2085=CARTESIAN_POINT('',(-3.70338949950267,1.44710089995842,0.126500005245225));
#2086=CARTESIAN_POINT($,(-3.70338949950267,1.44710089995842,0.42650000839234));
#2087=CARTESIAN_POINT('',(-3.70214308890615,1.48279342949481,0.126500005245225));
#2088=CARTESIAN_POINT($,(-3.70276629420441,1.46494716472662,0.126500005245225));
#2089=CARTESIAN_POINT($,(-3.70214308890615,1.48279342949481,0.42650000839234));
#2090=CARTESIAN_POINT('Origin',(-3.72370232119005,1.44781023932229,0.42650000839234));
#2091=CARTESIAN_POINT('',(-3.74401514287743,1.44851957868616,0.696500004930517));
#2092=CARTESIAN_POINT($,(-3.55604782147128,1.44195561518336,0.696500004930517));
#2093=CARTESIAN_POINT('',(-3.74401514287743,1.44851957868616,0.126500005245225));
#2094=CARTESIAN_POINT($,(-3.74401514287743,1.44851957868616,0.42650000839234));
#2095=CARTESIAN_POINT($,(-3.72370232119005,1.44781023932229,0.126500005245225));
#2096=CARTESIAN_POINT('Origin',(-3.72307911589179,1.46565650409049,0.126500005245225));
#2097=CARTESIAN_POINT('',(-3.74276873228091,1.48421210822256,0.126500005245225));
#2098=CARTESIAN_POINT($,(-3.74339193757917,1.46636584345436,0.126500005245225));
#2099=CARTESIAN_POINT($,(-3.72245591059353,1.48350276885869,0.126500005245225));
#2100=CARTESIAN_POINT('Origin',(-3.74339193757917,1.46636584345436,0.42650000839234));
#2101=CARTESIAN_POINT('',(-3.74276873228091,1.48421210822256,0.696500004930517));
#2102=CARTESIAN_POINT($,(-3.67963426192045,3.29214679234752,0.696500004930517));
#2103=CARTESIAN_POINT($,(-3.74276873228091,1.48421210822256,0.42650000839234));
#2104=CARTESIAN_POINT('Origin',(-3.72245591059353,1.48350276885869,0.42650000839234));
#2105=CARTESIAN_POINT($,(-3.55480141087476,1.47764814471975,0.696500004930517));
#2106=CARTESIAN_POINT('Origin',(-4.02777144120251,1.47629659454857,0.42650000839234));
#2107=CARTESIAN_POINT('',(-4.02839464650076,1.45845032978037,0.696500004930517));
#2108=CARTESIAN_POINT('',(-4.02714823590425,1.49414285931677,0.696500004930517));
#2109=CARTESIAN_POINT($,(-3.96401376554378,3.30207754344173,0.696500004930517));
#2110=CARTESIAN_POINT('',(-4.02839464650076,1.45845032978037,0.126500005245225));
#2111=CARTESIAN_POINT($,(-4.02839464650076,1.45845032978037,0.42650000839234));
#2112=CARTESIAN_POINT('',(-4.02714823590425,1.49414285931677,0.126500005245225));
#2113=CARTESIAN_POINT($,(-4.02777144120251,1.47629659454857,0.126500005245225));
#2114=CARTESIAN_POINT($,(-4.02714823590425,1.49414285931677,0.42650000839234));
#2115=CARTESIAN_POINT('Origin',(-4.04870746818815,1.45915966914424,0.42650000839234));
#2116=CARTESIAN_POINT('',(-4.06902028987553,1.45986900850811,0.696500004930517));
#2117=CARTESIAN_POINT($,(-3.71855039497033,1.44763033009433,0.696500004930517));
#2118=CARTESIAN_POINT('',(-4.06902028987553,1.45986900850811,0.126500005245225));
#2119=CARTESIAN_POINT($,(-4.06902028987553,1.45986900850811,0.42650000839234));
#2120=CARTESIAN_POINT($,(-4.04870746818815,1.45915966914424,0.126500005245225));
#2121=CARTESIAN_POINT('Origin',(-4.04808426288989,1.47700593391244,0.126500005245225));
#2122=CARTESIAN_POINT('',(-4.06777387927901,1.49556153804451,0.126500005245225));
#2123=CARTESIAN_POINT($,(-4.06839708457727,1.47771527327631,0.126500005245225));
#2124=CARTESIAN_POINT($,(-4.04746105759163,1.49485219868064,0.126500005245225));
#2125=CARTESIAN_POINT('Origin',(-4.06839708457727,1.47771527327631,0.42650000839234));
#2126=CARTESIAN_POINT('',(-4.06777387927901,1.49556153804451,0.696500004930517));
#2127=CARTESIAN_POINT($,(-4.00463940891855,3.30349622216947,0.696500004930517));
#2128=CARTESIAN_POINT($,(-4.06777387927901,1.49556153804451,0.42650000839234));
#2129=CARTESIAN_POINT('Origin',(-4.04746105759163,1.49485219868064,0.42650000839234));
#2130=CARTESIAN_POINT($,(-3.71730398437381,1.48332285963073,0.696500004930517));
#2131=CARTESIAN_POINT('Origin',(-4.01780015643036,1.76183683083974,0.42650000839234));
#2132=CARTESIAN_POINT('',(-4.01842336172862,1.74399056607155,0.696500004930517));
#2133=CARTESIAN_POINT('',(-4.01717695113211,1.77968309560794,0.696500004930517));
#2134=CARTESIAN_POINT($,(-3.95902812315771,3.44484766158732,0.696500004930517));
#2135=CARTESIAN_POINT('',(-4.01842336172862,1.74399056607155,0.126500005245225));
#2136=CARTESIAN_POINT($,(-4.01842336172862,1.74399056607155,0.42650000839234));
#2137=CARTESIAN_POINT('',(-4.01717695113211,1.77968309560794,0.126500005245225));
#2138=CARTESIAN_POINT($,(-4.01780015643036,1.76183683083974,0.126500005245225));
#2139=CARTESIAN_POINT($,(-4.01717695113211,1.77968309560794,0.42650000839234));
#2140=CARTESIAN_POINT('Origin',(-4.038736183416,1.74469990543542,0.42650000839234));
#2141=CARTESIAN_POINT('',(-4.05904900510338,1.74540924479929,0.696500004930517));
#2142=CARTESIAN_POINT($,(-3.70857911019819,1.73317056638551,0.696500004930517));
#2143=CARTESIAN_POINT('',(-4.05904900510338,1.74540924479929,0.126500005245225));
#2144=CARTESIAN_POINT($,(-4.05904900510338,1.74540924479929,0.42650000839234));
#2145=CARTESIAN_POINT($,(-4.038736183416,1.74469990543542,0.126500005245225));
#2146=CARTESIAN_POINT('Origin',(-4.03811297811774,1.76254617020362,0.126500005245225));
#2147=CARTESIAN_POINT('',(-4.05780259450687,1.78110177433569,0.126500005245225));
#2148=CARTESIAN_POINT($,(-4.05842579980513,1.76325550956749,0.126500005245225));
#2149=CARTESIAN_POINT($,(-4.03748977281949,1.78039243497181,0.126500005245225));
#2150=CARTESIAN_POINT('Origin',(-4.05842579980513,1.76325550956749,0.42650000839234));
#2151=CARTESIAN_POINT('',(-4.05780259450687,1.78110177433569,0.696500004930517));
#2152=CARTESIAN_POINT($,(-3.99965376653248,3.44626634031506,0.696500004930517));
#2153=CARTESIAN_POINT($,(-4.05780259450687,1.78110177433569,0.42650000839234));
#2154=CARTESIAN_POINT('Origin',(-4.03748977281949,1.78039243497181,0.42650000839234));
#2155=CARTESIAN_POINT($,(-3.70733269960167,1.7688630959219,0.696500004930517));
#2156=CARTESIAN_POINT('Origin',(-3.26025476513681,5.10550915359895,0.696500004930517));
#2157=CARTESIAN_POINT('',(-3.68769778094145,1.40724327240273,0.696500004930517));
#2158=CARTESIAN_POINT('',(-4.08745411174909,1.42120307108373,0.696500004930517));
#2159=CARTESIAN_POINT($,(-3.60644649419192,1.40440591494724,0.696500004930517));
#2160=CARTESIAN_POINT('',(-4.07349431306809,1.82095940189137,0.696500004930517));
#2161=CARTESIAN_POINT($,(-4.08745411174909,1.42120307108373,0.696500004930517));
#2162=CARTESIAN_POINT('',(-3.67373798226045,1.80699960321037,0.696500004930517));
#2163=CARTESIAN_POINT($,(-4.07349431306809,1.82095940189137,0.696500004930517));
#2164=CARTESIAN_POINT($,(-3.62294297680551,3.26157824492501,0.696500004930517));
#2165=CARTESIAN_POINT('',(-3.69341821473052,1.73264113624959,0.696500004930517));
#2166=CARTESIAN_POINT('',(-3.73404385810529,1.73405981497734,0.696500004930517));
#2167=CARTESIAN_POINT($,(-3.54607653669914,1.72749585147453,0.696500004930517));
#2168=CARTESIAN_POINT('',(-3.69217180413401,1.76833366578599,0.696500004930517));
#2169=CARTESIAN_POINT($,(-3.63402297615961,3.43349823176537,0.696500004930517));
#2170=CARTESIAN_POINT('',(-3.73279744750877,1.76975234451373,0.696500004930517));
#2171=CARTESIAN_POINT($,(-3.54483012610262,1.76318838101093,0.696500004930517));
#2172=CARTESIAN_POINT($,(-3.67464861953438,3.43491691049311,0.696500004930517));
#2173=CARTESIAN_POINT('Origin',(-4.07349431306809,1.82095940189137,0.696500004930517));
#2174=CARTESIAN_POINT($,(-4.08745411174909,1.42120307108373,0.696500004930517));
#2175=CARTESIAN_POINT($,(-4.07349431306809,1.82095940189137,0.696500004930517));
#2176=CARTESIAN_POINT('Origin',(-3.59248669551092,1.80416224575488,0.696500004930517));
#2177=CARTESIAN_POINT($,(-3.67373798226045,1.80699960321037,0.696500004930517));
#2178=CARTESIAN_POINT('Origin',(-3.68769778094145,1.40724327240273,0.696500004930517));
#2179=CARTESIAN_POINT($,(-3.68769778094145,1.40724327240273,0.696500004930517));
#2180=CARTESIAN_POINT('Origin',(-4.08745411174909,1.42120307108373,0.696500004930517));
#2181=CARTESIAN_POINT('Origin',(-3.71248462582139,1.76904300514986,0.42650000839234));
#2182=CARTESIAN_POINT('',(-3.69217180413401,1.76833366578599,0.126500005245225));
#2183=CARTESIAN_POINT($,(-3.69217180413401,1.76833366578599,0.42650000839234));
#2184=CARTESIAN_POINT('',(-3.73279744750877,1.76975234451373,0.126500005245225));
#2185=CARTESIAN_POINT($,(-3.71248462582139,1.76904300514986,0.126500005245225));
#2186=CARTESIAN_POINT($,(-3.73279744750877,1.76975234451373,0.42650000839234));
#2187=CARTESIAN_POINT('Origin',(-3.69279500943227,1.75048740101779,0.42650000839234));
#2188=CARTESIAN_POINT('',(-3.69341821473052,1.73264113624959,0.126500005245225));
#2189=CARTESIAN_POINT($,(-3.69341821473052,1.73264113624959,0.42650000839234));
#2190=CARTESIAN_POINT($,(-3.69279500943227,1.75048740101779,0.126500005245225));
#2191=CARTESIAN_POINT('Origin',(-3.71310783111965,1.75119674038166,0.126500005245225));
#2192=CARTESIAN_POINT('',(-3.73404385810529,1.73405981497734,0.126500005245225));
#2193=CARTESIAN_POINT($,(-3.71373103641791,1.73335047561347,0.126500005245225));
#2194=CARTESIAN_POINT($,(-3.73342065280703,1.75190607974554,0.126500005245225));
#2195=CARTESIAN_POINT('Origin',(-3.71373103641791,1.73335047561347,0.42650000839234));
#2196=CARTESIAN_POINT($,(-3.73404385810529,1.73405981497734,0.42650000839234));
#2197=CARTESIAN_POINT('Origin',(-3.73342065280703,1.75190607974554,0.42650000839234));
#2198=CARTESIAN_POINT('Origin',(-4.24355875374214,1.59387369633326,1.18150001049042));
#2199=CARTESIAN_POINT('',(-4.09140004866402,1.71623679726222,1.18150001049042));
#2200=CARTESIAN_POINT('',(-4.09576315027334,1.46627487347312,1.18150001049042));
#2201=CARTESIAN_POINT($,(-4.09358159946868,1.59125583536767,1.18150001049042));
#2202=CARTESIAN_POINT('',(-4.39571745882026,1.4715105954043,1.18150001049042));
#2203=CARTESIAN_POINT($,(-4.2457403045468,1.46889273443871,1.18150001049042));
#2204=CARTESIAN_POINT('',(-4.39135435721094,1.7214725191934,1.18150001049042));
#2205=CARTESIAN_POINT($,(-4.3935359080156,1.59649155729885,1.18150001049042));
#2206=CARTESIAN_POINT($,(-4.24137720293748,1.71885465822781,1.18150001049042));
#2207=CARTESIAN_POINT('Origin',(-4.24355875374214,1.59387369633326,1.25650001049042));
#2208=CARTESIAN_POINT('',(-4.09576315027334,1.46627487347312,1.25650001049042));
#2209=CARTESIAN_POINT('',(-4.09140004866402,1.71623679726222,1.25650001049042));
#2210=CARTESIAN_POINT($,(-4.09358159946868,1.59125583536767,1.25650001049042));
#2211=CARTESIAN_POINT('',(-4.39135435721094,1.7214725191934,1.25650001049042));
#2212=CARTESIAN_POINT($,(-4.24137720293748,1.71885465822781,1.25650001049042));
#2213=CARTESIAN_POINT('',(-4.39571745882026,1.4715105954043,1.25650001049042));
#2214=CARTESIAN_POINT($,(-4.3935359080156,1.59649155729885,1.25650001049042));
#2215=CARTESIAN_POINT($,(-4.2457403045468,1.46889273443871,1.25650001049042));
#2216=CARTESIAN_POINT('Origin',(-4.24137720293748,1.71885465822781,1.21900001049042));
#2217=CARTESIAN_POINT($,(-4.39135435721094,1.7214725191934,1.21900001049042));
#2218=CARTESIAN_POINT($,(-4.09140004866402,1.71623679726222,1.21900001049042));
#2219=CARTESIAN_POINT('Origin',(-4.3935359080156,1.59649155729885,1.21900001049042));
#2220=CARTESIAN_POINT($,(-4.39571745882026,1.4715105954043,1.21900001049042));
#2221=CARTESIAN_POINT('Origin',(-4.2457403045468,1.46889273443871,1.21900001049042));
#2222=CARTESIAN_POINT($,(-4.09576315027334,1.46627487347312,1.21900001049042));
#2223=CARTESIAN_POINT('Origin',(-4.09358159946868,1.59125583536767,1.21900001049042));
#2224=CARTESIAN_POINT('Origin',(-2.56338774631842,0.72976104986457,0.126500000000032));
#2225=CARTESIAN_POINT('',(-2.51338774631842,0.779761049864569,0.126500000000032));
#2226=CARTESIAN_POINT('',(-2.51338774631842,0.67976104986457,0.126500000000032));
#2227=CARTESIAN_POINT($,(-2.51338774631842,0.72976104986457,0.126500000000032));
#2228=CARTESIAN_POINT('',(-2.61338774631842,0.67976104986457,0.126500000000032));
#2229=CARTESIAN_POINT($,(-2.56338774631842,0.67976104986457,0.126500000000032));
#2230=CARTESIAN_POINT('',(-2.61338774631842,0.779761049864569,0.126500000000032));
#2231=CARTESIAN_POINT($,(-2.61338774631842,0.72976104986457,0.126500000000032));
#2232=CARTESIAN_POINT($,(-2.56338774631842,0.779761049864569,0.126500000000032));
#2233=CARTESIAN_POINT('Origin',(-2.56338774631842,0.72976104986457,1.02650000000003));
#2234=CARTESIAN_POINT('',(-2.51338774631842,0.67976104986457,1.02650000000003));
#2235=CARTESIAN_POINT('',(-2.51338774631842,0.779761049864569,1.02650000000003));
#2236=CARTESIAN_POINT($,(-2.51338774631842,0.72976104986457,1.02650000000003));
#2237=CARTESIAN_POINT('',(-2.61338774631842,0.779761049864569,1.02650000000003));
#2238=CARTESIAN_POINT($,(-2.56338774631842,0.779761049864569,1.02650000000003));
#2239=CARTESIAN_POINT('',(-2.61338774631842,0.67976104986457,1.02650000000003));
#2240=CARTESIAN_POINT($,(-2.61338774631842,0.72976104986457,1.02650000000003));
#2241=CARTESIAN_POINT($,(-2.56338774631842,0.67976104986457,1.02650000000003));
#2242=CARTESIAN_POINT('Origin',(-2.56338774631842,0.779761049864569,0.176500000000033));
#2243=CARTESIAN_POINT($,(-2.61338774631842,0.779761049864569,0.176500000000033));
#2244=CARTESIAN_POINT($,(-2.51338774631842,0.779761049864569,0.176500000000033));
#2245=CARTESIAN_POINT('Origin',(-2.61338774631842,0.72976104986457,0.176500000000033));
#2246=CARTESIAN_POINT($,(-2.61338774631842,0.67976104986457,0.176500000000033));
#2247=CARTESIAN_POINT('Origin',(-2.56338774631842,0.67976104986457,0.176500000000033));
#2248=CARTESIAN_POINT($,(-2.51338774631842,0.67976104986457,0.176500000000033));
#2249=CARTESIAN_POINT('Origin',(-2.51338774631842,0.72976104986457,0.176500000000033));
#2250=CARTESIAN_POINT('Origin',(-4.36338774631842,1.52976104986457,0.126500000000032));
#2251=CARTESIAN_POINT('',(-4.31338774631842,1.57976104986457,0.126500000000032));
#2252=CARTESIAN_POINT('',(-4.31338774631842,1.47976104986457,0.126500000000032));
#2253=CARTESIAN_POINT($,(-4.31338774631842,1.52976104986457,0.126500000000032));
#2254=CARTESIAN_POINT('',(-4.41338774631842,1.47976104986457,0.126500000000032));
#2255=CARTESIAN_POINT($,(-4.36338774631842,1.47976104986457,0.126500000000032));
#2256=CARTESIAN_POINT('',(-4.41338774631842,1.57976104986457,0.126500000000032));
#2257=CARTESIAN_POINT($,(-4.41338774631842,1.52976104986457,0.126500000000032));
#2258=CARTESIAN_POINT($,(-4.36338774631842,1.57976104986457,0.126500000000032));
#2259=CARTESIAN_POINT('Origin',(-4.36338774631842,1.52976104986457,1.02650000000003));
#2260=CARTESIAN_POINT('',(-4.31338774631842,1.47976104986457,1.02650000000003));
#2261=CARTESIAN_POINT('',(-4.31338774631842,1.57976104986457,1.02650000000003));
#2262=CARTESIAN_POINT($,(-4.31338774631842,1.52976104986457,1.02650000000003));
#2263=CARTESIAN_POINT('',(-4.41338774631842,1.57976104986457,1.02650000000003));
#2264=CARTESIAN_POINT($,(-4.36338774631842,1.57976104986457,1.02650000000003));
#2265=CARTESIAN_POINT('',(-4.41338774631842,1.47976104986457,1.02650000000003));
#2266=CARTESIAN_POINT($,(-4.41338774631842,1.52976104986457,1.02650000000003));
#2267=CARTESIAN_POINT($,(-4.36338774631842,1.47976104986457,1.02650000000003));
#2268=CARTESIAN_POINT('Origin',(-4.36338774631842,1.57976104986457,0.176500000000033));
#2269=CARTESIAN_POINT($,(-4.41338774631842,1.57976104986457,0.176500000000033));
#2270=CARTESIAN_POINT($,(-4.31338774631842,1.57976104986457,0.176500000000033));
#2271=CARTESIAN_POINT('Origin',(-4.41338774631842,1.52976104986457,0.176500000000033));
#2272=CARTESIAN_POINT($,(-4.41338774631842,1.47976104986457,0.176500000000033));
#2273=CARTESIAN_POINT('Origin',(-4.36338774631842,1.47976104986457,0.176500000000033));
#2274=CARTESIAN_POINT($,(-4.31338774631842,1.47976104986457,0.176500000000033));
#2275=CARTESIAN_POINT('Origin',(-4.31338774631842,1.52976104986457,0.176500000000033));
#2276=CARTESIAN_POINT('Origin',(-2.56338774631842,1.52976104986457,0.126500000000032));
#2277=CARTESIAN_POINT('',(-2.51338774631842,1.57976104986457,0.126500000000032));
#2278=CARTESIAN_POINT('',(-2.51338774631842,1.47976104986457,0.126500000000032));
#2279=CARTESIAN_POINT($,(-2.51338774631842,1.52976104986457,0.126500000000032));
#2280=CARTESIAN_POINT('',(-2.61338774631842,1.47976104986457,0.126500000000032));
#2281=CARTESIAN_POINT($,(-2.56338774631842,1.47976104986457,0.126500000000032));
#2282=CARTESIAN_POINT('',(-2.61338774631842,1.57976104986457,0.126500000000032));
#2283=CARTESIAN_POINT($,(-2.61338774631842,1.52976104986457,0.126500000000032));
#2284=CARTESIAN_POINT($,(-2.56338774631842,1.57976104986457,0.126500000000032));
#2285=CARTESIAN_POINT('Origin',(-2.56338774631842,1.52976104986457,1.02650000000003));
#2286=CARTESIAN_POINT('',(-2.51338774631842,1.47976104986457,1.02650000000003));
#2287=CARTESIAN_POINT('',(-2.51338774631842,1.57976104986457,1.02650000000003));
#2288=CARTESIAN_POINT($,(-2.51338774631842,1.52976104986457,1.02650000000003));
#2289=CARTESIAN_POINT('',(-2.61338774631842,1.57976104986457,1.02650000000003));
#2290=CARTESIAN_POINT($,(-2.56338774631842,1.57976104986457,1.02650000000003));
#2291=CARTESIAN_POINT('',(-2.61338774631842,1.47976104986457,1.02650000000003));
#2292=CARTESIAN_POINT($,(-2.61338774631842,1.52976104986457,1.02650000000003));
#2293=CARTESIAN_POINT($,(-2.56338774631842,1.47976104986457,1.02650000000003));
#2294=CARTESIAN_POINT('Origin',(-2.56338774631842,1.57976104986457,0.176500000000033));
#2295=CARTESIAN_POINT($,(-2.61338774631842,1.57976104986457,0.176500000000033));
#2296=CARTESIAN_POINT($,(-2.51338774631842,1.57976104986457,0.176500000000033));
#2297=CARTESIAN_POINT('Origin',(-2.61338774631842,1.52976104986457,0.176500000000033));
#2298=CARTESIAN_POINT($,(-2.61338774631842,1.47976104986457,0.176500000000033));
#2299=CARTESIAN_POINT('Origin',(-2.56338774631842,1.47976104986457,0.176500000000033));
#2300=CARTESIAN_POINT($,(-2.51338774631842,1.47976104986457,0.176500000000033));
#2301=CARTESIAN_POINT('Origin',(-2.51338774631842,1.52976104986457,0.176500000000033));
#2302=CARTESIAN_POINT('Origin',(-2.94355875374214,1.19387369633326,0.281500010490418));
#2303=CARTESIAN_POINT('',(-2.6392413435859,0.949147494475348,0.281500010490418));
#2304=CARTESIAN_POINT('',(-2.64796754680454,1.44907134205354,0.281500010490418));
#2305=CARTESIAN_POINT($,(-2.64360444519522,1.19910941826445,0.281500010490418));
#2306=CARTESIAN_POINT('',(-3.24787616389838,1.43859989819117,0.281500010490418));
#2307=CARTESIAN_POINT($,(-2.94792185535146,1.44383562012236,0.281500010490418));
#2308=CARTESIAN_POINT('',(-3.23914996067974,0.938676050612977,0.281500010490418));
#2309=CARTESIAN_POINT($,(-3.24351306228906,1.18863797440208,0.281500010490418));
#2310=CARTESIAN_POINT($,(-2.93919565213282,0.943911772544162,0.281500010490418));
#2311=CARTESIAN_POINT('Origin',(-2.94355875374214,1.19387369633326,0.131500010490417));
#2312=CARTESIAN_POINT('',(-2.64796754680454,1.44907134205354,0.131500010490417));
#2313=CARTESIAN_POINT('',(-2.6392413435859,0.949147494475348,0.131500010490417));
#2314=CARTESIAN_POINT($,(-2.64360444519522,1.19910941826445,0.131500010490417));
#2315=CARTESIAN_POINT('',(-3.23914996067974,0.938676050612977,0.131500010490417));
#2316=CARTESIAN_POINT($,(-2.93919565213282,0.943911772544162,0.131500010490417));
#2317=CARTESIAN_POINT('',(-3.24787616389838,1.43859989819117,0.131500010490417));
#2318=CARTESIAN_POINT($,(-3.24351306228906,1.18863797440208,0.131500010490417));
#2319=CARTESIAN_POINT($,(-2.94792185535146,1.44383562012236,0.131500010490417));
#2320=CARTESIAN_POINT('Origin',(-2.93919565213282,0.943911772544162,0.206500010490418));
#2321=CARTESIAN_POINT($,(-3.23914996067974,0.938676050612977,0.206500010490418));
#2322=CARTESIAN_POINT($,(-2.6392413435859,0.949147494475348,0.206500010490418));
#2323=CARTESIAN_POINT('Origin',(-3.24351306228906,1.18863797440208,0.206500010490418));
#2324=CARTESIAN_POINT($,(-3.24787616389838,1.43859989819117,0.206500010490418));
#2325=CARTESIAN_POINT('Origin',(-2.94792185535146,1.44383562012236,0.206500010490418));
#2326=CARTESIAN_POINT($,(-2.64796754680454,1.44907134205354,0.206500010490418));
#2327=CARTESIAN_POINT('Origin',(-2.64360444519522,1.19910941826445,0.206500010490418));
#2328=CARTESIAN_POINT('Origin',(-3.06338774631842,1.12976104986457,2.12650001049042));
#2329=CARTESIAN_POINT('',(-2.56338774631842,0.62976104986457,2.12650001049042));
#2330=CARTESIAN_POINT('',(-2.56338774631842,1.62976104986457,2.12650001049042));
#2331=CARTESIAN_POINT($,(-2.56338774631842,1.12976104986457,2.12650001049042));
#2332=CARTESIAN_POINT('',(-3.56338774631842,1.62976104986457,2.12650001049042));
#2333=CARTESIAN_POINT($,(-3.06338774631842,1.62976104986457,2.12650001049042));
#2334=CARTESIAN_POINT('',(-3.56338774631842,0.62976104986457,2.12650001049042));
#2335=CARTESIAN_POINT($,(-3.56338774631842,1.12976104986457,2.12650001049042));
#2336=CARTESIAN_POINT($,(-3.06338774631842,0.62976104986457,2.12650001049042));
#2337=CARTESIAN_POINT('Origin',(-3.06338774631842,1.12976104986457,1.12650001049042));
#2338=CARTESIAN_POINT('',(-2.56338774631842,1.62976104986457,1.12650001049042));
#2339=CARTESIAN_POINT('',(-2.56338774631842,0.62976104986457,1.12650001049042));
#2340=CARTESIAN_POINT($,(-2.56338774631842,1.12976104986457,1.12650001049042));
#2341=CARTESIAN_POINT('',(-3.56338774631842,0.62976104986457,1.12650001049042));
#2342=CARTESIAN_POINT($,(-3.06338774631842,0.62976104986457,1.12650001049042));
#2343=CARTESIAN_POINT('',(-3.56338774631842,1.62976104986457,1.12650001049042));
#2344=CARTESIAN_POINT($,(-3.56338774631842,1.12976104986457,1.12650001049042));
#2345=CARTESIAN_POINT($,(-3.06338774631842,1.62976104986457,1.12650001049042));
#2346=CARTESIAN_POINT('Origin',(-3.06338774631842,0.62976104986457,1.62650001049042));
#2347=CARTESIAN_POINT($,(-3.56338774631842,0.62976104986457,1.62650001049042));
#2348=CARTESIAN_POINT($,(-2.56338774631842,0.62976104986457,1.62650001049042));
#2349=CARTESIAN_POINT('Origin',(-3.56338774631842,1.12976104986457,1.62650001049042));
#2350=CARTESIAN_POINT($,(-3.56338774631842,1.62976104986457,1.62650001049042));
#2351=CARTESIAN_POINT('Origin',(-3.06338774631842,1.62976104986457,1.62650001049042));
#2352=CARTESIAN_POINT($,(-2.56338774631842,1.62976104986457,1.62650001049042));
#2353=CARTESIAN_POINT('Origin',(-2.56338774631842,1.12976104986457,1.62650001049042));
#2354=UNCERTAINTY_MEASURE_WITH_UNIT(LENGTH_MEASURE(0.001),#2356,
'DISTANCE_ACCURACY_VALUE',
'Maximum model space distance between geometric entities at asserted c
onnectivities');
#2355=(
GEOMETRIC_REPRESENTATION_CONTEXT(3)
GLOBAL_UNCERTAINTY_ASSIGNED_CONTEXT((#2354))
GLOBAL_UNIT_ASSIGNED_CONTEXT((#2356,#2358,#2357))
REPRESENTATION_CONTEXT('','3D')
);
#2356=(
LENGTH_UNIT()
NAMED_UNIT(*)
SI_UNIT(.CENTI.,.METRE.)
);
#2357=(
NAMED_UNIT(*)
SI_UNIT($,.STERADIAN.)
SOLID_ANGLE_UNIT()
);
#2358=(
NAMED_UNIT(*)
PLANE_ANGLE_UNIT()
SI_UNIT($,.RADIAN.)
);
#2359=SHAPE_DEFINITION_REPRESENTATION(#2360,#2361);
#2360=PRODUCT_DEFINITION_SHAPE('',$,#2363);
#2361=SHAPE_REPRESENTATION('',(#1479),#2355);
#2362=PRODUCT_DEFINITION_CONTEXT('3D Mechanical Parts',#2366,'design');
#2363=PRODUCT_DEFINITION('machine 4','machine 4',#2364,#2362);
#2364=PRODUCT_DEFINITION_FORMATION('',$,#2368);
#2365=APPLICATION_PROTOCOL_DEFINITION('international standard',
'automotive_design',2009,#2366);
#2366=APPLICATION_CONTEXT(
'Core Data for Automotive Mechanical Design Process');
#2367=PRODUCT_CONTEXT('3D Mechanical Parts',#2366,'mechanical');
#2368=PRODUCT('machine 4','machine 4',$,(#2367));
#2369=PRESENTATION_STYLE_ASSIGNMENT((#2372));
#2370=PRESENTATION_STYLE_ASSIGNMENT((#2373));
#2371=PRESENTATION_STYLE_ASSIGNMENT((#2374));
#2372=SURFACE_STYLE_USAGE(.BOTH.,#2375);
#2373=SURFACE_STYLE_USAGE(.BOTH.,#2376);
#2374=SURFACE_STYLE_USAGE(.BOTH.,#2377);
#2375=SURFACE_SIDE_STYLE($,(#2378));
#2376=SURFACE_SIDE_STYLE($,(#2379));
#2377=SURFACE_SIDE_STYLE($,(#2380));
#2378=SURFACE_STYLE_FILL_AREA(#2381);
#2379=SURFACE_STYLE_FILL_AREA(#2382);
#2380=SURFACE_STYLE_FILL_AREA(#2383);
#2381=FILL_AREA_STYLE($,(#2384));
#2382=FILL_AREA_STYLE($,(#2385));
#2383=FILL_AREA_STYLE($,(#2386));
#2384=FILL_AREA_STYLE_COLOUR($,#2387);
#2385=FILL_AREA_STYLE_COLOUR($,#2388);
#2386=FILL_AREA_STYLE_COLOUR($,#2389);
#2387=COLOUR_RGB('__RGBA_0.168627_0.282353_0.34902',0.168627450980392,0.282352941176471,
0.349019607843137);
#2388=COLOUR_RGB('__RGBA_0.0196078_0.105882_0.156863',0.0196078431372549,
0.105882352941176,0.156862745098039);
#2389=COLOUR_RGB('__RGBA_0.380392_0.431373_0.443137',0.380392156862745,
0.431372549019608,0.443137254901961);
ENDSEC;
END-ISO-10303-21;
