ISO-10303-21;
HEADER;
/* Generated by software containing ST-Developer
 * from STEP Tools, Inc. (www.steptools.com) 
 */

FILE_DESCRIPTION(
/* description */ (''),
/* implementation_level */ '2;1');

FILE_NAME(
/* name */ 
'C:/Users/max/Desktop/extra files/lab objects/Machine 2/Step file/mach
ine 2.stp',
/* time_stamp */ '2025-12-06T03:43:50+00:00',
/* author */ (''),
/* organization */ (''),
/* preprocessor_version */ 'ST-DEVELOPER v15.2',
/* originating_system */ 'Autodesk Translator Framework v2.0.0.5431',
/* authorisation */ '');

FILE_SCHEMA (('AUTOMOTIVE_DESIGN { 1 0 10303 214 3 1 1 }'));
ENDSEC;

DATA;
#10=ELLIPSE($,#8315,0.014142135623731,0.01);
#11=ELLIPSE($,#8326,0.014142135623731,0.01);
#12=ELLIPSE($,#8328,0.014142135623731,0.01);
#13=ELLIPSE($,#8329,0.014142135623731,0.01);
#14=ELLIPSE($,#8527,0.0141421356237308,0.01);
#15=ELLIPSE($,#8530,0.0141421356237308,0.01);
#16=ELLIPSE($,#8537,0.0141421356237308,0.01);
#17=ELLIPSE($,#8540,0.0141421356237308,0.01);
#18=ELLIPSE($,#8556,0.0141421356237308,0.01);
#19=ELLIPSE($,#8559,0.0141421356237308,0.01);
#20=ELLIPSE($,#8564,0.0141421356237308,0.01);
#21=ELLIPSE($,#8567,0.0141421356237308,0.01);
#22=ELLIPSE($,#8586,0.0141421356237308,0.01);
#23=ELLIPSE($,#8589,0.0141421356237308,0.01);
#24=ELLIPSE($,#8593,0.0141421356237308,0.01);
#25=ELLIPSE($,#8596,0.0141421356237308,0.01);
#26=ELLIPSE($,#8690,0.0141421356237308,0.01);
#27=ELLIPSE($,#8693,0.0141421356237308,0.01);
#28=ELLIPSE($,#8698,0.0141421356237308,0.01);
#29=ELLIPSE($,#8699,0.0141421356237308,0.01);
#30=ELLIPSE($,#8712,0.0141421356237308,0.01);
#31=ELLIPSE($,#8715,0.0141421356237308,0.01);
#32=ELLIPSE($,#8722,0.0141421356237308,0.01);
#33=ELLIPSE($,#8725,0.0141421356237308,0.01);
#34=B_SPLINE_SURFACE_WITH_KNOTS($,3,3,((#11368,#11369,#11370,#11371,#11372,
#11373,#11374,#11375,#11376,#11377),(#11378,#11379,#11380,#11381,#11382,
#11383,#11384,#11385,#11386,#11387),(#11388,#11389,#11390,#11391,#11392,
#11393,#11394,#11395,#11396,#11397),(#11398,#11399,#11400,#11401,#11402,
#11403,#11404,#11405,#11406,#11407)),.UNSPECIFIED.,.F.,.F.,.F.,(4,4),(4,
2,1,1,2,4),(0.,1.),(-0.00188846985369896,0.,0.153269804975178,0.204359739966904,
0.357629544942082,0.359518014797656),.UNSPECIFIED.);
#35=B_SPLINE_SURFACE_WITH_KNOTS($,3,3,((#11412,#11413,#11414,#11415,#11416,
#11417,#11418,#11419,#11420,#11421),(#11422,#11423,#11424,#11425,#11426,
#11427,#11428,#11429,#11430,#11431),(#11432,#11433,#11434,#11435,#11436,
#11437,#11438,#11439,#11440,#11441),(#11442,#11443,#11444,#11445,#11446,
#11447,#11448,#11449,#11450,#11451)),.UNSPECIFIED.,.F.,.F.,.F.,(4,4),(4,
2,1,1,2,4),(0.,1.),(-0.00188846985404715,0.,0.153269805073507,0.204359740098009,
0.357629545171516,0.359518015024522),.UNSPECIFIED.);
#36=CIRCLE($,#8218,0.0999999999999994);
#37=CIRCLE($,#8219,0.0999999999999994);
#38=CIRCLE($,#8234,0.02);
#39=CIRCLE($,#8235,0.02);
#40=CIRCLE($,#8244,0.02);
#41=CIRCLE($,#8245,0.02);
#42=CIRCLE($,#8254,0.02);
#43=CIRCLE($,#8255,0.02);
#44=CIRCLE($,#8264,0.02);
#45=CIRCLE($,#8265,0.02);
#46=CIRCLE($,#8274,0.02);
#47=CIRCLE($,#8275,0.02);
#48=CIRCLE($,#8284,0.02);
#49=CIRCLE($,#8285,0.02);
#50=CIRCLE($,#8310,0.01);
#51=CIRCLE($,#8311,0.01);
#52=CIRCLE($,#8312,0.01);
#53=CIRCLE($,#8313,0.01);
#54=CIRCLE($,#8316,0.01);
#55=CIRCLE($,#8318,0.01);
#56=CIRCLE($,#8319,0.01);
#57=CIRCLE($,#8389,0.05);
#58=CIRCLE($,#8391,0.05);
#59=CIRCLE($,#8400,0.05);
#60=CIRCLE($,#8402,0.05);
#61=CIRCLE($,#8411,0.05);
#62=CIRCLE($,#8413,0.05);
#63=CIRCLE($,#8492,0.02);
#64=CIRCLE($,#8494,0.02);
#65=CIRCLE($,#8503,0.02);
#66=CIRCLE($,#8505,0.02);
#67=CIRCLE($,#8520,0.02);
#68=CIRCLE($,#8521,0.02);
#69=CIRCLE($,#8535,0.01);
#70=CIRCLE($,#8536,0.01);
#71=CIRCLE($,#8538,0.01);
#72=CIRCLE($,#8539,0.01);
#73=CIRCLE($,#8541,0.01);
#74=CIRCLE($,#8563,0.01);
#75=CIRCLE($,#8565,0.01);
#76=CIRCLE($,#8566,0.01);
#77=CIRCLE($,#8568,0.01);
#78=CIRCLE($,#8569,0.01);
#79=CIRCLE($,#8581,0.01);
#80=CIRCLE($,#8594,0.01);
#81=CIRCLE($,#8595,0.01);
#82=CIRCLE($,#8597,0.01);
#83=CIRCLE($,#8598,0.01);
#84=CIRCLE($,#8609,0.005);
#85=CIRCLE($,#8611,0.005);
#86=CIRCLE($,#8614,0.005);
#87=CIRCLE($,#8616,0.005);
#88=CIRCLE($,#8619,0.005);
#89=CIRCLE($,#8621,0.005);
#90=CIRCLE($,#8650,0.02);
#91=CIRCLE($,#8651,0.02);
#92=CIRCLE($,#8655,0.02);
#93=CIRCLE($,#8656,0.02);
#94=CIRCLE($,#8666,0.05);
#95=CIRCLE($,#8668,0.05);
#96=CIRCLE($,#8671,0.05);
#97=CIRCLE($,#8673,0.05);
#98=CIRCLE($,#8682,0.01);
#99=CIRCLE($,#8683,0.01);
#100=CIRCLE($,#8684,0.01);
#101=CIRCLE($,#8685,0.01);
#102=CIRCLE($,#8697,0.01);
#103=CIRCLE($,#8720,0.01);
#104=CIRCLE($,#8721,0.01);
#105=CIRCLE($,#8723,0.01);
#106=CIRCLE($,#8724,0.01);
#107=CIRCLE($,#8726,0.01);
#108=CIRCLE($,#8746,0.005);
#109=CIRCLE($,#8748,0.005);
#110=CIRCLE($,#8751,0.005);
#111=CIRCLE($,#8753,0.005);
#112=CIRCLE($,#8772,0.1);
#113=CIRCLE($,#8773,0.1);
#114=CYLINDRICAL_SURFACE($,#8217,0.0999999999999994);
#115=CYLINDRICAL_SURFACE($,#8233,0.02);
#116=CYLINDRICAL_SURFACE($,#8243,0.02);
#117=CYLINDRICAL_SURFACE($,#8253,0.02);
#118=CYLINDRICAL_SURFACE($,#8263,0.02);
#119=CYLINDRICAL_SURFACE($,#8273,0.02);
#120=CYLINDRICAL_SURFACE($,#8283,0.02);
#121=CYLINDRICAL_SURFACE($,#8314,0.01);
#122=CYLINDRICAL_SURFACE($,#8325,0.01);
#123=CYLINDRICAL_SURFACE($,#8327,0.01);
#124=CYLINDRICAL_SURFACE($,#8330,0.01);
#125=CYLINDRICAL_SURFACE($,#8392,0.05);
#126=CYLINDRICAL_SURFACE($,#8401,0.05);
#127=CYLINDRICAL_SURFACE($,#8412,0.05);
#128=CYLINDRICAL_SURFACE($,#8493,0.02);
#129=CYLINDRICAL_SURFACE($,#8506,0.02);
#130=CYLINDRICAL_SURFACE($,#8519,0.02);
#131=CYLINDRICAL_SURFACE($,#8534,0.01);
#132=CYLINDRICAL_SURFACE($,#8562,0.01);
#133=CYLINDRICAL_SURFACE($,#8592,0.01);
#134=CYLINDRICAL_SURFACE($,#8610,0.005);
#135=CYLINDRICAL_SURFACE($,#8617,0.005);
#136=CYLINDRICAL_SURFACE($,#8620,0.005);
#137=CYLINDRICAL_SURFACE($,#8649,0.02);
#138=CYLINDRICAL_SURFACE($,#8654,0.02);
#139=CYLINDRICAL_SURFACE($,#8667,0.05);
#140=CYLINDRICAL_SURFACE($,#8672,0.05);
#141=CYLINDRICAL_SURFACE($,#8696,0.01);
#142=CYLINDRICAL_SURFACE($,#8719,0.01);
#143=CYLINDRICAL_SURFACE($,#8747,0.005);
#144=CYLINDRICAL_SURFACE($,#8754,0.005);
#145=CYLINDRICAL_SURFACE($,#8771,0.1);
#146=SHAPE_REPRESENTATION_RELATIONSHIP('SRR','None',#13312,#147);
#147=ADVANCED_BREP_SHAPE_REPRESENTATION($,(#8135,#8136,#8137,#8138,#8139,
#8140,#8141,#8142,#8143,#8144,#8145,#8146,#8147,#8148,#8149,#8150,#8151,
#8152,#8153,#8154,#8155,#8156,#8157,#8158,#8159,#8160,#8161,#8162,#8163,
#8164,#8165,#8166,#8167,#8168,#8169,#8170,#8171,#8172,#8173,#8174,#8175,
#8176,#8177,#8178,#8179,#8180,#8181,#8182,#8183,#8184,#8185,#8186,#8187,
#8188,#8189,#8190,#8191,#8192,#8193,#8194,#8195,#8196,#8197,#8198),#13306);
#148=STYLED_ITEM($,(#13320),#8135);
#149=STYLED_ITEM($,(#13321),#8136);
#150=STYLED_ITEM($,(#13322),#8137);
#151=STYLED_ITEM($,(#13323),#8138);
#152=STYLED_ITEM($,(#13323),#8139);
#153=STYLED_ITEM($,(#13323),#8140);
#154=STYLED_ITEM($,(#13323),#8141);
#155=STYLED_ITEM($,(#13323),#8142);
#156=STYLED_ITEM($,(#13323),#8143);
#157=STYLED_ITEM($,(#13320),#8144);
#158=STYLED_ITEM($,(#13324),#8145);
#159=STYLED_ITEM($,(#13320),#8146);
#160=STYLED_ITEM($,(#13322),#8147);
#161=STYLED_ITEM($,(#13325),#8148);
#162=STYLED_ITEM($,(#13326),#8149);
#163=STYLED_ITEM($,(#13326),#8150);
#164=STYLED_ITEM($,(#13326),#8151);
#165=STYLED_ITEM($,(#13327),#8152);
#166=STYLED_ITEM($,(#13326),#8153);
#167=STYLED_ITEM($,(#13326),#8154);
#168=STYLED_ITEM($,(#13326),#8155);
#169=STYLED_ITEM($,(#13328),#8156);
#170=STYLED_ITEM($,(#13328),#8157);
#171=STYLED_ITEM($,(#13329),#8158);
#172=STYLED_ITEM($,(#13330),#8159);
#173=STYLED_ITEM($,(#13328),#8160);
#174=STYLED_ITEM($,(#13331),#8161);
#175=STYLED_ITEM($,(#13332),#8162);
#176=STYLED_ITEM($,(#13328),#8163);
#177=STYLED_ITEM($,(#13331),#8164);
#178=STYLED_ITEM($,(#13328),#8165);
#179=STYLED_ITEM($,(#13331),#8166);
#180=STYLED_ITEM($,(#13332),#8167);
#181=STYLED_ITEM($,(#13326),#8168);
#182=STYLED_ITEM($,(#13326),#8169);
#183=STYLED_ITEM($,(#13326),#8170);
#184=STYLED_ITEM($,(#13326),#8171);
#185=STYLED_ITEM($,(#13326),#8172);
#186=STYLED_ITEM($,(#13326),#8173);
#187=STYLED_ITEM($,(#13321),#8174);
#188=STYLED_ITEM($,(#13333),#8175);
#189=STYLED_ITEM($,(#13325),#8176);
#190=STYLED_ITEM($,(#13333),#8177);
#191=STYLED_ITEM($,(#13334),#8178);
#192=STYLED_ITEM($,(#13325),#8179);
#193=STYLED_ITEM($,(#13331),#8180);
#194=STYLED_ITEM($,(#13326),#8181);
#195=STYLED_ITEM($,(#13326),#8182);
#196=STYLED_ITEM($,(#13326),#8183);
#197=STYLED_ITEM($,(#13326),#8184);
#198=STYLED_ITEM($,(#13326),#8185);
#199=STYLED_ITEM($,(#13326),#8186);
#200=STYLED_ITEM($,(#13326),#8187);
#201=STYLED_ITEM($,(#13326),#8188);
#202=STYLED_ITEM($,(#13326),#8189);
#203=STYLED_ITEM($,(#13325),#8190);
#204=STYLED_ITEM($,(#13321),#8191);
#205=STYLED_ITEM($,(#13331),#8192);
#206=STYLED_ITEM($,(#13325),#8193);
#207=STYLED_ITEM($,(#13334),#8194);
#208=STYLED_ITEM($,(#13320),#8195);
#209=STYLED_ITEM($,(#13326),#8196);
#210=STYLED_ITEM($,(#13322),#8197);
#211=STYLED_ITEM($,(#13322),#8198);
#212=FACE_BOUND($,#761,.T.);
#213=FACE_BOUND($,#762,.T.);
#214=FACE_BOUND($,#784,.T.);
#215=FACE_BOUND($,#785,.T.);
#216=FACE_BOUND($,#786,.T.);
#217=FACE_BOUND($,#794,.T.);
#218=FACE_BOUND($,#796,.T.);
#219=FACE_BOUND($,#797,.T.);
#220=FACE_BOUND($,#804,.T.);
#221=FACE_BOUND($,#806,.T.);
#222=FACE_BOUND($,#807,.T.);
#223=FACE_BOUND($,#814,.T.);
#224=FACE_BOUND($,#815,.T.);
#225=FACE_BOUND($,#816,.T.);
#226=FACE_BOUND($,#824,.T.);
#227=FACE_BOUND($,#826,.T.);
#228=FACE_BOUND($,#827,.T.);
#229=FACE_BOUND($,#834,.T.);
#230=FACE_BOUND($,#835,.T.);
#231=FACE_BOUND($,#836,.T.);
#232=FACE_BOUND($,#863,.T.);
#233=FACE_BOUND($,#864,.T.);
#234=FACE_BOUND($,#865,.T.);
#235=FACE_BOUND($,#866,.T.);
#236=FACE_BOUND($,#867,.T.);
#237=FACE_BOUND($,#874,.T.);
#238=FACE_BOUND($,#876,.T.);
#239=FACE_BOUND($,#877,.T.);
#240=FACE_BOUND($,#879,.T.);
#241=FACE_BOUND($,#904,.T.);
#242=FACE_BOUND($,#905,.T.);
#243=FACE_BOUND($,#919,.T.);
#244=FACE_BOUND($,#942,.T.);
#245=FACE_BOUND($,#951,.T.);
#246=FACE_BOUND($,#961,.T.);
#247=FACE_BOUND($,#1041,.T.);
#248=FACE_BOUND($,#1052,.T.);
#249=FACE_BOUND($,#1066,.T.);
#250=FACE_BOUND($,#1078,.T.);
#251=FACE_BOUND($,#1098,.T.);
#252=FACE_BOUND($,#1119,.T.);
#253=FACE_BOUND($,#1131,.T.);
#254=FACE_BOUND($,#1136,.T.);
#255=FACE_BOUND($,#1139,.T.);
#256=FACE_BOUND($,#1168,.T.);
#257=FACE_BOUND($,#1172,.T.);
#258=FACE_BOUND($,#1183,.T.);
#259=FACE_BOUND($,#1187,.T.);
#260=FACE_BOUND($,#1205,.T.);
#261=FACE_BOUND($,#1224,.T.);
#262=FACE_BOUND($,#1245,.T.);
#263=FACE_BOUND($,#1250,.T.);
#264=FACE_BOUND($,#1268,.T.);
#265=FACE_OUTER_BOUND($,#751,.T.);
#266=FACE_OUTER_BOUND($,#752,.T.);
#267=FACE_OUTER_BOUND($,#753,.T.);
#268=FACE_OUTER_BOUND($,#754,.T.);
#269=FACE_OUTER_BOUND($,#755,.T.);
#270=FACE_OUTER_BOUND($,#756,.T.);
#271=FACE_OUTER_BOUND($,#757,.T.);
#272=FACE_OUTER_BOUND($,#758,.T.);
#273=FACE_OUTER_BOUND($,#759,.T.);
#274=FACE_OUTER_BOUND($,#760,.T.);
#275=FACE_OUTER_BOUND($,#763,.T.);
#276=FACE_OUTER_BOUND($,#764,.T.);
#277=FACE_OUTER_BOUND($,#765,.T.);
#278=FACE_OUTER_BOUND($,#766,.T.);
#279=FACE_OUTER_BOUND($,#767,.T.);
#280=FACE_OUTER_BOUND($,#768,.T.);
#281=FACE_OUTER_BOUND($,#769,.T.);
#282=FACE_OUTER_BOUND($,#770,.T.);
#283=FACE_OUTER_BOUND($,#771,.T.);
#284=FACE_OUTER_BOUND($,#772,.T.);
#285=FACE_OUTER_BOUND($,#773,.T.);
#286=FACE_OUTER_BOUND($,#774,.T.);
#287=FACE_OUTER_BOUND($,#775,.T.);
#288=FACE_OUTER_BOUND($,#776,.T.);
#289=FACE_OUTER_BOUND($,#777,.T.);
#290=FACE_OUTER_BOUND($,#778,.T.);
#291=FACE_OUTER_BOUND($,#779,.T.);
#292=FACE_OUTER_BOUND($,#780,.T.);
#293=FACE_OUTER_BOUND($,#781,.T.);
#294=FACE_OUTER_BOUND($,#782,.T.);
#295=FACE_OUTER_BOUND($,#783,.T.);
#296=FACE_OUTER_BOUND($,#787,.T.);
#297=FACE_OUTER_BOUND($,#788,.T.);
#298=FACE_OUTER_BOUND($,#789,.T.);
#299=FACE_OUTER_BOUND($,#790,.T.);
#300=FACE_OUTER_BOUND($,#791,.T.);
#301=FACE_OUTER_BOUND($,#792,.T.);
#302=FACE_OUTER_BOUND($,#793,.T.);
#303=FACE_OUTER_BOUND($,#795,.T.);
#304=FACE_OUTER_BOUND($,#798,.T.);
#305=FACE_OUTER_BOUND($,#799,.T.);
#306=FACE_OUTER_BOUND($,#800,.T.);
#307=FACE_OUTER_BOUND($,#801,.T.);
#308=FACE_OUTER_BOUND($,#802,.T.);
#309=FACE_OUTER_BOUND($,#803,.T.);
#310=FACE_OUTER_BOUND($,#805,.T.);
#311=FACE_OUTER_BOUND($,#808,.T.);
#312=FACE_OUTER_BOUND($,#809,.T.);
#313=FACE_OUTER_BOUND($,#810,.T.);
#314=FACE_OUTER_BOUND($,#811,.T.);
#315=FACE_OUTER_BOUND($,#812,.T.);
#316=FACE_OUTER_BOUND($,#813,.T.);
#317=FACE_OUTER_BOUND($,#817,.T.);
#318=FACE_OUTER_BOUND($,#818,.T.);
#319=FACE_OUTER_BOUND($,#819,.T.);
#320=FACE_OUTER_BOUND($,#820,.T.);
#321=FACE_OUTER_BOUND($,#821,.T.);
#322=FACE_OUTER_BOUND($,#822,.T.);
#323=FACE_OUTER_BOUND($,#823,.T.);
#324=FACE_OUTER_BOUND($,#825,.T.);
#325=FACE_OUTER_BOUND($,#828,.T.);
#326=FACE_OUTER_BOUND($,#829,.T.);
#327=FACE_OUTER_BOUND($,#830,.T.);
#328=FACE_OUTER_BOUND($,#831,.T.);
#329=FACE_OUTER_BOUND($,#832,.T.);
#330=FACE_OUTER_BOUND($,#833,.T.);
#331=FACE_OUTER_BOUND($,#837,.T.);
#332=FACE_OUTER_BOUND($,#838,.T.);
#333=FACE_OUTER_BOUND($,#839,.T.);
#334=FACE_OUTER_BOUND($,#840,.T.);
#335=FACE_OUTER_BOUND($,#841,.T.);
#336=FACE_OUTER_BOUND($,#842,.T.);
#337=FACE_OUTER_BOUND($,#843,.T.);
#338=FACE_OUTER_BOUND($,#844,.T.);
#339=FACE_OUTER_BOUND($,#845,.T.);
#340=FACE_OUTER_BOUND($,#846,.T.);
#341=FACE_OUTER_BOUND($,#847,.T.);
#342=FACE_OUTER_BOUND($,#848,.T.);
#343=FACE_OUTER_BOUND($,#849,.T.);
#344=FACE_OUTER_BOUND($,#850,.T.);
#345=FACE_OUTER_BOUND($,#851,.T.);
#346=FACE_OUTER_BOUND($,#852,.T.);
#347=FACE_OUTER_BOUND($,#853,.T.);
#348=FACE_OUTER_BOUND($,#854,.T.);
#349=FACE_OUTER_BOUND($,#855,.T.);
#350=FACE_OUTER_BOUND($,#856,.T.);
#351=FACE_OUTER_BOUND($,#857,.T.);
#352=FACE_OUTER_BOUND($,#858,.T.);
#353=FACE_OUTER_BOUND($,#859,.T.);
#354=FACE_OUTER_BOUND($,#860,.T.);
#355=FACE_OUTER_BOUND($,#861,.T.);
#356=FACE_OUTER_BOUND($,#862,.T.);
#357=FACE_OUTER_BOUND($,#868,.T.);
#358=FACE_OUTER_BOUND($,#869,.T.);
#359=FACE_OUTER_BOUND($,#870,.T.);
#360=FACE_OUTER_BOUND($,#871,.T.);
#361=FACE_OUTER_BOUND($,#872,.T.);
#362=FACE_OUTER_BOUND($,#873,.T.);
#363=FACE_OUTER_BOUND($,#875,.T.);
#364=FACE_OUTER_BOUND($,#878,.T.);
#365=FACE_OUTER_BOUND($,#880,.T.);
#366=FACE_OUTER_BOUND($,#881,.T.);
#367=FACE_OUTER_BOUND($,#882,.T.);
#368=FACE_OUTER_BOUND($,#883,.T.);
#369=FACE_OUTER_BOUND($,#884,.T.);
#370=FACE_OUTER_BOUND($,#885,.T.);
#371=FACE_OUTER_BOUND($,#886,.T.);
#372=FACE_OUTER_BOUND($,#887,.T.);
#373=FACE_OUTER_BOUND($,#888,.T.);
#374=FACE_OUTER_BOUND($,#889,.T.);
#375=FACE_OUTER_BOUND($,#890,.T.);
#376=FACE_OUTER_BOUND($,#891,.T.);
#377=FACE_OUTER_BOUND($,#892,.T.);
#378=FACE_OUTER_BOUND($,#893,.T.);
#379=FACE_OUTER_BOUND($,#894,.T.);
#380=FACE_OUTER_BOUND($,#895,.T.);
#381=FACE_OUTER_BOUND($,#896,.T.);
#382=FACE_OUTER_BOUND($,#897,.T.);
#383=FACE_OUTER_BOUND($,#898,.T.);
#384=FACE_OUTER_BOUND($,#899,.T.);
#385=FACE_OUTER_BOUND($,#900,.T.);
#386=FACE_OUTER_BOUND($,#901,.T.);
#387=FACE_OUTER_BOUND($,#902,.T.);
#388=FACE_OUTER_BOUND($,#903,.T.);
#389=FACE_OUTER_BOUND($,#906,.T.);
#390=FACE_OUTER_BOUND($,#907,.T.);
#391=FACE_OUTER_BOUND($,#908,.T.);
#392=FACE_OUTER_BOUND($,#909,.T.);
#393=FACE_OUTER_BOUND($,#910,.T.);
#394=FACE_OUTER_BOUND($,#911,.T.);
#395=FACE_OUTER_BOUND($,#912,.T.);
#396=FACE_OUTER_BOUND($,#913,.T.);
#397=FACE_OUTER_BOUND($,#914,.T.);
#398=FACE_OUTER_BOUND($,#915,.T.);
#399=FACE_OUTER_BOUND($,#916,.T.);
#400=FACE_OUTER_BOUND($,#917,.T.);
#401=FACE_OUTER_BOUND($,#918,.T.);
#402=FACE_OUTER_BOUND($,#920,.T.);
#403=FACE_OUTER_BOUND($,#921,.T.);
#404=FACE_OUTER_BOUND($,#922,.T.);
#405=FACE_OUTER_BOUND($,#923,.T.);
#406=FACE_OUTER_BOUND($,#924,.T.);
#407=FACE_OUTER_BOUND($,#925,.T.);
#408=FACE_OUTER_BOUND($,#926,.T.);
#409=FACE_OUTER_BOUND($,#927,.T.);
#410=FACE_OUTER_BOUND($,#928,.T.);
#411=FACE_OUTER_BOUND($,#929,.T.);
#412=FACE_OUTER_BOUND($,#930,.T.);
#413=FACE_OUTER_BOUND($,#931,.T.);
#414=FACE_OUTER_BOUND($,#932,.T.);
#415=FACE_OUTER_BOUND($,#933,.T.);
#416=FACE_OUTER_BOUND($,#934,.T.);
#417=FACE_OUTER_BOUND($,#935,.T.);
#418=FACE_OUTER_BOUND($,#936,.T.);
#419=FACE_OUTER_BOUND($,#937,.T.);
#420=FACE_OUTER_BOUND($,#938,.T.);
#421=FACE_OUTER_BOUND($,#939,.T.);
#422=FACE_OUTER_BOUND($,#940,.T.);
#423=FACE_OUTER_BOUND($,#941,.T.);
#424=FACE_OUTER_BOUND($,#943,.T.);
#425=FACE_OUTER_BOUND($,#944,.T.);
#426=FACE_OUTER_BOUND($,#945,.T.);
#427=FACE_OUTER_BOUND($,#946,.T.);
#428=FACE_OUTER_BOUND($,#947,.T.);
#429=FACE_OUTER_BOUND($,#948,.T.);
#430=FACE_OUTER_BOUND($,#949,.T.);
#431=FACE_OUTER_BOUND($,#950,.T.);
#432=FACE_OUTER_BOUND($,#952,.T.);
#433=FACE_OUTER_BOUND($,#953,.T.);
#434=FACE_OUTER_BOUND($,#954,.T.);
#435=FACE_OUTER_BOUND($,#955,.T.);
#436=FACE_OUTER_BOUND($,#956,.T.);
#437=FACE_OUTER_BOUND($,#957,.T.);
#438=FACE_OUTER_BOUND($,#958,.T.);
#439=FACE_OUTER_BOUND($,#959,.T.);
#440=FACE_OUTER_BOUND($,#960,.T.);
#441=FACE_OUTER_BOUND($,#962,.T.);
#442=FACE_OUTER_BOUND($,#963,.T.);
#443=FACE_OUTER_BOUND($,#964,.T.);
#444=FACE_OUTER_BOUND($,#965,.T.);
#445=FACE_OUTER_BOUND($,#966,.T.);
#446=FACE_OUTER_BOUND($,#967,.T.);
#447=FACE_OUTER_BOUND($,#968,.T.);
#448=FACE_OUTER_BOUND($,#969,.T.);
#449=FACE_OUTER_BOUND($,#970,.T.);
#450=FACE_OUTER_BOUND($,#971,.T.);
#451=FACE_OUTER_BOUND($,#972,.T.);
#452=FACE_OUTER_BOUND($,#973,.T.);
#453=FACE_OUTER_BOUND($,#974,.T.);
#454=FACE_OUTER_BOUND($,#975,.T.);
#455=FACE_OUTER_BOUND($,#976,.T.);
#456=FACE_OUTER_BOUND($,#977,.T.);
#457=FACE_OUTER_BOUND($,#978,.T.);
#458=FACE_OUTER_BOUND($,#979,.T.);
#459=FACE_OUTER_BOUND($,#980,.T.);
#460=FACE_OUTER_BOUND($,#981,.T.);
#461=FACE_OUTER_BOUND($,#982,.T.);
#462=FACE_OUTER_BOUND($,#983,.T.);
#463=FACE_OUTER_BOUND($,#984,.T.);
#464=FACE_OUTER_BOUND($,#985,.T.);
#465=FACE_OUTER_BOUND($,#986,.T.);
#466=FACE_OUTER_BOUND($,#987,.T.);
#467=FACE_OUTER_BOUND($,#988,.T.);
#468=FACE_OUTER_BOUND($,#989,.T.);
#469=FACE_OUTER_BOUND($,#990,.T.);
#470=FACE_OUTER_BOUND($,#991,.T.);
#471=FACE_OUTER_BOUND($,#992,.T.);
#472=FACE_OUTER_BOUND($,#993,.T.);
#473=FACE_OUTER_BOUND($,#994,.T.);
#474=FACE_OUTER_BOUND($,#995,.T.);
#475=FACE_OUTER_BOUND($,#996,.T.);
#476=FACE_OUTER_BOUND($,#997,.T.);
#477=FACE_OUTER_BOUND($,#998,.T.);
#478=FACE_OUTER_BOUND($,#999,.T.);
#479=FACE_OUTER_BOUND($,#1000,.T.);
#480=FACE_OUTER_BOUND($,#1001,.T.);
#481=FACE_OUTER_BOUND($,#1002,.T.);
#482=FACE_OUTER_BOUND($,#1003,.T.);
#483=FACE_OUTER_BOUND($,#1004,.T.);
#484=FACE_OUTER_BOUND($,#1005,.T.);
#485=FACE_OUTER_BOUND($,#1006,.T.);
#486=FACE_OUTER_BOUND($,#1007,.T.);
#487=FACE_OUTER_BOUND($,#1008,.T.);
#488=FACE_OUTER_BOUND($,#1009,.T.);
#489=FACE_OUTER_BOUND($,#1010,.T.);
#490=FACE_OUTER_BOUND($,#1011,.T.);
#491=FACE_OUTER_BOUND($,#1012,.T.);
#492=FACE_OUTER_BOUND($,#1013,.T.);
#493=FACE_OUTER_BOUND($,#1014,.T.);
#494=FACE_OUTER_BOUND($,#1015,.T.);
#495=FACE_OUTER_BOUND($,#1016,.T.);
#496=FACE_OUTER_BOUND($,#1017,.T.);
#497=FACE_OUTER_BOUND($,#1018,.T.);
#498=FACE_OUTER_BOUND($,#1019,.T.);
#499=FACE_OUTER_BOUND($,#1020,.T.);
#500=FACE_OUTER_BOUND($,#1021,.T.);
#501=FACE_OUTER_BOUND($,#1022,.T.);
#502=FACE_OUTER_BOUND($,#1023,.T.);
#503=FACE_OUTER_BOUND($,#1024,.T.);
#504=FACE_OUTER_BOUND($,#1025,.T.);
#505=FACE_OUTER_BOUND($,#1026,.T.);
#506=FACE_OUTER_BOUND($,#1027,.T.);
#507=FACE_OUTER_BOUND($,#1028,.T.);
#508=FACE_OUTER_BOUND($,#1029,.T.);
#509=FACE_OUTER_BOUND($,#1030,.T.);
#510=FACE_OUTER_BOUND($,#1031,.T.);
#511=FACE_OUTER_BOUND($,#1032,.T.);
#512=FACE_OUTER_BOUND($,#1033,.T.);
#513=FACE_OUTER_BOUND($,#1034,.T.);
#514=FACE_OUTER_BOUND($,#1035,.T.);
#515=FACE_OUTER_BOUND($,#1036,.T.);
#516=FACE_OUTER_BOUND($,#1037,.T.);
#517=FACE_OUTER_BOUND($,#1038,.T.);
#518=FACE_OUTER_BOUND($,#1039,.T.);
#519=FACE_OUTER_BOUND($,#1040,.T.);
#520=FACE_OUTER_BOUND($,#1042,.T.);
#521=FACE_OUTER_BOUND($,#1043,.T.);
#522=FACE_OUTER_BOUND($,#1044,.T.);
#523=FACE_OUTER_BOUND($,#1045,.T.);
#524=FACE_OUTER_BOUND($,#1046,.T.);
#525=FACE_OUTER_BOUND($,#1047,.T.);
#526=FACE_OUTER_BOUND($,#1048,.T.);
#527=FACE_OUTER_BOUND($,#1049,.T.);
#528=FACE_OUTER_BOUND($,#1050,.T.);
#529=FACE_OUTER_BOUND($,#1051,.T.);
#530=FACE_OUTER_BOUND($,#1053,.T.);
#531=FACE_OUTER_BOUND($,#1054,.T.);
#532=FACE_OUTER_BOUND($,#1055,.T.);
#533=FACE_OUTER_BOUND($,#1056,.T.);
#534=FACE_OUTER_BOUND($,#1057,.T.);
#535=FACE_OUTER_BOUND($,#1058,.T.);
#536=FACE_OUTER_BOUND($,#1059,.T.);
#537=FACE_OUTER_BOUND($,#1060,.T.);
#538=FACE_OUTER_BOUND($,#1061,.T.);
#539=FACE_OUTER_BOUND($,#1062,.T.);
#540=FACE_OUTER_BOUND($,#1063,.T.);
#541=FACE_OUTER_BOUND($,#1064,.T.);
#542=FACE_OUTER_BOUND($,#1065,.T.);
#543=FACE_OUTER_BOUND($,#1067,.T.);
#544=FACE_OUTER_BOUND($,#1068,.T.);
#545=FACE_OUTER_BOUND($,#1069,.T.);
#546=FACE_OUTER_BOUND($,#1070,.T.);
#547=FACE_OUTER_BOUND($,#1071,.T.);
#548=FACE_OUTER_BOUND($,#1072,.T.);
#549=FACE_OUTER_BOUND($,#1073,.T.);
#550=FACE_OUTER_BOUND($,#1074,.T.);
#551=FACE_OUTER_BOUND($,#1075,.T.);
#552=FACE_OUTER_BOUND($,#1076,.T.);
#553=FACE_OUTER_BOUND($,#1077,.T.);
#554=FACE_OUTER_BOUND($,#1079,.T.);
#555=FACE_OUTER_BOUND($,#1080,.T.);
#556=FACE_OUTER_BOUND($,#1081,.T.);
#557=FACE_OUTER_BOUND($,#1082,.T.);
#558=FACE_OUTER_BOUND($,#1083,.T.);
#559=FACE_OUTER_BOUND($,#1084,.T.);
#560=FACE_OUTER_BOUND($,#1085,.T.);
#561=FACE_OUTER_BOUND($,#1086,.T.);
#562=FACE_OUTER_BOUND($,#1087,.T.);
#563=FACE_OUTER_BOUND($,#1088,.T.);
#564=FACE_OUTER_BOUND($,#1089,.T.);
#565=FACE_OUTER_BOUND($,#1090,.T.);
#566=FACE_OUTER_BOUND($,#1091,.T.);
#567=FACE_OUTER_BOUND($,#1092,.T.);
#568=FACE_OUTER_BOUND($,#1093,.T.);
#569=FACE_OUTER_BOUND($,#1094,.T.);
#570=FACE_OUTER_BOUND($,#1095,.T.);
#571=FACE_OUTER_BOUND($,#1096,.T.);
#572=FACE_OUTER_BOUND($,#1097,.T.);
#573=FACE_OUTER_BOUND($,#1099,.T.);
#574=FACE_OUTER_BOUND($,#1100,.T.);
#575=FACE_OUTER_BOUND($,#1101,.T.);
#576=FACE_OUTER_BOUND($,#1102,.T.);
#577=FACE_OUTER_BOUND($,#1103,.T.);
#578=FACE_OUTER_BOUND($,#1104,.T.);
#579=FACE_OUTER_BOUND($,#1105,.T.);
#580=FACE_OUTER_BOUND($,#1106,.T.);
#581=FACE_OUTER_BOUND($,#1107,.T.);
#582=FACE_OUTER_BOUND($,#1108,.T.);
#583=FACE_OUTER_BOUND($,#1109,.T.);
#584=FACE_OUTER_BOUND($,#1110,.T.);
#585=FACE_OUTER_BOUND($,#1111,.T.);
#586=FACE_OUTER_BOUND($,#1112,.T.);
#587=FACE_OUTER_BOUND($,#1113,.T.);
#588=FACE_OUTER_BOUND($,#1114,.T.);
#589=FACE_OUTER_BOUND($,#1115,.T.);
#590=FACE_OUTER_BOUND($,#1116,.T.);
#591=FACE_OUTER_BOUND($,#1117,.T.);
#592=FACE_OUTER_BOUND($,#1118,.T.);
#593=FACE_OUTER_BOUND($,#1120,.T.);
#594=FACE_OUTER_BOUND($,#1121,.T.);
#595=FACE_OUTER_BOUND($,#1122,.T.);
#596=FACE_OUTER_BOUND($,#1123,.T.);
#597=FACE_OUTER_BOUND($,#1124,.T.);
#598=FACE_OUTER_BOUND($,#1125,.T.);
#599=FACE_OUTER_BOUND($,#1126,.T.);
#600=FACE_OUTER_BOUND($,#1127,.T.);
#601=FACE_OUTER_BOUND($,#1128,.T.);
#602=FACE_OUTER_BOUND($,#1129,.T.);
#603=FACE_OUTER_BOUND($,#1130,.T.);
#604=FACE_OUTER_BOUND($,#1132,.T.);
#605=FACE_OUTER_BOUND($,#1133,.T.);
#606=FACE_OUTER_BOUND($,#1134,.T.);
#607=FACE_OUTER_BOUND($,#1135,.T.);
#608=FACE_OUTER_BOUND($,#1137,.T.);
#609=FACE_OUTER_BOUND($,#1138,.T.);
#610=FACE_OUTER_BOUND($,#1140,.T.);
#611=FACE_OUTER_BOUND($,#1141,.T.);
#612=FACE_OUTER_BOUND($,#1142,.T.);
#613=FACE_OUTER_BOUND($,#1143,.T.);
#614=FACE_OUTER_BOUND($,#1144,.T.);
#615=FACE_OUTER_BOUND($,#1145,.T.);
#616=FACE_OUTER_BOUND($,#1146,.T.);
#617=FACE_OUTER_BOUND($,#1147,.T.);
#618=FACE_OUTER_BOUND($,#1148,.T.);
#619=FACE_OUTER_BOUND($,#1149,.T.);
#620=FACE_OUTER_BOUND($,#1150,.T.);
#621=FACE_OUTER_BOUND($,#1151,.T.);
#622=FACE_OUTER_BOUND($,#1152,.T.);
#623=FACE_OUTER_BOUND($,#1153,.T.);
#624=FACE_OUTER_BOUND($,#1154,.T.);
#625=FACE_OUTER_BOUND($,#1155,.T.);
#626=FACE_OUTER_BOUND($,#1156,.T.);
#627=FACE_OUTER_BOUND($,#1157,.T.);
#628=FACE_OUTER_BOUND($,#1158,.T.);
#629=FACE_OUTER_BOUND($,#1159,.T.);
#630=FACE_OUTER_BOUND($,#1160,.T.);
#631=FACE_OUTER_BOUND($,#1161,.T.);
#632=FACE_OUTER_BOUND($,#1162,.T.);
#633=FACE_OUTER_BOUND($,#1163,.T.);
#634=FACE_OUTER_BOUND($,#1164,.T.);
#635=FACE_OUTER_BOUND($,#1165,.T.);
#636=FACE_OUTER_BOUND($,#1166,.T.);
#637=FACE_OUTER_BOUND($,#1167,.T.);
#638=FACE_OUTER_BOUND($,#1169,.T.);
#639=FACE_OUTER_BOUND($,#1170,.T.);
#640=FACE_OUTER_BOUND($,#1171,.T.);
#641=FACE_OUTER_BOUND($,#1173,.T.);
#642=FACE_OUTER_BOUND($,#1174,.T.);
#643=FACE_OUTER_BOUND($,#1175,.T.);
#644=FACE_OUTER_BOUND($,#1176,.T.);
#645=FACE_OUTER_BOUND($,#1177,.T.);
#646=FACE_OUTER_BOUND($,#1178,.T.);
#647=FACE_OUTER_BOUND($,#1179,.T.);
#648=FACE_OUTER_BOUND($,#1180,.T.);
#649=FACE_OUTER_BOUND($,#1181,.T.);
#650=FACE_OUTER_BOUND($,#1182,.T.);
#651=FACE_OUTER_BOUND($,#1184,.T.);
#652=FACE_OUTER_BOUND($,#1185,.T.);
#653=FACE_OUTER_BOUND($,#1186,.T.);
#654=FACE_OUTER_BOUND($,#1188,.T.);
#655=FACE_OUTER_BOUND($,#1189,.T.);
#656=FACE_OUTER_BOUND($,#1190,.T.);
#657=FACE_OUTER_BOUND($,#1191,.T.);
#658=FACE_OUTER_BOUND($,#1192,.T.);
#659=FACE_OUTER_BOUND($,#1193,.T.);
#660=FACE_OUTER_BOUND($,#1194,.T.);
#661=FACE_OUTER_BOUND($,#1195,.T.);
#662=FACE_OUTER_BOUND($,#1196,.T.);
#663=FACE_OUTER_BOUND($,#1197,.T.);
#664=FACE_OUTER_BOUND($,#1198,.T.);
#665=FACE_OUTER_BOUND($,#1199,.T.);
#666=FACE_OUTER_BOUND($,#1200,.T.);
#667=FACE_OUTER_BOUND($,#1201,.T.);
#668=FACE_OUTER_BOUND($,#1202,.T.);
#669=FACE_OUTER_BOUND($,#1203,.T.);
#670=FACE_OUTER_BOUND($,#1204,.T.);
#671=FACE_OUTER_BOUND($,#1206,.T.);
#672=FACE_OUTER_BOUND($,#1207,.T.);
#673=FACE_OUTER_BOUND($,#1208,.T.);
#674=FACE_OUTER_BOUND($,#1209,.T.);
#675=FACE_OUTER_BOUND($,#1210,.T.);
#676=FACE_OUTER_BOUND($,#1211,.T.);
#677=FACE_OUTER_BOUND($,#1212,.T.);
#678=FACE_OUTER_BOUND($,#1213,.T.);
#679=FACE_OUTER_BOUND($,#1214,.T.);
#680=FACE_OUTER_BOUND($,#1215,.T.);
#681=FACE_OUTER_BOUND($,#1216,.T.);
#682=FACE_OUTER_BOUND($,#1217,.T.);
#683=FACE_OUTER_BOUND($,#1218,.T.);
#684=FACE_OUTER_BOUND($,#1219,.T.);
#685=FACE_OUTER_BOUND($,#1220,.T.);
#686=FACE_OUTER_BOUND($,#1221,.T.);
#687=FACE_OUTER_BOUND($,#1222,.T.);
#688=FACE_OUTER_BOUND($,#1223,.T.);
#689=FACE_OUTER_BOUND($,#1225,.T.);
#690=FACE_OUTER_BOUND($,#1226,.T.);
#691=FACE_OUTER_BOUND($,#1227,.T.);
#692=FACE_OUTER_BOUND($,#1228,.T.);
#693=FACE_OUTER_BOUND($,#1229,.T.);
#694=FACE_OUTER_BOUND($,#1230,.T.);
#695=FACE_OUTER_BOUND($,#1231,.T.);
#696=FACE_OUTER_BOUND($,#1232,.T.);
#697=FACE_OUTER_BOUND($,#1233,.T.);
#698=FACE_OUTER_BOUND($,#1234,.T.);
#699=FACE_OUTER_BOUND($,#1235,.T.);
#700=FACE_OUTER_BOUND($,#1236,.T.);
#701=FACE_OUTER_BOUND($,#1237,.T.);
#702=FACE_OUTER_BOUND($,#1238,.T.);
#703=FACE_OUTER_BOUND($,#1239,.T.);
#704=FACE_OUTER_BOUND($,#1240,.T.);
#705=FACE_OUTER_BOUND($,#1241,.T.);
#706=FACE_OUTER_BOUND($,#1242,.T.);
#707=FACE_OUTER_BOUND($,#1243,.T.);
#708=FACE_OUTER_BOUND($,#1244,.T.);
#709=FACE_OUTER_BOUND($,#1246,.T.);
#710=FACE_OUTER_BOUND($,#1247,.T.);
#711=FACE_OUTER_BOUND($,#1248,.T.);
#712=FACE_OUTER_BOUND($,#1249,.T.);
#713=FACE_OUTER_BOUND($,#1251,.T.);
#714=FACE_OUTER_BOUND($,#1252,.T.);
#715=FACE_OUTER_BOUND($,#1253,.T.);
#716=FACE_OUTER_BOUND($,#1254,.T.);
#717=FACE_OUTER_BOUND($,#1255,.T.);
#718=FACE_OUTER_BOUND($,#1256,.T.);
#719=FACE_OUTER_BOUND($,#1257,.T.);
#720=FACE_OUTER_BOUND($,#1258,.T.);
#721=FACE_OUTER_BOUND($,#1259,.T.);
#722=FACE_OUTER_BOUND($,#1260,.T.);
#723=FACE_OUTER_BOUND($,#1261,.T.);
#724=FACE_OUTER_BOUND($,#1262,.T.);
#725=FACE_OUTER_BOUND($,#1263,.T.);
#726=FACE_OUTER_BOUND($,#1264,.T.);
#727=FACE_OUTER_BOUND($,#1265,.T.);
#728=FACE_OUTER_BOUND($,#1266,.T.);
#729=FACE_OUTER_BOUND($,#1267,.T.);
#730=FACE_OUTER_BOUND($,#1269,.T.);
#731=FACE_OUTER_BOUND($,#1270,.T.);
#732=FACE_OUTER_BOUND($,#1271,.T.);
#733=FACE_OUTER_BOUND($,#1272,.T.);
#734=FACE_OUTER_BOUND($,#1273,.T.);
#735=FACE_OUTER_BOUND($,#1274,.T.);
#736=FACE_OUTER_BOUND($,#1275,.T.);
#737=FACE_OUTER_BOUND($,#1276,.T.);
#738=FACE_OUTER_BOUND($,#1277,.T.);
#739=FACE_OUTER_BOUND($,#1278,.T.);
#740=FACE_OUTER_BOUND($,#1279,.T.);
#741=FACE_OUTER_BOUND($,#1280,.T.);
#742=FACE_OUTER_BOUND($,#1281,.T.);
#743=FACE_OUTER_BOUND($,#1282,.T.);
#744=FACE_OUTER_BOUND($,#1283,.T.);
#745=FACE_OUTER_BOUND($,#1284,.T.);
#746=FACE_OUTER_BOUND($,#1285,.T.);
#747=FACE_OUTER_BOUND($,#1286,.T.);
#748=FACE_OUTER_BOUND($,#1287,.T.);
#749=FACE_OUTER_BOUND($,#1288,.T.);
#750=FACE_OUTER_BOUND($,#1289,.T.);
#751=EDGE_LOOP($,(#4993,#4994,#4995,#4996));
#752=EDGE_LOOP($,(#4997,#4998,#4999,#5000));
#753=EDGE_LOOP($,(#5001,#5002,#5003,#5004));
#754=EDGE_LOOP($,(#5005,#5006,#5007,#5008));
#755=EDGE_LOOP($,(#5009,#5010,#5011,#5012));
#756=EDGE_LOOP($,(#5013,#5014,#5015,#5016));
#757=EDGE_LOOP($,(#5017,#5018,#5019,#5020));
#758=EDGE_LOOP($,(#5021,#5022,#5023,#5024));
#759=EDGE_LOOP($,(#5025,#5026,#5027,#5028));
#760=EDGE_LOOP($,(#5029,#5030,#5031,#5032));
#761=EDGE_LOOP($,(#5033,#5034,#5035,#5036));
#762=EDGE_LOOP($,(#5037,#5038,#5039,#5040));
#763=EDGE_LOOP($,(#5041,#5042,#5043,#5044));
#764=EDGE_LOOP($,(#5045,#5046,#5047,#5048));
#765=EDGE_LOOP($,(#5049,#5050,#5051,#5052));
#766=EDGE_LOOP($,(#5053,#5054,#5055,#5056));
#767=EDGE_LOOP($,(#5057,#5058,#5059,#5060));
#768=EDGE_LOOP($,(#5061,#5062,#5063,#5064));
#769=EDGE_LOOP($,(#5065,#5066,#5067,#5068));
#770=EDGE_LOOP($,(#5069,#5070,#5071,#5072,#5073,#5074,#5075));
#771=EDGE_LOOP($,(#5076,#5077,#5078,#5079));
#772=EDGE_LOOP($,(#5080,#5081,#5082,#5083));
#773=EDGE_LOOP($,(#5084,#5085,#5086,#5087));
#774=EDGE_LOOP($,(#5088,#5089,#5090,#5091));
#775=EDGE_LOOP($,(#5092,#5093,#5094,#5095));
#776=EDGE_LOOP($,(#5096,#5097,#5098,#5099));
#777=EDGE_LOOP($,(#5100,#5101,#5102,#5103,#5104,#5105,#5106));
#778=EDGE_LOOP($,(#5107,#5108,#5109,#5110));
#779=EDGE_LOOP($,(#5111,#5112,#5113,#5114));
#780=EDGE_LOOP($,(#5115,#5116,#5117,#5118));
#781=EDGE_LOOP($,(#5119,#5120,#5121,#5122));
#782=EDGE_LOOP($,(#5123,#5124,#5125,#5126));
#783=EDGE_LOOP($,(#5127));
#784=EDGE_LOOP($,(#5128));
#785=EDGE_LOOP($,(#5129,#5130,#5131,#5132));
#786=EDGE_LOOP($,(#5133));
#787=EDGE_LOOP($,(#5134));
#788=EDGE_LOOP($,(#5135,#5136,#5137,#5138));
#789=EDGE_LOOP($,(#5139,#5140,#5141,#5142));
#790=EDGE_LOOP($,(#5143,#5144,#5145,#5146));
#791=EDGE_LOOP($,(#5147,#5148,#5149,#5150));
#792=EDGE_LOOP($,(#5151,#5152,#5153,#5154));
#793=EDGE_LOOP($,(#5155));
#794=EDGE_LOOP($,(#5156));
#795=EDGE_LOOP($,(#5157));
#796=EDGE_LOOP($,(#5158,#5159,#5160,#5161));
#797=EDGE_LOOP($,(#5162));
#798=EDGE_LOOP($,(#5163,#5164,#5165,#5166));
#799=EDGE_LOOP($,(#5167,#5168,#5169,#5170));
#800=EDGE_LOOP($,(#5171,#5172,#5173,#5174));
#801=EDGE_LOOP($,(#5175,#5176,#5177,#5178));
#802=EDGE_LOOP($,(#5179,#5180,#5181,#5182));
#803=EDGE_LOOP($,(#5183));
#804=EDGE_LOOP($,(#5184));
#805=EDGE_LOOP($,(#5185));
#806=EDGE_LOOP($,(#5186,#5187,#5188,#5189));
#807=EDGE_LOOP($,(#5190));
#808=EDGE_LOOP($,(#5191,#5192,#5193,#5194));
#809=EDGE_LOOP($,(#5195,#5196,#5197,#5198));
#810=EDGE_LOOP($,(#5199,#5200,#5201,#5202));
#811=EDGE_LOOP($,(#5203,#5204,#5205,#5206));
#812=EDGE_LOOP($,(#5207,#5208,#5209,#5210));
#813=EDGE_LOOP($,(#5211));
#814=EDGE_LOOP($,(#5212));
#815=EDGE_LOOP($,(#5213,#5214,#5215,#5216));
#816=EDGE_LOOP($,(#5217));
#817=EDGE_LOOP($,(#5218));
#818=EDGE_LOOP($,(#5219,#5220,#5221,#5222));
#819=EDGE_LOOP($,(#5223,#5224,#5225,#5226));
#820=EDGE_LOOP($,(#5227,#5228,#5229,#5230));
#821=EDGE_LOOP($,(#5231,#5232,#5233,#5234));
#822=EDGE_LOOP($,(#5235,#5236,#5237,#5238));
#823=EDGE_LOOP($,(#5239));
#824=EDGE_LOOP($,(#5240));
#825=EDGE_LOOP($,(#5241));
#826=EDGE_LOOP($,(#5242,#5243,#5244,#5245));
#827=EDGE_LOOP($,(#5246));
#828=EDGE_LOOP($,(#5247,#5248,#5249,#5250));
#829=EDGE_LOOP($,(#5251,#5252,#5253,#5254));
#830=EDGE_LOOP($,(#5255,#5256,#5257,#5258));
#831=EDGE_LOOP($,(#5259,#5260,#5261,#5262));
#832=EDGE_LOOP($,(#5263,#5264,#5265,#5266));
#833=EDGE_LOOP($,(#5267));
#834=EDGE_LOOP($,(#5268));
#835=EDGE_LOOP($,(#5269,#5270,#5271,#5272));
#836=EDGE_LOOP($,(#5273));
#837=EDGE_LOOP($,(#5274));
#838=EDGE_LOOP($,(#5275,#5276,#5277,#5278));
#839=EDGE_LOOP($,(#5279,#5280,#5281,#5282,#5283));
#840=EDGE_LOOP($,(#5284,#5285,#5286,#5287));
#841=EDGE_LOOP($,(#5288,#5289,#5290));
#842=EDGE_LOOP($,(#5291,#5292,#5293,#5294));
#843=EDGE_LOOP($,(#5295,#5296,#5297,#5298,#5299));
#844=EDGE_LOOP($,(#5300,#5301,#5302,#5303));
#845=EDGE_LOOP($,(#5304,#5305,#5306,#5307,#5308));
#846=EDGE_LOOP($,(#5309,#5310,#5311,#5312));
#847=EDGE_LOOP($,(#5313,#5314,#5315,#5316,#5317,#5318,#5319,#5320,#5321,
#5322,#5323,#5324));
#848=EDGE_LOOP($,(#5325,#5326,#5327,#5328));
#849=EDGE_LOOP($,(#5329,#5330,#5331,#5332,#5333,#5334,#5335,#5336,#5337,
#5338));
#850=EDGE_LOOP($,(#5339,#5340,#5341));
#851=EDGE_LOOP($,(#5342,#5343,#5344,#5345));
#852=EDGE_LOOP($,(#5346,#5347,#5348,#5349));
#853=EDGE_LOOP($,(#5350,#5351,#5352,#5353,#5354));
#854=EDGE_LOOP($,(#5355,#5356,#5357,#5358));
#855=EDGE_LOOP($,(#5359,#5360,#5361,#5362));
#856=EDGE_LOOP($,(#5363,#5364,#5365,#5366));
#857=EDGE_LOOP($,(#5367,#5368,#5369,#5370));
#858=EDGE_LOOP($,(#5371,#5372,#5373,#5374));
#859=EDGE_LOOP($,(#5375,#5376,#5377,#5378));
#860=EDGE_LOOP($,(#5379,#5380));
#861=EDGE_LOOP($,(#5381,#5382));
#862=EDGE_LOOP($,(#5383,#5384));
#863=EDGE_LOOP($,(#5385));
#864=EDGE_LOOP($,(#5386));
#865=EDGE_LOOP($,(#5387));
#866=EDGE_LOOP($,(#5388));
#867=EDGE_LOOP($,(#5389,#5390,#5391,#5392));
#868=EDGE_LOOP($,(#5393,#5394,#5395,#5396));
#869=EDGE_LOOP($,(#5397,#5398,#5399,#5400));
#870=EDGE_LOOP($,(#5401,#5402,#5403,#5404));
#871=EDGE_LOOP($,(#5405,#5406,#5407,#5408));
#872=EDGE_LOOP($,(#5409,#5410,#5411,#5412));
#873=EDGE_LOOP($,(#5413,#5414));
#874=EDGE_LOOP($,(#5415));
#875=EDGE_LOOP($,(#5416,#5417));
#876=EDGE_LOOP($,(#5418,#5419));
#877=EDGE_LOOP($,(#5420,#5421));
#878=EDGE_LOOP($,(#5422,#5423));
#879=EDGE_LOOP($,(#5424));
#880=EDGE_LOOP($,(#5425,#5426,#5427,#5428,#5429));
#881=EDGE_LOOP($,(#5430,#5431,#5432,#5433,#5434));
#882=EDGE_LOOP($,(#5435,#5436,#5437,#5438));
#883=EDGE_LOOP($,(#5439,#5440,#5441,#5442));
#884=EDGE_LOOP($,(#5443,#5444,#5445,#5446));
#885=EDGE_LOOP($,(#5447,#5448,#5449,#5450));
#886=EDGE_LOOP($,(#5451,#5452,#5453,#5454));
#887=EDGE_LOOP($,(#5455,#5456,#5457,#5458));
#888=EDGE_LOOP($,(#5459,#5460,#5461,#5462));
#889=EDGE_LOOP($,(#5463,#5464,#5465,#5466,#5467,#5468,#5469,#5470));
#890=EDGE_LOOP($,(#5471,#5472,#5473,#5474,#5475,#5476,#5477,#5478));
#891=EDGE_LOOP($,(#5479,#5480,#5481,#5482,#5483,#5484,#5485,#5486));
#892=EDGE_LOOP($,(#5487,#5488,#5489,#5490));
#893=EDGE_LOOP($,(#5491,#5492,#5493,#5494));
#894=EDGE_LOOP($,(#5495,#5496,#5497,#5498,#5499,#5500,#5501,#5502));
#895=EDGE_LOOP($,(#5503,#5504,#5505,#5506,#5507,#5508,#5509,#5510));
#896=EDGE_LOOP($,(#5511,#5512,#5513,#5514));
#897=EDGE_LOOP($,(#5515,#5516,#5517,#5518));
#898=EDGE_LOOP($,(#5519,#5520,#5521,#5522));
#899=EDGE_LOOP($,(#5523,#5524,#5525,#5526));
#900=EDGE_LOOP($,(#5527,#5528,#5529,#5530));
#901=EDGE_LOOP($,(#5531,#5532,#5533,#5534));
#902=EDGE_LOOP($,(#5535,#5536,#5537,#5538));
#903=EDGE_LOOP($,(#5539,#5540,#5541,#5542));
#904=EDGE_LOOP($,(#5543,#5544,#5545,#5546));
#905=EDGE_LOOP($,(#5547,#5548,#5549,#5550,#5551,#5552,#5553,#5554));
#906=EDGE_LOOP($,(#5555,#5556,#5557,#5558,#5559,#5560,#5561,#5562));
#907=EDGE_LOOP($,(#5563,#5564,#5565,#5566));
#908=EDGE_LOOP($,(#5567,#5568,#5569,#5570));
#909=EDGE_LOOP($,(#5571,#5572,#5573,#5574));
#910=EDGE_LOOP($,(#5575,#5576,#5577,#5578));
#911=EDGE_LOOP($,(#5579,#5580,#5581,#5582));
#912=EDGE_LOOP($,(#5583,#5584,#5585,#5586));
#913=EDGE_LOOP($,(#5587,#5588,#5589,#5590,#5591,#5592,#5593,#5594));
#914=EDGE_LOOP($,(#5595,#5596,#5597,#5598,#5599,#5600,#5601,#5602,#5603,
#5604,#5605,#5606,#5607,#5608,#5609,#5610,#5611,#5612,#5613,#5614));
#915=EDGE_LOOP($,(#5615,#5616,#5617,#5618));
#916=EDGE_LOOP($,(#5619,#5620,#5621,#5622,#5623,#5624,#5625,#5626,#5627,
#5628,#5629,#5630,#5631,#5632,#5633,#5634,#5635,#5636,#5637,#5638));
#917=EDGE_LOOP($,(#5639,#5640,#5641,#5642,#5643,#5644,#5645,#5646,#5647,
#5648,#5649,#5650));
#918=EDGE_LOOP($,(#5651,#5652,#5653,#5654,#5655,#5656,#5657,#5658));
#919=EDGE_LOOP($,(#5659,#5660,#5661,#5662));
#920=EDGE_LOOP($,(#5663,#5664,#5665,#5666,#5667,#5668,#5669,#5670,#5671,
#5672,#5673,#5674));
#921=EDGE_LOOP($,(#5675,#5676,#5677,#5678));
#922=EDGE_LOOP($,(#5679,#5680,#5681,#5682));
#923=EDGE_LOOP($,(#5683,#5684,#5685,#5686,#5687,#5688,#5689,#5690));
#924=EDGE_LOOP($,(#5691,#5692,#5693,#5694));
#925=EDGE_LOOP($,(#5695,#5696,#5697,#5698));
#926=EDGE_LOOP($,(#5699,#5700,#5701,#5702,#5703,#5704,#5705,#5706,#5707,
#5708,#5709,#5710,#5711,#5712,#5713,#5714,#5715,#5716,#5717,#5718));
#927=EDGE_LOOP($,(#5719,#5720,#5721,#5722));
#928=EDGE_LOOP($,(#5723,#5724,#5725,#5726));
#929=EDGE_LOOP($,(#5727,#5728,#5729,#5730));
#930=EDGE_LOOP($,(#5731,#5732,#5733,#5734));
#931=EDGE_LOOP($,(#5735,#5736,#5737,#5738));
#932=EDGE_LOOP($,(#5739,#5740,#5741,#5742));
#933=EDGE_LOOP($,(#5743,#5744,#5745,#5746));
#934=EDGE_LOOP($,(#5747,#5748,#5749,#5750));
#935=EDGE_LOOP($,(#5751,#5752,#5753,#5754));
#936=EDGE_LOOP($,(#5755,#5756,#5757,#5758));
#937=EDGE_LOOP($,(#5759,#5760,#5761,#5762));
#938=EDGE_LOOP($,(#5763,#5764,#5765,#5766));
#939=EDGE_LOOP($,(#5767));
#940=EDGE_LOOP($,(#5768));
#941=EDGE_LOOP($,(#5769));
#942=EDGE_LOOP($,(#5770));
#943=EDGE_LOOP($,(#5771,#5772,#5773,#5774));
#944=EDGE_LOOP($,(#5775,#5776,#5777,#5778));
#945=EDGE_LOOP($,(#5779,#5780,#5781,#5782));
#946=EDGE_LOOP($,(#5783,#5784,#5785,#5786));
#947=EDGE_LOOP($,(#5787,#5788,#5789,#5790));
#948=EDGE_LOOP($,(#5791,#5792,#5793,#5794));
#949=EDGE_LOOP($,(#5795));
#950=EDGE_LOOP($,(#5796));
#951=EDGE_LOOP($,(#5797));
#952=EDGE_LOOP($,(#5798));
#953=EDGE_LOOP($,(#5799,#5800,#5801,#5802));
#954=EDGE_LOOP($,(#5803,#5804,#5805,#5806));
#955=EDGE_LOOP($,(#5807,#5808,#5809,#5810));
#956=EDGE_LOOP($,(#5811,#5812,#5813,#5814));
#957=EDGE_LOOP($,(#5815,#5816,#5817,#5818));
#958=EDGE_LOOP($,(#5819,#5820,#5821,#5822));
#959=EDGE_LOOP($,(#5823));
#960=EDGE_LOOP($,(#5824));
#961=EDGE_LOOP($,(#5825));
#962=EDGE_LOOP($,(#5826));
#963=EDGE_LOOP($,(#5827,#5828,#5829,#5830));
#964=EDGE_LOOP($,(#5831,#5832,#5833,#5834));
#965=EDGE_LOOP($,(#5835,#5836,#5837,#5838));
#966=EDGE_LOOP($,(#5839,#5840,#5841,#5842));
#967=EDGE_LOOP($,(#5843,#5844,#5845,#5846));
#968=EDGE_LOOP($,(#5847,#5848,#5849,#5850));
#969=EDGE_LOOP($,(#5851,#5852,#5853,#5854));
#970=EDGE_LOOP($,(#5855,#5856,#5857,#5858));
#971=EDGE_LOOP($,(#5859,#5860,#5861,#5862));
#972=EDGE_LOOP($,(#5863,#5864,#5865,#5866));
#973=EDGE_LOOP($,(#5867,#5868,#5869,#5870));
#974=EDGE_LOOP($,(#5871,#5872,#5873,#5874));
#975=EDGE_LOOP($,(#5875,#5876,#5877,#5878));
#976=EDGE_LOOP($,(#5879,#5880,#5881,#5882));
#977=EDGE_LOOP($,(#5883,#5884,#5885,#5886));
#978=EDGE_LOOP($,(#5887,#5888,#5889,#5890));
#979=EDGE_LOOP($,(#5891,#5892,#5893,#5894));
#980=EDGE_LOOP($,(#5895,#5896,#5897,#5898));
#981=EDGE_LOOP($,(#5899,#5900,#5901,#5902));
#982=EDGE_LOOP($,(#5903,#5904,#5905,#5906));
#983=EDGE_LOOP($,(#5907,#5908,#5909,#5910));
#984=EDGE_LOOP($,(#5911,#5912,#5913,#5914));
#985=EDGE_LOOP($,(#5915,#5916,#5917,#5918));
#986=EDGE_LOOP($,(#5919,#5920,#5921,#5922));
#987=EDGE_LOOP($,(#5923,#5924,#5925,#5926));
#988=EDGE_LOOP($,(#5927,#5928,#5929,#5930));
#989=EDGE_LOOP($,(#5931,#5932,#5933,#5934));
#990=EDGE_LOOP($,(#5935,#5936,#5937,#5938));
#991=EDGE_LOOP($,(#5939,#5940,#5941,#5942));
#992=EDGE_LOOP($,(#5943,#5944,#5945,#5946));
#993=EDGE_LOOP($,(#5947,#5948,#5949,#5950));
#994=EDGE_LOOP($,(#5951,#5952,#5953,#5954));
#995=EDGE_LOOP($,(#5955,#5956,#5957,#5958));
#996=EDGE_LOOP($,(#5959,#5960,#5961,#5962));
#997=EDGE_LOOP($,(#5963,#5964,#5965,#5966));
#998=EDGE_LOOP($,(#5967,#5968,#5969,#5970));
#999=EDGE_LOOP($,(#5971,#5972,#5973,#5974));
#1000=EDGE_LOOP($,(#5975,#5976,#5977,#5978));
#1001=EDGE_LOOP($,(#5979,#5980,#5981,#5982));
#1002=EDGE_LOOP($,(#5983,#5984,#5985,#5986));
#1003=EDGE_LOOP($,(#5987,#5988,#5989,#5990));
#1004=EDGE_LOOP($,(#5991,#5992,#5993,#5994));
#1005=EDGE_LOOP($,(#5995,#5996,#5997,#5998));
#1006=EDGE_LOOP($,(#5999,#6000,#6001,#6002));
#1007=EDGE_LOOP($,(#6003,#6004,#6005,#6006));
#1008=EDGE_LOOP($,(#6007,#6008,#6009,#6010));
#1009=EDGE_LOOP($,(#6011,#6012,#6013,#6014));
#1010=EDGE_LOOP($,(#6015,#6016,#6017,#6018));
#1011=EDGE_LOOP($,(#6019,#6020,#6021,#6022,#6023,#6024));
#1012=EDGE_LOOP($,(#6025,#6026,#6027,#6028));
#1013=EDGE_LOOP($,(#6029,#6030,#6031,#6032));
#1014=EDGE_LOOP($,(#6033,#6034,#6035,#6036));
#1015=EDGE_LOOP($,(#6037,#6038,#6039,#6040,#6041,#6042));
#1016=EDGE_LOOP($,(#6043,#6044,#6045,#6046));
#1017=EDGE_LOOP($,(#6047,#6048,#6049,#6050));
#1018=EDGE_LOOP($,(#6051,#6052,#6053,#6054));
#1019=EDGE_LOOP($,(#6055,#6056,#6057,#6058));
#1020=EDGE_LOOP($,(#6059,#6060,#6061,#6062));
#1021=EDGE_LOOP($,(#6063,#6064,#6065,#6066));
#1022=EDGE_LOOP($,(#6067,#6068,#6069,#6070));
#1023=EDGE_LOOP($,(#6071,#6072,#6073,#6074));
#1024=EDGE_LOOP($,(#6075,#6076,#6077,#6078));
#1025=EDGE_LOOP($,(#6079,#6080,#6081,#6082,#6083,#6084));
#1026=EDGE_LOOP($,(#6085,#6086,#6087,#6088));
#1027=EDGE_LOOP($,(#6089,#6090,#6091,#6092));
#1028=EDGE_LOOP($,(#6093,#6094,#6095,#6096));
#1029=EDGE_LOOP($,(#6097,#6098,#6099,#6100));
#1030=EDGE_LOOP($,(#6101,#6102,#6103,#6104));
#1031=EDGE_LOOP($,(#6105,#6106,#6107,#6108));
#1032=EDGE_LOOP($,(#6109,#6110,#6111,#6112,#6113,#6114));
#1033=EDGE_LOOP($,(#6115,#6116,#6117,#6118));
#1034=EDGE_LOOP($,(#6119,#6120,#6121,#6122));
#1035=EDGE_LOOP($,(#6123,#6124,#6125,#6126));
#1036=EDGE_LOOP($,(#6127,#6128,#6129,#6130));
#1037=EDGE_LOOP($,(#6131,#6132,#6133,#6134));
#1038=EDGE_LOOP($,(#6135,#6136,#6137,#6138));
#1039=EDGE_LOOP($,(#6139));
#1040=EDGE_LOOP($,(#6140));
#1041=EDGE_LOOP($,(#6141));
#1042=EDGE_LOOP($,(#6142));
#1043=EDGE_LOOP($,(#6143,#6144,#6145,#6146));
#1044=EDGE_LOOP($,(#6147,#6148,#6149,#6150));
#1045=EDGE_LOOP($,(#6151,#6152,#6153,#6154));
#1046=EDGE_LOOP($,(#6155,#6156,#6157,#6158));
#1047=EDGE_LOOP($,(#6159,#6160,#6161,#6162));
#1048=EDGE_LOOP($,(#6163,#6164,#6165,#6166));
#1049=EDGE_LOOP($,(#6167));
#1050=EDGE_LOOP($,(#6168));
#1051=EDGE_LOOP($,(#6169));
#1052=EDGE_LOOP($,(#6170));
#1053=EDGE_LOOP($,(#6171,#6172,#6173,#6174));
#1054=EDGE_LOOP($,(#6175,#6176,#6177,#6178));
#1055=EDGE_LOOP($,(#6179,#6180,#6181,#6182));
#1056=EDGE_LOOP($,(#6183,#6184,#6185,#6186));
#1057=EDGE_LOOP($,(#6187,#6188,#6189,#6190));
#1058=EDGE_LOOP($,(#6191,#6192,#6193,#6194));
#1059=EDGE_LOOP($,(#6195,#6196,#6197,#6198));
#1060=EDGE_LOOP($,(#6199,#6200,#6201,#6202));
#1061=EDGE_LOOP($,(#6203,#6204,#6205,#6206));
#1062=EDGE_LOOP($,(#6207,#6208,#6209,#6210));
#1063=EDGE_LOOP($,(#6211,#6212,#6213,#6214));
#1064=EDGE_LOOP($,(#6215,#6216,#6217,#6218));
#1065=EDGE_LOOP($,(#6219));
#1066=EDGE_LOOP($,(#6220));
#1067=EDGE_LOOP($,(#6221));
#1068=EDGE_LOOP($,(#6222));
#1069=EDGE_LOOP($,(#6223,#6224,#6225,#6226));
#1070=EDGE_LOOP($,(#6227,#6228,#6229,#6230));
#1071=EDGE_LOOP($,(#6231,#6232,#6233,#6234));
#1072=EDGE_LOOP($,(#6235,#6236,#6237,#6238));
#1073=EDGE_LOOP($,(#6239,#6240,#6241,#6242));
#1074=EDGE_LOOP($,(#6243,#6244,#6245,#6246));
#1075=EDGE_LOOP($,(#6247,#6248,#6249,#6250));
#1076=EDGE_LOOP($,(#6251,#6252,#6253,#6254));
#1077=EDGE_LOOP($,(#6255));
#1078=EDGE_LOOP($,(#6256,#6257,#6258,#6259,#6260,#6261,#6262,#6263,#6264,
#6265,#6266,#6267,#6268,#6269,#6270,#6271));
#1079=EDGE_LOOP($,(#6272,#6273,#6274,#6275));
#1080=EDGE_LOOP($,(#6276,#6277,#6278,#6279));
#1081=EDGE_LOOP($,(#6280,#6281,#6282,#6283));
#1082=EDGE_LOOP($,(#6284,#6285,#6286,#6287));
#1083=EDGE_LOOP($,(#6288,#6289,#6290,#6291));
#1084=EDGE_LOOP($,(#6292,#6293,#6294,#6295));
#1085=EDGE_LOOP($,(#6296,#6297,#6298,#6299));
#1086=EDGE_LOOP($,(#6300,#6301,#6302,#6303));
#1087=EDGE_LOOP($,(#6304,#6305,#6306,#6307,#6308,#6309,#6310,#6311,#6312,
#6313,#6314,#6315,#6316,#6317,#6318,#6319));
#1088=EDGE_LOOP($,(#6320));
#1089=EDGE_LOOP($,(#6321,#6322,#6323,#6324));
#1090=EDGE_LOOP($,(#6325,#6326,#6327,#6328));
#1091=EDGE_LOOP($,(#6329,#6330,#6331,#6332));
#1092=EDGE_LOOP($,(#6333,#6334,#6335,#6336));
#1093=EDGE_LOOP($,(#6337,#6338,#6339,#6340));
#1094=EDGE_LOOP($,(#6341,#6342,#6343,#6344));
#1095=EDGE_LOOP($,(#6345,#6346,#6347,#6348));
#1096=EDGE_LOOP($,(#6349,#6350,#6351,#6352));
#1097=EDGE_LOOP($,(#6353));
#1098=EDGE_LOOP($,(#6354,#6355,#6356,#6357,#6358,#6359,#6360,#6361,#6362,
#6363,#6364,#6365,#6366,#6367,#6368,#6369));
#1099=EDGE_LOOP($,(#6370,#6371,#6372,#6373));
#1100=EDGE_LOOP($,(#6374,#6375,#6376,#6377));
#1101=EDGE_LOOP($,(#6378,#6379,#6380,#6381));
#1102=EDGE_LOOP($,(#6382,#6383,#6384,#6385));
#1103=EDGE_LOOP($,(#6386,#6387,#6388,#6389));
#1104=EDGE_LOOP($,(#6390,#6391,#6392,#6393));
#1105=EDGE_LOOP($,(#6394,#6395,#6396,#6397));
#1106=EDGE_LOOP($,(#6398,#6399,#6400,#6401));
#1107=EDGE_LOOP($,(#6402));
#1108=EDGE_LOOP($,(#6403,#6404,#6405,#6406,#6407,#6408,#6409,#6410,#6411,
#6412,#6413,#6414,#6415,#6416,#6417,#6418));
#1109=EDGE_LOOP($,(#6419));
#1110=EDGE_LOOP($,(#6420,#6421,#6422,#6423));
#1111=EDGE_LOOP($,(#6424,#6425,#6426,#6427));
#1112=EDGE_LOOP($,(#6428,#6429,#6430,#6431));
#1113=EDGE_LOOP($,(#6432,#6433,#6434,#6435));
#1114=EDGE_LOOP($,(#6436,#6437,#6438,#6439));
#1115=EDGE_LOOP($,(#6440,#6441,#6442,#6443));
#1116=EDGE_LOOP($,(#6444,#6445,#6446,#6447));
#1117=EDGE_LOOP($,(#6448,#6449,#6450,#6451));
#1118=EDGE_LOOP($,(#6452));
#1119=EDGE_LOOP($,(#6453,#6454,#6455,#6456,#6457,#6458,#6459,#6460,#6461,
#6462,#6463,#6464,#6465,#6466,#6467,#6468));
#1120=EDGE_LOOP($,(#6469,#6470,#6471,#6472));
#1121=EDGE_LOOP($,(#6473,#6474,#6475,#6476));
#1122=EDGE_LOOP($,(#6477,#6478,#6479,#6480));
#1123=EDGE_LOOP($,(#6481,#6482,#6483,#6484));
#1124=EDGE_LOOP($,(#6485,#6486,#6487,#6488));
#1125=EDGE_LOOP($,(#6489,#6490,#6491,#6492));
#1126=EDGE_LOOP($,(#6493,#6494,#6495,#6496));
#1127=EDGE_LOOP($,(#6497,#6498,#6499,#6500));
#1128=EDGE_LOOP($,(#6501,#6502,#6503,#6504,#6505,#6506,#6507,#6508,#6509,
#6510,#6511,#6512,#6513,#6514,#6515,#6516));
#1129=EDGE_LOOP($,(#6517));
#1130=EDGE_LOOP($,(#6518));
#1131=EDGE_LOOP($,(#6519));
#1132=EDGE_LOOP($,(#6520));
#1133=EDGE_LOOP($,(#6521));
#1134=EDGE_LOOP($,(#6522));
#1135=EDGE_LOOP($,(#6523));
#1136=EDGE_LOOP($,(#6524));
#1137=EDGE_LOOP($,(#6525));
#1138=EDGE_LOOP($,(#6526));
#1139=EDGE_LOOP($,(#6527));
#1140=EDGE_LOOP($,(#6528));
#1141=EDGE_LOOP($,(#6529,#6530,#6531,#6532,#6533,#6534));
#1142=EDGE_LOOP($,(#6535,#6536,#6537,#6538));
#1143=EDGE_LOOP($,(#6539,#6540,#6541,#6542));
#1144=EDGE_LOOP($,(#6543,#6544,#6545,#6546));
#1145=EDGE_LOOP($,(#6547,#6548,#6549,#6550,#6551,#6552));
#1146=EDGE_LOOP($,(#6553,#6554,#6555,#6556));
#1147=EDGE_LOOP($,(#6557,#6558,#6559,#6560));
#1148=EDGE_LOOP($,(#6561,#6562,#6563,#6564));
#1149=EDGE_LOOP($,(#6565,#6566,#6567,#6568));
#1150=EDGE_LOOP($,(#6569,#6570,#6571,#6572));
#1151=EDGE_LOOP($,(#6573,#6574,#6575,#6576));
#1152=EDGE_LOOP($,(#6577,#6578,#6579,#6580));
#1153=EDGE_LOOP($,(#6581,#6582,#6583,#6584));
#1154=EDGE_LOOP($,(#6585,#6586,#6587,#6588));
#1155=EDGE_LOOP($,(#6589,#6590,#6591,#6592));
#1156=EDGE_LOOP($,(#6593,#6594,#6595,#6596));
#1157=EDGE_LOOP($,(#6597,#6598,#6599,#6600));
#1158=EDGE_LOOP($,(#6601,#6602,#6603,#6604));
#1159=EDGE_LOOP($,(#6605,#6606,#6607,#6608));
#1160=EDGE_LOOP($,(#6609,#6610,#6611,#6612));
#1161=EDGE_LOOP($,(#6613,#6614,#6615,#6616));
#1162=EDGE_LOOP($,(#6617,#6618,#6619,#6620));
#1163=EDGE_LOOP($,(#6621,#6622,#6623,#6624));
#1164=EDGE_LOOP($,(#6625,#6626,#6627,#6628));
#1165=EDGE_LOOP($,(#6629,#6630,#6631,#6632));
#1166=EDGE_LOOP($,(#6633,#6634,#6635,#6636));
#1167=EDGE_LOOP($,(#6637));
#1168=EDGE_LOOP($,(#6638));
#1169=EDGE_LOOP($,(#6639));
#1170=EDGE_LOOP($,(#6640));
#1171=EDGE_LOOP($,(#6641));
#1172=EDGE_LOOP($,(#6642));
#1173=EDGE_LOOP($,(#6643));
#1174=EDGE_LOOP($,(#6644));
#1175=EDGE_LOOP($,(#6645,#6646,#6647,#6648));
#1176=EDGE_LOOP($,(#6649,#6650,#6651,#6652));
#1177=EDGE_LOOP($,(#6653,#6654,#6655,#6656));
#1178=EDGE_LOOP($,(#6657,#6658,#6659,#6660));
#1179=EDGE_LOOP($,(#6661,#6662,#6663,#6664));
#1180=EDGE_LOOP($,(#6665,#6666,#6667,#6668));
#1181=EDGE_LOOP($,(#6669));
#1182=EDGE_LOOP($,(#6670));
#1183=EDGE_LOOP($,(#6671));
#1184=EDGE_LOOP($,(#6672));
#1185=EDGE_LOOP($,(#6673));
#1186=EDGE_LOOP($,(#6674));
#1187=EDGE_LOOP($,(#6675));
#1188=EDGE_LOOP($,(#6676));
#1189=EDGE_LOOP($,(#6677,#6678,#6679,#6680));
#1190=EDGE_LOOP($,(#6681,#6682,#6683,#6684));
#1191=EDGE_LOOP($,(#6685,#6686,#6687,#6688));
#1192=EDGE_LOOP($,(#6689,#6690,#6691,#6692));
#1193=EDGE_LOOP($,(#6693,#6694,#6695,#6696));
#1194=EDGE_LOOP($,(#6697,#6698,#6699,#6700));
#1195=EDGE_LOOP($,(#6701,#6702,#6703,#6704,#6705,#6706,#6707,#6708,#6709,
#6710,#6711,#6712,#6713,#6714,#6715,#6716));
#1196=EDGE_LOOP($,(#6717,#6718,#6719,#6720));
#1197=EDGE_LOOP($,(#6721,#6722,#6723,#6724));
#1198=EDGE_LOOP($,(#6725,#6726,#6727,#6728));
#1199=EDGE_LOOP($,(#6729,#6730,#6731,#6732));
#1200=EDGE_LOOP($,(#6733,#6734,#6735,#6736));
#1201=EDGE_LOOP($,(#6737,#6738,#6739,#6740));
#1202=EDGE_LOOP($,(#6741,#6742,#6743,#6744));
#1203=EDGE_LOOP($,(#6745,#6746,#6747,#6748));
#1204=EDGE_LOOP($,(#6749));
#1205=EDGE_LOOP($,(#6750,#6751,#6752,#6753,#6754,#6755,#6756,#6757,#6758,
#6759,#6760,#6761,#6762,#6763,#6764,#6765));
#1206=EDGE_LOOP($,(#6766,#6767,#6768,#6769));
#1207=EDGE_LOOP($,(#6770,#6771,#6772,#6773));
#1208=EDGE_LOOP($,(#6774,#6775,#6776,#6777));
#1209=EDGE_LOOP($,(#6778,#6779,#6780,#6781));
#1210=EDGE_LOOP($,(#6782,#6783,#6784,#6785));
#1211=EDGE_LOOP($,(#6786,#6787,#6788,#6789));
#1212=EDGE_LOOP($,(#6790,#6791,#6792,#6793));
#1213=EDGE_LOOP($,(#6794,#6795,#6796,#6797));
#1214=EDGE_LOOP($,(#6798));
#1215=EDGE_LOOP($,(#6799,#6800,#6801,#6802));
#1216=EDGE_LOOP($,(#6803,#6804,#6805,#6806));
#1217=EDGE_LOOP($,(#6807,#6808,#6809,#6810));
#1218=EDGE_LOOP($,(#6811,#6812,#6813,#6814));
#1219=EDGE_LOOP($,(#6815,#6816,#6817,#6818));
#1220=EDGE_LOOP($,(#6819,#6820,#6821,#6822));
#1221=EDGE_LOOP($,(#6823,#6824,#6825,#6826));
#1222=EDGE_LOOP($,(#6827,#6828,#6829,#6830));
#1223=EDGE_LOOP($,(#6831));
#1224=EDGE_LOOP($,(#6832,#6833,#6834,#6835,#6836,#6837,#6838,#6839,#6840,
#6841,#6842,#6843,#6844,#6845,#6846,#6847));
#1225=EDGE_LOOP($,(#6848,#6849,#6850,#6851));
#1226=EDGE_LOOP($,(#6852,#6853,#6854,#6855));
#1227=EDGE_LOOP($,(#6856,#6857,#6858,#6859));
#1228=EDGE_LOOP($,(#6860,#6861,#6862,#6863));
#1229=EDGE_LOOP($,(#6864,#6865,#6866,#6867));
#1230=EDGE_LOOP($,(#6868,#6869,#6870,#6871));
#1231=EDGE_LOOP($,(#6872,#6873,#6874,#6875));
#1232=EDGE_LOOP($,(#6876,#6877,#6878,#6879));
#1233=EDGE_LOOP($,(#6880,#6881,#6882,#6883,#6884,#6885,#6886,#6887,#6888,
#6889,#6890,#6891,#6892,#6893,#6894,#6895));
#1234=EDGE_LOOP($,(#6896));
#1235=EDGE_LOOP($,(#6897,#6898,#6899,#6900,#6901,#6902));
#1236=EDGE_LOOP($,(#6903,#6904,#6905,#6906));
#1237=EDGE_LOOP($,(#6907,#6908,#6909,#6910));
#1238=EDGE_LOOP($,(#6911,#6912,#6913,#6914));
#1239=EDGE_LOOP($,(#6915,#6916,#6917,#6918));
#1240=EDGE_LOOP($,(#6919,#6920,#6921,#6922));
#1241=EDGE_LOOP($,(#6923,#6924,#6925,#6926));
#1242=EDGE_LOOP($,(#6927,#6928,#6929,#6930,#6931,#6932));
#1243=EDGE_LOOP($,(#6933));
#1244=EDGE_LOOP($,(#6934));
#1245=EDGE_LOOP($,(#6935));
#1246=EDGE_LOOP($,(#6936));
#1247=EDGE_LOOP($,(#6937));
#1248=EDGE_LOOP($,(#6938));
#1249=EDGE_LOOP($,(#6939));
#1250=EDGE_LOOP($,(#6940));
#1251=EDGE_LOOP($,(#6941,#6942,#6943,#6944));
#1252=EDGE_LOOP($,(#6945,#6946,#6947,#6948));
#1253=EDGE_LOOP($,(#6949,#6950,#6951,#6952));
#1254=EDGE_LOOP($,(#6953,#6954,#6955,#6956,#6957,#6958,#6959,#6960));
#1255=EDGE_LOOP($,(#6961,#6962,#6963,#6964));
#1256=EDGE_LOOP($,(#6965,#6966,#6967,#6968));
#1257=EDGE_LOOP($,(#6969,#6970,#6971,#6972));
#1258=EDGE_LOOP($,(#6973,#6974,#6975,#6976));
#1259=EDGE_LOOP($,(#6977,#6978,#6979,#6980,#6981,#6982,#6983,#6984));
#1260=EDGE_LOOP($,(#6985,#6986,#6987,#6988));
#1261=EDGE_LOOP($,(#6989,#6990,#6991,#6992));
#1262=EDGE_LOOP($,(#6993,#6994,#6995,#6996));
#1263=EDGE_LOOP($,(#6997,#6998,#6999,#7000));
#1264=EDGE_LOOP($,(#7001,#7002,#7003,#7004));
#1265=EDGE_LOOP($,(#7005,#7006,#7007,#7008));
#1266=EDGE_LOOP($,(#7009,#7010,#7011,#7012));
#1267=EDGE_LOOP($,(#7013));
#1268=EDGE_LOOP($,(#7014));
#1269=EDGE_LOOP($,(#7015));
#1270=EDGE_LOOP($,(#7016));
#1271=EDGE_LOOP($,(#7017,#7018,#7019,#7020));
#1272=EDGE_LOOP($,(#7021,#7022,#7023,#7024));
#1273=EDGE_LOOP($,(#7025,#7026,#7027,#7028));
#1274=EDGE_LOOP($,(#7029,#7030,#7031,#7032));
#1275=EDGE_LOOP($,(#7033,#7034,#7035,#7036));
#1276=EDGE_LOOP($,(#7037,#7038,#7039,#7040));
#1277=EDGE_LOOP($,(#7041,#7042,#7043,#7044,#7045,#7046,#7047,#7048));
#1278=EDGE_LOOP($,(#7049,#7050,#7051,#7052));
#1279=EDGE_LOOP($,(#7053,#7054,#7055,#7056));
#1280=EDGE_LOOP($,(#7057,#7058,#7059,#7060,#7061,#7062));
#1281=EDGE_LOOP($,(#7063,#7064,#7065,#7066));
#1282=EDGE_LOOP($,(#7067,#7068,#7069,#7070,#7071,#7072));
#1283=EDGE_LOOP($,(#7073,#7074,#7075,#7076));
#1284=EDGE_LOOP($,(#7077,#7078,#7079,#7080));
#1285=EDGE_LOOP($,(#7081,#7082,#7083,#7084));
#1286=EDGE_LOOP($,(#7085,#7086,#7087,#7088));
#1287=EDGE_LOOP($,(#7089,#7090,#7091,#7092,#7093,#7094,#7095,#7096));
#1288=EDGE_LOOP($,(#7097,#7098,#7099,#7100));
#1289=EDGE_LOOP($,(#7101,#7102,#7103,#7104,#7105,#7106,#7107,#7108,#7109,
#7110,#7111,#7112,#7113,#7114));
#1290=LINE($,#10950,#2249);
#1291=LINE($,#10952,#2250);
#1292=LINE($,#10954,#2251);
#1293=LINE($,#10955,#2252);
#1294=LINE($,#10958,#2253);
#1295=LINE($,#10960,#2254);
#1296=LINE($,#10961,#2255);
#1297=LINE($,#10964,#2256);
#1298=LINE($,#10965,#2257);
#1299=LINE($,#10969,#2258);
#1300=LINE($,#10971,#2259);
#1301=LINE($,#10973,#2260);
#1302=LINE($,#10974,#2261);
#1303=LINE($,#10978,#2262);
#1304=LINE($,#10979,#2263);
#1305=LINE($,#10980,#2264);
#1306=LINE($,#10983,#2265);
#1307=LINE($,#10984,#2266);
#1308=LINE($,#10987,#2267);
#1309=LINE($,#10988,#2268);
#1310=LINE($,#10990,#2269);
#1311=LINE($,#10993,#2270);
#1312=LINE($,#10994,#2271);
#1313=LINE($,#10996,#2272);
#1314=LINE($,#11001,#2273);
#1315=LINE($,#11003,#2274);
#1316=LINE($,#11005,#2275);
#1317=LINE($,#11006,#2276);
#1318=LINE($,#11010,#2277);
#1319=LINE($,#11012,#2278);
#1320=LINE($,#11014,#2279);
#1321=LINE($,#11015,#2280);
#1322=LINE($,#11017,#2281);
#1323=LINE($,#11018,#2282);
#1324=LINE($,#11020,#2283);
#1325=LINE($,#11022,#2284);
#1326=LINE($,#11029,#2285);
#1327=LINE($,#11032,#2286);
#1328=LINE($,#11035,#2287);
#1329=LINE($,#11037,#2288);
#1330=LINE($,#11039,#2289);
#1331=LINE($,#11041,#2290);
#1332=LINE($,#11043,#2291);
#1333=LINE($,#11044,#2292);
#1334=LINE($,#11047,#2293);
#1335=LINE($,#11048,#2294);
#1336=LINE($,#11051,#2295);
#1337=LINE($,#11053,#2296);
#1338=LINE($,#11054,#2297);
#1339=LINE($,#11056,#2298);
#1340=LINE($,#11059,#2299);
#1341=LINE($,#11060,#2300);
#1342=LINE($,#11063,#2301);
#1343=LINE($,#11064,#2302);
#1344=LINE($,#11066,#2303);
#1345=LINE($,#11071,#2304);
#1346=LINE($,#11073,#2305);
#1347=LINE($,#11075,#2306);
#1348=LINE($,#11076,#2307);
#1349=LINE($,#11079,#2308);
#1350=LINE($,#11081,#2309);
#1351=LINE($,#11082,#2310);
#1352=LINE($,#11085,#2311);
#1353=LINE($,#11086,#2312);
#1354=LINE($,#11089,#2313);
#1355=LINE($,#11090,#2314);
#1356=LINE($,#11092,#2315);
#1357=LINE($,#11103,#2316);
#1358=LINE($,#11105,#2317);
#1359=LINE($,#11107,#2318);
#1360=LINE($,#11108,#2319);
#1361=LINE($,#11111,#2320);
#1362=LINE($,#11113,#2321);
#1363=LINE($,#11114,#2322);
#1364=LINE($,#11117,#2323);
#1365=LINE($,#11118,#2324);
#1366=LINE($,#11121,#2325);
#1367=LINE($,#11122,#2326);
#1368=LINE($,#11124,#2327);
#1369=LINE($,#11135,#2328);
#1370=LINE($,#11137,#2329);
#1371=LINE($,#11139,#2330);
#1372=LINE($,#11140,#2331);
#1373=LINE($,#11143,#2332);
#1374=LINE($,#11145,#2333);
#1375=LINE($,#11146,#2334);
#1376=LINE($,#11149,#2335);
#1377=LINE($,#11150,#2336);
#1378=LINE($,#11153,#2337);
#1379=LINE($,#11154,#2338);
#1380=LINE($,#11156,#2339);
#1381=LINE($,#11167,#2340);
#1382=LINE($,#11169,#2341);
#1383=LINE($,#11171,#2342);
#1384=LINE($,#11172,#2343);
#1385=LINE($,#11175,#2344);
#1386=LINE($,#11177,#2345);
#1387=LINE($,#11178,#2346);
#1388=LINE($,#11181,#2347);
#1389=LINE($,#11182,#2348);
#1390=LINE($,#11185,#2349);
#1391=LINE($,#11186,#2350);
#1392=LINE($,#11188,#2351);
#1393=LINE($,#11199,#2352);
#1394=LINE($,#11201,#2353);
#1395=LINE($,#11203,#2354);
#1396=LINE($,#11204,#2355);
#1397=LINE($,#11207,#2356);
#1398=LINE($,#11209,#2357);
#1399=LINE($,#11210,#2358);
#1400=LINE($,#11213,#2359);
#1401=LINE($,#11214,#2360);
#1402=LINE($,#11217,#2361);
#1403=LINE($,#11218,#2362);
#1404=LINE($,#11220,#2363);
#1405=LINE($,#11231,#2364);
#1406=LINE($,#11233,#2365);
#1407=LINE($,#11235,#2366);
#1408=LINE($,#11236,#2367);
#1409=LINE($,#11239,#2368);
#1410=LINE($,#11241,#2369);
#1411=LINE($,#11242,#2370);
#1412=LINE($,#11245,#2371);
#1413=LINE($,#11246,#2372);
#1414=LINE($,#11249,#2373);
#1415=LINE($,#11250,#2374);
#1416=LINE($,#11252,#2375);
#1417=LINE($,#11263,#2376);
#1418=LINE($,#11265,#2377);
#1419=LINE($,#11267,#2378);
#1420=LINE($,#11268,#2379);
#1421=LINE($,#11272,#2380);
#1422=LINE($,#11274,#2381);
#1423=LINE($,#11276,#2382);
#1424=LINE($,#11278,#2383);
#1425=LINE($,#11279,#2384);
#1426=LINE($,#11282,#2385);
#1427=LINE($,#11284,#2386);
#1428=LINE($,#11285,#2387);
#1429=LINE($,#11288,#2388);
#1430=LINE($,#11289,#2389);
#1431=LINE($,#11292,#2390);
#1432=LINE($,#11293,#2391);
#1433=LINE($,#11295,#2392);
#1434=LINE($,#11296,#2393);
#1435=LINE($,#11300,#2394);
#1436=LINE($,#11302,#2395);
#1437=LINE($,#11304,#2396);
#1438=LINE($,#11305,#2397);
#1439=LINE($,#11309,#2398);
#1440=LINE($,#11311,#2399);
#1441=LINE($,#11313,#2400);
#1442=LINE($,#11315,#2401);
#1443=LINE($,#11316,#2402);
#1444=LINE($,#11318,#2403);
#1445=LINE($,#11319,#2404);
#1446=LINE($,#11323,#2405);
#1447=LINE($,#11324,#2406);
#1448=LINE($,#11325,#2407);
#1449=LINE($,#11326,#2408);
#1450=LINE($,#11328,#2409);
#1451=LINE($,#11331,#2410);
#1452=LINE($,#11332,#2411);
#1453=LINE($,#11335,#2412);
#1454=LINE($,#11336,#2413);
#1455=LINE($,#11338,#2414);
#1456=LINE($,#11340,#2415);
#1457=LINE($,#11345,#2416);
#1458=LINE($,#11347,#2417);
#1459=LINE($,#11349,#2418);
#1460=LINE($,#11350,#2419);
#1461=LINE($,#11354,#2420);
#1462=LINE($,#11356,#2421);
#1463=LINE($,#11358,#2422);
#1464=LINE($,#11359,#2423);
#1465=LINE($,#11361,#2424);
#1466=LINE($,#11362,#2425);
#1467=LINE($,#11364,#2426);
#1468=LINE($,#11366,#2427);
#1469=LINE($,#11467,#2428);
#1470=LINE($,#11469,#2429);
#1471=LINE($,#11471,#2430);
#1472=LINE($,#11472,#2431);
#1473=LINE($,#11475,#2432);
#1474=LINE($,#11477,#2433);
#1475=LINE($,#11478,#2434);
#1476=LINE($,#11481,#2435);
#1477=LINE($,#11483,#2436);
#1478=LINE($,#11484,#2437);
#1479=LINE($,#11486,#2438);
#1480=LINE($,#11488,#2439);
#1481=LINE($,#11501,#2440);
#1482=LINE($,#11503,#2441);
#1483=LINE($,#11505,#2442);
#1484=LINE($,#11507,#2443);
#1485=LINE($,#11508,#2444);
#1486=LINE($,#11512,#2445);
#1487=LINE($,#11514,#2446);
#1488=LINE($,#11516,#2447);
#1489=LINE($,#11518,#2448);
#1490=LINE($,#11519,#2449);
#1491=LINE($,#11521,#2450);
#1492=LINE($,#11522,#2451);
#1493=LINE($,#11524,#2452);
#1494=LINE($,#11526,#2453);
#1495=LINE($,#11528,#2454);
#1496=LINE($,#11533,#2455);
#1497=LINE($,#11535,#2456);
#1498=LINE($,#11537,#2457);
#1499=LINE($,#11538,#2458);
#1500=LINE($,#11542,#2459);
#1501=LINE($,#11544,#2460);
#1502=LINE($,#11546,#2461);
#1503=LINE($,#11547,#2462);
#1504=LINE($,#11550,#2463);
#1505=LINE($,#11552,#2464);
#1506=LINE($,#11554,#2465);
#1507=LINE($,#11556,#2466);
#1508=LINE($,#11558,#2467);
#1509=LINE($,#11560,#2468);
#1510=LINE($,#11561,#2469);
#1511=LINE($,#11564,#2470);
#1512=LINE($,#11566,#2471);
#1513=LINE($,#11568,#2472);
#1514=LINE($,#11570,#2473);
#1515=LINE($,#11572,#2474);
#1516=LINE($,#11574,#2475);
#1517=LINE($,#11575,#2476);
#1518=LINE($,#11578,#2477);
#1519=LINE($,#11580,#2478);
#1520=LINE($,#11582,#2479);
#1521=LINE($,#11584,#2480);
#1522=LINE($,#11586,#2481);
#1523=LINE($,#11588,#2482);
#1524=LINE($,#11589,#2483);
#1525=LINE($,#11593,#2484);
#1526=LINE($,#11595,#2485);
#1527=LINE($,#11597,#2486);
#1528=LINE($,#11598,#2487);
#1529=LINE($,#11602,#2488);
#1530=LINE($,#11604,#2489);
#1531=LINE($,#11606,#2490);
#1532=LINE($,#11607,#2491);
#1533=LINE($,#11610,#2492);
#1534=LINE($,#11612,#2493);
#1535=LINE($,#11614,#2494);
#1536=LINE($,#11616,#2495);
#1537=LINE($,#11618,#2496);
#1538=LINE($,#11620,#2497);
#1539=LINE($,#11621,#2498);
#1540=LINE($,#11624,#2499);
#1541=LINE($,#11626,#2500);
#1542=LINE($,#11628,#2501);
#1543=LINE($,#11630,#2502);
#1544=LINE($,#11632,#2503);
#1545=LINE($,#11634,#2504);
#1546=LINE($,#11635,#2505);
#1547=LINE($,#11638,#2506);
#1548=LINE($,#11640,#2507);
#1549=LINE($,#11641,#2508);
#1550=LINE($,#11644,#2509);
#1551=LINE($,#11646,#2510);
#1552=LINE($,#11647,#2511);
#1553=LINE($,#11650,#2512);
#1554=LINE($,#11651,#2513);
#1555=LINE($,#11654,#2514);
#1556=LINE($,#11655,#2515);
#1557=LINE($,#11659,#2516);
#1558=LINE($,#11661,#2517);
#1559=LINE($,#11663,#2518);
#1560=LINE($,#11664,#2519);
#1561=LINE($,#11666,#2520);
#1562=LINE($,#11667,#2521);
#1563=LINE($,#11670,#2522);
#1564=LINE($,#11672,#2523);
#1565=LINE($,#11673,#2524);
#1566=LINE($,#11675,#2525);
#1567=LINE($,#11679,#2526);
#1568=LINE($,#11681,#2527);
#1569=LINE($,#11683,#2528);
#1570=LINE($,#11684,#2529);
#1571=LINE($,#11686,#2530);
#1572=LINE($,#11687,#2531);
#1573=LINE($,#11689,#2532);
#1574=LINE($,#11690,#2533);
#1575=LINE($,#11693,#2534);
#1576=LINE($,#11695,#2535);
#1577=LINE($,#11697,#2536);
#1578=LINE($,#11698,#2537);
#1579=LINE($,#11699,#2538);
#1580=LINE($,#11703,#2539);
#1581=LINE($,#11705,#2540);
#1582=LINE($,#11707,#2541);
#1583=LINE($,#11708,#2542);
#1584=LINE($,#11711,#2543);
#1585=LINE($,#11713,#2544);
#1586=LINE($,#11714,#2545);
#1587=LINE($,#11717,#2546);
#1588=LINE($,#11719,#2547);
#1589=LINE($,#11720,#2548);
#1590=LINE($,#11722,#2549);
#1591=LINE($,#11723,#2550);
#1592=LINE($,#11725,#2551);
#1593=LINE($,#11726,#2552);
#1594=LINE($,#11728,#2553);
#1595=LINE($,#11729,#2554);
#1596=LINE($,#11731,#2555);
#1597=LINE($,#11733,#2556);
#1598=LINE($,#11734,#2557);
#1599=LINE($,#11735,#2558);
#1600=LINE($,#11738,#2559);
#1601=LINE($,#11739,#2560);
#1602=LINE($,#11740,#2561);
#1603=LINE($,#11741,#2562);
#1604=LINE($,#11742,#2563);
#1605=LINE($,#11743,#2564);
#1606=LINE($,#11747,#2565);
#1607=LINE($,#11748,#2566);
#1608=LINE($,#11749,#2567);
#1609=LINE($,#11751,#2568);
#1610=LINE($,#11752,#2569);
#1611=LINE($,#11755,#2570);
#1612=LINE($,#11757,#2571);
#1613=LINE($,#11758,#2572);
#1614=LINE($,#11761,#2573);
#1615=LINE($,#11763,#2574);
#1616=LINE($,#11765,#2575);
#1617=LINE($,#11767,#2576);
#1618=LINE($,#11769,#2577);
#1619=LINE($,#11770,#2578);
#1620=LINE($,#11772,#2579);
#1621=LINE($,#11775,#2580);
#1622=LINE($,#11776,#2581);
#1623=LINE($,#11778,#2582);
#1624=LINE($,#11781,#2583);
#1625=LINE($,#11782,#2584);
#1626=LINE($,#11784,#2585);
#1627=LINE($,#11786,#2586);
#1628=LINE($,#11791,#2587);
#1629=LINE($,#11793,#2588);
#1630=LINE($,#11795,#2589);
#1631=LINE($,#11796,#2590);
#1632=LINE($,#11800,#2591);
#1633=LINE($,#11802,#2592);
#1634=LINE($,#11804,#2593);
#1635=LINE($,#11805,#2594);
#1636=LINE($,#11807,#2595);
#1637=LINE($,#11808,#2596);
#1638=LINE($,#11810,#2597);
#1639=LINE($,#11812,#2598);
#1640=LINE($,#11817,#2599);
#1641=LINE($,#11819,#2600);
#1642=LINE($,#11821,#2601);
#1643=LINE($,#11822,#2602);
#1644=LINE($,#11825,#2603);
#1645=LINE($,#11827,#2604);
#1646=LINE($,#11828,#2605);
#1647=LINE($,#11831,#2606);
#1648=LINE($,#11833,#2607);
#1649=LINE($,#11834,#2608);
#1650=LINE($,#11836,#2609);
#1651=LINE($,#11837,#2610);
#1652=LINE($,#11850,#2611);
#1653=LINE($,#11852,#2612);
#1654=LINE($,#11854,#2613);
#1655=LINE($,#11855,#2614);
#1656=LINE($,#11858,#2615);
#1657=LINE($,#11860,#2616);
#1658=LINE($,#11861,#2617);
#1659=LINE($,#11864,#2618);
#1660=LINE($,#11866,#2619);
#1661=LINE($,#11867,#2620);
#1662=LINE($,#11869,#2621);
#1663=LINE($,#11870,#2622);
#1664=LINE($,#11883,#2623);
#1665=LINE($,#11885,#2624);
#1666=LINE($,#11887,#2625);
#1667=LINE($,#11888,#2626);
#1668=LINE($,#11891,#2627);
#1669=LINE($,#11893,#2628);
#1670=LINE($,#11894,#2629);
#1671=LINE($,#11897,#2630);
#1672=LINE($,#11899,#2631);
#1673=LINE($,#11900,#2632);
#1674=LINE($,#11902,#2633);
#1675=LINE($,#11903,#2634);
#1676=LINE($,#11916,#2635);
#1677=LINE($,#11918,#2636);
#1678=LINE($,#11920,#2637);
#1679=LINE($,#11921,#2638);
#1680=LINE($,#11925,#2639);
#1681=LINE($,#11927,#2640);
#1682=LINE($,#11929,#2641);
#1683=LINE($,#11930,#2642);
#1684=LINE($,#11932,#2643);
#1685=LINE($,#11933,#2644);
#1686=LINE($,#11935,#2645);
#1687=LINE($,#11937,#2646);
#1688=LINE($,#11942,#2647);
#1689=LINE($,#11944,#2648);
#1690=LINE($,#11946,#2649);
#1691=LINE($,#11947,#2650);
#1692=LINE($,#11951,#2651);
#1693=LINE($,#11953,#2652);
#1694=LINE($,#11955,#2653);
#1695=LINE($,#11956,#2654);
#1696=LINE($,#11958,#2655);
#1697=LINE($,#11959,#2656);
#1698=LINE($,#11961,#2657);
#1699=LINE($,#11963,#2658);
#1700=LINE($,#11968,#2659);
#1701=LINE($,#11970,#2660);
#1702=LINE($,#11972,#2661);
#1703=LINE($,#11973,#2662);
#1704=LINE($,#11976,#2663);
#1705=LINE($,#11978,#2664);
#1706=LINE($,#11979,#2665);
#1707=LINE($,#11982,#2666);
#1708=LINE($,#11984,#2667);
#1709=LINE($,#11985,#2668);
#1710=LINE($,#11987,#2669);
#1711=LINE($,#11988,#2670);
#1712=LINE($,#11994,#2671);
#1713=LINE($,#11996,#2672);
#1714=LINE($,#11998,#2673);
#1715=LINE($,#11999,#2674);
#1716=LINE($,#12002,#2675);
#1717=LINE($,#12004,#2676);
#1718=LINE($,#12005,#2677);
#1719=LINE($,#12008,#2678);
#1720=LINE($,#12010,#2679);
#1721=LINE($,#12011,#2680);
#1722=LINE($,#12013,#2681);
#1723=LINE($,#12014,#2682);
#1724=LINE($,#12020,#2683);
#1725=LINE($,#12022,#2684);
#1726=LINE($,#12024,#2685);
#1727=LINE($,#12025,#2686);
#1728=LINE($,#12029,#2687);
#1729=LINE($,#12031,#2688);
#1730=LINE($,#12033,#2689);
#1731=LINE($,#12034,#2690);
#1732=LINE($,#12036,#2691);
#1733=LINE($,#12037,#2692);
#1734=LINE($,#12039,#2693);
#1735=LINE($,#12041,#2694);
#1736=LINE($,#12046,#2695);
#1737=LINE($,#12048,#2696);
#1738=LINE($,#12050,#2697);
#1739=LINE($,#12051,#2698);
#1740=LINE($,#12055,#2699);
#1741=LINE($,#12057,#2700);
#1742=LINE($,#12059,#2701);
#1743=LINE($,#12060,#2702);
#1744=LINE($,#12062,#2703);
#1745=LINE($,#12063,#2704);
#1746=LINE($,#12065,#2705);
#1747=LINE($,#12067,#2706);
#1748=LINE($,#12072,#2707);
#1749=LINE($,#12074,#2708);
#1750=LINE($,#12076,#2709);
#1751=LINE($,#12077,#2710);
#1752=LINE($,#12080,#2711);
#1753=LINE($,#12082,#2712);
#1754=LINE($,#12083,#2713);
#1755=LINE($,#12086,#2714);
#1756=LINE($,#12088,#2715);
#1757=LINE($,#12089,#2716);
#1758=LINE($,#12091,#2717);
#1759=LINE($,#12092,#2718);
#1760=LINE($,#12098,#2719);
#1761=LINE($,#12100,#2720);
#1762=LINE($,#12102,#2721);
#1763=LINE($,#12103,#2722);
#1764=LINE($,#12106,#2723);
#1765=LINE($,#12108,#2724);
#1766=LINE($,#12109,#2725);
#1767=LINE($,#12112,#2726);
#1768=LINE($,#12114,#2727);
#1769=LINE($,#12115,#2728);
#1770=LINE($,#12117,#2729);
#1771=LINE($,#12118,#2730);
#1772=LINE($,#12124,#2731);
#1773=LINE($,#12126,#2732);
#1774=LINE($,#12128,#2733);
#1775=LINE($,#12130,#2734);
#1776=LINE($,#12132,#2735);
#1777=LINE($,#12133,#2736);
#1778=LINE($,#12136,#2737);
#1779=LINE($,#12138,#2738);
#1780=LINE($,#12139,#2739);
#1781=LINE($,#12142,#2740);
#1782=LINE($,#12143,#2741);
#1783=LINE($,#12146,#2742);
#1784=LINE($,#12147,#2743);
#1785=LINE($,#12150,#2744);
#1786=LINE($,#12152,#2745);
#1787=LINE($,#12153,#2746);
#1788=LINE($,#12155,#2747);
#1789=LINE($,#12156,#2748);
#1790=LINE($,#12162,#2749);
#1791=LINE($,#12164,#2750);
#1792=LINE($,#12166,#2751);
#1793=LINE($,#12167,#2752);
#1794=LINE($,#12171,#2753);
#1795=LINE($,#12173,#2754);
#1796=LINE($,#12175,#2755);
#1797=LINE($,#12176,#2756);
#1798=LINE($,#12178,#2757);
#1799=LINE($,#12179,#2758);
#1800=LINE($,#12181,#2759);
#1801=LINE($,#12183,#2760);
#1802=LINE($,#12188,#2761);
#1803=LINE($,#12190,#2762);
#1804=LINE($,#12192,#2763);
#1805=LINE($,#12194,#2764);
#1806=LINE($,#12196,#2765);
#1807=LINE($,#12197,#2766);
#1808=LINE($,#12200,#2767);
#1809=LINE($,#12202,#2768);
#1810=LINE($,#12203,#2769);
#1811=LINE($,#12206,#2770);
#1812=LINE($,#12207,#2771);
#1813=LINE($,#12210,#2772);
#1814=LINE($,#12211,#2773);
#1815=LINE($,#12214,#2774);
#1816=LINE($,#12215,#2775);
#1817=LINE($,#12218,#2776);
#1818=LINE($,#12219,#2777);
#1819=LINE($,#12221,#2778);
#1820=LINE($,#12226,#2779);
#1821=LINE($,#12228,#2780);
#1822=LINE($,#12230,#2781);
#1823=LINE($,#12231,#2782);
#1824=LINE($,#12234,#2783);
#1825=LINE($,#12236,#2784);
#1826=LINE($,#12237,#2785);
#1827=LINE($,#12240,#2786);
#1828=LINE($,#12242,#2787);
#1829=LINE($,#12243,#2788);
#1830=LINE($,#12245,#2789);
#1831=LINE($,#12246,#2790);
#1832=LINE($,#12259,#2791);
#1833=LINE($,#12261,#2792);
#1834=LINE($,#12263,#2793);
#1835=LINE($,#12264,#2794);
#1836=LINE($,#12267,#2795);
#1837=LINE($,#12269,#2796);
#1838=LINE($,#12270,#2797);
#1839=LINE($,#12273,#2798);
#1840=LINE($,#12275,#2799);
#1841=LINE($,#12276,#2800);
#1842=LINE($,#12278,#2801);
#1843=LINE($,#12279,#2802);
#1844=LINE($,#12292,#2803);
#1845=LINE($,#12294,#2804);
#1846=LINE($,#12296,#2805);
#1847=LINE($,#12297,#2806);
#1848=LINE($,#12300,#2807);
#1849=LINE($,#12302,#2808);
#1850=LINE($,#12303,#2809);
#1851=LINE($,#12306,#2810);
#1852=LINE($,#12308,#2811);
#1853=LINE($,#12309,#2812);
#1854=LINE($,#12311,#2813);
#1855=LINE($,#12312,#2814);
#1856=LINE($,#12318,#2815);
#1857=LINE($,#12320,#2816);
#1858=LINE($,#12322,#2817);
#1859=LINE($,#12323,#2818);
#1860=LINE($,#12327,#2819);
#1861=LINE($,#12329,#2820);
#1862=LINE($,#12331,#2821);
#1863=LINE($,#12332,#2822);
#1864=LINE($,#12334,#2823);
#1865=LINE($,#12335,#2824);
#1866=LINE($,#12337,#2825);
#1867=LINE($,#12339,#2826);
#1868=LINE($,#12351,#2827);
#1869=LINE($,#12353,#2828);
#1870=LINE($,#12355,#2829);
#1871=LINE($,#12356,#2830);
#1872=LINE($,#12360,#2831);
#1873=LINE($,#12362,#2832);
#1874=LINE($,#12364,#2833);
#1875=LINE($,#12365,#2834);
#1876=LINE($,#12370,#2835);
#1877=LINE($,#12371,#2836);
#1878=LINE($,#12374,#2837);
#1879=LINE($,#12376,#2838);
#1880=LINE($,#12377,#2839);
#1881=LINE($,#12382,#2840);
#1882=LINE($,#12383,#2841);
#1883=LINE($,#12386,#2842);
#1884=LINE($,#12388,#2843);
#1885=LINE($,#12389,#2844);
#1886=LINE($,#12391,#2845);
#1887=LINE($,#12393,#2846);
#1888=LINE($,#12400,#2847);
#1889=LINE($,#12404,#2848);
#1890=LINE($,#12409,#2849);
#1891=LINE($,#12413,#2850);
#1892=LINE($,#12417,#2851);
#1893=LINE($,#12419,#2852);
#1894=LINE($,#12420,#2853);
#1895=LINE($,#12423,#2854);
#1896=LINE($,#12425,#2855);
#1897=LINE($,#12426,#2856);
#1898=LINE($,#12429,#2857);
#1899=LINE($,#12430,#2858);
#1900=LINE($,#12433,#2859);
#1901=LINE($,#12434,#2860);
#1902=LINE($,#12437,#2861);
#1903=LINE($,#12438,#2862);
#1904=LINE($,#12441,#2863);
#1905=LINE($,#12442,#2864);
#1906=LINE($,#12444,#2865);
#1907=LINE($,#12446,#2866);
#1908=LINE($,#12452,#2867);
#1909=LINE($,#12454,#2868);
#1910=LINE($,#12456,#2869);
#1911=LINE($,#12457,#2870);
#1912=LINE($,#12461,#2871);
#1913=LINE($,#12463,#2872);
#1914=LINE($,#12465,#2873);
#1915=LINE($,#12466,#2874);
#1916=LINE($,#12470,#2875);
#1917=LINE($,#12471,#2876);
#1918=LINE($,#12472,#2877);
#1919=LINE($,#12476,#2878);
#1920=LINE($,#12480,#2879);
#1921=LINE($,#12481,#2880);
#1922=LINE($,#12482,#2881);
#1923=LINE($,#12486,#2882);
#1924=LINE($,#12489,#2883);
#1925=LINE($,#12490,#2884);
#1926=LINE($,#12493,#2885);
#1927=LINE($,#12494,#2886);
#1928=LINE($,#12500,#2887);
#1929=LINE($,#12504,#2888);
#1930=LINE($,#12509,#2889);
#1931=LINE($,#12513,#2890);
#1932=LINE($,#12519,#2891);
#1933=LINE($,#12521,#2892);
#1934=LINE($,#12523,#2893);
#1935=LINE($,#12524,#2894);
#1936=LINE($,#12528,#2895);
#1937=LINE($,#12530,#2896);
#1938=LINE($,#12532,#2897);
#1939=LINE($,#12533,#2898);
#1940=LINE($,#12535,#2899);
#1941=LINE($,#12536,#2900);
#1942=LINE($,#12538,#2901);
#1943=LINE($,#12540,#2902);
#1944=LINE($,#12541,#2903);
#1945=LINE($,#12543,#2904);
#1946=LINE($,#12545,#2905);
#1947=LINE($,#12547,#2906);
#1948=LINE($,#12556,#2907);
#1949=LINE($,#12558,#2908);
#1950=LINE($,#12560,#2909);
#1951=LINE($,#12561,#2910);
#1952=LINE($,#12565,#2911);
#1953=LINE($,#12567,#2912);
#1954=LINE($,#12569,#2913);
#1955=LINE($,#12570,#2914);
#1956=LINE($,#12574,#2915);
#1957=LINE($,#12575,#2916);
#1958=LINE($,#12576,#2917);
#1959=LINE($,#12580,#2918);
#1960=LINE($,#12584,#2919);
#1961=LINE($,#12585,#2920);
#1962=LINE($,#12586,#2921);
#1963=LINE($,#12590,#2922);
#1964=LINE($,#12593,#2923);
#1965=LINE($,#12594,#2924);
#1966=LINE($,#12597,#2925);
#1967=LINE($,#12598,#2926);
#1968=LINE($,#12602,#2927);
#1969=LINE($,#12606,#2928);
#1970=LINE($,#12611,#2929);
#1971=LINE($,#12615,#2930);
#1972=LINE($,#12621,#2931);
#1973=LINE($,#12623,#2932);
#1974=LINE($,#12625,#2933);
#1975=LINE($,#12626,#2934);
#1976=LINE($,#12630,#2935);
#1977=LINE($,#12632,#2936);
#1978=LINE($,#12634,#2937);
#1979=LINE($,#12635,#2938);
#1980=LINE($,#12637,#2939);
#1981=LINE($,#12638,#2940);
#1982=LINE($,#12640,#2941);
#1983=LINE($,#12642,#2942);
#1984=LINE($,#12643,#2943);
#1985=LINE($,#12645,#2944);
#1986=LINE($,#12647,#2945);
#1987=LINE($,#12649,#2946);
#1988=LINE($,#12675,#2947);
#1989=LINE($,#12677,#2948);
#1990=LINE($,#12679,#2949);
#1991=LINE($,#12681,#2950);
#1992=LINE($,#12683,#2951);
#1993=LINE($,#12684,#2952);
#1994=LINE($,#12687,#2953);
#1995=LINE($,#12689,#2954);
#1996=LINE($,#12690,#2955);
#1997=LINE($,#12693,#2956);
#1998=LINE($,#12694,#2957);
#1999=LINE($,#12697,#2958);
#2000=LINE($,#12698,#2959);
#2001=LINE($,#12701,#2960);
#2002=LINE($,#12703,#2961);
#2003=LINE($,#12704,#2962);
#2004=LINE($,#12706,#2963);
#2005=LINE($,#12707,#2964);
#2006=LINE($,#12713,#2965);
#2007=LINE($,#12715,#2966);
#2008=LINE($,#12717,#2967);
#2009=LINE($,#12718,#2968);
#2010=LINE($,#12721,#2969);
#2011=LINE($,#12723,#2970);
#2012=LINE($,#12724,#2971);
#2013=LINE($,#12727,#2972);
#2014=LINE($,#12728,#2973);
#2015=LINE($,#12731,#2974);
#2016=LINE($,#12732,#2975);
#2017=LINE($,#12734,#2976);
#2018=LINE($,#12739,#2977);
#2019=LINE($,#12741,#2978);
#2020=LINE($,#12743,#2979);
#2021=LINE($,#12744,#2980);
#2022=LINE($,#12748,#2981);
#2023=LINE($,#12750,#2982);
#2024=LINE($,#12752,#2983);
#2025=LINE($,#12753,#2984);
#2026=LINE($,#12755,#2985);
#2027=LINE($,#12756,#2986);
#2028=LINE($,#12758,#2987);
#2029=LINE($,#12760,#2988);
#2030=LINE($,#12765,#2989);
#2031=LINE($,#12767,#2990);
#2032=LINE($,#12769,#2991);
#2033=LINE($,#12770,#2992);
#2034=LINE($,#12773,#2993);
#2035=LINE($,#12775,#2994);
#2036=LINE($,#12776,#2995);
#2037=LINE($,#12779,#2996);
#2038=LINE($,#12781,#2997);
#2039=LINE($,#12782,#2998);
#2040=LINE($,#12784,#2999);
#2041=LINE($,#12785,#3000);
#2042=LINE($,#12805,#3001);
#2043=LINE($,#12807,#3002);
#2044=LINE($,#12809,#3003);
#2045=LINE($,#12810,#3004);
#2046=LINE($,#12814,#3005);
#2047=LINE($,#12816,#3006);
#2048=LINE($,#12818,#3007);
#2049=LINE($,#12819,#3008);
#2050=LINE($,#12821,#3009);
#2051=LINE($,#12822,#3010);
#2052=LINE($,#12824,#3011);
#2053=LINE($,#12826,#3012);
#2054=LINE($,#12845,#3013);
#2055=LINE($,#12847,#3014);
#2056=LINE($,#12849,#3015);
#2057=LINE($,#12850,#3016);
#2058=LINE($,#12853,#3017);
#2059=LINE($,#12855,#3018);
#2060=LINE($,#12856,#3019);
#2061=LINE($,#12859,#3020);
#2062=LINE($,#12860,#3021);
#2063=LINE($,#12863,#3022);
#2064=LINE($,#12864,#3023);
#2065=LINE($,#12866,#3024);
#2066=LINE($,#12873,#3025);
#2067=LINE($,#12875,#3026);
#2068=LINE($,#12877,#3027);
#2069=LINE($,#12881,#3028);
#2070=LINE($,#12883,#3029);
#2071=LINE($,#12885,#3030);
#2072=LINE($,#12889,#3031);
#2073=LINE($,#12891,#3032);
#2074=LINE($,#12893,#3033);
#2075=LINE($,#12897,#3034);
#2076=LINE($,#12899,#3035);
#2077=LINE($,#12900,#3036);
#2078=LINE($,#12904,#3037);
#2079=LINE($,#12905,#3038);
#2080=LINE($,#12906,#3039);
#2081=LINE($,#12910,#3040);
#2082=LINE($,#12911,#3041);
#2083=LINE($,#12912,#3042);
#2084=LINE($,#12915,#3043);
#2085=LINE($,#12916,#3044);
#2086=LINE($,#12920,#3045);
#2087=LINE($,#12923,#3046);
#2088=LINE($,#12924,#3047);
#2089=LINE($,#12928,#3048);
#2090=LINE($,#12930,#3049);
#2091=LINE($,#12932,#3050);
#2092=LINE($,#12937,#3051);
#2093=LINE($,#12940,#3052);
#2094=LINE($,#12942,#3053);
#2095=LINE($,#12945,#3054);
#2096=LINE($,#12949,#3055);
#2097=LINE($,#12950,#3056);
#2098=LINE($,#12951,#3057);
#2099=LINE($,#12955,#3058);
#2100=LINE($,#12956,#3059);
#2101=LINE($,#12957,#3060);
#2102=LINE($,#12959,#3061);
#2103=LINE($,#12961,#3062);
#2104=LINE($,#12963,#3063);
#2105=LINE($,#12965,#3064);
#2106=LINE($,#12972,#3065);
#2107=LINE($,#12974,#3066);
#2108=LINE($,#12976,#3067);
#2109=LINE($,#12977,#3068);
#2110=LINE($,#12981,#3069);
#2111=LINE($,#12983,#3070);
#2112=LINE($,#12985,#3071);
#2113=LINE($,#12986,#3072);
#2114=LINE($,#12991,#3073);
#2115=LINE($,#12992,#3074);
#2116=LINE($,#12995,#3075);
#2117=LINE($,#12997,#3076);
#2118=LINE($,#12998,#3077);
#2119=LINE($,#13003,#3078);
#2120=LINE($,#13004,#3079);
#2121=LINE($,#13007,#3080);
#2122=LINE($,#13009,#3081);
#2123=LINE($,#13010,#3082);
#2124=LINE($,#13012,#3083);
#2125=LINE($,#13014,#3084);
#2126=LINE($,#13021,#3085);
#2127=LINE($,#13025,#3086);
#2128=LINE($,#13030,#3087);
#2129=LINE($,#13034,#3088);
#2130=LINE($,#13038,#3089);
#2131=LINE($,#13040,#3090);
#2132=LINE($,#13041,#3091);
#2133=LINE($,#13044,#3092);
#2134=LINE($,#13046,#3093);
#2135=LINE($,#13047,#3094);
#2136=LINE($,#13050,#3095);
#2137=LINE($,#13051,#3096);
#2138=LINE($,#13054,#3097);
#2139=LINE($,#13055,#3098);
#2140=LINE($,#13058,#3099);
#2141=LINE($,#13059,#3100);
#2142=LINE($,#13062,#3101);
#2143=LINE($,#13063,#3102);
#2144=LINE($,#13065,#3103);
#2145=LINE($,#13067,#3104);
#2146=LINE($,#13073,#3105);
#2147=LINE($,#13075,#3106);
#2148=LINE($,#13077,#3107);
#2149=LINE($,#13079,#3108);
#2150=LINE($,#13081,#3109);
#2151=LINE($,#13082,#3110);
#2152=LINE($,#13085,#3111);
#2153=LINE($,#13087,#3112);
#2154=LINE($,#13088,#3113);
#2155=LINE($,#13091,#3114);
#2156=LINE($,#13092,#3115);
#2157=LINE($,#13095,#3116);
#2158=LINE($,#13096,#3117);
#2159=LINE($,#13099,#3118);
#2160=LINE($,#13100,#3119);
#2161=LINE($,#13103,#3120);
#2162=LINE($,#13104,#3121);
#2163=LINE($,#13106,#3122);
#2164=LINE($,#13125,#3123);
#2165=LINE($,#13127,#3124);
#2166=LINE($,#13129,#3125);
#2167=LINE($,#13130,#3126);
#2168=LINE($,#13134,#3127);
#2169=LINE($,#13136,#3128);
#2170=LINE($,#13138,#3129);
#2171=LINE($,#13139,#3130);
#2172=LINE($,#13141,#3131);
#2173=LINE($,#13142,#3132);
#2174=LINE($,#13145,#3133);
#2175=LINE($,#13147,#3134);
#2176=LINE($,#13149,#3135);
#2177=LINE($,#13151,#3136);
#2178=LINE($,#13152,#3137);
#2179=LINE($,#13155,#3138);
#2180=LINE($,#13156,#3139);
#2181=LINE($,#13159,#3140);
#2182=LINE($,#13160,#3141);
#2183=LINE($,#13163,#3142);
#2184=LINE($,#13164,#3143);
#2185=LINE($,#13167,#3144);
#2186=LINE($,#13168,#3145);
#2187=LINE($,#13170,#3146);
#2188=LINE($,#13175,#3147);
#2189=LINE($,#13177,#3148);
#2190=LINE($,#13179,#3149);
#2191=LINE($,#13180,#3150);
#2192=LINE($,#13184,#3151);
#2193=LINE($,#13186,#3152);
#2194=LINE($,#13188,#3153);
#2195=LINE($,#13189,#3154);
#2196=LINE($,#13191,#3155);
#2197=LINE($,#13192,#3156);
#2198=LINE($,#13194,#3157);
#2199=LINE($,#13196,#3158);
#2200=LINE($,#13208,#3159);
#2201=LINE($,#13210,#3160);
#2202=LINE($,#13212,#3161);
#2203=LINE($,#13213,#3162);
#2204=LINE($,#13216,#3163);
#2205=LINE($,#13218,#3164);
#2206=LINE($,#13219,#3165);
#2207=LINE($,#13223,#3166);
#2208=LINE($,#13225,#3167);
#2209=LINE($,#13227,#3168);
#2210=LINE($,#13228,#3169);
#2211=LINE($,#13231,#3170);
#2212=LINE($,#13233,#3171);
#2213=LINE($,#13234,#3172);
#2214=LINE($,#13237,#3173);
#2215=LINE($,#13238,#3174);
#2216=LINE($,#13241,#3175);
#2217=LINE($,#13243,#3176);
#2218=LINE($,#13244,#3177);
#2219=LINE($,#13247,#3178);
#2220=LINE($,#13249,#3179);
#2221=LINE($,#13251,#3180);
#2222=LINE($,#13253,#3181);
#2223=LINE($,#13255,#3182);
#2224=LINE($,#13256,#3183);
#2225=LINE($,#13259,#3184);
#2226=LINE($,#13261,#3185);
#2227=LINE($,#13262,#3186);
#2228=LINE($,#13266,#3187);
#2229=LINE($,#13268,#3188);
#2230=LINE($,#13270,#3189);
#2231=LINE($,#13271,#3190);
#2232=LINE($,#13274,#3191);
#2233=LINE($,#13275,#3192);
#2234=LINE($,#13276,#3193);
#2235=LINE($,#13279,#3194);
#2236=LINE($,#13280,#3195);
#2237=LINE($,#13283,#3196);
#2238=LINE($,#13284,#3197);
#2239=LINE($,#13285,#3198);
#2240=LINE($,#13287,#3199);
#2241=LINE($,#13290,#3200);
#2242=LINE($,#13291,#3201);
#2243=LINE($,#13294,#3202);
#2244=LINE($,#13295,#3203);
#2245=LINE($,#13298,#3204);
#2246=LINE($,#13299,#3205);
#2247=LINE($,#13301,#3206);
#2248=LINE($,#13302,#3207);
#2249=VECTOR($,#8799,1.8);
#2250=VECTOR($,#8800,0.799999999999999);
#2251=VECTOR($,#8801,1.8);
#2252=VECTOR($,#8802,0.799999999999999);
#2253=VECTOR($,#8805,1.19999999999999);
#2254=VECTOR($,#8806,1.8);
#2255=VECTOR($,#8807,1.19999999999999);
#2256=VECTOR($,#8810,1.19999999999999);
#2257=VECTOR($,#8811,0.799999999999999);
#2258=VECTOR($,#8814,1.62);
#2259=VECTOR($,#8815,0.765000000000001);
#2260=VECTOR($,#8816,1.62);
#2261=VECTOR($,#8817,0.765000000000001);
#2262=VECTOR($,#8820,1.62);
#2263=VECTOR($,#8821,1.12999999999999);
#2264=VECTOR($,#8822,1.12999999999999);
#2265=VECTOR($,#8825,1.12999999999999);
#2266=VECTOR($,#8826,0.765000000000001);
#2267=VECTOR($,#8829,1.19999999999999);
#2268=VECTOR($,#8830,0.799999999999999);
#2269=VECTOR($,#8833,1.8);
#2270=VECTOR($,#8836,1.12999999999999);
#2271=VECTOR($,#8837,0.765000000000001);
#2272=VECTOR($,#8840,1.62);
#2273=VECTOR($,#8845,0.25);
#2274=VECTOR($,#8846,0.839999999999999);
#2275=VECTOR($,#8847,0.25);
#2276=VECTOR($,#8848,0.839999999999999);
#2277=VECTOR($,#8851,0.25);
#2278=VECTOR($,#8852,0.839999999999999);
#2279=VECTOR($,#8853,0.25);
#2280=VECTOR($,#8854,0.84);
#2281=VECTOR($,#8857,0.75);
#2282=VECTOR($,#8858,0.75);
#2283=VECTOR($,#8861,0.75);
#2284=VECTOR($,#8864,0.75);
#2285=VECTOR($,#8871,1.5);
#2286=VECTOR($,#8874,1.5);
#2287=VECTOR($,#8877,0.353246506735269);
#2288=VECTOR($,#8878,0.0299999999999984);
#2289=VECTOR($,#8879,0.37186533479473);
#2290=VECTOR($,#8880,0.648660254037846);
#2291=VECTOR($,#8881,0.0299999999999994);
#2292=VECTOR($,#8882,0.633493649053889);
#2293=VECTOR($,#8885,0.353246506735268);
#2294=VECTOR($,#8886,1.5);
#2295=VECTOR($,#8889,1.5);
#2296=VECTOR($,#8890,1.5);
#2297=VECTOR($,#8891,0.37186533479473);
#2298=VECTOR($,#8894,0.0299999999999948);
#2299=VECTOR($,#8897,0.648660254037846);
#2300=VECTOR($,#8898,1.5);
#2301=VECTOR($,#8901,1.5);
#2302=VECTOR($,#8902,0.0299999999999976);
#2303=VECTOR($,#8905,0.633493649053889);
#2304=VECTOR($,#8910,0.0200000000000014);
#2305=VECTOR($,#8911,0.0200000000000005);
#2306=VECTOR($,#8912,0.0200000000000014);
#2307=VECTOR($,#8913,0.0200000000000005);
#2308=VECTOR($,#8916,0.02);
#2309=VECTOR($,#8917,0.02);
#2310=VECTOR($,#8918,0.0200000000000005);
#2311=VECTOR($,#8921,0.02);
#2312=VECTOR($,#8922,0.0200000000000014);
#2313=VECTOR($,#8925,0.02);
#2314=VECTOR($,#8926,0.0200000000000005);
#2315=VECTOR($,#8929,0.0200000000000014);
#2316=VECTOR($,#8942,0.0199999999999996);
#2317=VECTOR($,#8943,0.0200000000000005);
#2318=VECTOR($,#8944,0.0199999999999996);
#2319=VECTOR($,#8945,0.0200000000000005);
#2320=VECTOR($,#8948,0.02);
#2321=VECTOR($,#8949,0.02);
#2322=VECTOR($,#8950,0.0200000000000005);
#2323=VECTOR($,#8953,0.02);
#2324=VECTOR($,#8954,0.0199999999999996);
#2325=VECTOR($,#8957,0.02);
#2326=VECTOR($,#8958,0.0200000000000005);
#2327=VECTOR($,#8961,0.0199999999999996);
#2328=VECTOR($,#8974,0.0199999999999996);
#2329=VECTOR($,#8975,0.0200000000000005);
#2330=VECTOR($,#8976,0.0199999999999996);
#2331=VECTOR($,#8977,0.0200000000000005);
#2332=VECTOR($,#8980,0.02);
#2333=VECTOR($,#8981,0.02);
#2334=VECTOR($,#8982,0.0200000000000005);
#2335=VECTOR($,#8985,0.02);
#2336=VECTOR($,#8986,0.0199999999999996);
#2337=VECTOR($,#8989,0.02);
#2338=VECTOR($,#8990,0.0200000000000005);
#2339=VECTOR($,#8993,0.0199999999999996);
#2340=VECTOR($,#9006,0.0200000000000014);
#2341=VECTOR($,#9007,0.0200000000000005);
#2342=VECTOR($,#9008,0.0200000000000014);
#2343=VECTOR($,#9009,0.0200000000000005);
#2344=VECTOR($,#9012,0.02);
#2345=VECTOR($,#9013,0.02);
#2346=VECTOR($,#9014,0.0200000000000005);
#2347=VECTOR($,#9017,0.02);
#2348=VECTOR($,#9018,0.0200000000000014);
#2349=VECTOR($,#9021,0.02);
#2350=VECTOR($,#9022,0.0200000000000005);
#2351=VECTOR($,#9025,0.0200000000000014);
#2352=VECTOR($,#9038,0.0199999999999996);
#2353=VECTOR($,#9039,0.0200000000000005);
#2354=VECTOR($,#9040,0.0199999999999996);
#2355=VECTOR($,#9041,0.0200000000000005);
#2356=VECTOR($,#9044,0.02);
#2357=VECTOR($,#9045,0.02);
#2358=VECTOR($,#9046,0.0200000000000005);
#2359=VECTOR($,#9049,0.02);
#2360=VECTOR($,#9050,0.0199999999999996);
#2361=VECTOR($,#9053,0.02);
#2362=VECTOR($,#9054,0.0200000000000005);
#2363=VECTOR($,#9057,0.0199999999999996);
#2364=VECTOR($,#9070,0.0200000000000014);
#2365=VECTOR($,#9071,0.0200000000000005);
#2366=VECTOR($,#9072,0.0200000000000014);
#2367=VECTOR($,#9073,0.0200000000000005);
#2368=VECTOR($,#9076,0.02);
#2369=VECTOR($,#9077,0.02);
#2370=VECTOR($,#9078,0.0200000000000005);
#2371=VECTOR($,#9081,0.02);
#2372=VECTOR($,#9082,0.0200000000000014);
#2373=VECTOR($,#9085,0.02);
#2374=VECTOR($,#9086,0.0200000000000005);
#2375=VECTOR($,#9089,0.0200000000000014);
#2376=VECTOR($,#9102,0.0999999999999996);
#2377=VECTOR($,#9103,0.15);
#2378=VECTOR($,#9104,0.0999999999999996);
#2379=VECTOR($,#9105,0.15);
#2380=VECTOR($,#9108,0.196977156035922);
#2381=VECTOR($,#9109,0.994999999999997);
#2382=VECTOR($,#9110,0.082006097334281);
#2383=VECTOR($,#9111,0.0781024967590681);
#2384=VECTOR($,#9112,0.849999999999996);
#2385=VECTOR($,#9115,1.19999999999999);
#2386=VECTOR($,#9116,1.19999999999999);
#2387=VECTOR($,#9117,0.0999999999999996);
#2388=VECTOR($,#9120,0.0500000000000007);
#2389=VECTOR($,#9121,0.0599999999999987);
#2390=VECTOR($,#9124,0.0559016994374938);
#2391=VECTOR($,#9125,0.119999999999998);
#2392=VECTOR($,#9128,0.0250000000000001);
#2393=VECTOR($,#9129,0.05);
#2394=VECTOR($,#9132,1.19999999999999);
#2395=VECTOR($,#9133,0.0999999999999996);
#2396=VECTOR($,#9134,1.19999999999999);
#2397=VECTOR($,#9135,0.0999999999999996);
#2398=VECTOR($,#9138,0.196977156035922);
#2399=VECTOR($,#9139,0.849999999999996);
#2400=VECTOR($,#9140,0.0781024967590681);
#2401=VECTOR($,#9141,0.0820060973342822);
#2402=VECTOR($,#9142,0.994999999999996);
#2403=VECTOR($,#9145,1.8);
#2404=VECTOR($,#9146,1.8);
#2405=VECTOR($,#9149,0.0250000000000001);
#2406=VECTOR($,#9150,0.15);
#2407=VECTOR($,#9151,1.74);
#2408=VECTOR($,#9152,0.119999999999999);
#2409=VECTOR($,#9155,1.5);
#2410=VECTOR($,#9158,0.0499999999999998);
#2411=VECTOR($,#9159,0.15);
#2412=VECTOR($,#9162,0.0500000000000007);
#2413=VECTOR($,#9163,0.0600000000000001);
#2414=VECTOR($,#9166,0.0999999999999996);
#2415=VECTOR($,#9169,0.0559016994374937);
#2416=VECTOR($,#9174,0.0199999999999996);
#2417=VECTOR($,#9175,1.5);
#2418=VECTOR($,#9176,0.0199999999999996);
#2419=VECTOR($,#9177,1.5);
#2420=VECTOR($,#9180,0.0199999999999996);
#2421=VECTOR($,#9181,1.5);
#2422=VECTOR($,#9182,0.0199999999999996);
#2423=VECTOR($,#9183,1.5);
#2424=VECTOR($,#9186,0.63);
#2425=VECTOR($,#9187,0.63);
#2426=VECTOR($,#9190,0.63);
#2427=VECTOR($,#9193,0.63);
#2428=VECTOR($,#9216,0.0999999999999999);
#2429=VECTOR($,#9217,1.5);
#2430=VECTOR($,#9218,0.0999999999999999);
#2431=VECTOR($,#9219,1.5);
#2432=VECTOR($,#9222,0.0199999999999996);
#2433=VECTOR($,#9223,1.5);
#2434=VECTOR($,#9224,0.0199999999999996);
#2435=VECTOR($,#9227,0.0199999999999996);
#2436=VECTOR($,#9228,0.0199999999999996);
#2437=VECTOR($,#9229,1.5);
#2438=VECTOR($,#9232,0.0999999999999999);
#2439=VECTOR($,#9235,0.0999999999999999);
#2440=VECTOR($,#9252,0.0499999999999998);
#2441=VECTOR($,#9253,0.0500000000000007);
#2442=VECTOR($,#9254,0.0559016994374937);
#2443=VECTOR($,#9255,0.0250000000000001);
#2444=VECTOR($,#9256,0.0999999999999996);
#2445=VECTOR($,#9259,0.0500000000000007);
#2446=VECTOR($,#9260,0.05);
#2447=VECTOR($,#9261,0.0999999999999996);
#2448=VECTOR($,#9262,0.0250000000000001);
#2449=VECTOR($,#9263,0.0559016994374938);
#2450=VECTOR($,#9266,1.5);
#2451=VECTOR($,#9267,1.5);
#2452=VECTOR($,#9270,1.5);
#2453=VECTOR($,#9273,1.5);
#2454=VECTOR($,#9276,1.5);
#2455=VECTOR($,#9281,0.04);
#2456=VECTOR($,#9282,0.84);
#2457=VECTOR($,#9283,0.04);
#2458=VECTOR($,#9284,0.84);
#2459=VECTOR($,#9287,0.04);
#2460=VECTOR($,#9288,0.84);
#2461=VECTOR($,#9289,0.04);
#2462=VECTOR($,#9290,0.84);
#2463=VECTOR($,#9293,0.16);
#2464=VECTOR($,#9294,0.1025);
#2465=VECTOR($,#9295,0.0399999999999991);
#2466=VECTOR($,#9296,0.7925);
#2467=VECTOR($,#9297,0.0399999999999991);
#2468=VECTOR($,#9298,0.65);
#2469=VECTOR($,#9299,0.16);
#2470=VECTOR($,#9302,0.16);
#2471=VECTOR($,#9303,0.65);
#2472=VECTOR($,#9304,0.0399999999999991);
#2473=VECTOR($,#9305,0.7925);
#2474=VECTOR($,#9306,0.0399999999999991);
#2475=VECTOR($,#9307,0.1025);
#2476=VECTOR($,#9308,0.16);
#2477=VECTOR($,#9311,0.370000000000001);
#2478=VECTOR($,#9312,0.1025);
#2479=VECTOR($,#9313,0.0399999999999991);
#2480=VECTOR($,#9314,0.7925);
#2481=VECTOR($,#9315,0.0399999999999991);
#2482=VECTOR($,#9316,0.65);
#2483=VECTOR($,#9317,0.370000000000001);
#2484=VECTOR($,#9320,0.04);
#2485=VECTOR($,#9321,0.84);
#2486=VECTOR($,#9322,0.04);
#2487=VECTOR($,#9323,0.84);
#2488=VECTOR($,#9326,0.04);
#2489=VECTOR($,#9327,0.84);
#2490=VECTOR($,#9328,0.04);
#2491=VECTOR($,#9329,0.84);
#2492=VECTOR($,#9332,0.16);
#2493=VECTOR($,#9333,0.1025);
#2494=VECTOR($,#9334,0.0399999999999991);
#2495=VECTOR($,#9335,0.7925);
#2496=VECTOR($,#9336,0.0399999999999991);
#2497=VECTOR($,#9337,0.65);
#2498=VECTOR($,#9338,0.16);
#2499=VECTOR($,#9341,0.16);
#2500=VECTOR($,#9342,0.65);
#2501=VECTOR($,#9343,0.0399999999999991);
#2502=VECTOR($,#9344,0.7925);
#2503=VECTOR($,#9345,0.0399999999999991);
#2504=VECTOR($,#9346,0.1025);
#2505=VECTOR($,#9347,0.16);
#2506=VECTOR($,#9350,0.0400000000000009);
#2507=VECTOR($,#9351,0.0400000000000009);
#2508=VECTOR($,#9352,0.1025);
#2509=VECTOR($,#9355,0.0400000000000009);
#2510=VECTOR($,#9356,0.1025);
#2511=VECTOR($,#9357,0.0400000000000009);
#2512=VECTOR($,#9360,0.0399999999999991);
#2513=VECTOR($,#9361,0.0400000000000009);
#2514=VECTOR($,#9364,0.0400000000000009);
#2515=VECTOR($,#9365,0.0399999999999991);
#2516=VECTOR($,#9368,0.0400000000000009);
#2517=VECTOR($,#9369,0.1025);
#2518=VECTOR($,#9370,0.0400000000000009);
#2519=VECTOR($,#9371,0.1025);
#2520=VECTOR($,#9374,0.0400000000000009);
#2521=VECTOR($,#9375,0.0400000000000009);
#2522=VECTOR($,#9378,0.0399999999999991);
#2523=VECTOR($,#9379,0.0399999999999991);
#2524=VECTOR($,#9380,0.0399999999999991);
#2525=VECTOR($,#9383,0.0399999999999991);
#2526=VECTOR($,#9386,0.65);
#2527=VECTOR($,#9387,0.57);
#2528=VECTOR($,#9388,0.65);
#2529=VECTOR($,#9389,0.57);
#2530=VECTOR($,#9390,0.835);
#2531=VECTOR($,#9391,0.57);
#2532=VECTOR($,#9392,0.835);
#2533=VECTOR($,#9393,0.649999999999999);
#2534=VECTOR($,#9396,0.370000000000001);
#2535=VECTOR($,#9397,0.65);
#2536=VECTOR($,#9398,0.0399999999999991);
#2537=VECTOR($,#9399,0.7925);
#2538=VECTOR($,#9400,0.370000000000001);
#2539=VECTOR($,#9403,0.04);
#2540=VECTOR($,#9404,0.65);
#2541=VECTOR($,#9405,0.04);
#2542=VECTOR($,#9406,0.65);
#2543=VECTOR($,#9409,0.04);
#2544=VECTOR($,#9410,0.04);
#2545=VECTOR($,#9411,0.65);
#2546=VECTOR($,#9414,0.04);
#2547=VECTOR($,#9415,0.65);
#2548=VECTOR($,#9416,0.04);
#2549=VECTOR($,#9419,0.04);
#2550=VECTOR($,#9420,0.04);
#2551=VECTOR($,#9423,0.04);
#2552=VECTOR($,#9424,0.04);
#2553=VECTOR($,#9427,0.04);
#2554=VECTOR($,#9428,0.04);
#2555=VECTOR($,#9431,0.370000000000001);
#2556=VECTOR($,#9432,0.7925);
#2557=VECTOR($,#9433,0.0399999999999991);
#2558=VECTOR($,#9434,0.370000000000001);
#2559=VECTOR($,#9437,0.839999999999999);
#2560=VECTOR($,#9438,0.0399999999999991);
#2561=VECTOR($,#9439,0.57);
#2562=VECTOR($,#9440,0.839999999999999);
#2563=VECTOR($,#9441,0.84);
#2564=VECTOR($,#9442,0.84);
#2565=VECTOR($,#9445,0.649999999999999);
#2566=VECTOR($,#9446,1.8);
#2567=VECTOR($,#9447,1.8);
#2568=VECTOR($,#9450,0.57);
#2569=VECTOR($,#9451,0.370000000000001);
#2570=VECTOR($,#9454,0.835);
#2571=VECTOR($,#9455,0.0400000000000009);
#2572=VECTOR($,#9456,0.7925);
#2573=VECTOR($,#9459,0.835);
#2574=VECTOR($,#9460,0.0399999999999991);
#2575=VECTOR($,#9461,0.1025);
#2576=VECTOR($,#9462,0.57);
#2577=VECTOR($,#9463,0.1025);
#2578=VECTOR($,#9464,0.0399999999999991);
#2579=VECTOR($,#9467,0.0400000000000009);
#2580=VECTOR($,#9470,0.0400000000000009);
#2581=VECTOR($,#9471,0.0399999999999991);
#2582=VECTOR($,#9474,0.0400000000000009);
#2583=VECTOR($,#9477,0.1025);
#2584=VECTOR($,#9478,0.370000000000001);
#2585=VECTOR($,#9481,0.0400000000000009);
#2586=VECTOR($,#9484,0.0400000000000009);
#2587=VECTOR($,#9489,0.66);
#2588=VECTOR($,#9490,0.12);
#2589=VECTOR($,#9491,0.66);
#2590=VECTOR($,#9492,0.12);
#2591=VECTOR($,#9495,0.66);
#2592=VECTOR($,#9496,0.12);
#2593=VECTOR($,#9497,0.66);
#2594=VECTOR($,#9498,0.12);
#2595=VECTOR($,#9501,0.01);
#2596=VECTOR($,#9502,0.01);
#2597=VECTOR($,#9505,0.01);
#2598=VECTOR($,#9508,0.01);
#2599=VECTOR($,#9513,0.01);
#2600=VECTOR($,#9514,0.66);
#2601=VECTOR($,#9515,0.01);
#2602=VECTOR($,#9516,0.66);
#2603=VECTOR($,#9519,0.12);
#2604=VECTOR($,#9520,0.01);
#2605=VECTOR($,#9521,0.12);
#2606=VECTOR($,#9524,0.66);
#2607=VECTOR($,#9525,0.01);
#2608=VECTOR($,#9526,0.66);
#2609=VECTOR($,#9529,0.12);
#2610=VECTOR($,#9530,0.12);
#2611=VECTOR($,#9547,0.0100000000000003);
#2612=VECTOR($,#9548,0.12);
#2613=VECTOR($,#9549,0.0100000000000003);
#2614=VECTOR($,#9550,0.12);
#2615=VECTOR($,#9553,0.08);
#2616=VECTOR($,#9554,0.0100000000000003);
#2617=VECTOR($,#9555,0.0799999999999997);
#2618=VECTOR($,#9558,0.12);
#2619=VECTOR($,#9559,0.0100000000000003);
#2620=VECTOR($,#9560,0.12);
#2621=VECTOR($,#9563,0.08);
#2622=VECTOR($,#9564,0.0799999999999997);
#2623=VECTOR($,#9581,0.00999999999999973);
#2624=VECTOR($,#9582,0.0800000000000001);
#2625=VECTOR($,#9583,0.00999999999999973);
#2626=VECTOR($,#9584,0.08);
#2627=VECTOR($,#9587,0.1);
#2628=VECTOR($,#9588,0.00999999999999973);
#2629=VECTOR($,#9589,0.1);
#2630=VECTOR($,#9592,0.0800000000000001);
#2631=VECTOR($,#9593,0.00999999999999973);
#2632=VECTOR($,#9594,0.08);
#2633=VECTOR($,#9597,0.1);
#2634=VECTOR($,#9598,0.1);
#2635=VECTOR($,#9615,0.010000000000001);
#2636=VECTOR($,#9616,0.00999999999999979);
#2637=VECTOR($,#9617,0.010000000000001);
#2638=VECTOR($,#9618,0.00999999999999979);
#2639=VECTOR($,#9621,0.00999999999999979);
#2640=VECTOR($,#9622,0.01);
#2641=VECTOR($,#9623,0.00999999999999979);
#2642=VECTOR($,#9624,0.01);
#2643=VECTOR($,#9627,0.00999999999999973);
#2644=VECTOR($,#9628,0.00999999999999973);
#2645=VECTOR($,#9631,0.00999999999999973);
#2646=VECTOR($,#9634,0.00999999999999973);
#2647=VECTOR($,#9639,0.010000000000001);
#2648=VECTOR($,#9640,0.00999999999999979);
#2649=VECTOR($,#9641,0.010000000000001);
#2650=VECTOR($,#9642,0.00999999999999979);
#2651=VECTOR($,#9645,0.00999999999999979);
#2652=VECTOR($,#9646,0.01);
#2653=VECTOR($,#9647,0.00999999999999979);
#2654=VECTOR($,#9648,0.01);
#2655=VECTOR($,#9651,0.00999999999999973);
#2656=VECTOR($,#9652,0.00999999999999973);
#2657=VECTOR($,#9655,0.00999999999999973);
#2658=VECTOR($,#9658,0.00999999999999973);
#2659=VECTOR($,#9663,0.00999999999999973);
#2660=VECTOR($,#9664,0.00999999999999979);
#2661=VECTOR($,#9665,0.00999999999999973);
#2662=VECTOR($,#9666,0.00999999999999979);
#2663=VECTOR($,#9669,0.0100000000000003);
#2664=VECTOR($,#9670,0.00999999999999973);
#2665=VECTOR($,#9671,0.01);
#2666=VECTOR($,#9674,0.00999999999999979);
#2667=VECTOR($,#9675,0.00999999999999973);
#2668=VECTOR($,#9676,0.00999999999999979);
#2669=VECTOR($,#9679,0.0100000000000003);
#2670=VECTOR($,#9680,0.01);
#2671=VECTOR($,#9687,0.00999999999999973);
#2672=VECTOR($,#9688,0.00999999999999979);
#2673=VECTOR($,#9689,0.00999999999999973);
#2674=VECTOR($,#9690,0.00999999999999979);
#2675=VECTOR($,#9693,0.010000000000001);
#2676=VECTOR($,#9694,0.00999999999999973);
#2677=VECTOR($,#9695,0.01);
#2678=VECTOR($,#9698,0.00999999999999979);
#2679=VECTOR($,#9699,0.00999999999999973);
#2680=VECTOR($,#9700,0.00999999999999979);
#2681=VECTOR($,#9703,0.010000000000001);
#2682=VECTOR($,#9704,0.01);
#2683=VECTOR($,#9711,0.0100000000000003);
#2684=VECTOR($,#9712,0.00999999999999979);
#2685=VECTOR($,#9713,0.0100000000000003);
#2686=VECTOR($,#9714,0.00999999999999979);
#2687=VECTOR($,#9717,0.00999999999999979);
#2688=VECTOR($,#9718,0.01);
#2689=VECTOR($,#9719,0.00999999999999979);
#2690=VECTOR($,#9720,0.01);
#2691=VECTOR($,#9723,0.00999999999999973);
#2692=VECTOR($,#9724,0.00999999999999973);
#2693=VECTOR($,#9727,0.00999999999999973);
#2694=VECTOR($,#9730,0.00999999999999973);
#2695=VECTOR($,#9735,0.0500000000000004);
#2696=VECTOR($,#9736,0.0150000000000008);
#2697=VECTOR($,#9737,0.0500000000000004);
#2698=VECTOR($,#9738,0.0150000000000008);
#2699=VECTOR($,#9741,0.0150000000000008);
#2700=VECTOR($,#9742,0.0499999999999999);
#2701=VECTOR($,#9743,0.0150000000000008);
#2702=VECTOR($,#9744,0.0499999999999999);
#2703=VECTOR($,#9747,0.00999999999999973);
#2704=VECTOR($,#9748,0.00999999999999973);
#2705=VECTOR($,#9751,0.00999999999999973);
#2706=VECTOR($,#9754,0.00999999999999973);
#2707=VECTOR($,#9759,0.00999999999999973);
#2708=VECTOR($,#9760,0.00999999999999979);
#2709=VECTOR($,#9761,0.00999999999999973);
#2710=VECTOR($,#9762,0.00999999999999979);
#2711=VECTOR($,#9765,0.0100000000000003);
#2712=VECTOR($,#9766,0.00999999999999973);
#2713=VECTOR($,#9767,0.01);
#2714=VECTOR($,#9770,0.00999999999999979);
#2715=VECTOR($,#9771,0.00999999999999973);
#2716=VECTOR($,#9772,0.00999999999999979);
#2717=VECTOR($,#9775,0.0100000000000003);
#2718=VECTOR($,#9776,0.01);
#2719=VECTOR($,#9783,0.00999999999999973);
#2720=VECTOR($,#9784,0.00999999999999979);
#2721=VECTOR($,#9785,0.00999999999999973);
#2722=VECTOR($,#9786,0.00999999999999979);
#2723=VECTOR($,#9789,0.0100000000000003);
#2724=VECTOR($,#9790,0.00999999999999973);
#2725=VECTOR($,#9791,0.01);
#2726=VECTOR($,#9794,0.00999999999999979);
#2727=VECTOR($,#9795,0.00999999999999973);
#2728=VECTOR($,#9796,0.00999999999999979);
#2729=VECTOR($,#9799,0.0100000000000003);
#2730=VECTOR($,#9800,0.01);
#2731=VECTOR($,#9807,0.014142135623731);
#2732=VECTOR($,#9808,0.02);
#2733=VECTOR($,#9809,0.0299999999999999);
#2734=VECTOR($,#9810,0.02);
#2735=VECTOR($,#9811,0.014142135623731);
#2736=VECTOR($,#9812,0.0099999999999999);
#2737=VECTOR($,#9815,0.02);
#2738=VECTOR($,#9816,0.0141421356237305);
#2739=VECTOR($,#9817,0.02);
#2740=VECTOR($,#9820,0.02);
#2741=VECTOR($,#9821,0.02);
#2742=VECTOR($,#9824,0.02);
#2743=VECTOR($,#9825,0.0299999999999986);
#2744=VECTOR($,#9828,0.02);
#2745=VECTOR($,#9829,0.0141421356237313);
#2746=VECTOR($,#9830,0.00999999999999916);
#2747=VECTOR($,#9833,0.02);
#2748=VECTOR($,#9834,0.02);
#2749=VECTOR($,#9841,0.0100000000000003);
#2750=VECTOR($,#9842,0.00999999999999979);
#2751=VECTOR($,#9843,0.0100000000000003);
#2752=VECTOR($,#9844,0.00999999999999979);
#2753=VECTOR($,#9847,0.00999999999999979);
#2754=VECTOR($,#9848,0.01);
#2755=VECTOR($,#9849,0.00999999999999979);
#2756=VECTOR($,#9850,0.01);
#2757=VECTOR($,#9853,0.00999999999999973);
#2758=VECTOR($,#9854,0.00999999999999973);
#2759=VECTOR($,#9857,0.00999999999999973);
#2760=VECTOR($,#9860,0.00999999999999973);
#2761=VECTOR($,#9865,0.014142135623731);
#2762=VECTOR($,#9866,0.02);
#2763=VECTOR($,#9867,0.0299999999999998);
#2764=VECTOR($,#9868,0.02);
#2765=VECTOR($,#9869,0.014142135623731);
#2766=VECTOR($,#9870,0.00999999999999979);
#2767=VECTOR($,#9873,0.02);
#2768=VECTOR($,#9874,0.02);
#2769=VECTOR($,#9875,0.02);
#2770=VECTOR($,#9878,0.02);
#2771=VECTOR($,#9879,0.0299999999999998);
#2772=VECTOR($,#9882,0.02);
#2773=VECTOR($,#9883,0.02);
#2774=VECTOR($,#9886,0.0141421356237313);
#2775=VECTOR($,#9887,0.02);
#2776=VECTOR($,#9890,0.0100000000000003);
#2777=VECTOR($,#9891,0.02);
#2778=VECTOR($,#9894,0.0141421356237305);
#2779=VECTOR($,#9899,0.00999999999999973);
#2780=VECTOR($,#9900,0.00999999999999979);
#2781=VECTOR($,#9901,0.00999999999999973);
#2782=VECTOR($,#9902,0.00999999999999979);
#2783=VECTOR($,#9905,0.0100000000000003);
#2784=VECTOR($,#9906,0.00999999999999973);
#2785=VECTOR($,#9907,0.01);
#2786=VECTOR($,#9910,0.00999999999999979);
#2787=VECTOR($,#9911,0.00999999999999973);
#2788=VECTOR($,#9912,0.00999999999999979);
#2789=VECTOR($,#9915,0.0100000000000003);
#2790=VECTOR($,#9916,0.01);
#2791=VECTOR($,#9933,0.00999999999999973);
#2792=VECTOR($,#9934,0.0350000000000008);
#2793=VECTOR($,#9935,0.00999999999999973);
#2794=VECTOR($,#9936,0.0350000000000008);
#2795=VECTOR($,#9939,0.0500000000000004);
#2796=VECTOR($,#9940,0.00999999999999973);
#2797=VECTOR($,#9941,0.0499999999999999);
#2798=VECTOR($,#9944,0.0350000000000008);
#2799=VECTOR($,#9945,0.00999999999999973);
#2800=VECTOR($,#9946,0.0350000000000008);
#2801=VECTOR($,#9949,0.0500000000000004);
#2802=VECTOR($,#9950,0.0499999999999999);
#2803=VECTOR($,#9967,0.00999999999999973);
#2804=VECTOR($,#9968,0.0200000000000002);
#2805=VECTOR($,#9969,0.00999999999999973);
#2806=VECTOR($,#9970,0.02);
#2807=VECTOR($,#9973,0.010000000000001);
#2808=VECTOR($,#9974,0.00999999999999973);
#2809=VECTOR($,#9975,0.01);
#2810=VECTOR($,#9978,0.0200000000000002);
#2811=VECTOR($,#9979,0.00999999999999973);
#2812=VECTOR($,#9980,0.02);
#2813=VECTOR($,#9983,0.010000000000001);
#2814=VECTOR($,#9984,0.01);
#2815=VECTOR($,#9991,0.0100000000000003);
#2816=VECTOR($,#9992,0.0200000000000002);
#2817=VECTOR($,#9993,0.0100000000000003);
#2818=VECTOR($,#9994,0.0200000000000002);
#2819=VECTOR($,#9997,0.02);
#2820=VECTOR($,#9998,0.01);
#2821=VECTOR($,#9999,0.02);
#2822=VECTOR($,#10000,0.01);
#2823=VECTOR($,#10003,0.00999999999999973);
#2824=VECTOR($,#10004,0.00999999999999973);
#2825=VECTOR($,#10007,0.00999999999999973);
#2826=VECTOR($,#10010,0.00999999999999973);
#2827=VECTOR($,#10025,0.045317541634482);
#2828=VECTOR($,#10026,0.0216622751216979);
#2829=VECTOR($,#10027,0.0300000000000011);
#2830=VECTOR($,#10028,0.0153175416344816);
#2831=VECTOR($,#10031,0.045317541634482);
#2832=VECTOR($,#10032,0.0153175416344815);
#2833=VECTOR($,#10033,0.0300000000000011);
#2834=VECTOR($,#10034,0.0216622751216978);
#2835=VECTOR($,#10039,0.0216622751216978);
#2836=VECTOR($,#10040,0.00500000000000001);
#2837=VECTOR($,#10043,0.045317541634482);
#2838=VECTOR($,#10044,0.0153175416344814);
#2839=VECTOR($,#10045,0.0300000000000011);
#2840=VECTOR($,#10050,0.00500000000000001);
#2841=VECTOR($,#10051,0.0216622751216978);
#2842=VECTOR($,#10054,0.045317541634482);
#2843=VECTOR($,#10055,0.0300000000000011);
#2844=VECTOR($,#10056,0.0153175416344814);
#2845=VECTOR($,#10059,0.00500000000000001);
#2846=VECTOR($,#10062,0.00500000000000001);
#2847=VECTOR($,#10069,0.045317541634482);
#2848=VECTOR($,#10072,0.045317541634482);
#2849=VECTOR($,#10077,0.045317541634482);
#2850=VECTOR($,#10080,0.045317541634482);
#2851=VECTOR($,#10085,0.0216622751216979);
#2852=VECTOR($,#10086,0.0300000000000011);
#2853=VECTOR($,#10087,0.0153175416344816);
#2854=VECTOR($,#10090,0.0153175416344814);
#2855=VECTOR($,#10091,0.0300000000000011);
#2856=VECTOR($,#10092,0.0216622751216978);
#2857=VECTOR($,#10095,0.0216622751216979);
#2858=VECTOR($,#10096,0.00500000000000001);
#2859=VECTOR($,#10099,0.0153175416344816);
#2860=VECTOR($,#10100,0.0300000000000011);
#2861=VECTOR($,#10103,0.00500000000000001);
#2862=VECTOR($,#10104,0.0216622751216978);
#2863=VECTOR($,#10107,0.0300000000000011);
#2864=VECTOR($,#10108,0.0153175416344814);
#2865=VECTOR($,#10111,0.00500000000000001);
#2866=VECTOR($,#10114,0.00500000000000001);
#2867=VECTOR($,#10121,0.00500000000000001);
#2868=VECTOR($,#10122,0.0300000000000011);
#2869=VECTOR($,#10123,0.00500000000000001);
#2870=VECTOR($,#10124,0.0300000000000011);
#2871=VECTOR($,#10127,0.00500000000000001);
#2872=VECTOR($,#10128,0.0300000000000011);
#2873=VECTOR($,#10129,0.00500000000000001);
#2874=VECTOR($,#10130,0.0300000000000011);
#2875=VECTOR($,#10133,0.045317541634482);
#2876=VECTOR($,#10134,0.0216622751216978);
#2877=VECTOR($,#10135,0.0153175416344814);
#2878=VECTOR($,#10140,0.0216622751216978);
#2879=VECTOR($,#10143,0.045317541634482);
#2880=VECTOR($,#10144,0.0153175416344816);
#2881=VECTOR($,#10145,0.0216622751216979);
#2882=VECTOR($,#10150,0.0216622751216979);
#2883=VECTOR($,#10153,0.045317541634482);
#2884=VECTOR($,#10154,0.0153175416344814);
#2885=VECTOR($,#10157,0.045317541634482);
#2886=VECTOR($,#10158,0.0153175416344816);
#2887=VECTOR($,#10163,0.045317541634482);
#2888=VECTOR($,#10166,0.045317541634482);
#2889=VECTOR($,#10171,0.045317541634482);
#2890=VECTOR($,#10174,0.045317541634482);
#2891=VECTOR($,#10181,0.00500000000000001);
#2892=VECTOR($,#10182,0.0300000000000011);
#2893=VECTOR($,#10183,0.00500000000000001);
#2894=VECTOR($,#10184,0.0300000000000011);
#2895=VECTOR($,#10187,0.00500000000000001);
#2896=VECTOR($,#10188,0.0300000000000011);
#2897=VECTOR($,#10189,0.00500000000000001);
#2898=VECTOR($,#10190,0.0300000000000011);
#2899=VECTOR($,#10193,0.0216622751216978);
#2900=VECTOR($,#10194,0.0153175416344814);
#2901=VECTOR($,#10197,0.0216622751216978);
#2902=VECTOR($,#10200,0.0153175416344814);
#2903=VECTOR($,#10201,0.0216622751216978);
#2904=VECTOR($,#10204,0.0216622751216979);
#2905=VECTOR($,#10207,0.0153175416344815);
#2906=VECTOR($,#10210,0.0153175416344816);
#2907=VECTOR($,#10221,0.00500000000000001);
#2908=VECTOR($,#10222,0.0300000000000011);
#2909=VECTOR($,#10223,0.00500000000000001);
#2910=VECTOR($,#10224,0.0300000000000011);
#2911=VECTOR($,#10227,0.00500000000000001);
#2912=VECTOR($,#10228,0.0300000000000011);
#2913=VECTOR($,#10229,0.00500000000000001);
#2914=VECTOR($,#10230,0.0300000000000011);
#2915=VECTOR($,#10233,0.045317541634482);
#2916=VECTOR($,#10234,0.0216622751216978);
#2917=VECTOR($,#10235,0.0153175416344814);
#2918=VECTOR($,#10240,0.0216622751216978);
#2919=VECTOR($,#10243,0.045317541634482);
#2920=VECTOR($,#10244,0.0153175416344816);
#2921=VECTOR($,#10245,0.0216622751216979);
#2922=VECTOR($,#10250,0.0216622751216979);
#2923=VECTOR($,#10253,0.045317541634482);
#2924=VECTOR($,#10254,0.0153175416344814);
#2925=VECTOR($,#10257,0.045317541634482);
#2926=VECTOR($,#10258,0.0153175416344816);
#2927=VECTOR($,#10261,0.045317541634482);
#2928=VECTOR($,#10264,0.045317541634482);
#2929=VECTOR($,#10269,0.045317541634482);
#2930=VECTOR($,#10272,0.045317541634482);
#2931=VECTOR($,#10279,0.00500000000000001);
#2932=VECTOR($,#10280,0.0300000000000011);
#2933=VECTOR($,#10281,0.00500000000000001);
#2934=VECTOR($,#10282,0.0300000000000011);
#2935=VECTOR($,#10285,0.00500000000000001);
#2936=VECTOR($,#10286,0.0300000000000011);
#2937=VECTOR($,#10287,0.00500000000000001);
#2938=VECTOR($,#10288,0.0300000000000011);
#2939=VECTOR($,#10291,0.0216622751216978);
#2940=VECTOR($,#10292,0.0153175416344814);
#2941=VECTOR($,#10295,0.0216622751216978);
#2942=VECTOR($,#10298,0.0153175416344814);
#2943=VECTOR($,#10299,0.0216622751216978);
#2944=VECTOR($,#10302,0.0216622751216979);
#2945=VECTOR($,#10305,0.0153175416344815);
#2946=VECTOR($,#10308,0.0153175416344816);
#2947=VECTOR($,#10343,0.014142135623731);
#2948=VECTOR($,#10344,0.02);
#2949=VECTOR($,#10345,0.0299999999999999);
#2950=VECTOR($,#10346,0.02);
#2951=VECTOR($,#10347,0.014142135623731);
#2952=VECTOR($,#10348,0.0099999999999999);
#2953=VECTOR($,#10351,0.02);
#2954=VECTOR($,#10352,0.014142135623731);
#2955=VECTOR($,#10353,0.02);
#2956=VECTOR($,#10356,0.02);
#2957=VECTOR($,#10357,0.02);
#2958=VECTOR($,#10360,0.02);
#2959=VECTOR($,#10361,0.0300000000000009);
#2960=VECTOR($,#10364,0.02);
#2961=VECTOR($,#10365,0.014142135623731);
#2962=VECTOR($,#10366,0.0100000000000003);
#2963=VECTOR($,#10369,0.02);
#2964=VECTOR($,#10370,0.02);
#2965=VECTOR($,#10377,0.02);
#2966=VECTOR($,#10378,0.01);
#2967=VECTOR($,#10379,0.02);
#2968=VECTOR($,#10380,0.01);
#2969=VECTOR($,#10383,0.0100000000000003);
#2970=VECTOR($,#10384,0.0100000000000003);
#2971=VECTOR($,#10385,0.0100000000000003);
#2972=VECTOR($,#10388,0.0100000000000003);
#2973=VECTOR($,#10389,0.02);
#2974=VECTOR($,#10392,0.0100000000000003);
#2975=VECTOR($,#10393,0.0100000000000003);
#2976=VECTOR($,#10396,0.02);
#2977=VECTOR($,#10401,0.00999999999999916);
#2978=VECTOR($,#10402,0.02);
#2979=VECTOR($,#10403,0.00999999999999916);
#2980=VECTOR($,#10404,0.02);
#2981=VECTOR($,#10407,0.02);
#2982=VECTOR($,#10408,0.01);
#2983=VECTOR($,#10409,0.02);
#2984=VECTOR($,#10410,0.01);
#2985=VECTOR($,#10413,0.00999999999999894);
#2986=VECTOR($,#10414,0.00999999999999757);
#2987=VECTOR($,#10417,0.00999999999999894);
#2988=VECTOR($,#10420,0.00999999999999757);
#2989=VECTOR($,#10425,0.0100000000000003);
#2990=VECTOR($,#10426,0.02);
#2991=VECTOR($,#10427,0.0100000000000003);
#2992=VECTOR($,#10428,0.02);
#2993=VECTOR($,#10431,0.01);
#2994=VECTOR($,#10432,0.00999999999999894);
#2995=VECTOR($,#10433,0.010000000000001);
#2996=VECTOR($,#10436,0.02);
#2997=VECTOR($,#10437,0.00999999999999894);
#2998=VECTOR($,#10438,0.02);
#2999=VECTOR($,#10441,0.01);
#3000=VECTOR($,#10442,0.010000000000001);
#3001=VECTOR($,#10469,0.08);
#3002=VECTOR($,#10470,0.1);
#3003=VECTOR($,#10471,0.08);
#3004=VECTOR($,#10472,0.1);
#3005=VECTOR($,#10475,0.1);
#3006=VECTOR($,#10476,0.0800000000000001);
#3007=VECTOR($,#10477,0.1);
#3008=VECTOR($,#10478,0.0800000000000001);
#3009=VECTOR($,#10481,0.00999999999999973);
#3010=VECTOR($,#10482,0.00999999999999973);
#3011=VECTOR($,#10485,0.00999999999999973);
#3012=VECTOR($,#10488,0.00999999999999973);
#3013=VECTOR($,#10513,0.0700000000000005);
#3014=VECTOR($,#10514,0.0699999999999999);
#3015=VECTOR($,#10515,0.0700000000000005);
#3016=VECTOR($,#10516,0.0699999999999999);
#3017=VECTOR($,#10519,0.0100000000000003);
#3018=VECTOR($,#10520,0.0700000000000001);
#3019=VECTOR($,#10521,0.0100000000000003);
#3020=VECTOR($,#10524,0.0100000000000003);
#3021=VECTOR($,#10525,0.07);
#3022=VECTOR($,#10528,0.0100000000000003);
#3023=VECTOR($,#10529,0.0700000000000001);
#3024=VECTOR($,#10532,0.07);
#3025=VECTOR($,#10539,0.0153175416344816);
#3026=VECTOR($,#10540,0.005);
#3027=VECTOR($,#10541,0.0153175416344816);
#3028=VECTOR($,#10544,0.0153175416344816);
#3029=VECTOR($,#10545,0.00500000000000001);
#3030=VECTOR($,#10546,0.0153175416344814);
#3031=VECTOR($,#10549,0.0153175416344814);
#3032=VECTOR($,#10550,0.005);
#3033=VECTOR($,#10551,0.0153175416344814);
#3034=VECTOR($,#10554,0.0153175416344814);
#3035=VECTOR($,#10555,0.00500000000000001);
#3036=VECTOR($,#10556,0.0153175416344815);
#3037=VECTOR($,#10559,0.005);
#3038=VECTOR($,#10560,0.0300000000000011);
#3039=VECTOR($,#10561,0.0300000000000011);
#3040=VECTOR($,#10564,0.005);
#3041=VECTOR($,#10565,0.0300000000000011);
#3042=VECTOR($,#10566,0.0300000000000011);
#3043=VECTOR($,#10569,0.045317541634482);
#3044=VECTOR($,#10570,0.0216622751216978);
#3045=VECTOR($,#10575,0.0216622751216978);
#3046=VECTOR($,#10578,0.045317541634482);
#3047=VECTOR($,#10579,0.0216622751216979);
#3048=VECTOR($,#10584,0.0216622751216979);
#3049=VECTOR($,#10587,0.045317541634482);
#3050=VECTOR($,#10590,0.045317541634482);
#3051=VECTOR($,#10595,0.045317541634482);
#3052=VECTOR($,#10598,0.045317541634482);
#3053=VECTOR($,#10599,0.045317541634482);
#3054=VECTOR($,#10602,0.045317541634482);
#3055=VECTOR($,#10605,0.00500000000000001);
#3056=VECTOR($,#10606,0.0300000000000011);
#3057=VECTOR($,#10607,0.0300000000000011);
#3058=VECTOR($,#10610,0.00500000000000001);
#3059=VECTOR($,#10611,0.0300000000000011);
#3060=VECTOR($,#10612,0.0300000000000011);
#3061=VECTOR($,#10615,0.0216622751216978);
#3062=VECTOR($,#10618,0.0216622751216978);
#3063=VECTOR($,#10621,0.0216622751216978);
#3064=VECTOR($,#10624,0.0216622751216979);
#3065=VECTOR($,#10633,0.045317541634482);
#3066=VECTOR($,#10634,0.0216622751216979);
#3067=VECTOR($,#10635,0.0300000000000011);
#3068=VECTOR($,#10636,0.0153175416344816);
#3069=VECTOR($,#10639,0.045317541634482);
#3070=VECTOR($,#10640,0.0153175416344815);
#3071=VECTOR($,#10641,0.0300000000000011);
#3072=VECTOR($,#10642,0.0216622751216978);
#3073=VECTOR($,#10647,0.0216622751216978);
#3074=VECTOR($,#10648,0.00500000000000001);
#3075=VECTOR($,#10651,0.045317541634482);
#3076=VECTOR($,#10652,0.0153175416344814);
#3077=VECTOR($,#10653,0.0300000000000011);
#3078=VECTOR($,#10658,0.00500000000000001);
#3079=VECTOR($,#10659,0.0216622751216978);
#3080=VECTOR($,#10662,0.045317541634482);
#3081=VECTOR($,#10663,0.0300000000000011);
#3082=VECTOR($,#10664,0.0153175416344814);
#3083=VECTOR($,#10667,0.00500000000000001);
#3084=VECTOR($,#10670,0.00500000000000001);
#3085=VECTOR($,#10677,0.045317541634482);
#3086=VECTOR($,#10680,0.045317541634482);
#3087=VECTOR($,#10685,0.045317541634482);
#3088=VECTOR($,#10688,0.045317541634482);
#3089=VECTOR($,#10693,0.0216622751216979);
#3090=VECTOR($,#10694,0.0300000000000011);
#3091=VECTOR($,#10695,0.0153175416344816);
#3092=VECTOR($,#10698,0.0153175416344814);
#3093=VECTOR($,#10699,0.0300000000000011);
#3094=VECTOR($,#10700,0.0216622751216978);
#3095=VECTOR($,#10703,0.0216622751216979);
#3096=VECTOR($,#10704,0.005);
#3097=VECTOR($,#10707,0.0153175416344816);
#3098=VECTOR($,#10708,0.0300000000000011);
#3099=VECTOR($,#10711,0.005);
#3100=VECTOR($,#10712,0.0216622751216978);
#3101=VECTOR($,#10715,0.0300000000000011);
#3102=VECTOR($,#10716,0.0153175416344814);
#3103=VECTOR($,#10719,0.005);
#3104=VECTOR($,#10722,0.005);
#3105=VECTOR($,#10729,0.0299999999999986);
#3106=VECTOR($,#10730,0.02);
#3107=VECTOR($,#10731,0.0141421356237315);
#3108=VECTOR($,#10732,0.00999999999999848);
#3109=VECTOR($,#10733,0.0141421356237302);
#3110=VECTOR($,#10734,0.02);
#3111=VECTOR($,#10737,0.0200000000000006);
#3112=VECTOR($,#10738,0.014142135623731);
#3113=VECTOR($,#10739,0.0200000000000006);
#3114=VECTOR($,#10742,0.02);
#3115=VECTOR($,#10743,0.00999999999999979);
#3116=VECTOR($,#10746,0.0200000000000006);
#3117=VECTOR($,#10747,0.014142135623731);
#3118=VECTOR($,#10750,0.02);
#3119=VECTOR($,#10751,0.0200000000000006);
#3120=VECTOR($,#10754,0.0200000000000006);
#3121=VECTOR($,#10755,0.02);
#3122=VECTOR($,#10758,0.0299999999999998);
#3123=VECTOR($,#10783,0.045);
#3124=VECTOR($,#10784,0.8);
#3125=VECTOR($,#10785,0.045);
#3126=VECTOR($,#10786,0.8);
#3127=VECTOR($,#10789,0.045);
#3128=VECTOR($,#10790,0.8);
#3129=VECTOR($,#10791,0.045);
#3130=VECTOR($,#10792,0.8);
#3131=VECTOR($,#10795,0.0239999999999974);
#3132=VECTOR($,#10796,0.0239999999999974);
#3133=VECTOR($,#10799,0.00300000000000011);
#3134=VECTOR($,#10800,0.05);
#3135=VECTOR($,#10801,0.0299999999999994);
#3136=VECTOR($,#10802,0.05);
#3137=VECTOR($,#10803,0.00300000000000189);
#3138=VECTOR($,#10806,0.00300000000000011);
#3139=VECTOR($,#10807,0.8);
#3140=VECTOR($,#10810,0.8);
#3141=VECTOR($,#10811,0.00300000000000189);
#3142=VECTOR($,#10814,0.8);
#3143=VECTOR($,#10815,0.05);
#3144=VECTOR($,#10818,0.05);
#3145=VECTOR($,#10819,0.8);
#3146=VECTOR($,#10822,0.0299999999999994);
#3147=VECTOR($,#10827,0.07);
#3148=VECTOR($,#10828,0.0700000000000001);
#3149=VECTOR($,#10829,0.07);
#3150=VECTOR($,#10830,0.0700000000000001);
#3151=VECTOR($,#10833,0.0699999999999999);
#3152=VECTOR($,#10834,0.0700000000000001);
#3153=VECTOR($,#10835,0.0699999999999999);
#3154=VECTOR($,#10836,0.0700000000000001);
#3155=VECTOR($,#10839,0.0299999999999994);
#3156=VECTOR($,#10840,0.0299999999999994);
#3157=VECTOR($,#10843,0.0299999999999994);
#3158=VECTOR($,#10846,0.0299999999999994);
#3159=VECTOR($,#10861,0.0433012701892225);
#3160=VECTOR($,#10862,1.4);
#3161=VECTOR($,#10863,0.0433012701892226);
#3162=VECTOR($,#10864,1.45);
#3163=VECTOR($,#10867,0.00999999999999623);
#3164=VECTOR($,#10868,1.4);
#3165=VECTOR($,#10869,0.00999999999999623);
#3166=VECTOR($,#10872,1.5);
#3167=VECTOR($,#10873,1.085);
#3168=VECTOR($,#10874,1.5);
#3169=VECTOR($,#10875,1.085);
#3170=VECTOR($,#10878,0.66);
#3171=VECTOR($,#10879,0.0353553390593279);
#3172=VECTOR($,#10880,0.685000000000001);
#3173=VECTOR($,#10883,0.66);
#3174=VECTOR($,#10884,0.00999999999999646);
#3175=VECTOR($,#10887,0.710000000000003);
#3176=VECTOR($,#10888,0.710000000000003);
#3177=VECTOR($,#10889,1.085);
#3178=VECTOR($,#10892,0.659999999999998);
#3179=VECTOR($,#10893,0.150000000000001);
#3180=VECTOR($,#10894,0.0799999999999983);
#3181=VECTOR($,#10895,1.7);
#3182=VECTOR($,#10896,0.0799999999999983);
#3183=VECTOR($,#10897,0.150000000000001);
#3184=VECTOR($,#10900,0.0150000000000001);
#3185=VECTOR($,#10901,1.7);
#3186=VECTOR($,#10902,0.0150000000000001);
#3187=VECTOR($,#10905,1.15);
#3188=VECTOR($,#10906,1.7);
#3189=VECTOR($,#10907,1.15);
#3190=VECTOR($,#10908,1.7);
#3191=VECTOR($,#10911,1.13499999999999);
#3192=VECTOR($,#10912,0.715);
#3193=VECTOR($,#10913,0.794999999999998);
#3194=VECTOR($,#10916,1.5);
#3195=VECTOR($,#10917,0.710000000000003);
#3196=VECTOR($,#10920,0.715);
#3197=VECTOR($,#10921,1.13499999999999);
#3198=VECTOR($,#10922,0.794999999999998);
#3199=VECTOR($,#10925,1.7);
#3200=VECTOR($,#10928,0.710000000000003);
#3201=VECTOR($,#10929,1.085);
#3202=VECTOR($,#10932,0.66);
#3203=VECTOR($,#10933,0.00999999999999623);
#3204=VECTOR($,#10936,0.685000000000001);
#3205=VECTOR($,#10937,0.0353553390593279);
#3206=VECTOR($,#10940,0.0250000000000004);
#3207=VECTOR($,#10941,0.0250000000000004);
#3208=VERTEX_POINT($,#10948);
#3209=VERTEX_POINT($,#10949);
#3210=VERTEX_POINT($,#10951);
#3211=VERTEX_POINT($,#10953);
#3212=VERTEX_POINT($,#10957);
#3213=VERTEX_POINT($,#10959);
#3214=VERTEX_POINT($,#10963);
#3215=VERTEX_POINT($,#10967);
#3216=VERTEX_POINT($,#10968);
#3217=VERTEX_POINT($,#10970);
#3218=VERTEX_POINT($,#10972);
#3219=VERTEX_POINT($,#10976);
#3220=VERTEX_POINT($,#10977);
#3221=VERTEX_POINT($,#10982);
#3222=VERTEX_POINT($,#10986);
#3223=VERTEX_POINT($,#10992);
#3224=VERTEX_POINT($,#10999);
#3225=VERTEX_POINT($,#11000);
#3226=VERTEX_POINT($,#11002);
#3227=VERTEX_POINT($,#11004);
#3228=VERTEX_POINT($,#11008);
#3229=VERTEX_POINT($,#11009);
#3230=VERTEX_POINT($,#11011);
#3231=VERTEX_POINT($,#11013);
#3232=VERTEX_POINT($,#11025);
#3233=VERTEX_POINT($,#11026);
#3234=VERTEX_POINT($,#11028);
#3235=VERTEX_POINT($,#11030);
#3236=VERTEX_POINT($,#11034);
#3237=VERTEX_POINT($,#11036);
#3238=VERTEX_POINT($,#11038);
#3239=VERTEX_POINT($,#11040);
#3240=VERTEX_POINT($,#11042);
#3241=VERTEX_POINT($,#11046);
#3242=VERTEX_POINT($,#11050);
#3243=VERTEX_POINT($,#11052);
#3244=VERTEX_POINT($,#11058);
#3245=VERTEX_POINT($,#11062);
#3246=VERTEX_POINT($,#11069);
#3247=VERTEX_POINT($,#11070);
#3248=VERTEX_POINT($,#11072);
#3249=VERTEX_POINT($,#11074);
#3250=VERTEX_POINT($,#11078);
#3251=VERTEX_POINT($,#11080);
#3252=VERTEX_POINT($,#11084);
#3253=VERTEX_POINT($,#11088);
#3254=VERTEX_POINT($,#11094);
#3255=VERTEX_POINT($,#11096);
#3256=VERTEX_POINT($,#11101);
#3257=VERTEX_POINT($,#11102);
#3258=VERTEX_POINT($,#11104);
#3259=VERTEX_POINT($,#11106);
#3260=VERTEX_POINT($,#11110);
#3261=VERTEX_POINT($,#11112);
#3262=VERTEX_POINT($,#11116);
#3263=VERTEX_POINT($,#11120);
#3264=VERTEX_POINT($,#11126);
#3265=VERTEX_POINT($,#11128);
#3266=VERTEX_POINT($,#11133);
#3267=VERTEX_POINT($,#11134);
#3268=VERTEX_POINT($,#11136);
#3269=VERTEX_POINT($,#11138);
#3270=VERTEX_POINT($,#11142);
#3271=VERTEX_POINT($,#11144);
#3272=VERTEX_POINT($,#11148);
#3273=VERTEX_POINT($,#11152);
#3274=VERTEX_POINT($,#11158);
#3275=VERTEX_POINT($,#11160);
#3276=VERTEX_POINT($,#11165);
#3277=VERTEX_POINT($,#11166);
#3278=VERTEX_POINT($,#11168);
#3279=VERTEX_POINT($,#11170);
#3280=VERTEX_POINT($,#11174);
#3281=VERTEX_POINT($,#11176);
#3282=VERTEX_POINT($,#11180);
#3283=VERTEX_POINT($,#11184);
#3284=VERTEX_POINT($,#11190);
#3285=VERTEX_POINT($,#11192);
#3286=VERTEX_POINT($,#11197);
#3287=VERTEX_POINT($,#11198);
#3288=VERTEX_POINT($,#11200);
#3289=VERTEX_POINT($,#11202);
#3290=VERTEX_POINT($,#11206);
#3291=VERTEX_POINT($,#11208);
#3292=VERTEX_POINT($,#11212);
#3293=VERTEX_POINT($,#11216);
#3294=VERTEX_POINT($,#11222);
#3295=VERTEX_POINT($,#11224);
#3296=VERTEX_POINT($,#11229);
#3297=VERTEX_POINT($,#11230);
#3298=VERTEX_POINT($,#11232);
#3299=VERTEX_POINT($,#11234);
#3300=VERTEX_POINT($,#11238);
#3301=VERTEX_POINT($,#11240);
#3302=VERTEX_POINT($,#11244);
#3303=VERTEX_POINT($,#11248);
#3304=VERTEX_POINT($,#11254);
#3305=VERTEX_POINT($,#11256);
#3306=VERTEX_POINT($,#11261);
#3307=VERTEX_POINT($,#11262);
#3308=VERTEX_POINT($,#11264);
#3309=VERTEX_POINT($,#11266);
#3310=VERTEX_POINT($,#11270);
#3311=VERTEX_POINT($,#11271);
#3312=VERTEX_POINT($,#11273);
#3313=VERTEX_POINT($,#11275);
#3314=VERTEX_POINT($,#11277);
#3315=VERTEX_POINT($,#11281);
#3316=VERTEX_POINT($,#11283);
#3317=VERTEX_POINT($,#11287);
#3318=VERTEX_POINT($,#11291);
#3319=VERTEX_POINT($,#11298);
#3320=VERTEX_POINT($,#11299);
#3321=VERTEX_POINT($,#11301);
#3322=VERTEX_POINT($,#11303);
#3323=VERTEX_POINT($,#11307);
#3324=VERTEX_POINT($,#11308);
#3325=VERTEX_POINT($,#11310);
#3326=VERTEX_POINT($,#11312);
#3327=VERTEX_POINT($,#11314);
#3328=VERTEX_POINT($,#11321);
#3329=VERTEX_POINT($,#11322);
#3330=VERTEX_POINT($,#11330);
#3331=VERTEX_POINT($,#11334);
#3332=VERTEX_POINT($,#11343);
#3333=VERTEX_POINT($,#11344);
#3334=VERTEX_POINT($,#11346);
#3335=VERTEX_POINT($,#11348);
#3336=VERTEX_POINT($,#11352);
#3337=VERTEX_POINT($,#11353);
#3338=VERTEX_POINT($,#11355);
#3339=VERTEX_POINT($,#11357);
#3340=VERTEX_POINT($,#11408);
#3341=VERTEX_POINT($,#11409);
#3342=VERTEX_POINT($,#11452);
#3343=VERTEX_POINT($,#11453);
#3344=VERTEX_POINT($,#11458);
#3345=VERTEX_POINT($,#11461);
#3346=VERTEX_POINT($,#11463);
#3347=VERTEX_POINT($,#11465);
#3348=VERTEX_POINT($,#11466);
#3349=VERTEX_POINT($,#11468);
#3350=VERTEX_POINT($,#11470);
#3351=VERTEX_POINT($,#11474);
#3352=VERTEX_POINT($,#11476);
#3353=VERTEX_POINT($,#11480);
#3354=VERTEX_POINT($,#11482);
#3355=VERTEX_POINT($,#11493);
#3356=VERTEX_POINT($,#11494);
#3357=VERTEX_POINT($,#11499);
#3358=VERTEX_POINT($,#11500);
#3359=VERTEX_POINT($,#11502);
#3360=VERTEX_POINT($,#11504);
#3361=VERTEX_POINT($,#11506);
#3362=VERTEX_POINT($,#11510);
#3363=VERTEX_POINT($,#11511);
#3364=VERTEX_POINT($,#11513);
#3365=VERTEX_POINT($,#11515);
#3366=VERTEX_POINT($,#11517);
#3367=VERTEX_POINT($,#11531);
#3368=VERTEX_POINT($,#11532);
#3369=VERTEX_POINT($,#11534);
#3370=VERTEX_POINT($,#11536);
#3371=VERTEX_POINT($,#11540);
#3372=VERTEX_POINT($,#11541);
#3373=VERTEX_POINT($,#11543);
#3374=VERTEX_POINT($,#11545);
#3375=VERTEX_POINT($,#11549);
#3376=VERTEX_POINT($,#11551);
#3377=VERTEX_POINT($,#11553);
#3378=VERTEX_POINT($,#11555);
#3379=VERTEX_POINT($,#11557);
#3380=VERTEX_POINT($,#11559);
#3381=VERTEX_POINT($,#11563);
#3382=VERTEX_POINT($,#11565);
#3383=VERTEX_POINT($,#11567);
#3384=VERTEX_POINT($,#11569);
#3385=VERTEX_POINT($,#11571);
#3386=VERTEX_POINT($,#11573);
#3387=VERTEX_POINT($,#11577);
#3388=VERTEX_POINT($,#11579);
#3389=VERTEX_POINT($,#11581);
#3390=VERTEX_POINT($,#11583);
#3391=VERTEX_POINT($,#11585);
#3392=VERTEX_POINT($,#11587);
#3393=VERTEX_POINT($,#11591);
#3394=VERTEX_POINT($,#11592);
#3395=VERTEX_POINT($,#11594);
#3396=VERTEX_POINT($,#11596);
#3397=VERTEX_POINT($,#11600);
#3398=VERTEX_POINT($,#11601);
#3399=VERTEX_POINT($,#11603);
#3400=VERTEX_POINT($,#11605);
#3401=VERTEX_POINT($,#11609);
#3402=VERTEX_POINT($,#11611);
#3403=VERTEX_POINT($,#11613);
#3404=VERTEX_POINT($,#11615);
#3405=VERTEX_POINT($,#11617);
#3406=VERTEX_POINT($,#11619);
#3407=VERTEX_POINT($,#11623);
#3408=VERTEX_POINT($,#11625);
#3409=VERTEX_POINT($,#11627);
#3410=VERTEX_POINT($,#11629);
#3411=VERTEX_POINT($,#11631);
#3412=VERTEX_POINT($,#11633);
#3413=VERTEX_POINT($,#11637);
#3414=VERTEX_POINT($,#11639);
#3415=VERTEX_POINT($,#11643);
#3416=VERTEX_POINT($,#11645);
#3417=VERTEX_POINT($,#11649);
#3418=VERTEX_POINT($,#11653);
#3419=VERTEX_POINT($,#11657);
#3420=VERTEX_POINT($,#11658);
#3421=VERTEX_POINT($,#11660);
#3422=VERTEX_POINT($,#11662);
#3423=VERTEX_POINT($,#11669);
#3424=VERTEX_POINT($,#11671);
#3425=VERTEX_POINT($,#11677);
#3426=VERTEX_POINT($,#11678);
#3427=VERTEX_POINT($,#11680);
#3428=VERTEX_POINT($,#11682);
#3429=VERTEX_POINT($,#11685);
#3430=VERTEX_POINT($,#11688);
#3431=VERTEX_POINT($,#11692);
#3432=VERTEX_POINT($,#11694);
#3433=VERTEX_POINT($,#11696);
#3434=VERTEX_POINT($,#11701);
#3435=VERTEX_POINT($,#11702);
#3436=VERTEX_POINT($,#11704);
#3437=VERTEX_POINT($,#11706);
#3438=VERTEX_POINT($,#11710);
#3439=VERTEX_POINT($,#11712);
#3440=VERTEX_POINT($,#11716);
#3441=VERTEX_POINT($,#11718);
#3442=VERTEX_POINT($,#11732);
#3443=VERTEX_POINT($,#11737);
#3444=VERTEX_POINT($,#11745);
#3445=VERTEX_POINT($,#11746);
#3446=VERTEX_POINT($,#11754);
#3447=VERTEX_POINT($,#11756);
#3448=VERTEX_POINT($,#11760);
#3449=VERTEX_POINT($,#11762);
#3450=VERTEX_POINT($,#11764);
#3451=VERTEX_POINT($,#11766);
#3452=VERTEX_POINT($,#11768);
#3453=VERTEX_POINT($,#11774);
#3454=VERTEX_POINT($,#11780);
#3455=VERTEX_POINT($,#11789);
#3456=VERTEX_POINT($,#11790);
#3457=VERTEX_POINT($,#11792);
#3458=VERTEX_POINT($,#11794);
#3459=VERTEX_POINT($,#11798);
#3460=VERTEX_POINT($,#11799);
#3461=VERTEX_POINT($,#11801);
#3462=VERTEX_POINT($,#11803);
#3463=VERTEX_POINT($,#11815);
#3464=VERTEX_POINT($,#11816);
#3465=VERTEX_POINT($,#11818);
#3466=VERTEX_POINT($,#11820);
#3467=VERTEX_POINT($,#11824);
#3468=VERTEX_POINT($,#11826);
#3469=VERTEX_POINT($,#11830);
#3470=VERTEX_POINT($,#11832);
#3471=VERTEX_POINT($,#11841);
#3472=VERTEX_POINT($,#11844);
#3473=VERTEX_POINT($,#11848);
#3474=VERTEX_POINT($,#11849);
#3475=VERTEX_POINT($,#11851);
#3476=VERTEX_POINT($,#11853);
#3477=VERTEX_POINT($,#11857);
#3478=VERTEX_POINT($,#11859);
#3479=VERTEX_POINT($,#11863);
#3480=VERTEX_POINT($,#11865);
#3481=VERTEX_POINT($,#11874);
#3482=VERTEX_POINT($,#11877);
#3483=VERTEX_POINT($,#11881);
#3484=VERTEX_POINT($,#11882);
#3485=VERTEX_POINT($,#11884);
#3486=VERTEX_POINT($,#11886);
#3487=VERTEX_POINT($,#11890);
#3488=VERTEX_POINT($,#11892);
#3489=VERTEX_POINT($,#11896);
#3490=VERTEX_POINT($,#11898);
#3491=VERTEX_POINT($,#11907);
#3492=VERTEX_POINT($,#11910);
#3493=VERTEX_POINT($,#11914);
#3494=VERTEX_POINT($,#11915);
#3495=VERTEX_POINT($,#11917);
#3496=VERTEX_POINT($,#11919);
#3497=VERTEX_POINT($,#11923);
#3498=VERTEX_POINT($,#11924);
#3499=VERTEX_POINT($,#11926);
#3500=VERTEX_POINT($,#11928);
#3501=VERTEX_POINT($,#11940);
#3502=VERTEX_POINT($,#11941);
#3503=VERTEX_POINT($,#11943);
#3504=VERTEX_POINT($,#11945);
#3505=VERTEX_POINT($,#11949);
#3506=VERTEX_POINT($,#11950);
#3507=VERTEX_POINT($,#11952);
#3508=VERTEX_POINT($,#11954);
#3509=VERTEX_POINT($,#11966);
#3510=VERTEX_POINT($,#11967);
#3511=VERTEX_POINT($,#11969);
#3512=VERTEX_POINT($,#11971);
#3513=VERTEX_POINT($,#11975);
#3514=VERTEX_POINT($,#11977);
#3515=VERTEX_POINT($,#11981);
#3516=VERTEX_POINT($,#11983);
#3517=VERTEX_POINT($,#11992);
#3518=VERTEX_POINT($,#11993);
#3519=VERTEX_POINT($,#11995);
#3520=VERTEX_POINT($,#11997);
#3521=VERTEX_POINT($,#12001);
#3522=VERTEX_POINT($,#12003);
#3523=VERTEX_POINT($,#12007);
#3524=VERTEX_POINT($,#12009);
#3525=VERTEX_POINT($,#12018);
#3526=VERTEX_POINT($,#12019);
#3527=VERTEX_POINT($,#12021);
#3528=VERTEX_POINT($,#12023);
#3529=VERTEX_POINT($,#12027);
#3530=VERTEX_POINT($,#12028);
#3531=VERTEX_POINT($,#12030);
#3532=VERTEX_POINT($,#12032);
#3533=VERTEX_POINT($,#12044);
#3534=VERTEX_POINT($,#12045);
#3535=VERTEX_POINT($,#12047);
#3536=VERTEX_POINT($,#12049);
#3537=VERTEX_POINT($,#12053);
#3538=VERTEX_POINT($,#12054);
#3539=VERTEX_POINT($,#12056);
#3540=VERTEX_POINT($,#12058);
#3541=VERTEX_POINT($,#12070);
#3542=VERTEX_POINT($,#12071);
#3543=VERTEX_POINT($,#12073);
#3544=VERTEX_POINT($,#12075);
#3545=VERTEX_POINT($,#12079);
#3546=VERTEX_POINT($,#12081);
#3547=VERTEX_POINT($,#12085);
#3548=VERTEX_POINT($,#12087);
#3549=VERTEX_POINT($,#12096);
#3550=VERTEX_POINT($,#12097);
#3551=VERTEX_POINT($,#12099);
#3552=VERTEX_POINT($,#12101);
#3553=VERTEX_POINT($,#12105);
#3554=VERTEX_POINT($,#12107);
#3555=VERTEX_POINT($,#12111);
#3556=VERTEX_POINT($,#12113);
#3557=VERTEX_POINT($,#12122);
#3558=VERTEX_POINT($,#12123);
#3559=VERTEX_POINT($,#12125);
#3560=VERTEX_POINT($,#12127);
#3561=VERTEX_POINT($,#12129);
#3562=VERTEX_POINT($,#12131);
#3563=VERTEX_POINT($,#12135);
#3564=VERTEX_POINT($,#12137);
#3565=VERTEX_POINT($,#12141);
#3566=VERTEX_POINT($,#12145);
#3567=VERTEX_POINT($,#12149);
#3568=VERTEX_POINT($,#12151);
#3569=VERTEX_POINT($,#12160);
#3570=VERTEX_POINT($,#12161);
#3571=VERTEX_POINT($,#12163);
#3572=VERTEX_POINT($,#12165);
#3573=VERTEX_POINT($,#12169);
#3574=VERTEX_POINT($,#12170);
#3575=VERTEX_POINT($,#12172);
#3576=VERTEX_POINT($,#12174);
#3577=VERTEX_POINT($,#12186);
#3578=VERTEX_POINT($,#12187);
#3579=VERTEX_POINT($,#12189);
#3580=VERTEX_POINT($,#12191);
#3581=VERTEX_POINT($,#12193);
#3582=VERTEX_POINT($,#12195);
#3583=VERTEX_POINT($,#12199);
#3584=VERTEX_POINT($,#12201);
#3585=VERTEX_POINT($,#12205);
#3586=VERTEX_POINT($,#12209);
#3587=VERTEX_POINT($,#12213);
#3588=VERTEX_POINT($,#12217);
#3589=VERTEX_POINT($,#12224);
#3590=VERTEX_POINT($,#12225);
#3591=VERTEX_POINT($,#12227);
#3592=VERTEX_POINT($,#12229);
#3593=VERTEX_POINT($,#12233);
#3594=VERTEX_POINT($,#12235);
#3595=VERTEX_POINT($,#12239);
#3596=VERTEX_POINT($,#12241);
#3597=VERTEX_POINT($,#12250);
#3598=VERTEX_POINT($,#12253);
#3599=VERTEX_POINT($,#12257);
#3600=VERTEX_POINT($,#12258);
#3601=VERTEX_POINT($,#12260);
#3602=VERTEX_POINT($,#12262);
#3603=VERTEX_POINT($,#12266);
#3604=VERTEX_POINT($,#12268);
#3605=VERTEX_POINT($,#12272);
#3606=VERTEX_POINT($,#12274);
#3607=VERTEX_POINT($,#12283);
#3608=VERTEX_POINT($,#12286);
#3609=VERTEX_POINT($,#12290);
#3610=VERTEX_POINT($,#12291);
#3611=VERTEX_POINT($,#12293);
#3612=VERTEX_POINT($,#12295);
#3613=VERTEX_POINT($,#12299);
#3614=VERTEX_POINT($,#12301);
#3615=VERTEX_POINT($,#12305);
#3616=VERTEX_POINT($,#12307);
#3617=VERTEX_POINT($,#12316);
#3618=VERTEX_POINT($,#12317);
#3619=VERTEX_POINT($,#12319);
#3620=VERTEX_POINT($,#12321);
#3621=VERTEX_POINT($,#12325);
#3622=VERTEX_POINT($,#12326);
#3623=VERTEX_POINT($,#12328);
#3624=VERTEX_POINT($,#12330);
#3625=VERTEX_POINT($,#12342);
#3626=VERTEX_POINT($,#12344);
#3627=VERTEX_POINT($,#12349);
#3628=VERTEX_POINT($,#12350);
#3629=VERTEX_POINT($,#12352);
#3630=VERTEX_POINT($,#12354);
#3631=VERTEX_POINT($,#12358);
#3632=VERTEX_POINT($,#12359);
#3633=VERTEX_POINT($,#12361);
#3634=VERTEX_POINT($,#12363);
#3635=VERTEX_POINT($,#12367);
#3636=VERTEX_POINT($,#12369);
#3637=VERTEX_POINT($,#12373);
#3638=VERTEX_POINT($,#12375);
#3639=VERTEX_POINT($,#12379);
#3640=VERTEX_POINT($,#12381);
#3641=VERTEX_POINT($,#12385);
#3642=VERTEX_POINT($,#12387);
#3643=VERTEX_POINT($,#12395);
#3644=VERTEX_POINT($,#12397);
#3645=VERTEX_POINT($,#12399);
#3646=VERTEX_POINT($,#12401);
#3647=VERTEX_POINT($,#12403);
#3648=VERTEX_POINT($,#12406);
#3649=VERTEX_POINT($,#12408);
#3650=VERTEX_POINT($,#12410);
#3651=VERTEX_POINT($,#12412);
#3652=VERTEX_POINT($,#12416);
#3653=VERTEX_POINT($,#12418);
#3654=VERTEX_POINT($,#12422);
#3655=VERTEX_POINT($,#12424);
#3656=VERTEX_POINT($,#12428);
#3657=VERTEX_POINT($,#12432);
#3658=VERTEX_POINT($,#12436);
#3659=VERTEX_POINT($,#12440);
#3660=VERTEX_POINT($,#12450);
#3661=VERTEX_POINT($,#12451);
#3662=VERTEX_POINT($,#12453);
#3663=VERTEX_POINT($,#12455);
#3664=VERTEX_POINT($,#12459);
#3665=VERTEX_POINT($,#12460);
#3666=VERTEX_POINT($,#12462);
#3667=VERTEX_POINT($,#12464);
#3668=VERTEX_POINT($,#12468);
#3669=VERTEX_POINT($,#12469);
#3670=VERTEX_POINT($,#12474);
#3671=VERTEX_POINT($,#12478);
#3672=VERTEX_POINT($,#12479);
#3673=VERTEX_POINT($,#12484);
#3674=VERTEX_POINT($,#12488);
#3675=VERTEX_POINT($,#12492);
#3676=VERTEX_POINT($,#12496);
#3677=VERTEX_POINT($,#12498);
#3678=VERTEX_POINT($,#12499);
#3679=VERTEX_POINT($,#12501);
#3680=VERTEX_POINT($,#12503);
#3681=VERTEX_POINT($,#12506);
#3682=VERTEX_POINT($,#12508);
#3683=VERTEX_POINT($,#12510);
#3684=VERTEX_POINT($,#12512);
#3685=VERTEX_POINT($,#12517);
#3686=VERTEX_POINT($,#12518);
#3687=VERTEX_POINT($,#12520);
#3688=VERTEX_POINT($,#12522);
#3689=VERTEX_POINT($,#12526);
#3690=VERTEX_POINT($,#12527);
#3691=VERTEX_POINT($,#12529);
#3692=VERTEX_POINT($,#12531);
#3693=VERTEX_POINT($,#12551);
#3694=VERTEX_POINT($,#12554);
#3695=VERTEX_POINT($,#12555);
#3696=VERTEX_POINT($,#12557);
#3697=VERTEX_POINT($,#12559);
#3698=VERTEX_POINT($,#12563);
#3699=VERTEX_POINT($,#12564);
#3700=VERTEX_POINT($,#12566);
#3701=VERTEX_POINT($,#12568);
#3702=VERTEX_POINT($,#12572);
#3703=VERTEX_POINT($,#12573);
#3704=VERTEX_POINT($,#12578);
#3705=VERTEX_POINT($,#12582);
#3706=VERTEX_POINT($,#12583);
#3707=VERTEX_POINT($,#12588);
#3708=VERTEX_POINT($,#12592);
#3709=VERTEX_POINT($,#12596);
#3710=VERTEX_POINT($,#12600);
#3711=VERTEX_POINT($,#12601);
#3712=VERTEX_POINT($,#12603);
#3713=VERTEX_POINT($,#12605);
#3714=VERTEX_POINT($,#12608);
#3715=VERTEX_POINT($,#12610);
#3716=VERTEX_POINT($,#12612);
#3717=VERTEX_POINT($,#12614);
#3718=VERTEX_POINT($,#12619);
#3719=VERTEX_POINT($,#12620);
#3720=VERTEX_POINT($,#12622);
#3721=VERTEX_POINT($,#12624);
#3722=VERTEX_POINT($,#12628);
#3723=VERTEX_POINT($,#12629);
#3724=VERTEX_POINT($,#12631);
#3725=VERTEX_POINT($,#12633);
#3726=VERTEX_POINT($,#12652);
#3727=VERTEX_POINT($,#12655);
#3728=VERTEX_POINT($,#12659);
#3729=VERTEX_POINT($,#12662);
#3730=VERTEX_POINT($,#12666);
#3731=VERTEX_POINT($,#12669);
#3732=VERTEX_POINT($,#12673);
#3733=VERTEX_POINT($,#12674);
#3734=VERTEX_POINT($,#12676);
#3735=VERTEX_POINT($,#12678);
#3736=VERTEX_POINT($,#12680);
#3737=VERTEX_POINT($,#12682);
#3738=VERTEX_POINT($,#12686);
#3739=VERTEX_POINT($,#12688);
#3740=VERTEX_POINT($,#12692);
#3741=VERTEX_POINT($,#12696);
#3742=VERTEX_POINT($,#12700);
#3743=VERTEX_POINT($,#12702);
#3744=VERTEX_POINT($,#12711);
#3745=VERTEX_POINT($,#12712);
#3746=VERTEX_POINT($,#12714);
#3747=VERTEX_POINT($,#12716);
#3748=VERTEX_POINT($,#12720);
#3749=VERTEX_POINT($,#12722);
#3750=VERTEX_POINT($,#12726);
#3751=VERTEX_POINT($,#12730);
#3752=VERTEX_POINT($,#12737);
#3753=VERTEX_POINT($,#12738);
#3754=VERTEX_POINT($,#12740);
#3755=VERTEX_POINT($,#12742);
#3756=VERTEX_POINT($,#12746);
#3757=VERTEX_POINT($,#12747);
#3758=VERTEX_POINT($,#12749);
#3759=VERTEX_POINT($,#12751);
#3760=VERTEX_POINT($,#12763);
#3761=VERTEX_POINT($,#12764);
#3762=VERTEX_POINT($,#12766);
#3763=VERTEX_POINT($,#12768);
#3764=VERTEX_POINT($,#12772);
#3765=VERTEX_POINT($,#12774);
#3766=VERTEX_POINT($,#12778);
#3767=VERTEX_POINT($,#12780);
#3768=VERTEX_POINT($,#12789);
#3769=VERTEX_POINT($,#12791);
#3770=VERTEX_POINT($,#12796);
#3771=VERTEX_POINT($,#12798);
#3772=VERTEX_POINT($,#12803);
#3773=VERTEX_POINT($,#12804);
#3774=VERTEX_POINT($,#12806);
#3775=VERTEX_POINT($,#12808);
#3776=VERTEX_POINT($,#12812);
#3777=VERTEX_POINT($,#12813);
#3778=VERTEX_POINT($,#12815);
#3779=VERTEX_POINT($,#12817);
#3780=VERTEX_POINT($,#12829);
#3781=VERTEX_POINT($,#12832);
#3782=VERTEX_POINT($,#12836);
#3783=VERTEX_POINT($,#12839);
#3784=VERTEX_POINT($,#12843);
#3785=VERTEX_POINT($,#12844);
#3786=VERTEX_POINT($,#12846);
#3787=VERTEX_POINT($,#12848);
#3788=VERTEX_POINT($,#12852);
#3789=VERTEX_POINT($,#12854);
#3790=VERTEX_POINT($,#12858);
#3791=VERTEX_POINT($,#12862);
#3792=VERTEX_POINT($,#12869);
#3793=VERTEX_POINT($,#12870);
#3794=VERTEX_POINT($,#12872);
#3795=VERTEX_POINT($,#12874);
#3796=VERTEX_POINT($,#12876);
#3797=VERTEX_POINT($,#12878);
#3798=VERTEX_POINT($,#12880);
#3799=VERTEX_POINT($,#12882);
#3800=VERTEX_POINT($,#12884);
#3801=VERTEX_POINT($,#12886);
#3802=VERTEX_POINT($,#12888);
#3803=VERTEX_POINT($,#12890);
#3804=VERTEX_POINT($,#12892);
#3805=VERTEX_POINT($,#12894);
#3806=VERTEX_POINT($,#12896);
#3807=VERTEX_POINT($,#12898);
#3808=VERTEX_POINT($,#12902);
#3809=VERTEX_POINT($,#12903);
#3810=VERTEX_POINT($,#12908);
#3811=VERTEX_POINT($,#12909);
#3812=VERTEX_POINT($,#12914);
#3813=VERTEX_POINT($,#12918);
#3814=VERTEX_POINT($,#12922);
#3815=VERTEX_POINT($,#12926);
#3816=VERTEX_POINT($,#12934);
#3817=VERTEX_POINT($,#12936);
#3818=VERTEX_POINT($,#12938);
#3819=VERTEX_POINT($,#12941);
#3820=VERTEX_POINT($,#12943);
#3821=VERTEX_POINT($,#12947);
#3822=VERTEX_POINT($,#12948);
#3823=VERTEX_POINT($,#12953);
#3824=VERTEX_POINT($,#12954);
#3825=VERTEX_POINT($,#12970);
#3826=VERTEX_POINT($,#12971);
#3827=VERTEX_POINT($,#12973);
#3828=VERTEX_POINT($,#12975);
#3829=VERTEX_POINT($,#12979);
#3830=VERTEX_POINT($,#12980);
#3831=VERTEX_POINT($,#12982);
#3832=VERTEX_POINT($,#12984);
#3833=VERTEX_POINT($,#12988);
#3834=VERTEX_POINT($,#12990);
#3835=VERTEX_POINT($,#12994);
#3836=VERTEX_POINT($,#12996);
#3837=VERTEX_POINT($,#13000);
#3838=VERTEX_POINT($,#13002);
#3839=VERTEX_POINT($,#13006);
#3840=VERTEX_POINT($,#13008);
#3841=VERTEX_POINT($,#13016);
#3842=VERTEX_POINT($,#13018);
#3843=VERTEX_POINT($,#13020);
#3844=VERTEX_POINT($,#13022);
#3845=VERTEX_POINT($,#13024);
#3846=VERTEX_POINT($,#13027);
#3847=VERTEX_POINT($,#13029);
#3848=VERTEX_POINT($,#13031);
#3849=VERTEX_POINT($,#13033);
#3850=VERTEX_POINT($,#13037);
#3851=VERTEX_POINT($,#13039);
#3852=VERTEX_POINT($,#13043);
#3853=VERTEX_POINT($,#13045);
#3854=VERTEX_POINT($,#13049);
#3855=VERTEX_POINT($,#13053);
#3856=VERTEX_POINT($,#13057);
#3857=VERTEX_POINT($,#13061);
#3858=VERTEX_POINT($,#13071);
#3859=VERTEX_POINT($,#13072);
#3860=VERTEX_POINT($,#13074);
#3861=VERTEX_POINT($,#13076);
#3862=VERTEX_POINT($,#13078);
#3863=VERTEX_POINT($,#13080);
#3864=VERTEX_POINT($,#13084);
#3865=VERTEX_POINT($,#13086);
#3866=VERTEX_POINT($,#13090);
#3867=VERTEX_POINT($,#13094);
#3868=VERTEX_POINT($,#13098);
#3869=VERTEX_POINT($,#13102);
#3870=VERTEX_POINT($,#13109);
#3871=VERTEX_POINT($,#13112);
#3872=VERTEX_POINT($,#13116);
#3873=VERTEX_POINT($,#13119);
#3874=VERTEX_POINT($,#13123);
#3875=VERTEX_POINT($,#13124);
#3876=VERTEX_POINT($,#13126);
#3877=VERTEX_POINT($,#13128);
#3878=VERTEX_POINT($,#13132);
#3879=VERTEX_POINT($,#13133);
#3880=VERTEX_POINT($,#13135);
#3881=VERTEX_POINT($,#13137);
#3882=VERTEX_POINT($,#13144);
#3883=VERTEX_POINT($,#13146);
#3884=VERTEX_POINT($,#13148);
#3885=VERTEX_POINT($,#13150);
#3886=VERTEX_POINT($,#13154);
#3887=VERTEX_POINT($,#13158);
#3888=VERTEX_POINT($,#13162);
#3889=VERTEX_POINT($,#13166);
#3890=VERTEX_POINT($,#13173);
#3891=VERTEX_POINT($,#13174);
#3892=VERTEX_POINT($,#13176);
#3893=VERTEX_POINT($,#13178);
#3894=VERTEX_POINT($,#13182);
#3895=VERTEX_POINT($,#13183);
#3896=VERTEX_POINT($,#13185);
#3897=VERTEX_POINT($,#13187);
#3898=VERTEX_POINT($,#13199);
#3899=VERTEX_POINT($,#13201);
#3900=VERTEX_POINT($,#13206);
#3901=VERTEX_POINT($,#13207);
#3902=VERTEX_POINT($,#13209);
#3903=VERTEX_POINT($,#13211);
#3904=VERTEX_POINT($,#13215);
#3905=VERTEX_POINT($,#13217);
#3906=VERTEX_POINT($,#13221);
#3907=VERTEX_POINT($,#13222);
#3908=VERTEX_POINT($,#13224);
#3909=VERTEX_POINT($,#13226);
#3910=VERTEX_POINT($,#13230);
#3911=VERTEX_POINT($,#13232);
#3912=VERTEX_POINT($,#13236);
#3913=VERTEX_POINT($,#13240);
#3914=VERTEX_POINT($,#13242);
#3915=VERTEX_POINT($,#13246);
#3916=VERTEX_POINT($,#13248);
#3917=VERTEX_POINT($,#13250);
#3918=VERTEX_POINT($,#13252);
#3919=VERTEX_POINT($,#13254);
#3920=VERTEX_POINT($,#13258);
#3921=VERTEX_POINT($,#13260);
#3922=VERTEX_POINT($,#13264);
#3923=VERTEX_POINT($,#13265);
#3924=VERTEX_POINT($,#13267);
#3925=VERTEX_POINT($,#13269);
#3926=VERTEX_POINT($,#13273);
#3927=VERTEX_POINT($,#13278);
#3928=VERTEX_POINT($,#13282);
#3929=VERTEX_POINT($,#13289);
#3930=VERTEX_POINT($,#13293);
#3931=VERTEX_POINT($,#13297);
#3932=EDGE_CURVE($,#3208,#3209,#1290,.T.);
#3933=EDGE_CURVE($,#3210,#3208,#1291,.T.);
#3934=EDGE_CURVE($,#3210,#3211,#1292,.T.);
#3935=EDGE_CURVE($,#3209,#3211,#1293,.T.);
#3936=EDGE_CURVE($,#3210,#3212,#1294,.T.);
#3937=EDGE_CURVE($,#3213,#3212,#1295,.F.);
#3938=EDGE_CURVE($,#3211,#3213,#1296,.F.);
#3939=EDGE_CURVE($,#3214,#3208,#1297,.T.);
#3940=EDGE_CURVE($,#3212,#3214,#1298,.T.);
#3941=EDGE_CURVE($,#3215,#3216,#1299,.T.);
#3942=EDGE_CURVE($,#3217,#3215,#1300,.F.);
#3943=EDGE_CURVE($,#3218,#3217,#1301,.T.);
#3944=EDGE_CURVE($,#3216,#3218,#1302,.F.);
#3945=EDGE_CURVE($,#3219,#3220,#1303,.T.);
#3946=EDGE_CURVE($,#3220,#3218,#1304,.T.);
#3947=EDGE_CURVE($,#3219,#3217,#1305,.F.);
#3948=EDGE_CURVE($,#3221,#3215,#1306,.T.);
#3949=EDGE_CURVE($,#3219,#3221,#1307,.F.);
#3950=EDGE_CURVE($,#3209,#3222,#1308,.T.);
#3951=EDGE_CURVE($,#3222,#3213,#1309,.T.);
#3952=EDGE_CURVE($,#3222,#3214,#1310,.T.);
#3953=EDGE_CURVE($,#3216,#3223,#1311,.T.);
#3954=EDGE_CURVE($,#3223,#3220,#1312,.F.);
#3955=EDGE_CURVE($,#3223,#3221,#1313,.F.);
#3956=EDGE_CURVE($,#3224,#3225,#1314,.F.);
#3957=EDGE_CURVE($,#3225,#3226,#1315,.F.);
#3958=EDGE_CURVE($,#3226,#3227,#1316,.F.);
#3959=EDGE_CURVE($,#3227,#3224,#1317,.T.);
#3960=EDGE_CURVE($,#3228,#3229,#1318,.T.);
#3961=EDGE_CURVE($,#3229,#3230,#1319,.F.);
#3962=EDGE_CURVE($,#3230,#3231,#1320,.T.);
#3963=EDGE_CURVE($,#3231,#3228,#1321,.T.);
#3964=EDGE_CURVE($,#3227,#3230,#1322,.T.);
#3965=EDGE_CURVE($,#3224,#3229,#1323,.F.);
#3966=EDGE_CURVE($,#3226,#3231,#1324,.T.);
#3967=EDGE_CURVE($,#3225,#3228,#1325,.T.);
#3968=EDGE_CURVE($,#3232,#3233,#36,.T.);
#3969=EDGE_CURVE($,#3233,#3234,#1326,.T.);
#3970=EDGE_CURVE($,#3234,#3235,#37,.T.);
#3971=EDGE_CURVE($,#3232,#3235,#1327,.T.);
#3972=EDGE_CURVE($,#3236,#3234,#1328,.F.);
#3973=EDGE_CURVE($,#3237,#3236,#1329,.T.);
#3974=EDGE_CURVE($,#3237,#3238,#1330,.F.);
#3975=EDGE_CURVE($,#3238,#3239,#1331,.F.);
#3976=EDGE_CURVE($,#3240,#3239,#1332,.T.);
#3977=EDGE_CURVE($,#3235,#3240,#1333,.F.);
#3978=EDGE_CURVE($,#3241,#3233,#1334,.F.);
#3979=EDGE_CURVE($,#3236,#3241,#1335,.T.);
#3980=EDGE_CURVE($,#3238,#3242,#1336,.T.);
#3981=EDGE_CURVE($,#3243,#3237,#1337,.F.);
#3982=EDGE_CURVE($,#3243,#3242,#1338,.T.);
#3983=EDGE_CURVE($,#3241,#3243,#1339,.T.);
#3984=EDGE_CURVE($,#3242,#3244,#1340,.T.);
#3985=EDGE_CURVE($,#3239,#3244,#1341,.T.);
#3986=EDGE_CURVE($,#3245,#3240,#1342,.T.);
#3987=EDGE_CURVE($,#3244,#3245,#1343,.T.);
#3988=EDGE_CURVE($,#3232,#3245,#1344,.F.);
#3989=EDGE_CURVE($,#3246,#3247,#1345,.T.);
#3990=EDGE_CURVE($,#3247,#3248,#1346,.T.);
#3991=EDGE_CURVE($,#3248,#3249,#1347,.T.);
#3992=EDGE_CURVE($,#3249,#3246,#1348,.T.);
#3993=EDGE_CURVE($,#3250,#3248,#1349,.T.);
#3994=EDGE_CURVE($,#3251,#3247,#1350,.T.);
#3995=EDGE_CURVE($,#3250,#3251,#1351,.T.);
#3996=EDGE_CURVE($,#3252,#3249,#1352,.T.);
#3997=EDGE_CURVE($,#3252,#3250,#1353,.T.);
#3998=EDGE_CURVE($,#3253,#3246,#1354,.T.);
#3999=EDGE_CURVE($,#3253,#3252,#1355,.T.);
#4000=EDGE_CURVE($,#3251,#3253,#1356,.T.);
#4001=EDGE_CURVE($,#3254,#3254,#38,.T.);
#4002=EDGE_CURVE($,#3255,#3255,#39,.T.);
#4003=EDGE_CURVE($,#3256,#3257,#1357,.T.);
#4004=EDGE_CURVE($,#3257,#3258,#1358,.T.);
#4005=EDGE_CURVE($,#3258,#3259,#1359,.T.);
#4006=EDGE_CURVE($,#3259,#3256,#1360,.T.);
#4007=EDGE_CURVE($,#3260,#3258,#1361,.T.);
#4008=EDGE_CURVE($,#3261,#3257,#1362,.T.);
#4009=EDGE_CURVE($,#3260,#3261,#1363,.T.);
#4010=EDGE_CURVE($,#3262,#3259,#1364,.T.);
#4011=EDGE_CURVE($,#3262,#3260,#1365,.T.);
#4012=EDGE_CURVE($,#3263,#3256,#1366,.T.);
#4013=EDGE_CURVE($,#3263,#3262,#1367,.T.);
#4014=EDGE_CURVE($,#3261,#3263,#1368,.T.);
#4015=EDGE_CURVE($,#3264,#3264,#40,.T.);
#4016=EDGE_CURVE($,#3265,#3265,#41,.T.);
#4017=EDGE_CURVE($,#3266,#3267,#1369,.T.);
#4018=EDGE_CURVE($,#3267,#3268,#1370,.T.);
#4019=EDGE_CURVE($,#3268,#3269,#1371,.T.);
#4020=EDGE_CURVE($,#3269,#3266,#1372,.T.);
#4021=EDGE_CURVE($,#3270,#3268,#1373,.T.);
#4022=EDGE_CURVE($,#3271,#3267,#1374,.T.);
#4023=EDGE_CURVE($,#3270,#3271,#1375,.T.);
#4024=EDGE_CURVE($,#3272,#3269,#1376,.T.);
#4025=EDGE_CURVE($,#3272,#3270,#1377,.T.);
#4026=EDGE_CURVE($,#3273,#3266,#1378,.T.);
#4027=EDGE_CURVE($,#3273,#3272,#1379,.T.);
#4028=EDGE_CURVE($,#3271,#3273,#1380,.T.);
#4029=EDGE_CURVE($,#3274,#3274,#42,.T.);
#4030=EDGE_CURVE($,#3275,#3275,#43,.T.);
#4031=EDGE_CURVE($,#3276,#3277,#1381,.T.);
#4032=EDGE_CURVE($,#3277,#3278,#1382,.T.);
#4033=EDGE_CURVE($,#3278,#3279,#1383,.T.);
#4034=EDGE_CURVE($,#3279,#3276,#1384,.T.);
#4035=EDGE_CURVE($,#3280,#3278,#1385,.T.);
#4036=EDGE_CURVE($,#3281,#3277,#1386,.T.);
#4037=EDGE_CURVE($,#3280,#3281,#1387,.T.);
#4038=EDGE_CURVE($,#3282,#3279,#1388,.T.);
#4039=EDGE_CURVE($,#3282,#3280,#1389,.T.);
#4040=EDGE_CURVE($,#3283,#3276,#1390,.T.);
#4041=EDGE_CURVE($,#3283,#3282,#1391,.T.);
#4042=EDGE_CURVE($,#3281,#3283,#1392,.T.);
#4043=EDGE_CURVE($,#3284,#3284,#44,.T.);
#4044=EDGE_CURVE($,#3285,#3285,#45,.T.);
#4045=EDGE_CURVE($,#3286,#3287,#1393,.T.);
#4046=EDGE_CURVE($,#3287,#3288,#1394,.T.);
#4047=EDGE_CURVE($,#3288,#3289,#1395,.T.);
#4048=EDGE_CURVE($,#3289,#3286,#1396,.T.);
#4049=EDGE_CURVE($,#3290,#3288,#1397,.T.);
#4050=EDGE_CURVE($,#3291,#3287,#1398,.T.);
#4051=EDGE_CURVE($,#3290,#3291,#1399,.T.);
#4052=EDGE_CURVE($,#3292,#3289,#1400,.T.);
#4053=EDGE_CURVE($,#3292,#3290,#1401,.T.);
#4054=EDGE_CURVE($,#3293,#3286,#1402,.T.);
#4055=EDGE_CURVE($,#3293,#3292,#1403,.T.);
#4056=EDGE_CURVE($,#3291,#3293,#1404,.T.);
#4057=EDGE_CURVE($,#3294,#3294,#46,.T.);
#4058=EDGE_CURVE($,#3295,#3295,#47,.T.);
#4059=EDGE_CURVE($,#3296,#3297,#1405,.T.);
#4060=EDGE_CURVE($,#3297,#3298,#1406,.T.);
#4061=EDGE_CURVE($,#3298,#3299,#1407,.T.);
#4062=EDGE_CURVE($,#3299,#3296,#1408,.T.);
#4063=EDGE_CURVE($,#3300,#3298,#1409,.T.);
#4064=EDGE_CURVE($,#3301,#3297,#1410,.T.);
#4065=EDGE_CURVE($,#3300,#3301,#1411,.T.);
#4066=EDGE_CURVE($,#3302,#3299,#1412,.T.);
#4067=EDGE_CURVE($,#3302,#3300,#1413,.T.);
#4068=EDGE_CURVE($,#3303,#3296,#1414,.T.);
#4069=EDGE_CURVE($,#3303,#3302,#1415,.T.);
#4070=EDGE_CURVE($,#3301,#3303,#1416,.T.);
#4071=EDGE_CURVE($,#3304,#3304,#48,.T.);
#4072=EDGE_CURVE($,#3305,#3305,#49,.T.);
#4073=EDGE_CURVE($,#3306,#3307,#1417,.T.);
#4074=EDGE_CURVE($,#3308,#3306,#1418,.F.);
#4075=EDGE_CURVE($,#3309,#3308,#1419,.T.);
#4076=EDGE_CURVE($,#3309,#3307,#1420,.T.);
#4077=EDGE_CURVE($,#3310,#3311,#1421,.T.);
#4078=EDGE_CURVE($,#3311,#3312,#1422,.F.);
#4079=EDGE_CURVE($,#3313,#3312,#1423,.F.);
#4080=EDGE_CURVE($,#3314,#3313,#1424,.F.);
#4081=EDGE_CURVE($,#3314,#3310,#1425,.T.);
#4082=EDGE_CURVE($,#3315,#3309,#1426,.T.);
#4083=EDGE_CURVE($,#3308,#3316,#1427,.F.);
#4084=EDGE_CURVE($,#3315,#3316,#1428,.T.);
#4085=EDGE_CURVE($,#3314,#3317,#1429,.T.);
#4086=EDGE_CURVE($,#3317,#3313,#1430,.T.);
#4087=EDGE_CURVE($,#3317,#3318,#1431,.T.);
#4088=EDGE_CURVE($,#3318,#3312,#1432,.F.);
#4089=EDGE_CURVE($,#3318,#3306,#1433,.T.);
#4090=EDGE_CURVE($,#3307,#3314,#1434,.T.);
#4091=EDGE_CURVE($,#3319,#3320,#1435,.T.);
#4092=EDGE_CURVE($,#3321,#3320,#1436,.T.);
#4093=EDGE_CURVE($,#3322,#3321,#1437,.T.);
#4094=EDGE_CURVE($,#3322,#3319,#1438,.T.);
#4095=EDGE_CURVE($,#3323,#3324,#1439,.T.);
#4096=EDGE_CURVE($,#3324,#3325,#1440,.T.);
#4097=EDGE_CURVE($,#3325,#3326,#1441,.T.);
#4098=EDGE_CURVE($,#3326,#3327,#1442,.T.);
#4099=EDGE_CURVE($,#3327,#3323,#1443,.F.);
#4100=EDGE_CURVE($,#3316,#3321,#1444,.F.);
#4101=EDGE_CURVE($,#3320,#3315,#1445,.T.);
#4102=EDGE_CURVE($,#3328,#3329,#1446,.T.);
#4103=EDGE_CURVE($,#3328,#3322,#1447,.F.);
#4104=EDGE_CURVE($,#3311,#3323,#1448,.T.);
#4105=EDGE_CURVE($,#3327,#3329,#1449,.F.);
#4106=EDGE_CURVE($,#3310,#3324,#1450,.T.);
#4107=EDGE_CURVE($,#3325,#3330,#1451,.T.);
#4108=EDGE_CURVE($,#3330,#3319,#1452,.T.);
#4109=EDGE_CURVE($,#3331,#3325,#1453,.T.);
#4110=EDGE_CURVE($,#3326,#3331,#1454,.T.);
#4111=EDGE_CURVE($,#3330,#3328,#1455,.T.);
#4112=EDGE_CURVE($,#3329,#3331,#1456,.T.);
#4113=EDGE_CURVE($,#3332,#3333,#1457,.F.);
#4114=EDGE_CURVE($,#3333,#3334,#1458,.F.);
#4115=EDGE_CURVE($,#3334,#3335,#1459,.F.);
#4116=EDGE_CURVE($,#3335,#3332,#1460,.F.);
#4117=EDGE_CURVE($,#3336,#3337,#1461,.T.);
#4118=EDGE_CURVE($,#3337,#3338,#1462,.T.);
#4119=EDGE_CURVE($,#3338,#3339,#1463,.T.);
#4120=EDGE_CURVE($,#3339,#3336,#1464,.T.);
#4121=EDGE_CURVE($,#3335,#3338,#1465,.T.);
#4122=EDGE_CURVE($,#3332,#3337,#1466,.T.);
#4123=EDGE_CURVE($,#3334,#3339,#1467,.T.);
#4124=EDGE_CURVE($,#3333,#3336,#1468,.T.);
#4125=EDGE_CURVE($,#3340,#3341,#50,.T.);
#4126=EDGE_CURVE($,#3341,#3340,#51,.T.);
#4127=EDGE_CURVE($,#3342,#3343,#52,.T.);
#4128=EDGE_CURVE($,#3343,#3342,#53,.T.);
#4129=EDGE_CURVE($,#3343,#3342,#10,.T.);
#4130=EDGE_CURVE($,#3344,#3344,#54,.T.);
#4131=EDGE_CURVE($,#3345,#3345,#55,.T.);
#4132=EDGE_CURVE($,#3346,#3346,#56,.T.);
#4133=EDGE_CURVE($,#3347,#3348,#1469,.T.);
#4134=EDGE_CURVE($,#3349,#3348,#1470,.T.);
#4135=EDGE_CURVE($,#3350,#3349,#1471,.T.);
#4136=EDGE_CURVE($,#3347,#3350,#1472,.F.);
#4137=EDGE_CURVE($,#3350,#3351,#1473,.F.);
#4138=EDGE_CURVE($,#3351,#3352,#1474,.F.);
#4139=EDGE_CURVE($,#3352,#3347,#1475,.F.);
#4140=EDGE_CURVE($,#3353,#3349,#1476,.T.);
#4141=EDGE_CURVE($,#3348,#3354,#1477,.T.);
#4142=EDGE_CURVE($,#3354,#3353,#1478,.T.);
#4143=EDGE_CURVE($,#3352,#3354,#1479,.T.);
#4144=EDGE_CURVE($,#3351,#3353,#1480,.T.);
#4145=EDGE_CURVE($,#3341,#3340,#11,.T.);
#4146=EDGE_CURVE($,#3355,#3356,#12,.T.);
#4147=EDGE_CURVE($,#3356,#3355,#13,.T.);
#4148=EDGE_CURVE($,#3357,#3358,#1481,.T.);
#4149=EDGE_CURVE($,#3359,#3357,#1482,.T.);
#4150=EDGE_CURVE($,#3360,#3359,#1483,.T.);
#4151=EDGE_CURVE($,#3361,#3360,#1484,.T.);
#4152=EDGE_CURVE($,#3358,#3361,#1485,.T.);
#4153=EDGE_CURVE($,#3362,#3363,#1486,.T.);
#4154=EDGE_CURVE($,#3364,#3362,#1487,.T.);
#4155=EDGE_CURVE($,#3365,#3364,#1488,.T.);
#4156=EDGE_CURVE($,#3366,#3365,#1489,.T.);
#4157=EDGE_CURVE($,#3363,#3366,#1490,.T.);
#4158=EDGE_CURVE($,#3364,#3358,#1491,.T.);
#4159=EDGE_CURVE($,#3365,#3361,#1492,.F.);
#4160=EDGE_CURVE($,#3357,#3362,#1493,.F.);
#4161=EDGE_CURVE($,#3360,#3366,#1494,.F.);
#4162=EDGE_CURVE($,#3359,#3363,#1495,.T.);
#4163=EDGE_CURVE($,#3367,#3368,#1496,.T.);
#4164=EDGE_CURVE($,#3369,#3367,#1497,.T.);
#4165=EDGE_CURVE($,#3370,#3369,#1498,.T.);
#4166=EDGE_CURVE($,#3368,#3370,#1499,.T.);
#4167=EDGE_CURVE($,#3371,#3372,#1500,.T.);
#4168=EDGE_CURVE($,#3373,#3371,#1501,.T.);
#4169=EDGE_CURVE($,#3374,#3373,#1502,.T.);
#4170=EDGE_CURVE($,#3372,#3374,#1503,.T.);
#4171=EDGE_CURVE($,#3373,#3375,#1504,.T.);
#4172=EDGE_CURVE($,#3375,#3376,#1505,.T.);
#4173=EDGE_CURVE($,#3377,#3376,#1506,.F.);
#4174=EDGE_CURVE($,#3378,#3377,#1507,.T.);
#4175=EDGE_CURVE($,#3379,#3378,#1508,.T.);
#4176=EDGE_CURVE($,#3379,#3380,#1509,.T.);
#4177=EDGE_CURVE($,#3380,#3374,#1510,.T.);
#4178=EDGE_CURVE($,#3372,#3381,#1511,.T.);
#4179=EDGE_CURVE($,#3381,#3382,#1512,.T.);
#4180=EDGE_CURVE($,#3382,#3383,#1513,.T.);
#4181=EDGE_CURVE($,#3384,#3383,#1514,.T.);
#4182=EDGE_CURVE($,#3385,#3384,#1515,.F.);
#4183=EDGE_CURVE($,#3385,#3386,#1516,.T.);
#4184=EDGE_CURVE($,#3386,#3371,#1517,.T.);
#4185=EDGE_CURVE($,#3369,#3387,#1518,.T.);
#4186=EDGE_CURVE($,#3387,#3388,#1519,.T.);
#4187=EDGE_CURVE($,#3389,#3388,#1520,.F.);
#4188=EDGE_CURVE($,#3390,#3389,#1521,.T.);
#4189=EDGE_CURVE($,#3390,#3391,#1522,.T.);
#4190=EDGE_CURVE($,#3391,#3392,#1523,.T.);
#4191=EDGE_CURVE($,#3392,#3370,#1524,.T.);
#4192=EDGE_CURVE($,#3393,#3394,#1525,.T.);
#4193=EDGE_CURVE($,#3395,#3393,#1526,.T.);
#4194=EDGE_CURVE($,#3396,#3395,#1527,.T.);
#4195=EDGE_CURVE($,#3394,#3396,#1528,.T.);
#4196=EDGE_CURVE($,#3397,#3398,#1529,.T.);
#4197=EDGE_CURVE($,#3399,#3397,#1530,.T.);
#4198=EDGE_CURVE($,#3400,#3399,#1531,.T.);
#4199=EDGE_CURVE($,#3398,#3400,#1532,.T.);
#4200=EDGE_CURVE($,#3399,#3401,#1533,.T.);
#4201=EDGE_CURVE($,#3401,#3402,#1534,.T.);
#4202=EDGE_CURVE($,#3403,#3402,#1535,.F.);
#4203=EDGE_CURVE($,#3404,#3403,#1536,.T.);
#4204=EDGE_CURVE($,#3405,#3404,#1537,.T.);
#4205=EDGE_CURVE($,#3405,#3406,#1538,.T.);
#4206=EDGE_CURVE($,#3406,#3400,#1539,.T.);
#4207=EDGE_CURVE($,#3398,#3407,#1540,.T.);
#4208=EDGE_CURVE($,#3407,#3408,#1541,.T.);
#4209=EDGE_CURVE($,#3408,#3409,#1542,.T.);
#4210=EDGE_CURVE($,#3410,#3409,#1543,.T.);
#4211=EDGE_CURVE($,#3411,#3410,#1544,.F.);
#4212=EDGE_CURVE($,#3411,#3412,#1545,.T.);
#4213=EDGE_CURVE($,#3412,#3397,#1546,.T.);
#4214=EDGE_CURVE($,#3388,#3413,#1547,.T.);
#4215=EDGE_CURVE($,#3387,#3414,#1548,.T.);
#4216=EDGE_CURVE($,#3413,#3414,#1549,.T.);
#4217=EDGE_CURVE($,#3415,#3385,#1550,.T.);
#4218=EDGE_CURVE($,#3416,#3415,#1551,.T.);
#4219=EDGE_CURVE($,#3416,#3386,#1552,.T.);
#4220=EDGE_CURVE($,#3417,#3413,#1553,.T.);
#4221=EDGE_CURVE($,#3389,#3417,#1554,.T.);
#4222=EDGE_CURVE($,#3384,#3418,#1555,.F.);
#4223=EDGE_CURVE($,#3415,#3418,#1556,.T.);
#4224=EDGE_CURVE($,#3419,#3420,#1557,.T.);
#4225=EDGE_CURVE($,#3421,#3419,#1558,.T.);
#4226=EDGE_CURVE($,#3421,#3422,#1559,.T.);
#4227=EDGE_CURVE($,#3420,#3422,#1560,.T.);
#4228=EDGE_CURVE($,#3376,#3411,#1561,.T.);
#4229=EDGE_CURVE($,#3375,#3412,#1562,.T.);
#4230=EDGE_CURVE($,#3420,#3423,#1563,.F.);
#4231=EDGE_CURVE($,#3424,#3423,#1564,.T.);
#4232=EDGE_CURVE($,#3424,#3419,#1565,.F.);
#4233=EDGE_CURVE($,#3410,#3377,#1566,.F.);
#4234=EDGE_CURVE($,#3425,#3426,#1567,.T.);
#4235=EDGE_CURVE($,#3426,#3427,#1568,.T.);
#4236=EDGE_CURVE($,#3427,#3428,#1569,.T.);
#4237=EDGE_CURVE($,#3425,#3428,#1570,.T.);
#4238=EDGE_CURVE($,#3417,#3429,#1571,.T.);
#4239=EDGE_CURVE($,#3414,#3416,#1572,.T.);
#4240=EDGE_CURVE($,#3418,#3430,#1573,.T.);
#4241=EDGE_CURVE($,#3430,#3429,#1574,.T.);
#4242=EDGE_CURVE($,#3368,#3431,#1575,.T.);
#4243=EDGE_CURVE($,#3431,#3432,#1576,.T.);
#4244=EDGE_CURVE($,#3433,#3432,#1577,.T.);
#4245=EDGE_CURVE($,#3423,#3433,#1578,.T.);
#4246=EDGE_CURVE($,#3422,#3367,#1579,.T.);
#4247=EDGE_CURVE($,#3434,#3435,#1580,.T.);
#4248=EDGE_CURVE($,#3436,#3434,#1581,.T.);
#4249=EDGE_CURVE($,#3437,#3436,#1582,.T.);
#4250=EDGE_CURVE($,#3435,#3437,#1583,.T.);
#4251=EDGE_CURVE($,#3406,#3438,#1584,.T.);
#4252=EDGE_CURVE($,#3405,#3439,#1585,.T.);
#4253=EDGE_CURVE($,#3438,#3439,#1586,.T.);
#4254=EDGE_CURVE($,#3440,#3431,#1587,.T.);
#4255=EDGE_CURVE($,#3441,#3440,#1588,.T.);
#4256=EDGE_CURVE($,#3441,#3432,#1589,.T.);
#4257=EDGE_CURVE($,#3408,#3379,#1590,.T.);
#4258=EDGE_CURVE($,#3407,#3380,#1591,.T.);
#4259=EDGE_CURVE($,#3426,#3391,#1592,.T.);
#4260=EDGE_CURVE($,#3425,#3392,#1593,.T.);
#4261=EDGE_CURVE($,#3428,#3381,#1594,.T.);
#4262=EDGE_CURVE($,#3427,#3382,#1595,.T.);
#4263=EDGE_CURVE($,#3395,#3421,#1596,.T.);
#4264=EDGE_CURVE($,#3442,#3424,#1597,.T.);
#4265=EDGE_CURVE($,#3442,#3441,#1598,.T.);
#4266=EDGE_CURVE($,#3440,#3396,#1599,.T.);
#4267=EDGE_CURVE($,#3443,#3442,#1600,.T.);
#4268=EDGE_CURVE($,#3443,#3434,#1601,.T.);
#4269=EDGE_CURVE($,#3439,#3435,#1602,.T.);
#4270=EDGE_CURVE($,#3409,#3404,#1603,.T.);
#4271=EDGE_CURVE($,#3383,#3378,#1604,.T.);
#4272=EDGE_CURVE($,#3433,#3390,#1605,.T.);
#4273=EDGE_CURVE($,#3444,#3445,#1606,.T.);
#4274=EDGE_CURVE($,#3429,#3444,#1607,.T.);
#4275=EDGE_CURVE($,#3445,#3430,#1608,.T.);
#4276=EDGE_CURVE($,#3438,#3437,#1609,.T.);
#4277=EDGE_CURVE($,#3394,#3436,#1610,.T.);
#4278=EDGE_CURVE($,#3446,#3444,#1611,.T.);
#4279=EDGE_CURVE($,#3446,#3447,#1612,.T.);
#4280=EDGE_CURVE($,#3447,#3443,#1613,.T.);
#4281=EDGE_CURVE($,#3448,#3445,#1614,.T.);
#4282=EDGE_CURVE($,#3448,#3449,#1615,.T.);
#4283=EDGE_CURVE($,#3449,#3450,#1616,.T.);
#4284=EDGE_CURVE($,#3450,#3451,#1617,.T.);
#4285=EDGE_CURVE($,#3451,#3452,#1618,.T.);
#4286=EDGE_CURVE($,#3452,#3446,#1619,.T.);
#4287=EDGE_CURVE($,#3448,#3403,#1620,.F.);
#4288=EDGE_CURVE($,#3452,#3453,#1621,.T.);
#4289=EDGE_CURVE($,#3453,#3447,#1622,.F.);
#4290=EDGE_CURVE($,#3402,#3449,#1623,.T.);
#4291=EDGE_CURVE($,#3453,#3454,#1624,.T.);
#4292=EDGE_CURVE($,#3454,#3393,#1625,.T.);
#4293=EDGE_CURVE($,#3451,#3454,#1626,.T.);
#4294=EDGE_CURVE($,#3401,#3450,#1627,.T.);
#4295=EDGE_CURVE($,#3455,#3456,#1628,.T.);
#4296=EDGE_CURVE($,#3456,#3457,#1629,.T.);
#4297=EDGE_CURVE($,#3457,#3458,#1630,.T.);
#4298=EDGE_CURVE($,#3458,#3455,#1631,.T.);
#4299=EDGE_CURVE($,#3459,#3460,#1632,.T.);
#4300=EDGE_CURVE($,#3460,#3461,#1633,.T.);
#4301=EDGE_CURVE($,#3461,#3462,#1634,.T.);
#4302=EDGE_CURVE($,#3462,#3459,#1635,.T.);
#4303=EDGE_CURVE($,#3458,#3461,#1636,.T.);
#4304=EDGE_CURVE($,#3455,#3460,#1637,.T.);
#4305=EDGE_CURVE($,#3457,#3462,#1638,.T.);
#4306=EDGE_CURVE($,#3456,#3459,#1639,.T.);
#4307=EDGE_CURVE($,#3463,#3464,#1640,.T.);
#4308=EDGE_CURVE($,#3465,#3464,#1641,.T.);
#4309=EDGE_CURVE($,#3466,#3465,#1642,.T.);
#4310=EDGE_CURVE($,#3463,#3466,#1643,.T.);
#4311=EDGE_CURVE($,#3467,#3465,#1644,.T.);
#4312=EDGE_CURVE($,#3468,#3467,#1645,.T.);
#4313=EDGE_CURVE($,#3466,#3468,#1646,.T.);
#4314=EDGE_CURVE($,#3469,#3467,#1647,.T.);
#4315=EDGE_CURVE($,#3470,#3469,#1648,.T.);
#4316=EDGE_CURVE($,#3468,#3470,#1649,.T.);
#4317=EDGE_CURVE($,#3464,#3469,#1650,.T.);
#4318=EDGE_CURVE($,#3470,#3463,#1651,.T.);
#4319=EDGE_CURVE($,#3471,#3471,#57,.T.);
#4320=EDGE_CURVE($,#3472,#3472,#58,.T.);
#4321=EDGE_CURVE($,#3473,#3474,#1652,.T.);
#4322=EDGE_CURVE($,#3475,#3474,#1653,.T.);
#4323=EDGE_CURVE($,#3476,#3475,#1654,.T.);
#4324=EDGE_CURVE($,#3473,#3476,#1655,.T.);
#4325=EDGE_CURVE($,#3477,#3475,#1656,.T.);
#4326=EDGE_CURVE($,#3478,#3477,#1657,.T.);
#4327=EDGE_CURVE($,#3476,#3478,#1658,.T.);
#4328=EDGE_CURVE($,#3479,#3477,#1659,.T.);
#4329=EDGE_CURVE($,#3480,#3479,#1660,.T.);
#4330=EDGE_CURVE($,#3478,#3480,#1661,.T.);
#4331=EDGE_CURVE($,#3474,#3479,#1662,.T.);
#4332=EDGE_CURVE($,#3480,#3473,#1663,.T.);
#4333=EDGE_CURVE($,#3481,#3481,#59,.T.);
#4334=EDGE_CURVE($,#3482,#3482,#60,.T.);
#4335=EDGE_CURVE($,#3483,#3484,#1664,.T.);
#4336=EDGE_CURVE($,#3485,#3484,#1665,.T.);
#4337=EDGE_CURVE($,#3486,#3485,#1666,.T.);
#4338=EDGE_CURVE($,#3483,#3486,#1667,.F.);
#4339=EDGE_CURVE($,#3487,#3485,#1668,.T.);
#4340=EDGE_CURVE($,#3488,#3487,#1669,.T.);
#4341=EDGE_CURVE($,#3486,#3488,#1670,.F.);
#4342=EDGE_CURVE($,#3489,#3487,#1671,.T.);
#4343=EDGE_CURVE($,#3490,#3489,#1672,.T.);
#4344=EDGE_CURVE($,#3488,#3490,#1673,.F.);
#4345=EDGE_CURVE($,#3484,#3489,#1674,.T.);
#4346=EDGE_CURVE($,#3490,#3483,#1675,.F.);
#4347=EDGE_CURVE($,#3491,#3491,#61,.T.);
#4348=EDGE_CURVE($,#3492,#3492,#62,.T.);
#4349=EDGE_CURVE($,#3493,#3494,#1676,.T.);
#4350=EDGE_CURVE($,#3494,#3495,#1677,.T.);
#4351=EDGE_CURVE($,#3495,#3496,#1678,.T.);
#4352=EDGE_CURVE($,#3496,#3493,#1679,.T.);
#4353=EDGE_CURVE($,#3497,#3498,#1680,.T.);
#4354=EDGE_CURVE($,#3498,#3499,#1681,.T.);
#4355=EDGE_CURVE($,#3499,#3500,#1682,.T.);
#4356=EDGE_CURVE($,#3500,#3497,#1683,.T.);
#4357=EDGE_CURVE($,#3500,#3494,#1684,.T.);
#4358=EDGE_CURVE($,#3497,#3493,#1685,.T.);
#4359=EDGE_CURVE($,#3499,#3495,#1686,.T.);
#4360=EDGE_CURVE($,#3498,#3496,#1687,.T.);
#4361=EDGE_CURVE($,#3501,#3502,#1688,.T.);
#4362=EDGE_CURVE($,#3502,#3503,#1689,.T.);
#4363=EDGE_CURVE($,#3503,#3504,#1690,.T.);
#4364=EDGE_CURVE($,#3504,#3501,#1691,.T.);
#4365=EDGE_CURVE($,#3505,#3506,#1692,.T.);
#4366=EDGE_CURVE($,#3506,#3507,#1693,.T.);
#4367=EDGE_CURVE($,#3507,#3508,#1694,.T.);
#4368=EDGE_CURVE($,#3508,#3505,#1695,.T.);
#4369=EDGE_CURVE($,#3508,#3502,#1696,.T.);
#4370=EDGE_CURVE($,#3505,#3501,#1697,.T.);
#4371=EDGE_CURVE($,#3507,#3503,#1698,.T.);
#4372=EDGE_CURVE($,#3506,#3504,#1699,.T.);
#4373=EDGE_CURVE($,#3509,#3510,#1700,.T.);
#4374=EDGE_CURVE($,#3511,#3510,#1701,.T.);
#4375=EDGE_CURVE($,#3512,#3511,#1702,.T.);
#4376=EDGE_CURVE($,#3509,#3512,#1703,.T.);
#4377=EDGE_CURVE($,#3513,#3511,#1704,.T.);
#4378=EDGE_CURVE($,#3514,#3513,#1705,.T.);
#4379=EDGE_CURVE($,#3512,#3514,#1706,.T.);
#4380=EDGE_CURVE($,#3515,#3513,#1707,.T.);
#4381=EDGE_CURVE($,#3516,#3515,#1708,.T.);
#4382=EDGE_CURVE($,#3514,#3516,#1709,.T.);
#4383=EDGE_CURVE($,#3510,#3515,#1710,.T.);
#4384=EDGE_CURVE($,#3516,#3509,#1711,.T.);
#4385=EDGE_CURVE($,#3517,#3518,#1712,.T.);
#4386=EDGE_CURVE($,#3519,#3518,#1713,.T.);
#4387=EDGE_CURVE($,#3520,#3519,#1714,.T.);
#4388=EDGE_CURVE($,#3517,#3520,#1715,.T.);
#4389=EDGE_CURVE($,#3521,#3519,#1716,.T.);
#4390=EDGE_CURVE($,#3522,#3521,#1717,.T.);
#4391=EDGE_CURVE($,#3520,#3522,#1718,.T.);
#4392=EDGE_CURVE($,#3523,#3521,#1719,.T.);
#4393=EDGE_CURVE($,#3524,#3523,#1720,.T.);
#4394=EDGE_CURVE($,#3522,#3524,#1721,.T.);
#4395=EDGE_CURVE($,#3518,#3523,#1722,.T.);
#4396=EDGE_CURVE($,#3524,#3517,#1723,.T.);
#4397=EDGE_CURVE($,#3525,#3526,#1724,.T.);
#4398=EDGE_CURVE($,#3526,#3527,#1725,.T.);
#4399=EDGE_CURVE($,#3527,#3528,#1726,.T.);
#4400=EDGE_CURVE($,#3528,#3525,#1727,.T.);
#4401=EDGE_CURVE($,#3529,#3530,#1728,.T.);
#4402=EDGE_CURVE($,#3530,#3531,#1729,.T.);
#4403=EDGE_CURVE($,#3531,#3532,#1730,.T.);
#4404=EDGE_CURVE($,#3532,#3529,#1731,.T.);
#4405=EDGE_CURVE($,#3532,#3526,#1732,.T.);
#4406=EDGE_CURVE($,#3529,#3525,#1733,.T.);
#4407=EDGE_CURVE($,#3531,#3527,#1734,.T.);
#4408=EDGE_CURVE($,#3530,#3528,#1735,.T.);
#4409=EDGE_CURVE($,#3533,#3534,#1736,.T.);
#4410=EDGE_CURVE($,#3534,#3535,#1737,.T.);
#4411=EDGE_CURVE($,#3535,#3536,#1738,.F.);
#4412=EDGE_CURVE($,#3536,#3533,#1739,.T.);
#4413=EDGE_CURVE($,#3537,#3538,#1740,.T.);
#4414=EDGE_CURVE($,#3538,#3539,#1741,.T.);
#4415=EDGE_CURVE($,#3539,#3540,#1742,.T.);
#4416=EDGE_CURVE($,#3540,#3537,#1743,.T.);
#4417=EDGE_CURVE($,#3540,#3534,#1744,.T.);
#4418=EDGE_CURVE($,#3537,#3533,#1745,.T.);
#4419=EDGE_CURVE($,#3539,#3535,#1746,.F.);
#4420=EDGE_CURVE($,#3538,#3536,#1747,.T.);
#4421=EDGE_CURVE($,#3541,#3542,#1748,.T.);
#4422=EDGE_CURVE($,#3543,#3542,#1749,.T.);
#4423=EDGE_CURVE($,#3544,#3543,#1750,.T.);
#4424=EDGE_CURVE($,#3541,#3544,#1751,.T.);
#4425=EDGE_CURVE($,#3545,#3543,#1752,.T.);
#4426=EDGE_CURVE($,#3546,#3545,#1753,.T.);
#4427=EDGE_CURVE($,#3544,#3546,#1754,.T.);
#4428=EDGE_CURVE($,#3547,#3545,#1755,.T.);
#4429=EDGE_CURVE($,#3548,#3547,#1756,.T.);
#4430=EDGE_CURVE($,#3546,#3548,#1757,.T.);
#4431=EDGE_CURVE($,#3542,#3547,#1758,.T.);
#4432=EDGE_CURVE($,#3548,#3541,#1759,.T.);
#4433=EDGE_CURVE($,#3549,#3550,#1760,.T.);
#4434=EDGE_CURVE($,#3551,#3550,#1761,.T.);
#4435=EDGE_CURVE($,#3552,#3551,#1762,.T.);
#4436=EDGE_CURVE($,#3549,#3552,#1763,.T.);
#4437=EDGE_CURVE($,#3553,#3551,#1764,.T.);
#4438=EDGE_CURVE($,#3554,#3553,#1765,.T.);
#4439=EDGE_CURVE($,#3552,#3554,#1766,.T.);
#4440=EDGE_CURVE($,#3555,#3553,#1767,.T.);
#4441=EDGE_CURVE($,#3556,#3555,#1768,.T.);
#4442=EDGE_CURVE($,#3554,#3556,#1769,.T.);
#4443=EDGE_CURVE($,#3550,#3555,#1770,.T.);
#4444=EDGE_CURVE($,#3556,#3549,#1771,.T.);
#4445=EDGE_CURVE($,#3557,#3558,#1772,.T.);
#4446=EDGE_CURVE($,#3557,#3559,#1773,.F.);
#4447=EDGE_CURVE($,#3559,#3560,#1774,.F.);
#4448=EDGE_CURVE($,#3560,#3561,#1775,.F.);
#4449=EDGE_CURVE($,#3562,#3561,#1776,.T.);
#4450=EDGE_CURVE($,#3562,#3558,#1777,.F.);
#4451=EDGE_CURVE($,#3561,#3563,#1778,.T.);
#4452=EDGE_CURVE($,#3563,#3564,#1779,.T.);
#4453=EDGE_CURVE($,#3564,#3562,#1780,.T.);
#4454=EDGE_CURVE($,#3560,#3565,#1781,.T.);
#4455=EDGE_CURVE($,#3563,#3565,#1782,.T.);
#4456=EDGE_CURVE($,#3559,#3566,#1783,.T.);
#4457=EDGE_CURVE($,#3565,#3566,#1784,.T.);
#4458=EDGE_CURVE($,#3566,#3567,#1785,.T.);
#4459=EDGE_CURVE($,#3568,#3567,#1786,.T.);
#4460=EDGE_CURVE($,#3568,#3564,#1787,.T.);
#4461=EDGE_CURVE($,#3558,#3568,#1788,.T.);
#4462=EDGE_CURVE($,#3567,#3557,#1789,.T.);
#4463=EDGE_CURVE($,#3569,#3570,#1790,.T.);
#4464=EDGE_CURVE($,#3570,#3571,#1791,.T.);
#4465=EDGE_CURVE($,#3571,#3572,#1792,.T.);
#4466=EDGE_CURVE($,#3572,#3569,#1793,.T.);
#4467=EDGE_CURVE($,#3573,#3574,#1794,.T.);
#4468=EDGE_CURVE($,#3574,#3575,#1795,.T.);
#4469=EDGE_CURVE($,#3575,#3576,#1796,.T.);
#4470=EDGE_CURVE($,#3576,#3573,#1797,.T.);
#4471=EDGE_CURVE($,#3576,#3570,#1798,.T.);
#4472=EDGE_CURVE($,#3573,#3569,#1799,.T.);
#4473=EDGE_CURVE($,#3575,#3571,#1800,.T.);
#4474=EDGE_CURVE($,#3574,#3572,#1801,.T.);
#4475=EDGE_CURVE($,#3577,#3578,#1802,.T.);
#4476=EDGE_CURVE($,#3577,#3579,#1803,.F.);
#4477=EDGE_CURVE($,#3579,#3580,#1804,.F.);
#4478=EDGE_CURVE($,#3580,#3581,#1805,.F.);
#4479=EDGE_CURVE($,#3582,#3581,#1806,.T.);
#4480=EDGE_CURVE($,#3582,#3578,#1807,.F.);
#4481=EDGE_CURVE($,#3580,#3583,#1808,.T.);
#4482=EDGE_CURVE($,#3584,#3583,#1809,.T.);
#4483=EDGE_CURVE($,#3581,#3584,#1810,.T.);
#4484=EDGE_CURVE($,#3579,#3585,#1811,.T.);
#4485=EDGE_CURVE($,#3583,#3585,#1812,.T.);
#4486=EDGE_CURVE($,#3586,#3577,#1813,.T.);
#4487=EDGE_CURVE($,#3585,#3586,#1814,.T.);
#4488=EDGE_CURVE($,#3584,#3587,#1815,.T.);
#4489=EDGE_CURVE($,#3587,#3582,#1816,.T.);
#4490=EDGE_CURVE($,#3588,#3587,#1817,.T.);
#4491=EDGE_CURVE($,#3578,#3588,#1818,.T.);
#4492=EDGE_CURVE($,#3588,#3586,#1819,.T.);
#4493=EDGE_CURVE($,#3589,#3590,#1820,.T.);
#4494=EDGE_CURVE($,#3591,#3590,#1821,.T.);
#4495=EDGE_CURVE($,#3592,#3591,#1822,.T.);
#4496=EDGE_CURVE($,#3589,#3592,#1823,.T.);
#4497=EDGE_CURVE($,#3593,#3591,#1824,.T.);
#4498=EDGE_CURVE($,#3594,#3593,#1825,.T.);
#4499=EDGE_CURVE($,#3592,#3594,#1826,.T.);
#4500=EDGE_CURVE($,#3595,#3593,#1827,.T.);
#4501=EDGE_CURVE($,#3596,#3595,#1828,.T.);
#4502=EDGE_CURVE($,#3594,#3596,#1829,.T.);
#4503=EDGE_CURVE($,#3590,#3595,#1830,.T.);
#4504=EDGE_CURVE($,#3596,#3589,#1831,.T.);
#4505=EDGE_CURVE($,#3597,#3597,#63,.T.);
#4506=EDGE_CURVE($,#3598,#3598,#64,.T.);
#4507=EDGE_CURVE($,#3599,#3600,#1832,.F.);
#4508=EDGE_CURVE($,#3601,#3600,#1833,.T.);
#4509=EDGE_CURVE($,#3602,#3601,#1834,.T.);
#4510=EDGE_CURVE($,#3599,#3602,#1835,.T.);
#4511=EDGE_CURVE($,#3603,#3601,#1836,.T.);
#4512=EDGE_CURVE($,#3604,#3603,#1837,.T.);
#4513=EDGE_CURVE($,#3602,#3604,#1838,.T.);
#4514=EDGE_CURVE($,#3605,#3603,#1839,.T.);
#4515=EDGE_CURVE($,#3606,#3605,#1840,.T.);
#4516=EDGE_CURVE($,#3604,#3606,#1841,.T.);
#4517=EDGE_CURVE($,#3600,#3605,#1842,.T.);
#4518=EDGE_CURVE($,#3606,#3599,#1843,.T.);
#4519=EDGE_CURVE($,#3607,#3607,#65,.T.);
#4520=EDGE_CURVE($,#3608,#3608,#66,.T.);
#4521=EDGE_CURVE($,#3609,#3610,#1844,.T.);
#4522=EDGE_CURVE($,#3611,#3610,#1845,.T.);
#4523=EDGE_CURVE($,#3612,#3611,#1846,.T.);
#4524=EDGE_CURVE($,#3609,#3612,#1847,.T.);
#4525=EDGE_CURVE($,#3613,#3611,#1848,.T.);
#4526=EDGE_CURVE($,#3614,#3613,#1849,.T.);
#4527=EDGE_CURVE($,#3612,#3614,#1850,.T.);
#4528=EDGE_CURVE($,#3615,#3613,#1851,.T.);
#4529=EDGE_CURVE($,#3616,#3615,#1852,.T.);
#4530=EDGE_CURVE($,#3614,#3616,#1853,.T.);
#4531=EDGE_CURVE($,#3610,#3615,#1854,.T.);
#4532=EDGE_CURVE($,#3616,#3609,#1855,.T.);
#4533=EDGE_CURVE($,#3617,#3618,#1856,.T.);
#4534=EDGE_CURVE($,#3618,#3619,#1857,.T.);
#4535=EDGE_CURVE($,#3619,#3620,#1858,.T.);
#4536=EDGE_CURVE($,#3620,#3617,#1859,.T.);
#4537=EDGE_CURVE($,#3621,#3622,#1860,.T.);
#4538=EDGE_CURVE($,#3622,#3623,#1861,.T.);
#4539=EDGE_CURVE($,#3623,#3624,#1862,.T.);
#4540=EDGE_CURVE($,#3624,#3621,#1863,.T.);
#4541=EDGE_CURVE($,#3624,#3618,#1864,.T.);
#4542=EDGE_CURVE($,#3621,#3617,#1865,.T.);
#4543=EDGE_CURVE($,#3623,#3619,#1866,.T.);
#4544=EDGE_CURVE($,#3622,#3620,#1867,.T.);
#4545=EDGE_CURVE($,#3625,#3625,#67,.T.);
#4546=EDGE_CURVE($,#3626,#3626,#68,.T.);
#4547=EDGE_CURVE($,#3627,#3628,#1868,.T.);
#4548=EDGE_CURVE($,#3629,#3627,#1869,.T.);
#4549=EDGE_CURVE($,#3630,#3629,#1870,.T.);
#4550=EDGE_CURVE($,#3628,#3630,#1871,.T.);
#4551=EDGE_CURVE($,#3631,#3632,#1872,.T.);
#4552=EDGE_CURVE($,#3633,#3631,#1873,.T.);
#4553=EDGE_CURVE($,#3633,#3634,#1874,.T.);
#4554=EDGE_CURVE($,#3632,#3634,#1875,.T.);
#4555=EDGE_CURVE($,#3635,#3627,#14,.T.);
#4556=EDGE_CURVE($,#3635,#3636,#1876,.T.);
#4557=EDGE_CURVE($,#3636,#3629,#1877,.T.);
#4558=EDGE_CURVE($,#3637,#3635,#1878,.T.);
#4559=EDGE_CURVE($,#3638,#3637,#1879,.T.);
#4560=EDGE_CURVE($,#3638,#3636,#1880,.T.);
#4561=EDGE_CURVE($,#3632,#3639,#15,.T.);
#4562=EDGE_CURVE($,#3634,#3640,#1881,.T.);
#4563=EDGE_CURVE($,#3640,#3639,#1882,.T.);
#4564=EDGE_CURVE($,#3639,#3641,#1883,.T.);
#4565=EDGE_CURVE($,#3642,#3640,#1884,.T.);
#4566=EDGE_CURVE($,#3641,#3642,#1885,.T.);
#4567=EDGE_CURVE($,#3642,#3633,#1886,.T.);
#4568=EDGE_CURVE($,#3630,#3638,#1887,.T.);
#4569=EDGE_CURVE($,#3643,#3643,#69,.T.);
#4570=EDGE_CURVE($,#3644,#3641,#70,.T.);
#4571=EDGE_CURVE($,#3644,#3645,#1888,.T.);
#4572=EDGE_CURVE($,#3645,#3646,#16,.T.);
#4573=EDGE_CURVE($,#3646,#3647,#1889,.T.);
#4574=EDGE_CURVE($,#3637,#3647,#71,.T.);
#4575=EDGE_CURVE($,#3648,#3628,#72,.T.);
#4576=EDGE_CURVE($,#3648,#3649,#1890,.T.);
#4577=EDGE_CURVE($,#3649,#3650,#17,.T.);
#4578=EDGE_CURVE($,#3650,#3651,#1891,.T.);
#4579=EDGE_CURVE($,#3631,#3651,#73,.T.);
#4580=EDGE_CURVE($,#3652,#3650,#1892,.T.);
#4581=EDGE_CURVE($,#3653,#3652,#1893,.T.);
#4582=EDGE_CURVE($,#3651,#3653,#1894,.T.);
#4583=EDGE_CURVE($,#3654,#3644,#1895,.T.);
#4584=EDGE_CURVE($,#3654,#3655,#1896,.T.);
#4585=EDGE_CURVE($,#3645,#3655,#1897,.T.);
#4586=EDGE_CURVE($,#3649,#3656,#1898,.T.);
#4587=EDGE_CURVE($,#3656,#3652,#1899,.T.);
#4588=EDGE_CURVE($,#3657,#3648,#1900,.T.);
#4589=EDGE_CURVE($,#3657,#3656,#1901,.T.);
#4590=EDGE_CURVE($,#3655,#3658,#1902,.T.);
#4591=EDGE_CURVE($,#3658,#3646,#1903,.T.);
#4592=EDGE_CURVE($,#3659,#3658,#1904,.T.);
#4593=EDGE_CURVE($,#3647,#3659,#1905,.T.);
#4594=EDGE_CURVE($,#3659,#3654,#1906,.T.);
#4595=EDGE_CURVE($,#3653,#3657,#1907,.T.);
#4596=EDGE_CURVE($,#3660,#3661,#1908,.T.);
#4597=EDGE_CURVE($,#3662,#3660,#1909,.T.);
#4598=EDGE_CURVE($,#3663,#3662,#1910,.T.);
#4599=EDGE_CURVE($,#3663,#3661,#1911,.T.);
#4600=EDGE_CURVE($,#3664,#3665,#1912,.T.);
#4601=EDGE_CURVE($,#3666,#3664,#1913,.T.);
#4602=EDGE_CURVE($,#3667,#3666,#1914,.T.);
#4603=EDGE_CURVE($,#3667,#3665,#1915,.T.);
#4604=EDGE_CURVE($,#3668,#3669,#1916,.T.);
#4605=EDGE_CURVE($,#3665,#3668,#1917,.T.);
#4606=EDGE_CURVE($,#3669,#3667,#1918,.T.);
#4607=EDGE_CURVE($,#3670,#3668,#18,.T.);
#4608=EDGE_CURVE($,#3670,#3664,#1919,.T.);
#4609=EDGE_CURVE($,#3671,#3672,#1920,.T.);
#4610=EDGE_CURVE($,#3662,#3671,#1921,.T.);
#4611=EDGE_CURVE($,#3672,#3660,#1922,.T.);
#4612=EDGE_CURVE($,#3672,#3673,#19,.T.);
#4613=EDGE_CURVE($,#3661,#3673,#1923,.T.);
#4614=EDGE_CURVE($,#3674,#3670,#1924,.T.);
#4615=EDGE_CURVE($,#3666,#3674,#1925,.T.);
#4616=EDGE_CURVE($,#3673,#3675,#1926,.T.);
#4617=EDGE_CURVE($,#3675,#3663,#1927,.T.);
#4618=EDGE_CURVE($,#3676,#3676,#74,.T.);
#4619=EDGE_CURVE($,#3677,#3678,#1928,.T.);
#4620=EDGE_CURVE($,#3678,#3679,#20,.T.);
#4621=EDGE_CURVE($,#3679,#3680,#1929,.T.);
#4622=EDGE_CURVE($,#3674,#3680,#75,.T.);
#4623=EDGE_CURVE($,#3681,#3669,#76,.T.);
#4624=EDGE_CURVE($,#3681,#3682,#1930,.T.);
#4625=EDGE_CURVE($,#3682,#3683,#21,.T.);
#4626=EDGE_CURVE($,#3683,#3684,#1931,.T.);
#4627=EDGE_CURVE($,#3671,#3684,#77,.T.);
#4628=EDGE_CURVE($,#3677,#3675,#78,.T.);
#4629=EDGE_CURVE($,#3685,#3686,#1932,.T.);
#4630=EDGE_CURVE($,#3687,#3685,#1933,.T.);
#4631=EDGE_CURVE($,#3688,#3687,#1934,.T.);
#4632=EDGE_CURVE($,#3688,#3686,#1935,.T.);
#4633=EDGE_CURVE($,#3689,#3690,#1936,.T.);
#4634=EDGE_CURVE($,#3691,#3689,#1937,.T.);
#4635=EDGE_CURVE($,#3692,#3691,#1938,.T.);
#4636=EDGE_CURVE($,#3692,#3690,#1939,.T.);
#4637=EDGE_CURVE($,#3690,#3679,#1940,.T.);
#4638=EDGE_CURVE($,#3680,#3692,#1941,.T.);
#4639=EDGE_CURVE($,#3678,#3689,#1942,.T.);
#4640=EDGE_CURVE($,#3687,#3681,#1943,.T.);
#4641=EDGE_CURVE($,#3682,#3685,#1944,.T.);
#4642=EDGE_CURVE($,#3686,#3683,#1945,.T.);
#4643=EDGE_CURVE($,#3691,#3677,#1946,.T.);
#4644=EDGE_CURVE($,#3684,#3688,#1947,.T.);
#4645=EDGE_CURVE($,#3693,#3693,#79,.T.);
#4646=EDGE_CURVE($,#3694,#3695,#1948,.T.);
#4647=EDGE_CURVE($,#3696,#3694,#1949,.T.);
#4648=EDGE_CURVE($,#3697,#3696,#1950,.T.);
#4649=EDGE_CURVE($,#3697,#3695,#1951,.T.);
#4650=EDGE_CURVE($,#3698,#3699,#1952,.T.);
#4651=EDGE_CURVE($,#3700,#3698,#1953,.T.);
#4652=EDGE_CURVE($,#3701,#3700,#1954,.T.);
#4653=EDGE_CURVE($,#3701,#3699,#1955,.T.);
#4654=EDGE_CURVE($,#3702,#3703,#1956,.T.);
#4655=EDGE_CURVE($,#3699,#3702,#1957,.T.);
#4656=EDGE_CURVE($,#3703,#3701,#1958,.T.);
#4657=EDGE_CURVE($,#3704,#3702,#22,.T.);
#4658=EDGE_CURVE($,#3704,#3698,#1959,.T.);
#4659=EDGE_CURVE($,#3705,#3706,#1960,.T.);
#4660=EDGE_CURVE($,#3696,#3705,#1961,.T.);
#4661=EDGE_CURVE($,#3706,#3694,#1962,.T.);
#4662=EDGE_CURVE($,#3706,#3707,#23,.T.);
#4663=EDGE_CURVE($,#3695,#3707,#1963,.T.);
#4664=EDGE_CURVE($,#3708,#3704,#1964,.T.);
#4665=EDGE_CURVE($,#3700,#3708,#1965,.T.);
#4666=EDGE_CURVE($,#3707,#3709,#1966,.T.);
#4667=EDGE_CURVE($,#3709,#3697,#1967,.T.);
#4668=EDGE_CURVE($,#3710,#3711,#1968,.T.);
#4669=EDGE_CURVE($,#3711,#3712,#24,.T.);
#4670=EDGE_CURVE($,#3712,#3713,#1969,.T.);
#4671=EDGE_CURVE($,#3708,#3713,#80,.T.);
#4672=EDGE_CURVE($,#3714,#3703,#81,.T.);
#4673=EDGE_CURVE($,#3714,#3715,#1970,.T.);
#4674=EDGE_CURVE($,#3715,#3716,#25,.T.);
#4675=EDGE_CURVE($,#3716,#3717,#1971,.T.);
#4676=EDGE_CURVE($,#3705,#3717,#82,.T.);
#4677=EDGE_CURVE($,#3710,#3709,#83,.T.);
#4678=EDGE_CURVE($,#3718,#3719,#1972,.T.);
#4679=EDGE_CURVE($,#3720,#3718,#1973,.T.);
#4680=EDGE_CURVE($,#3721,#3720,#1974,.T.);
#4681=EDGE_CURVE($,#3721,#3719,#1975,.T.);
#4682=EDGE_CURVE($,#3722,#3723,#1976,.T.);
#4683=EDGE_CURVE($,#3724,#3722,#1977,.T.);
#4684=EDGE_CURVE($,#3725,#3724,#1978,.T.);
#4685=EDGE_CURVE($,#3725,#3723,#1979,.T.);
#4686=EDGE_CURVE($,#3723,#3712,#1980,.T.);
#4687=EDGE_CURVE($,#3713,#3725,#1981,.T.);
#4688=EDGE_CURVE($,#3711,#3722,#1982,.T.);
#4689=EDGE_CURVE($,#3720,#3714,#1983,.T.);
#4690=EDGE_CURVE($,#3715,#3718,#1984,.T.);
#4691=EDGE_CURVE($,#3719,#3716,#1985,.T.);
#4692=EDGE_CURVE($,#3724,#3710,#1986,.T.);
#4693=EDGE_CURVE($,#3717,#3721,#1987,.T.);
#4694=EDGE_CURVE($,#3726,#3726,#84,.T.);
#4695=EDGE_CURVE($,#3727,#3727,#85,.T.);
#4696=EDGE_CURVE($,#3728,#3728,#86,.T.);
#4697=EDGE_CURVE($,#3729,#3729,#87,.T.);
#4698=EDGE_CURVE($,#3730,#3730,#88,.T.);
#4699=EDGE_CURVE($,#3731,#3731,#89,.T.);
#4700=EDGE_CURVE($,#3732,#3733,#1988,.T.);
#4701=EDGE_CURVE($,#3732,#3734,#1989,.F.);
#4702=EDGE_CURVE($,#3734,#3735,#1990,.F.);
#4703=EDGE_CURVE($,#3735,#3736,#1991,.F.);
#4704=EDGE_CURVE($,#3737,#3736,#1992,.T.);
#4705=EDGE_CURVE($,#3737,#3733,#1993,.F.);
#4706=EDGE_CURVE($,#3736,#3738,#1994,.T.);
#4707=EDGE_CURVE($,#3739,#3738,#1995,.T.);
#4708=EDGE_CURVE($,#3739,#3737,#1996,.T.);
#4709=EDGE_CURVE($,#3735,#3740,#1997,.T.);
#4710=EDGE_CURVE($,#3738,#3740,#1998,.T.);
#4711=EDGE_CURVE($,#3734,#3741,#1999,.T.);
#4712=EDGE_CURVE($,#3740,#3741,#2000,.T.);
#4713=EDGE_CURVE($,#3741,#3742,#2001,.T.);
#4714=EDGE_CURVE($,#3742,#3743,#2002,.T.);
#4715=EDGE_CURVE($,#3743,#3739,#2003,.T.);
#4716=EDGE_CURVE($,#3733,#3743,#2004,.T.);
#4717=EDGE_CURVE($,#3742,#3732,#2005,.T.);
#4718=EDGE_CURVE($,#3744,#3745,#2006,.T.);
#4719=EDGE_CURVE($,#3745,#3746,#2007,.T.);
#4720=EDGE_CURVE($,#3746,#3747,#2008,.T.);
#4721=EDGE_CURVE($,#3747,#3744,#2009,.T.);
#4722=EDGE_CURVE($,#3747,#3748,#2010,.T.);
#4723=EDGE_CURVE($,#3749,#3748,#2011,.T.);
#4724=EDGE_CURVE($,#3744,#3749,#2012,.T.);
#4725=EDGE_CURVE($,#3746,#3750,#2013,.T.);
#4726=EDGE_CURVE($,#3748,#3750,#2014,.T.);
#4727=EDGE_CURVE($,#3745,#3751,#2015,.T.);
#4728=EDGE_CURVE($,#3750,#3751,#2016,.T.);
#4729=EDGE_CURVE($,#3751,#3749,#2017,.T.);
#4730=EDGE_CURVE($,#3752,#3753,#2018,.T.);
#4731=EDGE_CURVE($,#3753,#3754,#2019,.T.);
#4732=EDGE_CURVE($,#3754,#3755,#2020,.T.);
#4733=EDGE_CURVE($,#3755,#3752,#2021,.T.);
#4734=EDGE_CURVE($,#3756,#3757,#2022,.T.);
#4735=EDGE_CURVE($,#3757,#3758,#2023,.T.);
#4736=EDGE_CURVE($,#3758,#3759,#2024,.T.);
#4737=EDGE_CURVE($,#3759,#3756,#2025,.T.);
#4738=EDGE_CURVE($,#3752,#3758,#2026,.T.);
#4739=EDGE_CURVE($,#3753,#3757,#2027,.T.);
#4740=EDGE_CURVE($,#3755,#3759,#2028,.T.);
#4741=EDGE_CURVE($,#3754,#3756,#2029,.T.);
#4742=EDGE_CURVE($,#3760,#3761,#2030,.T.);
#4743=EDGE_CURVE($,#3762,#3761,#2031,.T.);
#4744=EDGE_CURVE($,#3763,#3762,#2032,.T.);
#4745=EDGE_CURVE($,#3760,#3763,#2033,.T.);
#4746=EDGE_CURVE($,#3764,#3762,#2034,.T.);
#4747=EDGE_CURVE($,#3765,#3764,#2035,.T.);
#4748=EDGE_CURVE($,#3763,#3765,#2036,.T.);
#4749=EDGE_CURVE($,#3766,#3764,#2037,.T.);
#4750=EDGE_CURVE($,#3767,#3766,#2038,.T.);
#4751=EDGE_CURVE($,#3765,#3767,#2039,.T.);
#4752=EDGE_CURVE($,#3761,#3766,#2040,.T.);
#4753=EDGE_CURVE($,#3767,#3760,#2041,.T.);
#4754=EDGE_CURVE($,#3768,#3768,#90,.T.);
#4755=EDGE_CURVE($,#3769,#3769,#91,.T.);
#4756=EDGE_CURVE($,#3770,#3770,#92,.T.);
#4757=EDGE_CURVE($,#3771,#3771,#93,.T.);
#4758=EDGE_CURVE($,#3772,#3773,#2042,.F.);
#4759=EDGE_CURVE($,#3773,#3774,#2043,.F.);
#4760=EDGE_CURVE($,#3774,#3775,#2044,.F.);
#4761=EDGE_CURVE($,#3775,#3772,#2045,.F.);
#4762=EDGE_CURVE($,#3776,#3777,#2046,.T.);
#4763=EDGE_CURVE($,#3777,#3778,#2047,.T.);
#4764=EDGE_CURVE($,#3778,#3779,#2048,.T.);
#4765=EDGE_CURVE($,#3779,#3776,#2049,.T.);
#4766=EDGE_CURVE($,#3775,#3777,#2050,.T.);
#4767=EDGE_CURVE($,#3772,#3776,#2051,.T.);
#4768=EDGE_CURVE($,#3774,#3778,#2052,.T.);
#4769=EDGE_CURVE($,#3773,#3779,#2053,.T.);
#4770=EDGE_CURVE($,#3780,#3780,#94,.T.);
#4771=EDGE_CURVE($,#3781,#3781,#95,.T.);
#4772=EDGE_CURVE($,#3782,#3782,#96,.T.);
#4773=EDGE_CURVE($,#3783,#3783,#97,.T.);
#4774=EDGE_CURVE($,#3784,#3785,#2054,.T.);
#4775=EDGE_CURVE($,#3785,#3786,#2055,.T.);
#4776=EDGE_CURVE($,#3786,#3787,#2056,.T.);
#4777=EDGE_CURVE($,#3787,#3784,#2057,.T.);
#4778=EDGE_CURVE($,#3784,#3788,#2058,.T.);
#4779=EDGE_CURVE($,#3789,#3788,#2059,.T.);
#4780=EDGE_CURVE($,#3785,#3789,#2060,.T.);
#4781=EDGE_CURVE($,#3787,#3790,#2061,.T.);
#4782=EDGE_CURVE($,#3788,#3790,#2062,.T.);
#4783=EDGE_CURVE($,#3786,#3791,#2063,.T.);
#4784=EDGE_CURVE($,#3790,#3791,#2064,.T.);
#4785=EDGE_CURVE($,#3791,#3789,#2065,.T.);
#4786=EDGE_CURVE($,#3792,#3793,#98,.T.);
#4787=EDGE_CURVE($,#3793,#3794,#2066,.T.);
#4788=EDGE_CURVE($,#3794,#3795,#2067,.T.);
#4789=EDGE_CURVE($,#3795,#3796,#2068,.T.);
#4790=EDGE_CURVE($,#3796,#3797,#99,.T.);
#4791=EDGE_CURVE($,#3797,#3798,#2069,.T.);
#4792=EDGE_CURVE($,#3798,#3799,#2070,.T.);
#4793=EDGE_CURVE($,#3799,#3800,#2071,.T.);
#4794=EDGE_CURVE($,#3800,#3801,#100,.T.);
#4795=EDGE_CURVE($,#3801,#3802,#2072,.T.);
#4796=EDGE_CURVE($,#3802,#3803,#2073,.T.);
#4797=EDGE_CURVE($,#3803,#3804,#2074,.T.);
#4798=EDGE_CURVE($,#3804,#3805,#101,.T.);
#4799=EDGE_CURVE($,#3805,#3806,#2075,.T.);
#4800=EDGE_CURVE($,#3806,#3807,#2076,.T.);
#4801=EDGE_CURVE($,#3807,#3792,#2077,.T.);
#4802=EDGE_CURVE($,#3808,#3809,#2078,.T.);
#4803=EDGE_CURVE($,#3795,#3808,#2079,.T.);
#4804=EDGE_CURVE($,#3794,#3809,#2080,.T.);
#4805=EDGE_CURVE($,#3810,#3811,#2081,.T.);
#4806=EDGE_CURVE($,#3803,#3810,#2082,.T.);
#4807=EDGE_CURVE($,#3802,#3811,#2083,.T.);
#4808=EDGE_CURVE($,#3812,#3801,#2084,.T.);
#4809=EDGE_CURVE($,#3811,#3812,#2085,.T.);
#4810=EDGE_CURVE($,#3813,#3812,#26,.T.);
#4811=EDGE_CURVE($,#3813,#3810,#2086,.T.);
#4812=EDGE_CURVE($,#3796,#3814,#2087,.T.);
#4813=EDGE_CURVE($,#3814,#3808,#2088,.T.);
#4814=EDGE_CURVE($,#3814,#3815,#27,.T.);
#4815=EDGE_CURVE($,#3809,#3815,#2089,.T.);
#4816=EDGE_CURVE($,#3804,#3813,#2090,.T.);
#4817=EDGE_CURVE($,#3815,#3793,#2091,.T.);
#4818=EDGE_CURVE($,#3816,#3816,#102,.T.);
#4819=EDGE_CURVE($,#3792,#3817,#2092,.T.);
#4820=EDGE_CURVE($,#3817,#3818,#28,.T.);
#4821=EDGE_CURVE($,#3818,#3805,#2093,.T.);
#4822=EDGE_CURVE($,#3800,#3819,#2094,.T.);
#4823=EDGE_CURVE($,#3819,#3820,#29,.T.);
#4824=EDGE_CURVE($,#3820,#3797,#2095,.T.);
#4825=EDGE_CURVE($,#3821,#3822,#2096,.T.);
#4826=EDGE_CURVE($,#3799,#3821,#2097,.T.);
#4827=EDGE_CURVE($,#3798,#3822,#2098,.T.);
#4828=EDGE_CURVE($,#3823,#3824,#2099,.T.);
#4829=EDGE_CURVE($,#3807,#3823,#2100,.T.);
#4830=EDGE_CURVE($,#3806,#3824,#2101,.T.);
#4831=EDGE_CURVE($,#3824,#3818,#2102,.T.);
#4832=EDGE_CURVE($,#3817,#3823,#2103,.T.);
#4833=EDGE_CURVE($,#3819,#3821,#2104,.T.);
#4834=EDGE_CURVE($,#3822,#3820,#2105,.T.);
#4835=EDGE_CURVE($,#3825,#3826,#2106,.T.);
#4836=EDGE_CURVE($,#3827,#3825,#2107,.T.);
#4837=EDGE_CURVE($,#3828,#3827,#2108,.T.);
#4838=EDGE_CURVE($,#3826,#3828,#2109,.T.);
#4839=EDGE_CURVE($,#3829,#3830,#2110,.T.);
#4840=EDGE_CURVE($,#3831,#3829,#2111,.T.);
#4841=EDGE_CURVE($,#3831,#3832,#2112,.T.);
#4842=EDGE_CURVE($,#3830,#3832,#2113,.T.);
#4843=EDGE_CURVE($,#3833,#3825,#30,.T.);
#4844=EDGE_CURVE($,#3833,#3834,#2114,.T.);
#4845=EDGE_CURVE($,#3834,#3827,#2115,.T.);
#4846=EDGE_CURVE($,#3835,#3833,#2116,.T.);
#4847=EDGE_CURVE($,#3836,#3835,#2117,.T.);
#4848=EDGE_CURVE($,#3836,#3834,#2118,.T.);
#4849=EDGE_CURVE($,#3830,#3837,#31,.T.);
#4850=EDGE_CURVE($,#3832,#3838,#2119,.T.);
#4851=EDGE_CURVE($,#3838,#3837,#2120,.T.);
#4852=EDGE_CURVE($,#3837,#3839,#2121,.T.);
#4853=EDGE_CURVE($,#3840,#3838,#2122,.T.);
#4854=EDGE_CURVE($,#3839,#3840,#2123,.T.);
#4855=EDGE_CURVE($,#3840,#3831,#2124,.T.);
#4856=EDGE_CURVE($,#3828,#3836,#2125,.T.);
#4857=EDGE_CURVE($,#3841,#3841,#103,.T.);
#4858=EDGE_CURVE($,#3842,#3839,#104,.T.);
#4859=EDGE_CURVE($,#3842,#3843,#2126,.T.);
#4860=EDGE_CURVE($,#3843,#3844,#32,.T.);
#4861=EDGE_CURVE($,#3844,#3845,#2127,.T.);
#4862=EDGE_CURVE($,#3835,#3845,#105,.T.);
#4863=EDGE_CURVE($,#3846,#3826,#106,.T.);
#4864=EDGE_CURVE($,#3846,#3847,#2128,.T.);
#4865=EDGE_CURVE($,#3847,#3848,#33,.T.);
#4866=EDGE_CURVE($,#3848,#3849,#2129,.T.);
#4867=EDGE_CURVE($,#3829,#3849,#107,.T.);
#4868=EDGE_CURVE($,#3850,#3848,#2130,.T.);
#4869=EDGE_CURVE($,#3851,#3850,#2131,.T.);
#4870=EDGE_CURVE($,#3849,#3851,#2132,.T.);
#4871=EDGE_CURVE($,#3852,#3842,#2133,.T.);
#4872=EDGE_CURVE($,#3852,#3853,#2134,.T.);
#4873=EDGE_CURVE($,#3843,#3853,#2135,.T.);
#4874=EDGE_CURVE($,#3847,#3854,#2136,.T.);
#4875=EDGE_CURVE($,#3854,#3850,#2137,.T.);
#4876=EDGE_CURVE($,#3855,#3846,#2138,.T.);
#4877=EDGE_CURVE($,#3855,#3854,#2139,.T.);
#4878=EDGE_CURVE($,#3853,#3856,#2140,.T.);
#4879=EDGE_CURVE($,#3856,#3844,#2141,.T.);
#4880=EDGE_CURVE($,#3857,#3856,#2142,.T.);
#4881=EDGE_CURVE($,#3845,#3857,#2143,.T.);
#4882=EDGE_CURVE($,#3857,#3852,#2144,.T.);
#4883=EDGE_CURVE($,#3851,#3855,#2145,.T.);
#4884=EDGE_CURVE($,#3858,#3859,#2146,.T.);
#4885=EDGE_CURVE($,#3859,#3860,#2147,.T.);
#4886=EDGE_CURVE($,#3861,#3860,#2148,.T.);
#4887=EDGE_CURVE($,#3861,#3862,#2149,.T.);
#4888=EDGE_CURVE($,#3863,#3862,#2150,.T.);
#4889=EDGE_CURVE($,#3863,#3858,#2151,.T.);
#4890=EDGE_CURVE($,#3862,#3864,#2152,.T.);
#4891=EDGE_CURVE($,#3864,#3865,#2153,.T.);
#4892=EDGE_CURVE($,#3865,#3863,#2154,.T.);
#4893=EDGE_CURVE($,#3866,#3861,#2155,.T.);
#4894=EDGE_CURVE($,#3864,#3866,#2156,.F.);
#4895=EDGE_CURVE($,#3860,#3867,#2157,.T.);
#4896=EDGE_CURVE($,#3867,#3866,#2158,.T.);
#4897=EDGE_CURVE($,#3868,#3865,#2159,.F.);
#4898=EDGE_CURVE($,#3868,#3858,#2160,.T.);
#4899=EDGE_CURVE($,#3869,#3859,#2161,.T.);
#4900=EDGE_CURVE($,#3867,#3869,#2162,.F.);
#4901=EDGE_CURVE($,#3869,#3868,#2163,.F.);
#4902=EDGE_CURVE($,#3870,#3870,#108,.T.);
#4903=EDGE_CURVE($,#3871,#3871,#109,.T.);
#4904=EDGE_CURVE($,#3872,#3872,#110,.T.);
#4905=EDGE_CURVE($,#3873,#3873,#111,.T.);
#4906=EDGE_CURVE($,#3874,#3875,#2164,.T.);
#4907=EDGE_CURVE($,#3876,#3874,#2165,.T.);
#4908=EDGE_CURVE($,#3877,#3876,#2166,.T.);
#4909=EDGE_CURVE($,#3875,#3877,#2167,.F.);
#4910=EDGE_CURVE($,#3878,#3879,#2168,.T.);
#4911=EDGE_CURVE($,#3880,#3878,#2169,.T.);
#4912=EDGE_CURVE($,#3881,#3880,#2170,.T.);
#4913=EDGE_CURVE($,#3879,#3881,#2171,.T.);
#4914=EDGE_CURVE($,#3875,#3878,#2172,.T.);
#4915=EDGE_CURVE($,#3880,#3877,#2173,.T.);
#4916=EDGE_CURVE($,#3879,#3882,#2174,.T.);
#4917=EDGE_CURVE($,#3883,#3882,#2175,.T.);
#4918=EDGE_CURVE($,#3884,#3883,#2176,.T.);
#4919=EDGE_CURVE($,#3885,#3884,#2177,.T.);
#4920=EDGE_CURVE($,#3885,#3874,#2178,.T.);
#4921=EDGE_CURVE($,#3881,#3886,#2179,.T.);
#4922=EDGE_CURVE($,#3882,#3886,#2180,.T.);
#4923=EDGE_CURVE($,#3887,#3885,#2181,.T.);
#4924=EDGE_CURVE($,#3887,#3876,#2182,.T.);
#4925=EDGE_CURVE($,#3884,#3888,#2183,.T.);
#4926=EDGE_CURVE($,#3888,#3887,#2184,.T.);
#4927=EDGE_CURVE($,#3886,#3889,#2185,.T.);
#4928=EDGE_CURVE($,#3889,#3883,#2186,.T.);
#4929=EDGE_CURVE($,#3888,#3889,#2187,.T.);
#4930=EDGE_CURVE($,#3890,#3891,#2188,.T.);
#4931=EDGE_CURVE($,#3891,#3892,#2189,.T.);
#4932=EDGE_CURVE($,#3892,#3893,#2190,.T.);
#4933=EDGE_CURVE($,#3893,#3890,#2191,.T.);
#4934=EDGE_CURVE($,#3894,#3895,#2192,.T.);
#4935=EDGE_CURVE($,#3895,#3896,#2193,.T.);
#4936=EDGE_CURVE($,#3896,#3897,#2194,.T.);
#4937=EDGE_CURVE($,#3897,#3894,#2195,.T.);
#4938=EDGE_CURVE($,#3893,#3896,#2196,.T.);
#4939=EDGE_CURVE($,#3890,#3895,#2197,.T.);
#4940=EDGE_CURVE($,#3892,#3897,#2198,.T.);
#4941=EDGE_CURVE($,#3891,#3894,#2199,.T.);
#4942=EDGE_CURVE($,#3898,#3898,#112,.T.);
#4943=EDGE_CURVE($,#3899,#3899,#113,.T.);
#4944=EDGE_CURVE($,#3900,#3901,#2200,.T.);
#4945=EDGE_CURVE($,#3900,#3902,#2201,.T.);
#4946=EDGE_CURVE($,#3903,#3902,#2202,.T.);
#4947=EDGE_CURVE($,#3901,#3903,#2203,.F.);
#4948=EDGE_CURVE($,#3904,#3900,#2204,.T.);
#4949=EDGE_CURVE($,#3905,#3904,#2205,.T.);
#4950=EDGE_CURVE($,#3902,#3905,#2206,.T.);
#4951=EDGE_CURVE($,#3906,#3907,#2207,.T.);
#4952=EDGE_CURVE($,#3906,#3908,#2208,.T.);
#4953=EDGE_CURVE($,#3908,#3909,#2209,.F.);
#4954=EDGE_CURVE($,#3907,#3909,#2210,.F.);
#4955=EDGE_CURVE($,#3902,#3910,#2211,.T.);
#4956=EDGE_CURVE($,#3911,#3910,#2212,.T.);
#4957=EDGE_CURVE($,#3903,#3911,#2213,.F.);
#4958=EDGE_CURVE($,#3905,#3912,#2214,.T.);
#4959=EDGE_CURVE($,#3910,#3912,#2215,.T.);
#4960=EDGE_CURVE($,#3907,#3913,#2216,.F.);
#4961=EDGE_CURVE($,#3909,#3914,#2217,.F.);
#4962=EDGE_CURVE($,#3913,#3914,#2218,.F.);
#4963=EDGE_CURVE($,#3915,#3904,#2219,.T.);
#4964=EDGE_CURVE($,#3916,#3915,#2220,.T.);
#4965=EDGE_CURVE($,#3916,#3917,#2221,.T.);
#4966=EDGE_CURVE($,#3917,#3918,#2222,.F.);
#4967=EDGE_CURVE($,#3918,#3919,#2223,.T.);
#4968=EDGE_CURVE($,#3912,#3919,#2224,.F.);
#4969=EDGE_CURVE($,#3917,#3920,#2225,.T.);
#4970=EDGE_CURVE($,#3920,#3921,#2226,.F.);
#4971=EDGE_CURVE($,#3921,#3918,#2227,.T.);
#4972=EDGE_CURVE($,#3922,#3923,#2228,.T.);
#4973=EDGE_CURVE($,#3924,#3923,#2229,.F.);
#4974=EDGE_CURVE($,#3925,#3924,#2230,.F.);
#4975=EDGE_CURVE($,#3922,#3925,#2231,.T.);
#4976=EDGE_CURVE($,#3926,#3916,#2232,.T.);
#4977=EDGE_CURVE($,#3923,#3926,#2233,.T.);
#4978=EDGE_CURVE($,#3922,#3920,#2234,.F.);
#4979=EDGE_CURVE($,#3914,#3927,#2235,.F.);
#4980=EDGE_CURVE($,#3927,#3908,#2236,.F.);
#4981=EDGE_CURVE($,#3928,#3924,#2237,.F.);
#4982=EDGE_CURVE($,#3919,#3928,#2238,.T.);
#4983=EDGE_CURVE($,#3921,#3925,#2239,.F.);
#4984=EDGE_CURVE($,#3928,#3926,#2240,.T.);
#4985=EDGE_CURVE($,#3929,#3906,#2241,.F.);
#4986=EDGE_CURVE($,#3927,#3929,#2242,.F.);
#4987=EDGE_CURVE($,#3930,#3900,#2243,.T.);
#4988=EDGE_CURVE($,#3915,#3930,#2244,.T.);
#4989=EDGE_CURVE($,#3931,#3901,#2245,.F.);
#4990=EDGE_CURVE($,#3930,#3931,#2246,.T.);
#4991=EDGE_CURVE($,#3931,#3913,#2247,.T.);
#4992=EDGE_CURVE($,#3929,#3911,#2248,.T.);
#4993=ORIENTED_EDGE($,*,*,#3932,.F.);
#4994=ORIENTED_EDGE($,*,*,#3933,.F.);
#4995=ORIENTED_EDGE($,*,*,#3934,.T.);
#4996=ORIENTED_EDGE($,*,*,#3935,.F.);
#4997=ORIENTED_EDGE($,*,*,#3934,.F.);
#4998=ORIENTED_EDGE($,*,*,#3936,.T.);
#4999=ORIENTED_EDGE($,*,*,#3937,.F.);
#5000=ORIENTED_EDGE($,*,*,#3938,.F.);
#5001=ORIENTED_EDGE($,*,*,#3939,.F.);
#5002=ORIENTED_EDGE($,*,*,#3940,.F.);
#5003=ORIENTED_EDGE($,*,*,#3936,.F.);
#5004=ORIENTED_EDGE($,*,*,#3933,.T.);
#5005=ORIENTED_EDGE($,*,*,#3941,.F.);
#5006=ORIENTED_EDGE($,*,*,#3942,.F.);
#5007=ORIENTED_EDGE($,*,*,#3943,.F.);
#5008=ORIENTED_EDGE($,*,*,#3944,.F.);
#5009=ORIENTED_EDGE($,*,*,#3945,.T.);
#5010=ORIENTED_EDGE($,*,*,#3946,.T.);
#5011=ORIENTED_EDGE($,*,*,#3943,.T.);
#5012=ORIENTED_EDGE($,*,*,#3947,.F.);
#5013=ORIENTED_EDGE($,*,*,#3948,.F.);
#5014=ORIENTED_EDGE($,*,*,#3949,.F.);
#5015=ORIENTED_EDGE($,*,*,#3947,.T.);
#5016=ORIENTED_EDGE($,*,*,#3942,.T.);
#5017=ORIENTED_EDGE($,*,*,#3950,.F.);
#5018=ORIENTED_EDGE($,*,*,#3935,.T.);
#5019=ORIENTED_EDGE($,*,*,#3938,.T.);
#5020=ORIENTED_EDGE($,*,*,#3951,.F.);
#5021=ORIENTED_EDGE($,*,*,#3952,.F.);
#5022=ORIENTED_EDGE($,*,*,#3951,.T.);
#5023=ORIENTED_EDGE($,*,*,#3937,.T.);
#5024=ORIENTED_EDGE($,*,*,#3940,.T.);
#5025=ORIENTED_EDGE($,*,*,#3953,.F.);
#5026=ORIENTED_EDGE($,*,*,#3944,.T.);
#5027=ORIENTED_EDGE($,*,*,#3946,.F.);
#5028=ORIENTED_EDGE($,*,*,#3954,.F.);
#5029=ORIENTED_EDGE($,*,*,#3955,.F.);
#5030=ORIENTED_EDGE($,*,*,#3954,.T.);
#5031=ORIENTED_EDGE($,*,*,#3945,.F.);
#5032=ORIENTED_EDGE($,*,*,#3949,.T.);
#5033=ORIENTED_EDGE($,*,*,#3953,.T.);
#5034=ORIENTED_EDGE($,*,*,#3955,.T.);
#5035=ORIENTED_EDGE($,*,*,#3948,.T.);
#5036=ORIENTED_EDGE($,*,*,#3941,.T.);
#5037=ORIENTED_EDGE($,*,*,#3950,.T.);
#5038=ORIENTED_EDGE($,*,*,#3952,.T.);
#5039=ORIENTED_EDGE($,*,*,#3939,.T.);
#5040=ORIENTED_EDGE($,*,*,#3932,.T.);
#5041=ORIENTED_EDGE($,*,*,#3956,.T.);
#5042=ORIENTED_EDGE($,*,*,#3957,.T.);
#5043=ORIENTED_EDGE($,*,*,#3958,.T.);
#5044=ORIENTED_EDGE($,*,*,#3959,.T.);
#5045=ORIENTED_EDGE($,*,*,#3960,.T.);
#5046=ORIENTED_EDGE($,*,*,#3961,.T.);
#5047=ORIENTED_EDGE($,*,*,#3962,.T.);
#5048=ORIENTED_EDGE($,*,*,#3963,.T.);
#5049=ORIENTED_EDGE($,*,*,#3964,.T.);
#5050=ORIENTED_EDGE($,*,*,#3961,.F.);
#5051=ORIENTED_EDGE($,*,*,#3965,.F.);
#5052=ORIENTED_EDGE($,*,*,#3959,.F.);
#5053=ORIENTED_EDGE($,*,*,#3966,.T.);
#5054=ORIENTED_EDGE($,*,*,#3962,.F.);
#5055=ORIENTED_EDGE($,*,*,#3964,.F.);
#5056=ORIENTED_EDGE($,*,*,#3958,.F.);
#5057=ORIENTED_EDGE($,*,*,#3967,.T.);
#5058=ORIENTED_EDGE($,*,*,#3963,.F.);
#5059=ORIENTED_EDGE($,*,*,#3966,.F.);
#5060=ORIENTED_EDGE($,*,*,#3957,.F.);
#5061=ORIENTED_EDGE($,*,*,#3965,.T.);
#5062=ORIENTED_EDGE($,*,*,#3960,.F.);
#5063=ORIENTED_EDGE($,*,*,#3967,.F.);
#5064=ORIENTED_EDGE($,*,*,#3956,.F.);
#5065=ORIENTED_EDGE($,*,*,#3968,.T.);
#5066=ORIENTED_EDGE($,*,*,#3969,.T.);
#5067=ORIENTED_EDGE($,*,*,#3970,.T.);
#5068=ORIENTED_EDGE($,*,*,#3971,.F.);
#5069=ORIENTED_EDGE($,*,*,#3970,.F.);
#5070=ORIENTED_EDGE($,*,*,#3972,.F.);
#5071=ORIENTED_EDGE($,*,*,#3973,.F.);
#5072=ORIENTED_EDGE($,*,*,#3974,.T.);
#5073=ORIENTED_EDGE($,*,*,#3975,.T.);
#5074=ORIENTED_EDGE($,*,*,#3976,.F.);
#5075=ORIENTED_EDGE($,*,*,#3977,.F.);
#5076=ORIENTED_EDGE($,*,*,#3969,.F.);
#5077=ORIENTED_EDGE($,*,*,#3978,.F.);
#5078=ORIENTED_EDGE($,*,*,#3979,.F.);
#5079=ORIENTED_EDGE($,*,*,#3972,.T.);
#5080=ORIENTED_EDGE($,*,*,#3980,.F.);
#5081=ORIENTED_EDGE($,*,*,#3974,.F.);
#5082=ORIENTED_EDGE($,*,*,#3981,.F.);
#5083=ORIENTED_EDGE($,*,*,#3982,.T.);
#5084=ORIENTED_EDGE($,*,*,#3983,.T.);
#5085=ORIENTED_EDGE($,*,*,#3981,.T.);
#5086=ORIENTED_EDGE($,*,*,#3973,.T.);
#5087=ORIENTED_EDGE($,*,*,#3979,.T.);
#5088=ORIENTED_EDGE($,*,*,#3980,.T.);
#5089=ORIENTED_EDGE($,*,*,#3984,.T.);
#5090=ORIENTED_EDGE($,*,*,#3985,.F.);
#5091=ORIENTED_EDGE($,*,*,#3975,.F.);
#5092=ORIENTED_EDGE($,*,*,#3986,.T.);
#5093=ORIENTED_EDGE($,*,*,#3976,.T.);
#5094=ORIENTED_EDGE($,*,*,#3985,.T.);
#5095=ORIENTED_EDGE($,*,*,#3987,.T.);
#5096=ORIENTED_EDGE($,*,*,#3971,.T.);
#5097=ORIENTED_EDGE($,*,*,#3977,.T.);
#5098=ORIENTED_EDGE($,*,*,#3986,.F.);
#5099=ORIENTED_EDGE($,*,*,#3988,.F.);
#5100=ORIENTED_EDGE($,*,*,#3968,.F.);
#5101=ORIENTED_EDGE($,*,*,#3988,.T.);
#5102=ORIENTED_EDGE($,*,*,#3987,.F.);
#5103=ORIENTED_EDGE($,*,*,#3984,.F.);
#5104=ORIENTED_EDGE($,*,*,#3982,.F.);
#5105=ORIENTED_EDGE($,*,*,#3983,.F.);
#5106=ORIENTED_EDGE($,*,*,#3978,.T.);
#5107=ORIENTED_EDGE($,*,*,#3989,.T.);
#5108=ORIENTED_EDGE($,*,*,#3990,.T.);
#5109=ORIENTED_EDGE($,*,*,#3991,.T.);
#5110=ORIENTED_EDGE($,*,*,#3992,.T.);
#5111=ORIENTED_EDGE($,*,*,#3993,.T.);
#5112=ORIENTED_EDGE($,*,*,#3990,.F.);
#5113=ORIENTED_EDGE($,*,*,#3994,.F.);
#5114=ORIENTED_EDGE($,*,*,#3995,.F.);
#5115=ORIENTED_EDGE($,*,*,#3996,.T.);
#5116=ORIENTED_EDGE($,*,*,#3991,.F.);
#5117=ORIENTED_EDGE($,*,*,#3993,.F.);
#5118=ORIENTED_EDGE($,*,*,#3997,.F.);
#5119=ORIENTED_EDGE($,*,*,#3998,.T.);
#5120=ORIENTED_EDGE($,*,*,#3992,.F.);
#5121=ORIENTED_EDGE($,*,*,#3996,.F.);
#5122=ORIENTED_EDGE($,*,*,#3999,.F.);
#5123=ORIENTED_EDGE($,*,*,#3994,.T.);
#5124=ORIENTED_EDGE($,*,*,#3989,.F.);
#5125=ORIENTED_EDGE($,*,*,#3998,.F.);
#5126=ORIENTED_EDGE($,*,*,#4000,.F.);
#5127=ORIENTED_EDGE($,*,*,#4001,.F.);
#5128=ORIENTED_EDGE($,*,*,#4002,.F.);
#5129=ORIENTED_EDGE($,*,*,#3995,.T.);
#5130=ORIENTED_EDGE($,*,*,#4000,.T.);
#5131=ORIENTED_EDGE($,*,*,#3999,.T.);
#5132=ORIENTED_EDGE($,*,*,#3997,.T.);
#5133=ORIENTED_EDGE($,*,*,#4001,.T.);
#5134=ORIENTED_EDGE($,*,*,#4002,.T.);
#5135=ORIENTED_EDGE($,*,*,#4003,.T.);
#5136=ORIENTED_EDGE($,*,*,#4004,.T.);
#5137=ORIENTED_EDGE($,*,*,#4005,.T.);
#5138=ORIENTED_EDGE($,*,*,#4006,.T.);
#5139=ORIENTED_EDGE($,*,*,#4007,.T.);
#5140=ORIENTED_EDGE($,*,*,#4004,.F.);
#5141=ORIENTED_EDGE($,*,*,#4008,.F.);
#5142=ORIENTED_EDGE($,*,*,#4009,.F.);
#5143=ORIENTED_EDGE($,*,*,#4010,.T.);
#5144=ORIENTED_EDGE($,*,*,#4005,.F.);
#5145=ORIENTED_EDGE($,*,*,#4007,.F.);
#5146=ORIENTED_EDGE($,*,*,#4011,.F.);
#5147=ORIENTED_EDGE($,*,*,#4012,.T.);
#5148=ORIENTED_EDGE($,*,*,#4006,.F.);
#5149=ORIENTED_EDGE($,*,*,#4010,.F.);
#5150=ORIENTED_EDGE($,*,*,#4013,.F.);
#5151=ORIENTED_EDGE($,*,*,#4008,.T.);
#5152=ORIENTED_EDGE($,*,*,#4003,.F.);
#5153=ORIENTED_EDGE($,*,*,#4012,.F.);
#5154=ORIENTED_EDGE($,*,*,#4014,.F.);
#5155=ORIENTED_EDGE($,*,*,#4015,.F.);
#5156=ORIENTED_EDGE($,*,*,#4016,.F.);
#5157=ORIENTED_EDGE($,*,*,#4015,.T.);
#5158=ORIENTED_EDGE($,*,*,#4009,.T.);
#5159=ORIENTED_EDGE($,*,*,#4014,.T.);
#5160=ORIENTED_EDGE($,*,*,#4013,.T.);
#5161=ORIENTED_EDGE($,*,*,#4011,.T.);
#5162=ORIENTED_EDGE($,*,*,#4016,.T.);
#5163=ORIENTED_EDGE($,*,*,#4017,.T.);
#5164=ORIENTED_EDGE($,*,*,#4018,.T.);
#5165=ORIENTED_EDGE($,*,*,#4019,.T.);
#5166=ORIENTED_EDGE($,*,*,#4020,.T.);
#5167=ORIENTED_EDGE($,*,*,#4021,.T.);
#5168=ORIENTED_EDGE($,*,*,#4018,.F.);
#5169=ORIENTED_EDGE($,*,*,#4022,.F.);
#5170=ORIENTED_EDGE($,*,*,#4023,.F.);
#5171=ORIENTED_EDGE($,*,*,#4024,.T.);
#5172=ORIENTED_EDGE($,*,*,#4019,.F.);
#5173=ORIENTED_EDGE($,*,*,#4021,.F.);
#5174=ORIENTED_EDGE($,*,*,#4025,.F.);
#5175=ORIENTED_EDGE($,*,*,#4026,.T.);
#5176=ORIENTED_EDGE($,*,*,#4020,.F.);
#5177=ORIENTED_EDGE($,*,*,#4024,.F.);
#5178=ORIENTED_EDGE($,*,*,#4027,.F.);
#5179=ORIENTED_EDGE($,*,*,#4022,.T.);
#5180=ORIENTED_EDGE($,*,*,#4017,.F.);
#5181=ORIENTED_EDGE($,*,*,#4026,.F.);
#5182=ORIENTED_EDGE($,*,*,#4028,.F.);
#5183=ORIENTED_EDGE($,*,*,#4029,.F.);
#5184=ORIENTED_EDGE($,*,*,#4030,.F.);
#5185=ORIENTED_EDGE($,*,*,#4029,.T.);
#5186=ORIENTED_EDGE($,*,*,#4023,.T.);
#5187=ORIENTED_EDGE($,*,*,#4028,.T.);
#5188=ORIENTED_EDGE($,*,*,#4027,.T.);
#5189=ORIENTED_EDGE($,*,*,#4025,.T.);
#5190=ORIENTED_EDGE($,*,*,#4030,.T.);
#5191=ORIENTED_EDGE($,*,*,#4031,.T.);
#5192=ORIENTED_EDGE($,*,*,#4032,.T.);
#5193=ORIENTED_EDGE($,*,*,#4033,.T.);
#5194=ORIENTED_EDGE($,*,*,#4034,.T.);
#5195=ORIENTED_EDGE($,*,*,#4035,.T.);
#5196=ORIENTED_EDGE($,*,*,#4032,.F.);
#5197=ORIENTED_EDGE($,*,*,#4036,.F.);
#5198=ORIENTED_EDGE($,*,*,#4037,.F.);
#5199=ORIENTED_EDGE($,*,*,#4038,.T.);
#5200=ORIENTED_EDGE($,*,*,#4033,.F.);
#5201=ORIENTED_EDGE($,*,*,#4035,.F.);
#5202=ORIENTED_EDGE($,*,*,#4039,.F.);
#5203=ORIENTED_EDGE($,*,*,#4040,.T.);
#5204=ORIENTED_EDGE($,*,*,#4034,.F.);
#5205=ORIENTED_EDGE($,*,*,#4038,.F.);
#5206=ORIENTED_EDGE($,*,*,#4041,.F.);
#5207=ORIENTED_EDGE($,*,*,#4036,.T.);
#5208=ORIENTED_EDGE($,*,*,#4031,.F.);
#5209=ORIENTED_EDGE($,*,*,#4040,.F.);
#5210=ORIENTED_EDGE($,*,*,#4042,.F.);
#5211=ORIENTED_EDGE($,*,*,#4043,.F.);
#5212=ORIENTED_EDGE($,*,*,#4044,.F.);
#5213=ORIENTED_EDGE($,*,*,#4037,.T.);
#5214=ORIENTED_EDGE($,*,*,#4042,.T.);
#5215=ORIENTED_EDGE($,*,*,#4041,.T.);
#5216=ORIENTED_EDGE($,*,*,#4039,.T.);
#5217=ORIENTED_EDGE($,*,*,#4043,.T.);
#5218=ORIENTED_EDGE($,*,*,#4044,.T.);
#5219=ORIENTED_EDGE($,*,*,#4045,.T.);
#5220=ORIENTED_EDGE($,*,*,#4046,.T.);
#5221=ORIENTED_EDGE($,*,*,#4047,.T.);
#5222=ORIENTED_EDGE($,*,*,#4048,.T.);
#5223=ORIENTED_EDGE($,*,*,#4049,.T.);
#5224=ORIENTED_EDGE($,*,*,#4046,.F.);
#5225=ORIENTED_EDGE($,*,*,#4050,.F.);
#5226=ORIENTED_EDGE($,*,*,#4051,.F.);
#5227=ORIENTED_EDGE($,*,*,#4052,.T.);
#5228=ORIENTED_EDGE($,*,*,#4047,.F.);
#5229=ORIENTED_EDGE($,*,*,#4049,.F.);
#5230=ORIENTED_EDGE($,*,*,#4053,.F.);
#5231=ORIENTED_EDGE($,*,*,#4054,.T.);
#5232=ORIENTED_EDGE($,*,*,#4048,.F.);
#5233=ORIENTED_EDGE($,*,*,#4052,.F.);
#5234=ORIENTED_EDGE($,*,*,#4055,.F.);
#5235=ORIENTED_EDGE($,*,*,#4050,.T.);
#5236=ORIENTED_EDGE($,*,*,#4045,.F.);
#5237=ORIENTED_EDGE($,*,*,#4054,.F.);
#5238=ORIENTED_EDGE($,*,*,#4056,.F.);
#5239=ORIENTED_EDGE($,*,*,#4057,.F.);
#5240=ORIENTED_EDGE($,*,*,#4058,.F.);
#5241=ORIENTED_EDGE($,*,*,#4057,.T.);
#5242=ORIENTED_EDGE($,*,*,#4051,.T.);
#5243=ORIENTED_EDGE($,*,*,#4056,.T.);
#5244=ORIENTED_EDGE($,*,*,#4055,.T.);
#5245=ORIENTED_EDGE($,*,*,#4053,.T.);
#5246=ORIENTED_EDGE($,*,*,#4058,.T.);
#5247=ORIENTED_EDGE($,*,*,#4059,.T.);
#5248=ORIENTED_EDGE($,*,*,#4060,.T.);
#5249=ORIENTED_EDGE($,*,*,#4061,.T.);
#5250=ORIENTED_EDGE($,*,*,#4062,.T.);
#5251=ORIENTED_EDGE($,*,*,#4063,.T.);
#5252=ORIENTED_EDGE($,*,*,#4060,.F.);
#5253=ORIENTED_EDGE($,*,*,#4064,.F.);
#5254=ORIENTED_EDGE($,*,*,#4065,.F.);
#5255=ORIENTED_EDGE($,*,*,#4066,.T.);
#5256=ORIENTED_EDGE($,*,*,#4061,.F.);
#5257=ORIENTED_EDGE($,*,*,#4063,.F.);
#5258=ORIENTED_EDGE($,*,*,#4067,.F.);
#5259=ORIENTED_EDGE($,*,*,#4068,.T.);
#5260=ORIENTED_EDGE($,*,*,#4062,.F.);
#5261=ORIENTED_EDGE($,*,*,#4066,.F.);
#5262=ORIENTED_EDGE($,*,*,#4069,.F.);
#5263=ORIENTED_EDGE($,*,*,#4064,.T.);
#5264=ORIENTED_EDGE($,*,*,#4059,.F.);
#5265=ORIENTED_EDGE($,*,*,#4068,.F.);
#5266=ORIENTED_EDGE($,*,*,#4070,.F.);
#5267=ORIENTED_EDGE($,*,*,#4071,.F.);
#5268=ORIENTED_EDGE($,*,*,#4072,.F.);
#5269=ORIENTED_EDGE($,*,*,#4065,.T.);
#5270=ORIENTED_EDGE($,*,*,#4070,.T.);
#5271=ORIENTED_EDGE($,*,*,#4069,.T.);
#5272=ORIENTED_EDGE($,*,*,#4067,.T.);
#5273=ORIENTED_EDGE($,*,*,#4071,.T.);
#5274=ORIENTED_EDGE($,*,*,#4072,.T.);
#5275=ORIENTED_EDGE($,*,*,#4073,.F.);
#5276=ORIENTED_EDGE($,*,*,#4074,.F.);
#5277=ORIENTED_EDGE($,*,*,#4075,.F.);
#5278=ORIENTED_EDGE($,*,*,#4076,.T.);
#5279=ORIENTED_EDGE($,*,*,#4077,.T.);
#5280=ORIENTED_EDGE($,*,*,#4078,.T.);
#5281=ORIENTED_EDGE($,*,*,#4079,.F.);
#5282=ORIENTED_EDGE($,*,*,#4080,.F.);
#5283=ORIENTED_EDGE($,*,*,#4081,.T.);
#5284=ORIENTED_EDGE($,*,*,#4082,.T.);
#5285=ORIENTED_EDGE($,*,*,#4075,.T.);
#5286=ORIENTED_EDGE($,*,*,#4083,.T.);
#5287=ORIENTED_EDGE($,*,*,#4084,.F.);
#5288=ORIENTED_EDGE($,*,*,#4085,.F.);
#5289=ORIENTED_EDGE($,*,*,#4080,.T.);
#5290=ORIENTED_EDGE($,*,*,#4086,.F.);
#5291=ORIENTED_EDGE($,*,*,#4087,.F.);
#5292=ORIENTED_EDGE($,*,*,#4086,.T.);
#5293=ORIENTED_EDGE($,*,*,#4079,.T.);
#5294=ORIENTED_EDGE($,*,*,#4088,.F.);
#5295=ORIENTED_EDGE($,*,*,#4085,.T.);
#5296=ORIENTED_EDGE($,*,*,#4087,.T.);
#5297=ORIENTED_EDGE($,*,*,#4089,.T.);
#5298=ORIENTED_EDGE($,*,*,#4073,.T.);
#5299=ORIENTED_EDGE($,*,*,#4090,.T.);
#5300=ORIENTED_EDGE($,*,*,#4091,.T.);
#5301=ORIENTED_EDGE($,*,*,#4092,.F.);
#5302=ORIENTED_EDGE($,*,*,#4093,.F.);
#5303=ORIENTED_EDGE($,*,*,#4094,.T.);
#5304=ORIENTED_EDGE($,*,*,#4095,.T.);
#5305=ORIENTED_EDGE($,*,*,#4096,.T.);
#5306=ORIENTED_EDGE($,*,*,#4097,.T.);
#5307=ORIENTED_EDGE($,*,*,#4098,.T.);
#5308=ORIENTED_EDGE($,*,*,#4099,.T.);
#5309=ORIENTED_EDGE($,*,*,#4100,.T.);
#5310=ORIENTED_EDGE($,*,*,#4092,.T.);
#5311=ORIENTED_EDGE($,*,*,#4101,.T.);
#5312=ORIENTED_EDGE($,*,*,#4084,.T.);
#5313=ORIENTED_EDGE($,*,*,#4102,.F.);
#5314=ORIENTED_EDGE($,*,*,#4103,.T.);
#5315=ORIENTED_EDGE($,*,*,#4093,.T.);
#5316=ORIENTED_EDGE($,*,*,#4100,.F.);
#5317=ORIENTED_EDGE($,*,*,#4083,.F.);
#5318=ORIENTED_EDGE($,*,*,#4074,.T.);
#5319=ORIENTED_EDGE($,*,*,#4089,.F.);
#5320=ORIENTED_EDGE($,*,*,#4088,.T.);
#5321=ORIENTED_EDGE($,*,*,#4078,.F.);
#5322=ORIENTED_EDGE($,*,*,#4104,.T.);
#5323=ORIENTED_EDGE($,*,*,#4099,.F.);
#5324=ORIENTED_EDGE($,*,*,#4105,.T.);
#5325=ORIENTED_EDGE($,*,*,#4095,.F.);
#5326=ORIENTED_EDGE($,*,*,#4104,.F.);
#5327=ORIENTED_EDGE($,*,*,#4077,.F.);
#5328=ORIENTED_EDGE($,*,*,#4106,.T.);
#5329=ORIENTED_EDGE($,*,*,#4107,.F.);
#5330=ORIENTED_EDGE($,*,*,#4096,.F.);
#5331=ORIENTED_EDGE($,*,*,#4106,.F.);
#5332=ORIENTED_EDGE($,*,*,#4081,.F.);
#5333=ORIENTED_EDGE($,*,*,#4090,.F.);
#5334=ORIENTED_EDGE($,*,*,#4076,.F.);
#5335=ORIENTED_EDGE($,*,*,#4082,.F.);
#5336=ORIENTED_EDGE($,*,*,#4101,.F.);
#5337=ORIENTED_EDGE($,*,*,#4091,.F.);
#5338=ORIENTED_EDGE($,*,*,#4108,.F.);
#5339=ORIENTED_EDGE($,*,*,#4109,.F.);
#5340=ORIENTED_EDGE($,*,*,#4110,.F.);
#5341=ORIENTED_EDGE($,*,*,#4097,.F.);
#5342=ORIENTED_EDGE($,*,*,#4111,.F.);
#5343=ORIENTED_EDGE($,*,*,#4108,.T.);
#5344=ORIENTED_EDGE($,*,*,#4094,.F.);
#5345=ORIENTED_EDGE($,*,*,#4103,.F.);
#5346=ORIENTED_EDGE($,*,*,#4112,.F.);
#5347=ORIENTED_EDGE($,*,*,#4105,.F.);
#5348=ORIENTED_EDGE($,*,*,#4098,.F.);
#5349=ORIENTED_EDGE($,*,*,#4110,.T.);
#5350=ORIENTED_EDGE($,*,*,#4107,.T.);
#5351=ORIENTED_EDGE($,*,*,#4111,.T.);
#5352=ORIENTED_EDGE($,*,*,#4102,.T.);
#5353=ORIENTED_EDGE($,*,*,#4112,.T.);
#5354=ORIENTED_EDGE($,*,*,#4109,.T.);
#5355=ORIENTED_EDGE($,*,*,#4113,.T.);
#5356=ORIENTED_EDGE($,*,*,#4114,.T.);
#5357=ORIENTED_EDGE($,*,*,#4115,.T.);
#5358=ORIENTED_EDGE($,*,*,#4116,.T.);
#5359=ORIENTED_EDGE($,*,*,#4117,.T.);
#5360=ORIENTED_EDGE($,*,*,#4118,.T.);
#5361=ORIENTED_EDGE($,*,*,#4119,.T.);
#5362=ORIENTED_EDGE($,*,*,#4120,.T.);
#5363=ORIENTED_EDGE($,*,*,#4121,.T.);
#5364=ORIENTED_EDGE($,*,*,#4118,.F.);
#5365=ORIENTED_EDGE($,*,*,#4122,.F.);
#5366=ORIENTED_EDGE($,*,*,#4116,.F.);
#5367=ORIENTED_EDGE($,*,*,#4123,.T.);
#5368=ORIENTED_EDGE($,*,*,#4119,.F.);
#5369=ORIENTED_EDGE($,*,*,#4121,.F.);
#5370=ORIENTED_EDGE($,*,*,#4115,.F.);
#5371=ORIENTED_EDGE($,*,*,#4124,.T.);
#5372=ORIENTED_EDGE($,*,*,#4120,.F.);
#5373=ORIENTED_EDGE($,*,*,#4123,.F.);
#5374=ORIENTED_EDGE($,*,*,#4114,.F.);
#5375=ORIENTED_EDGE($,*,*,#4122,.T.);
#5376=ORIENTED_EDGE($,*,*,#4117,.F.);
#5377=ORIENTED_EDGE($,*,*,#4124,.F.);
#5378=ORIENTED_EDGE($,*,*,#4113,.F.);
#5379=ORIENTED_EDGE($,*,*,#4125,.T.);
#5380=ORIENTED_EDGE($,*,*,#4126,.T.);
#5381=ORIENTED_EDGE($,*,*,#4127,.T.);
#5382=ORIENTED_EDGE($,*,*,#4128,.T.);
#5383=ORIENTED_EDGE($,*,*,#4129,.F.);
#5384=ORIENTED_EDGE($,*,*,#4127,.F.);
#5385=ORIENTED_EDGE($,*,*,#4130,.F.);
#5386=ORIENTED_EDGE($,*,*,#4130,.T.);
#5387=ORIENTED_EDGE($,*,*,#4131,.T.);
#5388=ORIENTED_EDGE($,*,*,#4132,.T.);
#5389=ORIENTED_EDGE($,*,*,#4133,.T.);
#5390=ORIENTED_EDGE($,*,*,#4134,.F.);
#5391=ORIENTED_EDGE($,*,*,#4135,.F.);
#5392=ORIENTED_EDGE($,*,*,#4136,.F.);
#5393=ORIENTED_EDGE($,*,*,#4137,.T.);
#5394=ORIENTED_EDGE($,*,*,#4138,.T.);
#5395=ORIENTED_EDGE($,*,*,#4139,.T.);
#5396=ORIENTED_EDGE($,*,*,#4136,.T.);
#5397=ORIENTED_EDGE($,*,*,#4140,.T.);
#5398=ORIENTED_EDGE($,*,*,#4134,.T.);
#5399=ORIENTED_EDGE($,*,*,#4141,.T.);
#5400=ORIENTED_EDGE($,*,*,#4142,.T.);
#5401=ORIENTED_EDGE($,*,*,#4143,.T.);
#5402=ORIENTED_EDGE($,*,*,#4141,.F.);
#5403=ORIENTED_EDGE($,*,*,#4133,.F.);
#5404=ORIENTED_EDGE($,*,*,#4139,.F.);
#5405=ORIENTED_EDGE($,*,*,#4144,.T.);
#5406=ORIENTED_EDGE($,*,*,#4142,.F.);
#5407=ORIENTED_EDGE($,*,*,#4143,.F.);
#5408=ORIENTED_EDGE($,*,*,#4138,.F.);
#5409=ORIENTED_EDGE($,*,*,#4135,.T.);
#5410=ORIENTED_EDGE($,*,*,#4140,.F.);
#5411=ORIENTED_EDGE($,*,*,#4144,.F.);
#5412=ORIENTED_EDGE($,*,*,#4137,.F.);
#5413=ORIENTED_EDGE($,*,*,#4145,.F.);
#5414=ORIENTED_EDGE($,*,*,#4125,.F.);
#5415=ORIENTED_EDGE($,*,*,#4131,.F.);
#5416=ORIENTED_EDGE($,*,*,#4129,.T.);
#5417=ORIENTED_EDGE($,*,*,#4128,.F.);
#5418=ORIENTED_EDGE($,*,*,#4145,.T.);
#5419=ORIENTED_EDGE($,*,*,#4126,.F.);
#5420=ORIENTED_EDGE($,*,*,#4146,.F.);
#5421=ORIENTED_EDGE($,*,*,#4147,.F.);
#5422=ORIENTED_EDGE($,*,*,#4146,.T.);
#5423=ORIENTED_EDGE($,*,*,#4147,.T.);
#5424=ORIENTED_EDGE($,*,*,#4132,.F.);
#5425=ORIENTED_EDGE($,*,*,#4148,.F.);
#5426=ORIENTED_EDGE($,*,*,#4149,.F.);
#5427=ORIENTED_EDGE($,*,*,#4150,.F.);
#5428=ORIENTED_EDGE($,*,*,#4151,.F.);
#5429=ORIENTED_EDGE($,*,*,#4152,.F.);
#5430=ORIENTED_EDGE($,*,*,#4153,.F.);
#5431=ORIENTED_EDGE($,*,*,#4154,.F.);
#5432=ORIENTED_EDGE($,*,*,#4155,.F.);
#5433=ORIENTED_EDGE($,*,*,#4156,.F.);
#5434=ORIENTED_EDGE($,*,*,#4157,.F.);
#5435=ORIENTED_EDGE($,*,*,#4155,.T.);
#5436=ORIENTED_EDGE($,*,*,#4158,.T.);
#5437=ORIENTED_EDGE($,*,*,#4152,.T.);
#5438=ORIENTED_EDGE($,*,*,#4159,.F.);
#5439=ORIENTED_EDGE($,*,*,#4154,.T.);
#5440=ORIENTED_EDGE($,*,*,#4160,.F.);
#5441=ORIENTED_EDGE($,*,*,#4148,.T.);
#5442=ORIENTED_EDGE($,*,*,#4158,.F.);
#5443=ORIENTED_EDGE($,*,*,#4156,.T.);
#5444=ORIENTED_EDGE($,*,*,#4159,.T.);
#5445=ORIENTED_EDGE($,*,*,#4151,.T.);
#5446=ORIENTED_EDGE($,*,*,#4161,.T.);
#5447=ORIENTED_EDGE($,*,*,#4157,.T.);
#5448=ORIENTED_EDGE($,*,*,#4161,.F.);
#5449=ORIENTED_EDGE($,*,*,#4150,.T.);
#5450=ORIENTED_EDGE($,*,*,#4162,.T.);
#5451=ORIENTED_EDGE($,*,*,#4153,.T.);
#5452=ORIENTED_EDGE($,*,*,#4162,.F.);
#5453=ORIENTED_EDGE($,*,*,#4149,.T.);
#5454=ORIENTED_EDGE($,*,*,#4160,.T.);
#5455=ORIENTED_EDGE($,*,*,#4163,.F.);
#5456=ORIENTED_EDGE($,*,*,#4164,.F.);
#5457=ORIENTED_EDGE($,*,*,#4165,.F.);
#5458=ORIENTED_EDGE($,*,*,#4166,.F.);
#5459=ORIENTED_EDGE($,*,*,#4167,.F.);
#5460=ORIENTED_EDGE($,*,*,#4168,.F.);
#5461=ORIENTED_EDGE($,*,*,#4169,.F.);
#5462=ORIENTED_EDGE($,*,*,#4170,.F.);
#5463=ORIENTED_EDGE($,*,*,#4169,.T.);
#5464=ORIENTED_EDGE($,*,*,#4171,.T.);
#5465=ORIENTED_EDGE($,*,*,#4172,.T.);
#5466=ORIENTED_EDGE($,*,*,#4173,.F.);
#5467=ORIENTED_EDGE($,*,*,#4174,.F.);
#5468=ORIENTED_EDGE($,*,*,#4175,.F.);
#5469=ORIENTED_EDGE($,*,*,#4176,.T.);
#5470=ORIENTED_EDGE($,*,*,#4177,.T.);
#5471=ORIENTED_EDGE($,*,*,#4167,.T.);
#5472=ORIENTED_EDGE($,*,*,#4178,.T.);
#5473=ORIENTED_EDGE($,*,*,#4179,.T.);
#5474=ORIENTED_EDGE($,*,*,#4180,.T.);
#5475=ORIENTED_EDGE($,*,*,#4181,.F.);
#5476=ORIENTED_EDGE($,*,*,#4182,.F.);
#5477=ORIENTED_EDGE($,*,*,#4183,.T.);
#5478=ORIENTED_EDGE($,*,*,#4184,.T.);
#5479=ORIENTED_EDGE($,*,*,#4165,.T.);
#5480=ORIENTED_EDGE($,*,*,#4185,.T.);
#5481=ORIENTED_EDGE($,*,*,#4186,.T.);
#5482=ORIENTED_EDGE($,*,*,#4187,.F.);
#5483=ORIENTED_EDGE($,*,*,#4188,.F.);
#5484=ORIENTED_EDGE($,*,*,#4189,.T.);
#5485=ORIENTED_EDGE($,*,*,#4190,.T.);
#5486=ORIENTED_EDGE($,*,*,#4191,.T.);
#5487=ORIENTED_EDGE($,*,*,#4192,.F.);
#5488=ORIENTED_EDGE($,*,*,#4193,.F.);
#5489=ORIENTED_EDGE($,*,*,#4194,.F.);
#5490=ORIENTED_EDGE($,*,*,#4195,.F.);
#5491=ORIENTED_EDGE($,*,*,#4196,.F.);
#5492=ORIENTED_EDGE($,*,*,#4197,.F.);
#5493=ORIENTED_EDGE($,*,*,#4198,.F.);
#5494=ORIENTED_EDGE($,*,*,#4199,.F.);
#5495=ORIENTED_EDGE($,*,*,#4198,.T.);
#5496=ORIENTED_EDGE($,*,*,#4200,.T.);
#5497=ORIENTED_EDGE($,*,*,#4201,.T.);
#5498=ORIENTED_EDGE($,*,*,#4202,.F.);
#5499=ORIENTED_EDGE($,*,*,#4203,.F.);
#5500=ORIENTED_EDGE($,*,*,#4204,.F.);
#5501=ORIENTED_EDGE($,*,*,#4205,.T.);
#5502=ORIENTED_EDGE($,*,*,#4206,.T.);
#5503=ORIENTED_EDGE($,*,*,#4196,.T.);
#5504=ORIENTED_EDGE($,*,*,#4207,.T.);
#5505=ORIENTED_EDGE($,*,*,#4208,.T.);
#5506=ORIENTED_EDGE($,*,*,#4209,.T.);
#5507=ORIENTED_EDGE($,*,*,#4210,.F.);
#5508=ORIENTED_EDGE($,*,*,#4211,.F.);
#5509=ORIENTED_EDGE($,*,*,#4212,.T.);
#5510=ORIENTED_EDGE($,*,*,#4213,.T.);
#5511=ORIENTED_EDGE($,*,*,#4214,.F.);
#5512=ORIENTED_EDGE($,*,*,#4186,.F.);
#5513=ORIENTED_EDGE($,*,*,#4215,.T.);
#5514=ORIENTED_EDGE($,*,*,#4216,.F.);
#5515=ORIENTED_EDGE($,*,*,#4217,.F.);
#5516=ORIENTED_EDGE($,*,*,#4218,.F.);
#5517=ORIENTED_EDGE($,*,*,#4219,.T.);
#5518=ORIENTED_EDGE($,*,*,#4183,.F.);
#5519=ORIENTED_EDGE($,*,*,#4214,.T.);
#5520=ORIENTED_EDGE($,*,*,#4220,.F.);
#5521=ORIENTED_EDGE($,*,*,#4221,.F.);
#5522=ORIENTED_EDGE($,*,*,#4187,.T.);
#5523=ORIENTED_EDGE($,*,*,#4217,.T.);
#5524=ORIENTED_EDGE($,*,*,#4182,.T.);
#5525=ORIENTED_EDGE($,*,*,#4222,.T.);
#5526=ORIENTED_EDGE($,*,*,#4223,.F.);
#5527=ORIENTED_EDGE($,*,*,#4224,.F.);
#5528=ORIENTED_EDGE($,*,*,#4225,.F.);
#5529=ORIENTED_EDGE($,*,*,#4226,.T.);
#5530=ORIENTED_EDGE($,*,*,#4227,.F.);
#5531=ORIENTED_EDGE($,*,*,#4228,.F.);
#5532=ORIENTED_EDGE($,*,*,#4172,.F.);
#5533=ORIENTED_EDGE($,*,*,#4229,.T.);
#5534=ORIENTED_EDGE($,*,*,#4212,.F.);
#5535=ORIENTED_EDGE($,*,*,#4224,.T.);
#5536=ORIENTED_EDGE($,*,*,#4230,.T.);
#5537=ORIENTED_EDGE($,*,*,#4231,.F.);
#5538=ORIENTED_EDGE($,*,*,#4232,.T.);
#5539=ORIENTED_EDGE($,*,*,#4228,.T.);
#5540=ORIENTED_EDGE($,*,*,#4211,.T.);
#5541=ORIENTED_EDGE($,*,*,#4233,.T.);
#5542=ORIENTED_EDGE($,*,*,#4173,.T.);
#5543=ORIENTED_EDGE($,*,*,#4234,.T.);
#5544=ORIENTED_EDGE($,*,*,#4235,.T.);
#5545=ORIENTED_EDGE($,*,*,#4236,.T.);
#5546=ORIENTED_EDGE($,*,*,#4237,.F.);
#5547=ORIENTED_EDGE($,*,*,#4238,.F.);
#5548=ORIENTED_EDGE($,*,*,#4220,.T.);
#5549=ORIENTED_EDGE($,*,*,#4216,.T.);
#5550=ORIENTED_EDGE($,*,*,#4239,.T.);
#5551=ORIENTED_EDGE($,*,*,#4218,.T.);
#5552=ORIENTED_EDGE($,*,*,#4223,.T.);
#5553=ORIENTED_EDGE($,*,*,#4240,.T.);
#5554=ORIENTED_EDGE($,*,*,#4241,.T.);
#5555=ORIENTED_EDGE($,*,*,#4163,.T.);
#5556=ORIENTED_EDGE($,*,*,#4242,.T.);
#5557=ORIENTED_EDGE($,*,*,#4243,.T.);
#5558=ORIENTED_EDGE($,*,*,#4244,.F.);
#5559=ORIENTED_EDGE($,*,*,#4245,.F.);
#5560=ORIENTED_EDGE($,*,*,#4230,.F.);
#5561=ORIENTED_EDGE($,*,*,#4227,.T.);
#5562=ORIENTED_EDGE($,*,*,#4246,.T.);
#5563=ORIENTED_EDGE($,*,*,#4247,.F.);
#5564=ORIENTED_EDGE($,*,*,#4248,.F.);
#5565=ORIENTED_EDGE($,*,*,#4249,.F.);
#5566=ORIENTED_EDGE($,*,*,#4250,.F.);
#5567=ORIENTED_EDGE($,*,*,#4251,.F.);
#5568=ORIENTED_EDGE($,*,*,#4205,.F.);
#5569=ORIENTED_EDGE($,*,*,#4252,.T.);
#5570=ORIENTED_EDGE($,*,*,#4253,.F.);
#5571=ORIENTED_EDGE($,*,*,#4254,.F.);
#5572=ORIENTED_EDGE($,*,*,#4255,.F.);
#5573=ORIENTED_EDGE($,*,*,#4256,.T.);
#5574=ORIENTED_EDGE($,*,*,#4243,.F.);
#5575=ORIENTED_EDGE($,*,*,#4257,.F.);
#5576=ORIENTED_EDGE($,*,*,#4208,.F.);
#5577=ORIENTED_EDGE($,*,*,#4258,.T.);
#5578=ORIENTED_EDGE($,*,*,#4176,.F.);
#5579=ORIENTED_EDGE($,*,*,#4259,.F.);
#5580=ORIENTED_EDGE($,*,*,#4234,.F.);
#5581=ORIENTED_EDGE($,*,*,#4260,.T.);
#5582=ORIENTED_EDGE($,*,*,#4190,.F.);
#5583=ORIENTED_EDGE($,*,*,#4261,.F.);
#5584=ORIENTED_EDGE($,*,*,#4236,.F.);
#5585=ORIENTED_EDGE($,*,*,#4262,.T.);
#5586=ORIENTED_EDGE($,*,*,#4179,.F.);
#5587=ORIENTED_EDGE($,*,*,#4194,.T.);
#5588=ORIENTED_EDGE($,*,*,#4263,.T.);
#5589=ORIENTED_EDGE($,*,*,#4225,.T.);
#5590=ORIENTED_EDGE($,*,*,#4232,.F.);
#5591=ORIENTED_EDGE($,*,*,#4264,.F.);
#5592=ORIENTED_EDGE($,*,*,#4265,.T.);
#5593=ORIENTED_EDGE($,*,*,#4255,.T.);
#5594=ORIENTED_EDGE($,*,*,#4266,.T.);
#5595=ORIENTED_EDGE($,*,*,#4267,.F.);
#5596=ORIENTED_EDGE($,*,*,#4268,.T.);
#5597=ORIENTED_EDGE($,*,*,#4247,.T.);
#5598=ORIENTED_EDGE($,*,*,#4269,.F.);
#5599=ORIENTED_EDGE($,*,*,#4252,.F.);
#5600=ORIENTED_EDGE($,*,*,#4204,.T.);
#5601=ORIENTED_EDGE($,*,*,#4270,.F.);
#5602=ORIENTED_EDGE($,*,*,#4209,.F.);
#5603=ORIENTED_EDGE($,*,*,#4257,.T.);
#5604=ORIENTED_EDGE($,*,*,#4175,.T.);
#5605=ORIENTED_EDGE($,*,*,#4271,.F.);
#5606=ORIENTED_EDGE($,*,*,#4180,.F.);
#5607=ORIENTED_EDGE($,*,*,#4262,.F.);
#5608=ORIENTED_EDGE($,*,*,#4235,.F.);
#5609=ORIENTED_EDGE($,*,*,#4259,.T.);
#5610=ORIENTED_EDGE($,*,*,#4189,.F.);
#5611=ORIENTED_EDGE($,*,*,#4272,.F.);
#5612=ORIENTED_EDGE($,*,*,#4244,.T.);
#5613=ORIENTED_EDGE($,*,*,#4256,.F.);
#5614=ORIENTED_EDGE($,*,*,#4265,.F.);
#5615=ORIENTED_EDGE($,*,*,#4273,.F.);
#5616=ORIENTED_EDGE($,*,*,#4274,.F.);
#5617=ORIENTED_EDGE($,*,*,#4241,.F.);
#5618=ORIENTED_EDGE($,*,*,#4275,.F.);
#5619=ORIENTED_EDGE($,*,*,#4251,.T.);
#5620=ORIENTED_EDGE($,*,*,#4276,.T.);
#5621=ORIENTED_EDGE($,*,*,#4249,.T.);
#5622=ORIENTED_EDGE($,*,*,#4277,.F.);
#5623=ORIENTED_EDGE($,*,*,#4195,.T.);
#5624=ORIENTED_EDGE($,*,*,#4266,.F.);
#5625=ORIENTED_EDGE($,*,*,#4254,.T.);
#5626=ORIENTED_EDGE($,*,*,#4242,.F.);
#5627=ORIENTED_EDGE($,*,*,#4166,.T.);
#5628=ORIENTED_EDGE($,*,*,#4191,.F.);
#5629=ORIENTED_EDGE($,*,*,#4260,.F.);
#5630=ORIENTED_EDGE($,*,*,#4237,.T.);
#5631=ORIENTED_EDGE($,*,*,#4261,.T.);
#5632=ORIENTED_EDGE($,*,*,#4178,.F.);
#5633=ORIENTED_EDGE($,*,*,#4170,.T.);
#5634=ORIENTED_EDGE($,*,*,#4177,.F.);
#5635=ORIENTED_EDGE($,*,*,#4258,.F.);
#5636=ORIENTED_EDGE($,*,*,#4207,.F.);
#5637=ORIENTED_EDGE($,*,*,#4199,.T.);
#5638=ORIENTED_EDGE($,*,*,#4206,.F.);
#5639=ORIENTED_EDGE($,*,*,#4278,.F.);
#5640=ORIENTED_EDGE($,*,*,#4279,.T.);
#5641=ORIENTED_EDGE($,*,*,#4280,.T.);
#5642=ORIENTED_EDGE($,*,*,#4267,.T.);
#5643=ORIENTED_EDGE($,*,*,#4264,.T.);
#5644=ORIENTED_EDGE($,*,*,#4231,.T.);
#5645=ORIENTED_EDGE($,*,*,#4245,.T.);
#5646=ORIENTED_EDGE($,*,*,#4272,.T.);
#5647=ORIENTED_EDGE($,*,*,#4188,.T.);
#5648=ORIENTED_EDGE($,*,*,#4221,.T.);
#5649=ORIENTED_EDGE($,*,*,#4238,.T.);
#5650=ORIENTED_EDGE($,*,*,#4274,.T.);
#5651=ORIENTED_EDGE($,*,*,#4281,.F.);
#5652=ORIENTED_EDGE($,*,*,#4282,.T.);
#5653=ORIENTED_EDGE($,*,*,#4283,.T.);
#5654=ORIENTED_EDGE($,*,*,#4284,.T.);
#5655=ORIENTED_EDGE($,*,*,#4285,.T.);
#5656=ORIENTED_EDGE($,*,*,#4286,.T.);
#5657=ORIENTED_EDGE($,*,*,#4278,.T.);
#5658=ORIENTED_EDGE($,*,*,#4273,.T.);
#5659=ORIENTED_EDGE($,*,*,#4253,.T.);
#5660=ORIENTED_EDGE($,*,*,#4269,.T.);
#5661=ORIENTED_EDGE($,*,*,#4250,.T.);
#5662=ORIENTED_EDGE($,*,*,#4276,.F.);
#5663=ORIENTED_EDGE($,*,*,#4203,.T.);
#5664=ORIENTED_EDGE($,*,*,#4287,.F.);
#5665=ORIENTED_EDGE($,*,*,#4281,.T.);
#5666=ORIENTED_EDGE($,*,*,#4275,.T.);
#5667=ORIENTED_EDGE($,*,*,#4240,.F.);
#5668=ORIENTED_EDGE($,*,*,#4222,.F.);
#5669=ORIENTED_EDGE($,*,*,#4181,.T.);
#5670=ORIENTED_EDGE($,*,*,#4271,.T.);
#5671=ORIENTED_EDGE($,*,*,#4174,.T.);
#5672=ORIENTED_EDGE($,*,*,#4233,.F.);
#5673=ORIENTED_EDGE($,*,*,#4210,.T.);
#5674=ORIENTED_EDGE($,*,*,#4270,.T.);
#5675=ORIENTED_EDGE($,*,*,#4288,.T.);
#5676=ORIENTED_EDGE($,*,*,#4289,.T.);
#5677=ORIENTED_EDGE($,*,*,#4279,.F.);
#5678=ORIENTED_EDGE($,*,*,#4286,.F.);
#5679=ORIENTED_EDGE($,*,*,#4290,.T.);
#5680=ORIENTED_EDGE($,*,*,#4282,.F.);
#5681=ORIENTED_EDGE($,*,*,#4287,.T.);
#5682=ORIENTED_EDGE($,*,*,#4202,.T.);
#5683=ORIENTED_EDGE($,*,*,#4192,.T.);
#5684=ORIENTED_EDGE($,*,*,#4277,.T.);
#5685=ORIENTED_EDGE($,*,*,#4248,.T.);
#5686=ORIENTED_EDGE($,*,*,#4268,.F.);
#5687=ORIENTED_EDGE($,*,*,#4280,.F.);
#5688=ORIENTED_EDGE($,*,*,#4289,.F.);
#5689=ORIENTED_EDGE($,*,*,#4291,.T.);
#5690=ORIENTED_EDGE($,*,*,#4292,.T.);
#5691=ORIENTED_EDGE($,*,*,#4288,.F.);
#5692=ORIENTED_EDGE($,*,*,#4285,.F.);
#5693=ORIENTED_EDGE($,*,*,#4293,.T.);
#5694=ORIENTED_EDGE($,*,*,#4291,.F.);
#5695=ORIENTED_EDGE($,*,*,#4290,.F.);
#5696=ORIENTED_EDGE($,*,*,#4201,.F.);
#5697=ORIENTED_EDGE($,*,*,#4294,.T.);
#5698=ORIENTED_EDGE($,*,*,#4283,.F.);
#5699=ORIENTED_EDGE($,*,*,#4292,.F.);
#5700=ORIENTED_EDGE($,*,*,#4293,.F.);
#5701=ORIENTED_EDGE($,*,*,#4284,.F.);
#5702=ORIENTED_EDGE($,*,*,#4294,.F.);
#5703=ORIENTED_EDGE($,*,*,#4200,.F.);
#5704=ORIENTED_EDGE($,*,*,#4197,.T.);
#5705=ORIENTED_EDGE($,*,*,#4213,.F.);
#5706=ORIENTED_EDGE($,*,*,#4229,.F.);
#5707=ORIENTED_EDGE($,*,*,#4171,.F.);
#5708=ORIENTED_EDGE($,*,*,#4168,.T.);
#5709=ORIENTED_EDGE($,*,*,#4184,.F.);
#5710=ORIENTED_EDGE($,*,*,#4219,.F.);
#5711=ORIENTED_EDGE($,*,*,#4239,.F.);
#5712=ORIENTED_EDGE($,*,*,#4215,.F.);
#5713=ORIENTED_EDGE($,*,*,#4185,.F.);
#5714=ORIENTED_EDGE($,*,*,#4164,.T.);
#5715=ORIENTED_EDGE($,*,*,#4246,.F.);
#5716=ORIENTED_EDGE($,*,*,#4226,.F.);
#5717=ORIENTED_EDGE($,*,*,#4263,.F.);
#5718=ORIENTED_EDGE($,*,*,#4193,.T.);
#5719=ORIENTED_EDGE($,*,*,#4295,.T.);
#5720=ORIENTED_EDGE($,*,*,#4296,.T.);
#5721=ORIENTED_EDGE($,*,*,#4297,.T.);
#5722=ORIENTED_EDGE($,*,*,#4298,.T.);
#5723=ORIENTED_EDGE($,*,*,#4299,.T.);
#5724=ORIENTED_EDGE($,*,*,#4300,.T.);
#5725=ORIENTED_EDGE($,*,*,#4301,.T.);
#5726=ORIENTED_EDGE($,*,*,#4302,.T.);
#5727=ORIENTED_EDGE($,*,*,#4303,.T.);
#5728=ORIENTED_EDGE($,*,*,#4300,.F.);
#5729=ORIENTED_EDGE($,*,*,#4304,.F.);
#5730=ORIENTED_EDGE($,*,*,#4298,.F.);
#5731=ORIENTED_EDGE($,*,*,#4305,.T.);
#5732=ORIENTED_EDGE($,*,*,#4301,.F.);
#5733=ORIENTED_EDGE($,*,*,#4303,.F.);
#5734=ORIENTED_EDGE($,*,*,#4297,.F.);
#5735=ORIENTED_EDGE($,*,*,#4306,.T.);
#5736=ORIENTED_EDGE($,*,*,#4302,.F.);
#5737=ORIENTED_EDGE($,*,*,#4305,.F.);
#5738=ORIENTED_EDGE($,*,*,#4296,.F.);
#5739=ORIENTED_EDGE($,*,*,#4304,.T.);
#5740=ORIENTED_EDGE($,*,*,#4299,.F.);
#5741=ORIENTED_EDGE($,*,*,#4306,.F.);
#5742=ORIENTED_EDGE($,*,*,#4295,.F.);
#5743=ORIENTED_EDGE($,*,*,#4307,.T.);
#5744=ORIENTED_EDGE($,*,*,#4308,.F.);
#5745=ORIENTED_EDGE($,*,*,#4309,.F.);
#5746=ORIENTED_EDGE($,*,*,#4310,.F.);
#5747=ORIENTED_EDGE($,*,*,#4309,.T.);
#5748=ORIENTED_EDGE($,*,*,#4311,.F.);
#5749=ORIENTED_EDGE($,*,*,#4312,.F.);
#5750=ORIENTED_EDGE($,*,*,#4313,.F.);
#5751=ORIENTED_EDGE($,*,*,#4312,.T.);
#5752=ORIENTED_EDGE($,*,*,#4314,.F.);
#5753=ORIENTED_EDGE($,*,*,#4315,.F.);
#5754=ORIENTED_EDGE($,*,*,#4316,.F.);
#5755=ORIENTED_EDGE($,*,*,#4315,.T.);
#5756=ORIENTED_EDGE($,*,*,#4317,.F.);
#5757=ORIENTED_EDGE($,*,*,#4307,.F.);
#5758=ORIENTED_EDGE($,*,*,#4318,.F.);
#5759=ORIENTED_EDGE($,*,*,#4308,.T.);
#5760=ORIENTED_EDGE($,*,*,#4317,.T.);
#5761=ORIENTED_EDGE($,*,*,#4314,.T.);
#5762=ORIENTED_EDGE($,*,*,#4311,.T.);
#5763=ORIENTED_EDGE($,*,*,#4310,.T.);
#5764=ORIENTED_EDGE($,*,*,#4313,.T.);
#5765=ORIENTED_EDGE($,*,*,#4316,.T.);
#5766=ORIENTED_EDGE($,*,*,#4318,.T.);
#5767=ORIENTED_EDGE($,*,*,#4319,.T.);
#5768=ORIENTED_EDGE($,*,*,#4320,.T.);
#5769=ORIENTED_EDGE($,*,*,#4320,.F.);
#5770=ORIENTED_EDGE($,*,*,#4319,.F.);
#5771=ORIENTED_EDGE($,*,*,#4321,.T.);
#5772=ORIENTED_EDGE($,*,*,#4322,.F.);
#5773=ORIENTED_EDGE($,*,*,#4323,.F.);
#5774=ORIENTED_EDGE($,*,*,#4324,.F.);
#5775=ORIENTED_EDGE($,*,*,#4323,.T.);
#5776=ORIENTED_EDGE($,*,*,#4325,.F.);
#5777=ORIENTED_EDGE($,*,*,#4326,.F.);
#5778=ORIENTED_EDGE($,*,*,#4327,.F.);
#5779=ORIENTED_EDGE($,*,*,#4326,.T.);
#5780=ORIENTED_EDGE($,*,*,#4328,.F.);
#5781=ORIENTED_EDGE($,*,*,#4329,.F.);
#5782=ORIENTED_EDGE($,*,*,#4330,.F.);
#5783=ORIENTED_EDGE($,*,*,#4329,.T.);
#5784=ORIENTED_EDGE($,*,*,#4331,.F.);
#5785=ORIENTED_EDGE($,*,*,#4321,.F.);
#5786=ORIENTED_EDGE($,*,*,#4332,.F.);
#5787=ORIENTED_EDGE($,*,*,#4332,.T.);
#5788=ORIENTED_EDGE($,*,*,#4324,.T.);
#5789=ORIENTED_EDGE($,*,*,#4327,.T.);
#5790=ORIENTED_EDGE($,*,*,#4330,.T.);
#5791=ORIENTED_EDGE($,*,*,#4322,.T.);
#5792=ORIENTED_EDGE($,*,*,#4331,.T.);
#5793=ORIENTED_EDGE($,*,*,#4328,.T.);
#5794=ORIENTED_EDGE($,*,*,#4325,.T.);
#5795=ORIENTED_EDGE($,*,*,#4333,.T.);
#5796=ORIENTED_EDGE($,*,*,#4333,.F.);
#5797=ORIENTED_EDGE($,*,*,#4334,.F.);
#5798=ORIENTED_EDGE($,*,*,#4334,.T.);
#5799=ORIENTED_EDGE($,*,*,#4335,.T.);
#5800=ORIENTED_EDGE($,*,*,#4336,.F.);
#5801=ORIENTED_EDGE($,*,*,#4337,.F.);
#5802=ORIENTED_EDGE($,*,*,#4338,.F.);
#5803=ORIENTED_EDGE($,*,*,#4337,.T.);
#5804=ORIENTED_EDGE($,*,*,#4339,.F.);
#5805=ORIENTED_EDGE($,*,*,#4340,.F.);
#5806=ORIENTED_EDGE($,*,*,#4341,.F.);
#5807=ORIENTED_EDGE($,*,*,#4340,.T.);
#5808=ORIENTED_EDGE($,*,*,#4342,.F.);
#5809=ORIENTED_EDGE($,*,*,#4343,.F.);
#5810=ORIENTED_EDGE($,*,*,#4344,.F.);
#5811=ORIENTED_EDGE($,*,*,#4343,.T.);
#5812=ORIENTED_EDGE($,*,*,#4345,.F.);
#5813=ORIENTED_EDGE($,*,*,#4335,.F.);
#5814=ORIENTED_EDGE($,*,*,#4346,.F.);
#5815=ORIENTED_EDGE($,*,*,#4345,.T.);
#5816=ORIENTED_EDGE($,*,*,#4342,.T.);
#5817=ORIENTED_EDGE($,*,*,#4339,.T.);
#5818=ORIENTED_EDGE($,*,*,#4336,.T.);
#5819=ORIENTED_EDGE($,*,*,#4338,.T.);
#5820=ORIENTED_EDGE($,*,*,#4341,.T.);
#5821=ORIENTED_EDGE($,*,*,#4344,.T.);
#5822=ORIENTED_EDGE($,*,*,#4346,.T.);
#5823=ORIENTED_EDGE($,*,*,#4347,.T.);
#5824=ORIENTED_EDGE($,*,*,#4347,.F.);
#5825=ORIENTED_EDGE($,*,*,#4348,.F.);
#5826=ORIENTED_EDGE($,*,*,#4348,.T.);
#5827=ORIENTED_EDGE($,*,*,#4349,.T.);
#5828=ORIENTED_EDGE($,*,*,#4350,.T.);
#5829=ORIENTED_EDGE($,*,*,#4351,.T.);
#5830=ORIENTED_EDGE($,*,*,#4352,.T.);
#5831=ORIENTED_EDGE($,*,*,#4353,.T.);
#5832=ORIENTED_EDGE($,*,*,#4354,.T.);
#5833=ORIENTED_EDGE($,*,*,#4355,.T.);
#5834=ORIENTED_EDGE($,*,*,#4356,.T.);
#5835=ORIENTED_EDGE($,*,*,#4357,.T.);
#5836=ORIENTED_EDGE($,*,*,#4349,.F.);
#5837=ORIENTED_EDGE($,*,*,#4358,.F.);
#5838=ORIENTED_EDGE($,*,*,#4356,.F.);
#5839=ORIENTED_EDGE($,*,*,#4359,.T.);
#5840=ORIENTED_EDGE($,*,*,#4350,.F.);
#5841=ORIENTED_EDGE($,*,*,#4357,.F.);
#5842=ORIENTED_EDGE($,*,*,#4355,.F.);
#5843=ORIENTED_EDGE($,*,*,#4360,.T.);
#5844=ORIENTED_EDGE($,*,*,#4351,.F.);
#5845=ORIENTED_EDGE($,*,*,#4359,.F.);
#5846=ORIENTED_EDGE($,*,*,#4354,.F.);
#5847=ORIENTED_EDGE($,*,*,#4358,.T.);
#5848=ORIENTED_EDGE($,*,*,#4352,.F.);
#5849=ORIENTED_EDGE($,*,*,#4360,.F.);
#5850=ORIENTED_EDGE($,*,*,#4353,.F.);
#5851=ORIENTED_EDGE($,*,*,#4361,.T.);
#5852=ORIENTED_EDGE($,*,*,#4362,.T.);
#5853=ORIENTED_EDGE($,*,*,#4363,.T.);
#5854=ORIENTED_EDGE($,*,*,#4364,.T.);
#5855=ORIENTED_EDGE($,*,*,#4365,.T.);
#5856=ORIENTED_EDGE($,*,*,#4366,.T.);
#5857=ORIENTED_EDGE($,*,*,#4367,.T.);
#5858=ORIENTED_EDGE($,*,*,#4368,.T.);
#5859=ORIENTED_EDGE($,*,*,#4369,.T.);
#5860=ORIENTED_EDGE($,*,*,#4361,.F.);
#5861=ORIENTED_EDGE($,*,*,#4370,.F.);
#5862=ORIENTED_EDGE($,*,*,#4368,.F.);
#5863=ORIENTED_EDGE($,*,*,#4371,.T.);
#5864=ORIENTED_EDGE($,*,*,#4362,.F.);
#5865=ORIENTED_EDGE($,*,*,#4369,.F.);
#5866=ORIENTED_EDGE($,*,*,#4367,.F.);
#5867=ORIENTED_EDGE($,*,*,#4372,.T.);
#5868=ORIENTED_EDGE($,*,*,#4363,.F.);
#5869=ORIENTED_EDGE($,*,*,#4371,.F.);
#5870=ORIENTED_EDGE($,*,*,#4366,.F.);
#5871=ORIENTED_EDGE($,*,*,#4370,.T.);
#5872=ORIENTED_EDGE($,*,*,#4364,.F.);
#5873=ORIENTED_EDGE($,*,*,#4372,.F.);
#5874=ORIENTED_EDGE($,*,*,#4365,.F.);
#5875=ORIENTED_EDGE($,*,*,#4373,.T.);
#5876=ORIENTED_EDGE($,*,*,#4374,.F.);
#5877=ORIENTED_EDGE($,*,*,#4375,.F.);
#5878=ORIENTED_EDGE($,*,*,#4376,.F.);
#5879=ORIENTED_EDGE($,*,*,#4375,.T.);
#5880=ORIENTED_EDGE($,*,*,#4377,.F.);
#5881=ORIENTED_EDGE($,*,*,#4378,.F.);
#5882=ORIENTED_EDGE($,*,*,#4379,.F.);
#5883=ORIENTED_EDGE($,*,*,#4378,.T.);
#5884=ORIENTED_EDGE($,*,*,#4380,.F.);
#5885=ORIENTED_EDGE($,*,*,#4381,.F.);
#5886=ORIENTED_EDGE($,*,*,#4382,.F.);
#5887=ORIENTED_EDGE($,*,*,#4381,.T.);
#5888=ORIENTED_EDGE($,*,*,#4383,.F.);
#5889=ORIENTED_EDGE($,*,*,#4373,.F.);
#5890=ORIENTED_EDGE($,*,*,#4384,.F.);
#5891=ORIENTED_EDGE($,*,*,#4376,.T.);
#5892=ORIENTED_EDGE($,*,*,#4379,.T.);
#5893=ORIENTED_EDGE($,*,*,#4382,.T.);
#5894=ORIENTED_EDGE($,*,*,#4384,.T.);
#5895=ORIENTED_EDGE($,*,*,#4383,.T.);
#5896=ORIENTED_EDGE($,*,*,#4380,.T.);
#5897=ORIENTED_EDGE($,*,*,#4377,.T.);
#5898=ORIENTED_EDGE($,*,*,#4374,.T.);
#5899=ORIENTED_EDGE($,*,*,#4385,.T.);
#5900=ORIENTED_EDGE($,*,*,#4386,.F.);
#5901=ORIENTED_EDGE($,*,*,#4387,.F.);
#5902=ORIENTED_EDGE($,*,*,#4388,.F.);
#5903=ORIENTED_EDGE($,*,*,#4387,.T.);
#5904=ORIENTED_EDGE($,*,*,#4389,.F.);
#5905=ORIENTED_EDGE($,*,*,#4390,.F.);
#5906=ORIENTED_EDGE($,*,*,#4391,.F.);
#5907=ORIENTED_EDGE($,*,*,#4390,.T.);
#5908=ORIENTED_EDGE($,*,*,#4392,.F.);
#5909=ORIENTED_EDGE($,*,*,#4393,.F.);
#5910=ORIENTED_EDGE($,*,*,#4394,.F.);
#5911=ORIENTED_EDGE($,*,*,#4393,.T.);
#5912=ORIENTED_EDGE($,*,*,#4395,.F.);
#5913=ORIENTED_EDGE($,*,*,#4385,.F.);
#5914=ORIENTED_EDGE($,*,*,#4396,.F.);
#5915=ORIENTED_EDGE($,*,*,#4388,.T.);
#5916=ORIENTED_EDGE($,*,*,#4391,.T.);
#5917=ORIENTED_EDGE($,*,*,#4394,.T.);
#5918=ORIENTED_EDGE($,*,*,#4396,.T.);
#5919=ORIENTED_EDGE($,*,*,#4395,.T.);
#5920=ORIENTED_EDGE($,*,*,#4392,.T.);
#5921=ORIENTED_EDGE($,*,*,#4389,.T.);
#5922=ORIENTED_EDGE($,*,*,#4386,.T.);
#5923=ORIENTED_EDGE($,*,*,#4397,.T.);
#5924=ORIENTED_EDGE($,*,*,#4398,.T.);
#5925=ORIENTED_EDGE($,*,*,#4399,.T.);
#5926=ORIENTED_EDGE($,*,*,#4400,.T.);
#5927=ORIENTED_EDGE($,*,*,#4401,.T.);
#5928=ORIENTED_EDGE($,*,*,#4402,.T.);
#5929=ORIENTED_EDGE($,*,*,#4403,.T.);
#5930=ORIENTED_EDGE($,*,*,#4404,.T.);
#5931=ORIENTED_EDGE($,*,*,#4405,.T.);
#5932=ORIENTED_EDGE($,*,*,#4397,.F.);
#5933=ORIENTED_EDGE($,*,*,#4406,.F.);
#5934=ORIENTED_EDGE($,*,*,#4404,.F.);
#5935=ORIENTED_EDGE($,*,*,#4407,.T.);
#5936=ORIENTED_EDGE($,*,*,#4398,.F.);
#5937=ORIENTED_EDGE($,*,*,#4405,.F.);
#5938=ORIENTED_EDGE($,*,*,#4403,.F.);
#5939=ORIENTED_EDGE($,*,*,#4408,.T.);
#5940=ORIENTED_EDGE($,*,*,#4399,.F.);
#5941=ORIENTED_EDGE($,*,*,#4407,.F.);
#5942=ORIENTED_EDGE($,*,*,#4402,.F.);
#5943=ORIENTED_EDGE($,*,*,#4406,.T.);
#5944=ORIENTED_EDGE($,*,*,#4400,.F.);
#5945=ORIENTED_EDGE($,*,*,#4408,.F.);
#5946=ORIENTED_EDGE($,*,*,#4401,.F.);
#5947=ORIENTED_EDGE($,*,*,#4409,.T.);
#5948=ORIENTED_EDGE($,*,*,#4410,.T.);
#5949=ORIENTED_EDGE($,*,*,#4411,.T.);
#5950=ORIENTED_EDGE($,*,*,#4412,.T.);
#5951=ORIENTED_EDGE($,*,*,#4413,.T.);
#5952=ORIENTED_EDGE($,*,*,#4414,.T.);
#5953=ORIENTED_EDGE($,*,*,#4415,.T.);
#5954=ORIENTED_EDGE($,*,*,#4416,.T.);
#5955=ORIENTED_EDGE($,*,*,#4417,.T.);
#5956=ORIENTED_EDGE($,*,*,#4409,.F.);
#5957=ORIENTED_EDGE($,*,*,#4418,.F.);
#5958=ORIENTED_EDGE($,*,*,#4416,.F.);
#5959=ORIENTED_EDGE($,*,*,#4419,.T.);
#5960=ORIENTED_EDGE($,*,*,#4410,.F.);
#5961=ORIENTED_EDGE($,*,*,#4417,.F.);
#5962=ORIENTED_EDGE($,*,*,#4415,.F.);
#5963=ORIENTED_EDGE($,*,*,#4420,.T.);
#5964=ORIENTED_EDGE($,*,*,#4411,.F.);
#5965=ORIENTED_EDGE($,*,*,#4419,.F.);
#5966=ORIENTED_EDGE($,*,*,#4414,.F.);
#5967=ORIENTED_EDGE($,*,*,#4418,.T.);
#5968=ORIENTED_EDGE($,*,*,#4412,.F.);
#5969=ORIENTED_EDGE($,*,*,#4420,.F.);
#5970=ORIENTED_EDGE($,*,*,#4413,.F.);
#5971=ORIENTED_EDGE($,*,*,#4421,.T.);
#5972=ORIENTED_EDGE($,*,*,#4422,.F.);
#5973=ORIENTED_EDGE($,*,*,#4423,.F.);
#5974=ORIENTED_EDGE($,*,*,#4424,.F.);
#5975=ORIENTED_EDGE($,*,*,#4423,.T.);
#5976=ORIENTED_EDGE($,*,*,#4425,.F.);
#5977=ORIENTED_EDGE($,*,*,#4426,.F.);
#5978=ORIENTED_EDGE($,*,*,#4427,.F.);
#5979=ORIENTED_EDGE($,*,*,#4426,.T.);
#5980=ORIENTED_EDGE($,*,*,#4428,.F.);
#5981=ORIENTED_EDGE($,*,*,#4429,.F.);
#5982=ORIENTED_EDGE($,*,*,#4430,.F.);
#5983=ORIENTED_EDGE($,*,*,#4429,.T.);
#5984=ORIENTED_EDGE($,*,*,#4431,.F.);
#5985=ORIENTED_EDGE($,*,*,#4421,.F.);
#5986=ORIENTED_EDGE($,*,*,#4432,.F.);
#5987=ORIENTED_EDGE($,*,*,#4424,.T.);
#5988=ORIENTED_EDGE($,*,*,#4427,.T.);
#5989=ORIENTED_EDGE($,*,*,#4430,.T.);
#5990=ORIENTED_EDGE($,*,*,#4432,.T.);
#5991=ORIENTED_EDGE($,*,*,#4431,.T.);
#5992=ORIENTED_EDGE($,*,*,#4428,.T.);
#5993=ORIENTED_EDGE($,*,*,#4425,.T.);
#5994=ORIENTED_EDGE($,*,*,#4422,.T.);
#5995=ORIENTED_EDGE($,*,*,#4433,.T.);
#5996=ORIENTED_EDGE($,*,*,#4434,.F.);
#5997=ORIENTED_EDGE($,*,*,#4435,.F.);
#5998=ORIENTED_EDGE($,*,*,#4436,.F.);
#5999=ORIENTED_EDGE($,*,*,#4435,.T.);
#6000=ORIENTED_EDGE($,*,*,#4437,.F.);
#6001=ORIENTED_EDGE($,*,*,#4438,.F.);
#6002=ORIENTED_EDGE($,*,*,#4439,.F.);
#6003=ORIENTED_EDGE($,*,*,#4438,.T.);
#6004=ORIENTED_EDGE($,*,*,#4440,.F.);
#6005=ORIENTED_EDGE($,*,*,#4441,.F.);
#6006=ORIENTED_EDGE($,*,*,#4442,.F.);
#6007=ORIENTED_EDGE($,*,*,#4441,.T.);
#6008=ORIENTED_EDGE($,*,*,#4443,.F.);
#6009=ORIENTED_EDGE($,*,*,#4433,.F.);
#6010=ORIENTED_EDGE($,*,*,#4444,.F.);
#6011=ORIENTED_EDGE($,*,*,#4436,.T.);
#6012=ORIENTED_EDGE($,*,*,#4439,.T.);
#6013=ORIENTED_EDGE($,*,*,#4442,.T.);
#6014=ORIENTED_EDGE($,*,*,#4444,.T.);
#6015=ORIENTED_EDGE($,*,*,#4443,.T.);
#6016=ORIENTED_EDGE($,*,*,#4440,.T.);
#6017=ORIENTED_EDGE($,*,*,#4437,.T.);
#6018=ORIENTED_EDGE($,*,*,#4434,.T.);
#6019=ORIENTED_EDGE($,*,*,#4445,.F.);
#6020=ORIENTED_EDGE($,*,*,#4446,.T.);
#6021=ORIENTED_EDGE($,*,*,#4447,.T.);
#6022=ORIENTED_EDGE($,*,*,#4448,.T.);
#6023=ORIENTED_EDGE($,*,*,#4449,.F.);
#6024=ORIENTED_EDGE($,*,*,#4450,.T.);
#6025=ORIENTED_EDGE($,*,*,#4451,.T.);
#6026=ORIENTED_EDGE($,*,*,#4452,.T.);
#6027=ORIENTED_EDGE($,*,*,#4453,.T.);
#6028=ORIENTED_EDGE($,*,*,#4449,.T.);
#6029=ORIENTED_EDGE($,*,*,#4454,.T.);
#6030=ORIENTED_EDGE($,*,*,#4455,.F.);
#6031=ORIENTED_EDGE($,*,*,#4451,.F.);
#6032=ORIENTED_EDGE($,*,*,#4448,.F.);
#6033=ORIENTED_EDGE($,*,*,#4456,.T.);
#6034=ORIENTED_EDGE($,*,*,#4457,.F.);
#6035=ORIENTED_EDGE($,*,*,#4454,.F.);
#6036=ORIENTED_EDGE($,*,*,#4447,.F.);
#6037=ORIENTED_EDGE($,*,*,#4457,.T.);
#6038=ORIENTED_EDGE($,*,*,#4458,.T.);
#6039=ORIENTED_EDGE($,*,*,#4459,.F.);
#6040=ORIENTED_EDGE($,*,*,#4460,.T.);
#6041=ORIENTED_EDGE($,*,*,#4452,.F.);
#6042=ORIENTED_EDGE($,*,*,#4455,.T.);
#6043=ORIENTED_EDGE($,*,*,#4461,.T.);
#6044=ORIENTED_EDGE($,*,*,#4459,.T.);
#6045=ORIENTED_EDGE($,*,*,#4462,.T.);
#6046=ORIENTED_EDGE($,*,*,#4445,.T.);
#6047=ORIENTED_EDGE($,*,*,#4453,.F.);
#6048=ORIENTED_EDGE($,*,*,#4460,.F.);
#6049=ORIENTED_EDGE($,*,*,#4461,.F.);
#6050=ORIENTED_EDGE($,*,*,#4450,.F.);
#6051=ORIENTED_EDGE($,*,*,#4462,.F.);
#6052=ORIENTED_EDGE($,*,*,#4458,.F.);
#6053=ORIENTED_EDGE($,*,*,#4456,.F.);
#6054=ORIENTED_EDGE($,*,*,#4446,.F.);
#6055=ORIENTED_EDGE($,*,*,#4463,.T.);
#6056=ORIENTED_EDGE($,*,*,#4464,.T.);
#6057=ORIENTED_EDGE($,*,*,#4465,.T.);
#6058=ORIENTED_EDGE($,*,*,#4466,.T.);
#6059=ORIENTED_EDGE($,*,*,#4467,.T.);
#6060=ORIENTED_EDGE($,*,*,#4468,.T.);
#6061=ORIENTED_EDGE($,*,*,#4469,.T.);
#6062=ORIENTED_EDGE($,*,*,#4470,.T.);
#6063=ORIENTED_EDGE($,*,*,#4471,.T.);
#6064=ORIENTED_EDGE($,*,*,#4463,.F.);
#6065=ORIENTED_EDGE($,*,*,#4472,.F.);
#6066=ORIENTED_EDGE($,*,*,#4470,.F.);
#6067=ORIENTED_EDGE($,*,*,#4473,.T.);
#6068=ORIENTED_EDGE($,*,*,#4464,.F.);
#6069=ORIENTED_EDGE($,*,*,#4471,.F.);
#6070=ORIENTED_EDGE($,*,*,#4469,.F.);
#6071=ORIENTED_EDGE($,*,*,#4474,.T.);
#6072=ORIENTED_EDGE($,*,*,#4465,.F.);
#6073=ORIENTED_EDGE($,*,*,#4473,.F.);
#6074=ORIENTED_EDGE($,*,*,#4468,.F.);
#6075=ORIENTED_EDGE($,*,*,#4472,.T.);
#6076=ORIENTED_EDGE($,*,*,#4466,.F.);
#6077=ORIENTED_EDGE($,*,*,#4474,.F.);
#6078=ORIENTED_EDGE($,*,*,#4467,.F.);
#6079=ORIENTED_EDGE($,*,*,#4475,.F.);
#6080=ORIENTED_EDGE($,*,*,#4476,.T.);
#6081=ORIENTED_EDGE($,*,*,#4477,.T.);
#6082=ORIENTED_EDGE($,*,*,#4478,.T.);
#6083=ORIENTED_EDGE($,*,*,#4479,.F.);
#6084=ORIENTED_EDGE($,*,*,#4480,.T.);
#6085=ORIENTED_EDGE($,*,*,#4481,.T.);
#6086=ORIENTED_EDGE($,*,*,#4482,.F.);
#6087=ORIENTED_EDGE($,*,*,#4483,.F.);
#6088=ORIENTED_EDGE($,*,*,#4478,.F.);
#6089=ORIENTED_EDGE($,*,*,#4484,.T.);
#6090=ORIENTED_EDGE($,*,*,#4485,.F.);
#6091=ORIENTED_EDGE($,*,*,#4481,.F.);
#6092=ORIENTED_EDGE($,*,*,#4477,.F.);
#6093=ORIENTED_EDGE($,*,*,#4486,.F.);
#6094=ORIENTED_EDGE($,*,*,#4487,.F.);
#6095=ORIENTED_EDGE($,*,*,#4484,.F.);
#6096=ORIENTED_EDGE($,*,*,#4476,.F.);
#6097=ORIENTED_EDGE($,*,*,#4483,.T.);
#6098=ORIENTED_EDGE($,*,*,#4488,.T.);
#6099=ORIENTED_EDGE($,*,*,#4489,.T.);
#6100=ORIENTED_EDGE($,*,*,#4479,.T.);
#6101=ORIENTED_EDGE($,*,*,#4489,.F.);
#6102=ORIENTED_EDGE($,*,*,#4490,.F.);
#6103=ORIENTED_EDGE($,*,*,#4491,.F.);
#6104=ORIENTED_EDGE($,*,*,#4480,.F.);
#6105=ORIENTED_EDGE($,*,*,#4491,.T.);
#6106=ORIENTED_EDGE($,*,*,#4492,.T.);
#6107=ORIENTED_EDGE($,*,*,#4486,.T.);
#6108=ORIENTED_EDGE($,*,*,#4475,.T.);
#6109=ORIENTED_EDGE($,*,*,#4485,.T.);
#6110=ORIENTED_EDGE($,*,*,#4487,.T.);
#6111=ORIENTED_EDGE($,*,*,#4492,.F.);
#6112=ORIENTED_EDGE($,*,*,#4490,.T.);
#6113=ORIENTED_EDGE($,*,*,#4488,.F.);
#6114=ORIENTED_EDGE($,*,*,#4482,.T.);
#6115=ORIENTED_EDGE($,*,*,#4493,.T.);
#6116=ORIENTED_EDGE($,*,*,#4494,.F.);
#6117=ORIENTED_EDGE($,*,*,#4495,.F.);
#6118=ORIENTED_EDGE($,*,*,#4496,.F.);
#6119=ORIENTED_EDGE($,*,*,#4495,.T.);
#6120=ORIENTED_EDGE($,*,*,#4497,.F.);
#6121=ORIENTED_EDGE($,*,*,#4498,.F.);
#6122=ORIENTED_EDGE($,*,*,#4499,.F.);
#6123=ORIENTED_EDGE($,*,*,#4498,.T.);
#6124=ORIENTED_EDGE($,*,*,#4500,.F.);
#6125=ORIENTED_EDGE($,*,*,#4501,.F.);
#6126=ORIENTED_EDGE($,*,*,#4502,.F.);
#6127=ORIENTED_EDGE($,*,*,#4501,.T.);
#6128=ORIENTED_EDGE($,*,*,#4503,.F.);
#6129=ORIENTED_EDGE($,*,*,#4493,.F.);
#6130=ORIENTED_EDGE($,*,*,#4504,.F.);
#6131=ORIENTED_EDGE($,*,*,#4496,.T.);
#6132=ORIENTED_EDGE($,*,*,#4499,.T.);
#6133=ORIENTED_EDGE($,*,*,#4502,.T.);
#6134=ORIENTED_EDGE($,*,*,#4504,.T.);
#6135=ORIENTED_EDGE($,*,*,#4503,.T.);
#6136=ORIENTED_EDGE($,*,*,#4500,.T.);
#6137=ORIENTED_EDGE($,*,*,#4497,.T.);
#6138=ORIENTED_EDGE($,*,*,#4494,.T.);
#6139=ORIENTED_EDGE($,*,*,#4505,.T.);
#6140=ORIENTED_EDGE($,*,*,#4505,.F.);
#6141=ORIENTED_EDGE($,*,*,#4506,.F.);
#6142=ORIENTED_EDGE($,*,*,#4506,.T.);
#6143=ORIENTED_EDGE($,*,*,#4507,.T.);
#6144=ORIENTED_EDGE($,*,*,#4508,.F.);
#6145=ORIENTED_EDGE($,*,*,#4509,.F.);
#6146=ORIENTED_EDGE($,*,*,#4510,.F.);
#6147=ORIENTED_EDGE($,*,*,#4509,.T.);
#6148=ORIENTED_EDGE($,*,*,#4511,.F.);
#6149=ORIENTED_EDGE($,*,*,#4512,.F.);
#6150=ORIENTED_EDGE($,*,*,#4513,.F.);
#6151=ORIENTED_EDGE($,*,*,#4512,.T.);
#6152=ORIENTED_EDGE($,*,*,#4514,.F.);
#6153=ORIENTED_EDGE($,*,*,#4515,.F.);
#6154=ORIENTED_EDGE($,*,*,#4516,.F.);
#6155=ORIENTED_EDGE($,*,*,#4515,.T.);
#6156=ORIENTED_EDGE($,*,*,#4517,.F.);
#6157=ORIENTED_EDGE($,*,*,#4507,.F.);
#6158=ORIENTED_EDGE($,*,*,#4518,.F.);
#6159=ORIENTED_EDGE($,*,*,#4510,.T.);
#6160=ORIENTED_EDGE($,*,*,#4513,.T.);
#6161=ORIENTED_EDGE($,*,*,#4516,.T.);
#6162=ORIENTED_EDGE($,*,*,#4518,.T.);
#6163=ORIENTED_EDGE($,*,*,#4517,.T.);
#6164=ORIENTED_EDGE($,*,*,#4514,.T.);
#6165=ORIENTED_EDGE($,*,*,#4511,.T.);
#6166=ORIENTED_EDGE($,*,*,#4508,.T.);
#6167=ORIENTED_EDGE($,*,*,#4519,.T.);
#6168=ORIENTED_EDGE($,*,*,#4520,.T.);
#6169=ORIENTED_EDGE($,*,*,#4519,.F.);
#6170=ORIENTED_EDGE($,*,*,#4520,.F.);
#6171=ORIENTED_EDGE($,*,*,#4521,.T.);
#6172=ORIENTED_EDGE($,*,*,#4522,.F.);
#6173=ORIENTED_EDGE($,*,*,#4523,.F.);
#6174=ORIENTED_EDGE($,*,*,#4524,.F.);
#6175=ORIENTED_EDGE($,*,*,#4523,.T.);
#6176=ORIENTED_EDGE($,*,*,#4525,.F.);
#6177=ORIENTED_EDGE($,*,*,#4526,.F.);
#6178=ORIENTED_EDGE($,*,*,#4527,.F.);
#6179=ORIENTED_EDGE($,*,*,#4526,.T.);
#6180=ORIENTED_EDGE($,*,*,#4528,.F.);
#6181=ORIENTED_EDGE($,*,*,#4529,.F.);
#6182=ORIENTED_EDGE($,*,*,#4530,.F.);
#6183=ORIENTED_EDGE($,*,*,#4529,.T.);
#6184=ORIENTED_EDGE($,*,*,#4531,.F.);
#6185=ORIENTED_EDGE($,*,*,#4521,.F.);
#6186=ORIENTED_EDGE($,*,*,#4532,.F.);
#6187=ORIENTED_EDGE($,*,*,#4524,.T.);
#6188=ORIENTED_EDGE($,*,*,#4527,.T.);
#6189=ORIENTED_EDGE($,*,*,#4530,.T.);
#6190=ORIENTED_EDGE($,*,*,#4532,.T.);
#6191=ORIENTED_EDGE($,*,*,#4531,.T.);
#6192=ORIENTED_EDGE($,*,*,#4528,.T.);
#6193=ORIENTED_EDGE($,*,*,#4525,.T.);
#6194=ORIENTED_EDGE($,*,*,#4522,.T.);
#6195=ORIENTED_EDGE($,*,*,#4533,.T.);
#6196=ORIENTED_EDGE($,*,*,#4534,.T.);
#6197=ORIENTED_EDGE($,*,*,#4535,.T.);
#6198=ORIENTED_EDGE($,*,*,#4536,.T.);
#6199=ORIENTED_EDGE($,*,*,#4537,.T.);
#6200=ORIENTED_EDGE($,*,*,#4538,.T.);
#6201=ORIENTED_EDGE($,*,*,#4539,.T.);
#6202=ORIENTED_EDGE($,*,*,#4540,.T.);
#6203=ORIENTED_EDGE($,*,*,#4541,.T.);
#6204=ORIENTED_EDGE($,*,*,#4533,.F.);
#6205=ORIENTED_EDGE($,*,*,#4542,.F.);
#6206=ORIENTED_EDGE($,*,*,#4540,.F.);
#6207=ORIENTED_EDGE($,*,*,#4543,.T.);
#6208=ORIENTED_EDGE($,*,*,#4534,.F.);
#6209=ORIENTED_EDGE($,*,*,#4541,.F.);
#6210=ORIENTED_EDGE($,*,*,#4539,.F.);
#6211=ORIENTED_EDGE($,*,*,#4544,.T.);
#6212=ORIENTED_EDGE($,*,*,#4535,.F.);
#6213=ORIENTED_EDGE($,*,*,#4543,.F.);
#6214=ORIENTED_EDGE($,*,*,#4538,.F.);
#6215=ORIENTED_EDGE($,*,*,#4542,.T.);
#6216=ORIENTED_EDGE($,*,*,#4536,.F.);
#6217=ORIENTED_EDGE($,*,*,#4544,.F.);
#6218=ORIENTED_EDGE($,*,*,#4537,.F.);
#6219=ORIENTED_EDGE($,*,*,#4545,.F.);
#6220=ORIENTED_EDGE($,*,*,#4546,.F.);
#6221=ORIENTED_EDGE($,*,*,#4546,.T.);
#6222=ORIENTED_EDGE($,*,*,#4545,.T.);
#6223=ORIENTED_EDGE($,*,*,#4547,.F.);
#6224=ORIENTED_EDGE($,*,*,#4548,.F.);
#6225=ORIENTED_EDGE($,*,*,#4549,.F.);
#6226=ORIENTED_EDGE($,*,*,#4550,.F.);
#6227=ORIENTED_EDGE($,*,*,#4551,.F.);
#6228=ORIENTED_EDGE($,*,*,#4552,.F.);
#6229=ORIENTED_EDGE($,*,*,#4553,.T.);
#6230=ORIENTED_EDGE($,*,*,#4554,.F.);
#6231=ORIENTED_EDGE($,*,*,#4555,.F.);
#6232=ORIENTED_EDGE($,*,*,#4556,.T.);
#6233=ORIENTED_EDGE($,*,*,#4557,.T.);
#6234=ORIENTED_EDGE($,*,*,#4548,.T.);
#6235=ORIENTED_EDGE($,*,*,#4558,.F.);
#6236=ORIENTED_EDGE($,*,*,#4559,.F.);
#6237=ORIENTED_EDGE($,*,*,#4560,.T.);
#6238=ORIENTED_EDGE($,*,*,#4556,.F.);
#6239=ORIENTED_EDGE($,*,*,#4561,.F.);
#6240=ORIENTED_EDGE($,*,*,#4554,.T.);
#6241=ORIENTED_EDGE($,*,*,#4562,.T.);
#6242=ORIENTED_EDGE($,*,*,#4563,.T.);
#6243=ORIENTED_EDGE($,*,*,#4564,.F.);
#6244=ORIENTED_EDGE($,*,*,#4563,.F.);
#6245=ORIENTED_EDGE($,*,*,#4565,.F.);
#6246=ORIENTED_EDGE($,*,*,#4566,.F.);
#6247=ORIENTED_EDGE($,*,*,#4562,.F.);
#6248=ORIENTED_EDGE($,*,*,#4553,.F.);
#6249=ORIENTED_EDGE($,*,*,#4567,.F.);
#6250=ORIENTED_EDGE($,*,*,#4565,.T.);
#6251=ORIENTED_EDGE($,*,*,#4557,.F.);
#6252=ORIENTED_EDGE($,*,*,#4560,.F.);
#6253=ORIENTED_EDGE($,*,*,#4568,.F.);
#6254=ORIENTED_EDGE($,*,*,#4549,.T.);
#6255=ORIENTED_EDGE($,*,*,#4569,.F.);
#6256=ORIENTED_EDGE($,*,*,#4551,.T.);
#6257=ORIENTED_EDGE($,*,*,#4561,.T.);
#6258=ORIENTED_EDGE($,*,*,#4564,.T.);
#6259=ORIENTED_EDGE($,*,*,#4570,.F.);
#6260=ORIENTED_EDGE($,*,*,#4571,.T.);
#6261=ORIENTED_EDGE($,*,*,#4572,.T.);
#6262=ORIENTED_EDGE($,*,*,#4573,.T.);
#6263=ORIENTED_EDGE($,*,*,#4574,.F.);
#6264=ORIENTED_EDGE($,*,*,#4558,.T.);
#6265=ORIENTED_EDGE($,*,*,#4555,.T.);
#6266=ORIENTED_EDGE($,*,*,#4547,.T.);
#6267=ORIENTED_EDGE($,*,*,#4575,.F.);
#6268=ORIENTED_EDGE($,*,*,#4576,.T.);
#6269=ORIENTED_EDGE($,*,*,#4577,.T.);
#6270=ORIENTED_EDGE($,*,*,#4578,.T.);
#6271=ORIENTED_EDGE($,*,*,#4579,.F.);
#6272=ORIENTED_EDGE($,*,*,#4578,.F.);
#6273=ORIENTED_EDGE($,*,*,#4580,.F.);
#6274=ORIENTED_EDGE($,*,*,#4581,.F.);
#6275=ORIENTED_EDGE($,*,*,#4582,.F.);
#6276=ORIENTED_EDGE($,*,*,#4571,.F.);
#6277=ORIENTED_EDGE($,*,*,#4583,.F.);
#6278=ORIENTED_EDGE($,*,*,#4584,.T.);
#6279=ORIENTED_EDGE($,*,*,#4585,.F.);
#6280=ORIENTED_EDGE($,*,*,#4577,.F.);
#6281=ORIENTED_EDGE($,*,*,#4586,.T.);
#6282=ORIENTED_EDGE($,*,*,#4587,.T.);
#6283=ORIENTED_EDGE($,*,*,#4580,.T.);
#6284=ORIENTED_EDGE($,*,*,#4576,.F.);
#6285=ORIENTED_EDGE($,*,*,#4588,.F.);
#6286=ORIENTED_EDGE($,*,*,#4589,.T.);
#6287=ORIENTED_EDGE($,*,*,#4586,.F.);
#6288=ORIENTED_EDGE($,*,*,#4572,.F.);
#6289=ORIENTED_EDGE($,*,*,#4585,.T.);
#6290=ORIENTED_EDGE($,*,*,#4590,.T.);
#6291=ORIENTED_EDGE($,*,*,#4591,.T.);
#6292=ORIENTED_EDGE($,*,*,#4573,.F.);
#6293=ORIENTED_EDGE($,*,*,#4591,.F.);
#6294=ORIENTED_EDGE($,*,*,#4592,.F.);
#6295=ORIENTED_EDGE($,*,*,#4593,.F.);
#6296=ORIENTED_EDGE($,*,*,#4590,.F.);
#6297=ORIENTED_EDGE($,*,*,#4584,.F.);
#6298=ORIENTED_EDGE($,*,*,#4594,.F.);
#6299=ORIENTED_EDGE($,*,*,#4592,.T.);
#6300=ORIENTED_EDGE($,*,*,#4587,.F.);
#6301=ORIENTED_EDGE($,*,*,#4589,.F.);
#6302=ORIENTED_EDGE($,*,*,#4595,.F.);
#6303=ORIENTED_EDGE($,*,*,#4581,.T.);
#6304=ORIENTED_EDGE($,*,*,#4579,.T.);
#6305=ORIENTED_EDGE($,*,*,#4582,.T.);
#6306=ORIENTED_EDGE($,*,*,#4595,.T.);
#6307=ORIENTED_EDGE($,*,*,#4588,.T.);
#6308=ORIENTED_EDGE($,*,*,#4575,.T.);
#6309=ORIENTED_EDGE($,*,*,#4550,.T.);
#6310=ORIENTED_EDGE($,*,*,#4568,.T.);
#6311=ORIENTED_EDGE($,*,*,#4559,.T.);
#6312=ORIENTED_EDGE($,*,*,#4574,.T.);
#6313=ORIENTED_EDGE($,*,*,#4593,.T.);
#6314=ORIENTED_EDGE($,*,*,#4594,.T.);
#6315=ORIENTED_EDGE($,*,*,#4583,.T.);
#6316=ORIENTED_EDGE($,*,*,#4570,.T.);
#6317=ORIENTED_EDGE($,*,*,#4566,.T.);
#6318=ORIENTED_EDGE($,*,*,#4567,.T.);
#6319=ORIENTED_EDGE($,*,*,#4552,.T.);
#6320=ORIENTED_EDGE($,*,*,#4569,.T.);
#6321=ORIENTED_EDGE($,*,*,#4596,.F.);
#6322=ORIENTED_EDGE($,*,*,#4597,.F.);
#6323=ORIENTED_EDGE($,*,*,#4598,.F.);
#6324=ORIENTED_EDGE($,*,*,#4599,.T.);
#6325=ORIENTED_EDGE($,*,*,#4600,.F.);
#6326=ORIENTED_EDGE($,*,*,#4601,.F.);
#6327=ORIENTED_EDGE($,*,*,#4602,.F.);
#6328=ORIENTED_EDGE($,*,*,#4603,.T.);
#6329=ORIENTED_EDGE($,*,*,#4604,.F.);
#6330=ORIENTED_EDGE($,*,*,#4605,.F.);
#6331=ORIENTED_EDGE($,*,*,#4603,.F.);
#6332=ORIENTED_EDGE($,*,*,#4606,.F.);
#6333=ORIENTED_EDGE($,*,*,#4607,.F.);
#6334=ORIENTED_EDGE($,*,*,#4608,.T.);
#6335=ORIENTED_EDGE($,*,*,#4600,.T.);
#6336=ORIENTED_EDGE($,*,*,#4605,.T.);
#6337=ORIENTED_EDGE($,*,*,#4609,.F.);
#6338=ORIENTED_EDGE($,*,*,#4610,.F.);
#6339=ORIENTED_EDGE($,*,*,#4597,.T.);
#6340=ORIENTED_EDGE($,*,*,#4611,.F.);
#6341=ORIENTED_EDGE($,*,*,#4612,.F.);
#6342=ORIENTED_EDGE($,*,*,#4611,.T.);
#6343=ORIENTED_EDGE($,*,*,#4596,.T.);
#6344=ORIENTED_EDGE($,*,*,#4613,.T.);
#6345=ORIENTED_EDGE($,*,*,#4614,.F.);
#6346=ORIENTED_EDGE($,*,*,#4615,.F.);
#6347=ORIENTED_EDGE($,*,*,#4601,.T.);
#6348=ORIENTED_EDGE($,*,*,#4608,.F.);
#6349=ORIENTED_EDGE($,*,*,#4616,.F.);
#6350=ORIENTED_EDGE($,*,*,#4613,.F.);
#6351=ORIENTED_EDGE($,*,*,#4599,.F.);
#6352=ORIENTED_EDGE($,*,*,#4617,.F.);
#6353=ORIENTED_EDGE($,*,*,#4618,.F.);
#6354=ORIENTED_EDGE($,*,*,#4619,.T.);
#6355=ORIENTED_EDGE($,*,*,#4620,.T.);
#6356=ORIENTED_EDGE($,*,*,#4621,.T.);
#6357=ORIENTED_EDGE($,*,*,#4622,.F.);
#6358=ORIENTED_EDGE($,*,*,#4614,.T.);
#6359=ORIENTED_EDGE($,*,*,#4607,.T.);
#6360=ORIENTED_EDGE($,*,*,#4604,.T.);
#6361=ORIENTED_EDGE($,*,*,#4623,.F.);
#6362=ORIENTED_EDGE($,*,*,#4624,.T.);
#6363=ORIENTED_EDGE($,*,*,#4625,.T.);
#6364=ORIENTED_EDGE($,*,*,#4626,.T.);
#6365=ORIENTED_EDGE($,*,*,#4627,.F.);
#6366=ORIENTED_EDGE($,*,*,#4609,.T.);
#6367=ORIENTED_EDGE($,*,*,#4612,.T.);
#6368=ORIENTED_EDGE($,*,*,#4616,.T.);
#6369=ORIENTED_EDGE($,*,*,#4628,.F.);
#6370=ORIENTED_EDGE($,*,*,#4629,.F.);
#6371=ORIENTED_EDGE($,*,*,#4630,.F.);
#6372=ORIENTED_EDGE($,*,*,#4631,.F.);
#6373=ORIENTED_EDGE($,*,*,#4632,.T.);
#6374=ORIENTED_EDGE($,*,*,#4633,.F.);
#6375=ORIENTED_EDGE($,*,*,#4634,.F.);
#6376=ORIENTED_EDGE($,*,*,#4635,.F.);
#6377=ORIENTED_EDGE($,*,*,#4636,.T.);
#6378=ORIENTED_EDGE($,*,*,#4621,.F.);
#6379=ORIENTED_EDGE($,*,*,#4637,.F.);
#6380=ORIENTED_EDGE($,*,*,#4636,.F.);
#6381=ORIENTED_EDGE($,*,*,#4638,.F.);
#6382=ORIENTED_EDGE($,*,*,#4620,.F.);
#6383=ORIENTED_EDGE($,*,*,#4639,.T.);
#6384=ORIENTED_EDGE($,*,*,#4633,.T.);
#6385=ORIENTED_EDGE($,*,*,#4637,.T.);
#6386=ORIENTED_EDGE($,*,*,#4624,.F.);
#6387=ORIENTED_EDGE($,*,*,#4640,.F.);
#6388=ORIENTED_EDGE($,*,*,#4630,.T.);
#6389=ORIENTED_EDGE($,*,*,#4641,.F.);
#6390=ORIENTED_EDGE($,*,*,#4625,.F.);
#6391=ORIENTED_EDGE($,*,*,#4641,.T.);
#6392=ORIENTED_EDGE($,*,*,#4629,.T.);
#6393=ORIENTED_EDGE($,*,*,#4642,.T.);
#6394=ORIENTED_EDGE($,*,*,#4619,.F.);
#6395=ORIENTED_EDGE($,*,*,#4643,.F.);
#6396=ORIENTED_EDGE($,*,*,#4634,.T.);
#6397=ORIENTED_EDGE($,*,*,#4639,.F.);
#6398=ORIENTED_EDGE($,*,*,#4626,.F.);
#6399=ORIENTED_EDGE($,*,*,#4642,.F.);
#6400=ORIENTED_EDGE($,*,*,#4632,.F.);
#6401=ORIENTED_EDGE($,*,*,#4644,.F.);
#6402=ORIENTED_EDGE($,*,*,#4618,.T.);
#6403=ORIENTED_EDGE($,*,*,#4628,.T.);
#6404=ORIENTED_EDGE($,*,*,#4617,.T.);
#6405=ORIENTED_EDGE($,*,*,#4598,.T.);
#6406=ORIENTED_EDGE($,*,*,#4610,.T.);
#6407=ORIENTED_EDGE($,*,*,#4627,.T.);
#6408=ORIENTED_EDGE($,*,*,#4644,.T.);
#6409=ORIENTED_EDGE($,*,*,#4631,.T.);
#6410=ORIENTED_EDGE($,*,*,#4640,.T.);
#6411=ORIENTED_EDGE($,*,*,#4623,.T.);
#6412=ORIENTED_EDGE($,*,*,#4606,.T.);
#6413=ORIENTED_EDGE($,*,*,#4602,.T.);
#6414=ORIENTED_EDGE($,*,*,#4615,.T.);
#6415=ORIENTED_EDGE($,*,*,#4622,.T.);
#6416=ORIENTED_EDGE($,*,*,#4638,.T.);
#6417=ORIENTED_EDGE($,*,*,#4635,.T.);
#6418=ORIENTED_EDGE($,*,*,#4643,.T.);
#6419=ORIENTED_EDGE($,*,*,#4645,.T.);
#6420=ORIENTED_EDGE($,*,*,#4646,.F.);
#6421=ORIENTED_EDGE($,*,*,#4647,.F.);
#6422=ORIENTED_EDGE($,*,*,#4648,.F.);
#6423=ORIENTED_EDGE($,*,*,#4649,.T.);
#6424=ORIENTED_EDGE($,*,*,#4650,.F.);
#6425=ORIENTED_EDGE($,*,*,#4651,.F.);
#6426=ORIENTED_EDGE($,*,*,#4652,.F.);
#6427=ORIENTED_EDGE($,*,*,#4653,.T.);
#6428=ORIENTED_EDGE($,*,*,#4654,.F.);
#6429=ORIENTED_EDGE($,*,*,#4655,.F.);
#6430=ORIENTED_EDGE($,*,*,#4653,.F.);
#6431=ORIENTED_EDGE($,*,*,#4656,.F.);
#6432=ORIENTED_EDGE($,*,*,#4657,.F.);
#6433=ORIENTED_EDGE($,*,*,#4658,.T.);
#6434=ORIENTED_EDGE($,*,*,#4650,.T.);
#6435=ORIENTED_EDGE($,*,*,#4655,.T.);
#6436=ORIENTED_EDGE($,*,*,#4659,.F.);
#6437=ORIENTED_EDGE($,*,*,#4660,.F.);
#6438=ORIENTED_EDGE($,*,*,#4647,.T.);
#6439=ORIENTED_EDGE($,*,*,#4661,.F.);
#6440=ORIENTED_EDGE($,*,*,#4662,.F.);
#6441=ORIENTED_EDGE($,*,*,#4661,.T.);
#6442=ORIENTED_EDGE($,*,*,#4646,.T.);
#6443=ORIENTED_EDGE($,*,*,#4663,.T.);
#6444=ORIENTED_EDGE($,*,*,#4664,.F.);
#6445=ORIENTED_EDGE($,*,*,#4665,.F.);
#6446=ORIENTED_EDGE($,*,*,#4651,.T.);
#6447=ORIENTED_EDGE($,*,*,#4658,.F.);
#6448=ORIENTED_EDGE($,*,*,#4666,.F.);
#6449=ORIENTED_EDGE($,*,*,#4663,.F.);
#6450=ORIENTED_EDGE($,*,*,#4649,.F.);
#6451=ORIENTED_EDGE($,*,*,#4667,.F.);
#6452=ORIENTED_EDGE($,*,*,#4645,.F.);
#6453=ORIENTED_EDGE($,*,*,#4668,.T.);
#6454=ORIENTED_EDGE($,*,*,#4669,.T.);
#6455=ORIENTED_EDGE($,*,*,#4670,.T.);
#6456=ORIENTED_EDGE($,*,*,#4671,.F.);
#6457=ORIENTED_EDGE($,*,*,#4664,.T.);
#6458=ORIENTED_EDGE($,*,*,#4657,.T.);
#6459=ORIENTED_EDGE($,*,*,#4654,.T.);
#6460=ORIENTED_EDGE($,*,*,#4672,.F.);
#6461=ORIENTED_EDGE($,*,*,#4673,.T.);
#6462=ORIENTED_EDGE($,*,*,#4674,.T.);
#6463=ORIENTED_EDGE($,*,*,#4675,.T.);
#6464=ORIENTED_EDGE($,*,*,#4676,.F.);
#6465=ORIENTED_EDGE($,*,*,#4659,.T.);
#6466=ORIENTED_EDGE($,*,*,#4662,.T.);
#6467=ORIENTED_EDGE($,*,*,#4666,.T.);
#6468=ORIENTED_EDGE($,*,*,#4677,.F.);
#6469=ORIENTED_EDGE($,*,*,#4678,.F.);
#6470=ORIENTED_EDGE($,*,*,#4679,.F.);
#6471=ORIENTED_EDGE($,*,*,#4680,.F.);
#6472=ORIENTED_EDGE($,*,*,#4681,.T.);
#6473=ORIENTED_EDGE($,*,*,#4682,.F.);
#6474=ORIENTED_EDGE($,*,*,#4683,.F.);
#6475=ORIENTED_EDGE($,*,*,#4684,.F.);
#6476=ORIENTED_EDGE($,*,*,#4685,.T.);
#6477=ORIENTED_EDGE($,*,*,#4670,.F.);
#6478=ORIENTED_EDGE($,*,*,#4686,.F.);
#6479=ORIENTED_EDGE($,*,*,#4685,.F.);
#6480=ORIENTED_EDGE($,*,*,#4687,.F.);
#6481=ORIENTED_EDGE($,*,*,#4669,.F.);
#6482=ORIENTED_EDGE($,*,*,#4688,.T.);
#6483=ORIENTED_EDGE($,*,*,#4682,.T.);
#6484=ORIENTED_EDGE($,*,*,#4686,.T.);
#6485=ORIENTED_EDGE($,*,*,#4673,.F.);
#6486=ORIENTED_EDGE($,*,*,#4689,.F.);
#6487=ORIENTED_EDGE($,*,*,#4679,.T.);
#6488=ORIENTED_EDGE($,*,*,#4690,.F.);
#6489=ORIENTED_EDGE($,*,*,#4674,.F.);
#6490=ORIENTED_EDGE($,*,*,#4690,.T.);
#6491=ORIENTED_EDGE($,*,*,#4678,.T.);
#6492=ORIENTED_EDGE($,*,*,#4691,.T.);
#6493=ORIENTED_EDGE($,*,*,#4668,.F.);
#6494=ORIENTED_EDGE($,*,*,#4692,.F.);
#6495=ORIENTED_EDGE($,*,*,#4683,.T.);
#6496=ORIENTED_EDGE($,*,*,#4688,.F.);
#6497=ORIENTED_EDGE($,*,*,#4675,.F.);
#6498=ORIENTED_EDGE($,*,*,#4691,.F.);
#6499=ORIENTED_EDGE($,*,*,#4681,.F.);
#6500=ORIENTED_EDGE($,*,*,#4693,.F.);
#6501=ORIENTED_EDGE($,*,*,#4677,.T.);
#6502=ORIENTED_EDGE($,*,*,#4667,.T.);
#6503=ORIENTED_EDGE($,*,*,#4648,.T.);
#6504=ORIENTED_EDGE($,*,*,#4660,.T.);
#6505=ORIENTED_EDGE($,*,*,#4676,.T.);
#6506=ORIENTED_EDGE($,*,*,#4693,.T.);
#6507=ORIENTED_EDGE($,*,*,#4680,.T.);
#6508=ORIENTED_EDGE($,*,*,#4689,.T.);
#6509=ORIENTED_EDGE($,*,*,#4672,.T.);
#6510=ORIENTED_EDGE($,*,*,#4656,.T.);
#6511=ORIENTED_EDGE($,*,*,#4652,.T.);
#6512=ORIENTED_EDGE($,*,*,#4665,.T.);
#6513=ORIENTED_EDGE($,*,*,#4671,.T.);
#6514=ORIENTED_EDGE($,*,*,#4687,.T.);
#6515=ORIENTED_EDGE($,*,*,#4684,.T.);
#6516=ORIENTED_EDGE($,*,*,#4692,.T.);
#6517=ORIENTED_EDGE($,*,*,#4694,.T.);
#6518=ORIENTED_EDGE($,*,*,#4694,.F.);
#6519=ORIENTED_EDGE($,*,*,#4695,.F.);
#6520=ORIENTED_EDGE($,*,*,#4695,.T.);
#6521=ORIENTED_EDGE($,*,*,#4696,.T.);
#6522=ORIENTED_EDGE($,*,*,#4697,.T.);
#6523=ORIENTED_EDGE($,*,*,#4697,.F.);
#6524=ORIENTED_EDGE($,*,*,#4696,.F.);
#6525=ORIENTED_EDGE($,*,*,#4698,.T.);
#6526=ORIENTED_EDGE($,*,*,#4699,.F.);
#6527=ORIENTED_EDGE($,*,*,#4698,.F.);
#6528=ORIENTED_EDGE($,*,*,#4699,.T.);
#6529=ORIENTED_EDGE($,*,*,#4700,.F.);
#6530=ORIENTED_EDGE($,*,*,#4701,.T.);
#6531=ORIENTED_EDGE($,*,*,#4702,.T.);
#6532=ORIENTED_EDGE($,*,*,#4703,.T.);
#6533=ORIENTED_EDGE($,*,*,#4704,.F.);
#6534=ORIENTED_EDGE($,*,*,#4705,.T.);
#6535=ORIENTED_EDGE($,*,*,#4706,.T.);
#6536=ORIENTED_EDGE($,*,*,#4707,.F.);
#6537=ORIENTED_EDGE($,*,*,#4708,.T.);
#6538=ORIENTED_EDGE($,*,*,#4704,.T.);
#6539=ORIENTED_EDGE($,*,*,#4709,.T.);
#6540=ORIENTED_EDGE($,*,*,#4710,.F.);
#6541=ORIENTED_EDGE($,*,*,#4706,.F.);
#6542=ORIENTED_EDGE($,*,*,#4703,.F.);
#6543=ORIENTED_EDGE($,*,*,#4711,.T.);
#6544=ORIENTED_EDGE($,*,*,#4712,.F.);
#6545=ORIENTED_EDGE($,*,*,#4709,.F.);
#6546=ORIENTED_EDGE($,*,*,#4702,.F.);
#6547=ORIENTED_EDGE($,*,*,#4712,.T.);
#6548=ORIENTED_EDGE($,*,*,#4713,.T.);
#6549=ORIENTED_EDGE($,*,*,#4714,.T.);
#6550=ORIENTED_EDGE($,*,*,#4715,.T.);
#6551=ORIENTED_EDGE($,*,*,#4707,.T.);
#6552=ORIENTED_EDGE($,*,*,#4710,.T.);
#6553=ORIENTED_EDGE($,*,*,#4716,.T.);
#6554=ORIENTED_EDGE($,*,*,#4714,.F.);
#6555=ORIENTED_EDGE($,*,*,#4717,.T.);
#6556=ORIENTED_EDGE($,*,*,#4700,.T.);
#6557=ORIENTED_EDGE($,*,*,#4708,.F.);
#6558=ORIENTED_EDGE($,*,*,#4715,.F.);
#6559=ORIENTED_EDGE($,*,*,#4716,.F.);
#6560=ORIENTED_EDGE($,*,*,#4705,.F.);
#6561=ORIENTED_EDGE($,*,*,#4717,.F.);
#6562=ORIENTED_EDGE($,*,*,#4713,.F.);
#6563=ORIENTED_EDGE($,*,*,#4711,.F.);
#6564=ORIENTED_EDGE($,*,*,#4701,.F.);
#6565=ORIENTED_EDGE($,*,*,#4718,.T.);
#6566=ORIENTED_EDGE($,*,*,#4719,.T.);
#6567=ORIENTED_EDGE($,*,*,#4720,.T.);
#6568=ORIENTED_EDGE($,*,*,#4721,.T.);
#6569=ORIENTED_EDGE($,*,*,#4722,.T.);
#6570=ORIENTED_EDGE($,*,*,#4723,.F.);
#6571=ORIENTED_EDGE($,*,*,#4724,.F.);
#6572=ORIENTED_EDGE($,*,*,#4721,.F.);
#6573=ORIENTED_EDGE($,*,*,#4725,.T.);
#6574=ORIENTED_EDGE($,*,*,#4726,.F.);
#6575=ORIENTED_EDGE($,*,*,#4722,.F.);
#6576=ORIENTED_EDGE($,*,*,#4720,.F.);
#6577=ORIENTED_EDGE($,*,*,#4727,.T.);
#6578=ORIENTED_EDGE($,*,*,#4728,.F.);
#6579=ORIENTED_EDGE($,*,*,#4725,.F.);
#6580=ORIENTED_EDGE($,*,*,#4719,.F.);
#6581=ORIENTED_EDGE($,*,*,#4724,.T.);
#6582=ORIENTED_EDGE($,*,*,#4729,.F.);
#6583=ORIENTED_EDGE($,*,*,#4727,.F.);
#6584=ORIENTED_EDGE($,*,*,#4718,.F.);
#6585=ORIENTED_EDGE($,*,*,#4729,.T.);
#6586=ORIENTED_EDGE($,*,*,#4723,.T.);
#6587=ORIENTED_EDGE($,*,*,#4726,.T.);
#6588=ORIENTED_EDGE($,*,*,#4728,.T.);
#6589=ORIENTED_EDGE($,*,*,#4730,.T.);
#6590=ORIENTED_EDGE($,*,*,#4731,.T.);
#6591=ORIENTED_EDGE($,*,*,#4732,.T.);
#6592=ORIENTED_EDGE($,*,*,#4733,.T.);
#6593=ORIENTED_EDGE($,*,*,#4734,.T.);
#6594=ORIENTED_EDGE($,*,*,#4735,.T.);
#6595=ORIENTED_EDGE($,*,*,#4736,.T.);
#6596=ORIENTED_EDGE($,*,*,#4737,.T.);
#6597=ORIENTED_EDGE($,*,*,#4738,.T.);
#6598=ORIENTED_EDGE($,*,*,#4735,.F.);
#6599=ORIENTED_EDGE($,*,*,#4739,.F.);
#6600=ORIENTED_EDGE($,*,*,#4730,.F.);
#6601=ORIENTED_EDGE($,*,*,#4740,.T.);
#6602=ORIENTED_EDGE($,*,*,#4736,.F.);
#6603=ORIENTED_EDGE($,*,*,#4738,.F.);
#6604=ORIENTED_EDGE($,*,*,#4733,.F.);
#6605=ORIENTED_EDGE($,*,*,#4741,.T.);
#6606=ORIENTED_EDGE($,*,*,#4737,.F.);
#6607=ORIENTED_EDGE($,*,*,#4740,.F.);
#6608=ORIENTED_EDGE($,*,*,#4732,.F.);
#6609=ORIENTED_EDGE($,*,*,#4739,.T.);
#6610=ORIENTED_EDGE($,*,*,#4734,.F.);
#6611=ORIENTED_EDGE($,*,*,#4741,.F.);
#6612=ORIENTED_EDGE($,*,*,#4731,.F.);
#6613=ORIENTED_EDGE($,*,*,#4742,.T.);
#6614=ORIENTED_EDGE($,*,*,#4743,.F.);
#6615=ORIENTED_EDGE($,*,*,#4744,.F.);
#6616=ORIENTED_EDGE($,*,*,#4745,.F.);
#6617=ORIENTED_EDGE($,*,*,#4744,.T.);
#6618=ORIENTED_EDGE($,*,*,#4746,.F.);
#6619=ORIENTED_EDGE($,*,*,#4747,.F.);
#6620=ORIENTED_EDGE($,*,*,#4748,.F.);
#6621=ORIENTED_EDGE($,*,*,#4747,.T.);
#6622=ORIENTED_EDGE($,*,*,#4749,.F.);
#6623=ORIENTED_EDGE($,*,*,#4750,.F.);
#6624=ORIENTED_EDGE($,*,*,#4751,.F.);
#6625=ORIENTED_EDGE($,*,*,#4750,.T.);
#6626=ORIENTED_EDGE($,*,*,#4752,.F.);
#6627=ORIENTED_EDGE($,*,*,#4742,.F.);
#6628=ORIENTED_EDGE($,*,*,#4753,.F.);
#6629=ORIENTED_EDGE($,*,*,#4743,.T.);
#6630=ORIENTED_EDGE($,*,*,#4752,.T.);
#6631=ORIENTED_EDGE($,*,*,#4749,.T.);
#6632=ORIENTED_EDGE($,*,*,#4746,.T.);
#6633=ORIENTED_EDGE($,*,*,#4753,.T.);
#6634=ORIENTED_EDGE($,*,*,#4745,.T.);
#6635=ORIENTED_EDGE($,*,*,#4748,.T.);
#6636=ORIENTED_EDGE($,*,*,#4751,.T.);
#6637=ORIENTED_EDGE($,*,*,#4754,.F.);
#6638=ORIENTED_EDGE($,*,*,#4755,.F.);
#6639=ORIENTED_EDGE($,*,*,#4755,.T.);
#6640=ORIENTED_EDGE($,*,*,#4754,.T.);
#6641=ORIENTED_EDGE($,*,*,#4756,.F.);
#6642=ORIENTED_EDGE($,*,*,#4757,.F.);
#6643=ORIENTED_EDGE($,*,*,#4756,.T.);
#6644=ORIENTED_EDGE($,*,*,#4757,.T.);
#6645=ORIENTED_EDGE($,*,*,#4758,.T.);
#6646=ORIENTED_EDGE($,*,*,#4759,.T.);
#6647=ORIENTED_EDGE($,*,*,#4760,.T.);
#6648=ORIENTED_EDGE($,*,*,#4761,.T.);
#6649=ORIENTED_EDGE($,*,*,#4762,.T.);
#6650=ORIENTED_EDGE($,*,*,#4763,.T.);
#6651=ORIENTED_EDGE($,*,*,#4764,.T.);
#6652=ORIENTED_EDGE($,*,*,#4765,.T.);
#6653=ORIENTED_EDGE($,*,*,#4766,.T.);
#6654=ORIENTED_EDGE($,*,*,#4762,.F.);
#6655=ORIENTED_EDGE($,*,*,#4767,.F.);
#6656=ORIENTED_EDGE($,*,*,#4761,.F.);
#6657=ORIENTED_EDGE($,*,*,#4768,.T.);
#6658=ORIENTED_EDGE($,*,*,#4763,.F.);
#6659=ORIENTED_EDGE($,*,*,#4766,.F.);
#6660=ORIENTED_EDGE($,*,*,#4760,.F.);
#6661=ORIENTED_EDGE($,*,*,#4769,.T.);
#6662=ORIENTED_EDGE($,*,*,#4764,.F.);
#6663=ORIENTED_EDGE($,*,*,#4768,.F.);
#6664=ORIENTED_EDGE($,*,*,#4759,.F.);
#6665=ORIENTED_EDGE($,*,*,#4767,.T.);
#6666=ORIENTED_EDGE($,*,*,#4765,.F.);
#6667=ORIENTED_EDGE($,*,*,#4769,.F.);
#6668=ORIENTED_EDGE($,*,*,#4758,.F.);
#6669=ORIENTED_EDGE($,*,*,#4770,.T.);
#6670=ORIENTED_EDGE($,*,*,#4770,.F.);
#6671=ORIENTED_EDGE($,*,*,#4771,.F.);
#6672=ORIENTED_EDGE($,*,*,#4771,.T.);
#6673=ORIENTED_EDGE($,*,*,#4772,.T.);
#6674=ORIENTED_EDGE($,*,*,#4773,.F.);
#6675=ORIENTED_EDGE($,*,*,#4772,.F.);
#6676=ORIENTED_EDGE($,*,*,#4773,.T.);
#6677=ORIENTED_EDGE($,*,*,#4774,.T.);
#6678=ORIENTED_EDGE($,*,*,#4775,.T.);
#6679=ORIENTED_EDGE($,*,*,#4776,.T.);
#6680=ORIENTED_EDGE($,*,*,#4777,.T.);
#6681=ORIENTED_EDGE($,*,*,#4778,.T.);
#6682=ORIENTED_EDGE($,*,*,#4779,.F.);
#6683=ORIENTED_EDGE($,*,*,#4780,.F.);
#6684=ORIENTED_EDGE($,*,*,#4774,.F.);
#6685=ORIENTED_EDGE($,*,*,#4781,.T.);
#6686=ORIENTED_EDGE($,*,*,#4782,.F.);
#6687=ORIENTED_EDGE($,*,*,#4778,.F.);
#6688=ORIENTED_EDGE($,*,*,#4777,.F.);
#6689=ORIENTED_EDGE($,*,*,#4783,.T.);
#6690=ORIENTED_EDGE($,*,*,#4784,.F.);
#6691=ORIENTED_EDGE($,*,*,#4781,.F.);
#6692=ORIENTED_EDGE($,*,*,#4776,.F.);
#6693=ORIENTED_EDGE($,*,*,#4780,.T.);
#6694=ORIENTED_EDGE($,*,*,#4785,.F.);
#6695=ORIENTED_EDGE($,*,*,#4783,.F.);
#6696=ORIENTED_EDGE($,*,*,#4775,.F.);
#6697=ORIENTED_EDGE($,*,*,#4785,.T.);
#6698=ORIENTED_EDGE($,*,*,#4779,.T.);
#6699=ORIENTED_EDGE($,*,*,#4782,.T.);
#6700=ORIENTED_EDGE($,*,*,#4784,.T.);
#6701=ORIENTED_EDGE($,*,*,#4786,.T.);
#6702=ORIENTED_EDGE($,*,*,#4787,.T.);
#6703=ORIENTED_EDGE($,*,*,#4788,.T.);
#6704=ORIENTED_EDGE($,*,*,#4789,.T.);
#6705=ORIENTED_EDGE($,*,*,#4790,.T.);
#6706=ORIENTED_EDGE($,*,*,#4791,.T.);
#6707=ORIENTED_EDGE($,*,*,#4792,.T.);
#6708=ORIENTED_EDGE($,*,*,#4793,.T.);
#6709=ORIENTED_EDGE($,*,*,#4794,.T.);
#6710=ORIENTED_EDGE($,*,*,#4795,.T.);
#6711=ORIENTED_EDGE($,*,*,#4796,.T.);
#6712=ORIENTED_EDGE($,*,*,#4797,.T.);
#6713=ORIENTED_EDGE($,*,*,#4798,.T.);
#6714=ORIENTED_EDGE($,*,*,#4799,.T.);
#6715=ORIENTED_EDGE($,*,*,#4800,.T.);
#6716=ORIENTED_EDGE($,*,*,#4801,.T.);
#6717=ORIENTED_EDGE($,*,*,#4802,.F.);
#6718=ORIENTED_EDGE($,*,*,#4803,.F.);
#6719=ORIENTED_EDGE($,*,*,#4788,.F.);
#6720=ORIENTED_EDGE($,*,*,#4804,.T.);
#6721=ORIENTED_EDGE($,*,*,#4805,.F.);
#6722=ORIENTED_EDGE($,*,*,#4806,.F.);
#6723=ORIENTED_EDGE($,*,*,#4796,.F.);
#6724=ORIENTED_EDGE($,*,*,#4807,.T.);
#6725=ORIENTED_EDGE($,*,*,#4808,.F.);
#6726=ORIENTED_EDGE($,*,*,#4809,.F.);
#6727=ORIENTED_EDGE($,*,*,#4807,.F.);
#6728=ORIENTED_EDGE($,*,*,#4795,.F.);
#6729=ORIENTED_EDGE($,*,*,#4810,.F.);
#6730=ORIENTED_EDGE($,*,*,#4811,.T.);
#6731=ORIENTED_EDGE($,*,*,#4805,.T.);
#6732=ORIENTED_EDGE($,*,*,#4809,.T.);
#6733=ORIENTED_EDGE($,*,*,#4812,.F.);
#6734=ORIENTED_EDGE($,*,*,#4789,.F.);
#6735=ORIENTED_EDGE($,*,*,#4803,.T.);
#6736=ORIENTED_EDGE($,*,*,#4813,.F.);
#6737=ORIENTED_EDGE($,*,*,#4814,.F.);
#6738=ORIENTED_EDGE($,*,*,#4813,.T.);
#6739=ORIENTED_EDGE($,*,*,#4802,.T.);
#6740=ORIENTED_EDGE($,*,*,#4815,.T.);
#6741=ORIENTED_EDGE($,*,*,#4816,.F.);
#6742=ORIENTED_EDGE($,*,*,#4797,.F.);
#6743=ORIENTED_EDGE($,*,*,#4806,.T.);
#6744=ORIENTED_EDGE($,*,*,#4811,.F.);
#6745=ORIENTED_EDGE($,*,*,#4817,.F.);
#6746=ORIENTED_EDGE($,*,*,#4815,.F.);
#6747=ORIENTED_EDGE($,*,*,#4804,.F.);
#6748=ORIENTED_EDGE($,*,*,#4787,.F.);
#6749=ORIENTED_EDGE($,*,*,#4818,.F.);
#6750=ORIENTED_EDGE($,*,*,#4819,.T.);
#6751=ORIENTED_EDGE($,*,*,#4820,.T.);
#6752=ORIENTED_EDGE($,*,*,#4821,.T.);
#6753=ORIENTED_EDGE($,*,*,#4798,.F.);
#6754=ORIENTED_EDGE($,*,*,#4816,.T.);
#6755=ORIENTED_EDGE($,*,*,#4810,.T.);
#6756=ORIENTED_EDGE($,*,*,#4808,.T.);
#6757=ORIENTED_EDGE($,*,*,#4794,.F.);
#6758=ORIENTED_EDGE($,*,*,#4822,.T.);
#6759=ORIENTED_EDGE($,*,*,#4823,.T.);
#6760=ORIENTED_EDGE($,*,*,#4824,.T.);
#6761=ORIENTED_EDGE($,*,*,#4790,.F.);
#6762=ORIENTED_EDGE($,*,*,#4812,.T.);
#6763=ORIENTED_EDGE($,*,*,#4814,.T.);
#6764=ORIENTED_EDGE($,*,*,#4817,.T.);
#6765=ORIENTED_EDGE($,*,*,#4786,.F.);
#6766=ORIENTED_EDGE($,*,*,#4825,.F.);
#6767=ORIENTED_EDGE($,*,*,#4826,.F.);
#6768=ORIENTED_EDGE($,*,*,#4792,.F.);
#6769=ORIENTED_EDGE($,*,*,#4827,.T.);
#6770=ORIENTED_EDGE($,*,*,#4828,.F.);
#6771=ORIENTED_EDGE($,*,*,#4829,.F.);
#6772=ORIENTED_EDGE($,*,*,#4800,.F.);
#6773=ORIENTED_EDGE($,*,*,#4830,.T.);
#6774=ORIENTED_EDGE($,*,*,#4821,.F.);
#6775=ORIENTED_EDGE($,*,*,#4831,.F.);
#6776=ORIENTED_EDGE($,*,*,#4830,.F.);
#6777=ORIENTED_EDGE($,*,*,#4799,.F.);
#6778=ORIENTED_EDGE($,*,*,#4820,.F.);
#6779=ORIENTED_EDGE($,*,*,#4832,.T.);
#6780=ORIENTED_EDGE($,*,*,#4828,.T.);
#6781=ORIENTED_EDGE($,*,*,#4831,.T.);
#6782=ORIENTED_EDGE($,*,*,#4822,.F.);
#6783=ORIENTED_EDGE($,*,*,#4793,.F.);
#6784=ORIENTED_EDGE($,*,*,#4826,.T.);
#6785=ORIENTED_EDGE($,*,*,#4833,.F.);
#6786=ORIENTED_EDGE($,*,*,#4823,.F.);
#6787=ORIENTED_EDGE($,*,*,#4833,.T.);
#6788=ORIENTED_EDGE($,*,*,#4825,.T.);
#6789=ORIENTED_EDGE($,*,*,#4834,.T.);
#6790=ORIENTED_EDGE($,*,*,#4819,.F.);
#6791=ORIENTED_EDGE($,*,*,#4801,.F.);
#6792=ORIENTED_EDGE($,*,*,#4829,.T.);
#6793=ORIENTED_EDGE($,*,*,#4832,.F.);
#6794=ORIENTED_EDGE($,*,*,#4824,.F.);
#6795=ORIENTED_EDGE($,*,*,#4834,.F.);
#6796=ORIENTED_EDGE($,*,*,#4827,.F.);
#6797=ORIENTED_EDGE($,*,*,#4791,.F.);
#6798=ORIENTED_EDGE($,*,*,#4818,.T.);
#6799=ORIENTED_EDGE($,*,*,#4835,.F.);
#6800=ORIENTED_EDGE($,*,*,#4836,.F.);
#6801=ORIENTED_EDGE($,*,*,#4837,.F.);
#6802=ORIENTED_EDGE($,*,*,#4838,.F.);
#6803=ORIENTED_EDGE($,*,*,#4839,.F.);
#6804=ORIENTED_EDGE($,*,*,#4840,.F.);
#6805=ORIENTED_EDGE($,*,*,#4841,.T.);
#6806=ORIENTED_EDGE($,*,*,#4842,.F.);
#6807=ORIENTED_EDGE($,*,*,#4843,.F.);
#6808=ORIENTED_EDGE($,*,*,#4844,.T.);
#6809=ORIENTED_EDGE($,*,*,#4845,.T.);
#6810=ORIENTED_EDGE($,*,*,#4836,.T.);
#6811=ORIENTED_EDGE($,*,*,#4846,.F.);
#6812=ORIENTED_EDGE($,*,*,#4847,.F.);
#6813=ORIENTED_EDGE($,*,*,#4848,.T.);
#6814=ORIENTED_EDGE($,*,*,#4844,.F.);
#6815=ORIENTED_EDGE($,*,*,#4849,.F.);
#6816=ORIENTED_EDGE($,*,*,#4842,.T.);
#6817=ORIENTED_EDGE($,*,*,#4850,.T.);
#6818=ORIENTED_EDGE($,*,*,#4851,.T.);
#6819=ORIENTED_EDGE($,*,*,#4852,.F.);
#6820=ORIENTED_EDGE($,*,*,#4851,.F.);
#6821=ORIENTED_EDGE($,*,*,#4853,.F.);
#6822=ORIENTED_EDGE($,*,*,#4854,.F.);
#6823=ORIENTED_EDGE($,*,*,#4850,.F.);
#6824=ORIENTED_EDGE($,*,*,#4841,.F.);
#6825=ORIENTED_EDGE($,*,*,#4855,.F.);
#6826=ORIENTED_EDGE($,*,*,#4853,.T.);
#6827=ORIENTED_EDGE($,*,*,#4845,.F.);
#6828=ORIENTED_EDGE($,*,*,#4848,.F.);
#6829=ORIENTED_EDGE($,*,*,#4856,.F.);
#6830=ORIENTED_EDGE($,*,*,#4837,.T.);
#6831=ORIENTED_EDGE($,*,*,#4857,.F.);
#6832=ORIENTED_EDGE($,*,*,#4839,.T.);
#6833=ORIENTED_EDGE($,*,*,#4849,.T.);
#6834=ORIENTED_EDGE($,*,*,#4852,.T.);
#6835=ORIENTED_EDGE($,*,*,#4858,.F.);
#6836=ORIENTED_EDGE($,*,*,#4859,.T.);
#6837=ORIENTED_EDGE($,*,*,#4860,.T.);
#6838=ORIENTED_EDGE($,*,*,#4861,.T.);
#6839=ORIENTED_EDGE($,*,*,#4862,.F.);
#6840=ORIENTED_EDGE($,*,*,#4846,.T.);
#6841=ORIENTED_EDGE($,*,*,#4843,.T.);
#6842=ORIENTED_EDGE($,*,*,#4835,.T.);
#6843=ORIENTED_EDGE($,*,*,#4863,.F.);
#6844=ORIENTED_EDGE($,*,*,#4864,.T.);
#6845=ORIENTED_EDGE($,*,*,#4865,.T.);
#6846=ORIENTED_EDGE($,*,*,#4866,.T.);
#6847=ORIENTED_EDGE($,*,*,#4867,.F.);
#6848=ORIENTED_EDGE($,*,*,#4866,.F.);
#6849=ORIENTED_EDGE($,*,*,#4868,.F.);
#6850=ORIENTED_EDGE($,*,*,#4869,.F.);
#6851=ORIENTED_EDGE($,*,*,#4870,.F.);
#6852=ORIENTED_EDGE($,*,*,#4859,.F.);
#6853=ORIENTED_EDGE($,*,*,#4871,.F.);
#6854=ORIENTED_EDGE($,*,*,#4872,.T.);
#6855=ORIENTED_EDGE($,*,*,#4873,.F.);
#6856=ORIENTED_EDGE($,*,*,#4865,.F.);
#6857=ORIENTED_EDGE($,*,*,#4874,.T.);
#6858=ORIENTED_EDGE($,*,*,#4875,.T.);
#6859=ORIENTED_EDGE($,*,*,#4868,.T.);
#6860=ORIENTED_EDGE($,*,*,#4864,.F.);
#6861=ORIENTED_EDGE($,*,*,#4876,.F.);
#6862=ORIENTED_EDGE($,*,*,#4877,.T.);
#6863=ORIENTED_EDGE($,*,*,#4874,.F.);
#6864=ORIENTED_EDGE($,*,*,#4860,.F.);
#6865=ORIENTED_EDGE($,*,*,#4873,.T.);
#6866=ORIENTED_EDGE($,*,*,#4878,.T.);
#6867=ORIENTED_EDGE($,*,*,#4879,.T.);
#6868=ORIENTED_EDGE($,*,*,#4861,.F.);
#6869=ORIENTED_EDGE($,*,*,#4879,.F.);
#6870=ORIENTED_EDGE($,*,*,#4880,.F.);
#6871=ORIENTED_EDGE($,*,*,#4881,.F.);
#6872=ORIENTED_EDGE($,*,*,#4878,.F.);
#6873=ORIENTED_EDGE($,*,*,#4872,.F.);
#6874=ORIENTED_EDGE($,*,*,#4882,.F.);
#6875=ORIENTED_EDGE($,*,*,#4880,.T.);
#6876=ORIENTED_EDGE($,*,*,#4875,.F.);
#6877=ORIENTED_EDGE($,*,*,#4877,.F.);
#6878=ORIENTED_EDGE($,*,*,#4883,.F.);
#6879=ORIENTED_EDGE($,*,*,#4869,.T.);
#6880=ORIENTED_EDGE($,*,*,#4867,.T.);
#6881=ORIENTED_EDGE($,*,*,#4870,.T.);
#6882=ORIENTED_EDGE($,*,*,#4883,.T.);
#6883=ORIENTED_EDGE($,*,*,#4876,.T.);
#6884=ORIENTED_EDGE($,*,*,#4863,.T.);
#6885=ORIENTED_EDGE($,*,*,#4838,.T.);
#6886=ORIENTED_EDGE($,*,*,#4856,.T.);
#6887=ORIENTED_EDGE($,*,*,#4847,.T.);
#6888=ORIENTED_EDGE($,*,*,#4862,.T.);
#6889=ORIENTED_EDGE($,*,*,#4881,.T.);
#6890=ORIENTED_EDGE($,*,*,#4882,.T.);
#6891=ORIENTED_EDGE($,*,*,#4871,.T.);
#6892=ORIENTED_EDGE($,*,*,#4858,.T.);
#6893=ORIENTED_EDGE($,*,*,#4854,.T.);
#6894=ORIENTED_EDGE($,*,*,#4855,.T.);
#6895=ORIENTED_EDGE($,*,*,#4840,.T.);
#6896=ORIENTED_EDGE($,*,*,#4857,.T.);
#6897=ORIENTED_EDGE($,*,*,#4884,.T.);
#6898=ORIENTED_EDGE($,*,*,#4885,.T.);
#6899=ORIENTED_EDGE($,*,*,#4886,.F.);
#6900=ORIENTED_EDGE($,*,*,#4887,.T.);
#6901=ORIENTED_EDGE($,*,*,#4888,.F.);
#6902=ORIENTED_EDGE($,*,*,#4889,.T.);
#6903=ORIENTED_EDGE($,*,*,#4890,.T.);
#6904=ORIENTED_EDGE($,*,*,#4891,.T.);
#6905=ORIENTED_EDGE($,*,*,#4892,.T.);
#6906=ORIENTED_EDGE($,*,*,#4888,.T.);
#6907=ORIENTED_EDGE($,*,*,#4893,.F.);
#6908=ORIENTED_EDGE($,*,*,#4894,.F.);
#6909=ORIENTED_EDGE($,*,*,#4890,.F.);
#6910=ORIENTED_EDGE($,*,*,#4887,.F.);
#6911=ORIENTED_EDGE($,*,*,#4895,.T.);
#6912=ORIENTED_EDGE($,*,*,#4896,.T.);
#6913=ORIENTED_EDGE($,*,*,#4893,.T.);
#6914=ORIENTED_EDGE($,*,*,#4886,.T.);
#6915=ORIENTED_EDGE($,*,*,#4892,.F.);
#6916=ORIENTED_EDGE($,*,*,#4897,.F.);
#6917=ORIENTED_EDGE($,*,*,#4898,.T.);
#6918=ORIENTED_EDGE($,*,*,#4889,.F.);
#6919=ORIENTED_EDGE($,*,*,#4899,.F.);
#6920=ORIENTED_EDGE($,*,*,#4900,.F.);
#6921=ORIENTED_EDGE($,*,*,#4895,.F.);
#6922=ORIENTED_EDGE($,*,*,#4885,.F.);
#6923=ORIENTED_EDGE($,*,*,#4898,.F.);
#6924=ORIENTED_EDGE($,*,*,#4901,.F.);
#6925=ORIENTED_EDGE($,*,*,#4899,.T.);
#6926=ORIENTED_EDGE($,*,*,#4884,.F.);
#6927=ORIENTED_EDGE($,*,*,#4896,.F.);
#6928=ORIENTED_EDGE($,*,*,#4900,.T.);
#6929=ORIENTED_EDGE($,*,*,#4901,.T.);
#6930=ORIENTED_EDGE($,*,*,#4897,.T.);
#6931=ORIENTED_EDGE($,*,*,#4891,.F.);
#6932=ORIENTED_EDGE($,*,*,#4894,.T.);
#6933=ORIENTED_EDGE($,*,*,#4902,.T.);
#6934=ORIENTED_EDGE($,*,*,#4902,.F.);
#6935=ORIENTED_EDGE($,*,*,#4903,.F.);
#6936=ORIENTED_EDGE($,*,*,#4903,.T.);
#6937=ORIENTED_EDGE($,*,*,#4904,.T.);
#6938=ORIENTED_EDGE($,*,*,#4905,.T.);
#6939=ORIENTED_EDGE($,*,*,#4905,.F.);
#6940=ORIENTED_EDGE($,*,*,#4904,.F.);
#6941=ORIENTED_EDGE($,*,*,#4906,.F.);
#6942=ORIENTED_EDGE($,*,*,#4907,.F.);
#6943=ORIENTED_EDGE($,*,*,#4908,.F.);
#6944=ORIENTED_EDGE($,*,*,#4909,.F.);
#6945=ORIENTED_EDGE($,*,*,#4910,.F.);
#6946=ORIENTED_EDGE($,*,*,#4911,.F.);
#6947=ORIENTED_EDGE($,*,*,#4912,.F.);
#6948=ORIENTED_EDGE($,*,*,#4913,.F.);
#6949=ORIENTED_EDGE($,*,*,#4914,.F.);
#6950=ORIENTED_EDGE($,*,*,#4909,.T.);
#6951=ORIENTED_EDGE($,*,*,#4915,.F.);
#6952=ORIENTED_EDGE($,*,*,#4911,.T.);
#6953=ORIENTED_EDGE($,*,*,#4906,.T.);
#6954=ORIENTED_EDGE($,*,*,#4914,.T.);
#6955=ORIENTED_EDGE($,*,*,#4910,.T.);
#6956=ORIENTED_EDGE($,*,*,#4916,.T.);
#6957=ORIENTED_EDGE($,*,*,#4917,.F.);
#6958=ORIENTED_EDGE($,*,*,#4918,.F.);
#6959=ORIENTED_EDGE($,*,*,#4919,.F.);
#6960=ORIENTED_EDGE($,*,*,#4920,.T.);
#6961=ORIENTED_EDGE($,*,*,#4913,.T.);
#6962=ORIENTED_EDGE($,*,*,#4921,.T.);
#6963=ORIENTED_EDGE($,*,*,#4922,.F.);
#6964=ORIENTED_EDGE($,*,*,#4916,.F.);
#6965=ORIENTED_EDGE($,*,*,#4907,.T.);
#6966=ORIENTED_EDGE($,*,*,#4920,.F.);
#6967=ORIENTED_EDGE($,*,*,#4923,.F.);
#6968=ORIENTED_EDGE($,*,*,#4924,.T.);
#6969=ORIENTED_EDGE($,*,*,#4919,.T.);
#6970=ORIENTED_EDGE($,*,*,#4925,.T.);
#6971=ORIENTED_EDGE($,*,*,#4926,.T.);
#6972=ORIENTED_EDGE($,*,*,#4923,.T.);
#6973=ORIENTED_EDGE($,*,*,#4917,.T.);
#6974=ORIENTED_EDGE($,*,*,#4922,.T.);
#6975=ORIENTED_EDGE($,*,*,#4927,.T.);
#6976=ORIENTED_EDGE($,*,*,#4928,.T.);
#6977=ORIENTED_EDGE($,*,*,#4908,.T.);
#6978=ORIENTED_EDGE($,*,*,#4924,.F.);
#6979=ORIENTED_EDGE($,*,*,#4926,.F.);
#6980=ORIENTED_EDGE($,*,*,#4929,.T.);
#6981=ORIENTED_EDGE($,*,*,#4927,.F.);
#6982=ORIENTED_EDGE($,*,*,#4921,.F.);
#6983=ORIENTED_EDGE($,*,*,#4912,.T.);
#6984=ORIENTED_EDGE($,*,*,#4915,.T.);
#6985=ORIENTED_EDGE($,*,*,#4918,.T.);
#6986=ORIENTED_EDGE($,*,*,#4928,.F.);
#6987=ORIENTED_EDGE($,*,*,#4929,.F.);
#6988=ORIENTED_EDGE($,*,*,#4925,.F.);
#6989=ORIENTED_EDGE($,*,*,#4930,.T.);
#6990=ORIENTED_EDGE($,*,*,#4931,.T.);
#6991=ORIENTED_EDGE($,*,*,#4932,.T.);
#6992=ORIENTED_EDGE($,*,*,#4933,.T.);
#6993=ORIENTED_EDGE($,*,*,#4934,.T.);
#6994=ORIENTED_EDGE($,*,*,#4935,.T.);
#6995=ORIENTED_EDGE($,*,*,#4936,.T.);
#6996=ORIENTED_EDGE($,*,*,#4937,.T.);
#6997=ORIENTED_EDGE($,*,*,#4938,.T.);
#6998=ORIENTED_EDGE($,*,*,#4935,.F.);
#6999=ORIENTED_EDGE($,*,*,#4939,.F.);
#7000=ORIENTED_EDGE($,*,*,#4933,.F.);
#7001=ORIENTED_EDGE($,*,*,#4940,.T.);
#7002=ORIENTED_EDGE($,*,*,#4936,.F.);
#7003=ORIENTED_EDGE($,*,*,#4938,.F.);
#7004=ORIENTED_EDGE($,*,*,#4932,.F.);
#7005=ORIENTED_EDGE($,*,*,#4941,.T.);
#7006=ORIENTED_EDGE($,*,*,#4937,.F.);
#7007=ORIENTED_EDGE($,*,*,#4940,.F.);
#7008=ORIENTED_EDGE($,*,*,#4931,.F.);
#7009=ORIENTED_EDGE($,*,*,#4939,.T.);
#7010=ORIENTED_EDGE($,*,*,#4934,.F.);
#7011=ORIENTED_EDGE($,*,*,#4941,.F.);
#7012=ORIENTED_EDGE($,*,*,#4930,.F.);
#7013=ORIENTED_EDGE($,*,*,#4942,.F.);
#7014=ORIENTED_EDGE($,*,*,#4943,.F.);
#7015=ORIENTED_EDGE($,*,*,#4942,.T.);
#7016=ORIENTED_EDGE($,*,*,#4943,.T.);
#7017=ORIENTED_EDGE($,*,*,#4944,.F.);
#7018=ORIENTED_EDGE($,*,*,#4945,.T.);
#7019=ORIENTED_EDGE($,*,*,#4946,.F.);
#7020=ORIENTED_EDGE($,*,*,#4947,.F.);
#7021=ORIENTED_EDGE($,*,*,#4948,.F.);
#7022=ORIENTED_EDGE($,*,*,#4949,.F.);
#7023=ORIENTED_EDGE($,*,*,#4950,.F.);
#7024=ORIENTED_EDGE($,*,*,#4945,.F.);
#7025=ORIENTED_EDGE($,*,*,#4951,.F.);
#7026=ORIENTED_EDGE($,*,*,#4952,.T.);
#7027=ORIENTED_EDGE($,*,*,#4953,.T.);
#7028=ORIENTED_EDGE($,*,*,#4954,.F.);
#7029=ORIENTED_EDGE($,*,*,#4946,.T.);
#7030=ORIENTED_EDGE($,*,*,#4955,.T.);
#7031=ORIENTED_EDGE($,*,*,#4956,.F.);
#7032=ORIENTED_EDGE($,*,*,#4957,.F.);
#7033=ORIENTED_EDGE($,*,*,#4950,.T.);
#7034=ORIENTED_EDGE($,*,*,#4958,.T.);
#7035=ORIENTED_EDGE($,*,*,#4959,.F.);
#7036=ORIENTED_EDGE($,*,*,#4955,.F.);
#7037=ORIENTED_EDGE($,*,*,#4960,.F.);
#7038=ORIENTED_EDGE($,*,*,#4954,.T.);
#7039=ORIENTED_EDGE($,*,*,#4961,.T.);
#7040=ORIENTED_EDGE($,*,*,#4962,.F.);
#7041=ORIENTED_EDGE($,*,*,#4949,.T.);
#7042=ORIENTED_EDGE($,*,*,#4963,.F.);
#7043=ORIENTED_EDGE($,*,*,#4964,.F.);
#7044=ORIENTED_EDGE($,*,*,#4965,.T.);
#7045=ORIENTED_EDGE($,*,*,#4966,.T.);
#7046=ORIENTED_EDGE($,*,*,#4967,.T.);
#7047=ORIENTED_EDGE($,*,*,#4968,.F.);
#7048=ORIENTED_EDGE($,*,*,#4958,.F.);
#7049=ORIENTED_EDGE($,*,*,#4966,.F.);
#7050=ORIENTED_EDGE($,*,*,#4969,.T.);
#7051=ORIENTED_EDGE($,*,*,#4970,.T.);
#7052=ORIENTED_EDGE($,*,*,#4971,.T.);
#7053=ORIENTED_EDGE($,*,*,#4972,.T.);
#7054=ORIENTED_EDGE($,*,*,#4973,.F.);
#7055=ORIENTED_EDGE($,*,*,#4974,.F.);
#7056=ORIENTED_EDGE($,*,*,#4975,.F.);
#7057=ORIENTED_EDGE($,*,*,#4976,.F.);
#7058=ORIENTED_EDGE($,*,*,#4977,.F.);
#7059=ORIENTED_EDGE($,*,*,#4972,.F.);
#7060=ORIENTED_EDGE($,*,*,#4978,.T.);
#7061=ORIENTED_EDGE($,*,*,#4969,.F.);
#7062=ORIENTED_EDGE($,*,*,#4965,.F.);
#7063=ORIENTED_EDGE($,*,*,#4979,.F.);
#7064=ORIENTED_EDGE($,*,*,#4961,.F.);
#7065=ORIENTED_EDGE($,*,*,#4953,.F.);
#7066=ORIENTED_EDGE($,*,*,#4980,.F.);
#7067=ORIENTED_EDGE($,*,*,#4974,.T.);
#7068=ORIENTED_EDGE($,*,*,#4981,.F.);
#7069=ORIENTED_EDGE($,*,*,#4982,.F.);
#7070=ORIENTED_EDGE($,*,*,#4967,.F.);
#7071=ORIENTED_EDGE($,*,*,#4971,.F.);
#7072=ORIENTED_EDGE($,*,*,#4983,.T.);
#7073=ORIENTED_EDGE($,*,*,#4984,.F.);
#7074=ORIENTED_EDGE($,*,*,#4981,.T.);
#7075=ORIENTED_EDGE($,*,*,#4973,.T.);
#7076=ORIENTED_EDGE($,*,*,#4977,.T.);
#7077=ORIENTED_EDGE($,*,*,#4985,.F.);
#7078=ORIENTED_EDGE($,*,*,#4986,.F.);
#7079=ORIENTED_EDGE($,*,*,#4980,.T.);
#7080=ORIENTED_EDGE($,*,*,#4952,.F.);
#7081=ORIENTED_EDGE($,*,*,#4948,.T.);
#7082=ORIENTED_EDGE($,*,*,#4987,.F.);
#7083=ORIENTED_EDGE($,*,*,#4988,.F.);
#7084=ORIENTED_EDGE($,*,*,#4963,.T.);
#7085=ORIENTED_EDGE($,*,*,#4944,.T.);
#7086=ORIENTED_EDGE($,*,*,#4989,.F.);
#7087=ORIENTED_EDGE($,*,*,#4990,.F.);
#7088=ORIENTED_EDGE($,*,*,#4987,.T.);
#7089=ORIENTED_EDGE($,*,*,#4960,.T.);
#7090=ORIENTED_EDGE($,*,*,#4991,.F.);
#7091=ORIENTED_EDGE($,*,*,#4989,.T.);
#7092=ORIENTED_EDGE($,*,*,#4947,.T.);
#7093=ORIENTED_EDGE($,*,*,#4957,.T.);
#7094=ORIENTED_EDGE($,*,*,#4992,.F.);
#7095=ORIENTED_EDGE($,*,*,#4985,.T.);
#7096=ORIENTED_EDGE($,*,*,#4951,.T.);
#7097=ORIENTED_EDGE($,*,*,#4970,.F.);
#7098=ORIENTED_EDGE($,*,*,#4978,.F.);
#7099=ORIENTED_EDGE($,*,*,#4975,.T.);
#7100=ORIENTED_EDGE($,*,*,#4983,.F.);
#7101=ORIENTED_EDGE($,*,*,#4968,.T.);
#7102=ORIENTED_EDGE($,*,*,#4982,.T.);
#7103=ORIENTED_EDGE($,*,*,#4984,.T.);
#7104=ORIENTED_EDGE($,*,*,#4976,.T.);
#7105=ORIENTED_EDGE($,*,*,#4964,.T.);
#7106=ORIENTED_EDGE($,*,*,#4988,.T.);
#7107=ORIENTED_EDGE($,*,*,#4990,.T.);
#7108=ORIENTED_EDGE($,*,*,#4991,.T.);
#7109=ORIENTED_EDGE($,*,*,#4962,.T.);
#7110=ORIENTED_EDGE($,*,*,#4979,.T.);
#7111=ORIENTED_EDGE($,*,*,#4986,.T.);
#7112=ORIENTED_EDGE($,*,*,#4992,.T.);
#7113=ORIENTED_EDGE($,*,*,#4956,.T.);
#7114=ORIENTED_EDGE($,*,*,#4959,.T.);
#7115=PLANE($,#8200);
#7116=PLANE($,#8201);
#7117=PLANE($,#8202);
#7118=PLANE($,#8203);
#7119=PLANE($,#8204);
#7120=PLANE($,#8205);
#7121=PLANE($,#8206);
#7122=PLANE($,#8207);
#7123=PLANE($,#8208);
#7124=PLANE($,#8209);
#7125=PLANE($,#8210);
#7126=PLANE($,#8211);
#7127=PLANE($,#8212);
#7128=PLANE($,#8213);
#7129=PLANE($,#8214);
#7130=PLANE($,#8215);
#7131=PLANE($,#8216);
#7132=PLANE($,#8220);
#7133=PLANE($,#8221);
#7134=PLANE($,#8222);
#7135=PLANE($,#8223);
#7136=PLANE($,#8224);
#7137=PLANE($,#8225);
#7138=PLANE($,#8226);
#7139=PLANE($,#8227);
#7140=PLANE($,#8228);
#7141=PLANE($,#8229);
#7142=PLANE($,#8230);
#7143=PLANE($,#8231);
#7144=PLANE($,#8232);
#7145=PLANE($,#8236);
#7146=PLANE($,#8237);
#7147=PLANE($,#8238);
#7148=PLANE($,#8239);
#7149=PLANE($,#8240);
#7150=PLANE($,#8241);
#7151=PLANE($,#8242);
#7152=PLANE($,#8246);
#7153=PLANE($,#8247);
#7154=PLANE($,#8248);
#7155=PLANE($,#8249);
#7156=PLANE($,#8250);
#7157=PLANE($,#8251);
#7158=PLANE($,#8252);
#7159=PLANE($,#8256);
#7160=PLANE($,#8257);
#7161=PLANE($,#8258);
#7162=PLANE($,#8259);
#7163=PLANE($,#8260);
#7164=PLANE($,#8261);
#7165=PLANE($,#8262);
#7166=PLANE($,#8266);
#7167=PLANE($,#8267);
#7168=PLANE($,#8268);
#7169=PLANE($,#8269);
#7170=PLANE($,#8270);
#7171=PLANE($,#8271);
#7172=PLANE($,#8272);
#7173=PLANE($,#8276);
#7174=PLANE($,#8277);
#7175=PLANE($,#8278);
#7176=PLANE($,#8279);
#7177=PLANE($,#8280);
#7178=PLANE($,#8281);
#7179=PLANE($,#8282);
#7180=PLANE($,#8286);
#7181=PLANE($,#8287);
#7182=PLANE($,#8288);
#7183=PLANE($,#8289);
#7184=PLANE($,#8290);
#7185=PLANE($,#8291);
#7186=PLANE($,#8292);
#7187=PLANE($,#8293);
#7188=PLANE($,#8294);
#7189=PLANE($,#8295);
#7190=PLANE($,#8296);
#7191=PLANE($,#8297);
#7192=PLANE($,#8298);
#7193=PLANE($,#8299);
#7194=PLANE($,#8300);
#7195=PLANE($,#8301);
#7196=PLANE($,#8302);
#7197=PLANE($,#8303);
#7198=PLANE($,#8304);
#7199=PLANE($,#8305);
#7200=PLANE($,#8306);
#7201=PLANE($,#8307);
#7202=PLANE($,#8308);
#7203=PLANE($,#8309);
#7204=PLANE($,#8317);
#7205=PLANE($,#8320);
#7206=PLANE($,#8321);
#7207=PLANE($,#8322);
#7208=PLANE($,#8323);
#7209=PLANE($,#8324);
#7210=PLANE($,#8331);
#7211=PLANE($,#8332);
#7212=PLANE($,#8333);
#7213=PLANE($,#8334);
#7214=PLANE($,#8335);
#7215=PLANE($,#8336);
#7216=PLANE($,#8337);
#7217=PLANE($,#8338);
#7218=PLANE($,#8339);
#7219=PLANE($,#8340);
#7220=PLANE($,#8341);
#7221=PLANE($,#8342);
#7222=PLANE($,#8343);
#7223=PLANE($,#8344);
#7224=PLANE($,#8345);
#7225=PLANE($,#8346);
#7226=PLANE($,#8347);
#7227=PLANE($,#8348);
#7228=PLANE($,#8349);
#7229=PLANE($,#8350);
#7230=PLANE($,#8351);
#7231=PLANE($,#8352);
#7232=PLANE($,#8353);
#7233=PLANE($,#8354);
#7234=PLANE($,#8355);
#7235=PLANE($,#8356);
#7236=PLANE($,#8357);
#7237=PLANE($,#8358);
#7238=PLANE($,#8359);
#7239=PLANE($,#8360);
#7240=PLANE($,#8361);
#7241=PLANE($,#8362);
#7242=PLANE($,#8363);
#7243=PLANE($,#8364);
#7244=PLANE($,#8365);
#7245=PLANE($,#8366);
#7246=PLANE($,#8367);
#7247=PLANE($,#8368);
#7248=PLANE($,#8369);
#7249=PLANE($,#8370);
#7250=PLANE($,#8371);
#7251=PLANE($,#8372);
#7252=PLANE($,#8373);
#7253=PLANE($,#8374);
#7254=PLANE($,#8375);
#7255=PLANE($,#8376);
#7256=PLANE($,#8377);
#7257=PLANE($,#8378);
#7258=PLANE($,#8379);
#7259=PLANE($,#8380);
#7260=PLANE($,#8381);
#7261=PLANE($,#8382);
#7262=PLANE($,#8383);
#7263=PLANE($,#8384);
#7264=PLANE($,#8385);
#7265=PLANE($,#8386);
#7266=PLANE($,#8387);
#7267=PLANE($,#8388);
#7268=PLANE($,#8390);
#7269=PLANE($,#8393);
#7270=PLANE($,#8394);
#7271=PLANE($,#8395);
#7272=PLANE($,#8396);
#7273=PLANE($,#8397);
#7274=PLANE($,#8398);
#7275=PLANE($,#8399);
#7276=PLANE($,#8403);
#7277=PLANE($,#8404);
#7278=PLANE($,#8405);
#7279=PLANE($,#8406);
#7280=PLANE($,#8407);
#7281=PLANE($,#8408);
#7282=PLANE($,#8409);
#7283=PLANE($,#8410);
#7284=PLANE($,#8414);
#7285=PLANE($,#8415);
#7286=PLANE($,#8416);
#7287=PLANE($,#8417);
#7288=PLANE($,#8418);
#7289=PLANE($,#8419);
#7290=PLANE($,#8420);
#7291=PLANE($,#8421);
#7292=PLANE($,#8422);
#7293=PLANE($,#8423);
#7294=PLANE($,#8424);
#7295=PLANE($,#8425);
#7296=PLANE($,#8426);
#7297=PLANE($,#8427);
#7298=PLANE($,#8428);
#7299=PLANE($,#8429);
#7300=PLANE($,#8430);
#7301=PLANE($,#8431);
#7302=PLANE($,#8432);
#7303=PLANE($,#8433);
#7304=PLANE($,#8434);
#7305=PLANE($,#8435);
#7306=PLANE($,#8436);
#7307=PLANE($,#8437);
#7308=PLANE($,#8438);
#7309=PLANE($,#8439);
#7310=PLANE($,#8440);
#7311=PLANE($,#8441);
#7312=PLANE($,#8442);
#7313=PLANE($,#8443);
#7314=PLANE($,#8444);
#7315=PLANE($,#8445);
#7316=PLANE($,#8446);
#7317=PLANE($,#8447);
#7318=PLANE($,#8448);
#7319=PLANE($,#8449);
#7320=PLANE($,#8450);
#7321=PLANE($,#8451);
#7322=PLANE($,#8452);
#7323=PLANE($,#8453);
#7324=PLANE($,#8454);
#7325=PLANE($,#8455);
#7326=PLANE($,#8456);
#7327=PLANE($,#8457);
#7328=PLANE($,#8458);
#7329=PLANE($,#8459);
#7330=PLANE($,#8460);
#7331=PLANE($,#8461);
#7332=PLANE($,#8462);
#7333=PLANE($,#8463);
#7334=PLANE($,#8464);
#7335=PLANE($,#8465);
#7336=PLANE($,#8466);
#7337=PLANE($,#8467);
#7338=PLANE($,#8468);
#7339=PLANE($,#8469);
#7340=PLANE($,#8470);
#7341=PLANE($,#8471);
#7342=PLANE($,#8472);
#7343=PLANE($,#8473);
#7344=PLANE($,#8474);
#7345=PLANE($,#8475);
#7346=PLANE($,#8476);
#7347=PLANE($,#8477);
#7348=PLANE($,#8478);
#7349=PLANE($,#8479);
#7350=PLANE($,#8480);
#7351=PLANE($,#8481);
#7352=PLANE($,#8482);
#7353=PLANE($,#8483);
#7354=PLANE($,#8484);
#7355=PLANE($,#8485);
#7356=PLANE($,#8486);
#7357=PLANE($,#8487);
#7358=PLANE($,#8488);
#7359=PLANE($,#8489);
#7360=PLANE($,#8490);
#7361=PLANE($,#8491);
#7362=PLANE($,#8495);
#7363=PLANE($,#8496);
#7364=PLANE($,#8497);
#7365=PLANE($,#8498);
#7366=PLANE($,#8499);
#7367=PLANE($,#8500);
#7368=PLANE($,#8501);
#7369=PLANE($,#8502);
#7370=PLANE($,#8504);
#7371=PLANE($,#8507);
#7372=PLANE($,#8508);
#7373=PLANE($,#8509);
#7374=PLANE($,#8510);
#7375=PLANE($,#8511);
#7376=PLANE($,#8512);
#7377=PLANE($,#8513);
#7378=PLANE($,#8514);
#7379=PLANE($,#8515);
#7380=PLANE($,#8516);
#7381=PLANE($,#8517);
#7382=PLANE($,#8518);
#7383=PLANE($,#8522);
#7384=PLANE($,#8523);
#7385=PLANE($,#8524);
#7386=PLANE($,#8525);
#7387=PLANE($,#8526);
#7388=PLANE($,#8528);
#7389=PLANE($,#8529);
#7390=PLANE($,#8531);
#7391=PLANE($,#8532);
#7392=PLANE($,#8533);
#7393=PLANE($,#8542);
#7394=PLANE($,#8543);
#7395=PLANE($,#8544);
#7396=PLANE($,#8545);
#7397=PLANE($,#8546);
#7398=PLANE($,#8547);
#7399=PLANE($,#8548);
#7400=PLANE($,#8549);
#7401=PLANE($,#8550);
#7402=PLANE($,#8551);
#7403=PLANE($,#8552);
#7404=PLANE($,#8553);
#7405=PLANE($,#8554);
#7406=PLANE($,#8555);
#7407=PLANE($,#8557);
#7408=PLANE($,#8558);
#7409=PLANE($,#8560);
#7410=PLANE($,#8561);
#7411=PLANE($,#8570);
#7412=PLANE($,#8571);
#7413=PLANE($,#8572);
#7414=PLANE($,#8573);
#7415=PLANE($,#8574);
#7416=PLANE($,#8575);
#7417=PLANE($,#8576);
#7418=PLANE($,#8577);
#7419=PLANE($,#8578);
#7420=PLANE($,#8579);
#7421=PLANE($,#8580);
#7422=PLANE($,#8582);
#7423=PLANE($,#8583);
#7424=PLANE($,#8584);
#7425=PLANE($,#8585);
#7426=PLANE($,#8587);
#7427=PLANE($,#8588);
#7428=PLANE($,#8590);
#7429=PLANE($,#8591);
#7430=PLANE($,#8599);
#7431=PLANE($,#8600);
#7432=PLANE($,#8601);
#7433=PLANE($,#8602);
#7434=PLANE($,#8603);
#7435=PLANE($,#8604);
#7436=PLANE($,#8605);
#7437=PLANE($,#8606);
#7438=PLANE($,#8607);
#7439=PLANE($,#8608);
#7440=PLANE($,#8612);
#7441=PLANE($,#8613);
#7442=PLANE($,#8615);
#7443=PLANE($,#8618);
#7444=PLANE($,#8622);
#7445=PLANE($,#8623);
#7446=PLANE($,#8624);
#7447=PLANE($,#8625);
#7448=PLANE($,#8626);
#7449=PLANE($,#8627);
#7450=PLANE($,#8628);
#7451=PLANE($,#8629);
#7452=PLANE($,#8630);
#7453=PLANE($,#8631);
#7454=PLANE($,#8632);
#7455=PLANE($,#8633);
#7456=PLANE($,#8634);
#7457=PLANE($,#8635);
#7458=PLANE($,#8636);
#7459=PLANE($,#8637);
#7460=PLANE($,#8638);
#7461=PLANE($,#8639);
#7462=PLANE($,#8640);
#7463=PLANE($,#8641);
#7464=PLANE($,#8642);
#7465=PLANE($,#8643);
#7466=PLANE($,#8644);
#7467=PLANE($,#8645);
#7468=PLANE($,#8646);
#7469=PLANE($,#8647);
#7470=PLANE($,#8648);
#7471=PLANE($,#8652);
#7472=PLANE($,#8653);
#7473=PLANE($,#8657);
#7474=PLANE($,#8658);
#7475=PLANE($,#8659);
#7476=PLANE($,#8660);
#7477=PLANE($,#8661);
#7478=PLANE($,#8662);
#7479=PLANE($,#8663);
#7480=PLANE($,#8664);
#7481=PLANE($,#8665);
#7482=PLANE($,#8669);
#7483=PLANE($,#8670);
#7484=PLANE($,#8674);
#7485=PLANE($,#8675);
#7486=PLANE($,#8676);
#7487=PLANE($,#8677);
#7488=PLANE($,#8678);
#7489=PLANE($,#8679);
#7490=PLANE($,#8680);
#7491=PLANE($,#8681);
#7492=PLANE($,#8686);
#7493=PLANE($,#8687);
#7494=PLANE($,#8688);
#7495=PLANE($,#8689);
#7496=PLANE($,#8691);
#7497=PLANE($,#8692);
#7498=PLANE($,#8694);
#7499=PLANE($,#8695);
#7500=PLANE($,#8700);
#7501=PLANE($,#8701);
#7502=PLANE($,#8702);
#7503=PLANE($,#8703);
#7504=PLANE($,#8704);
#7505=PLANE($,#8705);
#7506=PLANE($,#8706);
#7507=PLANE($,#8707);
#7508=PLANE($,#8708);
#7509=PLANE($,#8709);
#7510=PLANE($,#8710);
#7511=PLANE($,#8711);
#7512=PLANE($,#8713);
#7513=PLANE($,#8714);
#7514=PLANE($,#8716);
#7515=PLANE($,#8717);
#7516=PLANE($,#8718);
#7517=PLANE($,#8727);
#7518=PLANE($,#8728);
#7519=PLANE($,#8729);
#7520=PLANE($,#8730);
#7521=PLANE($,#8731);
#7522=PLANE($,#8732);
#7523=PLANE($,#8733);
#7524=PLANE($,#8734);
#7525=PLANE($,#8735);
#7526=PLANE($,#8736);
#7527=PLANE($,#8737);
#7528=PLANE($,#8738);
#7529=PLANE($,#8739);
#7530=PLANE($,#8740);
#7531=PLANE($,#8741);
#7532=PLANE($,#8742);
#7533=PLANE($,#8743);
#7534=PLANE($,#8744);
#7535=PLANE($,#8745);
#7536=PLANE($,#8749);
#7537=PLANE($,#8750);
#7538=PLANE($,#8752);
#7539=PLANE($,#8755);
#7540=PLANE($,#8756);
#7541=PLANE($,#8757);
#7542=PLANE($,#8758);
#7543=PLANE($,#8759);
#7544=PLANE($,#8760);
#7545=PLANE($,#8761);
#7546=PLANE($,#8762);
#7547=PLANE($,#8763);
#7548=PLANE($,#8764);
#7549=PLANE($,#8765);
#7550=PLANE($,#8766);
#7551=PLANE($,#8767);
#7552=PLANE($,#8768);
#7553=PLANE($,#8769);
#7554=PLANE($,#8770);
#7555=PLANE($,#8774);
#7556=PLANE($,#8775);
#7557=PLANE($,#8776);
#7558=PLANE($,#8777);
#7559=PLANE($,#8778);
#7560=PLANE($,#8779);
#7561=PLANE($,#8780);
#7562=PLANE($,#8781);
#7563=PLANE($,#8782);
#7564=PLANE($,#8783);
#7565=PLANE($,#8784);
#7566=PLANE($,#8785);
#7567=PLANE($,#8786);
#7568=PLANE($,#8787);
#7569=PLANE($,#8788);
#7570=PLANE($,#8789);
#7571=PLANE($,#8790);
#7572=PLANE($,#8791);
#7573=PLANE($,#8792);
#7574=PLANE($,#8793);
#7575=PLANE($,#8794);
#7576=ADVANCED_FACE($,(#265),#7115,.F.);
#7577=ADVANCED_FACE($,(#266),#7116,.T.);
#7578=ADVANCED_FACE($,(#267),#7117,.T.);
#7579=ADVANCED_FACE($,(#268),#7118,.F.);
#7580=ADVANCED_FACE($,(#269),#7119,.F.);
#7581=ADVANCED_FACE($,(#270),#7120,.F.);
#7582=ADVANCED_FACE($,(#271),#7121,.T.);
#7583=ADVANCED_FACE($,(#272),#7122,.T.);
#7584=ADVANCED_FACE($,(#273),#7123,.F.);
#7585=ADVANCED_FACE($,(#274),#7124,.T.);
#7586=ADVANCED_FACE($,(#212,#213),#7125,.T.);
#7587=ADVANCED_FACE($,(#275),#7126,.T.);
#7588=ADVANCED_FACE($,(#276),#7127,.F.);
#7589=ADVANCED_FACE($,(#277),#7128,.F.);
#7590=ADVANCED_FACE($,(#278),#7129,.F.);
#7591=ADVANCED_FACE($,(#279),#7130,.F.);
#7592=ADVANCED_FACE($,(#280),#7131,.F.);
#7593=ADVANCED_FACE($,(#281),#114,.T.);
#7594=ADVANCED_FACE($,(#282),#7132,.T.);
#7595=ADVANCED_FACE($,(#283),#7133,.T.);
#7596=ADVANCED_FACE($,(#284),#7134,.T.);
#7597=ADVANCED_FACE($,(#285),#7135,.T.);
#7598=ADVANCED_FACE($,(#286),#7136,.T.);
#7599=ADVANCED_FACE($,(#287),#7137,.T.);
#7600=ADVANCED_FACE($,(#288),#7138,.T.);
#7601=ADVANCED_FACE($,(#289),#7139,.T.);
#7602=ADVANCED_FACE($,(#290),#7140,.F.);
#7603=ADVANCED_FACE($,(#291),#7141,.F.);
#7604=ADVANCED_FACE($,(#292),#7142,.F.);
#7605=ADVANCED_FACE($,(#293),#7143,.F.);
#7606=ADVANCED_FACE($,(#294),#7144,.F.);
#7607=ADVANCED_FACE($,(#295,#214),#115,.T.);
#7608=ADVANCED_FACE($,(#215,#216),#7145,.T.);
#7609=ADVANCED_FACE($,(#296),#7146,.T.);
#7610=ADVANCED_FACE($,(#297),#7147,.F.);
#7611=ADVANCED_FACE($,(#298),#7148,.F.);
#7612=ADVANCED_FACE($,(#299),#7149,.F.);
#7613=ADVANCED_FACE($,(#300),#7150,.F.);
#7614=ADVANCED_FACE($,(#301),#7151,.F.);
#7615=ADVANCED_FACE($,(#302,#217),#116,.T.);
#7616=ADVANCED_FACE($,(#303),#7152,.T.);
#7617=ADVANCED_FACE($,(#218,#219),#7153,.T.);
#7618=ADVANCED_FACE($,(#304),#7154,.F.);
#7619=ADVANCED_FACE($,(#305),#7155,.F.);
#7620=ADVANCED_FACE($,(#306),#7156,.F.);
#7621=ADVANCED_FACE($,(#307),#7157,.F.);
#7622=ADVANCED_FACE($,(#308),#7158,.F.);
#7623=ADVANCED_FACE($,(#309,#220),#117,.T.);
#7624=ADVANCED_FACE($,(#310),#7159,.T.);
#7625=ADVANCED_FACE($,(#221,#222),#7160,.T.);
#7626=ADVANCED_FACE($,(#311),#7161,.F.);
#7627=ADVANCED_FACE($,(#312),#7162,.F.);
#7628=ADVANCED_FACE($,(#313),#7163,.F.);
#7629=ADVANCED_FACE($,(#314),#7164,.F.);
#7630=ADVANCED_FACE($,(#315),#7165,.F.);
#7631=ADVANCED_FACE($,(#316,#223),#118,.T.);
#7632=ADVANCED_FACE($,(#224,#225),#7166,.T.);
#7633=ADVANCED_FACE($,(#317),#7167,.T.);
#7634=ADVANCED_FACE($,(#318),#7168,.F.);
#7635=ADVANCED_FACE($,(#319),#7169,.F.);
#7636=ADVANCED_FACE($,(#320),#7170,.F.);
#7637=ADVANCED_FACE($,(#321),#7171,.F.);
#7638=ADVANCED_FACE($,(#322),#7172,.F.);
#7639=ADVANCED_FACE($,(#323,#226),#119,.T.);
#7640=ADVANCED_FACE($,(#324),#7173,.T.);
#7641=ADVANCED_FACE($,(#227,#228),#7174,.T.);
#7642=ADVANCED_FACE($,(#325),#7175,.F.);
#7643=ADVANCED_FACE($,(#326),#7176,.F.);
#7644=ADVANCED_FACE($,(#327),#7177,.F.);
#7645=ADVANCED_FACE($,(#328),#7178,.F.);
#7646=ADVANCED_FACE($,(#329),#7179,.F.);
#7647=ADVANCED_FACE($,(#330,#229),#120,.T.);
#7648=ADVANCED_FACE($,(#230,#231),#7180,.T.);
#7649=ADVANCED_FACE($,(#331),#7181,.T.);
#7650=ADVANCED_FACE($,(#332),#7182,.F.);
#7651=ADVANCED_FACE($,(#333),#7183,.F.);
#7652=ADVANCED_FACE($,(#334),#7184,.T.);
#7653=ADVANCED_FACE($,(#335),#7185,.T.);
#7654=ADVANCED_FACE($,(#336),#7186,.T.);
#7655=ADVANCED_FACE($,(#337),#7187,.F.);
#7656=ADVANCED_FACE($,(#338),#7188,.T.);
#7657=ADVANCED_FACE($,(#339),#7189,.F.);
#7658=ADVANCED_FACE($,(#340),#7190,.T.);
#7659=ADVANCED_FACE($,(#341),#7191,.T.);
#7660=ADVANCED_FACE($,(#342),#7192,.F.);
#7661=ADVANCED_FACE($,(#343),#7193,.F.);
#7662=ADVANCED_FACE($,(#344),#7194,.T.);
#7663=ADVANCED_FACE($,(#345),#7195,.F.);
#7664=ADVANCED_FACE($,(#346),#7196,.T.);
#7665=ADVANCED_FACE($,(#347),#7197,.F.);
#7666=ADVANCED_FACE($,(#348),#7198,.T.);
#7667=ADVANCED_FACE($,(#349),#7199,.F.);
#7668=ADVANCED_FACE($,(#350),#7200,.F.);
#7669=ADVANCED_FACE($,(#351),#7201,.F.);
#7670=ADVANCED_FACE($,(#352),#7202,.F.);
#7671=ADVANCED_FACE($,(#353),#7203,.F.);
#7672=ADVANCED_FACE($,(#354),#34,.T.);
#7673=ADVANCED_FACE($,(#355),#35,.T.);
#7674=ADVANCED_FACE($,(#356,#232),#121,.T.);
#7675=ADVANCED_FACE($,(#233,#234,#235,#236),#7204,.F.);
#7676=ADVANCED_FACE($,(#357),#7205,.T.);
#7677=ADVANCED_FACE($,(#358),#7206,.F.);
#7678=ADVANCED_FACE($,(#359),#7207,.F.);
#7679=ADVANCED_FACE($,(#360),#7208,.F.);
#7680=ADVANCED_FACE($,(#361),#7209,.F.);
#7681=ADVANCED_FACE($,(#362,#237),#122,.T.);
#7682=ADVANCED_FACE($,(#363,#238,#239),#123,.T.);
#7683=ADVANCED_FACE($,(#364,#240),#124,.T.);
#7684=ADVANCED_FACE($,(#365),#7210,.T.);
#7685=ADVANCED_FACE($,(#366),#7211,.T.);
#7686=ADVANCED_FACE($,(#367),#7212,.F.);
#7687=ADVANCED_FACE($,(#368),#7213,.F.);
#7688=ADVANCED_FACE($,(#369),#7214,.T.);
#7689=ADVANCED_FACE($,(#370),#7215,.T.);
#7690=ADVANCED_FACE($,(#371),#7216,.T.);
#7691=ADVANCED_FACE($,(#372),#7217,.T.);
#7692=ADVANCED_FACE($,(#373),#7218,.T.);
#7693=ADVANCED_FACE($,(#374),#7219,.T.);
#7694=ADVANCED_FACE($,(#375),#7220,.T.);
#7695=ADVANCED_FACE($,(#376),#7221,.T.);
#7696=ADVANCED_FACE($,(#377),#7222,.T.);
#7697=ADVANCED_FACE($,(#378),#7223,.T.);
#7698=ADVANCED_FACE($,(#379),#7224,.T.);
#7699=ADVANCED_FACE($,(#380),#7225,.T.);
#7700=ADVANCED_FACE($,(#381),#7226,.F.);
#7701=ADVANCED_FACE($,(#382),#7227,.F.);
#7702=ADVANCED_FACE($,(#383),#7228,.F.);
#7703=ADVANCED_FACE($,(#384),#7229,.F.);
#7704=ADVANCED_FACE($,(#385),#7230,.F.);
#7705=ADVANCED_FACE($,(#386),#7231,.F.);
#7706=ADVANCED_FACE($,(#387),#7232,.F.);
#7707=ADVANCED_FACE($,(#388),#7233,.F.);
#7708=ADVANCED_FACE($,(#241,#242),#7234,.T.);
#7709=ADVANCED_FACE($,(#389),#7235,.T.);
#7710=ADVANCED_FACE($,(#390),#7236,.T.);
#7711=ADVANCED_FACE($,(#391),#7237,.T.);
#7712=ADVANCED_FACE($,(#392),#7238,.T.);
#7713=ADVANCED_FACE($,(#393),#7239,.T.);
#7714=ADVANCED_FACE($,(#394),#7240,.T.);
#7715=ADVANCED_FACE($,(#395),#7241,.T.);
#7716=ADVANCED_FACE($,(#396),#7242,.T.);
#7717=ADVANCED_FACE($,(#397),#7243,.T.);
#7718=ADVANCED_FACE($,(#398),#7244,.F.);
#7719=ADVANCED_FACE($,(#399),#7245,.T.);
#7720=ADVANCED_FACE($,(#400),#7246,.T.);
#7721=ADVANCED_FACE($,(#401,#243),#7247,.T.);
#7722=ADVANCED_FACE($,(#402),#7248,.T.);
#7723=ADVANCED_FACE($,(#403),#7249,.F.);
#7724=ADVANCED_FACE($,(#404),#7250,.F.);
#7725=ADVANCED_FACE($,(#405),#7251,.T.);
#7726=ADVANCED_FACE($,(#406),#7252,.F.);
#7727=ADVANCED_FACE($,(#407),#7253,.F.);
#7728=ADVANCED_FACE($,(#408),#7254,.T.);
#7729=ADVANCED_FACE($,(#409),#7255,.T.);
#7730=ADVANCED_FACE($,(#410),#7256,.F.);
#7731=ADVANCED_FACE($,(#411),#7257,.F.);
#7732=ADVANCED_FACE($,(#412),#7258,.F.);
#7733=ADVANCED_FACE($,(#413),#7259,.F.);
#7734=ADVANCED_FACE($,(#414),#7260,.F.);
#7735=ADVANCED_FACE($,(#415),#7261,.F.);
#7736=ADVANCED_FACE($,(#416),#7262,.F.);
#7737=ADVANCED_FACE($,(#417),#7263,.F.);
#7738=ADVANCED_FACE($,(#418),#7264,.F.);
#7739=ADVANCED_FACE($,(#419),#7265,.F.);
#7740=ADVANCED_FACE($,(#420),#7266,.T.);
#7741=ADVANCED_FACE($,(#421),#7267,.T.);
#7742=ADVANCED_FACE($,(#422),#7268,.F.);
#7743=ADVANCED_FACE($,(#423,#244),#125,.T.);
#7744=ADVANCED_FACE($,(#424),#7269,.F.);
#7745=ADVANCED_FACE($,(#425),#7270,.F.);
#7746=ADVANCED_FACE($,(#426),#7271,.F.);
#7747=ADVANCED_FACE($,(#427),#7272,.F.);
#7748=ADVANCED_FACE($,(#428),#7273,.F.);
#7749=ADVANCED_FACE($,(#429),#7274,.T.);
#7750=ADVANCED_FACE($,(#430),#7275,.F.);
#7751=ADVANCED_FACE($,(#431,#245),#126,.T.);
#7752=ADVANCED_FACE($,(#432),#7276,.T.);
#7753=ADVANCED_FACE($,(#433),#7277,.F.);
#7754=ADVANCED_FACE($,(#434),#7278,.F.);
#7755=ADVANCED_FACE($,(#435),#7279,.F.);
#7756=ADVANCED_FACE($,(#436),#7280,.F.);
#7757=ADVANCED_FACE($,(#437),#7281,.F.);
#7758=ADVANCED_FACE($,(#438),#7282,.T.);
#7759=ADVANCED_FACE($,(#439),#7283,.F.);
#7760=ADVANCED_FACE($,(#440,#246),#127,.T.);
#7761=ADVANCED_FACE($,(#441),#7284,.T.);
#7762=ADVANCED_FACE($,(#442),#7285,.F.);
#7763=ADVANCED_FACE($,(#443),#7286,.T.);
#7764=ADVANCED_FACE($,(#444),#7287,.F.);
#7765=ADVANCED_FACE($,(#445),#7288,.F.);
#7766=ADVANCED_FACE($,(#446),#7289,.F.);
#7767=ADVANCED_FACE($,(#447),#7290,.F.);
#7768=ADVANCED_FACE($,(#448),#7291,.F.);
#7769=ADVANCED_FACE($,(#449),#7292,.T.);
#7770=ADVANCED_FACE($,(#450),#7293,.F.);
#7771=ADVANCED_FACE($,(#451),#7294,.F.);
#7772=ADVANCED_FACE($,(#452),#7295,.F.);
#7773=ADVANCED_FACE($,(#453),#7296,.F.);
#7774=ADVANCED_FACE($,(#454),#7297,.F.);
#7775=ADVANCED_FACE($,(#455),#7298,.F.);
#7776=ADVANCED_FACE($,(#456),#7299,.F.);
#7777=ADVANCED_FACE($,(#457),#7300,.F.);
#7778=ADVANCED_FACE($,(#458),#7301,.T.);
#7779=ADVANCED_FACE($,(#459),#7302,.F.);
#7780=ADVANCED_FACE($,(#460),#7303,.F.);
#7781=ADVANCED_FACE($,(#461),#7304,.F.);
#7782=ADVANCED_FACE($,(#462),#7305,.F.);
#7783=ADVANCED_FACE($,(#463),#7306,.F.);
#7784=ADVANCED_FACE($,(#464),#7307,.T.);
#7785=ADVANCED_FACE($,(#465),#7308,.F.);
#7786=ADVANCED_FACE($,(#466),#7309,.F.);
#7787=ADVANCED_FACE($,(#467),#7310,.T.);
#7788=ADVANCED_FACE($,(#468),#7311,.F.);
#7789=ADVANCED_FACE($,(#469),#7312,.F.);
#7790=ADVANCED_FACE($,(#470),#7313,.F.);
#7791=ADVANCED_FACE($,(#471),#7314,.F.);
#7792=ADVANCED_FACE($,(#472),#7315,.F.);
#7793=ADVANCED_FACE($,(#473),#7316,.T.);
#7794=ADVANCED_FACE($,(#474),#7317,.F.);
#7795=ADVANCED_FACE($,(#475),#7318,.F.);
#7796=ADVANCED_FACE($,(#476),#7319,.F.);
#7797=ADVANCED_FACE($,(#477),#7320,.F.);
#7798=ADVANCED_FACE($,(#478),#7321,.F.);
#7799=ADVANCED_FACE($,(#479),#7322,.F.);
#7800=ADVANCED_FACE($,(#480),#7323,.F.);
#7801=ADVANCED_FACE($,(#481),#7324,.F.);
#7802=ADVANCED_FACE($,(#482),#7325,.T.);
#7803=ADVANCED_FACE($,(#483),#7326,.F.);
#7804=ADVANCED_FACE($,(#484),#7327,.F.);
#7805=ADVANCED_FACE($,(#485),#7328,.F.);
#7806=ADVANCED_FACE($,(#486),#7329,.F.);
#7807=ADVANCED_FACE($,(#487),#7330,.F.);
#7808=ADVANCED_FACE($,(#488),#7331,.T.);
#7809=ADVANCED_FACE($,(#489),#7332,.F.);
#7810=ADVANCED_FACE($,(#490),#7333,.T.);
#7811=ADVANCED_FACE($,(#491),#7334,.T.);
#7812=ADVANCED_FACE($,(#492),#7335,.F.);
#7813=ADVANCED_FACE($,(#493),#7336,.F.);
#7814=ADVANCED_FACE($,(#494),#7337,.F.);
#7815=ADVANCED_FACE($,(#495),#7338,.T.);
#7816=ADVANCED_FACE($,(#496),#7339,.F.);
#7817=ADVANCED_FACE($,(#497),#7340,.F.);
#7818=ADVANCED_FACE($,(#498),#7341,.F.);
#7819=ADVANCED_FACE($,(#499),#7342,.T.);
#7820=ADVANCED_FACE($,(#500),#7343,.F.);
#7821=ADVANCED_FACE($,(#501),#7344,.F.);
#7822=ADVANCED_FACE($,(#502),#7345,.F.);
#7823=ADVANCED_FACE($,(#503),#7346,.F.);
#7824=ADVANCED_FACE($,(#504),#7347,.T.);
#7825=ADVANCED_FACE($,(#505),#7348,.F.);
#7826=ADVANCED_FACE($,(#506),#7349,.F.);
#7827=ADVANCED_FACE($,(#507),#7350,.F.);
#7828=ADVANCED_FACE($,(#508),#7351,.T.);
#7829=ADVANCED_FACE($,(#509),#7352,.F.);
#7830=ADVANCED_FACE($,(#510),#7353,.T.);
#7831=ADVANCED_FACE($,(#511),#7354,.F.);
#7832=ADVANCED_FACE($,(#512),#7355,.F.);
#7833=ADVANCED_FACE($,(#513),#7356,.F.);
#7834=ADVANCED_FACE($,(#514),#7357,.F.);
#7835=ADVANCED_FACE($,(#515),#7358,.F.);
#7836=ADVANCED_FACE($,(#516),#7359,.T.);
#7837=ADVANCED_FACE($,(#517),#7360,.F.);
#7838=ADVANCED_FACE($,(#518),#7361,.F.);
#7839=ADVANCED_FACE($,(#519,#247),#128,.T.);
#7840=ADVANCED_FACE($,(#520),#7362,.T.);
#7841=ADVANCED_FACE($,(#521),#7363,.F.);
#7842=ADVANCED_FACE($,(#522),#7364,.F.);
#7843=ADVANCED_FACE($,(#523),#7365,.F.);
#7844=ADVANCED_FACE($,(#524),#7366,.F.);
#7845=ADVANCED_FACE($,(#525),#7367,.T.);
#7846=ADVANCED_FACE($,(#526),#7368,.F.);
#7847=ADVANCED_FACE($,(#527),#7369,.T.);
#7848=ADVANCED_FACE($,(#528),#7370,.F.);
#7849=ADVANCED_FACE($,(#529,#248),#129,.T.);
#7850=ADVANCED_FACE($,(#530),#7371,.F.);
#7851=ADVANCED_FACE($,(#531),#7372,.F.);
#7852=ADVANCED_FACE($,(#532),#7373,.F.);
#7853=ADVANCED_FACE($,(#533),#7374,.F.);
#7854=ADVANCED_FACE($,(#534),#7375,.T.);
#7855=ADVANCED_FACE($,(#535),#7376,.F.);
#7856=ADVANCED_FACE($,(#536),#7377,.F.);
#7857=ADVANCED_FACE($,(#537),#7378,.T.);
#7858=ADVANCED_FACE($,(#538),#7379,.F.);
#7859=ADVANCED_FACE($,(#539),#7380,.F.);
#7860=ADVANCED_FACE($,(#540),#7381,.F.);
#7861=ADVANCED_FACE($,(#541),#7382,.F.);
#7862=ADVANCED_FACE($,(#542,#249),#130,.T.);
#7863=ADVANCED_FACE($,(#543),#7383,.F.);
#7864=ADVANCED_FACE($,(#544),#7384,.T.);
#7865=ADVANCED_FACE($,(#545),#7385,.F.);
#7866=ADVANCED_FACE($,(#546),#7386,.F.);
#7867=ADVANCED_FACE($,(#547),#7387,.T.);
#7868=ADVANCED_FACE($,(#548),#7388,.F.);
#7869=ADVANCED_FACE($,(#549),#7389,.T.);
#7870=ADVANCED_FACE($,(#550),#7390,.F.);
#7871=ADVANCED_FACE($,(#551),#7391,.F.);
#7872=ADVANCED_FACE($,(#552),#7392,.F.);
#7873=ADVANCED_FACE($,(#553,#250),#131,.T.);
#7874=ADVANCED_FACE($,(#554),#7393,.F.);
#7875=ADVANCED_FACE($,(#555),#7394,.F.);
#7876=ADVANCED_FACE($,(#556),#7395,.T.);
#7877=ADVANCED_FACE($,(#557),#7396,.F.);
#7878=ADVANCED_FACE($,(#558),#7397,.T.);
#7879=ADVANCED_FACE($,(#559),#7398,.F.);
#7880=ADVANCED_FACE($,(#560),#7399,.F.);
#7881=ADVANCED_FACE($,(#561),#7400,.F.);
#7882=ADVANCED_FACE($,(#562),#7401,.T.);
#7883=ADVANCED_FACE($,(#563),#7402,.F.);
#7884=ADVANCED_FACE($,(#564),#7403,.F.);
#7885=ADVANCED_FACE($,(#565),#7404,.F.);
#7886=ADVANCED_FACE($,(#566),#7405,.F.);
#7887=ADVANCED_FACE($,(#567),#7406,.T.);
#7888=ADVANCED_FACE($,(#568),#7407,.F.);
#7889=ADVANCED_FACE($,(#569),#7408,.T.);
#7890=ADVANCED_FACE($,(#570),#7409,.F.);
#7891=ADVANCED_FACE($,(#571),#7410,.F.);
#7892=ADVANCED_FACE($,(#572,#251),#132,.T.);
#7893=ADVANCED_FACE($,(#573),#7411,.F.);
#7894=ADVANCED_FACE($,(#574),#7412,.F.);
#7895=ADVANCED_FACE($,(#575),#7413,.F.);
#7896=ADVANCED_FACE($,(#576),#7414,.T.);
#7897=ADVANCED_FACE($,(#577),#7415,.F.);
#7898=ADVANCED_FACE($,(#578),#7416,.T.);
#7899=ADVANCED_FACE($,(#579),#7417,.F.);
#7900=ADVANCED_FACE($,(#580),#7418,.F.);
#7901=ADVANCED_FACE($,(#581),#7419,.F.);
#7902=ADVANCED_FACE($,(#582),#7420,.T.);
#7903=ADVANCED_FACE($,(#583),#7421,.F.);
#7904=ADVANCED_FACE($,(#584),#7422,.F.);
#7905=ADVANCED_FACE($,(#585),#7423,.F.);
#7906=ADVANCED_FACE($,(#586),#7424,.F.);
#7907=ADVANCED_FACE($,(#587),#7425,.T.);
#7908=ADVANCED_FACE($,(#588),#7426,.F.);
#7909=ADVANCED_FACE($,(#589),#7427,.T.);
#7910=ADVANCED_FACE($,(#590),#7428,.F.);
#7911=ADVANCED_FACE($,(#591),#7429,.F.);
#7912=ADVANCED_FACE($,(#592,#252),#133,.T.);
#7913=ADVANCED_FACE($,(#593),#7430,.F.);
#7914=ADVANCED_FACE($,(#594),#7431,.F.);
#7915=ADVANCED_FACE($,(#595),#7432,.F.);
#7916=ADVANCED_FACE($,(#596),#7433,.T.);
#7917=ADVANCED_FACE($,(#597),#7434,.F.);
#7918=ADVANCED_FACE($,(#598),#7435,.T.);
#7919=ADVANCED_FACE($,(#599),#7436,.F.);
#7920=ADVANCED_FACE($,(#600),#7437,.F.);
#7921=ADVANCED_FACE($,(#601),#7438,.T.);
#7922=ADVANCED_FACE($,(#602),#7439,.F.);
#7923=ADVANCED_FACE($,(#603,#253),#134,.T.);
#7924=ADVANCED_FACE($,(#604),#7440,.T.);
#7925=ADVANCED_FACE($,(#605),#7441,.F.);
#7926=ADVANCED_FACE($,(#606),#7442,.T.);
#7927=ADVANCED_FACE($,(#607,#254),#135,.T.);
#7928=ADVANCED_FACE($,(#608),#7443,.F.);
#7929=ADVANCED_FACE($,(#609,#255),#136,.T.);
#7930=ADVANCED_FACE($,(#610),#7444,.T.);
#7931=ADVANCED_FACE($,(#611),#7445,.T.);
#7932=ADVANCED_FACE($,(#612),#7446,.T.);
#7933=ADVANCED_FACE($,(#613),#7447,.F.);
#7934=ADVANCED_FACE($,(#614),#7448,.F.);
#7935=ADVANCED_FACE($,(#615),#7449,.F.);
#7936=ADVANCED_FACE($,(#616),#7450,.T.);
#7937=ADVANCED_FACE($,(#617),#7451,.F.);
#7938=ADVANCED_FACE($,(#618),#7452,.F.);
#7939=ADVANCED_FACE($,(#619),#7453,.T.);
#7940=ADVANCED_FACE($,(#620),#7454,.F.);
#7941=ADVANCED_FACE($,(#621),#7455,.F.);
#7942=ADVANCED_FACE($,(#622),#7456,.F.);
#7943=ADVANCED_FACE($,(#623),#7457,.F.);
#7944=ADVANCED_FACE($,(#624),#7458,.F.);
#7945=ADVANCED_FACE($,(#625),#7459,.F.);
#7946=ADVANCED_FACE($,(#626),#7460,.F.);
#7947=ADVANCED_FACE($,(#627),#7461,.F.);
#7948=ADVANCED_FACE($,(#628),#7462,.F.);
#7949=ADVANCED_FACE($,(#629),#7463,.F.);
#7950=ADVANCED_FACE($,(#630),#7464,.F.);
#7951=ADVANCED_FACE($,(#631),#7465,.F.);
#7952=ADVANCED_FACE($,(#632),#7466,.F.);
#7953=ADVANCED_FACE($,(#633),#7467,.F.);
#7954=ADVANCED_FACE($,(#634),#7468,.F.);
#7955=ADVANCED_FACE($,(#635),#7469,.F.);
#7956=ADVANCED_FACE($,(#636),#7470,.F.);
#7957=ADVANCED_FACE($,(#637,#256),#137,.T.);
#7958=ADVANCED_FACE($,(#638),#7471,.F.);
#7959=ADVANCED_FACE($,(#639),#7472,.T.);
#7960=ADVANCED_FACE($,(#640,#257),#138,.T.);
#7961=ADVANCED_FACE($,(#641),#7473,.F.);
#7962=ADVANCED_FACE($,(#642),#7474,.T.);
#7963=ADVANCED_FACE($,(#643),#7475,.T.);
#7964=ADVANCED_FACE($,(#644),#7476,.F.);
#7965=ADVANCED_FACE($,(#645),#7477,.F.);
#7966=ADVANCED_FACE($,(#646),#7478,.F.);
#7967=ADVANCED_FACE($,(#647),#7479,.F.);
#7968=ADVANCED_FACE($,(#648),#7480,.F.);
#7969=ADVANCED_FACE($,(#649),#7481,.F.);
#7970=ADVANCED_FACE($,(#650,#258),#139,.T.);
#7971=ADVANCED_FACE($,(#651),#7482,.T.);
#7972=ADVANCED_FACE($,(#652),#7483,.T.);
#7973=ADVANCED_FACE($,(#653,#259),#140,.T.);
#7974=ADVANCED_FACE($,(#654),#7484,.F.);
#7975=ADVANCED_FACE($,(#655),#7485,.F.);
#7976=ADVANCED_FACE($,(#656),#7486,.F.);
#7977=ADVANCED_FACE($,(#657),#7487,.F.);
#7978=ADVANCED_FACE($,(#658),#7488,.F.);
#7979=ADVANCED_FACE($,(#659),#7489,.F.);
#7980=ADVANCED_FACE($,(#660),#7490,.T.);
#7981=ADVANCED_FACE($,(#661),#7491,.T.);
#7982=ADVANCED_FACE($,(#662),#7492,.F.);
#7983=ADVANCED_FACE($,(#663),#7493,.F.);
#7984=ADVANCED_FACE($,(#664),#7494,.F.);
#7985=ADVANCED_FACE($,(#665),#7495,.T.);
#7986=ADVANCED_FACE($,(#666),#7496,.F.);
#7987=ADVANCED_FACE($,(#667),#7497,.T.);
#7988=ADVANCED_FACE($,(#668),#7498,.F.);
#7989=ADVANCED_FACE($,(#669),#7499,.F.);
#7990=ADVANCED_FACE($,(#670,#260),#141,.T.);
#7991=ADVANCED_FACE($,(#671),#7500,.F.);
#7992=ADVANCED_FACE($,(#672),#7501,.F.);
#7993=ADVANCED_FACE($,(#673),#7502,.F.);
#7994=ADVANCED_FACE($,(#674),#7503,.T.);
#7995=ADVANCED_FACE($,(#675),#7504,.F.);
#7996=ADVANCED_FACE($,(#676),#7505,.T.);
#7997=ADVANCED_FACE($,(#677),#7506,.F.);
#7998=ADVANCED_FACE($,(#678),#7507,.F.);
#7999=ADVANCED_FACE($,(#679),#7508,.F.);
#8000=ADVANCED_FACE($,(#680),#7509,.F.);
#8001=ADVANCED_FACE($,(#681),#7510,.F.);
#8002=ADVANCED_FACE($,(#682),#7511,.T.);
#8003=ADVANCED_FACE($,(#683),#7512,.F.);
#8004=ADVANCED_FACE($,(#684),#7513,.T.);
#8005=ADVANCED_FACE($,(#685),#7514,.F.);
#8006=ADVANCED_FACE($,(#686),#7515,.F.);
#8007=ADVANCED_FACE($,(#687),#7516,.F.);
#8008=ADVANCED_FACE($,(#688,#261),#142,.T.);
#8009=ADVANCED_FACE($,(#689),#7517,.F.);
#8010=ADVANCED_FACE($,(#690),#7518,.F.);
#8011=ADVANCED_FACE($,(#691),#7519,.T.);
#8012=ADVANCED_FACE($,(#692),#7520,.F.);
#8013=ADVANCED_FACE($,(#693),#7521,.T.);
#8014=ADVANCED_FACE($,(#694),#7522,.F.);
#8015=ADVANCED_FACE($,(#695),#7523,.F.);
#8016=ADVANCED_FACE($,(#696),#7524,.F.);
#8017=ADVANCED_FACE($,(#697),#7525,.T.);
#8018=ADVANCED_FACE($,(#698),#7526,.F.);
#8019=ADVANCED_FACE($,(#699),#7527,.F.);
#8020=ADVANCED_FACE($,(#700),#7528,.T.);
#8021=ADVANCED_FACE($,(#701),#7529,.F.);
#8022=ADVANCED_FACE($,(#702),#7530,.T.);
#8023=ADVANCED_FACE($,(#703),#7531,.F.);
#8024=ADVANCED_FACE($,(#704),#7532,.F.);
#8025=ADVANCED_FACE($,(#705),#7533,.F.);
#8026=ADVANCED_FACE($,(#706),#7534,.T.);
#8027=ADVANCED_FACE($,(#707),#7535,.F.);
#8028=ADVANCED_FACE($,(#708,#262),#143,.T.);
#8029=ADVANCED_FACE($,(#709),#7536,.T.);
#8030=ADVANCED_FACE($,(#710),#7537,.F.);
#8031=ADVANCED_FACE($,(#711),#7538,.T.);
#8032=ADVANCED_FACE($,(#712,#263),#144,.T.);
#8033=ADVANCED_FACE($,(#713),#7539,.F.);
#8034=ADVANCED_FACE($,(#714),#7540,.T.);
#8035=ADVANCED_FACE($,(#715),#7541,.T.);
#8036=ADVANCED_FACE($,(#716),#7542,.F.);
#8037=ADVANCED_FACE($,(#717),#7543,.F.);
#8038=ADVANCED_FACE($,(#718),#7544,.F.);
#8039=ADVANCED_FACE($,(#719),#7545,.T.);
#8040=ADVANCED_FACE($,(#720),#7546,.F.);
#8041=ADVANCED_FACE($,(#721),#7547,.F.);
#8042=ADVANCED_FACE($,(#722),#7548,.F.);
#8043=ADVANCED_FACE($,(#723),#7549,.T.);
#8044=ADVANCED_FACE($,(#724),#7550,.F.);
#8045=ADVANCED_FACE($,(#725),#7551,.F.);
#8046=ADVANCED_FACE($,(#726),#7552,.F.);
#8047=ADVANCED_FACE($,(#727),#7553,.F.);
#8048=ADVANCED_FACE($,(#728),#7554,.F.);
#8049=ADVANCED_FACE($,(#729,#264),#145,.T.);
#8050=ADVANCED_FACE($,(#730),#7555,.T.);
#8051=ADVANCED_FACE($,(#731),#7556,.T.);
#8052=ADVANCED_FACE($,(#732),#7557,.T.);
#8053=ADVANCED_FACE($,(#733),#7558,.T.);
#8054=ADVANCED_FACE($,(#734),#7559,.F.);
#8055=ADVANCED_FACE($,(#735),#7560,.T.);
#8056=ADVANCED_FACE($,(#736),#7561,.T.);
#8057=ADVANCED_FACE($,(#737),#7562,.F.);
#8058=ADVANCED_FACE($,(#738),#7563,.T.);
#8059=ADVANCED_FACE($,(#739),#7564,.T.);
#8060=ADVANCED_FACE($,(#740),#7565,.T.);
#8061=ADVANCED_FACE($,(#741),#7566,.T.);
#8062=ADVANCED_FACE($,(#742),#7567,.F.);
#8063=ADVANCED_FACE($,(#743),#7568,.T.);
#8064=ADVANCED_FACE($,(#744),#7569,.T.);
#8065=ADVANCED_FACE($,(#745),#7570,.F.);
#8066=ADVANCED_FACE($,(#746),#7571,.T.);
#8067=ADVANCED_FACE($,(#747),#7572,.T.);
#8068=ADVANCED_FACE($,(#748),#7573,.T.);
#8069=ADVANCED_FACE($,(#749),#7574,.F.);
#8070=ADVANCED_FACE($,(#750),#7575,.T.);
#8071=CLOSED_SHELL($,(#7576,#7577,#7578,#7579,#7580,#7581,#7582,#7583,#7584,
#7585,#7586));
#8072=CLOSED_SHELL($,(#7587,#7588,#7589,#7590,#7591,#7592));
#8073=CLOSED_SHELL($,(#7593,#7594,#7595,#7596,#7597,#7598,#7599,#7600,#7601));
#8074=CLOSED_SHELL($,(#7602,#7603,#7604,#7605,#7606,#7607,#7608,#7609));
#8075=CLOSED_SHELL($,(#7610,#7611,#7612,#7613,#7614,#7615,#7616,#7617));
#8076=CLOSED_SHELL($,(#7618,#7619,#7620,#7621,#7622,#7623,#7624,#7625));
#8077=CLOSED_SHELL($,(#7626,#7627,#7628,#7629,#7630,#7631,#7632,#7633));
#8078=CLOSED_SHELL($,(#7634,#7635,#7636,#7637,#7638,#7639,#7640,#7641));
#8079=CLOSED_SHELL($,(#7642,#7643,#7644,#7645,#7646,#7647,#7648,#7649));
#8080=CLOSED_SHELL($,(#7650,#7651,#7652,#7653,#7654,#7655,#7656,#7657,#7658,
#7659,#7660,#7661,#7662,#7663,#7664,#7665));
#8081=CLOSED_SHELL($,(#7666,#7667,#7668,#7669,#7670,#7671));
#8082=CLOSED_SHELL($,(#7672,#7673,#7674,#7675,#7676,#7677,#7678,#7679,#7680,
#7681,#7682,#7683));
#8083=CLOSED_SHELL($,(#7684,#7685,#7686,#7687,#7688,#7689,#7690));
#8084=CLOSED_SHELL($,(#7691,#7692,#7693,#7694,#7695,#7696,#7697,#7698,#7699,
#7700,#7701,#7702,#7703,#7704,#7705,#7706,#7707,#7708,#7709,#7710,#7711,
#7712,#7713,#7714,#7715,#7716,#7717,#7718,#7719,#7720,#7721,#7722,#7723,
#7724,#7725,#7726,#7727,#7728));
#8085=CLOSED_SHELL($,(#7729,#7730,#7731,#7732,#7733,#7734));
#8086=CLOSED_SHELL($,(#7735,#7736,#7737,#7738,#7739,#7740));
#8087=CLOSED_SHELL($,(#7741,#7742,#7743));
#8088=CLOSED_SHELL($,(#7744,#7745,#7746,#7747,#7748,#7749));
#8089=CLOSED_SHELL($,(#7750,#7751,#7752));
#8090=CLOSED_SHELL($,(#7753,#7754,#7755,#7756,#7757,#7758));
#8091=CLOSED_SHELL($,(#7759,#7760,#7761));
#8092=CLOSED_SHELL($,(#7762,#7763,#7764,#7765,#7766,#7767));
#8093=CLOSED_SHELL($,(#7768,#7769,#7770,#7771,#7772,#7773));
#8094=CLOSED_SHELL($,(#7774,#7775,#7776,#7777,#7778,#7779));
#8095=CLOSED_SHELL($,(#7780,#7781,#7782,#7783,#7784,#7785));
#8096=CLOSED_SHELL($,(#7786,#7787,#7788,#7789,#7790,#7791));
#8097=CLOSED_SHELL($,(#7792,#7793,#7794,#7795,#7796,#7797));
#8098=CLOSED_SHELL($,(#7798,#7799,#7800,#7801,#7802,#7803));
#8099=CLOSED_SHELL($,(#7804,#7805,#7806,#7807,#7808,#7809));
#8100=CLOSED_SHELL($,(#7810,#7811,#7812,#7813,#7814,#7815,#7816,#7817));
#8101=CLOSED_SHELL($,(#7818,#7819,#7820,#7821,#7822,#7823));
#8102=CLOSED_SHELL($,(#7824,#7825,#7826,#7827,#7828,#7829,#7830,#7831));
#8103=CLOSED_SHELL($,(#7832,#7833,#7834,#7835,#7836,#7837));
#8104=CLOSED_SHELL($,(#7838,#7839,#7840));
#8105=CLOSED_SHELL($,(#7841,#7842,#7843,#7844,#7845,#7846));
#8106=CLOSED_SHELL($,(#7847,#7848,#7849));
#8107=CLOSED_SHELL($,(#7850,#7851,#7852,#7853,#7854,#7855));
#8108=CLOSED_SHELL($,(#7856,#7857,#7858,#7859,#7860,#7861));
#8109=CLOSED_SHELL($,(#7862,#7863,#7864));
#8110=CLOSED_SHELL($,(#7865,#7866,#7867,#7868,#7869,#7870,#7871,#7872,#7873,
#7874,#7875,#7876,#7877,#7878,#7879,#7880,#7881,#7882,#7883));
#8111=CLOSED_SHELL($,(#7884,#7885,#7886,#7887,#7888,#7889,#7890,#7891,#7892,
#7893,#7894,#7895,#7896,#7897,#7898,#7899,#7900,#7901,#7902));
#8112=CLOSED_SHELL($,(#7903,#7904,#7905,#7906,#7907,#7908,#7909,#7910,#7911,
#7912,#7913,#7914,#7915,#7916,#7917,#7918,#7919,#7920,#7921));
#8113=CLOSED_SHELL($,(#7922,#7923,#7924));
#8114=CLOSED_SHELL($,(#7925,#7926,#7927));
#8115=CLOSED_SHELL($,(#7928,#7929,#7930));
#8116=CLOSED_SHELL($,(#7931,#7932,#7933,#7934,#7935,#7936,#7937,#7938));
#8117=CLOSED_SHELL($,(#7939,#7940,#7941,#7942,#7943,#7944));
#8118=CLOSED_SHELL($,(#7945,#7946,#7947,#7948,#7949,#7950));
#8119=CLOSED_SHELL($,(#7951,#7952,#7953,#7954,#7955,#7956));
#8120=CLOSED_SHELL($,(#7957,#7958,#7959));
#8121=CLOSED_SHELL($,(#7960,#7961,#7962));
#8122=CLOSED_SHELL($,(#7963,#7964,#7965,#7966,#7967,#7968));
#8123=CLOSED_SHELL($,(#7969,#7970,#7971));
#8124=CLOSED_SHELL($,(#7972,#7973,#7974));
#8125=CLOSED_SHELL($,(#7975,#7976,#7977,#7978,#7979,#7980));
#8126=CLOSED_SHELL($,(#7981,#7982,#7983,#7984,#7985,#7986,#7987,#7988,#7989,
#7990,#7991,#7992,#7993,#7994,#7995,#7996,#7997,#7998,#7999));
#8127=CLOSED_SHELL($,(#8000,#8001,#8002,#8003,#8004,#8005,#8006,#8007,#8008,
#8009,#8010,#8011,#8012,#8013,#8014,#8015,#8016,#8017,#8018));
#8128=CLOSED_SHELL($,(#8019,#8020,#8021,#8022,#8023,#8024,#8025,#8026));
#8129=CLOSED_SHELL($,(#8027,#8028,#8029));
#8130=CLOSED_SHELL($,(#8030,#8031,#8032));
#8131=CLOSED_SHELL($,(#8033,#8034,#8035,#8036,#8037,#8038,#8039,#8040,#8041,
#8042));
#8132=CLOSED_SHELL($,(#8043,#8044,#8045,#8046,#8047,#8048));
#8133=CLOSED_SHELL($,(#8049,#8050,#8051));
#8134=CLOSED_SHELL($,(#8052,#8053,#8054,#8055,#8056,#8057,#8058,#8059,#8060,
#8061,#8062,#8063,#8064,#8065,#8066,#8067,#8068,#8069,#8070));
#8135=MANIFOLD_SOLID_BREP('ASM Body',#8071);
#8136=MANIFOLD_SOLID_BREP('ASM Body',#8072);
#8137=MANIFOLD_SOLID_BREP('ASM Body',#8073);
#8138=MANIFOLD_SOLID_BREP('ASM Body',#8074);
#8139=MANIFOLD_SOLID_BREP('ASM Body',#8075);
#8140=MANIFOLD_SOLID_BREP('ASM Body',#8076);
#8141=MANIFOLD_SOLID_BREP('ASM Body',#8077);
#8142=MANIFOLD_SOLID_BREP('ASM Body',#8078);
#8143=MANIFOLD_SOLID_BREP('ASM Body',#8079);
#8144=MANIFOLD_SOLID_BREP('ASM Body',#8080);
#8145=MANIFOLD_SOLID_BREP('ASM Body',#8081);
#8146=MANIFOLD_SOLID_BREP('ASM Body',#8082);
#8147=MANIFOLD_SOLID_BREP('ASM Body',#8083);
#8148=MANIFOLD_SOLID_BREP('ASM Body',#8084);
#8149=MANIFOLD_SOLID_BREP('ASM Body',#8085);
#8150=MANIFOLD_SOLID_BREP('ASM Body',#8086);
#8151=MANIFOLD_SOLID_BREP('ASM Body',#8087);
#8152=MANIFOLD_SOLID_BREP('ASM Body',#8088);
#8153=MANIFOLD_SOLID_BREP('ASM Body',#8089);
#8154=MANIFOLD_SOLID_BREP('ASM Body',#8090);
#8155=MANIFOLD_SOLID_BREP('ASM Body',#8091);
#8156=MANIFOLD_SOLID_BREP('ASM Body',#8092);
#8157=MANIFOLD_SOLID_BREP('ASM Body',#8093);
#8158=MANIFOLD_SOLID_BREP('ASM Body',#8094);
#8159=MANIFOLD_SOLID_BREP('ASM Body',#8095);
#8160=MANIFOLD_SOLID_BREP('ASM Body',#8096);
#8161=MANIFOLD_SOLID_BREP('ASM Body',#8097);
#8162=MANIFOLD_SOLID_BREP('ASM Body',#8098);
#8163=MANIFOLD_SOLID_BREP('ASM Body',#8099);
#8164=MANIFOLD_SOLID_BREP('ASM Body',#8100);
#8165=MANIFOLD_SOLID_BREP('ASM Body',#8101);
#8166=MANIFOLD_SOLID_BREP('ASM Body',#8102);
#8167=MANIFOLD_SOLID_BREP('ASM Body',#8103);
#8168=MANIFOLD_SOLID_BREP('ASM Body',#8104);
#8169=MANIFOLD_SOLID_BREP('ASM Body',#8105);
#8170=MANIFOLD_SOLID_BREP('ASM Body',#8106);
#8171=MANIFOLD_SOLID_BREP('ASM Body',#8107);
#8172=MANIFOLD_SOLID_BREP('ASM Body',#8108);
#8173=MANIFOLD_SOLID_BREP('ASM Body',#8109);
#8174=MANIFOLD_SOLID_BREP('ASM Body',#8110);
#8175=MANIFOLD_SOLID_BREP('ASM Body',#8111);
#8176=MANIFOLD_SOLID_BREP('ASM Body',#8112);
#8177=MANIFOLD_SOLID_BREP('ASM Body',#8113);
#8178=MANIFOLD_SOLID_BREP('ASM Body',#8114);
#8179=MANIFOLD_SOLID_BREP('ASM Body',#8115);
#8180=MANIFOLD_SOLID_BREP('ASM Body',#8116);
#8181=MANIFOLD_SOLID_BREP('ASM Body',#8117);
#8182=MANIFOLD_SOLID_BREP('ASM Body',#8118);
#8183=MANIFOLD_SOLID_BREP('ASM Body',#8119);
#8184=MANIFOLD_SOLID_BREP('ASM Body',#8120);
#8185=MANIFOLD_SOLID_BREP('ASM Body',#8121);
#8186=MANIFOLD_SOLID_BREP('ASM Body',#8122);
#8187=MANIFOLD_SOLID_BREP('ASM Body',#8123);
#8188=MANIFOLD_SOLID_BREP('ASM Body',#8124);
#8189=MANIFOLD_SOLID_BREP('ASM Body',#8125);
#8190=MANIFOLD_SOLID_BREP('ASM Body',#8126);
#8191=MANIFOLD_SOLID_BREP('ASM Body',#8127);
#8192=MANIFOLD_SOLID_BREP('ASM Body',#8128);
#8193=MANIFOLD_SOLID_BREP('ASM Body',#8129);
#8194=MANIFOLD_SOLID_BREP('ASM Body',#8130);
#8195=MANIFOLD_SOLID_BREP('ASM Body',#8131);
#8196=MANIFOLD_SOLID_BREP('ASM Body',#8132);
#8197=MANIFOLD_SOLID_BREP('ASM Body',#8133);
#8198=MANIFOLD_SOLID_BREP('ASM Body',#8134);
#8199=AXIS2_PLACEMENT_3D('placement',#10946,#8795,#8796);
#8200=AXIS2_PLACEMENT_3D($,#10947,#8797,#8798);
#8201=AXIS2_PLACEMENT_3D($,#10956,#8803,#8804);
#8202=AXIS2_PLACEMENT_3D($,#10962,#8808,#8809);
#8203=AXIS2_PLACEMENT_3D($,#10966,#8812,#8813);
#8204=AXIS2_PLACEMENT_3D($,#10975,#8818,#8819);
#8205=AXIS2_PLACEMENT_3D($,#10981,#8823,#8824);
#8206=AXIS2_PLACEMENT_3D($,#10985,#8827,#8828);
#8207=AXIS2_PLACEMENT_3D($,#10989,#8831,#8832);
#8208=AXIS2_PLACEMENT_3D($,#10991,#8834,#8835);
#8209=AXIS2_PLACEMENT_3D($,#10995,#8838,#8839);
#8210=AXIS2_PLACEMENT_3D($,#10997,#8841,#8842);
#8211=AXIS2_PLACEMENT_3D($,#10998,#8843,#8844);
#8212=AXIS2_PLACEMENT_3D($,#11007,#8849,#8850);
#8213=AXIS2_PLACEMENT_3D($,#11016,#8855,#8856);
#8214=AXIS2_PLACEMENT_3D($,#11019,#8859,#8860);
#8215=AXIS2_PLACEMENT_3D($,#11021,#8862,#8863);
#8216=AXIS2_PLACEMENT_3D($,#11023,#8865,#8866);
#8217=AXIS2_PLACEMENT_3D($,#11024,#8867,#8868);
#8218=AXIS2_PLACEMENT_3D($,#11027,#8869,#8870);
#8219=AXIS2_PLACEMENT_3D($,#11031,#8872,#8873);
#8220=AXIS2_PLACEMENT_3D($,#11033,#8875,#8876);
#8221=AXIS2_PLACEMENT_3D($,#11045,#8883,#8884);
#8222=AXIS2_PLACEMENT_3D($,#11049,#8887,#8888);
#8223=AXIS2_PLACEMENT_3D($,#11055,#8892,#8893);
#8224=AXIS2_PLACEMENT_3D($,#11057,#8895,#8896);
#8225=AXIS2_PLACEMENT_3D($,#11061,#8899,#8900);
#8226=AXIS2_PLACEMENT_3D($,#11065,#8903,#8904);
#8227=AXIS2_PLACEMENT_3D($,#11067,#8906,#8907);
#8228=AXIS2_PLACEMENT_3D($,#11068,#8908,#8909);
#8229=AXIS2_PLACEMENT_3D($,#11077,#8914,#8915);
#8230=AXIS2_PLACEMENT_3D($,#11083,#8919,#8920);
#8231=AXIS2_PLACEMENT_3D($,#11087,#8923,#8924);
#8232=AXIS2_PLACEMENT_3D($,#11091,#8927,#8928);
#8233=AXIS2_PLACEMENT_3D($,#11093,#8930,#8931);
#8234=AXIS2_PLACEMENT_3D($,#11095,#8932,#8933);
#8235=AXIS2_PLACEMENT_3D($,#11097,#8934,#8935);
#8236=AXIS2_PLACEMENT_3D($,#11098,#8936,#8937);
#8237=AXIS2_PLACEMENT_3D($,#11099,#8938,#8939);
#8238=AXIS2_PLACEMENT_3D($,#11100,#8940,#8941);
#8239=AXIS2_PLACEMENT_3D($,#11109,#8946,#8947);
#8240=AXIS2_PLACEMENT_3D($,#11115,#8951,#8952);
#8241=AXIS2_PLACEMENT_3D($,#11119,#8955,#8956);
#8242=AXIS2_PLACEMENT_3D($,#11123,#8959,#8960);
#8243=AXIS2_PLACEMENT_3D($,#11125,#8962,#8963);
#8244=AXIS2_PLACEMENT_3D($,#11127,#8964,#8965);
#8245=AXIS2_PLACEMENT_3D($,#11129,#8966,#8967);
#8246=AXIS2_PLACEMENT_3D($,#11130,#8968,#8969);
#8247=AXIS2_PLACEMENT_3D($,#11131,#8970,#8971);
#8248=AXIS2_PLACEMENT_3D($,#11132,#8972,#8973);
#8249=AXIS2_PLACEMENT_3D($,#11141,#8978,#8979);
#8250=AXIS2_PLACEMENT_3D($,#11147,#8983,#8984);
#8251=AXIS2_PLACEMENT_3D($,#11151,#8987,#8988);
#8252=AXIS2_PLACEMENT_3D($,#11155,#8991,#8992);
#8253=AXIS2_PLACEMENT_3D($,#11157,#8994,#8995);
#8254=AXIS2_PLACEMENT_3D($,#11159,#8996,#8997);
#8255=AXIS2_PLACEMENT_3D($,#11161,#8998,#8999);
#8256=AXIS2_PLACEMENT_3D($,#11162,#9000,#9001);
#8257=AXIS2_PLACEMENT_3D($,#11163,#9002,#9003);
#8258=AXIS2_PLACEMENT_3D($,#11164,#9004,#9005);
#8259=AXIS2_PLACEMENT_3D($,#11173,#9010,#9011);
#8260=AXIS2_PLACEMENT_3D($,#11179,#9015,#9016);
#8261=AXIS2_PLACEMENT_3D($,#11183,#9019,#9020);
#8262=AXIS2_PLACEMENT_3D($,#11187,#9023,#9024);
#8263=AXIS2_PLACEMENT_3D($,#11189,#9026,#9027);
#8264=AXIS2_PLACEMENT_3D($,#11191,#9028,#9029);
#8265=AXIS2_PLACEMENT_3D($,#11193,#9030,#9031);
#8266=AXIS2_PLACEMENT_3D($,#11194,#9032,#9033);
#8267=AXIS2_PLACEMENT_3D($,#11195,#9034,#9035);
#8268=AXIS2_PLACEMENT_3D($,#11196,#9036,#9037);
#8269=AXIS2_PLACEMENT_3D($,#11205,#9042,#9043);
#8270=AXIS2_PLACEMENT_3D($,#11211,#9047,#9048);
#8271=AXIS2_PLACEMENT_3D($,#11215,#9051,#9052);
#8272=AXIS2_PLACEMENT_3D($,#11219,#9055,#9056);
#8273=AXIS2_PLACEMENT_3D($,#11221,#9058,#9059);
#8274=AXIS2_PLACEMENT_3D($,#11223,#9060,#9061);
#8275=AXIS2_PLACEMENT_3D($,#11225,#9062,#9063);
#8276=AXIS2_PLACEMENT_3D($,#11226,#9064,#9065);
#8277=AXIS2_PLACEMENT_3D($,#11227,#9066,#9067);
#8278=AXIS2_PLACEMENT_3D($,#11228,#9068,#9069);
#8279=AXIS2_PLACEMENT_3D($,#11237,#9074,#9075);
#8280=AXIS2_PLACEMENT_3D($,#11243,#9079,#9080);
#8281=AXIS2_PLACEMENT_3D($,#11247,#9083,#9084);
#8282=AXIS2_PLACEMENT_3D($,#11251,#9087,#9088);
#8283=AXIS2_PLACEMENT_3D($,#11253,#9090,#9091);
#8284=AXIS2_PLACEMENT_3D($,#11255,#9092,#9093);
#8285=AXIS2_PLACEMENT_3D($,#11257,#9094,#9095);
#8286=AXIS2_PLACEMENT_3D($,#11258,#9096,#9097);
#8287=AXIS2_PLACEMENT_3D($,#11259,#9098,#9099);
#8288=AXIS2_PLACEMENT_3D($,#11260,#9100,#9101);
#8289=AXIS2_PLACEMENT_3D($,#11269,#9106,#9107);
#8290=AXIS2_PLACEMENT_3D($,#11280,#9113,#9114);
#8291=AXIS2_PLACEMENT_3D($,#11286,#9118,#9119);
#8292=AXIS2_PLACEMENT_3D($,#11290,#9122,#9123);
#8293=AXIS2_PLACEMENT_3D($,#11294,#9126,#9127);
#8294=AXIS2_PLACEMENT_3D($,#11297,#9130,#9131);
#8295=AXIS2_PLACEMENT_3D($,#11306,#9136,#9137);
#8296=AXIS2_PLACEMENT_3D($,#11317,#9143,#9144);
#8297=AXIS2_PLACEMENT_3D($,#11320,#9147,#9148);
#8298=AXIS2_PLACEMENT_3D($,#11327,#9153,#9154);
#8299=AXIS2_PLACEMENT_3D($,#11329,#9156,#9157);
#8300=AXIS2_PLACEMENT_3D($,#11333,#9160,#9161);
#8301=AXIS2_PLACEMENT_3D($,#11337,#9164,#9165);
#8302=AXIS2_PLACEMENT_3D($,#11339,#9167,#9168);
#8303=AXIS2_PLACEMENT_3D($,#11341,#9170,#9171);
#8304=AXIS2_PLACEMENT_3D($,#11342,#9172,#9173);
#8305=AXIS2_PLACEMENT_3D($,#11351,#9178,#9179);
#8306=AXIS2_PLACEMENT_3D($,#11360,#9184,#9185);
#8307=AXIS2_PLACEMENT_3D($,#11363,#9188,#9189);
#8308=AXIS2_PLACEMENT_3D($,#11365,#9191,#9192);
#8309=AXIS2_PLACEMENT_3D($,#11367,#9194,#9195);
#8310=AXIS2_PLACEMENT_3D($,#11410,#9196,#9197);
#8311=AXIS2_PLACEMENT_3D($,#11411,#9198,#9199);
#8312=AXIS2_PLACEMENT_3D($,#11454,#9200,#9201);
#8313=AXIS2_PLACEMENT_3D($,#11455,#9202,#9203);
#8314=AXIS2_PLACEMENT_3D($,#11456,#9204,#9205);
#8315=AXIS2_PLACEMENT_3D($,#11457,#9206,#9207);
#8316=AXIS2_PLACEMENT_3D($,#11459,#9208,#9209);
#8317=AXIS2_PLACEMENT_3D($,#11460,#9210,#9211);
#8318=AXIS2_PLACEMENT_3D($,#11462,#9212,#9213);
#8319=AXIS2_PLACEMENT_3D($,#11464,#9214,#9215);
#8320=AXIS2_PLACEMENT_3D($,#11473,#9220,#9221);
#8321=AXIS2_PLACEMENT_3D($,#11479,#9225,#9226);
#8322=AXIS2_PLACEMENT_3D($,#11485,#9230,#9231);
#8323=AXIS2_PLACEMENT_3D($,#11487,#9233,#9234);
#8324=AXIS2_PLACEMENT_3D($,#11489,#9236,#9237);
#8325=AXIS2_PLACEMENT_3D($,#11490,#9238,#9239);
#8326=AXIS2_PLACEMENT_3D($,#11491,#9240,#9241);
#8327=AXIS2_PLACEMENT_3D($,#11492,#9242,#9243);
#8328=AXIS2_PLACEMENT_3D($,#11495,#9244,#9245);
#8329=AXIS2_PLACEMENT_3D($,#11496,#9246,#9247);
#8330=AXIS2_PLACEMENT_3D($,#11497,#9248,#9249);
#8331=AXIS2_PLACEMENT_3D($,#11498,#9250,#9251);
#8332=AXIS2_PLACEMENT_3D($,#11509,#9257,#9258);
#8333=AXIS2_PLACEMENT_3D($,#11520,#9264,#9265);
#8334=AXIS2_PLACEMENT_3D($,#11523,#9268,#9269);
#8335=AXIS2_PLACEMENT_3D($,#11525,#9271,#9272);
#8336=AXIS2_PLACEMENT_3D($,#11527,#9274,#9275);
#8337=AXIS2_PLACEMENT_3D($,#11529,#9277,#9278);
#8338=AXIS2_PLACEMENT_3D($,#11530,#9279,#9280);
#8339=AXIS2_PLACEMENT_3D($,#11539,#9285,#9286);
#8340=AXIS2_PLACEMENT_3D($,#11548,#9291,#9292);
#8341=AXIS2_PLACEMENT_3D($,#11562,#9300,#9301);
#8342=AXIS2_PLACEMENT_3D($,#11576,#9309,#9310);
#8343=AXIS2_PLACEMENT_3D($,#11590,#9318,#9319);
#8344=AXIS2_PLACEMENT_3D($,#11599,#9324,#9325);
#8345=AXIS2_PLACEMENT_3D($,#11608,#9330,#9331);
#8346=AXIS2_PLACEMENT_3D($,#11622,#9339,#9340);
#8347=AXIS2_PLACEMENT_3D($,#11636,#9348,#9349);
#8348=AXIS2_PLACEMENT_3D($,#11642,#9353,#9354);
#8349=AXIS2_PLACEMENT_3D($,#11648,#9358,#9359);
#8350=AXIS2_PLACEMENT_3D($,#11652,#9362,#9363);
#8351=AXIS2_PLACEMENT_3D($,#11656,#9366,#9367);
#8352=AXIS2_PLACEMENT_3D($,#11665,#9372,#9373);
#8353=AXIS2_PLACEMENT_3D($,#11668,#9376,#9377);
#8354=AXIS2_PLACEMENT_3D($,#11674,#9381,#9382);
#8355=AXIS2_PLACEMENT_3D($,#11676,#9384,#9385);
#8356=AXIS2_PLACEMENT_3D($,#11691,#9394,#9395);
#8357=AXIS2_PLACEMENT_3D($,#11700,#9401,#9402);
#8358=AXIS2_PLACEMENT_3D($,#11709,#9407,#9408);
#8359=AXIS2_PLACEMENT_3D($,#11715,#9412,#9413);
#8360=AXIS2_PLACEMENT_3D($,#11721,#9417,#9418);
#8361=AXIS2_PLACEMENT_3D($,#11724,#9421,#9422);
#8362=AXIS2_PLACEMENT_3D($,#11727,#9425,#9426);
#8363=AXIS2_PLACEMENT_3D($,#11730,#9429,#9430);
#8364=AXIS2_PLACEMENT_3D($,#11736,#9435,#9436);
#8365=AXIS2_PLACEMENT_3D($,#11744,#9443,#9444);
#8366=AXIS2_PLACEMENT_3D($,#11750,#9448,#9449);
#8367=AXIS2_PLACEMENT_3D($,#11753,#9452,#9453);
#8368=AXIS2_PLACEMENT_3D($,#11759,#9457,#9458);
#8369=AXIS2_PLACEMENT_3D($,#11771,#9465,#9466);
#8370=AXIS2_PLACEMENT_3D($,#11773,#9468,#9469);
#8371=AXIS2_PLACEMENT_3D($,#11777,#9472,#9473);
#8372=AXIS2_PLACEMENT_3D($,#11779,#9475,#9476);
#8373=AXIS2_PLACEMENT_3D($,#11783,#9479,#9480);
#8374=AXIS2_PLACEMENT_3D($,#11785,#9482,#9483);
#8375=AXIS2_PLACEMENT_3D($,#11787,#9485,#9486);
#8376=AXIS2_PLACEMENT_3D($,#11788,#9487,#9488);
#8377=AXIS2_PLACEMENT_3D($,#11797,#9493,#9494);
#8378=AXIS2_PLACEMENT_3D($,#11806,#9499,#9500);
#8379=AXIS2_PLACEMENT_3D($,#11809,#9503,#9504);
#8380=AXIS2_PLACEMENT_3D($,#11811,#9506,#9507);
#8381=AXIS2_PLACEMENT_3D($,#11813,#9509,#9510);
#8382=AXIS2_PLACEMENT_3D($,#11814,#9511,#9512);
#8383=AXIS2_PLACEMENT_3D($,#11823,#9517,#9518);
#8384=AXIS2_PLACEMENT_3D($,#11829,#9522,#9523);
#8385=AXIS2_PLACEMENT_3D($,#11835,#9527,#9528);
#8386=AXIS2_PLACEMENT_3D($,#11838,#9531,#9532);
#8387=AXIS2_PLACEMENT_3D($,#11839,#9533,#9534);
#8388=AXIS2_PLACEMENT_3D($,#11840,#9535,#9536);
#8389=AXIS2_PLACEMENT_3D($,#11842,#9537,#9538);
#8390=AXIS2_PLACEMENT_3D($,#11843,#9539,#9540);
#8391=AXIS2_PLACEMENT_3D($,#11845,#9541,#9542);
#8392=AXIS2_PLACEMENT_3D($,#11846,#9543,#9544);
#8393=AXIS2_PLACEMENT_3D($,#11847,#9545,#9546);
#8394=AXIS2_PLACEMENT_3D($,#11856,#9551,#9552);
#8395=AXIS2_PLACEMENT_3D($,#11862,#9556,#9557);
#8396=AXIS2_PLACEMENT_3D($,#11868,#9561,#9562);
#8397=AXIS2_PLACEMENT_3D($,#11871,#9565,#9566);
#8398=AXIS2_PLACEMENT_3D($,#11872,#9567,#9568);
#8399=AXIS2_PLACEMENT_3D($,#11873,#9569,#9570);
#8400=AXIS2_PLACEMENT_3D($,#11875,#9571,#9572);
#8401=AXIS2_PLACEMENT_3D($,#11876,#9573,#9574);
#8402=AXIS2_PLACEMENT_3D($,#11878,#9575,#9576);
#8403=AXIS2_PLACEMENT_3D($,#11879,#9577,#9578);
#8404=AXIS2_PLACEMENT_3D($,#11880,#9579,#9580);
#8405=AXIS2_PLACEMENT_3D($,#11889,#9585,#9586);
#8406=AXIS2_PLACEMENT_3D($,#11895,#9590,#9591);
#8407=AXIS2_PLACEMENT_3D($,#11901,#9595,#9596);
#8408=AXIS2_PLACEMENT_3D($,#11904,#9599,#9600);
#8409=AXIS2_PLACEMENT_3D($,#11905,#9601,#9602);
#8410=AXIS2_PLACEMENT_3D($,#11906,#9603,#9604);
#8411=AXIS2_PLACEMENT_3D($,#11908,#9605,#9606);
#8412=AXIS2_PLACEMENT_3D($,#11909,#9607,#9608);
#8413=AXIS2_PLACEMENT_3D($,#11911,#9609,#9610);
#8414=AXIS2_PLACEMENT_3D($,#11912,#9611,#9612);
#8415=AXIS2_PLACEMENT_3D($,#11913,#9613,#9614);
#8416=AXIS2_PLACEMENT_3D($,#11922,#9619,#9620);
#8417=AXIS2_PLACEMENT_3D($,#11931,#9625,#9626);
#8418=AXIS2_PLACEMENT_3D($,#11934,#9629,#9630);
#8419=AXIS2_PLACEMENT_3D($,#11936,#9632,#9633);
#8420=AXIS2_PLACEMENT_3D($,#11938,#9635,#9636);
#8421=AXIS2_PLACEMENT_3D($,#11939,#9637,#9638);
#8422=AXIS2_PLACEMENT_3D($,#11948,#9643,#9644);
#8423=AXIS2_PLACEMENT_3D($,#11957,#9649,#9650);
#8424=AXIS2_PLACEMENT_3D($,#11960,#9653,#9654);
#8425=AXIS2_PLACEMENT_3D($,#11962,#9656,#9657);
#8426=AXIS2_PLACEMENT_3D($,#11964,#9659,#9660);
#8427=AXIS2_PLACEMENT_3D($,#11965,#9661,#9662);
#8428=AXIS2_PLACEMENT_3D($,#11974,#9667,#9668);
#8429=AXIS2_PLACEMENT_3D($,#11980,#9672,#9673);
#8430=AXIS2_PLACEMENT_3D($,#11986,#9677,#9678);
#8431=AXIS2_PLACEMENT_3D($,#11989,#9681,#9682);
#8432=AXIS2_PLACEMENT_3D($,#11990,#9683,#9684);
#8433=AXIS2_PLACEMENT_3D($,#11991,#9685,#9686);
#8434=AXIS2_PLACEMENT_3D($,#12000,#9691,#9692);
#8435=AXIS2_PLACEMENT_3D($,#12006,#9696,#9697);
#8436=AXIS2_PLACEMENT_3D($,#12012,#9701,#9702);
#8437=AXIS2_PLACEMENT_3D($,#12015,#9705,#9706);
#8438=AXIS2_PLACEMENT_3D($,#12016,#9707,#9708);
#8439=AXIS2_PLACEMENT_3D($,#12017,#9709,#9710);
#8440=AXIS2_PLACEMENT_3D($,#12026,#9715,#9716);
#8441=AXIS2_PLACEMENT_3D($,#12035,#9721,#9722);
#8442=AXIS2_PLACEMENT_3D($,#12038,#9725,#9726);
#8443=AXIS2_PLACEMENT_3D($,#12040,#9728,#9729);
#8444=AXIS2_PLACEMENT_3D($,#12042,#9731,#9732);
#8445=AXIS2_PLACEMENT_3D($,#12043,#9733,#9734);
#8446=AXIS2_PLACEMENT_3D($,#12052,#9739,#9740);
#8447=AXIS2_PLACEMENT_3D($,#12061,#9745,#9746);
#8448=AXIS2_PLACEMENT_3D($,#12064,#9749,#9750);
#8449=AXIS2_PLACEMENT_3D($,#12066,#9752,#9753);
#8450=AXIS2_PLACEMENT_3D($,#12068,#9755,#9756);
#8451=AXIS2_PLACEMENT_3D($,#12069,#9757,#9758);
#8452=AXIS2_PLACEMENT_3D($,#12078,#9763,#9764);
#8453=AXIS2_PLACEMENT_3D($,#12084,#9768,#9769);
#8454=AXIS2_PLACEMENT_3D($,#12090,#9773,#9774);
#8455=AXIS2_PLACEMENT_3D($,#12093,#9777,#9778);
#8456=AXIS2_PLACEMENT_3D($,#12094,#9779,#9780);
#8457=AXIS2_PLACEMENT_3D($,#12095,#9781,#9782);
#8458=AXIS2_PLACEMENT_3D($,#12104,#9787,#9788);
#8459=AXIS2_PLACEMENT_3D($,#12110,#9792,#9793);
#8460=AXIS2_PLACEMENT_3D($,#12116,#9797,#9798);
#8461=AXIS2_PLACEMENT_3D($,#12119,#9801,#9802);
#8462=AXIS2_PLACEMENT_3D($,#12120,#9803,#9804);
#8463=AXIS2_PLACEMENT_3D($,#12121,#9805,#9806);
#8464=AXIS2_PLACEMENT_3D($,#12134,#9813,#9814);
#8465=AXIS2_PLACEMENT_3D($,#12140,#9818,#9819);
#8466=AXIS2_PLACEMENT_3D($,#12144,#9822,#9823);
#8467=AXIS2_PLACEMENT_3D($,#12148,#9826,#9827);
#8468=AXIS2_PLACEMENT_3D($,#12154,#9831,#9832);
#8469=AXIS2_PLACEMENT_3D($,#12157,#9835,#9836);
#8470=AXIS2_PLACEMENT_3D($,#12158,#9837,#9838);
#8471=AXIS2_PLACEMENT_3D($,#12159,#9839,#9840);
#8472=AXIS2_PLACEMENT_3D($,#12168,#9845,#9846);
#8473=AXIS2_PLACEMENT_3D($,#12177,#9851,#9852);
#8474=AXIS2_PLACEMENT_3D($,#12180,#9855,#9856);
#8475=AXIS2_PLACEMENT_3D($,#12182,#9858,#9859);
#8476=AXIS2_PLACEMENT_3D($,#12184,#9861,#9862);
#8477=AXIS2_PLACEMENT_3D($,#12185,#9863,#9864);
#8478=AXIS2_PLACEMENT_3D($,#12198,#9871,#9872);
#8479=AXIS2_PLACEMENT_3D($,#12204,#9876,#9877);
#8480=AXIS2_PLACEMENT_3D($,#12208,#9880,#9881);
#8481=AXIS2_PLACEMENT_3D($,#12212,#9884,#9885);
#8482=AXIS2_PLACEMENT_3D($,#12216,#9888,#9889);
#8483=AXIS2_PLACEMENT_3D($,#12220,#9892,#9893);
#8484=AXIS2_PLACEMENT_3D($,#12222,#9895,#9896);
#8485=AXIS2_PLACEMENT_3D($,#12223,#9897,#9898);
#8486=AXIS2_PLACEMENT_3D($,#12232,#9903,#9904);
#8487=AXIS2_PLACEMENT_3D($,#12238,#9908,#9909);
#8488=AXIS2_PLACEMENT_3D($,#12244,#9913,#9914);
#8489=AXIS2_PLACEMENT_3D($,#12247,#9917,#9918);
#8490=AXIS2_PLACEMENT_3D($,#12248,#9919,#9920);
#8491=AXIS2_PLACEMENT_3D($,#12249,#9921,#9922);
#8492=AXIS2_PLACEMENT_3D($,#12251,#9923,#9924);
#8493=AXIS2_PLACEMENT_3D($,#12252,#9925,#9926);
#8494=AXIS2_PLACEMENT_3D($,#12254,#9927,#9928);
#8495=AXIS2_PLACEMENT_3D($,#12255,#9929,#9930);
#8496=AXIS2_PLACEMENT_3D($,#12256,#9931,#9932);
#8497=AXIS2_PLACEMENT_3D($,#12265,#9937,#9938);
#8498=AXIS2_PLACEMENT_3D($,#12271,#9942,#9943);
#8499=AXIS2_PLACEMENT_3D($,#12277,#9947,#9948);
#8500=AXIS2_PLACEMENT_3D($,#12280,#9951,#9952);
#8501=AXIS2_PLACEMENT_3D($,#12281,#9953,#9954);
#8502=AXIS2_PLACEMENT_3D($,#12282,#9955,#9956);
#8503=AXIS2_PLACEMENT_3D($,#12284,#9957,#9958);
#8504=AXIS2_PLACEMENT_3D($,#12285,#9959,#9960);
#8505=AXIS2_PLACEMENT_3D($,#12287,#9961,#9962);
#8506=AXIS2_PLACEMENT_3D($,#12288,#9963,#9964);
#8507=AXIS2_PLACEMENT_3D($,#12289,#9965,#9966);
#8508=AXIS2_PLACEMENT_3D($,#12298,#9971,#9972);
#8509=AXIS2_PLACEMENT_3D($,#12304,#9976,#9977);
#8510=AXIS2_PLACEMENT_3D($,#12310,#9981,#9982);
#8511=AXIS2_PLACEMENT_3D($,#12313,#9985,#9986);
#8512=AXIS2_PLACEMENT_3D($,#12314,#9987,#9988);
#8513=AXIS2_PLACEMENT_3D($,#12315,#9989,#9990);
#8514=AXIS2_PLACEMENT_3D($,#12324,#9995,#9996);
#8515=AXIS2_PLACEMENT_3D($,#12333,#10001,#10002);
#8516=AXIS2_PLACEMENT_3D($,#12336,#10005,#10006);
#8517=AXIS2_PLACEMENT_3D($,#12338,#10008,#10009);
#8518=AXIS2_PLACEMENT_3D($,#12340,#10011,#10012);
#8519=AXIS2_PLACEMENT_3D($,#12341,#10013,#10014);
#8520=AXIS2_PLACEMENT_3D($,#12343,#10015,#10016);
#8521=AXIS2_PLACEMENT_3D($,#12345,#10017,#10018);
#8522=AXIS2_PLACEMENT_3D($,#12346,#10019,#10020);
#8523=AXIS2_PLACEMENT_3D($,#12347,#10021,#10022);
#8524=AXIS2_PLACEMENT_3D($,#12348,#10023,#10024);
#8525=AXIS2_PLACEMENT_3D($,#12357,#10029,#10030);
#8526=AXIS2_PLACEMENT_3D($,#12366,#10035,#10036);
#8527=AXIS2_PLACEMENT_3D($,#12368,#10037,#10038);
#8528=AXIS2_PLACEMENT_3D($,#12372,#10041,#10042);
#8529=AXIS2_PLACEMENT_3D($,#12378,#10046,#10047);
#8530=AXIS2_PLACEMENT_3D($,#12380,#10048,#10049);
#8531=AXIS2_PLACEMENT_3D($,#12384,#10052,#10053);
#8532=AXIS2_PLACEMENT_3D($,#12390,#10057,#10058);
#8533=AXIS2_PLACEMENT_3D($,#12392,#10060,#10061);
#8534=AXIS2_PLACEMENT_3D($,#12394,#10063,#10064);
#8535=AXIS2_PLACEMENT_3D($,#12396,#10065,#10066);
#8536=AXIS2_PLACEMENT_3D($,#12398,#10067,#10068);
#8537=AXIS2_PLACEMENT_3D($,#12402,#10070,#10071);
#8538=AXIS2_PLACEMENT_3D($,#12405,#10073,#10074);
#8539=AXIS2_PLACEMENT_3D($,#12407,#10075,#10076);
#8540=AXIS2_PLACEMENT_3D($,#12411,#10078,#10079);
#8541=AXIS2_PLACEMENT_3D($,#12414,#10081,#10082);
#8542=AXIS2_PLACEMENT_3D($,#12415,#10083,#10084);
#8543=AXIS2_PLACEMENT_3D($,#12421,#10088,#10089);
#8544=AXIS2_PLACEMENT_3D($,#12427,#10093,#10094);
#8545=AXIS2_PLACEMENT_3D($,#12431,#10097,#10098);
#8546=AXIS2_PLACEMENT_3D($,#12435,#10101,#10102);
#8547=AXIS2_PLACEMENT_3D($,#12439,#10105,#10106);
#8548=AXIS2_PLACEMENT_3D($,#12443,#10109,#10110);
#8549=AXIS2_PLACEMENT_3D($,#12445,#10112,#10113);
#8550=AXIS2_PLACEMENT_3D($,#12447,#10115,#10116);
#8551=AXIS2_PLACEMENT_3D($,#12448,#10117,#10118);
#8552=AXIS2_PLACEMENT_3D($,#12449,#10119,#10120);
#8553=AXIS2_PLACEMENT_3D($,#12458,#10125,#10126);
#8554=AXIS2_PLACEMENT_3D($,#12467,#10131,#10132);
#8555=AXIS2_PLACEMENT_3D($,#12473,#10136,#10137);
#8556=AXIS2_PLACEMENT_3D($,#12475,#10138,#10139);
#8557=AXIS2_PLACEMENT_3D($,#12477,#10141,#10142);
#8558=AXIS2_PLACEMENT_3D($,#12483,#10146,#10147);
#8559=AXIS2_PLACEMENT_3D($,#12485,#10148,#10149);
#8560=AXIS2_PLACEMENT_3D($,#12487,#10151,#10152);
#8561=AXIS2_PLACEMENT_3D($,#12491,#10155,#10156);
#8562=AXIS2_PLACEMENT_3D($,#12495,#10159,#10160);
#8563=AXIS2_PLACEMENT_3D($,#12497,#10161,#10162);
#8564=AXIS2_PLACEMENT_3D($,#12502,#10164,#10165);
#8565=AXIS2_PLACEMENT_3D($,#12505,#10167,#10168);
#8566=AXIS2_PLACEMENT_3D($,#12507,#10169,#10170);
#8567=AXIS2_PLACEMENT_3D($,#12511,#10172,#10173);
#8568=AXIS2_PLACEMENT_3D($,#12514,#10175,#10176);
#8569=AXIS2_PLACEMENT_3D($,#12515,#10177,#10178);
#8570=AXIS2_PLACEMENT_3D($,#12516,#10179,#10180);
#8571=AXIS2_PLACEMENT_3D($,#12525,#10185,#10186);
#8572=AXIS2_PLACEMENT_3D($,#12534,#10191,#10192);
#8573=AXIS2_PLACEMENT_3D($,#12537,#10195,#10196);
#8574=AXIS2_PLACEMENT_3D($,#12539,#10198,#10199);
#8575=AXIS2_PLACEMENT_3D($,#12542,#10202,#10203);
#8576=AXIS2_PLACEMENT_3D($,#12544,#10205,#10206);
#8577=AXIS2_PLACEMENT_3D($,#12546,#10208,#10209);
#8578=AXIS2_PLACEMENT_3D($,#12548,#10211,#10212);
#8579=AXIS2_PLACEMENT_3D($,#12549,#10213,#10214);
#8580=AXIS2_PLACEMENT_3D($,#12550,#10215,#10216);
#8581=AXIS2_PLACEMENT_3D($,#12552,#10217,#10218);
#8582=AXIS2_PLACEMENT_3D($,#12553,#10219,#10220);
#8583=AXIS2_PLACEMENT_3D($,#12562,#10225,#10226);
#8584=AXIS2_PLACEMENT_3D($,#12571,#10231,#10232);
#8585=AXIS2_PLACEMENT_3D($,#12577,#10236,#10237);
#8586=AXIS2_PLACEMENT_3D($,#12579,#10238,#10239);
#8587=AXIS2_PLACEMENT_3D($,#12581,#10241,#10242);
#8588=AXIS2_PLACEMENT_3D($,#12587,#10246,#10247);
#8589=AXIS2_PLACEMENT_3D($,#12589,#10248,#10249);
#8590=AXIS2_PLACEMENT_3D($,#12591,#10251,#10252);
#8591=AXIS2_PLACEMENT_3D($,#12595,#10255,#10256);
#8592=AXIS2_PLACEMENT_3D($,#12599,#10259,#10260);
#8593=AXIS2_PLACEMENT_3D($,#12604,#10262,#10263);
#8594=AXIS2_PLACEMENT_3D($,#12607,#10265,#10266);
#8595=AXIS2_PLACEMENT_3D($,#12609,#10267,#10268);
#8596=AXIS2_PLACEMENT_3D($,#12613,#10270,#10271);
#8597=AXIS2_PLACEMENT_3D($,#12616,#10273,#10274);
#8598=AXIS2_PLACEMENT_3D($,#12617,#10275,#10276);
#8599=AXIS2_PLACEMENT_3D($,#12618,#10277,#10278);
#8600=AXIS2_PLACEMENT_3D($,#12627,#10283,#10284);
#8601=AXIS2_PLACEMENT_3D($,#12636,#10289,#10290);
#8602=AXIS2_PLACEMENT_3D($,#12639,#10293,#10294);
#8603=AXIS2_PLACEMENT_3D($,#12641,#10296,#10297);
#8604=AXIS2_PLACEMENT_3D($,#12644,#10300,#10301);
#8605=AXIS2_PLACEMENT_3D($,#12646,#10303,#10304);
#8606=AXIS2_PLACEMENT_3D($,#12648,#10306,#10307);
#8607=AXIS2_PLACEMENT_3D($,#12650,#10309,#10310);
#8608=AXIS2_PLACEMENT_3D($,#12651,#10311,#10312);
#8609=AXIS2_PLACEMENT_3D($,#12653,#10313,#10314);
#8610=AXIS2_PLACEMENT_3D($,#12654,#10315,#10316);
#8611=AXIS2_PLACEMENT_3D($,#12656,#10317,#10318);
#8612=AXIS2_PLACEMENT_3D($,#12657,#10319,#10320);
#8613=AXIS2_PLACEMENT_3D($,#12658,#10321,#10322);
#8614=AXIS2_PLACEMENT_3D($,#12660,#10323,#10324);
#8615=AXIS2_PLACEMENT_3D($,#12661,#10325,#10326);
#8616=AXIS2_PLACEMENT_3D($,#12663,#10327,#10328);
#8617=AXIS2_PLACEMENT_3D($,#12664,#10329,#10330);
#8618=AXIS2_PLACEMENT_3D($,#12665,#10331,#10332);
#8619=AXIS2_PLACEMENT_3D($,#12667,#10333,#10334);
#8620=AXIS2_PLACEMENT_3D($,#12668,#10335,#10336);
#8621=AXIS2_PLACEMENT_3D($,#12670,#10337,#10338);
#8622=AXIS2_PLACEMENT_3D($,#12671,#10339,#10340);
#8623=AXIS2_PLACEMENT_3D($,#12672,#10341,#10342);
#8624=AXIS2_PLACEMENT_3D($,#12685,#10349,#10350);
#8625=AXIS2_PLACEMENT_3D($,#12691,#10354,#10355);
#8626=AXIS2_PLACEMENT_3D($,#12695,#10358,#10359);
#8627=AXIS2_PLACEMENT_3D($,#12699,#10362,#10363);
#8628=AXIS2_PLACEMENT_3D($,#12705,#10367,#10368);
#8629=AXIS2_PLACEMENT_3D($,#12708,#10371,#10372);
#8630=AXIS2_PLACEMENT_3D($,#12709,#10373,#10374);
#8631=AXIS2_PLACEMENT_3D($,#12710,#10375,#10376);
#8632=AXIS2_PLACEMENT_3D($,#12719,#10381,#10382);
#8633=AXIS2_PLACEMENT_3D($,#12725,#10386,#10387);
#8634=AXIS2_PLACEMENT_3D($,#12729,#10390,#10391);
#8635=AXIS2_PLACEMENT_3D($,#12733,#10394,#10395);
#8636=AXIS2_PLACEMENT_3D($,#12735,#10397,#10398);
#8637=AXIS2_PLACEMENT_3D($,#12736,#10399,#10400);
#8638=AXIS2_PLACEMENT_3D($,#12745,#10405,#10406);
#8639=AXIS2_PLACEMENT_3D($,#12754,#10411,#10412);
#8640=AXIS2_PLACEMENT_3D($,#12757,#10415,#10416);
#8641=AXIS2_PLACEMENT_3D($,#12759,#10418,#10419);
#8642=AXIS2_PLACEMENT_3D($,#12761,#10421,#10422);
#8643=AXIS2_PLACEMENT_3D($,#12762,#10423,#10424);
#8644=AXIS2_PLACEMENT_3D($,#12771,#10429,#10430);
#8645=AXIS2_PLACEMENT_3D($,#12777,#10434,#10435);
#8646=AXIS2_PLACEMENT_3D($,#12783,#10439,#10440);
#8647=AXIS2_PLACEMENT_3D($,#12786,#10443,#10444);
#8648=AXIS2_PLACEMENT_3D($,#12787,#10445,#10446);
#8649=AXIS2_PLACEMENT_3D($,#12788,#10447,#10448);
#8650=AXIS2_PLACEMENT_3D($,#12790,#10449,#10450);
#8651=AXIS2_PLACEMENT_3D($,#12792,#10451,#10452);
#8652=AXIS2_PLACEMENT_3D($,#12793,#10453,#10454);
#8653=AXIS2_PLACEMENT_3D($,#12794,#10455,#10456);
#8654=AXIS2_PLACEMENT_3D($,#12795,#10457,#10458);
#8655=AXIS2_PLACEMENT_3D($,#12797,#10459,#10460);
#8656=AXIS2_PLACEMENT_3D($,#12799,#10461,#10462);
#8657=AXIS2_PLACEMENT_3D($,#12800,#10463,#10464);
#8658=AXIS2_PLACEMENT_3D($,#12801,#10465,#10466);
#8659=AXIS2_PLACEMENT_3D($,#12802,#10467,#10468);
#8660=AXIS2_PLACEMENT_3D($,#12811,#10473,#10474);
#8661=AXIS2_PLACEMENT_3D($,#12820,#10479,#10480);
#8662=AXIS2_PLACEMENT_3D($,#12823,#10483,#10484);
#8663=AXIS2_PLACEMENT_3D($,#12825,#10486,#10487);
#8664=AXIS2_PLACEMENT_3D($,#12827,#10489,#10490);
#8665=AXIS2_PLACEMENT_3D($,#12828,#10491,#10492);
#8666=AXIS2_PLACEMENT_3D($,#12830,#10493,#10494);
#8667=AXIS2_PLACEMENT_3D($,#12831,#10495,#10496);
#8668=AXIS2_PLACEMENT_3D($,#12833,#10497,#10498);
#8669=AXIS2_PLACEMENT_3D($,#12834,#10499,#10500);
#8670=AXIS2_PLACEMENT_3D($,#12835,#10501,#10502);
#8671=AXIS2_PLACEMENT_3D($,#12837,#10503,#10504);
#8672=AXIS2_PLACEMENT_3D($,#12838,#10505,#10506);
#8673=AXIS2_PLACEMENT_3D($,#12840,#10507,#10508);
#8674=AXIS2_PLACEMENT_3D($,#12841,#10509,#10510);
#8675=AXIS2_PLACEMENT_3D($,#12842,#10511,#10512);
#8676=AXIS2_PLACEMENT_3D($,#12851,#10517,#10518);
#8677=AXIS2_PLACEMENT_3D($,#12857,#10522,#10523);
#8678=AXIS2_PLACEMENT_3D($,#12861,#10526,#10527);
#8679=AXIS2_PLACEMENT_3D($,#12865,#10530,#10531);
#8680=AXIS2_PLACEMENT_3D($,#12867,#10533,#10534);
#8681=AXIS2_PLACEMENT_3D($,#12868,#10535,#10536);
#8682=AXIS2_PLACEMENT_3D($,#12871,#10537,#10538);
#8683=AXIS2_PLACEMENT_3D($,#12879,#10542,#10543);
#8684=AXIS2_PLACEMENT_3D($,#12887,#10547,#10548);
#8685=AXIS2_PLACEMENT_3D($,#12895,#10552,#10553);
#8686=AXIS2_PLACEMENT_3D($,#12901,#10557,#10558);
#8687=AXIS2_PLACEMENT_3D($,#12907,#10562,#10563);
#8688=AXIS2_PLACEMENT_3D($,#12913,#10567,#10568);
#8689=AXIS2_PLACEMENT_3D($,#12917,#10571,#10572);
#8690=AXIS2_PLACEMENT_3D($,#12919,#10573,#10574);
#8691=AXIS2_PLACEMENT_3D($,#12921,#10576,#10577);
#8692=AXIS2_PLACEMENT_3D($,#12925,#10580,#10581);
#8693=AXIS2_PLACEMENT_3D($,#12927,#10582,#10583);
#8694=AXIS2_PLACEMENT_3D($,#12929,#10585,#10586);
#8695=AXIS2_PLACEMENT_3D($,#12931,#10588,#10589);
#8696=AXIS2_PLACEMENT_3D($,#12933,#10591,#10592);
#8697=AXIS2_PLACEMENT_3D($,#12935,#10593,#10594);
#8698=AXIS2_PLACEMENT_3D($,#12939,#10596,#10597);
#8699=AXIS2_PLACEMENT_3D($,#12944,#10600,#10601);
#8700=AXIS2_PLACEMENT_3D($,#12946,#10603,#10604);
#8701=AXIS2_PLACEMENT_3D($,#12952,#10608,#10609);
#8702=AXIS2_PLACEMENT_3D($,#12958,#10613,#10614);
#8703=AXIS2_PLACEMENT_3D($,#12960,#10616,#10617);
#8704=AXIS2_PLACEMENT_3D($,#12962,#10619,#10620);
#8705=AXIS2_PLACEMENT_3D($,#12964,#10622,#10623);
#8706=AXIS2_PLACEMENT_3D($,#12966,#10625,#10626);
#8707=AXIS2_PLACEMENT_3D($,#12967,#10627,#10628);
#8708=AXIS2_PLACEMENT_3D($,#12968,#10629,#10630);
#8709=AXIS2_PLACEMENT_3D($,#12969,#10631,#10632);
#8710=AXIS2_PLACEMENT_3D($,#12978,#10637,#10638);
#8711=AXIS2_PLACEMENT_3D($,#12987,#10643,#10644);
#8712=AXIS2_PLACEMENT_3D($,#12989,#10645,#10646);
#8713=AXIS2_PLACEMENT_3D($,#12993,#10649,#10650);
#8714=AXIS2_PLACEMENT_3D($,#12999,#10654,#10655);
#8715=AXIS2_PLACEMENT_3D($,#13001,#10656,#10657);
#8716=AXIS2_PLACEMENT_3D($,#13005,#10660,#10661);
#8717=AXIS2_PLACEMENT_3D($,#13011,#10665,#10666);
#8718=AXIS2_PLACEMENT_3D($,#13013,#10668,#10669);
#8719=AXIS2_PLACEMENT_3D($,#13015,#10671,#10672);
#8720=AXIS2_PLACEMENT_3D($,#13017,#10673,#10674);
#8721=AXIS2_PLACEMENT_3D($,#13019,#10675,#10676);
#8722=AXIS2_PLACEMENT_3D($,#13023,#10678,#10679);
#8723=AXIS2_PLACEMENT_3D($,#13026,#10681,#10682);
#8724=AXIS2_PLACEMENT_3D($,#13028,#10683,#10684);
#8725=AXIS2_PLACEMENT_3D($,#13032,#10686,#10687);
#8726=AXIS2_PLACEMENT_3D($,#13035,#10689,#10690);
#8727=AXIS2_PLACEMENT_3D($,#13036,#10691,#10692);
#8728=AXIS2_PLACEMENT_3D($,#13042,#10696,#10697);
#8729=AXIS2_PLACEMENT_3D($,#13048,#10701,#10702);
#8730=AXIS2_PLACEMENT_3D($,#13052,#10705,#10706);
#8731=AXIS2_PLACEMENT_3D($,#13056,#10709,#10710);
#8732=AXIS2_PLACEMENT_3D($,#13060,#10713,#10714);
#8733=AXIS2_PLACEMENT_3D($,#13064,#10717,#10718);
#8734=AXIS2_PLACEMENT_3D($,#13066,#10720,#10721);
#8735=AXIS2_PLACEMENT_3D($,#13068,#10723,#10724);
#8736=AXIS2_PLACEMENT_3D($,#13069,#10725,#10726);
#8737=AXIS2_PLACEMENT_3D($,#13070,#10727,#10728);
#8738=AXIS2_PLACEMENT_3D($,#13083,#10735,#10736);
#8739=AXIS2_PLACEMENT_3D($,#13089,#10740,#10741);
#8740=AXIS2_PLACEMENT_3D($,#13093,#10744,#10745);
#8741=AXIS2_PLACEMENT_3D($,#13097,#10748,#10749);
#8742=AXIS2_PLACEMENT_3D($,#13101,#10752,#10753);
#8743=AXIS2_PLACEMENT_3D($,#13105,#10756,#10757);
#8744=AXIS2_PLACEMENT_3D($,#13107,#10759,#10760);
#8745=AXIS2_PLACEMENT_3D($,#13108,#10761,#10762);
#8746=AXIS2_PLACEMENT_3D($,#13110,#10763,#10764);
#8747=AXIS2_PLACEMENT_3D($,#13111,#10765,#10766);
#8748=AXIS2_PLACEMENT_3D($,#13113,#10767,#10768);
#8749=AXIS2_PLACEMENT_3D($,#13114,#10769,#10770);
#8750=AXIS2_PLACEMENT_3D($,#13115,#10771,#10772);
#8751=AXIS2_PLACEMENT_3D($,#13117,#10773,#10774);
#8752=AXIS2_PLACEMENT_3D($,#13118,#10775,#10776);
#8753=AXIS2_PLACEMENT_3D($,#13120,#10777,#10778);
#8754=AXIS2_PLACEMENT_3D($,#13121,#10779,#10780);
#8755=AXIS2_PLACEMENT_3D($,#13122,#10781,#10782);
#8756=AXIS2_PLACEMENT_3D($,#13131,#10787,#10788);
#8757=AXIS2_PLACEMENT_3D($,#13140,#10793,#10794);
#8758=AXIS2_PLACEMENT_3D($,#13143,#10797,#10798);
#8759=AXIS2_PLACEMENT_3D($,#13153,#10804,#10805);
#8760=AXIS2_PLACEMENT_3D($,#13157,#10808,#10809);
#8761=AXIS2_PLACEMENT_3D($,#13161,#10812,#10813);
#8762=AXIS2_PLACEMENT_3D($,#13165,#10816,#10817);
#8763=AXIS2_PLACEMENT_3D($,#13169,#10820,#10821);
#8764=AXIS2_PLACEMENT_3D($,#13171,#10823,#10824);
#8765=AXIS2_PLACEMENT_3D($,#13172,#10825,#10826);
#8766=AXIS2_PLACEMENT_3D($,#13181,#10831,#10832);
#8767=AXIS2_PLACEMENT_3D($,#13190,#10837,#10838);
#8768=AXIS2_PLACEMENT_3D($,#13193,#10841,#10842);
#8769=AXIS2_PLACEMENT_3D($,#13195,#10844,#10845);
#8770=AXIS2_PLACEMENT_3D($,#13197,#10847,#10848);
#8771=AXIS2_PLACEMENT_3D($,#13198,#10849,#10850);
#8772=AXIS2_PLACEMENT_3D($,#13200,#10851,#10852);
#8773=AXIS2_PLACEMENT_3D($,#13202,#10853,#10854);
#8774=AXIS2_PLACEMENT_3D($,#13203,#10855,#10856);
#8775=AXIS2_PLACEMENT_3D($,#13204,#10857,#10858);
#8776=AXIS2_PLACEMENT_3D($,#13205,#10859,#10860);
#8777=AXIS2_PLACEMENT_3D($,#13214,#10865,#10866);
#8778=AXIS2_PLACEMENT_3D($,#13220,#10870,#10871);
#8779=AXIS2_PLACEMENT_3D($,#13229,#10876,#10877);
#8780=AXIS2_PLACEMENT_3D($,#13235,#10881,#10882);
#8781=AXIS2_PLACEMENT_3D($,#13239,#10885,#10886);
#8782=AXIS2_PLACEMENT_3D($,#13245,#10890,#10891);
#8783=AXIS2_PLACEMENT_3D($,#13257,#10898,#10899);
#8784=AXIS2_PLACEMENT_3D($,#13263,#10903,#10904);
#8785=AXIS2_PLACEMENT_3D($,#13272,#10909,#10910);
#8786=AXIS2_PLACEMENT_3D($,#13277,#10914,#10915);
#8787=AXIS2_PLACEMENT_3D($,#13281,#10918,#10919);
#8788=AXIS2_PLACEMENT_3D($,#13286,#10923,#10924);
#8789=AXIS2_PLACEMENT_3D($,#13288,#10926,#10927);
#8790=AXIS2_PLACEMENT_3D($,#13292,#10930,#10931);
#8791=AXIS2_PLACEMENT_3D($,#13296,#10934,#10935);
#8792=AXIS2_PLACEMENT_3D($,#13300,#10938,#10939);
#8793=AXIS2_PLACEMENT_3D($,#13303,#10942,#10943);
#8794=AXIS2_PLACEMENT_3D($,#13304,#10944,#10945);
#8795=DIRECTION('axis',(0.,0.,1.));
#8796=DIRECTION('refdir',(1.,0.,0.));
#8797=DIRECTION('center_axis',(0.,0.,1.));
#8798=DIRECTION('ref_axis',(-1.,0.,0.));
#8799=DIRECTION($,(-1.,-1.22464679914735E-016,0.));
#8800=DIRECTION($,(-1.22464679914735E-016,1.,0.));
#8801=DIRECTION($,(-1.,-1.22464679914735E-016,0.));
#8802=DIRECTION($,(1.22464679914735E-016,-1.,0.));
#8803=DIRECTION('center_axis',(1.22464679914735E-016,-1.,0.));
#8804=DIRECTION('ref_axis',(1.,0.,0.));
#8805=DIRECTION($,(0.,0.,1.));
#8806=DIRECTION($,(-1.,-1.22464679914735E-016,0.));
#8807=DIRECTION($,(0.,0.,-1.));
#8808=DIRECTION('center_axis',(1.,1.22464679914735E-016,0.));
#8809=DIRECTION('ref_axis',(0.,1.,0.));
#8810=DIRECTION($,(0.,0.,-1.));
#8811=DIRECTION($,(-1.22464679914735E-016,1.,0.));
#8812=DIRECTION('center_axis',(0.,0.,1.));
#8813=DIRECTION('ref_axis',(-1.,0.,0.));
#8814=DIRECTION($,(-1.,-1.22464679914735E-016,0.));
#8815=DIRECTION($,(1.22464679914735E-016,-1.,0.));
#8816=DIRECTION($,(1.,1.22464679914735E-016,0.));
#8817=DIRECTION($,(-1.22464679914735E-016,1.,0.));
#8818=DIRECTION('center_axis',(1.22464679914735E-016,-1.,0.));
#8819=DIRECTION('ref_axis',(1.,0.,0.));
#8820=DIRECTION($,(-1.,-1.22464679914735E-016,0.));
#8821=DIRECTION($,(0.,0.,1.));
#8822=DIRECTION($,(0.,0.,-1.));
#8823=DIRECTION('center_axis',(1.,1.22464679914735E-016,0.));
#8824=DIRECTION('ref_axis',(0.,1.,0.));
#8825=DIRECTION($,(0.,0.,1.));
#8826=DIRECTION($,(1.22464679914735E-016,-1.,0.));
#8827=DIRECTION('center_axis',(-1.,-1.22464679914735E-016,0.));
#8828=DIRECTION('ref_axis',(0.,-1.,0.));
#8829=DIRECTION($,(0.,0.,1.));
#8830=DIRECTION($,(1.22464679914735E-016,-1.,0.));
#8831=DIRECTION('center_axis',(0.,0.,1.));
#8832=DIRECTION('ref_axis',(-1.,0.,0.));
#8833=DIRECTION($,(1.,1.22464679914735E-016,0.));
#8834=DIRECTION('center_axis',(-1.,-1.22464679914735E-016,0.));
#8835=DIRECTION('ref_axis',(0.,-1.,0.));
#8836=DIRECTION($,(0.,0.,-1.));
#8837=DIRECTION($,(-1.22464679914735E-016,1.,0.));
#8838=DIRECTION('center_axis',(0.,0.,1.));
#8839=DIRECTION('ref_axis',(-1.,0.,0.));
#8840=DIRECTION($,(-1.,-1.22464679914735E-016,0.));
#8841=DIRECTION('center_axis',(-1.22464679914735E-016,1.,0.));
#8842=DIRECTION('ref_axis',(0.,0.,-1.));
#8843=DIRECTION('center_axis',(-1.22464679914735E-016,1.,0.));
#8844=DIRECTION('ref_axis',(-1.,0.,0.));
#8845=DIRECTION($,(0.,0.,-1.));
#8846=DIRECTION($,(-1.,-1.22464679914735E-016,0.));
#8847=DIRECTION($,(0.,0.,1.));
#8848=DIRECTION($,(-1.,-1.22464679914735E-016,0.));
#8849=DIRECTION('center_axis',(-1.22464679914735E-016,1.,0.));
#8850=DIRECTION('ref_axis',(-1.,0.,0.));
#8851=DIRECTION($,(0.,0.,-1.));
#8852=DIRECTION($,(-1.,-1.22464679914735E-016,0.));
#8853=DIRECTION($,(0.,0.,1.));
#8854=DIRECTION($,(-1.,-1.22464679914735E-016,0.));
#8855=DIRECTION('center_axis',(0.,0.,1.));
#8856=DIRECTION('ref_axis',(0.,1.,0.));
#8857=DIRECTION($,(1.22464679914735E-016,-1.,0.));
#8858=DIRECTION($,(-1.22464679914735E-016,1.,0.));
#8859=DIRECTION('center_axis',(-1.,-1.22464679914735E-016,0.));
#8860=DIRECTION('ref_axis',(0.,-1.,0.));
#8861=DIRECTION($,(1.22464679914735E-016,-1.,0.));
#8862=DIRECTION('center_axis',(0.,0.,-1.));
#8863=DIRECTION('ref_axis',(0.,-1.,0.));
#8864=DIRECTION($,(1.22464679914735E-016,-1.,0.));
#8865=DIRECTION('center_axis',(1.,1.22464679914735E-016,0.));
#8866=DIRECTION('ref_axis',(0.,1.,0.));
#8867=DIRECTION('center_axis',(-1.,-1.22464679914735E-016,0.));
#8868=DIRECTION('ref_axis',(1.22380414778613E-016,-0.999311922946428,0.0370901692785533));
#8869=DIRECTION('center_axis',(-1.,-1.22464679914735E-016,0.));
#8870=DIRECTION('ref_axis',(1.22380414778613E-016,-0.999311922946428,0.0370901692785533));
#8871=DIRECTION($,(-1.,-1.22464679914735E-016,0.));
#8872=DIRECTION('center_axis',(1.,1.22464679914735E-016,0.));
#8873=DIRECTION('ref_axis',(1.22380414778613E-016,-0.999311922946428,0.0370901692785533));
#8874=DIRECTION($,(-1.,-1.22464679914735E-016,0.));
#8875=DIRECTION('center_axis',(-1.,-1.22464679914735E-016,0.));
#8876=DIRECTION('ref_axis',(0.,0.,-1.));
#8877=DIRECTION($,(-6.12323399573677E-017,0.5,0.866025403784439));
#8878=DIRECTION($,(1.06057523872491E-016,-0.866025403784439,0.5));
#8879=DIRECTION($,(-6.12323399573676E-017,0.5,0.866025403784439));
#8880=DIRECTION($,(0.,0.,1.));
#8881=DIRECTION($,(-1.22464679914735E-016,1.,0.));
#8882=DIRECTION($,(0.,0.,1.));
#8883=DIRECTION('center_axis',(1.06057523872491E-016,-0.866025403784439,
0.5));
#8884=DIRECTION('ref_axis',(0.,0.5,0.866025403784439));
#8885=DIRECTION($,(-6.12323399573677E-017,0.5,0.866025403784439));
#8886=DIRECTION($,(1.,1.22464679914735E-016,0.));
#8887=DIRECTION('center_axis',(-1.06057523872491E-016,0.866025403784439,
-0.5));
#8888=DIRECTION('ref_axis',(0.,-0.5,-0.866025403784439));
#8889=DIRECTION($,(1.,1.22464679914735E-016,0.));
#8890=DIRECTION($,(1.,1.22464679914735E-016,0.));
#8891=DIRECTION($,(6.12323399573676E-017,-0.5,-0.866025403784439));
#8892=DIRECTION('center_axis',(-6.12323399573676E-017,0.5,0.866025403784439));
#8893=DIRECTION('ref_axis',(-1.,0.,0.));
#8894=DIRECTION($,(-1.06057523872491E-016,0.866025403784439,-0.5));
#8895=DIRECTION('center_axis',(-1.22464679914735E-016,1.,0.));
#8896=DIRECTION('ref_axis',(0.,0.,-1.));
#8897=DIRECTION($,(0.,0.,-1.));
#8898=DIRECTION($,(1.,1.22464679914735E-016,0.));
#8899=DIRECTION('center_axis',(0.,0.,-1.));
#8900=DIRECTION('ref_axis',(1.,0.,0.));
#8901=DIRECTION($,(-1.,-1.22464679914735E-016,0.));
#8902=DIRECTION($,(1.22464679914735E-016,-1.,0.));
#8903=DIRECTION('center_axis',(1.22464679914735E-016,-1.,0.));
#8904=DIRECTION('ref_axis',(0.,0.,1.));
#8905=DIRECTION($,(0.,0.,1.));
#8906=DIRECTION('center_axis',(1.,1.22464679914735E-016,0.));
#8907=DIRECTION('ref_axis',(0.,0.,1.));
#8908=DIRECTION('center_axis',(0.,0.,-1.));
#8909=DIRECTION('ref_axis',(1.,0.,0.));
#8910=DIRECTION($,(1.22464679914735E-016,-1.,0.));
#8911=DIRECTION($,(1.,1.22464679914735E-016,0.));
#8912=DIRECTION($,(-1.22464679914735E-016,1.,0.));
#8913=DIRECTION($,(-1.,-1.22464679914735E-016,0.));
#8914=DIRECTION('center_axis',(-1.22464679914735E-016,1.,0.));
#8915=DIRECTION('ref_axis',(0.,0.,-1.));
#8916=DIRECTION($,(0.,0.,1.));
#8917=DIRECTION($,(0.,0.,1.));
#8918=DIRECTION($,(-1.,-1.22464679914735E-016,0.));
#8919=DIRECTION('center_axis',(-1.,-1.22464679914735E-016,0.));
#8920=DIRECTION('ref_axis',(0.,0.,-1.));
#8921=DIRECTION($,(0.,0.,1.));
#8922=DIRECTION($,(1.22464679914735E-016,-1.,0.));
#8923=DIRECTION('center_axis',(1.22464679914735E-016,-1.,0.));
#8924=DIRECTION('ref_axis',(0.,0.,1.));
#8925=DIRECTION($,(0.,0.,1.));
#8926=DIRECTION($,(1.,1.22464679914735E-016,0.));
#8927=DIRECTION('center_axis',(1.,1.22464679914735E-016,0.));
#8928=DIRECTION('ref_axis',(0.,0.,1.));
#8929=DIRECTION($,(-1.22464679914735E-016,1.,0.));
#8930=DIRECTION('center_axis',(0.,0.,-1.));
#8931=DIRECTION('ref_axis',(-1.,-1.22464679914735E-016,0.));
#8932=DIRECTION('center_axis',(0.,0.,1.));
#8933=DIRECTION('ref_axis',(-1.,-1.22464679914735E-016,0.));
#8934=DIRECTION('center_axis',(0.,0.,-1.));
#8935=DIRECTION('ref_axis',(-1.,-1.22464679914735E-016,0.));
#8936=DIRECTION('center_axis',(0.,0.,1.));
#8937=DIRECTION('ref_axis',(1.,0.,0.));
#8938=DIRECTION('center_axis',(0.,0.,-1.));
#8939=DIRECTION('ref_axis',(-1.,0.,0.));
#8940=DIRECTION('center_axis',(0.,0.,-1.));
#8941=DIRECTION('ref_axis',(1.,0.,0.));
#8942=DIRECTION($,(1.22464679914735E-016,-1.,0.));
#8943=DIRECTION($,(1.,1.22464679914735E-016,0.));
#8944=DIRECTION($,(-1.22464679914735E-016,1.,0.));
#8945=DIRECTION($,(-1.,-1.22464679914735E-016,0.));
#8946=DIRECTION('center_axis',(-1.22464679914735E-016,1.,0.));
#8947=DIRECTION('ref_axis',(0.,0.,-1.));
#8948=DIRECTION($,(0.,0.,1.));
#8949=DIRECTION($,(0.,0.,1.));
#8950=DIRECTION($,(-1.,-1.22464679914735E-016,0.));
#8951=DIRECTION('center_axis',(-1.,-1.22464679914735E-016,0.));
#8952=DIRECTION('ref_axis',(0.,0.,-1.));
#8953=DIRECTION($,(0.,0.,1.));
#8954=DIRECTION($,(1.22464679914735E-016,-1.,0.));
#8955=DIRECTION('center_axis',(1.22464679914735E-016,-1.,0.));
#8956=DIRECTION('ref_axis',(0.,0.,1.));
#8957=DIRECTION($,(0.,0.,1.));
#8958=DIRECTION($,(1.,1.22464679914735E-016,0.));
#8959=DIRECTION('center_axis',(1.,1.22464679914735E-016,0.));
#8960=DIRECTION('ref_axis',(0.,0.,1.));
#8961=DIRECTION($,(-1.22464679914735E-016,1.,0.));
#8962=DIRECTION('center_axis',(0.,0.,1.));
#8963=DIRECTION('ref_axis',(-1.,-1.22464679914735E-016,0.));
#8964=DIRECTION('center_axis',(0.,0.,-1.));
#8965=DIRECTION('ref_axis',(-1.,-1.22464679914735E-016,0.));
#8966=DIRECTION('center_axis',(0.,0.,1.));
#8967=DIRECTION('ref_axis',(-1.,-1.22464679914735E-016,0.));
#8968=DIRECTION('center_axis',(0.,0.,-1.));
#8969=DIRECTION('ref_axis',(1.,0.,0.));
#8970=DIRECTION('center_axis',(0.,0.,1.));
#8971=DIRECTION('ref_axis',(-1.,0.,0.));
#8972=DIRECTION('center_axis',(0.,0.,-1.));
#8973=DIRECTION('ref_axis',(1.,0.,0.));
#8974=DIRECTION($,(1.22464679914735E-016,-1.,0.));
#8975=DIRECTION($,(1.,1.22464679914735E-016,0.));
#8976=DIRECTION($,(-1.22464679914735E-016,1.,0.));
#8977=DIRECTION($,(-1.,-1.22464679914735E-016,0.));
#8978=DIRECTION('center_axis',(-1.22464679914735E-016,1.,0.));
#8979=DIRECTION('ref_axis',(0.,0.,-1.));
#8980=DIRECTION($,(0.,0.,1.));
#8981=DIRECTION($,(0.,0.,1.));
#8982=DIRECTION($,(-1.,-1.22464679914735E-016,0.));
#8983=DIRECTION('center_axis',(-1.,-1.22464679914735E-016,0.));
#8984=DIRECTION('ref_axis',(0.,0.,-1.));
#8985=DIRECTION($,(0.,0.,1.));
#8986=DIRECTION($,(1.22464679914735E-016,-1.,0.));
#8987=DIRECTION('center_axis',(1.22464679914735E-016,-1.,0.));
#8988=DIRECTION('ref_axis',(0.,0.,1.));
#8989=DIRECTION($,(0.,0.,1.));
#8990=DIRECTION($,(1.,1.22464679914735E-016,0.));
#8991=DIRECTION('center_axis',(1.,1.22464679914735E-016,0.));
#8992=DIRECTION('ref_axis',(0.,0.,1.));
#8993=DIRECTION($,(-1.22464679914735E-016,1.,0.));
#8994=DIRECTION('center_axis',(0.,0.,1.));
#8995=DIRECTION('ref_axis',(-1.,-1.22464679914735E-016,0.));
#8996=DIRECTION('center_axis',(0.,0.,-1.));
#8997=DIRECTION('ref_axis',(-1.,-1.22464679914735E-016,0.));
#8998=DIRECTION('center_axis',(0.,0.,1.));
#8999=DIRECTION('ref_axis',(-1.,-1.22464679914735E-016,0.));
#9000=DIRECTION('center_axis',(0.,0.,-1.));
#9001=DIRECTION('ref_axis',(1.,0.,0.));
#9002=DIRECTION('center_axis',(0.,0.,1.));
#9003=DIRECTION('ref_axis',(-1.,0.,0.));
#9004=DIRECTION('center_axis',(0.,0.,-1.));
#9005=DIRECTION('ref_axis',(1.,0.,0.));
#9006=DIRECTION($,(1.22464679914735E-016,-1.,0.));
#9007=DIRECTION($,(1.,1.22464679914735E-016,0.));
#9008=DIRECTION($,(-1.22464679914735E-016,1.,0.));
#9009=DIRECTION($,(-1.,-1.22464679914735E-016,0.));
#9010=DIRECTION('center_axis',(-1.22464679914735E-016,1.,0.));
#9011=DIRECTION('ref_axis',(0.,0.,-1.));
#9012=DIRECTION($,(0.,0.,1.));
#9013=DIRECTION($,(0.,0.,1.));
#9014=DIRECTION($,(-1.,-1.22464679914735E-016,0.));
#9015=DIRECTION('center_axis',(-1.,-1.22464679914735E-016,0.));
#9016=DIRECTION('ref_axis',(0.,0.,-1.));
#9017=DIRECTION($,(0.,0.,1.));
#9018=DIRECTION($,(1.22464679914735E-016,-1.,0.));
#9019=DIRECTION('center_axis',(1.22464679914735E-016,-1.,0.));
#9020=DIRECTION('ref_axis',(0.,0.,1.));
#9021=DIRECTION($,(0.,0.,1.));
#9022=DIRECTION($,(1.,1.22464679914735E-016,0.));
#9023=DIRECTION('center_axis',(1.,1.22464679914735E-016,0.));
#9024=DIRECTION('ref_axis',(0.,0.,1.));
#9025=DIRECTION($,(-1.22464679914735E-016,1.,0.));
#9026=DIRECTION('center_axis',(0.,0.,-1.));
#9027=DIRECTION('ref_axis',(-1.,-1.22464679914735E-016,0.));
#9028=DIRECTION('center_axis',(0.,0.,1.));
#9029=DIRECTION('ref_axis',(-1.,-1.22464679914735E-016,0.));
#9030=DIRECTION('center_axis',(0.,0.,-1.));
#9031=DIRECTION('ref_axis',(-1.,-1.22464679914735E-016,0.));
#9032=DIRECTION('center_axis',(0.,0.,1.));
#9033=DIRECTION('ref_axis',(1.,0.,0.));
#9034=DIRECTION('center_axis',(0.,0.,-1.));
#9035=DIRECTION('ref_axis',(-1.,0.,0.));
#9036=DIRECTION('center_axis',(0.,0.,-1.));
#9037=DIRECTION('ref_axis',(1.,0.,0.));
#9038=DIRECTION($,(1.22464679914735E-016,-1.,0.));
#9039=DIRECTION($,(1.,1.22464679914735E-016,0.));
#9040=DIRECTION($,(-1.22464679914735E-016,1.,0.));
#9041=DIRECTION($,(-1.,-1.22464679914735E-016,0.));
#9042=DIRECTION('center_axis',(-1.22464679914735E-016,1.,0.));
#9043=DIRECTION('ref_axis',(0.,0.,-1.));
#9044=DIRECTION($,(0.,0.,1.));
#9045=DIRECTION($,(0.,0.,1.));
#9046=DIRECTION($,(-1.,-1.22464679914735E-016,0.));
#9047=DIRECTION('center_axis',(-1.,-1.22464679914735E-016,0.));
#9048=DIRECTION('ref_axis',(0.,0.,-1.));
#9049=DIRECTION($,(0.,0.,1.));
#9050=DIRECTION($,(1.22464679914735E-016,-1.,0.));
#9051=DIRECTION('center_axis',(1.22464679914735E-016,-1.,0.));
#9052=DIRECTION('ref_axis',(0.,0.,1.));
#9053=DIRECTION($,(0.,0.,1.));
#9054=DIRECTION($,(1.,1.22464679914735E-016,0.));
#9055=DIRECTION('center_axis',(1.,1.22464679914735E-016,0.));
#9056=DIRECTION('ref_axis',(0.,0.,1.));
#9057=DIRECTION($,(-1.22464679914735E-016,1.,0.));
#9058=DIRECTION('center_axis',(0.,0.,1.));
#9059=DIRECTION('ref_axis',(-1.,-1.22464679914735E-016,0.));
#9060=DIRECTION('center_axis',(0.,0.,-1.));
#9061=DIRECTION('ref_axis',(-1.,-1.22464679914735E-016,0.));
#9062=DIRECTION('center_axis',(0.,0.,1.));
#9063=DIRECTION('ref_axis',(-1.,-1.22464679914735E-016,0.));
#9064=DIRECTION('center_axis',(0.,0.,-1.));
#9065=DIRECTION('ref_axis',(1.,0.,0.));
#9066=DIRECTION('center_axis',(0.,0.,1.));
#9067=DIRECTION('ref_axis',(-1.,0.,0.));
#9068=DIRECTION('center_axis',(0.,0.,-1.));
#9069=DIRECTION('ref_axis',(1.,0.,0.));
#9070=DIRECTION($,(1.22464679914735E-016,-1.,0.));
#9071=DIRECTION($,(1.,1.22464679914735E-016,0.));
#9072=DIRECTION($,(-1.22464679914735E-016,1.,0.));
#9073=DIRECTION($,(-1.,-1.22464679914735E-016,0.));
#9074=DIRECTION('center_axis',(-1.22464679914735E-016,1.,0.));
#9075=DIRECTION('ref_axis',(0.,0.,-1.));
#9076=DIRECTION($,(0.,0.,1.));
#9077=DIRECTION($,(0.,0.,1.));
#9078=DIRECTION($,(-1.,-1.22464679914735E-016,0.));
#9079=DIRECTION('center_axis',(-1.,-1.22464679914735E-016,0.));
#9080=DIRECTION('ref_axis',(0.,0.,-1.));
#9081=DIRECTION($,(0.,0.,1.));
#9082=DIRECTION($,(1.22464679914735E-016,-1.,0.));
#9083=DIRECTION('center_axis',(1.22464679914735E-016,-1.,0.));
#9084=DIRECTION('ref_axis',(0.,0.,1.));
#9085=DIRECTION($,(0.,0.,1.));
#9086=DIRECTION($,(1.,1.22464679914735E-016,0.));
#9087=DIRECTION('center_axis',(1.,1.22464679914735E-016,0.));
#9088=DIRECTION('ref_axis',(0.,0.,1.));
#9089=DIRECTION($,(-1.22464679914735E-016,1.,0.));
#9090=DIRECTION('center_axis',(0.,0.,-1.));
#9091=DIRECTION('ref_axis',(-1.,-1.22464679914735E-016,0.));
#9092=DIRECTION('center_axis',(0.,0.,1.));
#9093=DIRECTION('ref_axis',(-1.,-1.22464679914735E-016,0.));
#9094=DIRECTION('center_axis',(0.,0.,-1.));
#9095=DIRECTION('ref_axis',(-1.,-1.22464679914735E-016,0.));
#9096=DIRECTION('center_axis',(0.,0.,1.));
#9097=DIRECTION('ref_axis',(1.,0.,0.));
#9098=DIRECTION('center_axis',(0.,0.,-1.));
#9099=DIRECTION('ref_axis',(-1.,0.,0.));
#9100=DIRECTION('center_axis',(0.,0.,1.));
#9101=DIRECTION('ref_axis',(-1.,0.,0.));
#9102=DIRECTION($,(1.22464679914735E-016,-1.,0.));
#9103=DIRECTION($,(1.,1.22464679914735E-016,0.));
#9104=DIRECTION($,(-1.22464679914735E-016,1.,0.));
#9105=DIRECTION($,(-1.,-1.22464679914735E-016,0.));
#9106=DIRECTION('center_axis',(0.640184399664478,-0.768221279597377,0.));
#9107=DIRECTION('ref_axis',(0.767460698059017,0.639550581715847,0.0444874180155275));
#9108=DIRECTION($,(0.609207699080171,0.507673082566807,0.609207699080174));
#9109=DIRECTION($,(0.,0.,1.));
#9110=DIRECTION($,(-0.731652913019633,-0.609710760849692,0.304855380424843));
#9111=DIRECTION($,(-0.768221279597377,-0.640184399664478,0.));
#9112=DIRECTION($,(0.,0.,1.));
#9113=DIRECTION('center_axis',(1.,1.22464679914735E-016,0.));
#9114=DIRECTION('ref_axis',(0.,1.,0.));
#9115=DIRECTION($,(0.,0.,-1.));
#9116=DIRECTION($,(0.,0.,-1.));
#9117=DIRECTION($,(-1.22464679914735E-016,1.,0.));
#9118=DIRECTION('center_axis',(0.,0.,1.));
#9119=DIRECTION('ref_axis',(-1.,0.,0.));
#9120=DIRECTION($,(-1.22464679914735E-016,1.,0.));
#9121=DIRECTION($,(1.,1.22464679914735E-016,0.));
#9122=DIRECTION('center_axis',(-5.47678698264199E-017,0.447213595499955,
0.894427190999918));
#9123=DIRECTION('ref_axis',(-1.,0.,0.));
#9124=DIRECTION($,(-1.09535739652841E-016,0.894427190999918,-0.447213595499955));
#9125=DIRECTION($,(-1.,-1.22464679914735E-016,0.));
#9126=DIRECTION('center_axis',(1.,1.22464679914735E-016,0.));
#9127=DIRECTION('ref_axis',(0.,1.,0.));
#9128=DIRECTION($,(0.,0.,-1.));
#9129=DIRECTION($,(0.,0.,1.));
#9130=DIRECTION('center_axis',(-1.,-1.22464679914735E-016,0.));
#9131=DIRECTION('ref_axis',(0.,-1.,0.));
#9132=DIRECTION($,(0.,0.,1.));
#9133=DIRECTION($,(1.22464679914735E-016,-1.,0.));
#9134=DIRECTION($,(0.,0.,1.));
#9135=DIRECTION($,(1.22464679914735E-016,-1.,0.));
#9136=DIRECTION('center_axis',(-0.640184399664478,-0.768221279597377,0.));
#9137=DIRECTION('ref_axis',(0.767460698059017,-0.639550581715847,-0.0444874180155275));
#9138=DIRECTION($,(0.609207699080171,-0.507673082566807,-0.609207699080174));
#9139=DIRECTION($,(0.,0.,-1.));
#9140=DIRECTION($,(-0.768221279597377,0.640184399664478,0.));
#9141=DIRECTION($,(-0.731652913019633,0.609710760849691,-0.304855380424843));
#9142=DIRECTION($,(0.,0.,-1.));
#9143=DIRECTION('center_axis',(0.,0.,1.));
#9144=DIRECTION('ref_axis',(-1.,0.,0.));
#9145=DIRECTION($,(1.,1.22464679914735E-016,0.));
#9146=DIRECTION($,(1.,1.22464679914735E-016,0.));
#9147=DIRECTION('center_axis',(-1.22464679914735E-016,1.,0.));
#9148=DIRECTION('ref_axis',(-1.,0.,0.));
#9149=DIRECTION($,(0.,0.,1.));
#9150=DIRECTION($,(1.,1.22464679914735E-016,0.));
#9151=DIRECTION($,(-1.,-1.22464679914735E-016,-5.58876144365332E-017));
#9152=DIRECTION($,(-1.,-1.22464679914735E-016,0.));
#9153=DIRECTION('center_axis',(5.83015942128497E-017,-0.768221279597379,
0.640184399664476));
#9154=DIRECTION('ref_axis',(-1.,0.,0.));
#9155=DIRECTION($,(-1.,-1.22464679914735E-016,-5.58876144365332E-017));
#9156=DIRECTION('center_axis',(-1.22464679914735E-016,1.,0.));
#9157=DIRECTION('ref_axis',(0.,0.,-1.));
#9158=DIRECTION($,(0.,0.,-1.));
#9159=DIRECTION($,(-1.,-1.22464679914735E-016,0.));
#9160=DIRECTION('center_axis',(0.,0.,1.));
#9161=DIRECTION('ref_axis',(-1.,0.,0.));
#9162=DIRECTION($,(1.22464679914735E-016,-1.,0.));
#9163=DIRECTION($,(1.,1.22464679914735E-016,0.));
#9164=DIRECTION('center_axis',(0.,0.,1.));
#9165=DIRECTION('ref_axis',(-1.,0.,0.));
#9166=DIRECTION($,(-1.22464679914735E-016,1.,0.));
#9167=DIRECTION('center_axis',(-5.47678698264199E-017,0.447213595499955,
0.894427190999918));
#9168=DIRECTION('ref_axis',(-1.,0.,0.));
#9169=DIRECTION($,(1.09535739652841E-016,-0.894427190999917,0.447213595499955));
#9170=DIRECTION('center_axis',(-1.,-1.22464679914735E-016,0.));
#9171=DIRECTION('ref_axis',(0.,-1.,0.));
#9172=DIRECTION('center_axis',(0.,0.,1.));
#9173=DIRECTION('ref_axis',(-1.,0.,0.));
#9174=DIRECTION($,(-1.22464679914735E-016,1.,0.));
#9175=DIRECTION($,(-1.,-1.22464679914735E-016,0.));
#9176=DIRECTION($,(1.22464679914735E-016,-1.,0.));
#9177=DIRECTION($,(1.,1.22464679914735E-016,0.));
#9178=DIRECTION('center_axis',(0.,0.,1.));
#9179=DIRECTION('ref_axis',(-1.,0.,0.));
#9180=DIRECTION($,(-1.22464679914735E-016,1.,0.));
#9181=DIRECTION($,(1.,1.22464679914735E-016,0.));
#9182=DIRECTION($,(1.22464679914735E-016,-1.,0.));
#9183=DIRECTION($,(-1.,-1.22464679914735E-016,0.));
#9184=DIRECTION('center_axis',(1.22464679914735E-016,-1.,0.));
#9185=DIRECTION('ref_axis',(0.,0.,1.));
#9186=DIRECTION($,(0.,0.,-1.));
#9187=DIRECTION($,(0.,0.,-1.));
#9188=DIRECTION('center_axis',(-1.,-1.22464679914735E-016,0.));
#9189=DIRECTION('ref_axis',(0.,0.,-1.));
#9190=DIRECTION($,(0.,0.,-1.));
#9191=DIRECTION('center_axis',(-1.22464679914735E-016,1.,0.));
#9192=DIRECTION('ref_axis',(0.,0.,-1.));
#9193=DIRECTION($,(0.,0.,-1.));
#9194=DIRECTION('center_axis',(1.,1.22464679914735E-016,0.));
#9195=DIRECTION('ref_axis',(0.,0.,1.));
#9196=DIRECTION('center_axis',(-1.22464679914735E-016,1.,0.));
#9197=DIRECTION('ref_axis',(-1.,-1.22464679914735E-016,0.));
#9198=DIRECTION('center_axis',(1.,2.55691442869754E-016,0.));
#9199=DIRECTION('ref_axis',(-2.55691442869754E-016,1.,0.));
#9200=DIRECTION('center_axis',(-1.22464679914735E-016,1.,0.));
#9201=DIRECTION('ref_axis',(-1.,-1.22464679914735E-016,0.));
#9202=DIRECTION('center_axis',(-1.,-2.55691442869754E-016,0.));
#9203=DIRECTION('ref_axis',(-2.55691442869754E-016,1.,0.));
#9204=DIRECTION('center_axis',(-1.22464679914735E-016,1.,0.));
#9205=DIRECTION('ref_axis',(-1.,-1.22464679914735E-016,0.));
#9206=DIRECTION('center_axis',(0.707106781186547,0.707106781186548,0.));
#9207=DIRECTION('ref_axis',(-0.707106781186548,0.707106781186547,0.));
#9208=DIRECTION('center_axis',(1.22464679914735E-016,-1.,0.));
#9209=DIRECTION('ref_axis',(-1.,-1.22464679914735E-016,0.));
#9210=DIRECTION('center_axis',(1.22464679914735E-016,-1.,0.));
#9211=DIRECTION('ref_axis',(0.,0.,1.));
#9212=DIRECTION('center_axis',(1.22464679914735E-016,-1.,0.));
#9213=DIRECTION('ref_axis',(-1.,-1.22464679914735E-016,0.));
#9214=DIRECTION('center_axis',(1.22464679914735E-016,-1.,0.));
#9215=DIRECTION('ref_axis',(-1.,-1.22464679914735E-016,0.));
#9216=DIRECTION($,(0.,0.,-1.));
#9217=DIRECTION($,(1.,1.22464679914735E-016,0.));
#9218=DIRECTION($,(0.,0.,-1.));
#9219=DIRECTION($,(1.,1.22464679914735E-016,0.));
#9220=DIRECTION('center_axis',(0.,0.,1.));
#9221=DIRECTION('ref_axis',(-1.,0.,0.));
#9222=DIRECTION($,(-1.22464679914735E-016,1.,0.));
#9223=DIRECTION($,(-1.,-1.22464679914735E-016,0.));
#9224=DIRECTION($,(1.22464679914735E-016,-1.,0.));
#9225=DIRECTION('center_axis',(0.,0.,1.));
#9226=DIRECTION('ref_axis',(-1.,0.,0.));
#9227=DIRECTION($,(-1.22464679914735E-016,1.,0.));
#9228=DIRECTION($,(1.22464679914735E-016,-1.,0.));
#9229=DIRECTION($,(-1.,-1.22464679914735E-016,0.));
#9230=DIRECTION('center_axis',(-1.,-1.22464679914735E-016,0.));
#9231=DIRECTION('ref_axis',(0.,0.,-1.));
#9232=DIRECTION($,(0.,0.,-1.));
#9233=DIRECTION('center_axis',(-1.22464679914735E-016,1.,0.));
#9234=DIRECTION('ref_axis',(0.,0.,-1.));
#9235=DIRECTION($,(0.,0.,-1.));
#9236=DIRECTION('center_axis',(1.,1.22464679914735E-016,0.));
#9237=DIRECTION('ref_axis',(0.,0.,1.));
#9238=DIRECTION('center_axis',(-1.22464679914735E-016,1.,0.));
#9239=DIRECTION('ref_axis',(-1.,-1.22464679914735E-016,0.));
#9240=DIRECTION('center_axis',(-0.707106781186548,0.707106781186547,0.));
#9241=DIRECTION('ref_axis',(-0.707106781186547,-0.707106781186548,0.));
#9242=DIRECTION('center_axis',(-1.,-2.78821089216111E-016,0.));
#9243=DIRECTION('ref_axis',(-2.55691442869754E-016,1.,0.));
#9244=DIRECTION('center_axis',(-0.707106781186547,-0.707106781186548,0.));
#9245=DIRECTION('ref_axis',(-0.707106781186548,0.707106781186547,0.));
#9246=DIRECTION('center_axis',(0.707106781186548,-0.707106781186547,0.));
#9247=DIRECTION('ref_axis',(0.707106781186547,0.707106781186548,0.));
#9248=DIRECTION('center_axis',(-1.22464679914735E-016,1.,0.));
#9249=DIRECTION('ref_axis',(-1.,-1.22464679914735E-016,0.));
#9250=DIRECTION('center_axis',(-1.,-1.22464679914735E-016,0.));
#9251=DIRECTION('ref_axis',(0.,-1.,0.));
#9252=DIRECTION($,(0.,0.,-1.));
#9253=DIRECTION($,(1.22464679914735E-016,-1.,0.));
#9254=DIRECTION($,(1.09535739652841E-016,-0.894427190999917,0.447213595499955));
#9255=DIRECTION($,(0.,0.,1.));
#9256=DIRECTION($,(-1.22464679914735E-016,1.,0.));
#9257=DIRECTION('center_axis',(1.,1.22464679914735E-016,0.));
#9258=DIRECTION('ref_axis',(0.,1.,0.));
#9259=DIRECTION($,(-1.22464679914735E-016,1.,0.));
#9260=DIRECTION($,(0.,0.,1.));
#9261=DIRECTION($,(1.22464679914735E-016,-1.,0.));
#9262=DIRECTION($,(0.,0.,-1.));
#9263=DIRECTION($,(-1.09535739652841E-016,0.894427190999918,-0.447213595499955));
#9264=DIRECTION('center_axis',(0.,0.,1.));
#9265=DIRECTION('ref_axis',(-1.,0.,0.));
#9266=DIRECTION($,(-1.,-1.22464679914735E-016,0.));
#9267=DIRECTION($,(1.,1.22464679914735E-016,0.));
#9268=DIRECTION('center_axis',(-1.22464679914735E-016,1.,0.));
#9269=DIRECTION('ref_axis',(0.,0.,-1.));
#9270=DIRECTION($,(-1.,-1.22464679914735E-016,0.));
#9271=DIRECTION('center_axis',(-1.22464679914735E-016,1.,0.));
#9272=DIRECTION('ref_axis',(-1.,0.,0.));
#9273=DIRECTION($,(-1.,-1.22464679914735E-016,0.));
#9274=DIRECTION('center_axis',(-5.47678698264199E-017,0.447213595499955,
0.894427190999918));
#9275=DIRECTION('ref_axis',(-1.,0.,0.));
#9276=DIRECTION($,(1.,1.22464679914735E-016,0.));
#9277=DIRECTION('center_axis',(0.,0.,1.));
#9278=DIRECTION('ref_axis',(-1.,0.,0.));
#9279=DIRECTION('center_axis',(-1.22464679914735E-016,1.,0.));
#9280=DIRECTION('ref_axis',(0.,0.,1.));
#9281=DIRECTION($,(0.,0.,1.));
#9282=DIRECTION($,(1.,1.22464679914735E-016,0.));
#9283=DIRECTION($,(0.,0.,-1.));
#9284=DIRECTION($,(-1.,-1.22464679914735E-016,0.));
#9285=DIRECTION('center_axis',(1.22464679914735E-016,-1.,0.));
#9286=DIRECTION('ref_axis',(0.,0.,-1.));
#9287=DIRECTION($,(0.,0.,1.));
#9288=DIRECTION($,(-1.,-1.22464679914735E-016,0.));
#9289=DIRECTION($,(0.,0.,-1.));
#9290=DIRECTION($,(1.,1.22464679914735E-016,0.));
#9291=DIRECTION('center_axis',(-1.,-1.22464679914735E-016,0.));
#9292=DIRECTION('ref_axis',(0.,-1.,0.));
#9293=DIRECTION($,(1.22464679914735E-016,-1.,0.));
#9294=DIRECTION($,(0.,0.,-1.));
#9295=DIRECTION($,(1.22464679914735E-016,-1.,0.));
#9296=DIRECTION($,(0.,0.,-1.));
#9297=DIRECTION($,(1.22464679914735E-016,-1.,0.));
#9298=DIRECTION($,(0.,0.,-1.));
#9299=DIRECTION($,(-1.22464679914735E-016,1.,0.));
#9300=DIRECTION('center_axis',(1.,1.22464679914735E-016,0.));
#9301=DIRECTION('ref_axis',(0.,1.,0.));
#9302=DIRECTION($,(1.22464679914735E-016,-1.,0.));
#9303=DIRECTION($,(0.,0.,1.));
#9304=DIRECTION($,(1.22464679914735E-016,-1.,0.));
#9305=DIRECTION($,(0.,0.,1.));
#9306=DIRECTION($,(-1.22464679914735E-016,1.,0.));
#9307=DIRECTION($,(0.,0.,1.));
#9308=DIRECTION($,(-1.22464679914735E-016,1.,0.));
#9309=DIRECTION('center_axis',(1.,1.22464679914735E-016,0.));
#9310=DIRECTION('ref_axis',(0.,1.,0.));
#9311=DIRECTION($,(-1.22464679914735E-016,1.,0.));
#9312=DIRECTION($,(0.,0.,-1.));
#9313=DIRECTION($,(-1.22464679914735E-016,1.,0.));
#9314=DIRECTION($,(0.,0.,-1.));
#9315=DIRECTION($,(1.22464679914735E-016,-1.,0.));
#9316=DIRECTION($,(0.,0.,-1.));
#9317=DIRECTION($,(1.22464679914735E-016,-1.,0.));
#9318=DIRECTION('center_axis',(-1.22464679914735E-016,1.,0.));
#9319=DIRECTION('ref_axis',(0.,0.,1.));
#9320=DIRECTION($,(0.,0.,1.));
#9321=DIRECTION($,(1.,1.22464679914735E-016,0.));
#9322=DIRECTION($,(0.,0.,-1.));
#9323=DIRECTION($,(-1.,-1.22464679914735E-016,0.));
#9324=DIRECTION('center_axis',(1.22464679914735E-016,-1.,0.));
#9325=DIRECTION('ref_axis',(0.,0.,-1.));
#9326=DIRECTION($,(0.,0.,1.));
#9327=DIRECTION($,(-1.,-1.22464679914735E-016,0.));
#9328=DIRECTION($,(0.,0.,-1.));
#9329=DIRECTION($,(1.,1.22464679914735E-016,0.));
#9330=DIRECTION('center_axis',(-1.,-1.22464679914735E-016,0.));
#9331=DIRECTION('ref_axis',(0.,-1.,0.));
#9332=DIRECTION($,(1.22464679914735E-016,-1.,0.));
#9333=DIRECTION($,(0.,0.,-1.));
#9334=DIRECTION($,(1.22464679914735E-016,-1.,0.));
#9335=DIRECTION($,(0.,0.,-1.));
#9336=DIRECTION($,(1.22464679914735E-016,-1.,0.));
#9337=DIRECTION($,(0.,0.,-1.));
#9338=DIRECTION($,(-1.22464679914735E-016,1.,0.));
#9339=DIRECTION('center_axis',(1.,1.22464679914735E-016,0.));
#9340=DIRECTION('ref_axis',(0.,1.,0.));
#9341=DIRECTION($,(1.22464679914735E-016,-1.,0.));
#9342=DIRECTION($,(0.,0.,1.));
#9343=DIRECTION($,(1.22464679914735E-016,-1.,0.));
#9344=DIRECTION($,(0.,0.,1.));
#9345=DIRECTION($,(-1.22464679914735E-016,1.,0.));
#9346=DIRECTION($,(0.,0.,1.));
#9347=DIRECTION($,(-1.22464679914735E-016,1.,0.));
#9348=DIRECTION('center_axis',(-1.22464679914735E-016,1.,0.));
#9349=DIRECTION('ref_axis',(0.,0.,-1.));
#9350=DIRECTION($,(-1.,-1.22464679914735E-016,0.));
#9351=DIRECTION($,(-1.,-1.22464679914735E-016,0.));
#9352=DIRECTION($,(0.,0.,1.));
#9353=DIRECTION('center_axis',(1.22464679914735E-016,-1.,0.));
#9354=DIRECTION('ref_axis',(0.,0.,1.));
#9355=DIRECTION($,(1.,1.22464679914735E-016,0.));
#9356=DIRECTION($,(0.,0.,-1.));
#9357=DIRECTION($,(1.,1.22464679914735E-016,0.));
#9358=DIRECTION('center_axis',(0.,0.,1.));
#9359=DIRECTION('ref_axis',(-1.,0.,0.));
#9360=DIRECTION($,(1.22464679914735E-016,-1.,0.));
#9361=DIRECTION($,(-1.,-1.22464679914735E-016,0.));
#9362=DIRECTION('center_axis',(0.,0.,1.));
#9363=DIRECTION('ref_axis',(-1.,0.,0.));
#9364=DIRECTION($,(1.,1.22464679914735E-016,0.));
#9365=DIRECTION($,(1.22464679914735E-016,-1.,0.));
#9366=DIRECTION('center_axis',(-1.22464679914735E-016,1.,0.));
#9367=DIRECTION('ref_axis',(0.,0.,-1.));
#9368=DIRECTION($,(-1.,-1.22464679914735E-016,0.));
#9369=DIRECTION($,(0.,0.,-1.));
#9370=DIRECTION($,(-1.,-1.22464679914735E-016,0.));
#9371=DIRECTION($,(0.,0.,1.));
#9372=DIRECTION('center_axis',(1.22464679914735E-016,-1.,0.));
#9373=DIRECTION('ref_axis',(0.,0.,1.));
#9374=DIRECTION($,(1.,1.22464679914735E-016,0.));
#9375=DIRECTION($,(1.,1.22464679914735E-016,0.));
#9376=DIRECTION('center_axis',(0.,0.,1.));
#9377=DIRECTION('ref_axis',(-1.,0.,0.));
#9378=DIRECTION($,(1.22464679914735E-016,-1.,0.));
#9379=DIRECTION($,(-1.,-1.22464679914735E-016,0.));
#9380=DIRECTION($,(-1.22464679914735E-016,1.,0.));
#9381=DIRECTION('center_axis',(0.,0.,1.));
#9382=DIRECTION('ref_axis',(-1.,0.,0.));
#9383=DIRECTION($,(1.,1.22464679914735E-016,0.));
#9384=DIRECTION('center_axis',(-1.,-1.22464679914735E-016,0.));
#9385=DIRECTION('ref_axis',(0.,0.,-1.));
#9386=DIRECTION($,(0.,0.,1.));
#9387=DIRECTION($,(1.22464679914735E-016,-1.,0.));
#9388=DIRECTION($,(0.,0.,-1.));
#9389=DIRECTION($,(1.22464679914735E-016,-1.,0.));
#9390=DIRECTION($,(0.,0.,1.));
#9391=DIRECTION($,(1.22464679914735E-016,-1.,0.));
#9392=DIRECTION($,(0.,0.,1.));
#9393=DIRECTION($,(-1.22464679914735E-016,1.,0.));
#9394=DIRECTION('center_axis',(-1.,-1.22464679914735E-016,0.));
#9395=DIRECTION('ref_axis',(0.,-1.,0.));
#9396=DIRECTION($,(-1.22464679914735E-016,1.,0.));
#9397=DIRECTION($,(0.,0.,1.));
#9398=DIRECTION($,(1.22464679914735E-016,-1.,0.));
#9399=DIRECTION($,(0.,0.,1.));
#9400=DIRECTION($,(1.22464679914735E-016,-1.,0.));
#9401=DIRECTION('center_axis',(1.22464679914735E-016,-1.,0.));
#9402=DIRECTION('ref_axis',(-1.,0.,0.));
#9403=DIRECTION($,(1.,1.22464679914735E-016,0.));
#9404=DIRECTION($,(0.,0.,1.));
#9405=DIRECTION($,(-1.,-1.22464679914735E-016,0.));
#9406=DIRECTION($,(0.,0.,-1.));
#9407=DIRECTION('center_axis',(-1.22464679914735E-016,1.,0.));
#9408=DIRECTION('ref_axis',(1.,0.,0.));
#9409=DIRECTION($,(1.,1.22464679914735E-016,0.));
#9410=DIRECTION($,(1.,1.22464679914735E-016,0.));
#9411=DIRECTION($,(0.,0.,1.));
#9412=DIRECTION('center_axis',(1.22464679914735E-016,-1.,0.));
#9413=DIRECTION('ref_axis',(1.,0.,0.));
#9414=DIRECTION($,(-1.,-1.22464679914735E-016,0.));
#9415=DIRECTION($,(0.,0.,-1.));
#9416=DIRECTION($,(-1.,-1.22464679914735E-016,0.));
#9417=DIRECTION('center_axis',(-1.22464679914735E-016,1.,0.));
#9418=DIRECTION('ref_axis',(-1.,0.,0.));
#9419=DIRECTION($,(-1.,-1.22464679914735E-016,0.));
#9420=DIRECTION($,(-1.,-1.22464679914735E-016,0.));
#9421=DIRECTION('center_axis',(1.22464679914735E-016,-1.,0.));
#9422=DIRECTION('ref_axis',(-1.,0.,0.));
#9423=DIRECTION($,(1.,1.22464679914735E-016,0.));
#9424=DIRECTION($,(1.,1.22464679914735E-016,0.));
#9425=DIRECTION('center_axis',(-1.22464679914735E-016,1.,0.));
#9426=DIRECTION('ref_axis',(1.,0.,0.));
#9427=DIRECTION($,(1.,1.22464679914735E-016,0.));
#9428=DIRECTION($,(1.,1.22464679914735E-016,0.));
#9429=DIRECTION('center_axis',(1.,1.22464679914735E-016,0.));
#9430=DIRECTION('ref_axis',(0.,1.,0.));
#9431=DIRECTION($,(-1.22464679914735E-016,1.,0.));
#9432=DIRECTION($,(0.,0.,-1.));
#9433=DIRECTION($,(1.22464679914735E-016,-1.,0.));
#9434=DIRECTION($,(1.22464679914735E-016,-1.,0.));
#9435=DIRECTION('center_axis',(0.,0.,-1.));
#9436=DIRECTION('ref_axis',(0.,-1.,0.));
#9437=DIRECTION($,(-1.,-1.22464679914735E-016,0.));
#9438=DIRECTION($,(1.22464679914735E-016,-1.,0.));
#9439=DIRECTION($,(-1.22464679914735E-016,1.,0.));
#9440=DIRECTION($,(1.,1.22464679914735E-016,0.));
#9441=DIRECTION($,(1.,1.22464679914735E-016,0.));
#9442=DIRECTION($,(-1.,-1.22464679914735E-016,0.));
#9443=DIRECTION('center_axis',(0.,0.,-1.));
#9444=DIRECTION('ref_axis',(1.,0.,0.));
#9445=DIRECTION($,(1.22464679914735E-016,-1.,0.));
#9446=DIRECTION($,(1.,1.22464679914735E-016,0.));
#9447=DIRECTION($,(-1.,-1.22464679914735E-016,0.));
#9448=DIRECTION('center_axis',(0.,0.,1.));
#9449=DIRECTION('ref_axis',(0.,1.,0.));
#9450=DIRECTION($,(-1.22464679914735E-016,1.,0.));
#9451=DIRECTION($,(-1.22464679914735E-016,1.,0.));
#9452=DIRECTION('center_axis',(-1.22464679914735E-016,1.,0.));
#9453=DIRECTION('ref_axis',(0.,0.,-1.));
#9454=DIRECTION($,(0.,0.,1.));
#9455=DIRECTION($,(-1.,-1.22464679914735E-016,0.));
#9456=DIRECTION($,(0.,0.,1.));
#9457=DIRECTION('center_axis',(1.,1.22464679914735E-016,0.));
#9458=DIRECTION('ref_axis',(0.,0.,1.));
#9459=DIRECTION($,(0.,0.,1.));
#9460=DIRECTION($,(-1.22464679914735E-016,1.,0.));
#9461=DIRECTION($,(0.,0.,1.));
#9462=DIRECTION($,(-1.22464679914735E-016,1.,0.));
#9463=DIRECTION($,(0.,0.,-1.));
#9464=DIRECTION($,(-1.22464679914735E-016,1.,0.));
#9465=DIRECTION('center_axis',(1.22464679914735E-016,-1.,0.));
#9466=DIRECTION('ref_axis',(0.,0.,1.));
#9467=DIRECTION($,(1.,1.22464679914735E-016,0.));
#9468=DIRECTION('center_axis',(0.,0.,1.));
#9469=DIRECTION('ref_axis',(-1.,0.,0.));
#9470=DIRECTION($,(-1.,-1.22464679914735E-016,0.));
#9471=DIRECTION($,(1.22464679914735E-016,-1.,0.));
#9472=DIRECTION('center_axis',(0.,0.,1.));
#9473=DIRECTION('ref_axis',(-1.,0.,0.));
#9474=DIRECTION($,(1.,1.22464679914735E-016,0.));
#9475=DIRECTION('center_axis',(-1.,-1.22464679914735E-016,0.));
#9476=DIRECTION('ref_axis',(0.,-1.,0.));
#9477=DIRECTION($,(0.,0.,1.));
#9478=DIRECTION($,(1.22464679914735E-016,-1.,0.));
#9479=DIRECTION('center_axis',(-1.22464679914735E-016,1.,0.));
#9480=DIRECTION('ref_axis',(0.,0.,-1.));
#9481=DIRECTION($,(-1.,-1.22464679914735E-016,0.));
#9482=DIRECTION('center_axis',(1.22464679914735E-016,-1.,0.));
#9483=DIRECTION('ref_axis',(0.,0.,1.));
#9484=DIRECTION($,(1.,1.22464679914735E-016,0.));
#9485=DIRECTION('center_axis',(0.,0.,-1.));
#9486=DIRECTION('ref_axis',(0.,-1.,0.));
#9487=DIRECTION('center_axis',(-0.640184399664478,0.768221279597377,-2.73691106313441E-048));
#9488=DIRECTION('ref_axis',(0.768216856440647,0.640180713700536,-0.00339341808830041));
#9489=DIRECTION($,(-0.00260689598600297,-0.00217241332166915,-0.999994242340264));
#9490=DIRECTION($,(-0.768216856440647,-0.640180713700537,0.00339341808830037));
#9491=DIRECTION($,(0.00260689598600297,0.00217241332166915,0.999994242340264));
#9492=DIRECTION($,(0.768216856440647,0.640180713700537,-0.00339341808830037));
#9493=DIRECTION('center_axis',(-0.640184399664478,0.768221279597377,-2.73691106313441E-048));
#9494=DIRECTION('ref_axis',(0.768216856440647,0.640180713700536,-0.00339341808830041));
#9495=DIRECTION($,(0.00260689598600297,0.00217241332166915,0.999994242340264));
#9496=DIRECTION($,(-0.768216856440647,-0.640180713700537,0.00339341808830037));
#9497=DIRECTION($,(-0.00260689598600297,-0.00217241332166915,-0.999994242340264));
#9498=DIRECTION($,(0.768216856440647,0.640180713700537,-0.00339341808830037));
#9499=DIRECTION('center_axis',(-0.00260689598600297,-0.00217241332166915,
-0.999994242340264));
#9500=DIRECTION('ref_axis',(-0.640184399664479,0.768221279597377,0.));
#9501=DIRECTION($,(0.640184399664478,-0.768221279597377,2.73691106313441E-048));
#9502=DIRECTION($,(0.640184399664478,-0.768221279597377,2.73691106313441E-048));
#9503=DIRECTION('center_axis',(0.768216856440647,0.640180713700537,-0.00339341808830038));
#9504=DIRECTION('ref_axis',(0.640184399664479,-0.768221279597377,0.));
#9505=DIRECTION($,(0.640184399664478,-0.768221279597377,2.73691106313441E-048));
#9506=DIRECTION('center_axis',(0.00260689598600297,0.00217241332166915,
0.999994242340264));
#9507=DIRECTION('ref_axis',(0.640184399664479,-0.768221279597377,0.));
#9508=DIRECTION($,(0.640184399664478,-0.768221279597377,2.73691106313441E-048));
#9509=DIRECTION('center_axis',(-0.768216856440647,-0.640180713700537,0.00339341808830038));
#9510=DIRECTION('ref_axis',(-0.640184399664479,0.768221279597377,0.));
#9511=DIRECTION('center_axis',(-0.768216856440647,0.640180713700536,0.00339341808830037));
#9512=DIRECTION('ref_axis',(0.640184399664478,0.768221279597377,0.));
#9513=DIRECTION($,(-0.640184399664478,-0.768221279597377,2.73691106313441E-048));
#9514=DIRECTION($,(0.00260689598600299,-0.00217241332166913,0.999994242340264));
#9515=DIRECTION($,(-0.640184399664478,-0.768221279597377,2.73691106313441E-048));
#9516=DIRECTION($,(-0.00260689598600299,0.00217241332166913,-0.999994242340264));
#9517=DIRECTION('center_axis',(0.00260689598600299,-0.00217241332166913,
0.999994242340264));
#9518=DIRECTION('ref_axis',(-0.640184399664478,-0.768221279597377,0.));
#9519=DIRECTION($,(0.768216856440647,-0.640180713700536,-0.00339341808830037));
#9520=DIRECTION($,(-0.640184399664478,-0.768221279597377,2.73691106313441E-048));
#9521=DIRECTION($,(-0.768216856440647,0.640180713700536,0.00339341808830037));
#9522=DIRECTION('center_axis',(0.768216856440647,-0.640180713700536,-0.00339341808830037));
#9523=DIRECTION('ref_axis',(-0.640184399664478,-0.768221279597377,0.));
#9524=DIRECTION($,(-0.00260689598600299,0.00217241332166913,-0.999994242340264));
#9525=DIRECTION($,(-0.640184399664478,-0.768221279597377,2.73691106313441E-048));
#9526=DIRECTION($,(0.00260689598600299,-0.00217241332166913,0.999994242340264));
#9527=DIRECTION('center_axis',(-0.00260689598600299,0.00217241332166913,
-0.999994242340264));
#9528=DIRECTION('ref_axis',(0.640184399664478,0.768221279597377,0.));
#9529=DIRECTION($,(-0.768216856440647,0.640180713700536,0.00339341808830037));
#9530=DIRECTION($,(0.768216856440647,-0.640180713700536,-0.00339341808830037));
#9531=DIRECTION('center_axis',(0.640184399664478,0.768221279597377,-2.73691106313441E-048));
#9532=DIRECTION('ref_axis',(0.768216856440648,-0.640180713700536,-0.0033934180883004));
#9533=DIRECTION('center_axis',(0.640184399664478,0.768221279597377,-2.73691106313441E-048));
#9534=DIRECTION('ref_axis',(0.768216856440648,-0.640180713700536,-0.0033934180883004));
#9535=DIRECTION('center_axis',(0.640184399664478,0.768221279597377,-2.73691106313441E-048));
#9536=DIRECTION('ref_axis',(0.,0.,1.));
#9537=DIRECTION('center_axis',(0.640184399664478,0.768221279597377,-2.73691106313441E-048));
#9538=DIRECTION('ref_axis',(-0.768221279597377,0.640184399664478,-2.67162007654636E-032));
#9539=DIRECTION('center_axis',(0.640184399664478,0.768221279597377,-2.73691106313441E-048));
#9540=DIRECTION('ref_axis',(0.,0.,1.));
#9541=DIRECTION('center_axis',(-0.640184399664478,-0.768221279597377,2.73691106313441E-048));
#9542=DIRECTION('ref_axis',(-0.768221279597377,0.640184399664478,-2.67162007654636E-032));
#9543=DIRECTION('center_axis',(0.640184399664478,0.768221279597377,-2.73691106313441E-048));
#9544=DIRECTION('ref_axis',(-0.768221279597377,0.640184399664478,-2.67162007654636E-032));
#9545=DIRECTION('center_axis',(0.768221279597377,-0.640184399664478,4.46260999378676E-033));
#9546=DIRECTION('ref_axis',(-0.640184399664478,-0.768221279597377,0.));
#9547=DIRECTION($,(0.640184399664478,0.768221279597377,-2.73691106313441E-048));
#9548=DIRECTION($,(-3.42827195977091E-033,2.85689329980908E-033,1.));
#9549=DIRECTION($,(0.640184399664478,0.768221279597377,-2.73691106313441E-048));
#9550=DIRECTION($,(3.42827195977091E-033,-2.85689329980908E-033,-1.));
#9551=DIRECTION('center_axis',(-3.42827195977091E-033,2.85689329980908E-033,
1.));
#9552=DIRECTION('ref_axis',(0.640184399664478,0.768221279597377,0.));
#9553=DIRECTION($,(-0.768221279597377,0.640184399664478,-4.46260999378676E-033));
#9554=DIRECTION($,(0.640184399664478,0.768221279597377,-2.73691106313441E-048));
#9555=DIRECTION($,(0.768221279597377,-0.640184399664478,4.46260999378676E-033));
#9556=DIRECTION('center_axis',(-0.768221279597377,0.640184399664478,-4.46260999378676E-033));
#9557=DIRECTION('ref_axis',(0.640184399664478,0.768221279597377,0.));
#9558=DIRECTION($,(3.42827195977091E-033,-2.85689329980908E-033,-1.));
#9559=DIRECTION($,(0.640184399664478,0.768221279597377,-2.73691106313441E-048));
#9560=DIRECTION($,(-3.42827195977091E-033,2.85689329980908E-033,1.));
#9561=DIRECTION('center_axis',(3.42827195977091E-033,-2.85689329980908E-033,
-1.));
#9562=DIRECTION('ref_axis',(-0.640184399664478,-0.768221279597377,0.));
#9563=DIRECTION($,(0.768221279597377,-0.640184399664478,4.46260999378676E-033));
#9564=DIRECTION($,(-0.768221279597377,0.640184399664478,-4.46260999378676E-033));
#9565=DIRECTION('center_axis',(0.640184399664478,0.768221279597377,-2.73691106313441E-048));
#9566=DIRECTION('ref_axis',(0.,0.,1.));
#9567=DIRECTION('center_axis',(0.640184399664478,0.768221279597377,-2.73691106313441E-048));
#9568=DIRECTION('ref_axis',(0.,0.,1.));
#9569=DIRECTION('center_axis',(0.640184399664478,0.768221279597377,-2.73691106313441E-048));
#9570=DIRECTION('ref_axis',(0.,0.,1.));
#9571=DIRECTION('center_axis',(-0.640184399664478,-0.768221279597377,2.73691106313441E-048));
#9572=DIRECTION('ref_axis',(-0.768221279597377,0.640184399664478,-2.67162007654636E-032));
#9573=DIRECTION('center_axis',(0.640184399664478,0.768221279597377,-2.73691106313441E-048));
#9574=DIRECTION('ref_axis',(-0.768221279597377,0.640184399664478,-2.67162007654636E-032));
#9575=DIRECTION('center_axis',(0.640184399664478,0.768221279597377,-2.73691106313441E-048));
#9576=DIRECTION('ref_axis',(-0.768221279597377,0.640184399664478,-2.67162007654636E-032));
#9577=DIRECTION('center_axis',(0.640184399664478,0.768221279597377,-2.73691106313441E-048));
#9578=DIRECTION('ref_axis',(0.,0.,1.));
#9579=DIRECTION('center_axis',(0.768221279597377,-0.640184399664478,2.67162007654636E-032));
#9580=DIRECTION('ref_axis',(0.640184399664478,0.768221279597377,0.));
#9581=DIRECTION($,(-0.640184399664478,-0.768221279597377,2.73691106313441E-048));
#9582=DIRECTION($,(2.05239539380249E-032,-1.7103294948354E-032,-1.));
#9583=DIRECTION($,(-0.640184399664478,-0.768221279597377,2.73691106313441E-048));
#9584=DIRECTION($,(2.05239539380249E-032,-1.7103294948354E-032,-1.));
#9585=DIRECTION('center_axis',(2.05239539380249E-032,-1.7103294948354E-032,
-1.));
#9586=DIRECTION('ref_axis',(-0.640184399664478,-0.768221279597377,0.));
#9587=DIRECTION($,(-0.768221279597377,0.640184399664478,-2.67162007654636E-032));
#9588=DIRECTION($,(-0.640184399664478,-0.768221279597377,2.73691106313441E-048));
#9589=DIRECTION($,(-0.768221279597377,0.640184399664478,-2.67162007654636E-032));
#9590=DIRECTION('center_axis',(-0.768221279597377,0.640184399664478,-2.67162007654636E-032));
#9591=DIRECTION('ref_axis',(-0.640184399664478,-0.768221279597377,0.));
#9592=DIRECTION($,(-2.05239539380249E-032,1.7103294948354E-032,1.));
#9593=DIRECTION($,(-0.640184399664478,-0.768221279597377,2.73691106313441E-048));
#9594=DIRECTION($,(-2.05239539380249E-032,1.7103294948354E-032,1.));
#9595=DIRECTION('center_axis',(-2.05239539380249E-032,1.7103294948354E-032,
1.));
#9596=DIRECTION('ref_axis',(0.640184399664478,0.768221279597377,0.));
#9597=DIRECTION($,(0.768221279597377,-0.640184399664478,2.67162007654636E-032));
#9598=DIRECTION($,(0.768221279597377,-0.640184399664478,2.67162007654636E-032));
#9599=DIRECTION('center_axis',(0.640184399664478,0.768221279597377,-2.73691106313441E-048));
#9600=DIRECTION('ref_axis',(0.,0.,1.));
#9601=DIRECTION('center_axis',(0.640184399664478,0.768221279597377,-2.73691106313441E-048));
#9602=DIRECTION('ref_axis',(0.,0.,1.));
#9603=DIRECTION('center_axis',(0.640184399664478,0.768221279597377,-2.73691106313441E-048));
#9604=DIRECTION('ref_axis',(0.,0.,1.));
#9605=DIRECTION('center_axis',(-0.640184399664478,-0.768221279597377,2.73691106313441E-048));
#9606=DIRECTION('ref_axis',(-0.768221279597377,0.640184399664478,-2.67162007654636E-032));
#9607=DIRECTION('center_axis',(0.640184399664478,0.768221279597377,-2.73691106313441E-048));
#9608=DIRECTION('ref_axis',(-0.768221279597377,0.640184399664478,-2.67162007654636E-032));
#9609=DIRECTION('center_axis',(0.640184399664478,0.768221279597377,-2.73691106313441E-048));
#9610=DIRECTION('ref_axis',(-0.768221279597377,0.640184399664478,-2.67162007654636E-032));
#9611=DIRECTION('center_axis',(0.640184399664478,0.768221279597377,-2.73691106313441E-048));
#9612=DIRECTION('ref_axis',(-0.768221279597377,0.640184399664478,0.));
#9613=DIRECTION('center_axis',(0.640184399664478,0.768221279597377,-2.73691106313441E-048));
#9614=DIRECTION('ref_axis',(0.,0.,1.));
#9615=DIRECTION($,(0.768221279597377,-0.640184399664478,4.89697915371405E-032));
#9616=DIRECTION($,(-3.76196359162789E-032,3.13496965968989E-032,1.));
#9617=DIRECTION($,(-0.768221279597377,0.640184399664478,-4.89697915371405E-032));
#9618=DIRECTION($,(3.76196359162789E-032,-3.13496965968989E-032,-1.));
#9619=DIRECTION('center_axis',(0.640184399664478,0.768221279597377,-2.73691106313441E-048));
#9620=DIRECTION('ref_axis',(-0.768221279597377,0.640184399664478,0.));
#9621=DIRECTION($,(-3.76196359162789E-032,3.13496965968989E-032,1.));
#9622=DIRECTION($,(0.768221279597377,-0.640184399664478,4.89697915371405E-032));
#9623=DIRECTION($,(3.76196359162789E-032,-3.13496965968989E-032,-1.));
#9624=DIRECTION($,(-0.768221279597377,0.640184399664478,-4.89697915371405E-032));
#9625=DIRECTION('center_axis',(-3.76196359162789E-032,3.13496965968989E-032,
1.));
#9626=DIRECTION('ref_axis',(0.640184399664478,0.768221279597377,0.));
#9627=DIRECTION($,(-0.640184399664478,-0.768221279597377,2.73691106313441E-048));
#9628=DIRECTION($,(-0.640184399664478,-0.768221279597377,2.73691106313441E-048));
#9629=DIRECTION('center_axis',(-0.768221279597377,0.640184399664478,-4.89697915371405E-032));
#9630=DIRECTION('ref_axis',(-0.640184399664478,-0.768221279597377,0.));
#9631=DIRECTION($,(-0.640184399664478,-0.768221279597377,2.73691106313441E-048));
#9632=DIRECTION('center_axis',(3.76196359162789E-032,-3.13496965968989E-032,
-1.));
#9633=DIRECTION('ref_axis',(-0.640184399664478,-0.768221279597377,0.));
#9634=DIRECTION($,(-0.640184399664478,-0.768221279597377,2.73691106313441E-048));
#9635=DIRECTION('center_axis',(0.768221279597377,-0.640184399664478,4.89697915371405E-032));
#9636=DIRECTION('ref_axis',(0.640184399664478,0.768221279597377,0.));
#9637=DIRECTION('center_axis',(0.640184399664478,0.768221279597377,-2.73691106313441E-048));
#9638=DIRECTION('ref_axis',(0.,0.,1.));
#9639=DIRECTION($,(0.768221279597377,-0.640184399664478,4.89697915371405E-032));
#9640=DIRECTION($,(-3.76196359162789E-032,3.13496965968989E-032,1.));
#9641=DIRECTION($,(-0.768221279597377,0.640184399664478,-4.89697915371405E-032));
#9642=DIRECTION($,(3.76196359162789E-032,-3.13496965968989E-032,-1.));
#9643=DIRECTION('center_axis',(0.640184399664478,0.768221279597377,-2.73691106313441E-048));
#9644=DIRECTION('ref_axis',(-0.768221279597377,0.640184399664478,0.));
#9645=DIRECTION($,(-3.76196359162789E-032,3.13496965968989E-032,1.));
#9646=DIRECTION($,(0.768221279597377,-0.640184399664478,4.89697915371405E-032));
#9647=DIRECTION($,(3.76196359162789E-032,-3.13496965968989E-032,-1.));
#9648=DIRECTION($,(-0.768221279597377,0.640184399664478,-4.89697915371405E-032));
#9649=DIRECTION('center_axis',(-3.76196359162789E-032,3.13496965968989E-032,
1.));
#9650=DIRECTION('ref_axis',(0.640184399664478,0.768221279597377,0.));
#9651=DIRECTION($,(-0.640184399664478,-0.768221279597377,2.73691106313441E-048));
#9652=DIRECTION($,(-0.640184399664478,-0.768221279597377,2.73691106313441E-048));
#9653=DIRECTION('center_axis',(-0.768221279597377,0.640184399664478,-4.89697915371405E-032));
#9654=DIRECTION('ref_axis',(-0.640184399664478,-0.768221279597377,0.));
#9655=DIRECTION($,(-0.640184399664478,-0.768221279597377,2.73691106313441E-048));
#9656=DIRECTION('center_axis',(3.76196359162789E-032,-3.13496965968989E-032,
-1.));
#9657=DIRECTION('ref_axis',(-0.640184399664478,-0.768221279597377,0.));
#9658=DIRECTION($,(-0.640184399664478,-0.768221279597377,2.73691106313441E-048));
#9659=DIRECTION('center_axis',(0.768221279597377,-0.640184399664478,4.89697915371405E-032));
#9660=DIRECTION('ref_axis',(0.640184399664478,0.768221279597377,0.));
#9661=DIRECTION('center_axis',(0.768221279597377,-0.640184399664478,4.89697915371405E-032));
#9662=DIRECTION('ref_axis',(0.640184399664478,0.768221279597377,0.));
#9663=DIRECTION($,(-0.640184399664478,-0.768221279597377,2.73691106313441E-048));
#9664=DIRECTION($,(3.76196359162789E-032,-3.13496965968989E-032,-1.));
#9665=DIRECTION($,(-0.640184399664478,-0.768221279597377,2.73691106313441E-048));
#9666=DIRECTION($,(-3.76196359162789E-032,3.13496965968989E-032,1.));
#9667=DIRECTION('center_axis',(3.76196359162789E-032,-3.13496965968989E-032,
-1.));
#9668=DIRECTION('ref_axis',(-0.640184399664478,-0.768221279597377,0.));
#9669=DIRECTION($,(-0.768221279597377,0.640184399664478,-4.89697915371405E-032));
#9670=DIRECTION($,(-0.640184399664478,-0.768221279597377,2.73691106313441E-048));
#9671=DIRECTION($,(0.768221279597377,-0.640184399664478,4.89697915371405E-032));
#9672=DIRECTION('center_axis',(-0.768221279597377,0.640184399664478,-4.89697915371405E-032));
#9673=DIRECTION('ref_axis',(-0.640184399664478,-0.768221279597377,0.));
#9674=DIRECTION($,(-3.76196359162789E-032,3.13496965968989E-032,1.));
#9675=DIRECTION($,(-0.640184399664478,-0.768221279597377,2.73691106313441E-048));
#9676=DIRECTION($,(3.76196359162789E-032,-3.13496965968989E-032,-1.));
#9677=DIRECTION('center_axis',(-3.76196359162789E-032,3.13496965968989E-032,
1.));
#9678=DIRECTION('ref_axis',(0.640184399664478,0.768221279597377,0.));
#9679=DIRECTION($,(0.768221279597377,-0.640184399664478,4.89697915371405E-032));
#9680=DIRECTION($,(-0.768221279597377,0.640184399664478,-4.89697915371405E-032));
#9681=DIRECTION('center_axis',(0.640184399664478,0.768221279597377,-2.73691106313441E-048));
#9682=DIRECTION('ref_axis',(-0.768221279597377,0.640184399664478,0.));
#9683=DIRECTION('center_axis',(0.640184399664478,0.768221279597377,-2.73691106313441E-048));
#9684=DIRECTION('ref_axis',(0.,0.,1.));
#9685=DIRECTION('center_axis',(0.768221279597377,-0.640184399664478,4.89697915371405E-032));
#9686=DIRECTION('ref_axis',(0.640184399664478,0.768221279597377,0.));
#9687=DIRECTION($,(-0.640184399664478,-0.768221279597377,2.73691106313441E-048));
#9688=DIRECTION($,(3.76196359162789E-032,-3.13496965968989E-032,-1.));
#9689=DIRECTION($,(-0.640184399664478,-0.768221279597377,2.73691106313441E-048));
#9690=DIRECTION($,(-3.76196359162789E-032,3.13496965968989E-032,1.));
#9691=DIRECTION('center_axis',(3.76196359162789E-032,-3.13496965968989E-032,
-1.));
#9692=DIRECTION('ref_axis',(-0.640184399664478,-0.768221279597377,0.));
#9693=DIRECTION($,(-0.768221279597377,0.640184399664478,-4.89697915371405E-032));
#9694=DIRECTION($,(-0.640184399664478,-0.768221279597377,2.73691106313441E-048));
#9695=DIRECTION($,(0.768221279597377,-0.640184399664478,4.89697915371405E-032));
#9696=DIRECTION('center_axis',(-0.768221279597377,0.640184399664478,-4.89697915371405E-032));
#9697=DIRECTION('ref_axis',(-0.640184399664478,-0.768221279597377,0.));
#9698=DIRECTION($,(-3.76196359162789E-032,3.13496965968989E-032,1.));
#9699=DIRECTION($,(-0.640184399664478,-0.768221279597377,2.73691106313441E-048));
#9700=DIRECTION($,(3.76196359162789E-032,-3.13496965968989E-032,-1.));
#9701=DIRECTION('center_axis',(-3.76196359162789E-032,3.13496965968989E-032,
1.));
#9702=DIRECTION('ref_axis',(0.640184399664478,0.768221279597377,0.));
#9703=DIRECTION($,(0.768221279597377,-0.640184399664478,4.89697915371405E-032));
#9704=DIRECTION($,(-0.768221279597377,0.640184399664478,-4.89697915371405E-032));
#9705=DIRECTION('center_axis',(0.640184399664478,0.768221279597377,-2.73691106313441E-048));
#9706=DIRECTION('ref_axis',(-0.768221279597377,0.640184399664478,0.));
#9707=DIRECTION('center_axis',(0.640184399664478,0.768221279597377,-2.73691106313441E-048));
#9708=DIRECTION('ref_axis',(0.,0.,1.));
#9709=DIRECTION('center_axis',(0.640184399664478,0.768221279597377,-2.73691106313441E-048));
#9710=DIRECTION('ref_axis',(0.,0.,1.));
#9711=DIRECTION($,(0.768221279597377,-0.640184399664478,4.89697915371405E-032));
#9712=DIRECTION($,(-3.76196359162789E-032,3.13496965968989E-032,1.));
#9713=DIRECTION($,(-0.768221279597377,0.640184399664478,-4.89697915371405E-032));
#9714=DIRECTION($,(3.76196359162789E-032,-3.13496965968989E-032,-1.));
#9715=DIRECTION('center_axis',(0.640184399664478,0.768221279597377,-2.73691106313441E-048));
#9716=DIRECTION('ref_axis',(-0.768221279597377,0.640184399664478,0.));
#9717=DIRECTION($,(-3.76196359162789E-032,3.13496965968989E-032,1.));
#9718=DIRECTION($,(0.768221279597377,-0.640184399664478,4.89697915371405E-032));
#9719=DIRECTION($,(3.76196359162789E-032,-3.13496965968989E-032,-1.));
#9720=DIRECTION($,(-0.768221279597377,0.640184399664478,-4.89697915371405E-032));
#9721=DIRECTION('center_axis',(-3.76196359162789E-032,3.13496965968989E-032,
1.));
#9722=DIRECTION('ref_axis',(0.640184399664478,0.768221279597377,0.));
#9723=DIRECTION($,(-0.640184399664478,-0.768221279597377,2.73691106313441E-048));
#9724=DIRECTION($,(-0.640184399664478,-0.768221279597377,2.73691106313441E-048));
#9725=DIRECTION('center_axis',(-0.768221279597377,0.640184399664478,-4.89697915371405E-032));
#9726=DIRECTION('ref_axis',(-0.640184399664478,-0.768221279597377,0.));
#9727=DIRECTION($,(-0.640184399664478,-0.768221279597377,2.73691106313441E-048));
#9728=DIRECTION('center_axis',(3.76196359162789E-032,-3.13496965968989E-032,
-1.));
#9729=DIRECTION('ref_axis',(-0.640184399664478,-0.768221279597377,0.));
#9730=DIRECTION($,(-0.640184399664478,-0.768221279597377,2.73691106313441E-048));
#9731=DIRECTION('center_axis',(0.768221279597377,-0.640184399664478,4.89697915371405E-032));
#9732=DIRECTION('ref_axis',(0.640184399664478,0.768221279597377,0.));
#9733=DIRECTION('center_axis',(0.640184399664478,0.768221279597377,-2.73691106313441E-048));
#9734=DIRECTION('ref_axis',(0.,0.,1.));
#9735=DIRECTION($,(0.768221279597377,-0.640184399664478,4.89697915371415E-032));
#9736=DIRECTION($,(-4.39323414791243E-032,2.37744499214829E-032,1.));
#9737=DIRECTION($,(0.768221279597377,-0.640184399664478,4.89697915371415E-032));
#9738=DIRECTION($,(4.39323414791243E-032,-2.37744499214829E-032,-1.));
#9739=DIRECTION('center_axis',(0.640184399664478,0.768221279597377,9.8607613152627E-033));
#9740=DIRECTION('ref_axis',(0.,0.,-1.));
#9741=DIRECTION($,(-4.39323414791243E-032,2.37744499214829E-032,1.));
#9742=DIRECTION($,(0.768221279597377,-0.640184399664478,4.89697915371415E-032));
#9743=DIRECTION($,(4.39323414791243E-032,-2.37744499214829E-032,-1.));
#9744=DIRECTION($,(-0.768221279597377,0.640184399664478,-4.89697915371415E-032));
#9745=DIRECTION('center_axis',(-6.05610810204819E-033,6.92259299739775E-032,
1.));
#9746=DIRECTION('ref_axis',(-0.768221279597377,0.640184399664478,0.));
#9747=DIRECTION($,(-0.640184399664478,-0.768221279597377,4.93038065763146E-032));
#9748=DIRECTION($,(-0.640184399664478,-0.768221279597377,4.93038065763146E-032));
#9749=DIRECTION('center_axis',(-0.768221279597377,0.640184399664478,-4.89697915371396E-032));
#9750=DIRECTION('ref_axis',(0.,0.,-1.));
#9751=DIRECTION($,(0.640184399664478,0.768221279597377,-4.93038065763146E-032));
#9752=DIRECTION('center_axis',(6.05610810204819E-033,-6.92259299739775E-032,
-1.));
#9753=DIRECTION('ref_axis',(0.768221279597377,-0.640184399664479,0.));
#9754=DIRECTION($,(-0.640184399664478,-0.768221279597377,4.93038065763146E-032));
#9755=DIRECTION('center_axis',(0.768221279597377,-0.640184399664478,4.89697915371396E-032));
#9756=DIRECTION('ref_axis',(0.,0.,1.));
#9757=DIRECTION('center_axis',(0.768221279597377,-0.640184399664478,4.89697915371405E-032));
#9758=DIRECTION('ref_axis',(0.640184399664478,0.768221279597377,0.));
#9759=DIRECTION($,(-0.640184399664478,-0.768221279597377,2.73691106313441E-048));
#9760=DIRECTION($,(3.76196359162789E-032,-3.13496965968989E-032,-1.));
#9761=DIRECTION($,(-0.640184399664478,-0.768221279597377,2.73691106313441E-048));
#9762=DIRECTION($,(-3.76196359162789E-032,3.13496965968989E-032,1.));
#9763=DIRECTION('center_axis',(3.76196359162789E-032,-3.13496965968989E-032,
-1.));
#9764=DIRECTION('ref_axis',(-0.640184399664478,-0.768221279597377,0.));
#9765=DIRECTION($,(-0.768221279597377,0.640184399664478,-4.89697915371405E-032));
#9766=DIRECTION($,(-0.640184399664478,-0.768221279597377,2.73691106313441E-048));
#9767=DIRECTION($,(0.768221279597377,-0.640184399664478,4.89697915371405E-032));
#9768=DIRECTION('center_axis',(-0.768221279597377,0.640184399664478,-4.89697915371405E-032));
#9769=DIRECTION('ref_axis',(-0.640184399664478,-0.768221279597377,0.));
#9770=DIRECTION($,(-3.76196359162789E-032,3.13496965968989E-032,1.));
#9771=DIRECTION($,(-0.640184399664478,-0.768221279597377,2.73691106313441E-048));
#9772=DIRECTION($,(3.76196359162789E-032,-3.13496965968989E-032,-1.));
#9773=DIRECTION('center_axis',(-3.76196359162789E-032,3.13496965968989E-032,
1.));
#9774=DIRECTION('ref_axis',(0.640184399664478,0.768221279597377,0.));
#9775=DIRECTION($,(0.768221279597377,-0.640184399664478,4.89697915371405E-032));
#9776=DIRECTION($,(-0.768221279597377,0.640184399664478,-4.89697915371405E-032));
#9777=DIRECTION('center_axis',(0.640184399664478,0.768221279597377,-2.73691106313441E-048));
#9778=DIRECTION('ref_axis',(-0.768221279597377,0.640184399664478,0.));
#9779=DIRECTION('center_axis',(0.640184399664478,0.768221279597377,-2.73691106313441E-048));
#9780=DIRECTION('ref_axis',(0.,0.,1.));
#9781=DIRECTION('center_axis',(0.768221279597377,-0.640184399664478,4.89697915371405E-032));
#9782=DIRECTION('ref_axis',(0.640184399664478,0.768221279597377,0.));
#9783=DIRECTION($,(-0.640184399664478,-0.768221279597377,2.73691106313441E-048));
#9784=DIRECTION($,(3.76196359162789E-032,-3.13496965968989E-032,-1.));
#9785=DIRECTION($,(-0.640184399664478,-0.768221279597377,2.73691106313441E-048));
#9786=DIRECTION($,(-3.76196359162789E-032,3.13496965968989E-032,1.));
#9787=DIRECTION('center_axis',(3.76196359162789E-032,-3.13496965968989E-032,
-1.));
#9788=DIRECTION('ref_axis',(-0.640184399664478,-0.768221279597377,0.));
#9789=DIRECTION($,(-0.768221279597377,0.640184399664478,-4.89697915371405E-032));
#9790=DIRECTION($,(-0.640184399664478,-0.768221279597377,2.73691106313441E-048));
#9791=DIRECTION($,(0.768221279597377,-0.640184399664478,4.89697915371405E-032));
#9792=DIRECTION('center_axis',(-0.768221279597377,0.640184399664478,-4.89697915371405E-032));
#9793=DIRECTION('ref_axis',(-0.640184399664478,-0.768221279597377,0.));
#9794=DIRECTION($,(-3.76196359162789E-032,3.13496965968989E-032,1.));
#9795=DIRECTION($,(-0.640184399664478,-0.768221279597377,2.73691106313441E-048));
#9796=DIRECTION($,(3.76196359162789E-032,-3.13496965968989E-032,-1.));
#9797=DIRECTION('center_axis',(-3.76196359162789E-032,3.13496965968989E-032,
1.));
#9798=DIRECTION('ref_axis',(0.640184399664478,0.768221279597377,0.));
#9799=DIRECTION($,(0.768221279597377,-0.640184399664478,4.89697915371405E-032));
#9800=DIRECTION($,(-0.768221279597377,0.640184399664478,-4.89697915371405E-032));
#9801=DIRECTION('center_axis',(0.640184399664478,0.768221279597377,-2.73691106313441E-048));
#9802=DIRECTION('ref_axis',(-0.768221279597377,0.640184399664478,0.));
#9803=DIRECTION('center_axis',(0.640184399664478,0.768221279597377,-2.73691106313441E-048));
#9804=DIRECTION('ref_axis',(0.,0.,1.));
#9805=DIRECTION('center_axis',(0.640184399664478,0.768221279597377,-2.73691106313441E-048));
#9806=DIRECTION('ref_axis',(-0.768221279597377,0.640184399664478,0.));
#9807=DIRECTION($,(-0.543214476255112,0.452678730212591,0.707106781186548));
#9808=DIRECTION($,(-2.05239539380249E-032,1.7103294948354E-032,1.));
#9809=DIRECTION($,(0.768221279597377,-0.640184399664478,2.67162007654636E-032));
#9810=DIRECTION($,(2.05239539380249E-032,-1.7103294948354E-032,-1.));
#9811=DIRECTION($,(-0.543214476255112,0.452678730212591,-0.707106781186548));
#9812=DIRECTION($,(-0.768221279597377,0.640184399664478,-2.67162007654636E-032));
#9813=DIRECTION('center_axis',(-0.543214476255112,0.452678730212591,0.707106781186548));
#9814=DIRECTION('ref_axis',(-0.543214476255112,0.452678730212591,-0.707106781186547));
#9815=DIRECTION($,(-0.640184399664478,-0.768221279597377,2.73691106313441E-048));
#9816=DIRECTION($,(0.543214476255112,-0.452678730212591,0.707106781186548));
#9817=DIRECTION($,(0.640184399664478,0.768221279597377,-2.73691106313441E-048));
#9818=DIRECTION('center_axis',(0.768221279597377,-0.640184399664478,2.67162007654636E-032));
#9819=DIRECTION('ref_axis',(0.640184399664478,0.768221279597377,0.));
#9820=DIRECTION($,(-0.640184399664478,-0.768221279597377,2.73691106313441E-048));
#9821=DIRECTION($,(2.05239539380249E-032,-1.7103294948354E-032,-1.));
#9822=DIRECTION('center_axis',(-2.05239539380249E-032,1.7103294948354E-032,
1.));
#9823=DIRECTION('ref_axis',(0.640184399664478,0.768221279597377,0.));
#9824=DIRECTION($,(-0.640184399664478,-0.768221279597377,2.73691106313441E-048));
#9825=DIRECTION($,(0.768221279597377,-0.640184399664478,2.67162007654636E-032));
#9826=DIRECTION('center_axis',(0.640184399664478,0.768221279597377,-2.73691106313441E-048));
#9827=DIRECTION('ref_axis',(0.,0.,1.));
#9828=DIRECTION($,(-2.05239539380249E-032,1.7103294948354E-032,1.));
#9829=DIRECTION($,(0.543214476255112,-0.452678730212591,-0.707106781186548));
#9830=DIRECTION($,(-0.768221279597377,0.640184399664478,-2.67162007654636E-032));
#9831=DIRECTION('center_axis',(0.543214476255112,-0.452678730212591,0.707106781186548));
#9832=DIRECTION('ref_axis',(-0.543214476255112,0.452678730212591,0.707106781186547));
#9833=DIRECTION($,(-0.640184399664478,-0.768221279597377,2.73691106313441E-048));
#9834=DIRECTION($,(0.640184399664478,0.768221279597377,-2.73691106313441E-048));
#9835=DIRECTION('center_axis',(2.05239539380249E-032,-1.7103294948354E-032,
-1.));
#9836=DIRECTION('ref_axis',(-0.640184399664478,-0.768221279597377,0.));
#9837=DIRECTION('center_axis',(-0.768221279597377,0.640184399664478,-2.67162007654636E-032));
#9838=DIRECTION('ref_axis',(-0.640184399664478,-0.768221279597377,0.));
#9839=DIRECTION('center_axis',(0.640184399664478,0.768221279597377,-2.73691106313441E-048));
#9840=DIRECTION('ref_axis',(0.,0.,1.));
#9841=DIRECTION($,(0.768221279597377,-0.640184399664478,4.89697915371405E-032));
#9842=DIRECTION($,(-3.76196359162789E-032,3.13496965968989E-032,1.));
#9843=DIRECTION($,(-0.768221279597377,0.640184399664478,-4.89697915371405E-032));
#9844=DIRECTION($,(3.76196359162789E-032,-3.13496965968989E-032,-1.));
#9845=DIRECTION('center_axis',(0.640184399664478,0.768221279597377,-2.73691106313441E-048));
#9846=DIRECTION('ref_axis',(-0.768221279597377,0.640184399664478,0.));
#9847=DIRECTION($,(-3.76196359162789E-032,3.13496965968989E-032,1.));
#9848=DIRECTION($,(0.768221279597377,-0.640184399664478,4.89697915371405E-032));
#9849=DIRECTION($,(3.76196359162789E-032,-3.13496965968989E-032,-1.));
#9850=DIRECTION($,(-0.768221279597377,0.640184399664478,-4.89697915371405E-032));
#9851=DIRECTION('center_axis',(-3.76196359162789E-032,3.13496965968989E-032,
1.));
#9852=DIRECTION('ref_axis',(0.640184399664478,0.768221279597377,0.));
#9853=DIRECTION($,(-0.640184399664478,-0.768221279597377,2.73691106313441E-048));
#9854=DIRECTION($,(-0.640184399664478,-0.768221279597377,2.73691106313441E-048));
#9855=DIRECTION('center_axis',(-0.768221279597377,0.640184399664478,-4.89697915371405E-032));
#9856=DIRECTION('ref_axis',(-0.640184399664478,-0.768221279597377,0.));
#9857=DIRECTION($,(-0.640184399664478,-0.768221279597377,2.73691106313441E-048));
#9858=DIRECTION('center_axis',(3.76196359162789E-032,-3.13496965968989E-032,
-1.));
#9859=DIRECTION('ref_axis',(-0.640184399664478,-0.768221279597377,0.));
#9860=DIRECTION($,(-0.640184399664478,-0.768221279597377,2.73691106313441E-048));
#9861=DIRECTION('center_axis',(0.768221279597377,-0.640184399664478,4.89697915371405E-032));
#9862=DIRECTION('ref_axis',(0.640184399664478,0.768221279597377,0.));
#9863=DIRECTION('center_axis',(0.640184399664478,0.768221279597377,-2.73691106313441E-048));
#9864=DIRECTION('ref_axis',(-0.768221279597377,0.640184399664478,0.));
#9865=DIRECTION($,(-0.543214476255112,0.452678730212591,0.707106781186548));
#9866=DIRECTION($,(-2.05239539380249E-032,1.7103294948354E-032,1.));
#9867=DIRECTION($,(0.768221279597377,-0.640184399664478,2.67162007654636E-032));
#9868=DIRECTION($,(2.05239539380249E-032,-1.7103294948354E-032,-1.));
#9869=DIRECTION($,(-0.543214476255112,0.452678730212591,-0.707106781186548));
#9870=DIRECTION($,(-0.768221279597377,0.640184399664478,-2.67162007654636E-032));
#9871=DIRECTION('center_axis',(0.768221279597377,-0.640184399664478,2.67162007654636E-032));
#9872=DIRECTION('ref_axis',(0.640184399664478,0.768221279597377,0.));
#9873=DIRECTION($,(-0.640184399664478,-0.768221279597377,2.73691106313441E-048));
#9874=DIRECTION($,(2.05239539380249E-032,-1.7103294948354E-032,-1.));
#9875=DIRECTION($,(-0.640184399664478,-0.768221279597377,2.73691106313441E-048));
#9876=DIRECTION('center_axis',(-2.05239539380249E-032,1.7103294948354E-032,
1.));
#9877=DIRECTION('ref_axis',(0.640184399664478,0.768221279597377,0.));
#9878=DIRECTION($,(-0.640184399664478,-0.768221279597377,2.73691106313441E-048));
#9879=DIRECTION($,(0.768221279597377,-0.640184399664478,2.67162007654636E-032));
#9880=DIRECTION('center_axis',(-0.768221279597377,0.640184399664478,-2.67162007654636E-032));
#9881=DIRECTION('ref_axis',(-0.640184399664478,-0.768221279597377,0.));
#9882=DIRECTION($,(0.640184399664478,0.768221279597377,-2.73691106313441E-048));
#9883=DIRECTION($,(-2.05239539380249E-032,1.7103294948354E-032,1.));
#9884=DIRECTION('center_axis',(-0.543214476255112,0.452678730212591,0.707106781186548));
#9885=DIRECTION('ref_axis',(-0.543214476255112,0.452678730212591,-0.707106781186547));
#9886=DIRECTION($,(0.543214476255112,-0.452678730212591,0.707106781186548));
#9887=DIRECTION($,(0.640184399664478,0.768221279597377,-2.73691106313441E-048));
#9888=DIRECTION('center_axis',(2.05239539380249E-032,-1.7103294948354E-032,
-1.));
#9889=DIRECTION('ref_axis',(-0.640184399664478,-0.768221279597377,0.));
#9890=DIRECTION($,(-0.768221279597377,0.640184399664478,-2.67162007654636E-032));
#9891=DIRECTION($,(-0.640184399664478,-0.768221279597377,2.73691106313441E-048));
#9892=DIRECTION('center_axis',(0.543214476255112,-0.452678730212591,0.707106781186548));
#9893=DIRECTION('ref_axis',(-0.543214476255112,0.452678730212591,0.707106781186547));
#9894=DIRECTION($,(0.543214476255112,-0.452678730212591,-0.707106781186548));
#9895=DIRECTION('center_axis',(0.640184399664478,0.768221279597377,-2.73691106313441E-048));
#9896=DIRECTION('ref_axis',(0.,0.,1.));
#9897=DIRECTION('center_axis',(0.768221279597377,-0.640184399664478,4.89697915371405E-032));
#9898=DIRECTION('ref_axis',(0.640184399664478,0.768221279597377,0.));
#9899=DIRECTION($,(-0.640184399664478,-0.768221279597377,2.73691106313441E-048));
#9900=DIRECTION($,(3.76196359162789E-032,-3.13496965968989E-032,-1.));
#9901=DIRECTION($,(-0.640184399664478,-0.768221279597377,2.73691106313441E-048));
#9902=DIRECTION($,(-3.76196359162789E-032,3.13496965968989E-032,1.));
#9903=DIRECTION('center_axis',(3.76196359162789E-032,-3.13496965968989E-032,
-1.));
#9904=DIRECTION('ref_axis',(-0.640184399664478,-0.768221279597377,0.));
#9905=DIRECTION($,(-0.768221279597377,0.640184399664478,-4.89697915371405E-032));
#9906=DIRECTION($,(-0.640184399664478,-0.768221279597377,2.73691106313441E-048));
#9907=DIRECTION($,(0.768221279597377,-0.640184399664478,4.89697915371405E-032));
#9908=DIRECTION('center_axis',(-0.768221279597377,0.640184399664478,-4.89697915371405E-032));
#9909=DIRECTION('ref_axis',(-0.640184399664478,-0.768221279597377,0.));
#9910=DIRECTION($,(-3.76196359162789E-032,3.13496965968989E-032,1.));
#9911=DIRECTION($,(-0.640184399664478,-0.768221279597377,2.73691106313441E-048));
#9912=DIRECTION($,(3.76196359162789E-032,-3.13496965968989E-032,-1.));
#9913=DIRECTION('center_axis',(-3.76196359162789E-032,3.13496965968989E-032,
1.));
#9914=DIRECTION('ref_axis',(0.640184399664478,0.768221279597377,0.));
#9915=DIRECTION($,(0.768221279597377,-0.640184399664478,4.89697915371405E-032));
#9916=DIRECTION($,(-0.768221279597377,0.640184399664478,-4.89697915371405E-032));
#9917=DIRECTION('center_axis',(0.640184399664478,0.768221279597377,-2.73691106313441E-048));
#9918=DIRECTION('ref_axis',(-0.768221279597377,0.640184399664478,0.));
#9919=DIRECTION('center_axis',(0.640184399664478,0.768221279597377,-2.73691106313441E-048));
#9920=DIRECTION('ref_axis',(0.,0.,1.));
#9921=DIRECTION('center_axis',(0.640184399664478,0.768221279597377,-2.73691106313441E-048));
#9922=DIRECTION('ref_axis',(0.,0.,1.));
#9923=DIRECTION('center_axis',(-0.640184399664478,-0.768221279597377,2.73691106313441E-048));
#9924=DIRECTION('ref_axis',(-0.768221279597377,0.640184399664478,-2.67162007654636E-032));
#9925=DIRECTION('center_axis',(0.640184399664478,0.768221279597377,-2.73691106313441E-048));
#9926=DIRECTION('ref_axis',(-0.768221279597377,0.640184399664478,-2.67162007654636E-032));
#9927=DIRECTION('center_axis',(0.640184399664478,0.768221279597377,-2.73691106313441E-048));
#9928=DIRECTION('ref_axis',(-0.768221279597377,0.640184399664478,-2.67162007654636E-032));
#9929=DIRECTION('center_axis',(0.640184399664478,0.768221279597377,-2.73691106313441E-048));
#9930=DIRECTION('ref_axis',(-0.768221279597377,0.640184399664478,0.));
#9931=DIRECTION('center_axis',(0.768221279597377,-0.640184399664478,4.89697915371396E-032));
#9932=DIRECTION('ref_axis',(0.,0.,1.));
#9933=DIRECTION($,(0.640184399664478,0.768221279597377,-4.93038065763146E-032));
#9934=DIRECTION($,(3.76196359162782E-032,-3.13496965968983E-032,-1.));
#9935=DIRECTION($,(-0.640184399664478,-0.768221279597377,4.93038065763146E-032));
#9936=DIRECTION($,(-4.39323414791243E-032,2.37744499214829E-032,1.));
#9937=DIRECTION('center_axis',(6.05610810204819E-033,-6.92259299739775E-032,
-1.));
#9938=DIRECTION('ref_axis',(0.768221279597377,-0.640184399664479,0.));
#9939=DIRECTION($,(-0.768221279597377,0.640184399664478,-4.89697915371415E-032));
#9940=DIRECTION($,(-0.640184399664478,-0.768221279597377,4.93038065763146E-032));
#9941=DIRECTION($,(0.768221279597377,-0.640184399664478,4.89697915371415E-032));
#9942=DIRECTION('center_axis',(-0.768221279597377,0.640184399664478,-4.89697915371396E-032));
#9943=DIRECTION('ref_axis',(0.,0.,-1.));
#9944=DIRECTION($,(-3.76196359162782E-032,3.13496965968983E-032,1.));
#9945=DIRECTION($,(-0.640184399664478,-0.768221279597377,4.93038065763146E-032));
#9946=DIRECTION($,(4.39323414791243E-032,-2.37744499214829E-032,-1.));
#9947=DIRECTION('center_axis',(-6.05610810204819E-033,6.92259299739775E-032,
1.));
#9948=DIRECTION('ref_axis',(-0.768221279597377,0.640184399664478,0.));
#9949=DIRECTION($,(0.768221279597377,-0.640184399664478,4.89697915371415E-032));
#9950=DIRECTION($,(-0.768221279597377,0.640184399664478,-4.89697915371415E-032));
#9951=DIRECTION('center_axis',(0.640184399664478,0.768221279597377,9.8607613152627E-033));
#9952=DIRECTION('ref_axis',(0.,0.,-1.));
#9953=DIRECTION('center_axis',(0.640184399664478,0.768221279597377,-2.73691106313441E-048));
#9954=DIRECTION('ref_axis',(0.,0.,1.));
#9955=DIRECTION('center_axis',(0.640184399664478,0.768221279597377,-2.73691106313441E-048));
#9956=DIRECTION('ref_axis',(0.,0.,1.));
#9957=DIRECTION('center_axis',(0.640184399664478,0.768221279597377,-2.73691106313441E-048));
#9958=DIRECTION('ref_axis',(-0.768221279597377,0.640184399664478,1.77909807778901E-032));
#9959=DIRECTION('center_axis',(0.640184399664478,0.768221279597377,-2.73691106313441E-048));
#9960=DIRECTION('ref_axis',(0.,0.,1.));
#9961=DIRECTION('center_axis',(-0.640184399664478,-0.768221279597377,2.73691106313441E-048));
#9962=DIRECTION('ref_axis',(-0.768221279597377,0.640184399664478,1.77909807778901E-032));
#9963=DIRECTION('center_axis',(-0.640184399664478,-0.768221279597377,2.73691106313441E-048));
#9964=DIRECTION('ref_axis',(-0.768221279597377,0.640184399664478,1.77909807778901E-032));
#9965=DIRECTION('center_axis',(0.768221279597377,-0.640184399664478,4.89697915371405E-032));
#9966=DIRECTION('ref_axis',(0.640184399664478,0.768221279597377,0.));
#9967=DIRECTION($,(-0.640184399664478,-0.768221279597377,2.73691106313441E-048));
#9968=DIRECTION($,(3.76196359162789E-032,-3.13496965968989E-032,-1.));
#9969=DIRECTION($,(-0.640184399664478,-0.768221279597377,2.73691106313441E-048));
#9970=DIRECTION($,(-3.76196359162789E-032,3.13496965968989E-032,1.));
#9971=DIRECTION('center_axis',(3.76196359162789E-032,-3.13496965968989E-032,
-1.));
#9972=DIRECTION('ref_axis',(-0.640184399664478,-0.768221279597377,0.));
#9973=DIRECTION($,(-0.768221279597377,0.640184399664478,-4.89697915371405E-032));
#9974=DIRECTION($,(-0.640184399664478,-0.768221279597377,2.73691106313441E-048));
#9975=DIRECTION($,(0.768221279597377,-0.640184399664478,4.89697915371405E-032));
#9976=DIRECTION('center_axis',(-0.768221279597377,0.640184399664478,-4.89697915371405E-032));
#9977=DIRECTION('ref_axis',(-0.640184399664478,-0.768221279597377,0.));
#9978=DIRECTION($,(-3.76196359162789E-032,3.13496965968989E-032,1.));
#9979=DIRECTION($,(-0.640184399664478,-0.768221279597377,2.73691106313441E-048));
#9980=DIRECTION($,(3.76196359162789E-032,-3.13496965968989E-032,-1.));
#9981=DIRECTION('center_axis',(-3.76196359162789E-032,3.13496965968989E-032,
1.));
#9982=DIRECTION('ref_axis',(0.640184399664478,0.768221279597377,0.));
#9983=DIRECTION($,(0.768221279597377,-0.640184399664478,4.89697915371405E-032));
#9984=DIRECTION($,(-0.768221279597377,0.640184399664478,-4.89697915371405E-032));
#9985=DIRECTION('center_axis',(0.640184399664478,0.768221279597377,-2.73691106313441E-048));
#9986=DIRECTION('ref_axis',(-0.768221279597377,0.640184399664478,0.));
#9987=DIRECTION('center_axis',(0.640184399664478,0.768221279597377,-2.73691106313441E-048));
#9988=DIRECTION('ref_axis',(0.,0.,1.));
#9989=DIRECTION('center_axis',(0.640184399664478,0.768221279597377,-2.73691106313441E-048));
#9990=DIRECTION('ref_axis',(0.,0.,1.));
#9991=DIRECTION($,(0.768221279597377,-0.640184399664478,4.89697915371405E-032));
#9992=DIRECTION($,(-3.76196359162789E-032,3.13496965968989E-032,1.));
#9993=DIRECTION($,(-0.768221279597377,0.640184399664478,-4.89697915371405E-032));
#9994=DIRECTION($,(3.76196359162789E-032,-3.13496965968989E-032,-1.));
#9995=DIRECTION('center_axis',(0.640184399664478,0.768221279597377,-2.73691106313441E-048));
#9996=DIRECTION('ref_axis',(-0.768221279597377,0.640184399664478,0.));
#9997=DIRECTION($,(-3.76196359162789E-032,3.13496965968989E-032,1.));
#9998=DIRECTION($,(0.768221279597377,-0.640184399664478,4.89697915371405E-032));
#9999=DIRECTION($,(3.76196359162789E-032,-3.13496965968989E-032,-1.));
#10000=DIRECTION($,(-0.768221279597377,0.640184399664478,-4.89697915371405E-032));
#10001=DIRECTION('center_axis',(-3.76196359162789E-032,3.13496965968989E-032,
1.));
#10002=DIRECTION('ref_axis',(0.640184399664478,0.768221279597377,0.));
#10003=DIRECTION($,(-0.640184399664478,-0.768221279597377,2.73691106313441E-048));
#10004=DIRECTION($,(-0.640184399664478,-0.768221279597377,2.73691106313441E-048));
#10005=DIRECTION('center_axis',(-0.768221279597377,0.640184399664478,-4.89697915371405E-032));
#10006=DIRECTION('ref_axis',(-0.640184399664478,-0.768221279597377,0.));
#10007=DIRECTION($,(-0.640184399664478,-0.768221279597377,2.73691106313441E-048));
#10008=DIRECTION('center_axis',(3.76196359162789E-032,-3.13496965968989E-032,
-1.));
#10009=DIRECTION('ref_axis',(-0.640184399664478,-0.768221279597377,0.));
#10010=DIRECTION($,(-0.640184399664478,-0.768221279597377,2.73691106313441E-048));
#10011=DIRECTION('center_axis',(0.768221279597377,-0.640184399664478,4.89697915371405E-032));
#10012=DIRECTION('ref_axis',(0.640184399664478,0.768221279597377,0.));
#10013=DIRECTION('center_axis',(-0.640184399664478,-0.768221279597377,2.73691106313441E-048));
#10014=DIRECTION('ref_axis',(-0.768221279597377,0.640184399664478,1.77909807778901E-032));
#10015=DIRECTION('center_axis',(0.640184399664478,0.768221279597377,-2.73691106313441E-048));
#10016=DIRECTION('ref_axis',(-0.768221279597377,0.640184399664478,1.77909807778901E-032));
#10017=DIRECTION('center_axis',(-0.640184399664478,-0.768221279597377,2.73691106313441E-048));
#10018=DIRECTION('ref_axis',(-0.768221279597377,0.640184399664478,1.77909807778901E-032));
#10019=DIRECTION('center_axis',(0.640184399664478,0.768221279597377,-2.73691106313441E-048));
#10020=DIRECTION('ref_axis',(0.,0.,1.));
#10021=DIRECTION('center_axis',(0.640184399664478,0.768221279597377,-2.73691106313441E-048));
#10022=DIRECTION('ref_axis',(0.,0.,1.));
#10023=DIRECTION('center_axis',(1.70579390523202E-016,-1.42149492102667E-016,
-1.));
#10024=DIRECTION('ref_axis',(0.640184399664478,0.768221279597377,0.));
#10025=DIRECTION($,(0.640184399664478,0.768221279597377,-2.73691106313441E-048));
#10026=DIRECTION($,(-0.995893206467705,-0.0905357460425098,-1.57009245868379E-016));
#10027=DIRECTION($,(-0.640184399664478,-0.768221279597377,-3.45795424157552E-032));
#10028=DIRECTION($,(0.768221279597377,-0.640184399664478,2.22044604925031E-016));
#10029=DIRECTION('center_axis',(1.70579390523202E-016,-1.42149492102667E-016,
-1.));
#10030=DIRECTION('ref_axis',(0.640184399664478,0.768221279597377,0.));
#10031=DIRECTION($,(-0.640184399664478,-0.768221279597377,2.73691106313441E-048));
#10032=DIRECTION($,(0.768221279597377,-0.640184399664478,2.22044604925031E-016));
#10033=DIRECTION($,(-0.640184399664478,-0.768221279597377,-3.45795424157552E-032));
#10034=DIRECTION($,(-0.0905357460425318,0.995893206467703,-1.57009245868379E-016));
#10035=DIRECTION('center_axis',(0.0905357460425098,-0.995893206467705,1.57009245868376E-016));
#10036=DIRECTION('ref_axis',(0.,0.,1.));
#10037=DIRECTION('center_axis',(0.0905357460425098,-0.995893206467705,1.57009245868376E-016));
#10038=DIRECTION('ref_axis',(-0.995893206467705,-0.0905357460425098,-1.88912067288008E-032));
#10039=DIRECTION($,(0.995893206467705,0.0905357460425098,1.57009245868379E-016));
#10040=DIRECTION($,(-1.70579390523202E-016,1.42149492102667E-016,1.));
#10041=DIRECTION('center_axis',(-1.70579390523202E-016,1.42149492102667E-016,
1.));
#10042=DIRECTION('ref_axis',(-0.640184399664478,-0.768221279597377,0.));
#10043=DIRECTION($,(-0.640184399664478,-0.768221279597377,2.73691106313441E-048));
#10044=DIRECTION($,(-0.768221279597377,0.640184399664478,-2.22044604925031E-016));
#10045=DIRECTION($,(-0.640184399664478,-0.768221279597377,-3.45795424157552E-032));
#10046=DIRECTION('center_axis',(-0.995893206467703,-0.0905357460425318,
-1.57009245868376E-016));
#10047=DIRECTION('ref_axis',(0.,0.,-1.));
#10048=DIRECTION('center_axis',(-0.995893206467703,-0.0905357460425318,
-1.57009245868376E-016));
#10049=DIRECTION('ref_axis',(-0.0905357460425318,0.995893206467703,-1.88912067288008E-032));
#10050=DIRECTION($,(1.70579390523202E-016,-1.42149492102667E-016,-1.));
#10051=DIRECTION($,(0.0905357460425318,-0.995893206467703,1.57009245868379E-016));
#10052=DIRECTION('center_axis',(-1.70579390523202E-016,1.42149492102667E-016,
1.));
#10053=DIRECTION('ref_axis',(-0.640184399664478,-0.768221279597377,0.));
#10054=DIRECTION($,(0.640184399664478,0.768221279597377,-2.73691106313441E-048));
#10055=DIRECTION($,(-0.640184399664478,-0.768221279597377,-3.45795424157552E-032));
#10056=DIRECTION($,(-0.768221279597377,0.640184399664478,-2.22044604925031E-016));
#10057=DIRECTION('center_axis',(0.768221279597377,-0.640184399664478,2.22044604925031E-016));
#10058=DIRECTION('ref_axis',(0.640184399664478,0.768221279597377,0.));
#10059=DIRECTION($,(-1.70579390523202E-016,1.42149492102667E-016,1.));
#10060=DIRECTION('center_axis',(-0.768221279597377,0.640184399664478,-2.22044604925031E-016));
#10061=DIRECTION('ref_axis',(-0.640184399664478,-0.768221279597377,0.));
#10062=DIRECTION($,(1.70579390523202E-016,-1.42149492102667E-016,-1.));
#10063=DIRECTION('center_axis',(0.640184399664478,0.768221279597377,-2.73691106313441E-048));
#10064=DIRECTION('ref_axis',(-0.768221279597377,0.640184399664478,-2.67162007654636E-032));
#10065=DIRECTION('center_axis',(-0.640184399664478,-0.768221279597377,2.73691106313441E-048));
#10066=DIRECTION('ref_axis',(-0.768221279597377,0.640184399664478,-2.67162007654636E-032));
#10067=DIRECTION('center_axis',(0.640184399664478,0.768221279597377,-2.73691106313441E-048));
#10068=DIRECTION('ref_axis',(-0.768221279597377,0.640184399664478,-2.67162007654636E-032));
#10069=DIRECTION($,(-0.640184399664478,-0.768221279597377,2.73691106313441E-048));
#10070=DIRECTION('center_axis',(-0.452678730212596,-0.543214476255118,-0.70710678118654));
#10071=DIRECTION('ref_axis',(-0.452678730212586,-0.543214476255106,0.707106781186555));
#10072=DIRECTION($,(0.640184399664478,0.768221279597377,-2.73691106313441E-048));
#10073=DIRECTION('center_axis',(0.640184399664478,0.768221279597377,-2.73691106313441E-048));
#10074=DIRECTION('ref_axis',(-0.768221279597377,0.640184399664478,-2.67162007654636E-032));
#10075=DIRECTION('center_axis',(0.640184399664478,0.768221279597377,-2.73691106313441E-048));
#10076=DIRECTION('ref_axis',(-0.768221279597377,0.640184399664478,-2.67162007654636E-032));
#10077=DIRECTION($,(-0.640184399664478,-0.768221279597377,2.73691106313441E-048));
#10078=DIRECTION('center_axis',(-0.452678730212596,-0.543214476255118,0.70710678118654));
#10079=DIRECTION('ref_axis',(0.452678730212586,0.543214476255106,0.707106781186555));
#10080=DIRECTION($,(0.640184399664478,0.768221279597377,-2.73691106313441E-048));
#10081=DIRECTION('center_axis',(0.640184399664478,0.768221279597377,-2.73691106313441E-048));
#10082=DIRECTION('ref_axis',(-0.768221279597377,0.640184399664478,-2.67162007654636E-032));
#10083=DIRECTION('center_axis',(0.768221279597377,-0.640184399664478,2.67162007654636E-032));
#10084=DIRECTION('ref_axis',(0.640184399664478,0.768221279597377,0.));
#10085=DIRECTION($,(-0.452678730212586,-0.543214476255106,-0.707106781186555));
#10086=DIRECTION($,(-0.640184399664478,-0.768221279597377,2.73691106313441E-048));
#10087=DIRECTION($,(-2.05239539380249E-032,1.7103294948354E-032,1.));
#10088=DIRECTION('center_axis',(0.768221279597377,-0.640184399664478,2.67162007654636E-032));
#10089=DIRECTION('ref_axis',(0.640184399664478,0.768221279597377,0.));
#10090=DIRECTION($,(-2.05239539380249E-032,1.7103294948354E-032,1.));
#10091=DIRECTION($,(-0.640184399664478,-0.768221279597377,2.73691106313441E-048));
#10092=DIRECTION($,(0.452678730212586,0.543214476255106,-0.707106781186555));
#10093=DIRECTION('center_axis',(-0.452678730212596,-0.543214476255118,0.70710678118654));
#10094=DIRECTION('ref_axis',(-0.768221279597377,0.640184399664478,0.));
#10095=DIRECTION($,(0.452678730212586,0.543214476255106,0.707106781186555));
#10096=DIRECTION($,(-0.768221279597377,0.640184399664478,-2.67162007654636E-032));
#10097=DIRECTION('center_axis',(-0.768221279597377,0.640184399664478,-2.67162007654636E-032));
#10098=DIRECTION('ref_axis',(-0.640184399664478,-0.768221279597377,0.));
#10099=DIRECTION($,(2.05239539380249E-032,-1.7103294948354E-032,-1.));
#10100=DIRECTION($,(-0.640184399664478,-0.768221279597377,2.73691106313441E-048));
#10101=DIRECTION('center_axis',(-0.452678730212596,-0.543214476255118,-0.70710678118654));
#10102=DIRECTION('ref_axis',(0.768221279597377,-0.640184399664479,0.));
#10103=DIRECTION($,(0.768221279597377,-0.640184399664478,2.67162007654636E-032));
#10104=DIRECTION($,(-0.452678730212586,-0.543214476255106,0.707106781186555));
#10105=DIRECTION('center_axis',(-0.768221279597377,0.640184399664478,-2.67162007654636E-032));
#10106=DIRECTION('ref_axis',(-0.640184399664478,-0.768221279597377,0.));
#10107=DIRECTION($,(-0.640184399664478,-0.768221279597377,2.73691106313441E-048));
#10108=DIRECTION($,(2.05239539380249E-032,-1.7103294948354E-032,-1.));
#10109=DIRECTION('center_axis',(-2.05239539380249E-032,1.7103294948354E-032,
1.));
#10110=DIRECTION('ref_axis',(0.640184399664478,0.768221279597377,0.));
#10111=DIRECTION($,(-0.768221279597377,0.640184399664478,-2.67162007654636E-032));
#10112=DIRECTION('center_axis',(2.05239539380249E-032,-1.7103294948354E-032,
-1.));
#10113=DIRECTION('ref_axis',(-0.640184399664478,-0.768221279597377,0.));
#10114=DIRECTION($,(0.768221279597377,-0.640184399664478,2.67162007654636E-032));
#10115=DIRECTION('center_axis',(0.640184399664478,0.768221279597377,-2.73691106313441E-048));
#10116=DIRECTION('ref_axis',(-0.768221279597377,0.640184399664478,0.));
#10117=DIRECTION('center_axis',(0.640184399664478,0.768221279597377,-2.73691106313441E-048));
#10118=DIRECTION('ref_axis',(0.,0.,1.));
#10119=DIRECTION('center_axis',(2.05239539380249E-032,-1.7103294948354E-032,
-1.));
#10120=DIRECTION('ref_axis',(-0.640184399664478,-0.768221279597377,0.));
#10121=DIRECTION($,(-0.768221279597377,0.640184399664478,-2.67162007654636E-032));
#10122=DIRECTION($,(-0.640184399664478,-0.768221279597377,2.73691106313441E-048));
#10123=DIRECTION($,(0.768221279597377,-0.640184399664478,2.67162007654636E-032));
#10124=DIRECTION($,(-0.640184399664478,-0.768221279597377,2.73691106313441E-048));
#10125=DIRECTION('center_axis',(-2.05239539380249E-032,1.7103294948354E-032,
1.));
#10126=DIRECTION('ref_axis',(0.640184399664478,0.768221279597377,0.));
#10127=DIRECTION($,(0.768221279597377,-0.640184399664478,2.67162007654636E-032));
#10128=DIRECTION($,(-0.640184399664478,-0.768221279597377,2.73691106313441E-048));
#10129=DIRECTION($,(-0.768221279597377,0.640184399664478,-2.67162007654636E-032));
#10130=DIRECTION($,(-0.640184399664478,-0.768221279597377,2.73691106313441E-048));
#10131=DIRECTION('center_axis',(-0.768221279597377,0.640184399664478,-2.67162007654636E-032));
#10132=DIRECTION('ref_axis',(-0.640184399664478,-0.768221279597377,0.));
#10133=DIRECTION($,(0.640184399664478,0.768221279597377,-2.73691106313441E-048));
#10134=DIRECTION($,(-0.452678730212586,-0.543214476255106,0.707106781186555));
#10135=DIRECTION($,(2.05239539380249E-032,-1.7103294948354E-032,-1.));
#10136=DIRECTION('center_axis',(-0.452678730212596,-0.543214476255118,-0.70710678118654));
#10137=DIRECTION('ref_axis',(0.768221279597377,-0.640184399664479,0.));
#10138=DIRECTION('center_axis',(-0.452678730212596,-0.543214476255118,-0.70710678118654));
#10139=DIRECTION('ref_axis',(-0.452678730212586,-0.543214476255106,0.707106781186555));
#10140=DIRECTION($,(0.452678730212586,0.543214476255106,-0.707106781186555));
#10141=DIRECTION('center_axis',(-0.768221279597377,0.640184399664478,-2.67162007654636E-032));
#10142=DIRECTION('ref_axis',(-0.640184399664478,-0.768221279597377,0.));
#10143=DIRECTION($,(-0.640184399664478,-0.768221279597377,2.73691106313441E-048));
#10144=DIRECTION($,(2.05239539380249E-032,-1.7103294948354E-032,-1.));
#10145=DIRECTION($,(0.452678730212586,0.543214476255106,0.707106781186555));
#10146=DIRECTION('center_axis',(-0.452678730212596,-0.543214476255118,0.70710678118654));
#10147=DIRECTION('ref_axis',(-0.768221279597377,0.640184399664478,0.));
#10148=DIRECTION('center_axis',(-0.452678730212596,-0.543214476255118,0.70710678118654));
#10149=DIRECTION('ref_axis',(0.452678730212586,0.543214476255106,0.707106781186555));
#10150=DIRECTION($,(-0.452678730212586,-0.543214476255106,-0.707106781186555));
#10151=DIRECTION('center_axis',(0.768221279597377,-0.640184399664478,2.67162007654636E-032));
#10152=DIRECTION('ref_axis',(0.640184399664478,0.768221279597377,0.));
#10153=DIRECTION($,(-0.640184399664478,-0.768221279597377,2.73691106313441E-048));
#10154=DIRECTION($,(-2.05239539380249E-032,1.7103294948354E-032,1.));
#10155=DIRECTION('center_axis',(0.768221279597377,-0.640184399664478,2.67162007654636E-032));
#10156=DIRECTION('ref_axis',(0.640184399664478,0.768221279597377,0.));
#10157=DIRECTION($,(0.640184399664478,0.768221279597377,-2.73691106313441E-048));
#10158=DIRECTION($,(-2.05239539380249E-032,1.7103294948354E-032,1.));
#10159=DIRECTION('center_axis',(0.640184399664478,0.768221279597377,-2.73691106313441E-048));
#10160=DIRECTION('ref_axis',(-0.768221279597377,0.640184399664478,-2.67162007654636E-032));
#10161=DIRECTION('center_axis',(-0.640184399664478,-0.768221279597377,2.73691106313441E-048));
#10162=DIRECTION('ref_axis',(-0.768221279597377,0.640184399664478,-2.67162007654636E-032));
#10163=DIRECTION($,(-0.640184399664478,-0.768221279597377,2.73691106313441E-048));
#10164=DIRECTION('center_axis',(-0.995893206467703,-0.0905357460425318,
-1.57009245868376E-016));
#10165=DIRECTION('ref_axis',(-0.0905357460425318,0.995893206467703,-1.88912067288008E-032));
#10166=DIRECTION($,(0.640184399664478,0.768221279597377,-2.73691106313441E-048));
#10167=DIRECTION('center_axis',(0.640184399664478,0.768221279597377,-2.73691106313441E-048));
#10168=DIRECTION('ref_axis',(-0.768221279597377,0.640184399664478,-2.67162007654636E-032));
#10169=DIRECTION('center_axis',(0.640184399664478,0.768221279597377,-2.73691106313441E-048));
#10170=DIRECTION('ref_axis',(-0.768221279597377,0.640184399664478,-2.67162007654636E-032));
#10171=DIRECTION($,(-0.640184399664478,-0.768221279597377,2.73691106313441E-048));
#10172=DIRECTION('center_axis',(0.0905357460425098,-0.995893206467705,1.57009245868376E-016));
#10173=DIRECTION('ref_axis',(-0.995893206467705,-0.0905357460425098,-1.88912067288008E-032));
#10174=DIRECTION($,(0.640184399664478,0.768221279597377,-2.73691106313441E-048));
#10175=DIRECTION('center_axis',(0.640184399664478,0.768221279597377,-2.73691106313441E-048));
#10176=DIRECTION('ref_axis',(-0.768221279597377,0.640184399664478,-2.67162007654636E-032));
#10177=DIRECTION('center_axis',(0.640184399664478,0.768221279597377,-2.73691106313441E-048));
#10178=DIRECTION('ref_axis',(-0.768221279597377,0.640184399664478,-2.67162007654636E-032));
#10179=DIRECTION('center_axis',(-0.768221279597377,0.640184399664478,-2.22044604925031E-016));
#10180=DIRECTION('ref_axis',(-0.640184399664478,-0.768221279597377,0.));
#10181=DIRECTION($,(-1.70579390523202E-016,1.42149492102667E-016,1.));
#10182=DIRECTION($,(-0.640184399664478,-0.768221279597377,-3.45795424157552E-032));
#10183=DIRECTION($,(1.70579390523202E-016,-1.42149492102667E-016,-1.));
#10184=DIRECTION($,(-0.640184399664478,-0.768221279597377,-3.45795424157552E-032));
#10185=DIRECTION('center_axis',(0.768221279597377,-0.640184399664478,2.22044604925031E-016));
#10186=DIRECTION('ref_axis',(0.640184399664478,0.768221279597377,0.));
#10187=DIRECTION($,(1.70579390523202E-016,-1.42149492102667E-016,-1.));
#10188=DIRECTION($,(-0.640184399664478,-0.768221279597377,-3.45795424157552E-032));
#10189=DIRECTION($,(-1.70579390523202E-016,1.42149492102667E-016,1.));
#10190=DIRECTION($,(-0.640184399664478,-0.768221279597377,-3.45795424157552E-032));
#10191=DIRECTION('center_axis',(-1.70579390523202E-016,1.42149492102667E-016,
1.));
#10192=DIRECTION('ref_axis',(-0.640184399664478,-0.768221279597377,0.));
#10193=DIRECTION($,(0.0905357460425318,-0.995893206467703,1.57009245868379E-016));
#10194=DIRECTION($,(-0.768221279597377,0.640184399664478,-2.22044604925031E-016));
#10195=DIRECTION('center_axis',(-0.995893206467703,-0.0905357460425318,
-1.57009245868376E-016));
#10196=DIRECTION('ref_axis',(0.,0.,-1.));
#10197=DIRECTION($,(-0.0905357460425318,0.995893206467703,-1.57009245868379E-016));
#10198=DIRECTION('center_axis',(-1.70579390523202E-016,1.42149492102667E-016,
1.));
#10199=DIRECTION('ref_axis',(-0.640184399664478,-0.768221279597377,0.));
#10200=DIRECTION($,(-0.768221279597377,0.640184399664478,-2.22044604925031E-016));
#10201=DIRECTION($,(0.995893206467705,0.0905357460425098,1.57009245868379E-016));
#10202=DIRECTION('center_axis',(0.0905357460425098,-0.995893206467705,1.57009245868376E-016));
#10203=DIRECTION('ref_axis',(0.,0.,1.));
#10204=DIRECTION($,(-0.995893206467705,-0.0905357460425098,-1.57009245868379E-016));
#10205=DIRECTION('center_axis',(1.70579390523202E-016,-1.42149492102667E-016,
-1.));
#10206=DIRECTION('ref_axis',(0.640184399664478,0.768221279597377,0.));
#10207=DIRECTION($,(0.768221279597377,-0.640184399664478,2.22044604925031E-016));
#10208=DIRECTION('center_axis',(1.70579390523202E-016,-1.42149492102667E-016,
-1.));
#10209=DIRECTION('ref_axis',(0.640184399664478,0.768221279597377,0.));
#10210=DIRECTION($,(0.768221279597377,-0.640184399664478,2.22044604925031E-016));
#10211=DIRECTION('center_axis',(0.640184399664478,0.768221279597377,-2.73691106313441E-048));
#10212=DIRECTION('ref_axis',(0.,0.,1.));
#10213=DIRECTION('center_axis',(0.640184399664478,0.768221279597377,-2.73691106313441E-048));
#10214=DIRECTION('ref_axis',(0.,0.,1.));
#10215=DIRECTION('center_axis',(0.640184399664478,0.768221279597377,-2.73691106313441E-048));
#10216=DIRECTION('ref_axis',(0.,0.,1.));
#10217=DIRECTION('center_axis',(-0.640184399664478,-0.768221279597377,2.73691106313441E-048));
#10218=DIRECTION('ref_axis',(-0.768221279597377,0.640184399664478,-2.67162007654636E-032));
#10219=DIRECTION('center_axis',(2.05239539380249E-032,-1.7103294948354E-032,
-1.));
#10220=DIRECTION('ref_axis',(-0.640184399664478,-0.768221279597377,0.));
#10221=DIRECTION($,(-0.768221279597377,0.640184399664478,-2.67162007654636E-032));
#10222=DIRECTION($,(-0.640184399664478,-0.768221279597377,2.73691106313441E-048));
#10223=DIRECTION($,(0.768221279597377,-0.640184399664478,2.67162007654636E-032));
#10224=DIRECTION($,(-0.640184399664478,-0.768221279597377,2.73691106313441E-048));
#10225=DIRECTION('center_axis',(-2.05239539380249E-032,1.7103294948354E-032,
1.));
#10226=DIRECTION('ref_axis',(0.640184399664478,0.768221279597377,0.));
#10227=DIRECTION($,(0.768221279597377,-0.640184399664478,2.67162007654636E-032));
#10228=DIRECTION($,(-0.640184399664478,-0.768221279597377,2.73691106313441E-048));
#10229=DIRECTION($,(-0.768221279597377,0.640184399664478,-2.67162007654636E-032));
#10230=DIRECTION($,(-0.640184399664478,-0.768221279597377,2.73691106313441E-048));
#10231=DIRECTION('center_axis',(-0.768221279597377,0.640184399664478,-2.67162007654636E-032));
#10232=DIRECTION('ref_axis',(-0.640184399664478,-0.768221279597377,0.));
#10233=DIRECTION($,(0.640184399664478,0.768221279597377,-2.73691106313441E-048));
#10234=DIRECTION($,(-0.452678730212586,-0.543214476255106,0.707106781186555));
#10235=DIRECTION($,(2.05239539380249E-032,-1.7103294948354E-032,-1.));
#10236=DIRECTION('center_axis',(-0.452678730212596,-0.543214476255118,-0.70710678118654));
#10237=DIRECTION('ref_axis',(0.768221279597377,-0.640184399664479,0.));
#10238=DIRECTION('center_axis',(-0.452678730212596,-0.543214476255118,-0.70710678118654));
#10239=DIRECTION('ref_axis',(-0.452678730212586,-0.543214476255106,0.707106781186555));
#10240=DIRECTION($,(0.452678730212586,0.543214476255106,-0.707106781186555));
#10241=DIRECTION('center_axis',(-0.768221279597377,0.640184399664478,-2.67162007654636E-032));
#10242=DIRECTION('ref_axis',(-0.640184399664478,-0.768221279597377,0.));
#10243=DIRECTION($,(-0.640184399664478,-0.768221279597377,2.73691106313441E-048));
#10244=DIRECTION($,(2.05239539380249E-032,-1.7103294948354E-032,-1.));
#10245=DIRECTION($,(0.452678730212586,0.543214476255106,0.707106781186555));
#10246=DIRECTION('center_axis',(-0.452678730212596,-0.543214476255118,0.70710678118654));
#10247=DIRECTION('ref_axis',(-0.768221279597377,0.640184399664478,0.));
#10248=DIRECTION('center_axis',(-0.452678730212596,-0.543214476255118,0.70710678118654));
#10249=DIRECTION('ref_axis',(0.452678730212586,0.543214476255106,0.707106781186555));
#10250=DIRECTION($,(-0.452678730212586,-0.543214476255106,-0.707106781186555));
#10251=DIRECTION('center_axis',(0.768221279597377,-0.640184399664478,2.67162007654636E-032));
#10252=DIRECTION('ref_axis',(0.640184399664478,0.768221279597377,0.));
#10253=DIRECTION($,(-0.640184399664478,-0.768221279597377,2.73691106313441E-048));
#10254=DIRECTION($,(-2.05239539380249E-032,1.7103294948354E-032,1.));
#10255=DIRECTION('center_axis',(0.768221279597377,-0.640184399664478,2.67162007654636E-032));
#10256=DIRECTION('ref_axis',(0.640184399664478,0.768221279597377,0.));
#10257=DIRECTION($,(0.640184399664478,0.768221279597377,-2.73691106313441E-048));
#10258=DIRECTION($,(-2.05239539380249E-032,1.7103294948354E-032,1.));
#10259=DIRECTION('center_axis',(0.640184399664478,0.768221279597377,-2.73691106313441E-048));
#10260=DIRECTION('ref_axis',(-0.768221279597377,0.640184399664478,-2.67162007654636E-032));
#10261=DIRECTION($,(-0.640184399664478,-0.768221279597377,2.73691106313441E-048));
#10262=DIRECTION('center_axis',(-0.995893206467703,-0.0905357460425318,
-1.57009245868376E-016));
#10263=DIRECTION('ref_axis',(-0.0905357460425318,0.995893206467703,-1.88912067288008E-032));
#10264=DIRECTION($,(0.640184399664478,0.768221279597377,-2.73691106313441E-048));
#10265=DIRECTION('center_axis',(0.640184399664478,0.768221279597377,-2.73691106313441E-048));
#10266=DIRECTION('ref_axis',(-0.768221279597377,0.640184399664478,-2.67162007654636E-032));
#10267=DIRECTION('center_axis',(0.640184399664478,0.768221279597377,-2.73691106313441E-048));
#10268=DIRECTION('ref_axis',(-0.768221279597377,0.640184399664478,-2.67162007654636E-032));
#10269=DIRECTION($,(-0.640184399664478,-0.768221279597377,2.73691106313441E-048));
#10270=DIRECTION('center_axis',(0.0905357460425098,-0.995893206467705,1.57009245868376E-016));
#10271=DIRECTION('ref_axis',(-0.995893206467705,-0.0905357460425098,-1.88912067288008E-032));
#10272=DIRECTION($,(0.640184399664478,0.768221279597377,-2.73691106313441E-048));
#10273=DIRECTION('center_axis',(0.640184399664478,0.768221279597377,-2.73691106313441E-048));
#10274=DIRECTION('ref_axis',(-0.768221279597377,0.640184399664478,-2.67162007654636E-032));
#10275=DIRECTION('center_axis',(0.640184399664478,0.768221279597377,-2.73691106313441E-048));
#10276=DIRECTION('ref_axis',(-0.768221279597377,0.640184399664478,-2.67162007654636E-032));
#10277=DIRECTION('center_axis',(-0.768221279597377,0.640184399664478,-2.22044604925031E-016));
#10278=DIRECTION('ref_axis',(-0.640184399664478,-0.768221279597377,0.));
#10279=DIRECTION($,(-1.70579390523202E-016,1.42149492102667E-016,1.));
#10280=DIRECTION($,(-0.640184399664478,-0.768221279597377,-3.45795424157552E-032));
#10281=DIRECTION($,(1.70579390523202E-016,-1.42149492102667E-016,-1.));
#10282=DIRECTION($,(-0.640184399664478,-0.768221279597377,-3.45795424157552E-032));
#10283=DIRECTION('center_axis',(0.768221279597377,-0.640184399664478,2.22044604925031E-016));
#10284=DIRECTION('ref_axis',(0.640184399664478,0.768221279597377,0.));
#10285=DIRECTION($,(1.70579390523202E-016,-1.42149492102667E-016,-1.));
#10286=DIRECTION($,(-0.640184399664478,-0.768221279597377,-3.45795424157552E-032));
#10287=DIRECTION($,(-1.70579390523202E-016,1.42149492102667E-016,1.));
#10288=DIRECTION($,(-0.640184399664478,-0.768221279597377,-3.45795424157552E-032));
#10289=DIRECTION('center_axis',(-1.70579390523202E-016,1.42149492102667E-016,
1.));
#10290=DIRECTION('ref_axis',(-0.640184399664478,-0.768221279597377,0.));
#10291=DIRECTION($,(0.0905357460425318,-0.995893206467703,1.57009245868379E-016));
#10292=DIRECTION($,(-0.768221279597377,0.640184399664478,-2.22044604925031E-016));
#10293=DIRECTION('center_axis',(-0.995893206467703,-0.0905357460425318,
-1.57009245868376E-016));
#10294=DIRECTION('ref_axis',(0.,0.,-1.));
#10295=DIRECTION($,(-0.0905357460425318,0.995893206467703,-1.57009245868379E-016));
#10296=DIRECTION('center_axis',(-1.70579390523202E-016,1.42149492102667E-016,
1.));
#10297=DIRECTION('ref_axis',(-0.640184399664478,-0.768221279597377,0.));
#10298=DIRECTION($,(-0.768221279597377,0.640184399664478,-2.22044604925031E-016));
#10299=DIRECTION($,(0.995893206467705,0.0905357460425098,1.57009245868379E-016));
#10300=DIRECTION('center_axis',(0.0905357460425098,-0.995893206467705,1.57009245868376E-016));
#10301=DIRECTION('ref_axis',(0.,0.,1.));
#10302=DIRECTION($,(-0.995893206467705,-0.0905357460425098,-1.57009245868379E-016));
#10303=DIRECTION('center_axis',(1.70579390523202E-016,-1.42149492102667E-016,
-1.));
#10304=DIRECTION('ref_axis',(0.640184399664478,0.768221279597377,0.));
#10305=DIRECTION($,(0.768221279597377,-0.640184399664478,2.22044604925031E-016));
#10306=DIRECTION('center_axis',(1.70579390523202E-016,-1.42149492102667E-016,
-1.));
#10307=DIRECTION('ref_axis',(0.640184399664478,0.768221279597377,0.));
#10308=DIRECTION($,(0.768221279597377,-0.640184399664478,2.22044604925031E-016));
#10309=DIRECTION('center_axis',(0.640184399664478,0.768221279597377,-2.73691106313441E-048));
#10310=DIRECTION('ref_axis',(0.,0.,1.));
#10311=DIRECTION('center_axis',(0.640184399664478,0.768221279597377,-2.73691106313441E-048));
#10312=DIRECTION('ref_axis',(0.,0.,1.));
#10313=DIRECTION('center_axis',(-0.640184399664478,-0.768221279597377,2.73691106313441E-048));
#10314=DIRECTION('ref_axis',(-0.768221279597377,0.640184399664478,-2.67162007654636E-032));
#10315=DIRECTION('center_axis',(0.640184399664478,0.768221279597377,-2.73691106313441E-048));
#10316=DIRECTION('ref_axis',(-0.768221279597377,0.640184399664478,-2.67162007654636E-032));
#10317=DIRECTION('center_axis',(0.640184399664478,0.768221279597377,-2.73691106313441E-048));
#10318=DIRECTION('ref_axis',(-0.768221279597377,0.640184399664478,-2.67162007654636E-032));
#10319=DIRECTION('center_axis',(0.640184399664478,0.768221279597377,-2.73691106313441E-048));
#10320=DIRECTION('ref_axis',(-0.768221279597377,0.640184399664478,0.));
#10321=DIRECTION('center_axis',(0.640184399664478,0.768221279597377,-2.73691106313441E-048));
#10322=DIRECTION('ref_axis',(0.,0.,1.));
#10323=DIRECTION('center_axis',(-0.640184399664478,-0.768221279597377,2.73691106313441E-048));
#10324=DIRECTION('ref_axis',(-0.768221279597377,0.640184399664478,1.77909807778901E-032));
#10325=DIRECTION('center_axis',(0.640184399664478,0.768221279597377,-2.73691106313441E-048));
#10326=DIRECTION('ref_axis',(0.768221279597377,-0.640184399664479,0.));
#10327=DIRECTION('center_axis',(0.640184399664478,0.768221279597377,-2.73691106313441E-048));
#10328=DIRECTION('ref_axis',(-0.768221279597377,0.640184399664478,1.77909807778901E-032));
#10329=DIRECTION('center_axis',(-0.640184399664478,-0.768221279597377,2.73691106313441E-048));
#10330=DIRECTION('ref_axis',(-0.768221279597377,0.640184399664478,1.77909807778901E-032));
#10331=DIRECTION('center_axis',(0.640184399664478,0.768221279597377,-2.73691106313441E-048));
#10332=DIRECTION('ref_axis',(0.,0.,1.));
#10333=DIRECTION('center_axis',(-0.640184399664478,-0.768221279597377,2.73691106313441E-048));
#10334=DIRECTION('ref_axis',(-0.768221279597377,0.640184399664478,1.77909807778901E-032));
#10335=DIRECTION('center_axis',(-0.640184399664478,-0.768221279597377,2.73691106313441E-048));
#10336=DIRECTION('ref_axis',(-0.768221279597377,0.640184399664478,1.77909807778901E-032));
#10337=DIRECTION('center_axis',(0.640184399664478,0.768221279597377,-2.73691106313441E-048));
#10338=DIRECTION('ref_axis',(-0.768221279597377,0.640184399664478,1.77909807778901E-032));
#10339=DIRECTION('center_axis',(0.640184399664478,0.768221279597377,-2.73691106313441E-048));
#10340=DIRECTION('ref_axis',(0.768221279597377,-0.640184399664479,0.));
#10341=DIRECTION('center_axis',(-0.640184399664478,0.768221279597377,-2.73691106313441E-048));
#10342=DIRECTION('ref_axis',(-0.768221279597377,-0.640184399664479,0.));
#10343=DIRECTION($,(-0.543214476255112,-0.452678730212592,0.707106781186548));
#10344=DIRECTION($,(-1.36674100184831E-032,-1.13895083487359E-032,1.));
#10345=DIRECTION($,(0.768221279597377,0.640184399664478,1.77909807778901E-032));
#10346=DIRECTION($,(1.36674100184831E-032,1.13895083487359E-032,-1.));
#10347=DIRECTION($,(-0.543214476255112,-0.452678730212592,-0.707106781186548));
#10348=DIRECTION($,(-0.768221279597377,-0.640184399664478,-1.77909807778901E-032));
#10349=DIRECTION('center_axis',(-0.543214476255112,-0.452678730212591,0.707106781186548));
#10350=DIRECTION('ref_axis',(-0.543214476255112,-0.452678730212591,-0.707106781186548));
#10351=DIRECTION($,(0.640184399664478,-0.768221279597377,2.73691106313441E-048));
#10352=DIRECTION($,(-0.543214476255112,-0.452678730212591,-0.707106781186548));
#10353=DIRECTION($,(-0.640184399664478,0.768221279597377,-2.73691106313441E-048));
#10354=DIRECTION('center_axis',(0.768221279597377,0.640184399664478,1.77909807778901E-032));
#10355=DIRECTION('ref_axis',(-0.640184399664479,0.768221279597377,0.));
#10356=DIRECTION($,(0.640184399664478,-0.768221279597377,2.73691106313441E-048));
#10357=DIRECTION($,(1.36674100184831E-032,1.13895083487359E-032,-1.));
#10358=DIRECTION('center_axis',(-1.36674100184831E-032,-1.13895083487359E-032,
1.));
#10359=DIRECTION('ref_axis',(-0.640184399664479,0.768221279597377,0.));
#10360=DIRECTION($,(0.640184399664478,-0.768221279597377,2.73691106313441E-048));
#10361=DIRECTION($,(0.768221279597377,0.640184399664478,1.77909807778901E-032));
#10362=DIRECTION('center_axis',(-0.640184399664478,0.768221279597377,-2.73691106313441E-048));
#10363=DIRECTION('ref_axis',(0.,0.,-1.));
#10364=DIRECTION($,(-1.36674100184831E-032,-1.13895083487359E-032,1.));
#10365=DIRECTION($,(-0.543214476255112,-0.452678730212591,0.707106781186548));
#10366=DIRECTION($,(-0.768221279597377,-0.640184399664478,-1.77909807778901E-032));
#10367=DIRECTION('center_axis',(0.543214476255112,0.452678730212591,0.707106781186548));
#10368=DIRECTION('ref_axis',(-0.543214476255112,-0.452678730212591,0.707106781186548));
#10369=DIRECTION($,(0.640184399664478,-0.768221279597377,2.73691106313441E-048));
#10370=DIRECTION($,(-0.640184399664478,0.768221279597377,-2.73691106313441E-048));
#10371=DIRECTION('center_axis',(1.36674100184831E-032,1.13895083487359E-032,
-1.));
#10372=DIRECTION('ref_axis',(0.640184399664479,-0.768221279597377,0.));
#10373=DIRECTION('center_axis',(-0.768221279597377,-0.640184399664478,-1.77909807778901E-032));
#10374=DIRECTION('ref_axis',(0.640184399664479,-0.768221279597377,0.));
#10375=DIRECTION('center_axis',(-0.640184399664478,0.768221279597377,-2.73691106313441E-048));
#10376=DIRECTION('ref_axis',(-0.768221279597377,-0.640184399664479,0.));
#10377=DIRECTION($,(-3.07630919967371E-032,-2.56359099972808E-032,1.));
#10378=DIRECTION($,(0.768221279597377,0.640184399664478,4.0044571549567E-032));
#10379=DIRECTION($,(3.07630919967371E-032,2.56359099972808E-032,-1.));
#10380=DIRECTION($,(-0.768221279597377,-0.640184399664478,-4.0044571549567E-032));
#10381=DIRECTION('center_axis',(-3.07630919967371E-032,-2.56359099972808E-032,
1.));
#10382=DIRECTION('ref_axis',(-0.640184399664479,0.768221279597377,0.));
#10383=DIRECTION($,(0.640184399664478,-0.768221279597377,2.73691106313441E-048));
#10384=DIRECTION($,(0.768221279597377,0.640184399664478,4.0044571549567E-032));
#10385=DIRECTION($,(0.640184399664478,-0.768221279597377,2.73691106313441E-048));
#10386=DIRECTION('center_axis',(-0.768221279597377,-0.640184399664478,-4.0044571549567E-032));
#10387=DIRECTION('ref_axis',(0.640184399664479,-0.768221279597377,0.));
#10388=DIRECTION($,(0.640184399664478,-0.768221279597377,2.73691106313441E-048));
#10389=DIRECTION($,(-3.07630919967371E-032,-2.56359099972808E-032,1.));
#10390=DIRECTION('center_axis',(3.07630919967371E-032,2.56359099972808E-032,
-1.));
#10391=DIRECTION('ref_axis',(0.640184399664479,-0.768221279597377,0.));
#10392=DIRECTION($,(0.640184399664478,-0.768221279597377,2.73691106313441E-048));
#10393=DIRECTION($,(-0.768221279597377,-0.640184399664478,-4.0044571549567E-032));
#10394=DIRECTION('center_axis',(0.768221279597377,0.640184399664478,4.0044571549567E-032));
#10395=DIRECTION('ref_axis',(-0.640184399664479,0.768221279597377,0.));
#10396=DIRECTION($,(3.07630919967371E-032,2.56359099972808E-032,-1.));
#10397=DIRECTION('center_axis',(-0.640184399664478,0.768221279597377,-2.73691106313441E-048));
#10398=DIRECTION('ref_axis',(0.,0.,-1.));
#10399=DIRECTION('center_axis',(-0.640184399664478,0.768221279597377,-2.73691106313441E-048));
#10400=DIRECTION('ref_axis',(0.,0.,-1.));
#10401=DIRECTION($,(-0.768221279597377,-0.640184399664478,4.89697915371405E-032));
#10402=DIRECTION($,(-3.76196359162789E-032,-3.1349696596899E-032,-1.));
#10403=DIRECTION($,(0.768221279597377,0.640184399664478,-4.89697915371405E-032));
#10404=DIRECTION($,(3.76196359162789E-032,3.1349696596899E-032,1.));
#10405=DIRECTION('center_axis',(0.640184399664478,-0.768221279597377,2.73691106313441E-048));
#10406=DIRECTION('ref_axis',(-0.768221279597377,-0.640184399664479,0.));
#10407=DIRECTION($,(3.76196359162789E-032,3.1349696596899E-032,1.));
#10408=DIRECTION($,(0.768221279597377,0.640184399664478,-4.89697915371405E-032));
#10409=DIRECTION($,(-3.76196359162789E-032,-3.1349696596899E-032,-1.));
#10410=DIRECTION($,(-0.768221279597377,-0.640184399664478,4.89697915371405E-032));
#10411=DIRECTION('center_axis',(-3.76196359162789E-032,-3.1349696596899E-032,
-1.));
#10412=DIRECTION('ref_axis',(0.640184399664479,-0.768221279597377,0.));
#10413=DIRECTION($,(-0.640184399664478,0.768221279597377,-2.73691106313441E-048));
#10414=DIRECTION($,(-0.640184399664478,0.768221279597377,-2.73691106313441E-048));
#10415=DIRECTION('center_axis',(-0.768221279597377,-0.640184399664478,4.89697915371405E-032));
#10416=DIRECTION('ref_axis',(-0.640184399664479,0.768221279597377,0.));
#10417=DIRECTION($,(-0.640184399664478,0.768221279597377,-2.73691106313441E-048));
#10418=DIRECTION('center_axis',(3.76196359162789E-032,3.1349696596899E-032,
1.));
#10419=DIRECTION('ref_axis',(-0.640184399664479,0.768221279597377,0.));
#10420=DIRECTION($,(-0.640184399664478,0.768221279597377,-2.73691106313441E-048));
#10421=DIRECTION('center_axis',(0.768221279597377,0.640184399664478,-4.89697915371405E-032));
#10422=DIRECTION('ref_axis',(0.640184399664479,-0.768221279597377,0.));
#10423=DIRECTION('center_axis',(0.768221279597377,0.640184399664478,-4.89697915371405E-032));
#10424=DIRECTION('ref_axis',(0.640184399664479,-0.768221279597377,0.));
#10425=DIRECTION($,(-0.640184399664478,0.768221279597377,-2.73691106313441E-048));
#10426=DIRECTION($,(3.76196359162789E-032,3.1349696596899E-032,1.));
#10427=DIRECTION($,(-0.640184399664478,0.768221279597377,-2.73691106313441E-048));
#10428=DIRECTION($,(-3.76196359162789E-032,-3.1349696596899E-032,-1.));
#10429=DIRECTION('center_axis',(3.76196359162789E-032,3.1349696596899E-032,
1.));
#10430=DIRECTION('ref_axis',(-0.640184399664479,0.768221279597377,0.));
#10431=DIRECTION($,(-0.768221279597377,-0.640184399664478,4.89697915371405E-032));
#10432=DIRECTION($,(-0.640184399664478,0.768221279597377,-2.73691106313441E-048));
#10433=DIRECTION($,(0.768221279597377,0.640184399664478,-4.89697915371405E-032));
#10434=DIRECTION('center_axis',(-0.768221279597377,-0.640184399664478,4.89697915371405E-032));
#10435=DIRECTION('ref_axis',(-0.640184399664479,0.768221279597377,0.));
#10436=DIRECTION($,(-3.76196359162789E-032,-3.1349696596899E-032,-1.));
#10437=DIRECTION($,(-0.640184399664478,0.768221279597377,-2.73691106313441E-048));
#10438=DIRECTION($,(3.76196359162789E-032,3.1349696596899E-032,1.));
#10439=DIRECTION('center_axis',(-3.76196359162789E-032,-3.1349696596899E-032,
-1.));
#10440=DIRECTION('ref_axis',(0.640184399664479,-0.768221279597377,0.));
#10441=DIRECTION($,(0.768221279597377,0.640184399664478,-4.89697915371405E-032));
#10442=DIRECTION($,(-0.768221279597377,-0.640184399664478,4.89697915371405E-032));
#10443=DIRECTION('center_axis',(0.640184399664478,-0.768221279597377,2.73691106313441E-048));
#10444=DIRECTION('ref_axis',(-0.768221279597377,-0.640184399664479,0.));
#10445=DIRECTION('center_axis',(-0.640184399664478,0.768221279597377,-2.73691106313441E-048));
#10446=DIRECTION('ref_axis',(0.,0.,-1.));
#10447=DIRECTION('center_axis',(0.640184399664478,-0.768221279597377,2.73691106313441E-048));
#10448=DIRECTION('ref_axis',(-0.768221279597377,-0.640184399664478,2.67162007654636E-032));
#10449=DIRECTION('center_axis',(-0.640184399664478,0.768221279597377,-2.73691106313441E-048));
#10450=DIRECTION('ref_axis',(-0.768221279597377,-0.640184399664478,2.67162007654636E-032));
#10451=DIRECTION('center_axis',(0.640184399664478,-0.768221279597377,2.73691106313441E-048));
#10452=DIRECTION('ref_axis',(-0.768221279597377,-0.640184399664478,2.67162007654636E-032));
#10453=DIRECTION('center_axis',(-0.640184399664478,0.768221279597377,-2.73691106313441E-048));
#10454=DIRECTION('ref_axis',(0.,0.,-1.));
#10455=DIRECTION('center_axis',(-0.640184399664478,0.768221279597377,-2.73691106313441E-048));
#10456=DIRECTION('ref_axis',(0.,0.,-1.));
#10457=DIRECTION('center_axis',(-0.640184399664478,0.768221279597377,-2.73691106313441E-048));
#10458=DIRECTION('ref_axis',(-0.768221279597377,-0.640184399664478,-1.77909807778901E-032));
#10459=DIRECTION('center_axis',(0.640184399664478,-0.768221279597377,2.73691106313441E-048));
#10460=DIRECTION('ref_axis',(-0.768221279597377,-0.640184399664478,-1.77909807778901E-032));
#10461=DIRECTION('center_axis',(-0.640184399664478,0.768221279597377,-2.73691106313441E-048));
#10462=DIRECTION('ref_axis',(-0.768221279597377,-0.640184399664478,-1.77909807778901E-032));
#10463=DIRECTION('center_axis',(-0.640184399664478,0.768221279597377,-2.73691106313441E-048));
#10464=DIRECTION('ref_axis',(0.,0.,-1.));
#10465=DIRECTION('center_axis',(-0.640184399664478,0.768221279597377,-2.73691106313441E-048));
#10466=DIRECTION('ref_axis',(0.,0.,-1.));
#10467=DIRECTION('center_axis',(-0.640184399664478,0.768221279597377,-2.73691106313441E-048));
#10468=DIRECTION('ref_axis',(0.,0.,-1.));
#10469=DIRECTION($,(1.36674100184831E-032,1.13895083487359E-032,-1.));
#10470=DIRECTION($,(-0.768221279597377,-0.640184399664478,-1.77909807778901E-032));
#10471=DIRECTION($,(-1.36674100184831E-032,-1.13895083487359E-032,1.));
#10472=DIRECTION($,(0.768221279597377,0.640184399664478,1.77909807778901E-032));
#10473=DIRECTION('center_axis',(-0.640184399664478,0.768221279597377,-2.73691106313441E-048));
#10474=DIRECTION('ref_axis',(0.,0.,-1.));
#10475=DIRECTION($,(0.768221279597377,0.640184399664478,1.77909807778901E-032));
#10476=DIRECTION($,(-1.36674100184831E-032,-1.13895083487359E-032,1.));
#10477=DIRECTION($,(-0.768221279597377,-0.640184399664478,-1.77909807778901E-032));
#10478=DIRECTION($,(1.36674100184831E-032,1.13895083487359E-032,-1.));
#10479=DIRECTION('center_axis',(-1.36674100184831E-032,-1.13895083487359E-032,
1.));
#10480=DIRECTION('ref_axis',(-0.640184399664479,0.768221279597377,0.));
#10481=DIRECTION($,(0.640184399664478,-0.768221279597377,2.73691106313441E-048));
#10482=DIRECTION($,(0.640184399664478,-0.768221279597377,2.73691106313441E-048));
#10483=DIRECTION('center_axis',(-0.768221279597377,-0.640184399664478,-1.77909807778901E-032));
#10484=DIRECTION('ref_axis',(0.640184399664479,-0.768221279597377,0.));
#10485=DIRECTION($,(0.640184399664478,-0.768221279597377,2.73691106313441E-048));
#10486=DIRECTION('center_axis',(1.36674100184831E-032,1.13895083487359E-032,
-1.));
#10487=DIRECTION('ref_axis',(0.640184399664479,-0.768221279597377,0.));
#10488=DIRECTION($,(0.640184399664478,-0.768221279597377,2.73691106313441E-048));
#10489=DIRECTION('center_axis',(0.768221279597377,0.640184399664478,1.77909807778901E-032));
#10490=DIRECTION('ref_axis',(-0.640184399664479,0.768221279597377,0.));
#10491=DIRECTION('center_axis',(-0.640184399664478,0.768221279597377,-2.73691106313441E-048));
#10492=DIRECTION('ref_axis',(0.,0.,-1.));
#10493=DIRECTION('center_axis',(0.640184399664478,-0.768221279597377,2.73691106313441E-048));
#10494=DIRECTION('ref_axis',(-0.768221279597377,-0.640184399664478,-1.77909807778901E-032));
#10495=DIRECTION('center_axis',(-0.640184399664478,0.768221279597377,-2.73691106313441E-048));
#10496=DIRECTION('ref_axis',(-0.768221279597377,-0.640184399664478,-1.77909807778901E-032));
#10497=DIRECTION('center_axis',(-0.640184399664478,0.768221279597377,-2.73691106313441E-048));
#10498=DIRECTION('ref_axis',(-0.768221279597377,-0.640184399664478,-1.77909807778901E-032));
#10499=DIRECTION('center_axis',(-0.640184399664478,0.768221279597377,-2.73691106313441E-048));
#10500=DIRECTION('ref_axis',(-0.768221279597377,-0.640184399664479,0.));
#10501=DIRECTION('center_axis',(-0.640184399664478,0.768221279597377,-2.73691106313441E-048));
#10502=DIRECTION('ref_axis',(-0.768221279597377,-0.640184399664479,0.));
#10503=DIRECTION('center_axis',(-0.640184399664478,0.768221279597377,-2.73691106313441E-048));
#10504=DIRECTION('ref_axis',(-0.768221279597377,-0.640184399664478,-1.77909807778901E-032));
#10505=DIRECTION('center_axis',(-0.640184399664478,0.768221279597377,-2.73691106313441E-048));
#10506=DIRECTION('ref_axis',(-0.768221279597377,-0.640184399664478,-1.77909807778901E-032));
#10507=DIRECTION('center_axis',(0.640184399664478,-0.768221279597377,2.73691106313441E-048));
#10508=DIRECTION('ref_axis',(-0.768221279597377,-0.640184399664478,-1.77909807778901E-032));
#10509=DIRECTION('center_axis',(-0.640184399664478,0.768221279597377,-2.73691106313441E-048));
#10510=DIRECTION('ref_axis',(0.,0.,-1.));
#10511=DIRECTION('center_axis',(-0.640184399664478,0.768221279597377,-2.73691106313441E-048));
#10512=DIRECTION('ref_axis',(0.,0.,-1.));
#10513=DIRECTION($,(-0.768221279597377,-0.640184399664478,4.46260999378676E-033));
#10514=DIRECTION($,(-3.42827195977091E-033,-2.85689329980908E-033,-1.));
#10515=DIRECTION($,(0.768221279597377,0.640184399664478,-4.46260999378676E-033));
#10516=DIRECTION($,(3.42827195977091E-033,2.85689329980908E-033,1.));
#10517=DIRECTION('center_axis',(-3.42827195977091E-033,-2.85689329980908E-033,
-1.));
#10518=DIRECTION('ref_axis',(0.640184399664479,-0.768221279597377,0.));
#10519=DIRECTION($,(-0.640184399664478,0.768221279597377,-2.73691106313441E-048));
#10520=DIRECTION($,(0.768221279597377,0.640184399664478,-4.46260999378676E-033));
#10521=DIRECTION($,(-0.640184399664478,0.768221279597377,-2.73691106313441E-048));
#10522=DIRECTION('center_axis',(-0.768221279597377,-0.640184399664478,4.46260999378676E-033));
#10523=DIRECTION('ref_axis',(-0.640184399664479,0.768221279597377,0.));
#10524=DIRECTION($,(-0.640184399664478,0.768221279597377,-2.73691106313441E-048));
#10525=DIRECTION($,(-3.42827195977091E-033,-2.85689329980908E-033,-1.));
#10526=DIRECTION('center_axis',(3.42827195977091E-033,2.85689329980908E-033,
1.));
#10527=DIRECTION('ref_axis',(-0.640184399664479,0.768221279597377,0.));
#10528=DIRECTION($,(-0.640184399664478,0.768221279597377,-2.73691106313441E-048));
#10529=DIRECTION($,(-0.768221279597377,-0.640184399664478,4.46260999378676E-033));
#10530=DIRECTION('center_axis',(0.768221279597377,0.640184399664478,-4.46260999378676E-033));
#10531=DIRECTION('ref_axis',(0.640184399664479,-0.768221279597377,0.));
#10532=DIRECTION($,(3.42827195977091E-033,2.85689329980908E-033,1.));
#10533=DIRECTION('center_axis',(-0.640184399664478,0.768221279597377,-2.73691106313441E-048));
#10534=DIRECTION('ref_axis',(0.,0.,-1.));
#10535=DIRECTION('center_axis',(-0.640184399664478,0.768221279597377,-2.73691106313441E-048));
#10536=DIRECTION('ref_axis',(-0.768221279597377,-0.640184399664479,0.));
#10537=DIRECTION('center_axis',(-0.640184399664478,0.768221279597377,-2.73691106313441E-048));
#10538=DIRECTION('ref_axis',(-0.768221279597377,-0.640184399664478,-1.77909807778901E-032));
#10539=DIRECTION($,(-1.36674100184831E-032,-1.13895083487359E-032,1.));
#10540=DIRECTION($,(0.768221279597377,0.640184399664478,1.77909807778901E-032));
#10541=DIRECTION($,(1.36674100184831E-032,1.13895083487359E-032,-1.));
#10542=DIRECTION('center_axis',(-0.640184399664478,0.768221279597377,-2.73691106313441E-048));
#10543=DIRECTION('ref_axis',(-0.768221279597377,-0.640184399664478,-1.77909807778901E-032));
#10544=DIRECTION($,(0.768221279597377,0.640184399664478,2.22044604925031E-016));
#10545=DIRECTION($,(1.70579390523202E-016,1.42149492102667E-016,-1.));
#10546=DIRECTION($,(-0.768221279597377,-0.640184399664478,-2.22044604925031E-016));
#10547=DIRECTION('center_axis',(-0.640184399664478,0.768221279597377,-2.73691106313441E-048));
#10548=DIRECTION('ref_axis',(-0.768221279597377,-0.640184399664478,-1.77909807778901E-032));
#10549=DIRECTION($,(1.36674100184831E-032,1.13895083487359E-032,-1.));
#10550=DIRECTION($,(-0.768221279597377,-0.640184399664478,-1.77909807778901E-032));
#10551=DIRECTION($,(-1.36674100184831E-032,-1.13895083487359E-032,1.));
#10552=DIRECTION('center_axis',(-0.640184399664478,0.768221279597377,-2.73691106313441E-048));
#10553=DIRECTION('ref_axis',(-0.768221279597377,-0.640184399664478,-1.77909807778901E-032));
#10554=DIRECTION($,(-0.768221279597377,-0.640184399664478,-2.22044604925031E-016));
#10555=DIRECTION($,(-1.70579390523202E-016,-1.42149492102667E-016,1.));
#10556=DIRECTION($,(0.768221279597377,0.640184399664478,2.22044604925031E-016));
#10557=DIRECTION('center_axis',(1.36674100184831E-032,1.13895083487359E-032,
-1.));
#10558=DIRECTION('ref_axis',(0.640184399664479,-0.768221279597377,0.));
#10559=DIRECTION($,(-0.768221279597377,-0.640184399664478,-1.77909807778901E-032));
#10560=DIRECTION($,(0.640184399664478,-0.768221279597377,2.73691106313441E-048));
#10561=DIRECTION($,(0.640184399664478,-0.768221279597377,2.73691106313441E-048));
#10562=DIRECTION('center_axis',(-1.36674100184831E-032,-1.13895083487359E-032,
1.));
#10563=DIRECTION('ref_axis',(-0.640184399664479,0.768221279597377,0.));
#10564=DIRECTION($,(0.768221279597377,0.640184399664478,1.77909807778901E-032));
#10565=DIRECTION($,(0.640184399664478,-0.768221279597377,2.73691106313441E-048));
#10566=DIRECTION($,(0.640184399664478,-0.768221279597377,2.73691106313441E-048));
#10567=DIRECTION('center_axis',(-0.768221279597377,-0.640184399664478,-1.77909807778901E-032));
#10568=DIRECTION('ref_axis',(0.640184399664479,-0.768221279597377,0.));
#10569=DIRECTION($,(-0.640184399664478,0.768221279597377,-2.73691106313441E-048));
#10570=DIRECTION($,(0.452678730212586,-0.543214476255106,0.707106781186555));
#10571=DIRECTION('center_axis',(0.452678730212597,-0.543214476255118,-0.70710678118654));
#10572=DIRECTION('ref_axis',(0.768221279597377,0.640184399664479,0.));
#10573=DIRECTION('center_axis',(0.452678730212597,-0.543214476255118,-0.70710678118654));
#10574=DIRECTION('ref_axis',(0.452678730212587,-0.543214476255106,0.707106781186555));
#10575=DIRECTION($,(-0.452678730212586,0.543214476255106,-0.707106781186555));
#10576=DIRECTION('center_axis',(-0.768221279597377,-0.640184399664478,-1.77909807778901E-032));
#10577=DIRECTION('ref_axis',(0.640184399664479,-0.768221279597377,0.));
#10578=DIRECTION($,(0.640184399664478,-0.768221279597377,2.73691106313441E-048));
#10579=DIRECTION($,(-0.452678730212586,0.543214476255106,0.707106781186555));
#10580=DIRECTION('center_axis',(0.452678730212597,-0.543214476255118,0.70710678118654));
#10581=DIRECTION('ref_axis',(-0.768221279597377,-0.640184399664479,0.));
#10582=DIRECTION('center_axis',(0.452678730212597,-0.543214476255118,0.70710678118654));
#10583=DIRECTION('ref_axis',(-0.452678730212587,0.543214476255106,0.707106781186555));
#10584=DIRECTION($,(0.452678730212586,-0.543214476255106,-0.707106781186555));
#10585=DIRECTION('center_axis',(0.768221279597377,0.640184399664478,1.77909807778901E-032));
#10586=DIRECTION('ref_axis',(-0.640184399664479,0.768221279597377,0.));
#10587=DIRECTION($,(0.640184399664478,-0.768221279597377,2.73691106313441E-048));
#10588=DIRECTION('center_axis',(0.768221279597377,0.640184399664478,1.77909807778901E-032));
#10589=DIRECTION('ref_axis',(-0.640184399664479,0.768221279597377,0.));
#10590=DIRECTION($,(-0.640184399664478,0.768221279597377,-2.73691106313441E-048));
#10591=DIRECTION('center_axis',(-0.640184399664478,0.768221279597377,-2.73691106313441E-048));
#10592=DIRECTION('ref_axis',(-0.768221279597377,-0.640184399664478,-1.77909807778901E-032));
#10593=DIRECTION('center_axis',(0.640184399664478,-0.768221279597377,2.73691106313441E-048));
#10594=DIRECTION('ref_axis',(-0.768221279597377,-0.640184399664478,-1.77909807778901E-032));
#10595=DIRECTION($,(0.640184399664478,-0.768221279597377,2.73691106313441E-048));
#10596=DIRECTION('center_axis',(-0.0905357460425096,-0.995893206467705,
-1.57009245868376E-016));
#10597=DIRECTION('ref_axis',(-0.995893206467705,0.0905357460425096,-1.25801231520058E-032));
#10598=DIRECTION($,(-0.640184399664478,0.768221279597377,-2.73691106313441E-048));
#10599=DIRECTION($,(0.640184399664478,-0.768221279597377,2.73691106313441E-048));
#10600=DIRECTION('center_axis',(0.995893206467703,-0.0905357460425315,1.57009245868376E-016));
#10601=DIRECTION('ref_axis',(-0.0905357460425315,-0.995893206467703,-1.25801231520058E-032));
#10602=DIRECTION($,(-0.640184399664478,0.768221279597377,-2.73691106313441E-048));
#10603=DIRECTION('center_axis',(-0.768221279597377,-0.640184399664478,-2.22044604925031E-016));
#10604=DIRECTION('ref_axis',(0.640184399664479,-0.768221279597377,0.));
#10605=DIRECTION($,(-1.70579390523202E-016,-1.42149492102667E-016,1.));
#10606=DIRECTION($,(0.640184399664478,-0.768221279597377,-3.45795424157552E-032));
#10607=DIRECTION($,(0.640184399664478,-0.768221279597377,-3.45795424157552E-032));
#10608=DIRECTION('center_axis',(0.768221279597377,0.640184399664478,2.22044604925031E-016));
#10609=DIRECTION('ref_axis',(-0.640184399664479,0.768221279597377,0.));
#10610=DIRECTION($,(1.70579390523202E-016,1.42149492102667E-016,-1.));
#10611=DIRECTION($,(0.640184399664478,-0.768221279597377,-3.45795424157552E-032));
#10612=DIRECTION($,(0.640184399664478,-0.768221279597377,-3.45795424157552E-032));
#10613=DIRECTION('center_axis',(-1.70579390523202E-016,-1.42149492102667E-016,
1.));
#10614=DIRECTION('ref_axis',(0.640184399664479,-0.768221279597377,0.));
#10615=DIRECTION($,(0.995893206467705,-0.0905357460425096,1.57009245868379E-016));
#10616=DIRECTION('center_axis',(-0.0905357460425096,-0.995893206467705,
-1.57009245868376E-016));
#10617=DIRECTION('ref_axis',(0.,0.,-1.));
#10618=DIRECTION($,(-0.995893206467705,0.0905357460425096,-1.57009245868379E-016));
#10619=DIRECTION('center_axis',(-1.70579390523202E-016,-1.42149492102667E-016,
1.));
#10620=DIRECTION('ref_axis',(0.640184399664479,-0.768221279597377,0.));
#10621=DIRECTION($,(0.0905357460425315,0.995893206467703,1.57009245868379E-016));
#10622=DIRECTION('center_axis',(0.995893206467703,-0.0905357460425315,1.57009245868376E-016));
#10623=DIRECTION('ref_axis',(0.,0.,1.));
#10624=DIRECTION($,(-0.0905357460425316,-0.995893206467703,-1.57009245868379E-016));
#10625=DIRECTION('center_axis',(1.70579390523202E-016,1.42149492102667E-016,
-1.));
#10626=DIRECTION('ref_axis',(-0.640184399664479,0.768221279597377,0.));
#10627=DIRECTION('center_axis',(1.70579390523202E-016,1.42149492102667E-016,
-1.));
#10628=DIRECTION('ref_axis',(-0.640184399664479,0.768221279597377,0.));
#10629=DIRECTION('center_axis',(-0.640184399664478,0.768221279597377,-2.73691106313441E-048));
#10630=DIRECTION('ref_axis',(0.,0.,-1.));
#10631=DIRECTION('center_axis',(1.70579390523202E-016,1.42149492102667E-016,
-1.));
#10632=DIRECTION('ref_axis',(-0.640184399664479,0.768221279597377,0.));
#10633=DIRECTION($,(-0.640184399664478,0.768221279597377,-2.73691106313441E-048));
#10634=DIRECTION($,(-0.0905357460425316,-0.995893206467703,-1.57009245868379E-016));
#10635=DIRECTION($,(0.640184399664478,-0.768221279597377,-3.45795424157552E-032));
#10636=DIRECTION($,(0.768221279597377,0.640184399664478,2.22044604925031E-016));
#10637=DIRECTION('center_axis',(1.70579390523202E-016,1.42149492102667E-016,
-1.));
#10638=DIRECTION('ref_axis',(-0.640184399664479,0.768221279597377,0.));
#10639=DIRECTION($,(0.640184399664478,-0.768221279597377,2.73691106313441E-048));
#10640=DIRECTION($,(0.768221279597377,0.640184399664478,2.22044604925031E-016));
#10641=DIRECTION($,(0.640184399664478,-0.768221279597377,-3.45795424157552E-032));
#10642=DIRECTION($,(-0.995893206467705,0.0905357460425096,-1.57009245868379E-016));
#10643=DIRECTION('center_axis',(0.995893206467703,-0.0905357460425315,1.57009245868376E-016));
#10644=DIRECTION('ref_axis',(0.,0.,1.));
#10645=DIRECTION('center_axis',(0.995893206467703,-0.0905357460425315,1.57009245868376E-016));
#10646=DIRECTION('ref_axis',(-0.0905357460425315,-0.995893206467703,-1.25801231520058E-032));
#10647=DIRECTION($,(0.0905357460425315,0.995893206467703,1.57009245868379E-016));
#10648=DIRECTION($,(-1.70579390523202E-016,-1.42149492102667E-016,1.));
#10649=DIRECTION('center_axis',(-1.70579390523202E-016,-1.42149492102667E-016,
1.));
#10650=DIRECTION('ref_axis',(0.640184399664479,-0.768221279597377,0.));
#10651=DIRECTION($,(0.640184399664478,-0.768221279597377,2.73691106313441E-048));
#10652=DIRECTION($,(-0.768221279597377,-0.640184399664478,-2.22044604925031E-016));
#10653=DIRECTION($,(0.640184399664478,-0.768221279597377,-3.45795424157552E-032));
#10654=DIRECTION('center_axis',(-0.0905357460425096,-0.995893206467705,
-1.57009245868376E-016));
#10655=DIRECTION('ref_axis',(0.,0.,-1.));
#10656=DIRECTION('center_axis',(-0.0905357460425096,-0.995893206467705,
-1.57009245868376E-016));
#10657=DIRECTION('ref_axis',(-0.995893206467705,0.0905357460425096,-1.25801231520058E-032));
#10658=DIRECTION($,(1.70579390523202E-016,1.42149492102667E-016,-1.));
#10659=DIRECTION($,(0.995893206467705,-0.0905357460425096,1.57009245868379E-016));
#10660=DIRECTION('center_axis',(-1.70579390523202E-016,-1.42149492102667E-016,
1.));
#10661=DIRECTION('ref_axis',(0.640184399664479,-0.768221279597377,0.));
#10662=DIRECTION($,(-0.640184399664478,0.768221279597377,-2.73691106313441E-048));
#10663=DIRECTION($,(0.640184399664478,-0.768221279597377,-3.45795424157552E-032));
#10664=DIRECTION($,(-0.768221279597377,-0.640184399664478,-2.22044604925031E-016));
#10665=DIRECTION('center_axis',(0.768221279597377,0.640184399664478,2.22044604925031E-016));
#10666=DIRECTION('ref_axis',(-0.640184399664479,0.768221279597377,0.));
#10667=DIRECTION($,(-1.70579390523202E-016,-1.42149492102667E-016,1.));
#10668=DIRECTION('center_axis',(-0.768221279597377,-0.640184399664478,-2.22044604925031E-016));
#10669=DIRECTION('ref_axis',(0.640184399664479,-0.768221279597377,0.));
#10670=DIRECTION($,(1.70579390523202E-016,1.42149492102667E-016,-1.));
#10671=DIRECTION('center_axis',(-0.640184399664478,0.768221279597377,-2.73691106313441E-048));
#10672=DIRECTION('ref_axis',(-0.768221279597377,-0.640184399664478,-1.77909807778901E-032));
#10673=DIRECTION('center_axis',(0.640184399664478,-0.768221279597377,2.73691106313441E-048));
#10674=DIRECTION('ref_axis',(-0.768221279597377,-0.640184399664478,-1.77909807778901E-032));
#10675=DIRECTION('center_axis',(-0.640184399664478,0.768221279597377,-2.73691106313441E-048));
#10676=DIRECTION('ref_axis',(-0.768221279597377,-0.640184399664478,-1.77909807778901E-032));
#10677=DIRECTION($,(0.640184399664478,-0.768221279597377,2.73691106313441E-048));
#10678=DIRECTION('center_axis',(0.452678730212597,-0.543214476255118,-0.70710678118654));
#10679=DIRECTION('ref_axis',(0.452678730212587,-0.543214476255106,0.707106781186555));
#10680=DIRECTION($,(-0.640184399664478,0.768221279597377,-2.73691106313441E-048));
#10681=DIRECTION('center_axis',(-0.640184399664478,0.768221279597377,-2.73691106313441E-048));
#10682=DIRECTION('ref_axis',(-0.768221279597377,-0.640184399664478,-1.77909807778901E-032));
#10683=DIRECTION('center_axis',(-0.640184399664478,0.768221279597377,-2.73691106313441E-048));
#10684=DIRECTION('ref_axis',(-0.768221279597377,-0.640184399664478,-1.77909807778901E-032));
#10685=DIRECTION($,(0.640184399664478,-0.768221279597377,2.73691106313441E-048));
#10686=DIRECTION('center_axis',(0.452678730212597,-0.543214476255118,0.70710678118654));
#10687=DIRECTION('ref_axis',(-0.452678730212587,0.543214476255106,0.707106781186555));
#10688=DIRECTION($,(-0.640184399664478,0.768221279597377,-2.73691106313441E-048));
#10689=DIRECTION('center_axis',(-0.640184399664478,0.768221279597377,-2.73691106313441E-048));
#10690=DIRECTION('ref_axis',(-0.768221279597377,-0.640184399664478,-1.77909807778901E-032));
#10691=DIRECTION('center_axis',(0.768221279597377,0.640184399664478,1.77909807778901E-032));
#10692=DIRECTION('ref_axis',(-0.640184399664479,0.768221279597377,0.));
#10693=DIRECTION($,(0.452678730212586,-0.543214476255106,-0.707106781186555));
#10694=DIRECTION($,(0.640184399664478,-0.768221279597377,2.73691106313441E-048));
#10695=DIRECTION($,(-1.36674100184831E-032,-1.13895083487359E-032,1.));
#10696=DIRECTION('center_axis',(0.768221279597377,0.640184399664478,1.77909807778901E-032));
#10697=DIRECTION('ref_axis',(-0.640184399664479,0.768221279597377,0.));
#10698=DIRECTION($,(-1.36674100184831E-032,-1.13895083487359E-032,1.));
#10699=DIRECTION($,(0.640184399664478,-0.768221279597377,2.73691106313441E-048));
#10700=DIRECTION($,(-0.452678730212586,0.543214476255106,-0.707106781186555));
#10701=DIRECTION('center_axis',(0.452678730212597,-0.543214476255118,0.70710678118654));
#10702=DIRECTION('ref_axis',(-0.768221279597377,-0.640184399664479,0.));
#10703=DIRECTION($,(-0.452678730212586,0.543214476255106,0.707106781186555));
#10704=DIRECTION($,(-0.768221279597377,-0.640184399664478,-1.77909807778901E-032));
#10705=DIRECTION('center_axis',(-0.768221279597377,-0.640184399664478,-1.77909807778901E-032));
#10706=DIRECTION('ref_axis',(0.640184399664479,-0.768221279597377,0.));
#10707=DIRECTION($,(1.36674100184831E-032,1.13895083487359E-032,-1.));
#10708=DIRECTION($,(0.640184399664478,-0.768221279597377,2.73691106313441E-048));
#10709=DIRECTION('center_axis',(0.452678730212597,-0.543214476255118,-0.70710678118654));
#10710=DIRECTION('ref_axis',(0.768221279597377,0.640184399664479,0.));
#10711=DIRECTION($,(0.768221279597377,0.640184399664478,1.77909807778901E-032));
#10712=DIRECTION($,(0.452678730212586,-0.543214476255106,0.707106781186555));
#10713=DIRECTION('center_axis',(-0.768221279597377,-0.640184399664478,-1.77909807778901E-032));
#10714=DIRECTION('ref_axis',(0.640184399664479,-0.768221279597377,0.));
#10715=DIRECTION($,(0.640184399664478,-0.768221279597377,2.73691106313441E-048));
#10716=DIRECTION($,(1.36674100184831E-032,1.13895083487359E-032,-1.));
#10717=DIRECTION('center_axis',(-1.36674100184831E-032,-1.13895083487359E-032,
1.));
#10718=DIRECTION('ref_axis',(-0.640184399664479,0.768221279597377,0.));
#10719=DIRECTION($,(-0.768221279597377,-0.640184399664478,-1.77909807778901E-032));
#10720=DIRECTION('center_axis',(1.36674100184831E-032,1.13895083487359E-032,
-1.));
#10721=DIRECTION('ref_axis',(0.640184399664479,-0.768221279597377,0.));
#10722=DIRECTION($,(0.768221279597377,0.640184399664478,1.77909807778901E-032));
#10723=DIRECTION('center_axis',(-0.640184399664478,0.768221279597377,-2.73691106313441E-048));
#10724=DIRECTION('ref_axis',(-0.768221279597377,-0.640184399664479,0.));
#10725=DIRECTION('center_axis',(-0.640184399664478,0.768221279597377,-2.73691106313441E-048));
#10726=DIRECTION('ref_axis',(0.,0.,-1.));
#10727=DIRECTION('center_axis',(-0.640184399664478,0.768221279597377,-2.73691106313441E-048));
#10728=DIRECTION('ref_axis',(0.,0.,-1.));
#10729=DIRECTION($,(0.768221279597377,0.640184399664478,1.77909807778901E-032));
#10730=DIRECTION($,(-1.36674100184831E-032,-1.13895083487359E-032,1.));
#10731=DIRECTION($,(0.543214476255112,0.452678730212591,-0.707106781186548));
#10732=DIRECTION($,(-0.768221279597377,-0.640184399664478,-1.77909807778901E-032));
#10733=DIRECTION($,(0.543214476255112,0.452678730212591,0.707106781186548));
#10734=DIRECTION($,(1.36674100184831E-032,1.13895083487359E-032,-1.));
#10735=DIRECTION('center_axis',(-0.543214476255112,-0.452678730212591,0.707106781186548));
#10736=DIRECTION('ref_axis',(-0.543214476255112,-0.452678730212591,-0.707106781186548));
#10737=DIRECTION($,(-0.640184399664478,0.768221279597377,-2.73691106313441E-048));
#10738=DIRECTION($,(-0.543214476255112,-0.452678730212592,-0.707106781186548));
#10739=DIRECTION($,(0.640184399664478,-0.768221279597377,2.73691106313441E-048));
#10740=DIRECTION('center_axis',(1.36674100184831E-032,1.13895083487359E-032,
-1.));
#10741=DIRECTION('ref_axis',(0.640184399664479,-0.768221279597377,0.));
#10742=DIRECTION($,(0.640184399664478,-0.768221279597377,2.73691106313441E-048));
#10743=DIRECTION($,(-0.768221279597377,-0.640184399664478,-1.77909807778901E-032));
#10744=DIRECTION('center_axis',(0.543214476255112,0.452678730212591,0.707106781186548));
#10745=DIRECTION('ref_axis',(-0.543214476255112,-0.452678730212591,0.707106781186548));
#10746=DIRECTION($,(-0.640184399664478,0.768221279597377,-2.73691106313441E-048));
#10747=DIRECTION($,(-0.543214476255112,-0.452678730212592,0.707106781186548));
#10748=DIRECTION('center_axis',(0.768221279597377,0.640184399664478,1.77909807778901E-032));
#10749=DIRECTION('ref_axis',(-0.640184399664479,0.768221279597377,0.));
#10750=DIRECTION($,(1.36674100184831E-032,1.13895083487359E-032,-1.));
#10751=DIRECTION($,(0.640184399664478,-0.768221279597377,2.73691106313441E-048));
#10752=DIRECTION('center_axis',(-0.768221279597377,-0.640184399664478,-1.77909807778901E-032));
#10753=DIRECTION('ref_axis',(0.640184399664479,-0.768221279597377,0.));
#10754=DIRECTION($,(0.640184399664478,-0.768221279597377,2.73691106313441E-048));
#10755=DIRECTION($,(-1.36674100184831E-032,-1.13895083487359E-032,1.));
#10756=DIRECTION('center_axis',(-1.36674100184831E-032,-1.13895083487359E-032,
1.));
#10757=DIRECTION('ref_axis',(-0.640184399664479,0.768221279597377,0.));
#10758=DIRECTION($,(0.768221279597377,0.640184399664478,1.77909807778901E-032));
#10759=DIRECTION('center_axis',(-0.640184399664478,0.768221279597377,-2.73691106313441E-048));
#10760=DIRECTION('ref_axis',(-0.768221279597377,-0.640184399664479,0.));
#10761=DIRECTION('center_axis',(-0.640184399664478,0.768221279597377,-2.73691106313441E-048));
#10762=DIRECTION('ref_axis',(0.,0.,-1.));
#10763=DIRECTION('center_axis',(0.640184399664478,-0.768221279597377,2.73691106313441E-048));
#10764=DIRECTION('ref_axis',(-0.768221279597377,-0.640184399664478,-1.77909807778901E-032));
#10765=DIRECTION('center_axis',(-0.640184399664478,0.768221279597377,-2.73691106313441E-048));
#10766=DIRECTION('ref_axis',(-0.768221279597377,-0.640184399664478,-1.77909807778901E-032));
#10767=DIRECTION('center_axis',(-0.640184399664478,0.768221279597377,-2.73691106313441E-048));
#10768=DIRECTION('ref_axis',(-0.768221279597377,-0.640184399664478,-1.77909807778901E-032));
#10769=DIRECTION('center_axis',(-0.640184399664478,0.768221279597377,-2.73691106313441E-048));
#10770=DIRECTION('ref_axis',(-0.768221279597377,-0.640184399664479,0.));
#10771=DIRECTION('center_axis',(-0.640184399664478,0.768221279597377,-2.73691106313441E-048));
#10772=DIRECTION('ref_axis',(0.,0.,-1.));
#10773=DIRECTION('center_axis',(0.640184399664478,-0.768221279597377,2.73691106313441E-048));
#10774=DIRECTION('ref_axis',(-0.768221279597377,-0.640184399664478,2.67162007654636E-032));
#10775=DIRECTION('center_axis',(-0.640184399664478,0.768221279597377,-2.73691106313441E-048));
#10776=DIRECTION('ref_axis',(0.768221279597377,0.640184399664479,0.));
#10777=DIRECTION('center_axis',(-0.640184399664478,0.768221279597377,-2.73691106313441E-048));
#10778=DIRECTION('ref_axis',(-0.768221279597377,-0.640184399664478,2.67162007654636E-032));
#10779=DIRECTION('center_axis',(0.640184399664478,-0.768221279597377,2.73691106313441E-048));
#10780=DIRECTION('ref_axis',(-0.768221279597377,-0.640184399664478,2.67162007654636E-032));
#10781=DIRECTION('center_axis',(-1.22464679914735E-016,1.,0.));
#10782=DIRECTION('ref_axis',(0.,0.,-1.));
#10783=DIRECTION($,(0.,0.,1.));
#10784=DIRECTION($,(-1.,-1.22464679914735E-016,0.));
#10785=DIRECTION($,(0.,0.,-1.));
#10786=DIRECTION($,(-1.,-1.22464679914735E-016,0.));
#10787=DIRECTION('center_axis',(-1.22464679914735E-016,1.,0.));
#10788=DIRECTION('ref_axis',(0.,0.,-1.));
#10789=DIRECTION($,(0.,0.,-1.));
#10790=DIRECTION($,(-1.,-1.22464679914735E-016,0.));
#10791=DIRECTION($,(0.,0.,1.));
#10792=DIRECTION($,(1.,1.22464679914735E-016,0.));
#10793=DIRECTION('center_axis',(0.,0.,-1.));
#10794=DIRECTION('ref_axis',(1.,0.,0.));
#10795=DIRECTION($,(1.22464679914735E-016,-1.,0.));
#10796=DIRECTION($,(-1.22464679914735E-016,1.,0.));
#10797=DIRECTION('center_axis',(1.,1.22464679914735E-016,0.));
#10798=DIRECTION('ref_axis',(0.,0.,1.));
#10799=DIRECTION($,(1.22464679914735E-016,-1.,0.));
#10800=DIRECTION($,(0.,0.,-1.));
#10801=DIRECTION($,(1.22464679914735E-016,-1.,0.));
#10802=DIRECTION($,(0.,0.,1.));
#10803=DIRECTION($,(1.22464679914735E-016,-1.,0.));
#10804=DIRECTION('center_axis',(0.,0.,1.));
#10805=DIRECTION('ref_axis',(-1.,0.,0.));
#10806=DIRECTION($,(1.22464679914735E-016,-1.,0.));
#10807=DIRECTION($,(1.,1.22464679914735E-016,0.));
#10808=DIRECTION('center_axis',(0.,0.,1.));
#10809=DIRECTION('ref_axis',(-1.,0.,0.));
#10810=DIRECTION($,(-1.,-1.22464679914735E-016,0.));
#10811=DIRECTION($,(1.22464679914735E-016,-1.,0.));
#10812=DIRECTION('center_axis',(-1.22464679914735E-016,1.,0.));
#10813=DIRECTION('ref_axis',(0.,0.,-1.));
#10814=DIRECTION($,(1.,1.22464679914735E-016,0.));
#10815=DIRECTION($,(0.,0.,-1.));
#10816=DIRECTION('center_axis',(-1.22464679914735E-016,1.,0.));
#10817=DIRECTION('ref_axis',(0.,0.,-1.));
#10818=DIRECTION($,(0.,0.,1.));
#10819=DIRECTION($,(-1.,-1.22464679914735E-016,0.));
#10820=DIRECTION('center_axis',(-1.,-1.22464679914735E-016,0.));
#10821=DIRECTION('ref_axis',(0.,0.,-1.));
#10822=DIRECTION($,(1.22464679914735E-016,-1.,0.));
#10823=DIRECTION('center_axis',(0.,0.,-1.));
#10824=DIRECTION('ref_axis',(1.,0.,0.));
#10825=DIRECTION('center_axis',(0.640184399664478,0.768221279597377,2.73691106313441E-048));
#10826=DIRECTION('ref_axis',(0.768221279597377,-0.640184399664479,0.));
#10827=DIRECTION($,(2.61540119860172E-032,-2.17950099883475E-032,-1.));
#10828=DIRECTION($,(-0.768221279597377,0.640184399664478,-3.40448939395748E-032));
#10829=DIRECTION($,(-2.61540119860172E-032,2.17950099883475E-032,1.));
#10830=DIRECTION($,(0.768221279597377,-0.640184399664478,3.40448939395748E-032));
#10831=DIRECTION('center_axis',(0.640184399664478,0.768221279597377,2.73691106313441E-048));
#10832=DIRECTION('ref_axis',(0.768221279597377,-0.640184399664479,0.));
#10833=DIRECTION($,(-2.61540119860172E-032,2.17950099883475E-032,1.));
#10834=DIRECTION($,(-0.768221279597377,0.640184399664478,-3.40448939395748E-032));
#10835=DIRECTION($,(2.61540119860172E-032,-2.17950099883475E-032,-1.));
#10836=DIRECTION($,(0.768221279597377,-0.640184399664478,3.40448939395748E-032));
#10837=DIRECTION('center_axis',(2.61540119860172E-032,-2.17950099883475E-032,
-1.));
#10838=DIRECTION('ref_axis',(0.640184399664478,0.768221279597377,0.));
#10839=DIRECTION($,(-0.640184399664478,-0.768221279597377,-2.73691106313441E-048));
#10840=DIRECTION($,(-0.640184399664478,-0.768221279597377,-2.73691106313441E-048));
#10841=DIRECTION('center_axis',(0.768221279597377,-0.640184399664478,3.40448939395748E-032));
#10842=DIRECTION('ref_axis',(-0.640184399664478,-0.768221279597377,0.));
#10843=DIRECTION($,(-0.640184399664478,-0.768221279597377,-2.73691106313441E-048));
#10844=DIRECTION('center_axis',(-2.61540119860172E-032,2.17950099883475E-032,
1.));
#10845=DIRECTION('ref_axis',(-0.640184399664478,-0.768221279597377,0.));
#10846=DIRECTION($,(-0.640184399664478,-0.768221279597377,-2.73691106313441E-048));
#10847=DIRECTION('center_axis',(-0.768221279597377,0.640184399664478,-3.40448939395748E-032));
#10848=DIRECTION('ref_axis',(0.640184399664478,0.768221279597377,0.));
#10849=DIRECTION('center_axis',(0.,0.,1.));
#10850=DIRECTION('ref_axis',(-1.,-1.22464679914735E-016,0.));
#10851=DIRECTION('center_axis',(0.,0.,-1.));
#10852=DIRECTION('ref_axis',(-1.,-1.22464679914735E-016,0.));
#10853=DIRECTION('center_axis',(0.,0.,1.));
#10854=DIRECTION('ref_axis',(-1.,-1.22464679914735E-016,0.));
#10855=DIRECTION('center_axis',(0.,0.,-1.));
#10856=DIRECTION('ref_axis',(1.,0.,0.));
#10857=DIRECTION('center_axis',(0.,0.,1.));
#10858=DIRECTION('ref_axis',(-1.,0.,0.));
#10859=DIRECTION('center_axis',(-1.731912112471E-016,0.707106781186552,
0.707106781186543));
#10860=DIRECTION('ref_axis',(1.,0.,0.));
#10861=DIRECTION($,(0.577350269189623,-0.577350269189623,0.577350269189631));
#10862=DIRECTION($,(-1.,-2.44929359829471E-016,0.));
#10863=DIRECTION($,(0.577350269189623,0.577350269189624,-0.577350269189631));
#10864=DIRECTION($,(1.,2.44929359829471E-016,0.));
#10865=DIRECTION('center_axis',(-2.44929359829471E-016,1.,0.));
#10866=DIRECTION('ref_axis',(1.,0.,0.));
#10867=DIRECTION($,(0.,0.,1.));
#10868=DIRECTION($,(1.,2.44929359829471E-016,0.));
#10869=DIRECTION($,(0.,0.,-1.));
#10870=DIRECTION('center_axis',(1.22464679914735E-016,-1.,0.));
#10871=DIRECTION('ref_axis',(1.,0.,0.));
#10872=DIRECTION($,(1.,1.22464679914735E-016,0.));
#10873=DIRECTION($,(0.,0.,1.));
#10874=DIRECTION($,(-1.,-1.22464679914735E-016,0.));
#10875=DIRECTION($,(0.,0.,-1.));
#10876=DIRECTION('center_axis',(0.707106781186552,9.00650525755035E-017,
0.707106781186543));
#10877=DIRECTION('ref_axis',(0.,-1.,0.));
#10878=DIRECTION($,(-1.22464679914735E-016,1.,0.));
#10879=DIRECTION($,(0.707106781186543,8.65956056235488E-017,-0.707106781186552));
#10880=DIRECTION($,(1.22464679914735E-016,-1.,0.));
#10881=DIRECTION('center_axis',(1.,1.22464679914735E-016,0.));
#10882=DIRECTION('ref_axis',(0.,-1.,0.));
#10883=DIRECTION($,(-1.22464679914735E-016,1.,0.));
#10884=DIRECTION($,(0.,0.,-1.));
#10885=DIRECTION('center_axis',(1.,1.22464679914735E-016,0.));
#10886=DIRECTION('ref_axis',(0.,1.,0.));
#10887=DIRECTION($,(2.28847549044393E-017,-1.,0.));
#10888=DIRECTION($,(1.22464679914735E-016,-1.,0.));
#10889=DIRECTION($,(0.,0.,-1.));
#10890=DIRECTION('center_axis',(0.,0.,1.));
#10891=DIRECTION('ref_axis',(-1.,0.,0.));
#10892=DIRECTION($,(2.28847549044393E-017,-1.,0.));
#10893=DIRECTION($,(-1.,-1.22464679914735E-016,0.));
#10894=DIRECTION($,(-1.22464679914735E-016,1.,0.));
#10895=DIRECTION($,(1.,1.22464679914735E-016,0.));
#10896=DIRECTION($,(1.22464679914735E-016,-1.,0.));
#10897=DIRECTION($,(1.,1.22464679914735E-016,0.));
#10898=DIRECTION('center_axis',(-1.22464679914735E-016,1.,0.));
#10899=DIRECTION('ref_axis',(0.,0.,-1.));
#10900=DIRECTION($,(0.,0.,-1.));
#10901=DIRECTION($,(1.,1.22464679914735E-016,0.));
#10902=DIRECTION($,(0.,0.,1.));
#10903=DIRECTION('center_axis',(1.22464679914735E-016,-1.,0.));
#10904=DIRECTION('ref_axis',(1.,0.,0.));
#10905=DIRECTION($,(0.,0.,1.));
#10906=DIRECTION($,(-1.,-1.22464679914735E-016,0.));
#10907=DIRECTION($,(0.,0.,-1.));
#10908=DIRECTION($,(-1.,-1.22464679914735E-016,0.));
#10909=DIRECTION('center_axis',(1.,1.22464679914735E-016,0.));
#10910=DIRECTION('ref_axis',(0.,1.,0.));
#10911=DIRECTION($,(0.,0.,-1.));
#10912=DIRECTION($,(-1.22464679914735E-016,1.,0.));
#10913=DIRECTION($,(1.22464679914735E-016,-1.,0.));
#10914=DIRECTION('center_axis',(0.,0.,1.));
#10915=DIRECTION('ref_axis',(-1.,0.,0.));
#10916=DIRECTION($,(1.,1.22464679914735E-016,0.));
#10917=DIRECTION($,(-1.22464679914735E-016,1.,0.));
#10918=DIRECTION('center_axis',(-1.,-1.22464679914735E-016,0.));
#10919=DIRECTION('ref_axis',(0.,-1.,0.));
#10920=DIRECTION($,(-1.22464679914735E-016,1.,0.));
#10921=DIRECTION($,(0.,0.,1.));
#10922=DIRECTION($,(-1.22464679914735E-016,1.,0.));
#10923=DIRECTION('center_axis',(0.,0.,1.));
#10924=DIRECTION('ref_axis',(-1.,0.,0.));
#10925=DIRECTION($,(1.,1.22464679914735E-016,0.));
#10926=DIRECTION('center_axis',(-1.,-1.22464679914735E-016,0.));
#10927=DIRECTION('ref_axis',(0.,-1.,0.));
#10928=DIRECTION($,(-1.22464679914735E-016,1.,0.));
#10929=DIRECTION($,(0.,0.,1.));
#10930=DIRECTION('center_axis',(-1.,-2.28847549044393E-017,0.));
#10931=DIRECTION('ref_axis',(0.,1.,0.));
#10932=DIRECTION($,(2.28847549044393E-017,-1.,0.));
#10933=DIRECTION($,(0.,0.,1.));
#10934=DIRECTION('center_axis',(-0.707106781186552,-1.61819653787213E-017,
0.707106781186543));
#10935=DIRECTION('ref_axis',(0.,1.,0.));
#10936=DIRECTION($,(-2.28847549044393E-017,1.,0.));
#10937=DIRECTION($,(0.707106781186543,8.65956056235488E-017,0.707106781186552));
#10938=DIRECTION('center_axis',(0.,0.,1.));
#10939=DIRECTION('ref_axis',(1.,0.,0.));
#10940=DIRECTION($,(1.,1.22464679914735E-016,0.));
#10941=DIRECTION($,(1.,1.22464679914735E-016,0.));
#10942=DIRECTION('center_axis',(0.,0.,1.));
#10943=DIRECTION('ref_axis',(-1.,0.,0.));
#10944=DIRECTION('center_axis',(-1.22464679914735E-016,1.,0.));
#10945=DIRECTION('ref_axis',(0.,0.,-1.));
#10946=CARTESIAN_POINT('',(0.,0.,0.));
#10947=CARTESIAN_POINT('Origin',(-2.74148847325059,10.8060337262644,1.00150000000004));
#10948=CARTESIAN_POINT('',(-2.64084768295288,9.19321466227429,1.00150000000004));
#10949=CARTESIAN_POINT('',(-4.44084768295288,9.19321466227429,1.00150000000004));
#10950=CARTESIAN_POINT($,(-3.14116807810174,9.19321466227429,1.00150000000004));
#10951=CARTESIAN_POINT('',(-2.64084768295288,8.39321466227429,1.00150000000004));
#10952=CARTESIAN_POINT($,(-2.64084768295288,9.52462419426935,1.00150000000004));
#10953=CARTESIAN_POINT('',(-4.44084768295288,8.39321466227429,1.00150000000004));
#10954=CARTESIAN_POINT($,(-3.59116807810174,8.39321466227429,1.00150000000004));
#10955=CARTESIAN_POINT($,(-4.44084768295288,10.1496241942694,1.00150000000004));
#10956=CARTESIAN_POINT('Origin',(-4.44084768295288,8.39321466227429,0.126500000000038));
#10957=CARTESIAN_POINT('',(-2.64084768295288,8.39321466227429,2.20150000000003));
#10958=CARTESIAN_POINT($,(-2.64084768295288,8.39321466227429,0.126500000000038));
#10959=CARTESIAN_POINT('',(-4.44084768295288,8.39321466227429,2.20150000000003));
#10960=CARTESIAN_POINT($,(-3.59116807810174,8.39321466227429,2.20150000000003));
#10961=CARTESIAN_POINT($,(-4.44084768295288,8.39321466227429,0.126500000000038));
#10962=CARTESIAN_POINT('Origin',(-2.64084768295288,8.24321466227429,0.126500000000038));
#10963=CARTESIAN_POINT('',(-2.64084768295288,9.19321466227429,2.20150000000003));
#10964=CARTESIAN_POINT($,(-2.64084768295288,9.19321466227429,0.864000000000037));
#10965=CARTESIAN_POINT($,(-2.64084768295288,9.52462419426935,2.20150000000003));
#10966=CARTESIAN_POINT('Origin',(-2.74148847325059,10.8060337262644,2.16650000000003));
#10967=CARTESIAN_POINT('',(-2.73584768295288,9.19321466227429,2.16650000000003));
#10968=CARTESIAN_POINT('',(-4.35584768295288,9.19321466227429,2.16650000000003));
#10969=CARTESIAN_POINT($,(-3.14116807810174,9.19321466227429,2.16650000000003));
#10970=CARTESIAN_POINT('',(-2.73584768295288,8.42821466227429,2.16650000000003));
#10971=CARTESIAN_POINT($,(-2.73584768295288,9.52462419426935,2.16650000000003));
#10972=CARTESIAN_POINT('',(-4.35584768295288,8.42821466227429,2.16650000000003));
#10973=CARTESIAN_POINT($,(-3.59116807810174,8.42821466227429,2.16650000000003));
#10974=CARTESIAN_POINT($,(-4.35584768295288,10.1496241942694,2.16650000000003));
#10975=CARTESIAN_POINT('Origin',(-4.44084768295288,8.42821466227429,0.126500000000038));
#10976=CARTESIAN_POINT('',(-2.73584768295288,8.42821466227429,1.03650000000004));
#10977=CARTESIAN_POINT('',(-4.35584768295288,8.42821466227429,1.03650000000004));
#10978=CARTESIAN_POINT($,(-3.59116807810174,8.42821466227429,1.03650000000004));
#10979=CARTESIAN_POINT($,(-4.35584768295288,8.42821466227429,0.126500000000038));
#10980=CARTESIAN_POINT($,(-2.73584768295288,8.42821466227429,0.126500000000038));
#10981=CARTESIAN_POINT('Origin',(-2.73584768295288,8.24321466227429,0.126500000000038));
#10982=CARTESIAN_POINT('',(-2.73584768295288,9.19321466227429,1.03650000000004));
#10983=CARTESIAN_POINT($,(-2.73584768295288,9.19321466227429,0.864000000000037));
#10984=CARTESIAN_POINT($,(-2.73584768295288,9.52462419426935,1.03650000000004));
#10985=CARTESIAN_POINT('Origin',(-4.44084768295288,9.49321466227429,0.126500000000038));
#10986=CARTESIAN_POINT('',(-4.44084768295288,9.19321466227429,2.20150000000003));
#10987=CARTESIAN_POINT($,(-4.44084768295288,9.19321466227429,0.864000000000037));
#10988=CARTESIAN_POINT($,(-4.44084768295288,10.1496241942694,2.20150000000003));
#10989=CARTESIAN_POINT('Origin',(-2.74148847325059,10.8060337262644,2.20150000000003));
#10990=CARTESIAN_POINT($,(-3.14116807810174,9.19321466227429,2.20150000000003));
#10991=CARTESIAN_POINT('Origin',(-4.35584768295288,9.49321466227429,0.126500000000038));
#10992=CARTESIAN_POINT('',(-4.35584768295288,9.19321466227429,1.03650000000004));
#10993=CARTESIAN_POINT($,(-4.35584768295288,9.19321466227429,0.864000000000037));
#10994=CARTESIAN_POINT($,(-4.35584768295288,10.1496241942694,1.03650000000004));
#10995=CARTESIAN_POINT('Origin',(-2.74148847325059,10.8060337262644,1.03650000000004));
#10996=CARTESIAN_POINT($,(-3.14116807810174,9.19321466227429,1.03650000000004));
#10997=CARTESIAN_POINT('Origin',(-3.54084768295288,9.19321466227429,1.60150000000004));
#10998=CARTESIAN_POINT('Origin',(-3.10084768295288,9.23321463929606,0.634000000000038));
#10999=CARTESIAN_POINT('',(-3.52084768295288,9.23321463929606,0.709000000000038));
#11000=CARTESIAN_POINT('',(-3.52084768295288,9.23321463929606,0.959000000000038));
#11001=CARTESIAN_POINT($,(-3.52084768295288,9.23321463929606,0.634000000000038));
#11002=CARTESIAN_POINT('',(-2.68084768295288,9.23321463929606,0.959000000000038));
#11003=CARTESIAN_POINT($,(-3.10084768295288,9.23321463929606,0.959000000000038));
#11004=CARTESIAN_POINT('',(-2.68084768295288,9.23321463929606,0.709000000000038));
#11005=CARTESIAN_POINT($,(-2.68084768295288,9.23321463929606,0.634000000000038));
#11006=CARTESIAN_POINT($,(-3.10084768295288,9.23321463929606,0.709000000000038));
#11007=CARTESIAN_POINT('Origin',(-3.10084768295288,8.48321463929606,0.634000000000038));
#11008=CARTESIAN_POINT('',(-3.52084768295288,8.48321463929606,0.959000000000038));
#11009=CARTESIAN_POINT('',(-3.52084768295288,8.48321463929606,0.709000000000038));
#11010=CARTESIAN_POINT($,(-3.52084768295288,8.48321463929606,0.634000000000038));
#11011=CARTESIAN_POINT('',(-2.68084768295288,8.48321463929606,0.709000000000038));
#11012=CARTESIAN_POINT($,(-3.10084768295288,8.48321463929606,0.709000000000038));
#11013=CARTESIAN_POINT('',(-2.68084768295288,8.48321463929606,0.959000000000038));
#11014=CARTESIAN_POINT($,(-2.68084768295288,8.48321463929606,0.634000000000038));
#11015=CARTESIAN_POINT($,(-3.10084768295288,8.48321463929606,0.959000000000038));
#11016=CARTESIAN_POINT('Origin',(-3.10084768295288,8.80821463929606,0.709000000000038));
#11017=CARTESIAN_POINT($,(-2.68084768295288,8.80821463929606,0.709000000000038));
#11018=CARTESIAN_POINT($,(-3.52084768295288,8.80821463929606,0.709000000000038));
#11019=CARTESIAN_POINT('Origin',(-2.68084768295288,8.80821463929606,0.634000000000038));
#11020=CARTESIAN_POINT($,(-2.68084768295288,8.80821463929606,0.959000000000038));
#11021=CARTESIAN_POINT('Origin',(-3.10084768295288,8.80821463929606,0.959000000000038));
#11022=CARTESIAN_POINT($,(-3.52084768295288,8.80821463929606,0.959000000000038));
#11023=CARTESIAN_POINT('Origin',(-3.52084768295288,8.80821463929606,0.634000000000038));
#11024=CARTESIAN_POINT('Origin',(-2.84116807810174,8.62314585456893,1.80203780759912));
#11025=CARTESIAN_POINT('',(-2.79084768295288,8.52321466227429,1.80574682452698));
#11026=CARTESIAN_POINT('',(-2.79084768295288,8.53654331419049,1.85203780759912));
#11027=CARTESIAN_POINT('Origin',(-2.79084768295288,8.62314585456893,1.80203780759912));
#11028=CARTESIAN_POINT('',(-4.29084768295288,8.53654331419049,1.85203780759912));
#11029=CARTESIAN_POINT($,(-2.84116807810174,8.53654331419049,1.85203780759912));
#11030=CARTESIAN_POINT('',(-4.29084768295288,8.52321466227429,1.80574682452698));
#11031=CARTESIAN_POINT('Origin',(-4.29084768295288,8.62314585456893,1.80203780759912));
#11032=CARTESIAN_POINT($,(-2.84116807810174,8.52321466227429,1.80574682452698));
#11033=CARTESIAN_POINT('Origin',(-4.29084768295288,8.67321466227429,3.68891984213977));
#11034=CARTESIAN_POINT('',(-4.29084768295288,8.71316656755812,2.15795825622998));
#11035=CARTESIAN_POINT($,(-4.29084768295288,9.84649990089146,4.12094917147472));
#11036=CARTESIAN_POINT('',(-4.29084768295288,8.73914732967165,2.14295825622998));
#11037=CARTESIAN_POINT($,(-4.29084768295288,8.98379950624076,2.00170825622998));
#11038=CARTESIAN_POINT('',(-4.29084768295288,8.55321466227429,1.82091342951094));
#11039=CARTESIAN_POINT($,(-4.29084768295288,9.63228291458184,3.68991446734217));
#11040=CARTESIAN_POINT('',(-4.29084768295288,8.55321466227429,1.17225317547309));
#11041=CARTESIAN_POINT($,(-4.29084768295288,8.55321466227429,3.68891984213977));
#11042=CARTESIAN_POINT('',(-4.29084768295288,8.52321466227429,1.17225317547309));
#11043=CARTESIAN_POINT($,(-4.29084768295288,8.33188170563685,1.17225317547309));
#11044=CARTESIAN_POINT($,(-4.29084768295288,8.52321466227429,3.68891984213977));
#11045=CARTESIAN_POINT('Origin',(-2.79084768295288,9.84649990089146,4.12094917147472));
#11046=CARTESIAN_POINT('',(-2.79084768295288,8.71316656755812,2.15795825622998));
#11047=CARTESIAN_POINT($,(-2.79084768295288,9.84649990089147,4.12094917147472));
#11048=CARTESIAN_POINT($,(-3.24084768295288,8.71316656755812,2.15795825622998));
#11049=CARTESIAN_POINT('Origin',(-4.59084768295288,9.87248066300499,4.10594917147472));
#11050=CARTESIAN_POINT('',(-2.79084768295288,8.55321466227429,1.82091342951094));
#11051=CARTESIAN_POINT($,(-4.59084768295288,8.55321466227429,1.82091342951094));
#11052=CARTESIAN_POINT('',(-2.79084768295288,8.73914732967165,2.14295825622998));
#11053=CARTESIAN_POINT($,(-4.14084768295288,8.73914732967165,2.14295825622998));
#11054=CARTESIAN_POINT($,(-2.79084768295288,9.71353291458184,3.83064359545714));
#11055=CARTESIAN_POINT('Origin',(-3.69084768295288,9.12452863435573,1.92045825622998));
#11056=CARTESIAN_POINT($,(-2.79084768295288,9.2652577624707,1.83920825622998));
#11057=CARTESIAN_POINT('Origin',(-4.59084768295288,8.55321466227429,3.68891984213977));
#11058=CARTESIAN_POINT('',(-2.79084768295288,8.55321466227429,1.17225317547309));
#11059=CARTESIAN_POINT($,(-2.79084768295288,8.55321466227429,3.68891984213977));
#11060=CARTESIAN_POINT($,(-3.74116807810174,8.55321466227429,1.17225317547309));
#11061=CARTESIAN_POINT('Origin',(-2.8914884732506,7.99054874899942,1.17225317547309));
#11062=CARTESIAN_POINT('',(-2.79084768295288,8.52321466227429,1.17225317547309));
#11063=CARTESIAN_POINT($,(-2.84116807810174,8.52321466227429,1.17225317547309));
#11064=CARTESIAN_POINT($,(-2.79084768295288,8.65688170563685,1.17225317547309));
#11065=CARTESIAN_POINT('Origin',(-2.79084768295288,8.52321466227429,3.68891984213977));
#11066=CARTESIAN_POINT($,(-2.79084768295288,8.52321466227429,3.68891984213977));
#11067=CARTESIAN_POINT('Origin',(-2.79084768295288,9.32321466227429,3.68891984213977));
#11068=CARTESIAN_POINT('Origin',(-2.66084768295288,9.17321466227429,0.166500002145767));
#11069=CARTESIAN_POINT('',(-2.67084768295288,9.18321466227429,0.166500002145767));
#11070=CARTESIAN_POINT('',(-2.67084768295288,9.16321466227429,0.166500002145767));
#11071=CARTESIAN_POINT($,(-2.67084768295288,9.17321466227429,0.166500002145767));
#11072=CARTESIAN_POINT('',(-2.65084768295288,9.16321466227429,0.166500002145767));
#11073=CARTESIAN_POINT($,(-2.66084768295288,9.16321466227429,0.166500002145767));
#11074=CARTESIAN_POINT('',(-2.65084768295288,9.18321466227429,0.166500002145767));
#11075=CARTESIAN_POINT($,(-2.65084768295288,9.17321466227429,0.166500002145767));
#11076=CARTESIAN_POINT($,(-2.66084768295288,9.18321466227429,0.166500002145767));
#11077=CARTESIAN_POINT('Origin',(-2.66084768295288,9.16321466227429,0.156500002145767));
#11078=CARTESIAN_POINT('',(-2.65084768295288,9.16321466227429,0.146500002145767));
#11079=CARTESIAN_POINT($,(-2.65084768295288,9.16321466227429,0.156500002145767));
#11080=CARTESIAN_POINT('',(-2.67084768295288,9.16321466227429,0.146500002145767));
#11081=CARTESIAN_POINT($,(-2.67084768295288,9.16321466227429,0.156500002145767));
#11082=CARTESIAN_POINT($,(-2.66084768295288,9.16321466227429,0.146500006318092));
#11083=CARTESIAN_POINT('Origin',(-2.65084768295288,9.17321466227429,0.156500002145767));
#11084=CARTESIAN_POINT('',(-2.65084768295288,9.18321466227429,0.146500002145767));
#11085=CARTESIAN_POINT($,(-2.65084768295288,9.18321466227429,0.156500002145767));
#11086=CARTESIAN_POINT($,(-2.65084768295288,9.17321466227429,0.146500006318092));
#11087=CARTESIAN_POINT('Origin',(-2.66084768295288,9.18321466227429,0.156500002145767));
#11088=CARTESIAN_POINT('',(-2.67084768295288,9.18321466227429,0.146500002145767));
#11089=CARTESIAN_POINT($,(-2.67084768295288,9.18321466227429,0.156500002145767));
#11090=CARTESIAN_POINT($,(-2.66084768295288,9.18321466227429,0.146500006318092));
#11091=CARTESIAN_POINT('Origin',(-2.67084768295288,9.17321466227429,0.156500002145767));
#11092=CARTESIAN_POINT($,(-2.67084768295288,9.17321466227429,0.146500006318092));
#11093=CARTESIAN_POINT('Origin',(-2.66084768295288,9.17321466227429,0.136500006318092));
#11094=CARTESIAN_POINT('',(-2.68084768295288,9.17321466227429,0.146500006318092));
#11095=CARTESIAN_POINT('Origin',(-2.66084768295288,9.17321466227429,0.146500006318092));
#11096=CARTESIAN_POINT('',(-2.68084768295288,9.17321466227429,0.126500006318092));
#11097=CARTESIAN_POINT('Origin',(-2.66084768295288,9.17321466227429,0.126500006318092));
#11098=CARTESIAN_POINT('Origin',(-2.66084768295288,9.17321466227429,0.146500006318092));
#11099=CARTESIAN_POINT('Origin',(-2.66084768295288,9.17321466227429,0.126500006318092));
#11100=CARTESIAN_POINT('Origin',(-2.66084768295288,8.56321466227429,0.166500002145767));
#11101=CARTESIAN_POINT('',(-2.67084768295288,8.57321466227429,0.166500002145767));
#11102=CARTESIAN_POINT('',(-2.67084768295288,8.55321466227429,0.166500002145767));
#11103=CARTESIAN_POINT($,(-2.67084768295288,8.56321466227429,0.166500002145767));
#11104=CARTESIAN_POINT('',(-2.65084768295288,8.55321466227429,0.166500002145767));
#11105=CARTESIAN_POINT($,(-2.66084768295288,8.55321466227429,0.166500002145767));
#11106=CARTESIAN_POINT('',(-2.65084768295288,8.57321466227429,0.166500002145767));
#11107=CARTESIAN_POINT($,(-2.65084768295288,8.56321466227429,0.166500002145767));
#11108=CARTESIAN_POINT($,(-2.66084768295288,8.57321466227429,0.166500002145767));
#11109=CARTESIAN_POINT('Origin',(-2.66084768295288,8.55321466227429,0.156500002145767));
#11110=CARTESIAN_POINT('',(-2.65084768295288,8.55321466227429,0.146500002145767));
#11111=CARTESIAN_POINT($,(-2.65084768295288,8.55321466227429,0.156500002145767));
#11112=CARTESIAN_POINT('',(-2.67084768295288,8.55321466227429,0.146500002145767));
#11113=CARTESIAN_POINT($,(-2.67084768295288,8.55321466227429,0.156500002145767));
#11114=CARTESIAN_POINT($,(-2.66084768295288,8.55321466227429,0.146500002145767));
#11115=CARTESIAN_POINT('Origin',(-2.65084768295288,8.56321466227429,0.156500002145767));
#11116=CARTESIAN_POINT('',(-2.65084768295288,8.57321466227429,0.146500002145767));
#11117=CARTESIAN_POINT($,(-2.65084768295288,8.57321466227429,0.156500002145767));
#11118=CARTESIAN_POINT($,(-2.65084768295288,8.56321466227429,0.146500002145767));
#11119=CARTESIAN_POINT('Origin',(-2.66084768295288,8.57321466227429,0.156500002145767));
#11120=CARTESIAN_POINT('',(-2.67084768295288,8.57321466227429,0.146500002145767));
#11121=CARTESIAN_POINT($,(-2.67084768295288,8.57321466227429,0.156500002145767));
#11122=CARTESIAN_POINT($,(-2.66084768295288,8.57321466227429,0.146500002145767));
#11123=CARTESIAN_POINT('Origin',(-2.67084768295288,8.56321466227429,0.156500002145767));
#11124=CARTESIAN_POINT($,(-2.67084768295288,8.56321466227429,0.146500002145767));
#11125=CARTESIAN_POINT('Origin',(-2.66084768295288,8.56321466227429,0.136500002145767));
#11126=CARTESIAN_POINT('',(-2.68084768295288,8.56321466227429,0.126500002145767));
#11127=CARTESIAN_POINT('Origin',(-2.66084768295288,8.56321466227429,0.126500002145767));
#11128=CARTESIAN_POINT('',(-2.68084768295288,8.56321466227429,0.146500002145767));
#11129=CARTESIAN_POINT('Origin',(-2.66084768295288,8.56321466227429,0.146500002145767));
#11130=CARTESIAN_POINT('Origin',(-2.66084768295288,8.56321466227429,0.126500002145767));
#11131=CARTESIAN_POINT('Origin',(-2.66084768295288,8.56321466227429,0.146500002145767));
#11132=CARTESIAN_POINT('Origin',(-3.54084768295288,8.56321466227429,0.166500002145767));
#11133=CARTESIAN_POINT('',(-3.55084768295288,8.57321466227429,0.166500002145767));
#11134=CARTESIAN_POINT('',(-3.55084768295288,8.55321466227429,0.166500002145767));
#11135=CARTESIAN_POINT($,(-3.55084768295288,8.56321466227429,0.166500002145767));
#11136=CARTESIAN_POINT('',(-3.53084768295288,8.55321466227429,0.166500002145767));
#11137=CARTESIAN_POINT($,(-3.54084768295288,8.55321466227429,0.166500002145767));
#11138=CARTESIAN_POINT('',(-3.53084768295288,8.57321466227429,0.166500002145767));
#11139=CARTESIAN_POINT($,(-3.53084768295288,8.56321466227429,0.166500002145767));
#11140=CARTESIAN_POINT($,(-3.54084768295288,8.57321466227429,0.166500002145767));
#11141=CARTESIAN_POINT('Origin',(-3.54084768295288,8.55321466227429,0.156500002145767));
#11142=CARTESIAN_POINT('',(-3.53084768295288,8.55321466227429,0.146500002145767));
#11143=CARTESIAN_POINT($,(-3.53084768295288,8.55321466227429,0.156500002145767));
#11144=CARTESIAN_POINT('',(-3.55084768295288,8.55321466227429,0.146500002145767));
#11145=CARTESIAN_POINT($,(-3.55084768295288,8.55321466227429,0.156500002145767));
#11146=CARTESIAN_POINT($,(-3.54084768295288,8.55321466227429,0.146500002145767));
#11147=CARTESIAN_POINT('Origin',(-3.53084768295288,8.56321466227429,0.156500002145767));
#11148=CARTESIAN_POINT('',(-3.53084768295288,8.57321466227429,0.146500002145767));
#11149=CARTESIAN_POINT($,(-3.53084768295288,8.57321466227429,0.156500002145767));
#11150=CARTESIAN_POINT($,(-3.53084768295288,8.56321466227429,0.146500002145767));
#11151=CARTESIAN_POINT('Origin',(-3.54084768295288,8.57321466227429,0.156500002145767));
#11152=CARTESIAN_POINT('',(-3.55084768295288,8.57321466227429,0.146500002145767));
#11153=CARTESIAN_POINT($,(-3.55084768295288,8.57321466227429,0.156500002145767));
#11154=CARTESIAN_POINT($,(-3.54084768295288,8.57321466227429,0.146500002145767));
#11155=CARTESIAN_POINT('Origin',(-3.55084768295288,8.56321466227429,0.156500002145767));
#11156=CARTESIAN_POINT($,(-3.55084768295288,8.56321466227429,0.146500002145767));
#11157=CARTESIAN_POINT('Origin',(-3.54084768295288,8.56321466227429,0.136500002145767));
#11158=CARTESIAN_POINT('',(-3.56084768295288,8.56321466227429,0.126500002145767));
#11159=CARTESIAN_POINT('Origin',(-3.54084768295288,8.56321466227429,0.126500002145767));
#11160=CARTESIAN_POINT('',(-3.56084768295288,8.56321466227429,0.146500002145767));
#11161=CARTESIAN_POINT('Origin',(-3.54084768295288,8.56321466227429,0.146500002145767));
#11162=CARTESIAN_POINT('Origin',(-3.54084768295288,8.56321466227429,0.126500002145767));
#11163=CARTESIAN_POINT('Origin',(-3.54084768295288,8.56321466227429,0.146500002145767));
#11164=CARTESIAN_POINT('Origin',(-3.54084768295288,9.17321466227429,0.166500002145767));
#11165=CARTESIAN_POINT('',(-3.55084768295288,9.18321466227429,0.166500002145767));
#11166=CARTESIAN_POINT('',(-3.55084768295288,9.16321466227429,0.166500002145767));
#11167=CARTESIAN_POINT($,(-3.55084768295288,9.17321466227429,0.166500002145767));
#11168=CARTESIAN_POINT('',(-3.53084768295288,9.16321466227429,0.166500002145767));
#11169=CARTESIAN_POINT($,(-3.54084768295288,9.16321466227429,0.166500002145767));
#11170=CARTESIAN_POINT('',(-3.53084768295288,9.18321466227429,0.166500002145767));
#11171=CARTESIAN_POINT($,(-3.53084768295288,9.17321466227429,0.166500002145767));
#11172=CARTESIAN_POINT($,(-3.54084768295288,9.18321466227429,0.166500002145767));
#11173=CARTESIAN_POINT('Origin',(-3.54084768295288,9.16321466227429,0.156500002145767));
#11174=CARTESIAN_POINT('',(-3.53084768295288,9.16321466227429,0.146500002145767));
#11175=CARTESIAN_POINT($,(-3.53084768295288,9.16321466227429,0.156500002145767));
#11176=CARTESIAN_POINT('',(-3.55084768295288,9.16321466227429,0.146500002145767));
#11177=CARTESIAN_POINT($,(-3.55084768295288,9.16321466227429,0.156500002145767));
#11178=CARTESIAN_POINT($,(-3.54084768295288,9.16321466227429,0.146500006318092));
#11179=CARTESIAN_POINT('Origin',(-3.53084768295288,9.17321466227429,0.156500002145767));
#11180=CARTESIAN_POINT('',(-3.53084768295288,9.18321466227429,0.146500002145767));
#11181=CARTESIAN_POINT($,(-3.53084768295288,9.18321466227429,0.156500002145767));
#11182=CARTESIAN_POINT($,(-3.53084768295288,9.17321466227429,0.146500006318092));
#11183=CARTESIAN_POINT('Origin',(-3.54084768295288,9.18321466227429,0.156500002145767));
#11184=CARTESIAN_POINT('',(-3.55084768295288,9.18321466227429,0.146500002145767));
#11185=CARTESIAN_POINT($,(-3.55084768295288,9.18321466227429,0.156500002145767));
#11186=CARTESIAN_POINT($,(-3.54084768295288,9.18321466227429,0.146500006318092));
#11187=CARTESIAN_POINT('Origin',(-3.55084768295288,9.17321466227429,0.156500002145767));
#11188=CARTESIAN_POINT($,(-3.55084768295288,9.17321466227429,0.146500006318092));
#11189=CARTESIAN_POINT('Origin',(-3.54084768295288,9.17321466227429,0.136500006318092));
#11190=CARTESIAN_POINT('',(-3.56084768295288,9.17321466227429,0.146500006318092));
#11191=CARTESIAN_POINT('Origin',(-3.54084768295288,9.17321466227429,0.146500006318092));
#11192=CARTESIAN_POINT('',(-3.56084768295288,9.17321466227429,0.126500006318092));
#11193=CARTESIAN_POINT('Origin',(-3.54084768295288,9.17321466227429,0.126500006318092));
#11194=CARTESIAN_POINT('Origin',(-3.54084768295288,9.17321466227429,0.146500006318092));
#11195=CARTESIAN_POINT('Origin',(-3.54084768295288,9.17321466227429,0.126500006318092));
#11196=CARTESIAN_POINT('Origin',(-4.42084768295288,8.56321466227429,0.166500002145767));
#11197=CARTESIAN_POINT('',(-4.43084768295288,8.57321466227429,0.166500002145767));
#11198=CARTESIAN_POINT('',(-4.43084768295288,8.55321466227429,0.166500002145767));
#11199=CARTESIAN_POINT($,(-4.43084768295288,8.56321466227429,0.166500002145767));
#11200=CARTESIAN_POINT('',(-4.41084768295288,8.55321466227429,0.166500002145767));
#11201=CARTESIAN_POINT($,(-4.42084768295288,8.55321466227429,0.166500002145767));
#11202=CARTESIAN_POINT('',(-4.41084768295288,8.57321466227429,0.166500002145767));
#11203=CARTESIAN_POINT($,(-4.41084768295288,8.56321466227429,0.166500002145767));
#11204=CARTESIAN_POINT($,(-4.42084768295288,8.57321466227429,0.166500002145767));
#11205=CARTESIAN_POINT('Origin',(-4.42084768295288,8.55321466227429,0.156500002145767));
#11206=CARTESIAN_POINT('',(-4.41084768295288,8.55321466227429,0.146500002145767));
#11207=CARTESIAN_POINT($,(-4.41084768295288,8.55321466227429,0.156500002145767));
#11208=CARTESIAN_POINT('',(-4.43084768295288,8.55321466227429,0.146500002145767));
#11209=CARTESIAN_POINT($,(-4.43084768295288,8.55321466227429,0.156500002145767));
#11210=CARTESIAN_POINT($,(-4.42084768295288,8.55321466227429,0.146500002145767));
#11211=CARTESIAN_POINT('Origin',(-4.41084768295288,8.56321466227429,0.156500002145767));
#11212=CARTESIAN_POINT('',(-4.41084768295288,8.57321466227429,0.146500002145767));
#11213=CARTESIAN_POINT($,(-4.41084768295288,8.57321466227429,0.156500002145767));
#11214=CARTESIAN_POINT($,(-4.41084768295288,8.56321466227429,0.146500002145767));
#11215=CARTESIAN_POINT('Origin',(-4.42084768295288,8.57321466227429,0.156500002145767));
#11216=CARTESIAN_POINT('',(-4.43084768295288,8.57321466227429,0.146500002145767));
#11217=CARTESIAN_POINT($,(-4.43084768295288,8.57321466227429,0.156500002145767));
#11218=CARTESIAN_POINT($,(-4.42084768295288,8.57321466227429,0.146500002145767));
#11219=CARTESIAN_POINT('Origin',(-4.43084768295288,8.56321466227429,0.156500002145767));
#11220=CARTESIAN_POINT($,(-4.43084768295288,8.56321466227429,0.146500002145767));
#11221=CARTESIAN_POINT('Origin',(-4.42084768295288,8.56321466227429,0.136500002145767));
#11222=CARTESIAN_POINT('',(-4.44084768295288,8.56321466227429,0.126500002145767));
#11223=CARTESIAN_POINT('Origin',(-4.42084768295288,8.56321466227429,0.126500002145767));
#11224=CARTESIAN_POINT('',(-4.44084768295288,8.56321466227429,0.146500002145767));
#11225=CARTESIAN_POINT('Origin',(-4.42084768295288,8.56321466227429,0.146500002145767));
#11226=CARTESIAN_POINT('Origin',(-4.42084768295288,8.56321466227429,0.126500002145767));
#11227=CARTESIAN_POINT('Origin',(-4.42084768295288,8.56321466227429,0.146500002145767));
#11228=CARTESIAN_POINT('Origin',(-4.42084768295288,9.17321466227429,0.166500002145767));
#11229=CARTESIAN_POINT('',(-4.43084768295288,9.18321466227429,0.166500002145767));
#11230=CARTESIAN_POINT('',(-4.43084768295288,9.16321466227429,0.166500002145767));
#11231=CARTESIAN_POINT($,(-4.43084768295288,9.17321466227429,0.166500002145767));
#11232=CARTESIAN_POINT('',(-4.41084768295288,9.16321466227429,0.166500002145767));
#11233=CARTESIAN_POINT($,(-4.42084768295288,9.16321466227429,0.166500002145767));
#11234=CARTESIAN_POINT('',(-4.41084768295288,9.18321466227429,0.166500002145767));
#11235=CARTESIAN_POINT($,(-4.41084768295288,9.17321466227429,0.166500002145767));
#11236=CARTESIAN_POINT($,(-4.42084768295288,9.18321466227429,0.166500002145767));
#11237=CARTESIAN_POINT('Origin',(-4.42084768295288,9.16321466227429,0.156500002145767));
#11238=CARTESIAN_POINT('',(-4.41084768295288,9.16321466227429,0.146500002145767));
#11239=CARTESIAN_POINT($,(-4.41084768295288,9.16321466227429,0.156500002145767));
#11240=CARTESIAN_POINT('',(-4.43084768295288,9.16321466227429,0.146500002145767));
#11241=CARTESIAN_POINT($,(-4.43084768295288,9.16321466227429,0.156500002145767));
#11242=CARTESIAN_POINT($,(-4.42084768295288,9.16321466227429,0.146500006318092));
#11243=CARTESIAN_POINT('Origin',(-4.41084768295288,9.17321466227429,0.156500002145767));
#11244=CARTESIAN_POINT('',(-4.41084768295288,9.18321466227429,0.146500002145767));
#11245=CARTESIAN_POINT($,(-4.41084768295288,9.18321466227429,0.156500002145767));
#11246=CARTESIAN_POINT($,(-4.41084768295288,9.17321466227429,0.146500006318092));
#11247=CARTESIAN_POINT('Origin',(-4.42084768295288,9.18321466227429,0.156500002145767));
#11248=CARTESIAN_POINT('',(-4.43084768295288,9.18321466227429,0.146500002145767));
#11249=CARTESIAN_POINT($,(-4.43084768295288,9.18321466227429,0.156500002145767));
#11250=CARTESIAN_POINT($,(-4.42084768295288,9.18321466227429,0.146500006318092));
#11251=CARTESIAN_POINT('Origin',(-4.43084768295288,9.17321466227429,0.156500002145767));
#11252=CARTESIAN_POINT($,(-4.43084768295288,9.17321466227429,0.146500006318092));
#11253=CARTESIAN_POINT('Origin',(-4.42084768295288,9.17321466227429,0.136500006318092));
#11254=CARTESIAN_POINT('',(-4.44084768295288,9.17321466227429,0.146500006318092));
#11255=CARTESIAN_POINT('Origin',(-4.42084768295288,9.17321466227429,0.146500006318092));
#11256=CARTESIAN_POINT('',(-4.44084768295288,9.17321466227429,0.126500006318092));
#11257=CARTESIAN_POINT('Origin',(-4.42084768295288,9.17321466227429,0.126500006318092));
#11258=CARTESIAN_POINT('Origin',(-4.42084768295288,9.17321466227429,0.146500006318092));
#11259=CARTESIAN_POINT('Origin',(-4.42084768295288,9.17321466227429,0.126500006318092));
#11260=CARTESIAN_POINT('Origin',(-2.74148847325059,10.8060337262644,1.00150000000004));
#11261=CARTESIAN_POINT('',(-2.79084768295288,9.29321466227429,1.00150000000004));
#11262=CARTESIAN_POINT('',(-2.79084768295288,9.19321466227429,1.00150000000004));
#11263=CARTESIAN_POINT($,(-2.79084768295288,9.52462419426935,1.00150000000004));
#11264=CARTESIAN_POINT('',(-2.64084768295288,9.29321466227429,1.00150000000004));
#11265=CARTESIAN_POINT($,(-2.69116807810174,9.29321466227429,1.00150000000004));
#11266=CARTESIAN_POINT('',(-2.64084768295288,9.19321466227429,1.00150000000004));
#11267=CARTESIAN_POINT($,(-2.64084768295288,9.52462419426935,1.00150000000004));
#11268=CARTESIAN_POINT($,(-3.14116807810174,9.19321466227429,1.00150000000004));
#11269=CARTESIAN_POINT('Origin',(-3.47379750149722,8.62408981348734,0.0855735275208184));
#11270=CARTESIAN_POINT('',(-2.79084768295288,9.19321466227429,1.90150000000003));
#11271=CARTESIAN_POINT('',(-2.67084768295288,9.29321466227429,2.02150000000004));
#11272=CARTESIAN_POINT($,(-2.9438231621293,9.06573509629394,1.74852452082362));
#11273=CARTESIAN_POINT('',(-2.67084768295288,9.29321466227429,1.02650000000004));
#11274=CARTESIAN_POINT($,(-2.67084768295288,9.29321466227429,0.0935367637604284));
#11275=CARTESIAN_POINT('',(-2.73084768295288,9.24321466227429,1.05150000000004));
#11276=CARTESIAN_POINT($,(-2.70384136056873,9.26571993092774,1.04024736567331));
#11277=CARTESIAN_POINT('',(-2.79084768295288,9.19321466227429,1.05150000000004));
#11278=CARTESIAN_POINT($,(-2.72116272772516,9.25128545829739,1.05150000000004));
#11279=CARTESIAN_POINT($,(-2.79084768295288,9.19321466227429,0.831036763760427));
#11280=CARTESIAN_POINT('Origin',(-2.64084768295288,8.24321466227429,0.126500000000038));
#11281=CARTESIAN_POINT('',(-2.64084768295288,9.19321466227429,2.20150000000003));
#11282=CARTESIAN_POINT($,(-2.64084768295288,9.19321466227429,0.864000000000037));
#11283=CARTESIAN_POINT('',(-2.64084768295288,9.29321466227429,2.20150000000003));
#11284=CARTESIAN_POINT($,(-2.64084768295288,9.29321466227428,0.126500000000038));
#11285=CARTESIAN_POINT($,(-2.64084768295288,9.52462419426935,2.20150000000003));
#11286=CARTESIAN_POINT('Origin',(-2.74148847325059,10.8060337262644,1.05150000000004));
#11287=CARTESIAN_POINT('',(-2.79084768295288,9.24321466227429,1.05150000000004));
#11288=CARTESIAN_POINT($,(-2.79084768295288,9.52462419426935,1.05150000000004));
#11289=CARTESIAN_POINT($,(-2.69116807810174,9.24321466227429,1.05150000000004));
#11290=CARTESIAN_POINT('Origin',(-2.64084768295288,10.0758384543992,0.635188103937579));
#11291=CARTESIAN_POINT('',(-2.79084768295288,9.29321466227429,1.02650000000004));
#11292=CARTESIAN_POINT($,(-2.79084768295288,9.44452655833675,0.950844051968809));
#11293=CARTESIAN_POINT($,(-2.69116807810174,9.29321466227429,1.02650000000004));
#11294=CARTESIAN_POINT('Origin',(-2.79084768295288,8.24321466227429,0.126500000000038));
#11295=CARTESIAN_POINT($,(-2.79084768295288,9.29321466227429,0.114000000000038));
#11296=CARTESIAN_POINT($,(-2.79084768295288,9.19321466227429,0.851500000000037));
#11297=CARTESIAN_POINT('Origin',(-4.44084768295288,9.49321466227429,0.126500000000038));
#11298=CARTESIAN_POINT('',(-4.44084768295288,9.19321466227429,1.00150000000004));
#11299=CARTESIAN_POINT('',(-4.44084768295288,9.19321466227429,2.20150000000003));
#11300=CARTESIAN_POINT($,(-4.44084768295288,9.19321466227429,0.864000000000037));
#11301=CARTESIAN_POINT('',(-4.44084768295288,9.29321466227429,2.20150000000003));
#11302=CARTESIAN_POINT($,(-4.44084768295288,10.1496241942694,2.20150000000003));
#11303=CARTESIAN_POINT('',(-4.44084768295288,9.29321466227429,1.00150000000004));
#11304=CARTESIAN_POINT($,(-4.44084768295288,9.29321466227428,0.126500000000038));
#11305=CARTESIAN_POINT($,(-4.44084768295288,10.1496241942694,1.00150000000004));
#11306=CARTESIAN_POINT('Origin',(-4.56722373698231,9.42352804063215,0.141182800040227));
#11307=CARTESIAN_POINT('',(-4.41084768295288,9.29321466227429,2.02150000000003));
#11308=CARTESIAN_POINT('',(-4.29084768295288,9.19321466227429,1.90150000000003));
#11309=CARTESIAN_POINT($,(-4.15316575500912,9.07847972232115,1.76381807205627));
#11310=CARTESIAN_POINT('',(-4.29084768295288,9.19321466227429,1.05150000000004));
#11311=CARTESIAN_POINT($,(-4.29084768295288,9.19321466227429,0.858841400020131));
#11312=CARTESIAN_POINT('',(-4.35084768295288,9.24321466227429,1.05150000000004));
#11313=CARTESIAN_POINT($,(-4.36844259824974,9.25787709168834,1.05150000000004));
#11314=CARTESIAN_POINT('',(-4.41084768295288,9.29321466227429,1.02650000000004));
#11315=CARTESIAN_POINT($,(-4.3249524375988,9.22163529114589,1.06228968556424));
#11316=CARTESIAN_POINT($,(-4.41084768295288,9.29321466227429,0.121341400020133));
#11317=CARTESIAN_POINT('Origin',(-2.74148847325059,10.8060337262644,2.20150000000003));
#11318=CARTESIAN_POINT($,(-2.69116807810174,9.29321466227429,2.20150000000003));
#11319=CARTESIAN_POINT($,(-3.14116807810174,9.19321466227429,2.20150000000003));
#11320=CARTESIAN_POINT('Origin',(-2.64084768295288,9.29321466227429,0.101500000000038));
#11321=CARTESIAN_POINT('',(-4.29084768295288,9.29321466227429,1.00150000000004));
#11322=CARTESIAN_POINT('',(-4.29084768295288,9.29321466227429,1.02650000000004));
#11323=CARTESIAN_POINT($,(-4.29084768295288,9.29321466227429,0.114000000000038));
#11324=CARTESIAN_POINT($,(-2.69116807810174,9.29321466227429,1.00150000000004));
#11325=CARTESIAN_POINT($,(-2.69116807810174,9.29321466227429,2.02150000000003));
#11326=CARTESIAN_POINT($,(-2.69116807810174,9.29321466227429,1.02650000000004));
#11327=CARTESIAN_POINT('Origin',(-2.74148847325059,10.2257162665222,3.14050192509758));
#11328=CARTESIAN_POINT($,(-3.14116807810174,9.19321466227429,1.90150000000003));
#11329=CARTESIAN_POINT('Origin',(-3.54084768295288,9.19321466227429,1.57650000000004));
#11330=CARTESIAN_POINT('',(-4.29084768295288,9.19321466227429,1.00150000000004));
#11331=CARTESIAN_POINT($,(-4.29084768295288,9.19321466227429,0.851500000000037));
#11332=CARTESIAN_POINT($,(-3.14116807810174,9.19321466227429,1.00150000000004));
#11333=CARTESIAN_POINT('Origin',(-2.74148847325059,10.8060337262644,1.05150000000004));
#11334=CARTESIAN_POINT('',(-4.29084768295288,9.24321466227429,1.05150000000004));
#11335=CARTESIAN_POINT($,(-4.29084768295288,10.1496241942694,1.05150000000004));
#11336=CARTESIAN_POINT($,(-2.69116807810174,9.24321466227429,1.05150000000004));
#11337=CARTESIAN_POINT('Origin',(-2.74148847325059,10.8060337262644,1.00150000000004));
#11338=CARTESIAN_POINT($,(-4.29084768295288,10.1496241942694,1.00150000000004));
#11339=CARTESIAN_POINT('Origin',(-2.64084768295288,10.0758384543992,0.635188103937579));
#11340=CARTESIAN_POINT($,(-4.29084768295288,9.94452655833675,0.70084405196881));
#11341=CARTESIAN_POINT('Origin',(-4.29084768295288,9.49321466227429,0.126500000000038));
#11342=CARTESIAN_POINT('Origin',(-3.54084768295288,9.16321466227429,2.13149997234344));
#11343=CARTESIAN_POINT('',(-4.29084768295288,9.17321466227428,2.13149997234344));
#11344=CARTESIAN_POINT('',(-4.29084768295288,9.15321466227429,2.13149997234344));
#11345=CARTESIAN_POINT($,(-4.29084768295288,9.16321466227429,2.13149997234344));
#11346=CARTESIAN_POINT('',(-2.79084768295288,9.15321466227429,2.13149997234344));
#11347=CARTESIAN_POINT($,(-3.54084768295288,9.15321466227429,2.13149997234344));
#11348=CARTESIAN_POINT('',(-2.79084768295288,9.17321466227428,2.13149997234344));
#11349=CARTESIAN_POINT($,(-2.79084768295288,9.16321466227429,2.13149997234344));
#11350=CARTESIAN_POINT($,(-3.54084768295288,9.17321466227428,2.13149997234344));
#11351=CARTESIAN_POINT('Origin',(-3.54084768295288,9.16321466227429,1.50149997234344));
#11352=CARTESIAN_POINT('',(-4.29084768295288,9.15321466227429,1.50149997234344));
#11353=CARTESIAN_POINT('',(-4.29084768295288,9.17321466227428,1.50149997234344));
#11354=CARTESIAN_POINT($,(-4.29084768295288,9.16321466227429,1.50149997234344));
#11355=CARTESIAN_POINT('',(-2.79084768295288,9.17321466227428,1.50149997234344));
#11356=CARTESIAN_POINT($,(-3.54084768295288,9.17321466227428,1.50149997234344));
#11357=CARTESIAN_POINT('',(-2.79084768295288,9.15321466227429,1.50149997234344));
#11358=CARTESIAN_POINT($,(-2.79084768295288,9.16321466227429,1.50149997234344));
#11359=CARTESIAN_POINT($,(-3.54084768295288,9.15321466227429,1.50149997234344));
#11360=CARTESIAN_POINT('Origin',(-3.54084768295288,9.17321466227428,1.95149997234344));
#11361=CARTESIAN_POINT($,(-2.79084768295288,9.17321466227428,1.95149997234344));
#11362=CARTESIAN_POINT($,(-4.29084768295288,9.17321466227428,1.95149997234344));
#11363=CARTESIAN_POINT('Origin',(-2.79084768295288,9.16321466227429,1.95149997234344));
#11364=CARTESIAN_POINT($,(-2.79084768295288,9.15321466227429,1.95149997234344));
#11365=CARTESIAN_POINT('Origin',(-3.54084768295288,9.15321466227429,1.95149997234344));
#11366=CARTESIAN_POINT($,(-4.29084768295288,9.15321466227429,1.95149997234344));
#11367=CARTESIAN_POINT('Origin',(-4.29084768295288,9.16321466227429,1.95149997234344));
#11368=CARTESIAN_POINT('Ctrl Pts',(-2.94084768295288,9.29321463929606,1.54149997234344));
#11369=CARTESIAN_POINT('Ctrl Pts',(-2.94080721701572,9.29321463929606,1.54149997234344));
#11370=CARTESIAN_POINT('Ctrl Pts',(-2.94076675253079,9.29321463929606,1.54150021794181));
#11371=CARTESIAN_POINT('Ctrl Pts',(-2.93764402161858,9.29321463929606,1.54153812991016));
#11372=CARTESIAN_POINT('Ctrl Pts',(-2.93041470518935,9.29321463929606,1.54303657052735));
#11373=CARTESIAN_POINT('Ctrl Pts',(-2.93041470518912,9.29321463929606,1.55996337415948));
#11374=CARTESIAN_POINT('Ctrl Pts',(-2.93764402161919,9.29321463929606,1.56146181477673));
#11375=CARTESIAN_POINT('Ctrl Pts',(-2.94076675253084,9.29321463929606,1.56149972674508));
#11376=CARTESIAN_POINT('Ctrl Pts',(-2.94080721701568,9.29321463929606,1.56149997234344));
#11377=CARTESIAN_POINT('Ctrl Pts',(-2.94084768295288,9.29321463929606,1.56149997234344));
#11378=CARTESIAN_POINT('Ctrl Pts',(-2.94084768295288,9.29321463929606,1.54149997234344));
#11379=CARTESIAN_POINT('Ctrl Pts',(-2.94082070539794,9.29322812767826,1.54149997182962));
#11380=CARTESIAN_POINT('Ctrl Pts',(-2.94079372923822,9.29324161552605,1.54150023328441));
#11381=CARTESIAN_POINT('Ctrl Pts',(-2.93827751445356,9.29403592447536,1.54152471793949));
#11382=CARTESIAN_POINT('Ctrl Pts',(-2.9339348615822,9.29629426831528,1.5432568894843));
#11383=CARTESIAN_POINT('Ctrl Pts',(-2.93393486158199,9.29629426831528,1.55974305520254));
#11384=CARTESIAN_POINT('Ctrl Pts',(-2.93827751445417,9.29403592447537,1.56147522674739));
#11385=CARTESIAN_POINT('Ctrl Pts',(-2.94079372923826,9.29324161552606,1.56149971140248));
#11386=CARTESIAN_POINT('Ctrl Pts',(-2.9408207053979,9.29322812767826,1.56149997285727));
#11387=CARTESIAN_POINT('Ctrl Pts',(-2.94084768295288,9.29321463929606,1.56149997234344));
#11388=CARTESIAN_POINT('Ctrl Pts',(-2.94084768295288,9.29321463929606,1.54149997234344));
#11389=CARTESIAN_POINT('Ctrl Pts',(-2.94083419457063,9.29324161685097,1.54149997131306));
#11390=CARTESIAN_POINT('Ctrl Pts',(-2.94082070624545,9.29326859205523,1.54150023225004));
#11391=CARTESIAN_POINT('Ctrl Pts',(-2.94002636378214,9.29578482856499,1.5415246663083));
#11392=CARTESIAN_POINT('Ctrl Pts',(-2.93776818432153,9.30012775979526,1.54325677499207));
#11393=CARTESIAN_POINT('Ctrl Pts',(-2.93776818432152,9.30012775979509,1.55974316969477));
#11394=CARTESIAN_POINT('Ctrl Pts',(-2.94002636378214,9.29578482856562,1.56147527837858));
#11395=CARTESIAN_POINT('Ctrl Pts',(-2.94082070624546,9.29326859205523,1.56149971243685));
#11396=CARTESIAN_POINT('Ctrl Pts',(-2.94083419457063,9.29324161685101,1.56149997337383));
#11397=CARTESIAN_POINT('Ctrl Pts',(-2.94084768295288,9.29321463929606,1.56149997234344));
#11398=CARTESIAN_POINT('Ctrl Pts',(-2.94084768295288,9.29321463929606,1.54149997234344));
#11399=CARTESIAN_POINT('Ctrl Pts',(-2.94084768295284,9.29325510523317,1.54149997079979));
#11400=CARTESIAN_POINT('Ctrl Pts',(-2.94084768295288,9.29329556828397,1.54150021484204));
#11401=CARTESIAN_POINT('Ctrl Pts',(-2.94084768295288,9.29641829024449,1.54153800774074));
#11402=CARTESIAN_POINT('Ctrl Pts',(-2.94084768295288,9.30364802890159,1.5430362154329));
#11403=CARTESIAN_POINT('Ctrl Pts',(-2.94084768295288,9.30364802890142,1.55996372925394));
#11404=CARTESIAN_POINT('Ctrl Pts',(-2.94084768295288,9.29641829024514,1.56146193694614));
#11405=CARTESIAN_POINT('Ctrl Pts',(-2.94084768295288,9.29329556828398,1.56149972984485));
#11406=CARTESIAN_POINT('Ctrl Pts',(-2.94084768295284,9.29325510523321,1.5614999738871));
#11407=CARTESIAN_POINT('Ctrl Pts',(-2.94084768295288,9.29321463929606,1.56149997234344));
#11408=CARTESIAN_POINT('',(-2.94084768295288,9.29321463929606,1.56149997234344));
#11409=CARTESIAN_POINT('',(-2.94084768295288,9.29321463929606,1.54149997234344));
#11410=CARTESIAN_POINT('Origin',(-2.94084768295288,9.29321463929606,1.55149997234344));
#11411=CARTESIAN_POINT('Origin',(-2.94084768295288,9.29321502076579,1.55149997234344));
#11412=CARTESIAN_POINT('Ctrl Pts',(-4.14084768295288,9.29321463929606,1.56149997234344));
#11413=CARTESIAN_POINT('Ctrl Pts',(-4.14088814889009,9.29321463929606,1.56149997234344));
#11414=CARTESIAN_POINT('Ctrl Pts',(-4.14092861337498,9.29321463929606,1.56149972674508));
#11415=CARTESIAN_POINT('Ctrl Pts',(-4.14405134428658,9.29321463929606,1.56146181477673));
#11416=CARTESIAN_POINT('Ctrl Pts',(-4.15128256442084,9.29321463929606,1.55996336069492));
#11417=CARTESIAN_POINT('Ctrl Pts',(-4.15128256442069,9.29321463929606,1.54303658399191));
#11418=CARTESIAN_POINT('Ctrl Pts',(-4.14405134428697,9.29321463929606,1.54153812991016));
#11419=CARTESIAN_POINT('Ctrl Pts',(-4.14092861337503,9.29321463929606,1.54150021794181));
#11420=CARTESIAN_POINT('Ctrl Pts',(-4.14088814889021,9.29321463929606,1.54149997234344));
#11421=CARTESIAN_POINT('Ctrl Pts',(-4.14084768295288,9.29321463929606,1.54149997234344));
#11422=CARTESIAN_POINT('Ctrl Pts',(-4.14084768295288,9.29321463929606,1.56149997234344));
#11423=CARTESIAN_POINT('Ctrl Pts',(-4.14087466050788,9.29322812767826,1.56149997285727));
#11424=CARTESIAN_POINT('Ctrl Pts',(-4.14090163666756,9.29324161552606,1.56149971140248));
#11425=CARTESIAN_POINT('Ctrl Pts',(-4.1434178514516,9.29403592447537,1.56147522674739));
#11426=CARTESIAN_POINT('Ctrl Pts',(-4.14776240802798,9.29629426831528,1.55974304173798));
#11427=CARTESIAN_POINT('Ctrl Pts',(-4.14776240802784,9.29629426831528,1.54325690294885));
#11428=CARTESIAN_POINT('Ctrl Pts',(-4.14341785145199,9.29403592447536,1.54152471793949));
#11429=CARTESIAN_POINT('Ctrl Pts',(-4.14090163666759,9.29324161552604,1.54150023328441));
#11430=CARTESIAN_POINT('Ctrl Pts',(-4.14087466050799,9.29322812767826,1.54149997182962));
#11431=CARTESIAN_POINT('Ctrl Pts',(-4.14084768295288,9.29321463929606,1.54149997234344));
#11432=CARTESIAN_POINT('Ctrl Pts',(-4.14084768295288,9.29321463929606,1.56149997234344));
#11433=CARTESIAN_POINT('Ctrl Pts',(-4.14086117133513,9.29324161685102,1.56149997337383));
#11434=CARTESIAN_POINT('Ctrl Pts',(-4.14087465966031,9.29326859205528,1.56149971243684));
#11435=CARTESIAN_POINT('Ctrl Pts',(-4.14166900212363,9.29578482856562,1.56147527837858));
#11436=CARTESIAN_POINT('Ctrl Pts',(-4.14392718158424,9.30012966366796,1.55974315623251));
#11437=CARTESIAN_POINT('Ctrl Pts',(-4.14392718158423,9.30012966366806,1.54325678845433));
#11438=CARTESIAN_POINT('Ctrl Pts',(-4.14166900212363,9.29578482856521,1.5415246663083));
#11439=CARTESIAN_POINT('Ctrl Pts',(-4.14087465966031,9.29326859205526,1.54150023225004));
#11440=CARTESIAN_POINT('Ctrl Pts',(-4.14086117133513,9.29324161685114,1.54149997131306));
#11441=CARTESIAN_POINT('Ctrl Pts',(-4.14084768295288,9.29321463929606,1.54149997234344));
#11442=CARTESIAN_POINT('Ctrl Pts',(-4.14084768295288,9.29321463929606,1.56149997234344));
#11443=CARTESIAN_POINT('Ctrl Pts',(-4.14084768295292,9.29325510523322,1.5614999738871));
#11444=CARTESIAN_POINT('Ctrl Pts',(-4.14084768295288,9.29329556828403,1.56149972984485));
#11445=CARTESIAN_POINT('Ctrl Pts',(-4.14084768295288,9.29641829024513,1.56146193694614));
#11446=CARTESIAN_POINT('Ctrl Pts',(-4.14084768295288,9.30364993277429,1.55996371579168));
#11447=CARTESIAN_POINT('Ctrl Pts',(-4.14084768295288,9.30364993277439,1.54303622889516));
#11448=CARTESIAN_POINT('Ctrl Pts',(-4.14084768295288,9.29641829024471,1.54153800774074));
#11449=CARTESIAN_POINT('Ctrl Pts',(-4.14084768295288,9.29329556828399,1.54150021484204));
#11450=CARTESIAN_POINT('Ctrl Pts',(-4.14084768295292,9.29325510523334,1.54149997079979));
#11451=CARTESIAN_POINT('Ctrl Pts',(-4.14084768295288,9.29321463929606,1.54149997234344));
#11452=CARTESIAN_POINT('',(-4.14084768295288,9.29321463929606,1.54149997234344));
#11453=CARTESIAN_POINT('',(-4.14084768295288,9.29321463929606,1.56149997234344));
#11454=CARTESIAN_POINT('Origin',(-4.14084768295288,9.29321463929606,1.55149997234344));
#11455=CARTESIAN_POINT('Origin',(-4.14084768295288,9.29321502076579,1.55149997234344));
#11456=CARTESIAN_POINT('Origin',(-4.14084768295288,9.24321463929606,1.55149997234344));
#11457=CARTESIAN_POINT('Origin',(-4.14084768295288,9.29321502076579,1.55149997234344));
#11458=CARTESIAN_POINT('',(-4.15084768295288,9.19321463929606,1.55149997234344));
#11459=CARTESIAN_POINT('Origin',(-4.14084768295288,9.19321466227429,1.55149997234344));
#11460=CARTESIAN_POINT('Origin',(-3.54084768295288,9.19321466227429,1.95149997234344));
#11461=CARTESIAN_POINT('',(-2.95084768295288,9.19321463929606,1.55149997234344));
#11462=CARTESIAN_POINT('Origin',(-2.94084768295288,9.19321463929606,1.55149997234344));
#11463=CARTESIAN_POINT('',(-3.55084768295288,9.19321463929606,1.55149997234344));
#11464=CARTESIAN_POINT('Origin',(-3.54084768295288,9.19321463929606,1.55149997234344));
#11465=CARTESIAN_POINT('',(-2.79084768295288,9.19321466227429,1.60149997234344));
#11466=CARTESIAN_POINT('',(-2.79084768295288,9.19321466227429,1.50149997234344));
#11467=CARTESIAN_POINT($,(-2.79084768295288,9.19321466227429,1.95149997234344));
#11468=CARTESIAN_POINT('',(-4.29084768295288,9.19321466227429,1.50149997234344));
#11469=CARTESIAN_POINT($,(-3.54084768295288,9.19321466227429,1.50149997234344));
#11470=CARTESIAN_POINT('',(-4.29084768295288,9.19321466227429,1.60149997234344));
#11471=CARTESIAN_POINT($,(-4.29084768295288,9.19321466227429,1.95149997234344));
#11472=CARTESIAN_POINT($,(-3.54084768295288,9.19321466227429,1.60149997234344));
#11473=CARTESIAN_POINT('Origin',(-3.54084768295288,9.18321466227429,1.60149997234344));
#11474=CARTESIAN_POINT('',(-4.29084768295288,9.17321466227429,1.60149997234344));
#11475=CARTESIAN_POINT($,(-4.29084768295288,9.18321466227429,1.60149997234344));
#11476=CARTESIAN_POINT('',(-2.79084768295288,9.17321466227429,1.60149997234344));
#11477=CARTESIAN_POINT($,(-3.54084768295288,9.17321466227429,1.60149997234344));
#11478=CARTESIAN_POINT($,(-2.79084768295288,9.18321466227429,1.60149997234344));
#11479=CARTESIAN_POINT('Origin',(-3.54084768295288,9.18321466227429,1.50149997234344));
#11480=CARTESIAN_POINT('',(-4.29084768295288,9.17321466227429,1.50149997234344));
#11481=CARTESIAN_POINT($,(-4.29084768295288,9.18321466227429,1.50149997234344));
#11482=CARTESIAN_POINT('',(-2.79084768295288,9.17321466227429,1.50149997234344));
#11483=CARTESIAN_POINT($,(-2.79084768295288,9.18321466227429,1.50149997234344));
#11484=CARTESIAN_POINT($,(-3.54084768295288,9.17321466227429,1.50149997234344));
#11485=CARTESIAN_POINT('Origin',(-2.79084768295288,9.18321466227429,1.95149997234344));
#11486=CARTESIAN_POINT($,(-2.79084768295288,9.17321466227429,1.95149997234344));
#11487=CARTESIAN_POINT('Origin',(-3.54084768295288,9.17321466227429,1.95149997234344));
#11488=CARTESIAN_POINT($,(-4.29084768295288,9.17321466227429,1.95149997234344));
#11489=CARTESIAN_POINT('Origin',(-4.29084768295288,9.18321466227429,1.95149997234344));
#11490=CARTESIAN_POINT('Origin',(-2.94084768295288,9.24321463929606,1.55149997234344));
#11491=CARTESIAN_POINT('Origin',(-2.94084768295288,9.29321502076579,1.55149997234344));
#11492=CARTESIAN_POINT('Origin',(-3.54084768295288,9.29321502076579,1.55149997234344));
#11493=CARTESIAN_POINT('',(-3.54084768295288,9.29321502076579,1.54149997234344));
#11494=CARTESIAN_POINT('',(-3.54084768295288,9.29321502076579,1.56149997234344));
#11495=CARTESIAN_POINT('Origin',(-3.54084768295288,9.29321502076579,1.55149997234344));
#11496=CARTESIAN_POINT('Origin',(-3.54084768295288,9.29321502076579,1.55149997234344));
#11497=CARTESIAN_POINT('Origin',(-3.54084768295288,9.24321463929606,1.55149997234344));
#11498=CARTESIAN_POINT('Origin',(-4.29084768295288,9.49321466227429,0.126500000000038));
#11499=CARTESIAN_POINT('',(-4.29084768295288,9.19321466227429,1.05150000000004));
#11500=CARTESIAN_POINT('',(-4.29084768295288,9.19321466227429,1.00150000000004));
#11501=CARTESIAN_POINT($,(-4.29084768295288,9.19321466227429,0.851500000000037));
#11502=CARTESIAN_POINT('',(-4.29084768295288,9.24321466227429,1.05150000000004));
#11503=CARTESIAN_POINT($,(-4.29084768295288,10.1496241942694,1.05150000000004));
#11504=CARTESIAN_POINT('',(-4.29084768295288,9.29321466227429,1.02650000000004));
#11505=CARTESIAN_POINT($,(-4.29084768295288,9.94452655833675,0.70084405196881));
#11506=CARTESIAN_POINT('',(-4.29084768295288,9.29321466227429,1.00150000000004));
#11507=CARTESIAN_POINT($,(-4.29084768295288,9.29321466227429,0.114000000000038));
#11508=CARTESIAN_POINT($,(-4.29084768295288,10.1496241942694,1.00150000000004));
#11509=CARTESIAN_POINT('Origin',(-2.79084768295288,8.24321466227429,0.126500000000038));
#11510=CARTESIAN_POINT('',(-2.79084768295288,9.19321466227429,1.05150000000004));
#11511=CARTESIAN_POINT('',(-2.79084768295288,9.24321466227429,1.05150000000004));
#11512=CARTESIAN_POINT($,(-2.79084768295288,9.52462419426935,1.05150000000004));
#11513=CARTESIAN_POINT('',(-2.79084768295288,9.19321466227429,1.00150000000004));
#11514=CARTESIAN_POINT($,(-2.79084768295288,9.19321466227429,0.851500000000037));
#11515=CARTESIAN_POINT('',(-2.79084768295288,9.29321466227429,1.00150000000004));
#11516=CARTESIAN_POINT($,(-2.79084768295288,9.52462419426935,1.00150000000004));
#11517=CARTESIAN_POINT('',(-2.79084768295288,9.29321466227429,1.02650000000004));
#11518=CARTESIAN_POINT($,(-2.79084768295288,9.29321466227429,0.114000000000038));
#11519=CARTESIAN_POINT($,(-2.79084768295288,9.44452655833675,0.950844051968809));
#11520=CARTESIAN_POINT('Origin',(-2.74148847325059,10.8060337262644,1.00150000000004));
#11521=CARTESIAN_POINT($,(-3.14116807810174,9.19321466227429,1.00150000000004));
#11522=CARTESIAN_POINT($,(-2.69116807810174,9.29321466227429,1.00150000000004));
#11523=CARTESIAN_POINT('Origin',(-3.54084768295288,9.19321466227429,1.57650000000004));
#11524=CARTESIAN_POINT($,(-3.14116807810174,9.19321466227429,1.05150000000004));
#11525=CARTESIAN_POINT('Origin',(-2.64084768295288,9.29321466227429,0.101500000000038));
#11526=CARTESIAN_POINT($,(-2.69116807810174,9.29321466227429,1.02650000000004));
#11527=CARTESIAN_POINT('Origin',(-2.64084768295288,10.0758384543992,0.635188103937579));
#11528=CARTESIAN_POINT($,(-2.69116807810174,9.24321466227429,1.05150000000004));
#11529=CARTESIAN_POINT('Origin',(-2.74148847325059,10.8060337262644,1.05150000000004));
#11530=CARTESIAN_POINT('Origin',(-3.88584768295288,8.78321466227429,0.289000000000038));
#11531=CARTESIAN_POINT('',(-3.56084768295288,8.78321466227429,0.269000000000038));
#11532=CARTESIAN_POINT('',(-3.56084768295288,8.78321466227429,0.309000000000038));
#11533=CARTESIAN_POINT($,(-3.56084768295288,8.78321466227429,0.116500000000038));
#11534=CARTESIAN_POINT('',(-4.40084768295288,8.78321466227429,0.269000000000038));
#11535=CARTESIAN_POINT($,(-3.93334768295288,8.78321466227429,0.269000000000038));
#11536=CARTESIAN_POINT('',(-4.40084768295288,8.78321466227429,0.309000000000038));
#11537=CARTESIAN_POINT($,(-4.40084768295288,8.78321466227429,0.116500000000038));
#11538=CARTESIAN_POINT($,(-3.49334768295288,8.78321466227429,0.309000000000038));
#11539=CARTESIAN_POINT('Origin',(-3.88584768295288,8.74321466227429,0.289000000000038));
#11540=CARTESIAN_POINT('',(-4.40084768295288,8.74321466227429,0.269000000000038));
#11541=CARTESIAN_POINT('',(-4.40084768295288,8.74321466227429,0.309000000000038));
#11542=CARTESIAN_POINT($,(-4.40084768295288,8.74321466227429,0.116500000000038));
#11543=CARTESIAN_POINT('',(-3.56084768295288,8.74321466227429,0.269000000000038));
#11544=CARTESIAN_POINT($,(-3.93334768295288,8.74321466227429,0.269000000000038));
#11545=CARTESIAN_POINT('',(-3.56084768295288,8.74321466227429,0.309000000000038));
#11546=CARTESIAN_POINT($,(-3.56084768295288,8.74321466227429,0.116500000000038));
#11547=CARTESIAN_POINT($,(-3.49334768295288,8.74321466227429,0.309000000000038));
#11548=CARTESIAN_POINT('Origin',(-3.56084768295288,8.78821463929606,-0.0559999999999618));
#11549=CARTESIAN_POINT('',(-3.56084768295288,8.58321466227429,0.269000000000038));
#11550=CARTESIAN_POINT($,(-3.56084768295288,8.82821465078517,0.269000000000038));
#11551=CARTESIAN_POINT('',(-3.56084768295288,8.58321466227429,0.166500000000038));
#11552=CARTESIAN_POINT($,(-3.56084768295288,8.58321466227429,-0.422249999999962));
#11553=CARTESIAN_POINT('',(-3.56084768295288,8.54321466227429,0.166500000000038));
#11554=CARTESIAN_POINT($,(-3.56084768295288,9.33204760742261,0.166500000000038));
#11555=CARTESIAN_POINT('',(-3.56084768295288,8.54321466227429,0.959000000000038));
#11556=CARTESIAN_POINT($,(-3.56084768295288,8.54321466227429,-0.402249999999962));
#11557=CARTESIAN_POINT('',(-3.56084768295288,8.58321466227429,0.959000000000038));
#11558=CARTESIAN_POINT($,(-3.56084768295288,8.80821463929606,0.959000000000038));
#11559=CARTESIAN_POINT('',(-3.56084768295288,8.58321466227429,0.309000000000038));
#11560=CARTESIAN_POINT($,(-3.56084768295288,8.58321466227429,0.634000000000038));
#11561=CARTESIAN_POINT($,(-3.56084768295288,8.83821465078517,0.309000000000038));
#11562=CARTESIAN_POINT('Origin',(-4.40084768295288,8.78821463929606,-0.0559999999999618));
#11563=CARTESIAN_POINT('',(-4.4008477144079,8.58321466227429,0.309000000000038));
#11564=CARTESIAN_POINT($,(-4.40084768295288,8.83821465078517,0.309000000000038));
#11565=CARTESIAN_POINT('',(-4.4008477144079,8.58321466227429,0.959000000000038));
#11566=CARTESIAN_POINT($,(-4.40084768295288,8.58321466227429,0.634000000000038));
#11567=CARTESIAN_POINT('',(-4.40084768295288,8.54321466227429,0.959000000000038));
#11568=CARTESIAN_POINT($,(-4.40084768295288,8.80821463929606,0.959000000000038));
#11569=CARTESIAN_POINT('',(-4.40084768295288,8.54321466227429,0.166500000000038));
#11570=CARTESIAN_POINT($,(-4.40084768295288,8.54321466227429,-0.229749999999962));
#11571=CARTESIAN_POINT('',(-4.40084768295288,8.58321466227429,0.166500000000038));
#11572=CARTESIAN_POINT($,(-4.40084768295288,9.33204760742261,0.166500000000038));
#11573=CARTESIAN_POINT('',(-4.40084768295288,8.58321466227429,0.269000000000038));
#11574=CARTESIAN_POINT($,(-4.40084768295288,8.58321466227429,-0.422249999999962));
#11575=CARTESIAN_POINT($,(-4.40084768295288,8.80190694840242,0.269000000000038));
#11576=CARTESIAN_POINT('Origin',(-4.40084768295288,8.78821463929606,-0.0559999999999618));
#11577=CARTESIAN_POINT('',(-4.40084768295288,9.15321466227429,0.269000000000038));
#11578=CARTESIAN_POINT($,(-4.40084768295288,8.80190694840242,0.269000000000038));
#11579=CARTESIAN_POINT('',(-4.40084768295288,9.15321466227429,0.166500000000038));
#11580=CARTESIAN_POINT($,(-4.40084768295288,9.15321466227429,-0.422249999999962));
#11581=CARTESIAN_POINT('',(-4.40084768295288,9.19321466227429,0.166500000000038));
#11582=CARTESIAN_POINT($,(-4.40084768295288,9.33204760742261,0.166500000000038));
#11583=CARTESIAN_POINT('',(-4.40084768295288,9.19321466227429,0.959000000000038));
#11584=CARTESIAN_POINT($,(-4.40084768295288,9.19321466227429,-0.229749999999962));
#11585=CARTESIAN_POINT('',(-4.40084771440791,9.15321466227429,0.959000000000038));
#11586=CARTESIAN_POINT($,(-4.40084768295288,8.80821463929606,0.959000000000038));
#11587=CARTESIAN_POINT('',(-4.40084771440791,9.15321466227429,0.309000000000038));
#11588=CARTESIAN_POINT($,(-4.40084768295288,9.15321466227429,0.634000000000038));
#11589=CARTESIAN_POINT($,(-4.40084768295288,8.83821465078517,0.309000000000038));
#11590=CARTESIAN_POINT('Origin',(-3.00584768295288,8.78321466227429,0.289000000000038));
#11591=CARTESIAN_POINT('',(-2.68084768295288,8.78321466227429,0.269000000000038));
#11592=CARTESIAN_POINT('',(-2.68084768295288,8.78321466227429,0.309000000000038));
#11593=CARTESIAN_POINT($,(-2.68084768295288,8.78321466227429,0.116500000000038));
#11594=CARTESIAN_POINT('',(-3.52084768295288,8.78321466227429,0.269000000000038));
#11595=CARTESIAN_POINT($,(-3.05334768295288,8.78321466227429,0.269000000000038));
#11596=CARTESIAN_POINT('',(-3.52084768295288,8.78321466227429,0.309000000000038));
#11597=CARTESIAN_POINT($,(-3.52084768295288,8.78321466227429,0.116500000000038));
#11598=CARTESIAN_POINT($,(-3.05334768295288,8.78321466227429,0.309000000000038));
#11599=CARTESIAN_POINT('Origin',(-3.00584768295288,8.74321466227429,0.289000000000038));
#11600=CARTESIAN_POINT('',(-3.52084768295288,8.74321466227429,0.269000000000038));
#11601=CARTESIAN_POINT('',(-3.52084768295288,8.74321466227429,0.309000000000038));
#11602=CARTESIAN_POINT($,(-3.52084768295288,8.74321466227429,0.116500000000038));
#11603=CARTESIAN_POINT('',(-2.68084768295288,8.74321466227429,0.269000000000038));
#11604=CARTESIAN_POINT($,(-3.05334768295288,8.74321466227429,0.269000000000038));
#11605=CARTESIAN_POINT('',(-2.68084768295288,8.74321466227429,0.309000000000038));
#11606=CARTESIAN_POINT($,(-2.68084768295288,8.74321466227429,0.116500000000038));
#11607=CARTESIAN_POINT($,(-3.05334768295288,8.74321466227429,0.309000000000038));
#11608=CARTESIAN_POINT('Origin',(-2.68084768295288,8.78821463929606,-0.0559999999999618));
#11609=CARTESIAN_POINT('',(-2.68084768295288,8.58321466227429,0.269000000000038));
#11610=CARTESIAN_POINT($,(-2.68084768295288,8.82821465078517,0.269000000000038));
#11611=CARTESIAN_POINT('',(-2.68084768295288,8.58321466227429,0.166500000000038));
#11612=CARTESIAN_POINT($,(-2.68084768295288,8.58321466227429,-0.422249999999962));
#11613=CARTESIAN_POINT('',(-2.68084768295288,8.54321466227429,0.166500000000038));
#11614=CARTESIAN_POINT($,(-2.68084768295288,9.33204760742261,0.166500000000038));
#11615=CARTESIAN_POINT('',(-2.68084768295288,8.54321466227429,0.959000000000038));
#11616=CARTESIAN_POINT($,(-2.68084768295288,8.54321466227429,-0.402249999999962));
#11617=CARTESIAN_POINT('',(-2.68084768295288,8.58321466227429,0.959000000000038));
#11618=CARTESIAN_POINT($,(-2.68084768295288,8.80821463929606,0.959000000000038));
#11619=CARTESIAN_POINT('',(-2.68084768295288,8.58321466227429,0.309000000000038));
#11620=CARTESIAN_POINT($,(-2.68084768295288,8.58321466227429,0.634000000000038));
#11621=CARTESIAN_POINT($,(-2.68084768295288,8.83821465078517,0.309000000000038));
#11622=CARTESIAN_POINT('Origin',(-3.52084768295288,8.78821463929606,-0.0559999999999618));
#11623=CARTESIAN_POINT('',(-3.52084768295288,8.58321466227429,0.309000000000038));
#11624=CARTESIAN_POINT($,(-3.52084768295288,8.83821465078517,0.309000000000038));
#11625=CARTESIAN_POINT('',(-3.52084768295288,8.58321466227429,0.959000000000038));
#11626=CARTESIAN_POINT($,(-3.52084768295288,8.58321466227429,0.634000000000038));
#11627=CARTESIAN_POINT('',(-3.52084768295288,8.54321466227429,0.959000000000038));
#11628=CARTESIAN_POINT($,(-3.52084768295288,8.80821463929606,0.959000000000038));
#11629=CARTESIAN_POINT('',(-3.52084768295288,8.54321466227429,0.166500000000038));
#11630=CARTESIAN_POINT($,(-3.52084768295288,8.54321466227429,-0.229749999999962));
#11631=CARTESIAN_POINT('',(-3.52084768295288,8.58321466227429,0.166500000000038));
#11632=CARTESIAN_POINT($,(-3.52084768295288,9.33204760742261,0.166500000000038));
#11633=CARTESIAN_POINT('',(-3.52084768295288,8.58321466227429,0.269000000000038));
#11634=CARTESIAN_POINT($,(-3.52084768295288,8.58321466227429,-0.422249999999962));
#11635=CARTESIAN_POINT($,(-3.52084768295288,8.82821465078517,0.269000000000038));
#11636=CARTESIAN_POINT('Origin',(-2.64084768295288,9.15321466227429,-0.788499999999962));
#11637=CARTESIAN_POINT('',(-4.44084768295288,9.15321466227429,0.166500000000038));
#11638=CARTESIAN_POINT($,(-2.69116807810174,9.15321466227429,0.166500000000038));
#11639=CARTESIAN_POINT('',(-4.44084768295288,9.15321466227429,0.269000000000038));
#11640=CARTESIAN_POINT($,(-3.09084769081664,9.15321466227429,0.269000000000038));
#11641=CARTESIAN_POINT($,(-4.44084768295288,9.15321466227429,-0.768499999999962));
#11642=CARTESIAN_POINT('Origin',(-4.44084768295288,8.58321466227429,-0.788499999999962));
#11643=CARTESIAN_POINT('',(-4.44084768295288,8.58321466227429,0.166500000000038));
#11644=CARTESIAN_POINT($,(-3.59116807810174,8.58321466227429,0.166500000000038));
#11645=CARTESIAN_POINT('',(-4.44084768295288,8.58321466227429,0.269000000000038));
#11646=CARTESIAN_POINT($,(-4.44084768295288,8.58321466227429,-0.768499999999962));
#11647=CARTESIAN_POINT($,(-3.99084769081664,8.58321466227429,0.269000000000038));
#11648=CARTESIAN_POINT('Origin',(-2.74148847325059,9.87588057554916,0.166500000000038));
#11649=CARTESIAN_POINT('',(-4.44084768295288,9.19321466227429,0.166500000000038));
#11650=CARTESIAN_POINT($,(-4.44084768295288,9.53454761891172,0.166500000000038));
#11651=CARTESIAN_POINT($,(-2.69116807810174,9.19321466227429,0.166500000000038));
#11652=CARTESIAN_POINT('Origin',(-2.74148847325059,9.87588057554916,0.166500000000038));
#11653=CARTESIAN_POINT('',(-4.44084768295288,8.54321466227429,0.166500000000038));
#11654=CARTESIAN_POINT($,(-3.59116807810174,8.54321466227429,0.166500000000038));
#11655=CARTESIAN_POINT($,(-4.44084768295288,9.53454761891172,0.166500000000038));
#11656=CARTESIAN_POINT('Origin',(-1.76084768295288,9.15321466227429,-0.788499999999962));
#11657=CARTESIAN_POINT('',(-3.52084768295288,9.15321466227429,0.166500000000038));
#11658=CARTESIAN_POINT('',(-3.56084768295288,9.15321466227429,0.166500000000038));
#11659=CARTESIAN_POINT($,(-2.25116807810174,9.15321466227429,0.166500000000038));
#11660=CARTESIAN_POINT('',(-3.52084768295288,9.15321466227429,0.269000000000038));
#11661=CARTESIAN_POINT($,(-3.52084768295288,9.15321466227429,-0.422249999999962));
#11662=CARTESIAN_POINT('',(-3.56084768295288,9.15321466227429,0.269000000000038));
#11663=CARTESIAN_POINT($,(-2.21084769081664,9.15321466227429,0.269000000000038));
#11664=CARTESIAN_POINT($,(-3.56084768295288,9.15321466227429,-0.422249999999962));
#11665=CARTESIAN_POINT('Origin',(-3.56084768295288,8.58321466227429,-0.788499999999962));
#11666=CARTESIAN_POINT($,(-3.15116807810174,8.58321466227429,0.166500000000038));
#11667=CARTESIAN_POINT($,(-3.11084769081664,8.58321466227429,0.269000000000038));
#11668=CARTESIAN_POINT('Origin',(-2.74148847325059,9.87588057554916,0.166500000000038));
#11669=CARTESIAN_POINT('',(-3.56084768295288,9.19321466227429,0.166500000000038));
#11670=CARTESIAN_POINT($,(-3.56084768295288,9.33204760742261,0.166500000000038));
#11671=CARTESIAN_POINT('',(-3.52084768295288,9.19321466227429,0.166500000000038));
#11672=CARTESIAN_POINT($,(-2.69116807810174,9.19321466227429,0.166500000000038));
#11673=CARTESIAN_POINT($,(-3.52084768295288,9.33204760742261,0.166500000000038));
#11674=CARTESIAN_POINT('Origin',(-2.74148847325059,9.87588057554916,0.166500000000038));
#11675=CARTESIAN_POINT($,(-3.59116807810174,8.54321466227429,0.166500000000038));
#11676=CARTESIAN_POINT('Origin',(-4.44084768295288,9.19321466227429,-0.748499999999962));
#11677=CARTESIAN_POINT('',(-4.44084771440791,9.15321466227429,0.309000000000038));
#11678=CARTESIAN_POINT('',(-4.44084771440791,9.15321466227429,0.959000000000038));
#11679=CARTESIAN_POINT($,(-4.44084768295288,9.15321466227429,-0.0572499999999617));
#11680=CARTESIAN_POINT('',(-4.44084771440791,8.58321466227429,0.959000000000038));
#11681=CARTESIAN_POINT($,(-4.44084768295288,9.03071466227429,0.959000000000038));
#11682=CARTESIAN_POINT('',(-4.44084771440791,8.58321466227429,0.309000000000038));
#11683=CARTESIAN_POINT($,(-4.44084768295288,8.58321466227429,-0.0572499999999617));
#11684=CARTESIAN_POINT($,(-4.44084768295288,9.03071466227429,0.309000000000038));
#11685=CARTESIAN_POINT('',(-4.44084768295288,9.19321466227429,1.00150000000004));
#11686=CARTESIAN_POINT($,(-4.44084768295288,9.19321466227429,-0.748499999999962));
#11687=CARTESIAN_POINT($,(-4.44084768295288,9.00440695989153,0.269000000000038));
#11688=CARTESIAN_POINT('',(-4.44084768295288,8.54321466227429,1.00150000000004));
#11689=CARTESIAN_POINT($,(-4.44084768295288,8.54321466227429,-0.748499999999962));
#11690=CARTESIAN_POINT($,(-4.44084768295288,9.03071466227429,1.00150000000004));
#11691=CARTESIAN_POINT('Origin',(-3.56084768295288,8.78821463929606,-0.0559999999999618));
#11692=CARTESIAN_POINT('',(-3.56084768295288,9.15321466227429,0.309000000000038));
#11693=CARTESIAN_POINT($,(-3.56084768295288,8.83821465078517,0.309000000000038));
#11694=CARTESIAN_POINT('',(-3.56084768295288,9.15321466227429,0.959000000000038));
#11695=CARTESIAN_POINT($,(-3.56084768295288,9.15321466227429,0.634000000000038));
#11696=CARTESIAN_POINT('',(-3.56084768295288,9.19321466227429,0.959000000000038));
#11697=CARTESIAN_POINT($,(-3.56084768295288,8.80821463929606,0.959000000000038));
#11698=CARTESIAN_POINT($,(-3.56084768295288,9.19321466227429,-0.402249999999962));
#11699=CARTESIAN_POINT($,(-3.56084768295288,8.82821465078517,0.269000000000038));
#11700=CARTESIAN_POINT('Origin',(-2.66084768295288,9.15321466227429,0.634000000000038));
#11701=CARTESIAN_POINT('',(-2.68084768295288,9.15321466227429,0.959000000000038));
#11702=CARTESIAN_POINT('',(-2.64084768295288,9.15321466227429,0.959000000000038));
#11703=CARTESIAN_POINT($,(-2.66084768295288,9.15321466227429,0.959000000000038));
#11704=CARTESIAN_POINT('',(-2.68084768295288,9.15321466227429,0.309000000000038));
#11705=CARTESIAN_POINT($,(-2.68084768295288,9.15321466227429,0.634000000000038));
#11706=CARTESIAN_POINT('',(-2.64084768295288,9.15321466227429,0.309000000000038));
#11707=CARTESIAN_POINT($,(-2.88084768295288,9.15321466227429,0.309000000000038));
#11708=CARTESIAN_POINT($,(-2.64084768295288,9.15321466227429,-0.0572499999999617));
#11709=CARTESIAN_POINT('Origin',(-2.66084768295288,8.58321466227429,0.634000000000038));
#11710=CARTESIAN_POINT('',(-2.64084768295288,8.58321466227429,0.309000000000038));
#11711=CARTESIAN_POINT($,(-2.88084768295288,8.58321466227429,0.309000000000038));
#11712=CARTESIAN_POINT('',(-2.64084768295288,8.58321466227429,0.959000000000038));
#11713=CARTESIAN_POINT($,(-2.66084768295288,8.58321466227429,0.959000000000038));
#11714=CARTESIAN_POINT($,(-2.64084768295288,8.58321466227429,-0.0572499999999617));
#11715=CARTESIAN_POINT('Origin',(-3.54084768295288,9.15321466227429,0.634000000000038));
#11716=CARTESIAN_POINT('',(-3.52084768295288,9.15321466227429,0.309000000000038));
#11717=CARTESIAN_POINT($,(-3.54084768295288,9.15321466227429,0.309000000000038));
#11718=CARTESIAN_POINT('',(-3.52084768295288,9.15321466227429,0.959000000000038));
#11719=CARTESIAN_POINT($,(-3.52084768295288,9.15321466227429,0.634000000000038));
#11720=CARTESIAN_POINT($,(-3.54084768295288,9.15321466227429,0.959000000000038));
#11721=CARTESIAN_POINT('Origin',(-3.54084768295288,8.58321466227429,0.634000000000038));
#11722=CARTESIAN_POINT($,(-3.54084768295288,8.58321466227429,0.959000000000038));
#11723=CARTESIAN_POINT($,(-3.54084768295288,8.58321466227429,0.309000000000038));
#11724=CARTESIAN_POINT('Origin',(-4.42084771440791,9.15321466227429,0.634000000000038));
#11725=CARTESIAN_POINT($,(-4.42084771440791,9.15321466227429,0.959000000000038));
#11726=CARTESIAN_POINT($,(-4.42084771440791,9.15321466227429,0.309000000000038));
#11727=CARTESIAN_POINT('Origin',(-4.4208477144079,8.58321466227429,0.634000000000038));
#11728=CARTESIAN_POINT($,(-4.4208477144079,8.58321466227429,0.309000000000038));
#11729=CARTESIAN_POINT($,(-4.4208477144079,8.58321466227429,0.959000000000038));
#11730=CARTESIAN_POINT('Origin',(-3.52084768295288,8.78821463929606,-0.0559999999999618));
#11731=CARTESIAN_POINT($,(-3.52084768295288,8.82821465078517,0.269000000000038));
#11732=CARTESIAN_POINT('',(-3.52084768295288,9.19321466227429,0.959000000000038));
#11733=CARTESIAN_POINT($,(-3.52084768295288,9.19321466227429,-0.229749999999962));
#11734=CARTESIAN_POINT($,(-3.52084768295288,8.80821463929606,0.959000000000038));
#11735=CARTESIAN_POINT($,(-3.52084768295288,8.83821465078517,0.309000000000038));
#11736=CARTESIAN_POINT('Origin',(-3.10084768295288,8.80821463929606,0.959000000000038));
#11737=CARTESIAN_POINT('',(-2.68084768295288,9.19321466227429,0.959000000000038));
#11738=CARTESIAN_POINT($,(-2.87084768295288,9.19321466227429,0.959000000000038));
#11739=CARTESIAN_POINT($,(-2.68084768295288,8.80821463929606,0.959000000000038));
#11740=CARTESIAN_POINT($,(-2.64084768295288,8.70571466227429,0.959000000000038));
#11741=CARTESIAN_POINT($,(-3.77084768295288,8.54321466227429,0.959000000000038));
#11742=CARTESIAN_POINT($,(-4.21084768295288,8.54321466227429,0.959000000000038));
#11743=CARTESIAN_POINT($,(-3.31084768295288,9.19321466227429,0.959000000000038));
#11744=CARTESIAN_POINT('Origin',(-3.54084768295288,8.86821466227429,1.00150000000004));
#11745=CARTESIAN_POINT('',(-2.64084768295288,9.19321466227429,1.00150000000004));
#11746=CARTESIAN_POINT('',(-2.64084768295288,8.54321466227429,1.00150000000004));
#11747=CARTESIAN_POINT($,(-2.64084768295288,8.70571466227429,1.00150000000004));
#11748=CARTESIAN_POINT($,(-3.09084768295288,9.19321466227429,1.00150000000004));
#11749=CARTESIAN_POINT($,(-3.99084768295288,8.54321466227429,1.00150000000004));
#11750=CARTESIAN_POINT('Origin',(-3.10084768295288,8.80821463929606,0.309000000000038));
#11751=CARTESIAN_POINT($,(-2.64084768295288,8.70571466227429,0.309000000000038));
#11752=CARTESIAN_POINT($,(-2.68084768295288,8.83821465078517,0.309000000000038));
#11753=CARTESIAN_POINT('Origin',(-2.64084768295288,9.19321466227429,-0.748499999999962));
#11754=CARTESIAN_POINT('',(-2.64084768295288,9.19321466227429,0.166500000000038));
#11755=CARTESIAN_POINT($,(-2.64084768295288,9.19321466227429,-0.748499999999962));
#11756=CARTESIAN_POINT('',(-2.68084768295288,9.19321466227429,0.166500000000038));
#11757=CARTESIAN_POINT($,(-2.69116807810174,9.19321466227429,0.166500000000038));
#11758=CARTESIAN_POINT($,(-2.68084768295288,9.19321466227429,-0.402249999999962));
#11759=CARTESIAN_POINT('Origin',(-2.64084768295288,8.54321466227429,-0.748499999999962));
#11760=CARTESIAN_POINT('',(-2.64084768295288,8.54321466227429,0.166500000000038));
#11761=CARTESIAN_POINT($,(-2.64084768295288,8.54321466227429,-0.748499999999962));
#11762=CARTESIAN_POINT('',(-2.64084768295288,8.58321466227429,0.166500000000038));
#11763=CARTESIAN_POINT($,(-2.64084768295288,9.20954761891172,0.166500000000038));
#11764=CARTESIAN_POINT('',(-2.64084768295288,8.58321466227429,0.269000000000038));
#11765=CARTESIAN_POINT($,(-2.64084768295288,8.58321466227429,-0.768499999999962));
#11766=CARTESIAN_POINT('',(-2.64084768295288,9.15321466227429,0.269000000000038));
#11767=CARTESIAN_POINT($,(-2.64084768295288,8.67940695989153,0.269000000000038));
#11768=CARTESIAN_POINT('',(-2.64084768295288,9.15321466227429,0.166500000000038));
#11769=CARTESIAN_POINT($,(-2.64084768295288,9.15321466227429,-0.768499999999962));
#11770=CARTESIAN_POINT($,(-2.64084768295288,9.20954761891172,0.166500000000038));
#11771=CARTESIAN_POINT('Origin',(-4.44084768295288,8.54321466227429,-0.748499999999962));
#11772=CARTESIAN_POINT($,(-3.59116807810174,8.54321466227429,0.166500000000038));
#11773=CARTESIAN_POINT('Origin',(-2.74148847325059,9.87588057554916,0.166500000000038));
#11774=CARTESIAN_POINT('',(-2.68084768295288,9.15321466227429,0.166500000000038));
#11775=CARTESIAN_POINT($,(-1.81116807810174,9.15321466227429,0.166500000000038));
#11776=CARTESIAN_POINT($,(-2.68084768295288,9.33204760742261,0.166500000000038));
#11777=CARTESIAN_POINT('Origin',(-2.74148847325059,9.87588057554916,0.166500000000038));
#11778=CARTESIAN_POINT($,(-2.71116807810174,8.58321466227429,0.166500000000038));
#11779=CARTESIAN_POINT('Origin',(-2.68084768295288,8.78821463929606,-0.0559999999999618));
#11780=CARTESIAN_POINT('',(-2.68084768295288,9.15321466227429,0.269000000000038));
#11781=CARTESIAN_POINT($,(-2.68084768295288,9.15321466227429,-0.422249999999962));
#11782=CARTESIAN_POINT($,(-2.68084768295288,8.82821465078517,0.269000000000038));
#11783=CARTESIAN_POINT('Origin',(-0.880847682952881,9.15321466227429,-0.788499999999962));
#11784=CARTESIAN_POINT($,(-1.33084769081664,9.15321466227429,0.269000000000038));
#11785=CARTESIAN_POINT('Origin',(-2.68084768295288,8.58321466227429,-0.788499999999962));
#11786=CARTESIAN_POINT($,(-2.23084769081664,8.58321466227429,0.269000000000038));
#11787=CARTESIAN_POINT('Origin',(-3.10084768295288,8.78821463929606,0.269000000000038));
#11788=CARTESIAN_POINT('Origin',(-2.73566698943248,9.25221565633447,1.50399431559804));
#11789=CARTESIAN_POINT('',(-2.68871370237066,9.29134339555266,1.83378881048502));
#11790=CARTESIAN_POINT('',(-2.69043425372142,9.28990960276035,1.17379261054045));
#11791=CARTESIAN_POINT($,(-2.68957397804604,9.2906264991565,1.50379071051274));
#11792=CARTESIAN_POINT('',(-2.7826202764943,9.21308791711629,1.17419982071105));
#11793=CARTESIAN_POINT($,(-2.73652726510786,9.25149875993832,1.17399621562575));
#11794=CARTESIAN_POINT('',(-2.78089972514353,9.21452170990859,1.83419602065562));
#11795=CARTESIAN_POINT($,(-2.78176000081891,9.21380481351244,1.50419792068333));
#11796=CARTESIAN_POINT($,(-2.7348067137571,9.25293255273062,1.83399241557032));
#11797=CARTESIAN_POINT('Origin',(-2.72926514543583,9.2445334435385,1.50399431559804));
#11798=CARTESIAN_POINT('',(-2.68403240972477,9.28222738996438,1.17379261054045));
#11799=CARTESIAN_POINT('',(-2.68231185837401,9.28366118275668,1.83378881048502));
#11800=CARTESIAN_POINT($,(-2.68317213404939,9.28294428636053,1.50379071051274));
#11801=CARTESIAN_POINT('',(-2.77449788114689,9.20683949711261,1.83419602065562));
#11802=CARTESIAN_POINT($,(-2.72840486976045,9.24525033993465,1.83399241557032));
#11803=CARTESIAN_POINT('',(-2.77621843249765,9.20540570432031,1.17419982071105));
#11804=CARTESIAN_POINT($,(-2.77535815682227,9.20612260071647,1.50419792068333));
#11805=CARTESIAN_POINT($,(-2.73012542111121,9.24381654714235,1.17399621562575));
#11806=CARTESIAN_POINT('Origin',(-2.73160579175877,9.24909144633263,1.83399241557032));
#11807=CARTESIAN_POINT($,(-2.77769880314521,9.2106806035106,1.83419602065562));
#11808=CARTESIAN_POINT($,(-2.68551278037233,9.28750228915466,1.83378881048503));
#11809=CARTESIAN_POINT('Origin',(-2.77855907882059,9.20996370711445,1.50419792068333));
#11810=CARTESIAN_POINT($,(-2.77941935449597,9.2092468107183,1.17419982071105));
#11811=CARTESIAN_POINT('Origin',(-2.73332634310953,9.24765765354033,1.17399621562575));
#11812=CARTESIAN_POINT($,(-2.6872333317231,9.28606849636236,1.17379261054045));
#11813=CARTESIAN_POINT('Origin',(-2.68637305604771,9.28678539275851,1.50379071051274));
#11814=CARTESIAN_POINT('Origin',(-4.30313628708518,9.20996370711445,1.50379071051274));
#11815=CARTESIAN_POINT('',(-4.29907508941147,9.21308791711629,1.83378881048502));
#11816=CARTESIAN_POINT('',(-4.30547693340811,9.20540570432031,1.83378881048502));
#11817=CARTESIAN_POINT($,(-4.30227601140979,9.2092468107183,1.83378881048503));
#11818=CARTESIAN_POINT('',(-4.30719748475888,9.20683949711262,1.17379261054045));
#11819=CARTESIAN_POINT($,(-4.30633720908349,9.20612260071647,1.50379071051274));
#11820=CARTESIAN_POINT('',(-4.30079564076223,9.21452170990859,1.17379261054045));
#11821=CARTESIAN_POINT($,(-4.30399656276056,9.2106806035106,1.17379261054045));
#11822=CARTESIAN_POINT($,(-4.29993536508685,9.21380481351244,1.50379071051274));
#11823=CARTESIAN_POINT('Origin',(-4.35008957414699,9.24909144633263,1.17399621562575));
#11824=CARTESIAN_POINT('',(-4.39938350753175,9.28366118275668,1.17419982071105));
#11825=CARTESIAN_POINT($,(-4.35329049614532,9.24525033993465,1.17399621562575));
#11826=CARTESIAN_POINT('',(-4.39298166353511,9.29134339555266,1.17419982071105));
#11827=CARTESIAN_POINT($,(-4.39618258553343,9.28750228915467,1.17419982071105));
#11828=CARTESIAN_POINT($,(-4.34688865214867,9.25293255273062,1.17399621562575));
#11829=CARTESIAN_POINT('Origin',(-4.39532230985805,9.28678539275852,1.50419792068333));
#11830=CARTESIAN_POINT('',(-4.39766295618099,9.28222738996438,1.83419602065562));
#11831=CARTESIAN_POINT($,(-4.39852323185637,9.28294428636053,1.50419792068333));
#11832=CARTESIAN_POINT('',(-4.39126111218435,9.28990960276035,1.83419602065562));
#11833=CARTESIAN_POINT($,(-4.39446203418267,9.28606849636236,1.83419602065562));
#11834=CARTESIAN_POINT($,(-4.39212138785973,9.2906264991565,1.50419792068333));
#11835=CARTESIAN_POINT('Origin',(-4.34836902279623,9.24765765354034,1.83399241557032));
#11836=CARTESIAN_POINT($,(-4.35156994479455,9.24381654714235,1.83399241557032));
#11837=CARTESIAN_POINT($,(-4.34516810079791,9.25149875993832,1.83399241557032));
#11838=CARTESIAN_POINT('Origin',(-4.35243022046993,9.2445334435385,1.50399431559804));
#11839=CARTESIAN_POINT('Origin',(-4.34602837647329,9.25221565633447,1.50399431559804));
#11840=CARTESIAN_POINT('Origin',(-4.34135817880361,9.26134090773625,1.49399431559804));
#11841=CARTESIAN_POINT('',(-4.37803744992993,9.29190726494557,1.34399431559804));
#11842=CARTESIAN_POINT('Origin',(-4.33962638595006,9.25989804496234,1.34399431559804));
#11843=CARTESIAN_POINT('Origin',(-3.87648810974979,8.86093210073155,1.50399431559804));
#11844=CARTESIAN_POINT('',(-4.38443929392658,9.28422505214959,1.34399431559804));
#11845=CARTESIAN_POINT('Origin',(-4.34602837647329,9.25221565633447,1.34399431559804));
#11846=CARTESIAN_POINT('Origin',(-4.34282730794839,9.25605693856436,1.34399431559804));
#11847=CARTESIAN_POINT('Origin',(-4.37355630565886,9.28166413871904,1.73399431559804));
#11848=CARTESIAN_POINT('',(-4.37675722765719,9.27782303232105,1.79399431559804));
#11849=CARTESIAN_POINT('',(-4.37035538366054,9.28550524511702,1.79399431559804));
#11850=CARTESIAN_POINT($,(-4.37355630565886,9.28166413871904,1.79399431559804));
#11851=CARTESIAN_POINT('',(-4.37035538366054,9.28550524511702,1.67399431559804));
#11852=CARTESIAN_POINT($,(-4.37035538366054,9.28550524511702,1.73399431559804));
#11853=CARTESIAN_POINT('',(-4.37675722765719,9.27782303232105,1.67399431559804));
#11854=CARTESIAN_POINT($,(-4.37355630565886,9.28166413871904,1.67399431559804));
#11855=CARTESIAN_POINT($,(-4.37675722765719,9.27782303232105,1.61899431559804));
#11856=CARTESIAN_POINT('Origin',(-4.34282745447497,9.25605676273246,1.67399431559804));
#11857=CARTESIAN_POINT('',(-4.30889768129275,9.23429049314387,1.67399431559804));
#11858=CARTESIAN_POINT($,(-4.33962653247665,9.25989786913044,1.67399431559804));
#11859=CARTESIAN_POINT('',(-4.31529952528939,9.22660828034789,1.67399431559804));
#11860=CARTESIAN_POINT($,(-4.31209860329107,9.23044938674588,1.67399431559804));
#11861=CARTESIAN_POINT($,(-4.34602837647329,9.25221565633447,1.67399431559804));
#11862=CARTESIAN_POINT('Origin',(-4.31209860329107,9.23044938674588,1.73399431559804));
#11863=CARTESIAN_POINT('',(-4.30889768129275,9.23429049314387,1.79399431559804));
#11864=CARTESIAN_POINT($,(-4.30889768129275,9.23429049314387,1.73399431559804));
#11865=CARTESIAN_POINT('',(-4.31529952528939,9.22660828034789,1.79399431559804));
#11866=CARTESIAN_POINT($,(-4.31209860329107,9.23044938674588,1.79399431559804));
#11867=CARTESIAN_POINT($,(-4.31529952528939,9.22660828034789,1.61899431559804));
#11868=CARTESIAN_POINT('Origin',(-4.34282745447497,9.25605676273246,1.79399431559804));
#11869=CARTESIAN_POINT($,(-4.33962653247665,9.25989786913044,1.79399431559804));
#11870=CARTESIAN_POINT($,(-4.34602837647329,9.25221565633447,1.79399431559804));
#11871=CARTESIAN_POINT('Origin',(-3.87648810974979,8.86093210073155,1.50399431559804));
#11872=CARTESIAN_POINT('Origin',(-4.34135817880361,9.26134090773625,1.49399431559804));
#11873=CARTESIAN_POINT('Origin',(-3.87648810974979,8.86093210073155,1.50399431559804));
#11874=CARTESIAN_POINT('',(-4.38443929392658,9.28422505214959,1.46399431559804));
#11875=CARTESIAN_POINT('Origin',(-4.34602837647329,9.25221565633447,1.46399431559804));
#11876=CARTESIAN_POINT('Origin',(-4.34282730794839,9.25605693856436,1.46399431559804));
#11877=CARTESIAN_POINT('',(-4.37803744992993,9.29190726494557,1.46399431559804));
#11878=CARTESIAN_POINT('Origin',(-4.33962638595006,9.25989804496234,1.46399431559804));
#11879=CARTESIAN_POINT('Origin',(-4.34135817880361,9.26134090773625,1.49399431559804));
#11880=CARTESIAN_POINT('Origin',(-4.37483652793161,9.29574837134355,1.23399431559804));
#11881=CARTESIAN_POINT('',(-4.37803744992993,9.29190726494557,1.19399431559804));
#11882=CARTESIAN_POINT('',(-4.38443929392658,9.28422505214959,1.19399431559804));
#11883=CARTESIAN_POINT($,(-4.37483652793161,9.29574837134355,1.19399431559804));
#11884=CARTESIAN_POINT('',(-4.38443929392658,9.28422505214959,1.27399431559804));
#11885=CARTESIAN_POINT($,(-4.38443944045316,9.28422487631769,1.36899431559804));
#11886=CARTESIAN_POINT('',(-4.37803744992993,9.29190726494557,1.27399431559804));
#11887=CARTESIAN_POINT($,(-4.37483652793161,9.29574837134355,1.27399431559804));
#11888=CARTESIAN_POINT($,(-4.37803744992993,9.29190726494556,1.23399431559804));
#11889=CARTESIAN_POINT('Origin',(-4.33642546395174,9.26373915136033,1.27399431559804));
#11890=CARTESIAN_POINT('',(-4.30761716596684,9.22020661218314,1.27399431559804));
#11891=CARTESIAN_POINT($,(-4.34602837647329,9.25221565633447,1.27399431559804));
#11892=CARTESIAN_POINT('',(-4.3012153219702,9.22788882497912,1.27399431559804));
#11893=CARTESIAN_POINT($,(-4.29801439997187,9.23172993137711,1.27399431559804));
#11894=CARTESIAN_POINT($,(-4.33962638595007,9.25989804496234,1.27399431559804));
#11895=CARTESIAN_POINT('Origin',(-4.29801439997187,9.23172993137711,1.23399431559804));
#11896=CARTESIAN_POINT('',(-4.30761716596684,9.22020661218314,1.19399431559804));
#11897=CARTESIAN_POINT($,(-4.30761731249342,9.22020643635125,1.36899431559804));
#11898=CARTESIAN_POINT('',(-4.3012153219702,9.22788882497912,1.19399431559804));
#11899=CARTESIAN_POINT($,(-4.29801439997187,9.23172993137711,1.19399431559804));
#11900=CARTESIAN_POINT($,(-4.3012153219702,9.22788882497912,1.23399431559804));
#11901=CARTESIAN_POINT('Origin',(-4.33642546395174,9.26373915136033,1.19399431559804));
#11902=CARTESIAN_POINT($,(-4.34602837647329,9.25221565633447,1.19399431559803));
#11903=CARTESIAN_POINT($,(-4.33962638595007,9.25989804496234,1.19399431559804));
#11904=CARTESIAN_POINT('Origin',(-3.87648810974979,8.86093210073155,1.50399431559804));
#11905=CARTESIAN_POINT('Origin',(-4.34135817880361,9.26134090773625,1.49399431559804));
#11906=CARTESIAN_POINT('Origin',(-3.87648810974979,8.86093210073155,1.50399431559804));
#11907=CARTESIAN_POINT('',(-4.38443929392658,9.28422505214959,1.58399431559804));
#11908=CARTESIAN_POINT('Origin',(-4.34602837647329,9.25221565633447,1.58399431559804));
#11909=CARTESIAN_POINT('Origin',(-4.34282730794839,9.25605693856436,1.58399431559804));
#11910=CARTESIAN_POINT('',(-4.37803744992993,9.29190726494557,1.58399431559804));
#11911=CARTESIAN_POINT('Origin',(-4.33962638595006,9.25989804496234,1.58399431559804));
#11912=CARTESIAN_POINT('Origin',(-4.33962638595006,9.25989804496234,1.58399431559804));
#11913=CARTESIAN_POINT('Origin',(-4.34135817880361,9.26134090773625,1.49399431559804));
#11914=CARTESIAN_POINT('',(-4.34346734582147,9.26309914279256,1.70999431559804));
#11915=CARTESIAN_POINT('',(-4.3357851330255,9.25669729879592,1.70999431559804));
#11916=CARTESIAN_POINT($,(-4.33962653247665,9.25989786913044,1.70999431559804));
#11917=CARTESIAN_POINT('',(-4.3357851330255,9.25669729879592,1.71999431559804));
#11918=CARTESIAN_POINT($,(-4.33578542607866,9.25669694713212,1.72449431559804));
#11919=CARTESIAN_POINT('',(-4.34346734582147,9.26309914279256,1.71999431559804));
#11920=CARTESIAN_POINT($,(-4.33962653247665,9.25989786913044,1.71999431559804));
#11921=CARTESIAN_POINT($,(-4.34346763887463,9.26309879112877,1.72449431559804));
#11922=CARTESIAN_POINT('Origin',(-4.33322439542684,9.26758043359021,1.71499431559804));
#11923=CARTESIAN_POINT('',(-4.33706550182483,9.27078135558854,1.70999431559804));
#11924=CARTESIAN_POINT('',(-4.33706550182483,9.27078135558854,1.71999431559804));
#11925=CARTESIAN_POINT($,(-4.33706550182483,9.27078135558854,1.71499431559804));
#11926=CARTESIAN_POINT('',(-4.32938328902885,9.26437951159189,1.71999431559804));
#11927=CARTESIAN_POINT($,(-4.33322439542684,9.26758043359021,1.71999431559804));
#11928=CARTESIAN_POINT('',(-4.32938328902885,9.26437951159189,1.70999431559804));
#11929=CARTESIAN_POINT($,(-4.32938328902885,9.26437951159189,1.71499431559804));
#11930=CARTESIAN_POINT($,(-4.33322439542684,9.26758043359021,1.70999431559804));
#11931=CARTESIAN_POINT('Origin',(-4.33642531742516,9.26373932719223,1.70999431559804));
#11932=CARTESIAN_POINT($,(-4.33258421102717,9.2605384051939,1.70999431559804));
#11933=CARTESIAN_POINT($,(-4.34026642382315,9.26694024919055,1.70999431559804));
#11934=CARTESIAN_POINT('Origin',(-4.33258421102717,9.2605384051939,1.71499431559804));
#11935=CARTESIAN_POINT($,(-4.33258421102717,9.2605384051939,1.71999431559804));
#11936=CARTESIAN_POINT('Origin',(-4.33642531742516,9.26373932719223,1.71999431559804));
#11937=CARTESIAN_POINT($,(-4.34026642382315,9.26694024919055,1.71999431559804));
#11938=CARTESIAN_POINT('Origin',(-4.34026642382315,9.26694024919055,1.71499431559804));
#11939=CARTESIAN_POINT('Origin',(-4.34135817880361,9.26134090773625,1.49399431559804));
#11940=CARTESIAN_POINT('',(-4.34346734582147,9.26309914279256,1.68799431559804));
#11941=CARTESIAN_POINT('',(-4.3357851330255,9.25669729879592,1.68799431559804));
#11942=CARTESIAN_POINT($,(-4.33962623942348,9.25989822079424,1.68799431559804));
#11943=CARTESIAN_POINT('',(-4.3357851330255,9.25669729879592,1.69799431559804));
#11944=CARTESIAN_POINT($,(-4.3357851330255,9.25669729879592,1.69299431559804));
#11945=CARTESIAN_POINT('',(-4.34346734582147,9.26309914279256,1.69799431559804));
#11946=CARTESIAN_POINT($,(-4.33962623942348,9.25989822079424,1.69799431559804));
#11947=CARTESIAN_POINT($,(-4.34346734582147,9.26309914279256,1.69299431559804));
#11948=CARTESIAN_POINT('Origin',(-4.33322439542684,9.26758043359021,1.69299431559804));
#11949=CARTESIAN_POINT('',(-4.33706550182483,9.27078135558854,1.68799431559804));
#11950=CARTESIAN_POINT('',(-4.33706550182483,9.27078135558854,1.69799431559804));
#11951=CARTESIAN_POINT($,(-4.33706550182483,9.27078135558854,1.69299431559804));
#11952=CARTESIAN_POINT('',(-4.32938328902885,9.26437951159189,1.69799431559804));
#11953=CARTESIAN_POINT($,(-4.33322439542684,9.26758043359021,1.69799431559804));
#11954=CARTESIAN_POINT('',(-4.32938328902885,9.26437951159189,1.68799431559804));
#11955=CARTESIAN_POINT($,(-4.32938328902885,9.26437951159189,1.69299431559804));
#11956=CARTESIAN_POINT($,(-4.33322439542684,9.26758043359021,1.68799431559804));
#11957=CARTESIAN_POINT('Origin',(-4.33642531742516,9.26373932719223,1.68799431559804));
#11958=CARTESIAN_POINT($,(-4.33258421102717,9.2605384051939,1.68799431559804));
#11959=CARTESIAN_POINT($,(-4.34026642382315,9.26694024919055,1.68799431559804));
#11960=CARTESIAN_POINT('Origin',(-4.33258421102717,9.2605384051939,1.69299431559804));
#11961=CARTESIAN_POINT($,(-4.33258421102717,9.2605384051939,1.69799431559804));
#11962=CARTESIAN_POINT('Origin',(-4.33642531742516,9.26373932719223,1.69799431559804));
#11963=CARTESIAN_POINT($,(-4.34026642382315,9.26694024919055,1.69799431559804));
#11964=CARTESIAN_POINT('Origin',(-4.34026642382315,9.26694024919055,1.69299431559804));
#11965=CARTESIAN_POINT('Origin',(-4.3249019982312,9.25413656119726,1.70399431559804));
#11966=CARTESIAN_POINT('',(-4.32170107623288,9.25797766759525,1.69899431559804));
#11967=CARTESIAN_POINT('',(-4.32810292022952,9.25029545479927,1.69899431559804));
#11968=CARTESIAN_POINT($,(-4.3249019982312,9.25413656119726,1.69899431559804));
#11969=CARTESIAN_POINT('',(-4.32810292022952,9.25029545479927,1.70899431559804));
#11970=CARTESIAN_POINT($,(-4.32810292022952,9.25029545479927,1.70399431559804));
#11971=CARTESIAN_POINT('',(-4.32170107623288,9.25797766759525,1.70899431559804));
#11972=CARTESIAN_POINT($,(-4.3249019982312,9.25413656119726,1.70899431559804));
#11973=CARTESIAN_POINT($,(-4.32170107623288,9.25797766759525,1.70399431559804));
#11974=CARTESIAN_POINT('Origin',(-4.32106089183321,9.25093563919894,1.70899431559804));
#11975=CARTESIAN_POINT('',(-4.32042070743355,9.24389361080263,1.70899431559804));
#11976=CARTESIAN_POINT($,(-4.32426181383154,9.24709453280095,1.70899431559804));
#11977=CARTESIAN_POINT('',(-4.3140188634369,9.2515758235986,1.70899431559804));
#11978=CARTESIAN_POINT($,(-4.31721978543523,9.24773471720061,1.70899431559804));
#11979=CARTESIAN_POINT($,(-4.31785996983489,9.25477674559692,1.70899431559804));
#11980=CARTESIAN_POINT('Origin',(-4.31721978543523,9.24773471720061,1.70399431559804));
#11981=CARTESIAN_POINT('',(-4.32042070743355,9.24389361080263,1.69899431559804));
#11982=CARTESIAN_POINT($,(-4.32042070743355,9.24389361080263,1.70399431559804));
#11983=CARTESIAN_POINT('',(-4.3140188634369,9.2515758235986,1.69899431559804));
#11984=CARTESIAN_POINT($,(-4.31721978543523,9.24773471720061,1.69899431559804));
#11985=CARTESIAN_POINT($,(-4.3140188634369,9.2515758235986,1.70399431559804));
#11986=CARTESIAN_POINT('Origin',(-4.32106089183321,9.25093563919894,1.69899431559804));
#11987=CARTESIAN_POINT($,(-4.32426181383154,9.24709453280095,1.69899431559804));
#11988=CARTESIAN_POINT($,(-4.31785996983489,9.25477674559692,1.69899431559804));
#11989=CARTESIAN_POINT('Origin',(-4.31785996983489,9.25477674559692,1.70399431559804));
#11990=CARTESIAN_POINT('Origin',(-4.34135817880361,9.26134090773625,1.49399431559804));
#11991=CARTESIAN_POINT('Origin',(-4.34026642382315,9.26694024919055,1.70399431559804));
#11992=CARTESIAN_POINT('',(-4.33706550182483,9.27078135558854,1.69899431559804));
#11993=CARTESIAN_POINT('',(-4.34346734582147,9.26309914279256,1.69899431559804));
#11994=CARTESIAN_POINT($,(-4.34026642382315,9.26694024919055,1.69899431559804));
#11995=CARTESIAN_POINT('',(-4.34346734582147,9.26309914279256,1.70899431559804));
#11996=CARTESIAN_POINT($,(-4.34346763887463,9.26309879112877,1.71899431559804));
#11997=CARTESIAN_POINT('',(-4.33706550182483,9.27078135558854,1.70899431559804));
#11998=CARTESIAN_POINT($,(-4.34026642382315,9.26694024919055,1.70899431559804));
#11999=CARTESIAN_POINT($,(-4.33706550182483,9.27078135558854,1.70399431559804));
#12000=CARTESIAN_POINT('Origin',(-4.33642531742516,9.26373932719223,1.70899431559804));
#12001=CARTESIAN_POINT('',(-4.3357851330255,9.25669729879592,1.70899431559804));
#12002=CARTESIAN_POINT($,(-4.33962653247665,9.25989786913044,1.70899431559803));
#12003=CARTESIAN_POINT('',(-4.32938328902885,9.26437951159189,1.70899431559804));
#12004=CARTESIAN_POINT($,(-4.33258421102717,9.2605384051939,1.70899431559804));
#12005=CARTESIAN_POINT($,(-4.33322439542684,9.26758043359021,1.70899431559804));
#12006=CARTESIAN_POINT('Origin',(-4.33258421102717,9.2605384051939,1.70399431559804));
#12007=CARTESIAN_POINT('',(-4.3357851330255,9.25669729879592,1.69899431559804));
#12008=CARTESIAN_POINT($,(-4.33578542607866,9.25669694713212,1.71899431559804));
#12009=CARTESIAN_POINT('',(-4.32938328902885,9.26437951159189,1.69899431559804));
#12010=CARTESIAN_POINT($,(-4.33258421102717,9.2605384051939,1.69899431559804));
#12011=CARTESIAN_POINT($,(-4.32938328902885,9.26437951159189,1.70399431559804));
#12012=CARTESIAN_POINT('Origin',(-4.33642531742516,9.26373932719223,1.69899431559804));
#12013=CARTESIAN_POINT($,(-4.33962653247665,9.25989786913044,1.69899431559804));
#12014=CARTESIAN_POINT($,(-4.33322439542684,9.26758043359021,1.69899431559804));
#12015=CARTESIAN_POINT('Origin',(-4.33322439542684,9.26758043359021,1.70399431559804));
#12016=CARTESIAN_POINT('Origin',(-4.34135817880361,9.26134090773625,1.49399431559804));
#12017=CARTESIAN_POINT('Origin',(-4.34135817880361,9.26134090773625,1.49399431559804));
#12018=CARTESIAN_POINT('',(-4.32810292022952,9.25029545479927,1.68799431559804));
#12019=CARTESIAN_POINT('',(-4.32042070743355,9.24389361080263,1.68799431559804));
#12020=CARTESIAN_POINT($,(-4.33194431968067,9.2534960251338,1.68799431559804));
#12021=CARTESIAN_POINT('',(-4.32042070743355,9.24389361080263,1.69799431559804));
#12022=CARTESIAN_POINT($,(-4.32042100048671,9.24389325913883,1.71349431559804));
#12023=CARTESIAN_POINT('',(-4.32810292022952,9.25029545479927,1.69799431559804));
#12024=CARTESIAN_POINT($,(-4.33194431968067,9.2534960251338,1.69799431559804));
#12025=CARTESIAN_POINT($,(-4.32810321328268,9.25029510313548,1.71349431559804));
#12026=CARTESIAN_POINT('Origin',(-4.31785996983489,9.25477674559692,1.69299431559804));
#12027=CARTESIAN_POINT('',(-4.32170107623288,9.25797766759525,1.68799431559804));
#12028=CARTESIAN_POINT('',(-4.32170107623288,9.25797766759525,1.69799431559804));
#12029=CARTESIAN_POINT($,(-4.32170107623288,9.25797766759525,1.69299431559804));
#12030=CARTESIAN_POINT('',(-4.3140188634369,9.2515758235986,1.69799431559804));
#12031=CARTESIAN_POINT($,(-4.31785996983489,9.25477674559692,1.69799431559804));
#12032=CARTESIAN_POINT('',(-4.3140188634369,9.2515758235986,1.68799431559804));
#12033=CARTESIAN_POINT($,(-4.3140188634369,9.2515758235986,1.69299431559804));
#12034=CARTESIAN_POINT($,(-4.31785996983489,9.25477674559692,1.68799431559804));
#12035=CARTESIAN_POINT('Origin',(-4.32106089183321,9.25093563919894,1.68799431559804));
#12036=CARTESIAN_POINT($,(-4.31721978543523,9.24773471720061,1.68799431559804));
#12037=CARTESIAN_POINT($,(-4.3249019982312,9.25413656119726,1.68799431559804));
#12038=CARTESIAN_POINT('Origin',(-4.31721978543523,9.24773471720061,1.69299431559804));
#12039=CARTESIAN_POINT($,(-4.31721978543523,9.24773471720061,1.69799431559804));
#12040=CARTESIAN_POINT('Origin',(-4.32106089183321,9.25093563919894,1.69799431559804));
#12041=CARTESIAN_POINT($,(-4.3249019982312,9.25413656119726,1.69799431559804));
#12042=CARTESIAN_POINT('Origin',(-4.3249019982312,9.25413656119726,1.69299431559804));
#12043=CARTESIAN_POINT('Origin',(-4.34135817880361,9.26134090773625,1.49399431559804));
#12044=CARTESIAN_POINT('',(-4.35883177141342,9.27590283078586,1.72799431559803));
#12045=CARTESIAN_POINT('',(-4.32042070743355,9.24389361080264,1.72799431559803));
#12046=CARTESIAN_POINT($,(-4.33962623942349,9.25989822079425,1.72799431559803));
#12047=CARTESIAN_POINT('',(-4.32042070743355,9.24389361080264,1.74299431559804));
#12048=CARTESIAN_POINT($,(-4.32042070743355,9.24389361080264,1.75299431559803));
#12049=CARTESIAN_POINT('',(-4.35883177141342,9.27590283078586,1.74299431559804));
#12050=CARTESIAN_POINT($,(-4.33962623942349,9.25989822079425,1.74299431559803));
#12051=CARTESIAN_POINT($,(-4.35883177141342,9.27590283078586,1.75299431559803));
#12052=CARTESIAN_POINT('Origin',(-4.33322439542684,9.26758043359022,1.75299431559803));
#12053=CARTESIAN_POINT('',(-4.35242992741678,9.28358504358183,1.72799431559803));
#12054=CARTESIAN_POINT('',(-4.35242992741678,9.28358504358183,1.74299431559804));
#12055=CARTESIAN_POINT($,(-4.35242992741678,9.28358504358183,1.75299431559803));
#12056=CARTESIAN_POINT('',(-4.31401886343691,9.25157582359861,1.74299431559804));
#12057=CARTESIAN_POINT($,(-4.33322439542684,9.26758043359022,1.74299431559803));
#12058=CARTESIAN_POINT('',(-4.31401886343691,9.25157582359861,1.72799431559803));
#12059=CARTESIAN_POINT($,(-4.31401886343691,9.25157582359861,1.75299431559803));
#12060=CARTESIAN_POINT($,(-4.33322439542684,9.26758043359022,1.72799431559803));
#12061=CARTESIAN_POINT('Origin',(-4.33642531742516,9.26373932719223,1.72799431559803));
#12062=CARTESIAN_POINT($,(-4.31721978543523,9.24773471720062,1.72799431559803));
#12063=CARTESIAN_POINT($,(-4.3556308494151,9.27974393718385,1.72799431559803));
#12064=CARTESIAN_POINT('Origin',(-4.31721978543523,9.24773471720062,1.75299431559803));
#12065=CARTESIAN_POINT($,(-4.31721978543523,9.24773471720062,1.74299431559803));
#12066=CARTESIAN_POINT('Origin',(-4.33642531742516,9.26373932719223,1.74299431559804));
#12067=CARTESIAN_POINT($,(-4.3556308494151,9.27974393718385,1.74299431559803));
#12068=CARTESIAN_POINT('Origin',(-4.3556308494151,9.27974393718385,1.75299431559803));
#12069=CARTESIAN_POINT('Origin',(-4.3249019982312,9.25413656119726,1.71499431559804));
#12070=CARTESIAN_POINT('',(-4.32170107623288,9.25797766759525,1.70999431559804));
#12071=CARTESIAN_POINT('',(-4.32810292022952,9.25029545479927,1.70999431559804));
#12072=CARTESIAN_POINT($,(-4.3249019982312,9.25413656119726,1.70999431559804));
#12073=CARTESIAN_POINT('',(-4.32810292022952,9.25029545479927,1.71999431559804));
#12074=CARTESIAN_POINT($,(-4.32810292022952,9.25029545479927,1.71499431559804));
#12075=CARTESIAN_POINT('',(-4.32170107623288,9.25797766759525,1.71999431559804));
#12076=CARTESIAN_POINT($,(-4.3249019982312,9.25413656119726,1.71999431559804));
#12077=CARTESIAN_POINT($,(-4.32170107623288,9.25797766759525,1.71499431559804));
#12078=CARTESIAN_POINT('Origin',(-4.32106089183321,9.25093563919894,1.71999431559804));
#12079=CARTESIAN_POINT('',(-4.32042070743355,9.24389361080263,1.71999431559804));
#12080=CARTESIAN_POINT($,(-4.32426181383154,9.24709453280095,1.71999431559804));
#12081=CARTESIAN_POINT('',(-4.3140188634369,9.2515758235986,1.71999431559804));
#12082=CARTESIAN_POINT($,(-4.31721978543523,9.24773471720061,1.71999431559804));
#12083=CARTESIAN_POINT($,(-4.31785996983489,9.25477674559692,1.71999431559804));
#12084=CARTESIAN_POINT('Origin',(-4.31721978543523,9.24773471720061,1.71499431559804));
#12085=CARTESIAN_POINT('',(-4.32042070743355,9.24389361080263,1.70999431559804));
#12086=CARTESIAN_POINT($,(-4.32042070743355,9.24389361080263,1.71499431559804));
#12087=CARTESIAN_POINT('',(-4.3140188634369,9.2515758235986,1.70999431559804));
#12088=CARTESIAN_POINT($,(-4.31721978543523,9.24773471720061,1.70999431559804));
#12089=CARTESIAN_POINT($,(-4.3140188634369,9.2515758235986,1.71499431559804));
#12090=CARTESIAN_POINT('Origin',(-4.32106089183321,9.25093563919894,1.70999431559804));
#12091=CARTESIAN_POINT($,(-4.32426181383154,9.24709453280095,1.70999431559804));
#12092=CARTESIAN_POINT($,(-4.31785996983489,9.25477674559692,1.70999431559804));
#12093=CARTESIAN_POINT('Origin',(-4.31785996983489,9.25477674559692,1.71499431559804));
#12094=CARTESIAN_POINT('Origin',(-4.34135817880361,9.26134090773625,1.49399431559804));
#12095=CARTESIAN_POINT('Origin',(-4.3556308494151,9.27974393718384,1.71499431559804));
#12096=CARTESIAN_POINT('',(-4.35242992741677,9.28358504358182,1.70999431559804));
#12097=CARTESIAN_POINT('',(-4.35883177141342,9.27590283078585,1.70999431559804));
#12098=CARTESIAN_POINT($,(-4.3556308494151,9.27974393718384,1.70999431559804));
#12099=CARTESIAN_POINT('',(-4.35883177141342,9.27590283078585,1.71999431559804));
#12100=CARTESIAN_POINT($,(-4.35883206446658,9.27590247912206,1.72449431559804));
#12101=CARTESIAN_POINT('',(-4.35242992741677,9.28358504358182,1.71999431559804));
#12102=CARTESIAN_POINT($,(-4.3556308494151,9.27974393718384,1.71999431559804));
#12103=CARTESIAN_POINT($,(-4.35242992741677,9.28358504358182,1.71499431559804));
#12104=CARTESIAN_POINT('Origin',(-4.35178974301711,9.27654301518552,1.71999431559804));
#12105=CARTESIAN_POINT('',(-4.35114955861744,9.26950098678921,1.71999431559804));
#12106=CARTESIAN_POINT($,(-4.34730874527262,9.26629971312709,1.71999431559804));
#12107=CARTESIAN_POINT('',(-4.3447477146208,9.27718319958518,1.71999431559804));
#12108=CARTESIAN_POINT($,(-4.34794863661912,9.27334209318719,1.71999431559804));
#12109=CARTESIAN_POINT($,(-4.34858882101879,9.2803841215835,1.71999431559804));
#12110=CARTESIAN_POINT('Origin',(-4.34794863661912,9.27334209318719,1.71499431559804));
#12111=CARTESIAN_POINT('',(-4.35114955861744,9.26950098678921,1.70999431559804));
#12112=CARTESIAN_POINT($,(-4.35114985167061,9.26950063512541,1.72449431559804));
#12113=CARTESIAN_POINT('',(-4.3447477146208,9.27718319958518,1.70999431559804));
#12114=CARTESIAN_POINT($,(-4.34794863661912,9.27334209318719,1.70999431559804));
#12115=CARTESIAN_POINT($,(-4.3447477146208,9.27718319958518,1.71499431559804));
#12116=CARTESIAN_POINT('Origin',(-4.35178974301711,9.27654301518552,1.70999431559804));
#12117=CARTESIAN_POINT($,(-4.34730874527262,9.26629971312709,1.70999431559804));
#12118=CARTESIAN_POINT($,(-4.34858882101879,9.2803841215835,1.70999431559804));
#12119=CARTESIAN_POINT('Origin',(-4.34858882101879,9.2803841215835,1.71499431559804));
#12120=CARTESIAN_POINT('Origin',(-4.34135817880361,9.26134090773625,1.49399431559804));
#12121=CARTESIAN_POINT('Origin',(-4.34218697702214,9.28806633437948,1.22399431559804));
#12122=CARTESIAN_POINT('',(-4.33066365782818,9.27846356838451,1.22899431559804));
#12123=CARTESIAN_POINT('',(-4.33834587062415,9.28486541238115,1.23899431559804));
#12124=CARTESIAN_POINT($,(-4.33450476422617,9.28166449038283,1.23399431559804));
#12125=CARTESIAN_POINT('',(-4.33066365782818,9.27846356838451,1.20899431559803));
#12126=CARTESIAN_POINT($,(-4.33066365782818,9.27846356838451,1.22399431559804));
#12127=CARTESIAN_POINT('',(-4.3537102962161,9.29766910037444,1.20899431559803));
#12128=CARTESIAN_POINT($,(-4.34218697702214,9.28806633437948,1.20899431559803));
#12129=CARTESIAN_POINT('',(-4.3537102962161,9.29766910037444,1.22899431559804));
#12130=CARTESIAN_POINT($,(-4.3537102962161,9.29766910037444,1.22399431559804));
#12131=CARTESIAN_POINT('',(-4.34602808342013,9.2912672563778,1.23899431559804));
#12132=CARTESIAN_POINT($,(-4.34986918981812,9.29446817837612,1.23399431559804));
#12133=CARTESIAN_POINT($,(-4.34218697702214,9.28806633437948,1.23899431559804));
#12134=CARTESIAN_POINT('Origin',(-4.35307011181644,9.29062707197814,1.23399431559804));
#12135=CARTESIAN_POINT('',(-4.36651398420939,9.28230467478249,1.22899431559804));
#12136=CARTESIAN_POINT($,(-4.35691121821442,9.29382799397646,1.22899431559804));
#12137=CARTESIAN_POINT('',(-4.35883177141342,9.27590283078585,1.23899431559804));
#12138=CARTESIAN_POINT($,(-4.3626728778114,9.27910375278417,1.23399431559804));
#12139=CARTESIAN_POINT($,(-4.34922900541845,9.28742614997981,1.23899431559804));
#12140=CARTESIAN_POINT('Origin',(-4.35691121821442,9.29382799397646,1.22399431559804));
#12141=CARTESIAN_POINT('',(-4.36651398420939,9.28230467478249,1.20899431559803));
#12142=CARTESIAN_POINT($,(-4.35691121821442,9.29382799397646,1.20899431559803));
#12143=CARTESIAN_POINT($,(-4.36651398420939,9.28230467478249,1.22399431559804));
#12144=CARTESIAN_POINT('Origin',(-4.34538789902046,9.28422522798149,1.20899431559803));
#12145=CARTESIAN_POINT('',(-4.34346734582147,9.26309914279256,1.20899431559803));
#12146=CARTESIAN_POINT($,(-4.3338645798265,9.27462246198652,1.20899431559803));
#12147=CARTESIAN_POINT($,(-4.35499066501543,9.27270190878753,1.20899431559803));
#12148=CARTESIAN_POINT('Origin',(-4.34135817880361,9.26134090773625,1.49399431559804));
#12149=CARTESIAN_POINT('',(-4.34346734582147,9.26309914279256,1.22899431559804));
#12150=CARTESIAN_POINT($,(-4.34346734582147,9.26309914279256,1.22399431559804));
#12151=CARTESIAN_POINT('',(-4.35114955861744,9.26950098678921,1.23899431559804));
#12152=CARTESIAN_POINT($,(-4.34730845221946,9.26630006479088,1.23399431559804));
#12153=CARTESIAN_POINT($,(-4.35499066501543,9.27270190878753,1.23899431559804));
#12154=CARTESIAN_POINT('Origin',(-4.33770568622449,9.27782338398485,1.23399431559804));
#12155=CARTESIAN_POINT($,(-4.34154679262248,9.28102430598317,1.23899431559804));
#12156=CARTESIAN_POINT($,(-4.3338645798265,9.27462246198652,1.22899431559804));
#12157=CARTESIAN_POINT('Origin',(-4.34538789902046,9.28422522798149,1.23899431559804));
#12158=CARTESIAN_POINT('Origin',(-4.3338645798265,9.27462246198652,1.22399431559804));
#12159=CARTESIAN_POINT('Origin',(-4.34135817880361,9.26134090773625,1.49399431559804));
#12160=CARTESIAN_POINT('',(-4.35883177141342,9.27590283078585,1.68799431559804));
#12161=CARTESIAN_POINT('',(-4.35114955861744,9.26950098678921,1.68799431559804));
#12162=CARTESIAN_POINT($,(-4.35499066501543,9.27270190878753,1.68799431559804));
#12163=CARTESIAN_POINT('',(-4.35114955861744,9.26950098678921,1.69799431559804));
#12164=CARTESIAN_POINT($,(-4.35114955861744,9.26950098678921,1.69299431559804));
#12165=CARTESIAN_POINT('',(-4.35883177141342,9.27590283078585,1.69799431559804));
#12166=CARTESIAN_POINT($,(-4.35499066501543,9.27270190878753,1.69799431559804));
#12167=CARTESIAN_POINT($,(-4.35883177141342,9.27590283078585,1.69299431559804));
#12168=CARTESIAN_POINT('Origin',(-4.34858882101879,9.2803841215835,1.69299431559804));
#12169=CARTESIAN_POINT('',(-4.35242992741677,9.28358504358182,1.68799431559804));
#12170=CARTESIAN_POINT('',(-4.35242992741677,9.28358504358182,1.69799431559804));
#12171=CARTESIAN_POINT($,(-4.35242992741677,9.28358504358182,1.69299431559804));
#12172=CARTESIAN_POINT('',(-4.3447477146208,9.27718319958518,1.69799431559804));
#12173=CARTESIAN_POINT($,(-4.34858882101879,9.2803841215835,1.69799431559804));
#12174=CARTESIAN_POINT('',(-4.3447477146208,9.27718319958518,1.68799431559804));
#12175=CARTESIAN_POINT($,(-4.3447477146208,9.27718319958518,1.69299431559804));
#12176=CARTESIAN_POINT($,(-4.34858882101879,9.2803841215835,1.68799431559804));
#12177=CARTESIAN_POINT('Origin',(-4.35178974301711,9.27654301518552,1.68799431559804));
#12178=CARTESIAN_POINT($,(-4.34794863661912,9.27334209318719,1.68799431559804));
#12179=CARTESIAN_POINT($,(-4.3556308494151,9.27974393718384,1.68799431559804));
#12180=CARTESIAN_POINT('Origin',(-4.34794863661912,9.27334209318719,1.69299431559804));
#12181=CARTESIAN_POINT($,(-4.34794863661912,9.27334209318719,1.69799431559804));
#12182=CARTESIAN_POINT('Origin',(-4.35178974301711,9.27654301518552,1.69799431559804));
#12183=CARTESIAN_POINT($,(-4.3556308494151,9.27974393718384,1.69799431559804));
#12184=CARTESIAN_POINT('Origin',(-4.3556308494151,9.27974393718384,1.69299431559804));
#12185=CARTESIAN_POINT('Origin',(-4.31145812583825,9.2624589583929,1.22399431559804));
#12186=CARTESIAN_POINT('',(-4.29993480664429,9.25285619239793,1.22899431559804));
#12187=CARTESIAN_POINT('',(-4.30761701944026,9.25925803639457,1.23899431559804));
#12188=CARTESIAN_POINT($,(-4.30377591304227,9.25605711439625,1.23399431559804));
#12189=CARTESIAN_POINT('',(-4.29993480664429,9.25285619239793,1.20899431559803));
#12190=CARTESIAN_POINT($,(-4.29993480664429,9.25285619239793,1.22399431559804));
#12191=CARTESIAN_POINT('',(-4.32298144503221,9.27206172438786,1.20899431559803));
#12192=CARTESIAN_POINT($,(-4.31145812583825,9.2624589583929,1.20899431559803));
#12193=CARTESIAN_POINT('',(-4.32298144503221,9.27206172438786,1.22899431559804));
#12194=CARTESIAN_POINT($,(-4.32298144503221,9.27206172438786,1.22399431559804));
#12195=CARTESIAN_POINT('',(-4.31529923223623,9.26565988039122,1.23899431559804));
#12196=CARTESIAN_POINT($,(-4.31914033863422,9.26886080238954,1.23399431559804));
#12197=CARTESIAN_POINT($,(-4.31145812583825,9.2624589583929,1.23899431559804));
#12198=CARTESIAN_POINT('Origin',(-4.32618236703053,9.26822061798988,1.22399431559804));
#12199=CARTESIAN_POINT('',(-4.3357851330255,9.25669729879592,1.20899431559803));
#12200=CARTESIAN_POINT($,(-4.32618236703053,9.26822061798988,1.20899431559803));
#12201=CARTESIAN_POINT('',(-4.3357851330255,9.25669729879592,1.22899431559804));
#12202=CARTESIAN_POINT($,(-4.3357851330255,9.25669729879592,1.22399431559804));
#12203=CARTESIAN_POINT($,(-4.32618236703053,9.26822061798988,1.22899431559804));
#12204=CARTESIAN_POINT('Origin',(-4.31465904783657,9.25861785199491,1.20899431559803));
#12205=CARTESIAN_POINT('',(-4.31273849463758,9.23749176680598,1.20899431559803));
#12206=CARTESIAN_POINT($,(-4.30313572864261,9.24901508599994,1.20899431559803));
#12207=CARTESIAN_POINT($,(-4.32426181383154,9.24709453280095,1.20899431559803));
#12208=CARTESIAN_POINT('Origin',(-4.30313572864261,9.24901508599994,1.22399431559804));
#12209=CARTESIAN_POINT('',(-4.31273849463758,9.23749176680598,1.22899431559804));
#12210=CARTESIAN_POINT($,(-4.30313572864261,9.24901508599994,1.22899431559804));
#12211=CARTESIAN_POINT($,(-4.31273849463758,9.23749176680598,1.22399431559804));
#12212=CARTESIAN_POINT('Origin',(-4.32234126063254,9.26501969599155,1.23399431559804));
#12213=CARTESIAN_POINT('',(-4.32810292022952,9.25029545479927,1.23899431559804));
#12214=CARTESIAN_POINT($,(-4.33194402662751,9.25349637679759,1.23399431559804));
#12215=CARTESIAN_POINT($,(-4.31850015423456,9.26181877399323,1.23899431559804));
#12216=CARTESIAN_POINT('Origin',(-4.31465904783657,9.25861785199491,1.23899431559804));
#12217=CARTESIAN_POINT('',(-4.32042070743355,9.24389361080263,1.23899431559804));
#12218=CARTESIAN_POINT($,(-4.32426181383154,9.24709453280095,1.23899431559804));
#12219=CARTESIAN_POINT($,(-4.31081794143858,9.25541692999659,1.23899431559804));
#12220=CARTESIAN_POINT('Origin',(-4.30697683504059,9.25221600799827,1.23399431559804));
#12221=CARTESIAN_POINT($,(-4.31657960103556,9.24069268880431,1.23399431559804));
#12222=CARTESIAN_POINT('Origin',(-4.34135817880361,9.26134090773625,1.49399431559804));
#12223=CARTESIAN_POINT('Origin',(-4.3556308494151,9.27974393718384,1.70399431559804));
#12224=CARTESIAN_POINT('',(-4.35242992741677,9.28358504358182,1.69899431559804));
#12225=CARTESIAN_POINT('',(-4.35883177141342,9.27590283078585,1.69899431559804));
#12226=CARTESIAN_POINT($,(-4.3556308494151,9.27974393718384,1.69899431559804));
#12227=CARTESIAN_POINT('',(-4.35883177141342,9.27590283078585,1.70899431559804));
#12228=CARTESIAN_POINT($,(-4.35883206446658,9.27590247912206,1.71899431559804));
#12229=CARTESIAN_POINT('',(-4.35242992741677,9.28358504358182,1.70899431559804));
#12230=CARTESIAN_POINT($,(-4.3556308494151,9.27974393718384,1.70899431559804));
#12231=CARTESIAN_POINT($,(-4.35242992741677,9.28358504358182,1.70399431559804));
#12232=CARTESIAN_POINT('Origin',(-4.35178974301711,9.27654301518552,1.70899431559804));
#12233=CARTESIAN_POINT('',(-4.35114955861744,9.26950098678921,1.70899431559804));
#12234=CARTESIAN_POINT($,(-4.34730874527262,9.26629971312709,1.70899431559803));
#12235=CARTESIAN_POINT('',(-4.3447477146208,9.27718319958518,1.70899431559804));
#12236=CARTESIAN_POINT($,(-4.34794863661912,9.27334209318719,1.70899431559804));
#12237=CARTESIAN_POINT($,(-4.34858882101879,9.2803841215835,1.70899431559804));
#12238=CARTESIAN_POINT('Origin',(-4.34794863661912,9.27334209318719,1.70399431559804));
#12239=CARTESIAN_POINT('',(-4.35114955861744,9.26950098678921,1.69899431559804));
#12240=CARTESIAN_POINT($,(-4.35114985167061,9.26950063512541,1.71899431559804));
#12241=CARTESIAN_POINT('',(-4.3447477146208,9.27718319958518,1.69899431559804));
#12242=CARTESIAN_POINT($,(-4.34794863661912,9.27334209318719,1.69899431559804));
#12243=CARTESIAN_POINT($,(-4.3447477146208,9.27718319958518,1.70399431559804));
#12244=CARTESIAN_POINT('Origin',(-4.35178974301711,9.27654301518552,1.69899431559804));
#12245=CARTESIAN_POINT($,(-4.34730874527262,9.26629971312709,1.69899431559804));
#12246=CARTESIAN_POINT($,(-4.34858882101879,9.2803841215835,1.69899431559804));
#12247=CARTESIAN_POINT('Origin',(-4.34858882101879,9.2803841215835,1.70399431559804));
#12248=CARTESIAN_POINT('Origin',(-4.34135817880361,9.26134090773625,1.49399431559804));
#12249=CARTESIAN_POINT('Origin',(-4.34135817880361,9.26134090773625,1.49399431559804));
#12250=CARTESIAN_POINT('',(-4.35499066501543,9.27270190878753,1.34399431559804));
#12251=CARTESIAN_POINT('Origin',(-4.33962623942348,9.25989822079424,1.34399431559804));
#12252=CARTESIAN_POINT('Origin',(-4.33642531742516,9.26373932719223,1.34399431559804));
#12253=CARTESIAN_POINT('',(-4.34858882101879,9.2803841215835,1.34399431559804));
#12254=CARTESIAN_POINT('Origin',(-4.33322439542684,9.26758043359021,1.34399431559804));
#12255=CARTESIAN_POINT('Origin',(-4.33322439542684,9.26758043359021,1.34399431559804));
#12256=CARTESIAN_POINT('Origin',(-4.3556308494151,9.27974393718385,1.75399431559803));
#12257=CARTESIAN_POINT('',(-4.35242992741678,9.28358504358183,1.74399431559803));
#12258=CARTESIAN_POINT('',(-4.35883177141342,9.27590283078586,1.74399431559803));
#12259=CARTESIAN_POINT($,(-4.3556308494151,9.27974393718385,1.74399431559803));
#12260=CARTESIAN_POINT('',(-4.35883177141342,9.27590283078586,1.77899431559803));
#12261=CARTESIAN_POINT($,(-4.35883206446659,9.27590247912206,1.74399431559803));
#12262=CARTESIAN_POINT('',(-4.35242992741678,9.28358504358183,1.77899431559803));
#12263=CARTESIAN_POINT($,(-4.3556308494151,9.27974393718385,1.77899431559803));
#12264=CARTESIAN_POINT($,(-4.35242992741678,9.28358504358183,1.75399431559803));
#12265=CARTESIAN_POINT('Origin',(-4.33642531742516,9.26373932719223,1.77899431559803));
#12266=CARTESIAN_POINT('',(-4.32042070743355,9.24389361080264,1.77899431559803));
#12267=CARTESIAN_POINT($,(-4.33962653247665,9.25989786913045,1.77899431559803));
#12268=CARTESIAN_POINT('',(-4.31401886343691,9.25157582359861,1.77899431559803));
#12269=CARTESIAN_POINT($,(-4.31721978543523,9.24773471720062,1.77899431559803));
#12270=CARTESIAN_POINT($,(-4.33322439542684,9.26758043359022,1.77899431559803));
#12271=CARTESIAN_POINT('Origin',(-4.31721978543523,9.24773471720062,1.75399431559803));
#12272=CARTESIAN_POINT('',(-4.32042070743355,9.24389361080264,1.74399431559803));
#12273=CARTESIAN_POINT($,(-4.32042100048672,9.24389325913884,1.74399431559803));
#12274=CARTESIAN_POINT('',(-4.31401886343691,9.25157582359861,1.74399431559803));
#12275=CARTESIAN_POINT($,(-4.31721978543523,9.24773471720062,1.74399431559803));
#12276=CARTESIAN_POINT($,(-4.31401886343691,9.25157582359861,1.75399431559803));
#12277=CARTESIAN_POINT('Origin',(-4.33642531742516,9.26373932719223,1.74399431559803));
#12278=CARTESIAN_POINT($,(-4.33962653247665,9.25989786913045,1.74399431559803));
#12279=CARTESIAN_POINT($,(-4.33322439542684,9.26758043359022,1.74399431559803));
#12280=CARTESIAN_POINT('Origin',(-4.33322439542684,9.26758043359022,1.75399431559803));
#12281=CARTESIAN_POINT('Origin',(-4.34135817880361,9.26134090773625,1.49399431559804));
#12282=CARTESIAN_POINT('Origin',(-4.3339172004842,9.26815747320063,1.49399431559803));
#12283=CARTESIAN_POINT('',(-4.34858896754537,9.28038394575161,1.58399431559804));
#12284=CARTESIAN_POINT('Origin',(-4.33322454195342,9.26758025775831,1.58399431559804));
#12285=CARTESIAN_POINT('Origin',(-4.34135817880361,9.26134090773625,1.49399431559804));
#12286=CARTESIAN_POINT('',(-4.35499081154201,9.27270173295563,1.58399431559804));
#12287=CARTESIAN_POINT('Origin',(-4.33962638595006,9.25989804496234,1.58399431559804));
#12288=CARTESIAN_POINT('Origin',(-4.33642546395174,9.26373915136033,1.58399431559804));
#12289=CARTESIAN_POINT('Origin',(-4.33258435755375,9.26053822936201,1.25399431559804));
#12290=CARTESIAN_POINT('',(-4.32938343555543,9.26437933575999,1.24399431559804));
#12291=CARTESIAN_POINT('',(-4.33578527955208,9.25669712296402,1.24399431559804));
#12292=CARTESIAN_POINT($,(-4.33258435755375,9.26053822936201,1.24399431559804));
#12293=CARTESIAN_POINT('',(-4.33578527955208,9.25669712296402,1.26399431559804));
#12294=CARTESIAN_POINT($,(-4.33578527955208,9.25669712296402,1.25399431559804));
#12295=CARTESIAN_POINT('',(-4.32938343555543,9.26437933575999,1.26399431559804));
#12296=CARTESIAN_POINT($,(-4.33258435755375,9.26053822936201,1.26399431559804));
#12297=CARTESIAN_POINT($,(-4.32938343555543,9.26437933575999,1.25399431559804));
#12298=CARTESIAN_POINT('Origin',(-4.32874325115577,9.25733730736369,1.26399431559804));
#12299=CARTESIAN_POINT('',(-4.3281030667561,9.25029527896737,1.26399431559804));
#12300=CARTESIAN_POINT($,(-4.33194417315409,9.2534962009657,1.26399431559804));
#12301=CARTESIAN_POINT('',(-4.32170122275946,9.25797749176335,1.26399431559804));
#12302=CARTESIAN_POINT($,(-4.32490214475778,9.25413638536536,1.26399431559804));
#12303=CARTESIAN_POINT($,(-4.32554232915744,9.26117841376167,1.26399431559804));
#12304=CARTESIAN_POINT('Origin',(-4.32490214475778,9.25413638536536,1.25399431559804));
#12305=CARTESIAN_POINT('',(-4.3281030667561,9.25029527896737,1.24399431559804));
#12306=CARTESIAN_POINT($,(-4.3281030667561,9.25029527896737,1.25399431559804));
#12307=CARTESIAN_POINT('',(-4.32170122275946,9.25797749176335,1.24399431559804));
#12308=CARTESIAN_POINT($,(-4.32490214475778,9.25413638536536,1.24399431559804));
#12309=CARTESIAN_POINT($,(-4.32170122275946,9.25797749176335,1.25399431559804));
#12310=CARTESIAN_POINT('Origin',(-4.32874325115577,9.25733730736369,1.24399431559804));
#12311=CARTESIAN_POINT($,(-4.33194417315409,9.2534962009657,1.24399431559804));
#12312=CARTESIAN_POINT($,(-4.32554232915744,9.26117841376167,1.24399431559804));
#12313=CARTESIAN_POINT('Origin',(-4.32554232915744,9.26117841376167,1.25399431559804));
#12314=CARTESIAN_POINT('Origin',(-4.34135817880361,9.26134090773625,1.49399431559804));
#12315=CARTESIAN_POINT('Origin',(-4.34135817880361,9.26134090773625,1.49399431559804));
#12316=CARTESIAN_POINT('',(-4.35114970514402,9.26950081095731,1.24399431559804));
#12317=CARTESIAN_POINT('',(-4.34346749234805,9.26309896696067,1.24399431559804));
#12318=CARTESIAN_POINT($,(-4.34730859874604,9.26629988895899,1.24399431559804));
#12319=CARTESIAN_POINT('',(-4.34346749234805,9.26309896696067,1.26399431559804));
#12320=CARTESIAN_POINT($,(-4.34346749234805,9.26309896696067,1.25399431559804));
#12321=CARTESIAN_POINT('',(-4.35114970514402,9.26950081095731,1.26399431559804));
#12322=CARTESIAN_POINT($,(-4.34730859874604,9.26629988895899,1.26399431559804));
#12323=CARTESIAN_POINT($,(-4.35114970514402,9.26950081095731,1.25399431559804));
#12324=CARTESIAN_POINT('Origin',(-4.34090675474939,9.27398210175496,1.25399431559804));
#12325=CARTESIAN_POINT('',(-4.34474786114738,9.27718302375328,1.24399431559804));
#12326=CARTESIAN_POINT('',(-4.34474786114738,9.27718302375328,1.26399431559804));
#12327=CARTESIAN_POINT($,(-4.34474786114738,9.27718302375328,1.25399431559804));
#12328=CARTESIAN_POINT('',(-4.33706564835141,9.27078117975664,1.26399431559804));
#12329=CARTESIAN_POINT($,(-4.34090675474939,9.27398210175496,1.26399431559804));
#12330=CARTESIAN_POINT('',(-4.33706564835141,9.27078117975664,1.24399431559804));
#12331=CARTESIAN_POINT($,(-4.33706564835141,9.27078117975664,1.25399431559804));
#12332=CARTESIAN_POINT($,(-4.34090675474939,9.27398210175496,1.24399431559804));
#12333=CARTESIAN_POINT('Origin',(-4.34410767674771,9.27014099535698,1.24399431559804));
#12334=CARTESIAN_POINT($,(-4.34026657034973,9.26694007335865,1.24399431559804));
#12335=CARTESIAN_POINT($,(-4.3479487831457,9.2733419173553,1.24399431559804));
#12336=CARTESIAN_POINT('Origin',(-4.34026657034973,9.26694007335865,1.25399431559804));
#12337=CARTESIAN_POINT($,(-4.34026657034973,9.26694007335865,1.26399431559804));
#12338=CARTESIAN_POINT('Origin',(-4.34410767674771,9.27014099535698,1.26399431559804));
#12339=CARTESIAN_POINT($,(-4.3479487831457,9.2733419173553,1.26399431559804));
#12340=CARTESIAN_POINT('Origin',(-4.3479487831457,9.2733419173553,1.25399431559804));
#12341=CARTESIAN_POINT('Origin',(-4.33642546395174,9.26373915136033,1.46399431559804));
#12342=CARTESIAN_POINT('',(-4.34858896754537,9.28038394575161,1.46399431559804));
#12343=CARTESIAN_POINT('Origin',(-4.33322454195342,9.26758025775831,1.46399431559804));
#12344=CARTESIAN_POINT('',(-4.35499081154201,9.27270173295563,1.46399431559804));
#12345=CARTESIAN_POINT('Origin',(-4.33962638595006,9.25989804496234,1.46399431559804));
#12346=CARTESIAN_POINT('Origin',(-4.34135817880361,9.26134090773625,1.49399431559804));
#12347=CARTESIAN_POINT('Origin',(-4.3339172004842,9.26815747320063,1.49399431559803));
#12348=CARTESIAN_POINT('Origin',(-4.31722027385716,9.28678537947382,1.58649431559804));
#12349=CARTESIAN_POINT('',(-4.32278897649588,9.2649784528451,1.58649431559804));
#12350=CARTESIAN_POINT('',(-4.29377739331034,9.29979235266775,1.58649431559804));
#12351=CARTESIAN_POINT($,(-4.30978151488002,9.28058740678414,1.58649431559804));
#12352=CARTESIAN_POINT('',(-4.30121566386555,9.26693966308422,1.58649431559804));
#12353=CARTESIAN_POINT($,(-4.31529972065817,9.26565929428489,1.58649431559804));
#12354=CARTESIAN_POINT('',(-4.28201013187562,9.28998630147215,1.58649431559804));
#12355=CARTESIAN_POINT($,(-4.29801474186723,9.27078076948221,1.58649431559804));
#12356=CARTESIAN_POINT($,(-4.30121566386555,9.30599091146376,1.58649431559804));
#12357=CARTESIAN_POINT('Origin',(-4.31722027385716,9.28678537947382,1.58649431559804));
#12358=CARTESIAN_POINT('',(-4.30865393442076,9.31218947025976,1.58649431559804));
#12359=CARTESIAN_POINT('',(-4.3376655176063,9.27737557043712,1.58649431559804));
#12360=CARTESIAN_POINT($,(-4.32465805599043,9.29298452437615,1.58649431559804));
#12361=CARTESIAN_POINT('',(-4.32042119585549,9.32199552145537,1.58649431559804));
#12362=CARTESIAN_POINT($,(-4.30121566386555,9.30599091146376,1.58649431559804));
#12363=CARTESIAN_POINT('',(-4.33962672784542,9.29894888306745,1.58649431559804));
#12364=CARTESIAN_POINT($,(-4.3364258058471,9.30278998946543,1.58649431559804));
#12365=CARTESIAN_POINT($,(-4.33834635904609,9.28486482627483,1.58649431559804));
#12366=CARTESIAN_POINT('Origin',(-4.31529972065817,9.26565929428489,1.58399431559804));
#12367=CARTESIAN_POINT('',(-4.32278897649588,9.2649784528451,1.58149431559804));
#12368=CARTESIAN_POINT('Origin',(-4.3364258058471,9.2637387410859,1.58399431559804));
#12369=CARTESIAN_POINT('',(-4.30121566386555,9.26693966308422,1.58149431559804));
#12370=CARTESIAN_POINT($,(-4.31529972065817,9.26565929428489,1.58149431559804));
#12371=CARTESIAN_POINT($,(-4.30121566386555,9.26693966308422,1.58399431559804));
#12372=CARTESIAN_POINT('Origin',(-4.31722027385716,9.28678537947382,1.58149431559804));
#12373=CARTESIAN_POINT('',(-4.29377739331034,9.29979235266775,1.58149431559804));
#12374=CARTESIAN_POINT($,(-4.30978151488002,9.28058740678414,1.58149431559804));
#12375=CARTESIAN_POINT('',(-4.28201013187562,9.28998630147215,1.58149431559804));
#12376=CARTESIAN_POINT($,(-4.30121566386555,9.30599091146376,1.58149431559804));
#12377=CARTESIAN_POINT($,(-4.29801474186723,9.27078076948221,1.58149431559804));
#12378=CARTESIAN_POINT('Origin',(-4.33834635904609,9.28486482627483,1.58399431559804));
#12379=CARTESIAN_POINT('',(-4.3376655176063,9.27737557043712,1.58149431559804));
#12380=CARTESIAN_POINT('Origin',(-4.3364258058471,9.2637387410859,1.58399431559804));
#12381=CARTESIAN_POINT('',(-4.33962672784542,9.29894888306745,1.58149431559804));
#12382=CARTESIAN_POINT($,(-4.33962672784542,9.29894888306745,1.58399431559804));
#12383=CARTESIAN_POINT($,(-4.33834635904609,9.28486482627483,1.58149431559804));
#12384=CARTESIAN_POINT('Origin',(-4.31722027385716,9.28678537947382,1.58149431559804));
#12385=CARTESIAN_POINT('',(-4.30865393442076,9.31218947025976,1.58149431559804));
#12386=CARTESIAN_POINT($,(-4.32465805599043,9.29298452437615,1.58149431559804));
#12387=CARTESIAN_POINT('',(-4.32042119585549,9.32199552145537,1.58149431559804));
#12388=CARTESIAN_POINT($,(-4.3364258058471,9.30278998946543,1.58149431559804));
#12389=CARTESIAN_POINT($,(-4.30121566386555,9.30599091146376,1.58149431559804));
#12390=CARTESIAN_POINT('Origin',(-4.3364258058471,9.30278998946543,1.58399431559804));
#12391=CARTESIAN_POINT($,(-4.32042119585549,9.32199552145537,1.58399431559804));
#12392=CARTESIAN_POINT('Origin',(-4.29801474186723,9.27078076948221,1.58399431559804));
#12393=CARTESIAN_POINT($,(-4.28201013187562,9.28998630147215,1.58399431559804));
#12394=CARTESIAN_POINT('Origin',(-4.31721978543523,9.28678596558015,1.58399431559804));
#12395=CARTESIAN_POINT('',(-4.34090660822281,9.27398227758686,1.58399431559804));
#12396=CARTESIAN_POINT('Origin',(-4.33322439542684,9.26758043359021,1.58399431559804));
#12397=CARTESIAN_POINT('',(-4.30313621706454,9.30759137246292,1.57431185723252));
#12398=CARTESIAN_POINT('Origin',(-4.30121517544361,9.30599149757008,1.58399431559804));
#12399=CARTESIAN_POINT('',(-4.33214780025008,9.27277747264027,1.57431185723252));
#12400=CARTESIAN_POINT($,(-4.31914033863422,9.28838642657931,1.57431185723252));
#12401=CARTESIAN_POINT('',(-4.3283066938521,9.26957655064195,1.57431185723252));
#12402=CARTESIAN_POINT('Origin',(-4.3364258058471,9.2637387410859,1.58399431559804));
#12403=CARTESIAN_POINT('',(-4.29929511066656,9.3043904504646,1.57431185723252));
#12404=CARTESIAN_POINT($,(-4.31529923223623,9.28518550458099,1.57431185723252));
#12405=CARTESIAN_POINT('Origin',(-4.30121517544361,9.30599149757008,1.58399431559804));
#12406=CARTESIAN_POINT('',(-4.29929511066656,9.3043904504646,1.59367677396355));
#12407=CARTESIAN_POINT('Origin',(-4.30121517544361,9.30599149757008,1.58399431559804));
#12408=CARTESIAN_POINT('',(-4.3283066938521,9.26957655064195,1.59367677396355));
#12409=CARTESIAN_POINT($,(-4.31529923223623,9.28518550458099,1.59367677396355));
#12410=CARTESIAN_POINT('',(-4.33214780025008,9.27277747264027,1.59367677396355));
#12411=CARTESIAN_POINT('Origin',(-4.3364258058471,9.2637387410859,1.58399431559804));
#12412=CARTESIAN_POINT('',(-4.30313621706454,9.30759137246292,1.59367677396355));
#12413=CARTESIAN_POINT($,(-4.31914033863422,9.28838642657931,1.59367677396355));
#12414=CARTESIAN_POINT('Origin',(-4.30121517544361,9.30599149757008,1.58399431559804));
#12415=CARTESIAN_POINT('Origin',(-4.31914082705616,9.28838584047298,1.58399431559804));
#12416=CARTESIAN_POINT('',(-4.32234174905448,9.284544734075,1.60899431559804));
#12417=CARTESIAN_POINT($,(-4.32874359305112,9.27686252127902,1.59899431559804));
#12418=CARTESIAN_POINT('',(-4.30313621706454,9.30759137246292,1.60899431559804));
#12419=CARTESIAN_POINT($,(-4.31914082705616,9.28838584047298,1.60899431559804));
#12420=CARTESIAN_POINT($,(-4.30313621706454,9.30759137246292,1.58399431559804));
#12421=CARTESIAN_POINT('Origin',(-4.31914082705616,9.28838584047298,1.58399431559804));
#12422=CARTESIAN_POINT('',(-4.30313621706454,9.30759137246292,1.55899431559804));
#12423=CARTESIAN_POINT($,(-4.30313621706454,9.30759137246292,1.58399431559804));
#12424=CARTESIAN_POINT('',(-4.32234174905448,9.284544734075,1.55899431559804));
#12425=CARTESIAN_POINT($,(-4.31914082705616,9.28838584047298,1.55899431559804));
#12426=CARTESIAN_POINT($,(-4.32874359305112,9.27686252127902,1.56899431559804));
#12427=CARTESIAN_POINT('Origin',(-4.32682303985213,9.27526206027986,1.59899431559804));
#12428=CARTESIAN_POINT('',(-4.31850064265649,9.28134381207668,1.60899431559804));
#12429=CARTESIAN_POINT($,(-4.32490248665314,9.2736615992807,1.59899431559804));
#12430=CARTESIAN_POINT($,(-4.32042119585549,9.28294427307584,1.60899431559804));
#12431=CARTESIAN_POINT('Origin',(-4.31529972065817,9.28518491847466,1.58399431559804));
#12432=CARTESIAN_POINT('',(-4.29929511066656,9.3043904504646,1.60899431559804));
#12433=CARTESIAN_POINT($,(-4.29929511066656,9.3043904504646,1.58399431559804));
#12434=CARTESIAN_POINT($,(-4.31529972065817,9.28518491847466,1.60899431559804));
#12435=CARTESIAN_POINT('Origin',(-4.32682303985213,9.27526206027986,1.56899431559804));
#12436=CARTESIAN_POINT('',(-4.31850064265649,9.28134381207668,1.55899431559804));
#12437=CARTESIAN_POINT($,(-4.32042119585549,9.28294427307584,1.55899431559804));
#12438=CARTESIAN_POINT($,(-4.32490248665314,9.2736615992807,1.56899431559804));
#12439=CARTESIAN_POINT('Origin',(-4.31529972065817,9.28518491847466,1.58399431559804));
#12440=CARTESIAN_POINT('',(-4.29929511066656,9.3043904504646,1.55899431559804));
#12441=CARTESIAN_POINT($,(-4.31529972065817,9.28518491847466,1.55899431559804));
#12442=CARTESIAN_POINT($,(-4.29929511066656,9.3043904504646,1.58399431559804));
#12443=CARTESIAN_POINT('Origin',(-4.31722027385716,9.28678537947382,1.55899431559804));
#12444=CARTESIAN_POINT($,(-4.30121566386555,9.30599091146376,1.55899431559804));
#12445=CARTESIAN_POINT('Origin',(-4.31722027385716,9.28678537947382,1.60899431559804));
#12446=CARTESIAN_POINT($,(-4.30121566386555,9.30599091146376,1.60899431559804));
#12447=CARTESIAN_POINT('Origin',(-4.30121517544361,9.30599149757008,1.58399431559804));
#12448=CARTESIAN_POINT('Origin',(-4.3339172004842,9.26815747320063,1.49399431559803));
#12449=CARTESIAN_POINT('Origin',(-4.31722027385716,9.28678537947382,1.36899431559804));
#12450=CARTESIAN_POINT('',(-4.31850064265649,9.28134381207668,1.36899431559804));
#12451=CARTESIAN_POINT('',(-4.32234174905448,9.284544734075,1.36899431559804));
#12452=CARTESIAN_POINT($,(-4.32042119585549,9.28294427307584,1.36899431559804));
#12453=CARTESIAN_POINT('',(-4.29929511066656,9.3043904504646,1.36899431559804));
#12454=CARTESIAN_POINT($,(-4.31529972065817,9.28518491847466,1.36899431559804));
#12455=CARTESIAN_POINT('',(-4.30313621706454,9.30759137246292,1.36899431559804));
#12456=CARTESIAN_POINT($,(-4.30121566386555,9.30599091146376,1.36899431559804));
#12457=CARTESIAN_POINT($,(-4.31914082705616,9.28838584047298,1.36899431559804));
#12458=CARTESIAN_POINT('Origin',(-4.31722027385716,9.28678537947382,1.31899431559804));
#12459=CARTESIAN_POINT('',(-4.32234174905448,9.284544734075,1.31899431559804));
#12460=CARTESIAN_POINT('',(-4.31850064265649,9.28134381207668,1.31899431559804));
#12461=CARTESIAN_POINT($,(-4.32042119585549,9.28294427307584,1.31899431559804));
#12462=CARTESIAN_POINT('',(-4.30313621706454,9.30759137246292,1.31899431559804));
#12463=CARTESIAN_POINT($,(-4.31914082705616,9.28838584047298,1.31899431559804));
#12464=CARTESIAN_POINT('',(-4.29929511066656,9.3043904504646,1.31899431559804));
#12465=CARTESIAN_POINT($,(-4.30121566386555,9.30599091146376,1.31899431559804));
#12466=CARTESIAN_POINT($,(-4.31529972065817,9.28518491847466,1.31899431559804));
#12467=CARTESIAN_POINT('Origin',(-4.31529972065817,9.28518491847466,1.34399431559804));
#12468=CARTESIAN_POINT('',(-4.3283066938521,9.26957655064195,1.33431185723252));
#12469=CARTESIAN_POINT('',(-4.29929511066656,9.3043904504646,1.33431185723252));
#12470=CARTESIAN_POINT($,(-4.31529923223623,9.28518550458099,1.33431185723252));
#12471=CARTESIAN_POINT($,(-4.32490248665314,9.2736615992807,1.32899431559804));
#12472=CARTESIAN_POINT($,(-4.29929511066656,9.3043904504646,1.34399431559804));
#12473=CARTESIAN_POINT('Origin',(-4.32682303985213,9.27526206027986,1.32899431559804));
#12474=CARTESIAN_POINT('',(-4.33214780025008,9.27277747264027,1.33431185723252));
#12475=CARTESIAN_POINT('Origin',(-4.3364258058471,9.2637387410859,1.34399431559804));
#12476=CARTESIAN_POINT($,(-4.32874359305112,9.27686252127902,1.32899431559804));
#12477=CARTESIAN_POINT('Origin',(-4.31529972065817,9.28518491847466,1.34399431559804));
#12478=CARTESIAN_POINT('',(-4.29929511066656,9.3043904504646,1.35367677396355));
#12479=CARTESIAN_POINT('',(-4.3283066938521,9.26957655064195,1.35367677396355));
#12480=CARTESIAN_POINT($,(-4.31529923223623,9.28518550458099,1.35367677396355));
#12481=CARTESIAN_POINT($,(-4.29929511066656,9.3043904504646,1.34399431559804));
#12482=CARTESIAN_POINT($,(-4.32490248665314,9.2736615992807,1.35899431559804));
#12483=CARTESIAN_POINT('Origin',(-4.32682303985213,9.27526206027986,1.35899431559804));
#12484=CARTESIAN_POINT('',(-4.33214780025008,9.27277747264027,1.35367677396355));
#12485=CARTESIAN_POINT('Origin',(-4.3364258058471,9.2637387410859,1.34399431559804));
#12486=CARTESIAN_POINT($,(-4.32874359305112,9.27686252127902,1.35899431559804));
#12487=CARTESIAN_POINT('Origin',(-4.31914082705616,9.28838584047298,1.34399431559804));
#12488=CARTESIAN_POINT('',(-4.30313621706454,9.30759137246292,1.33431185723252));
#12489=CARTESIAN_POINT($,(-4.31914033863422,9.28838642657931,1.33431185723252));
#12490=CARTESIAN_POINT($,(-4.30313621706454,9.30759137246292,1.34399431559804));
#12491=CARTESIAN_POINT('Origin',(-4.31914082705616,9.28838584047298,1.34399431559804));
#12492=CARTESIAN_POINT('',(-4.30313621706454,9.30759137246292,1.35367677396355));
#12493=CARTESIAN_POINT($,(-4.31914033863422,9.28838642657931,1.35367677396355));
#12494=CARTESIAN_POINT($,(-4.30313621706454,9.30759137246292,1.34399431559804));
#12495=CARTESIAN_POINT('Origin',(-4.31721978543523,9.28678596558015,1.34399431559804));
#12496=CARTESIAN_POINT('',(-4.34090660822281,9.27398227758686,1.34399431559804));
#12497=CARTESIAN_POINT('Origin',(-4.33322439542684,9.26758043359021,1.34399431559804));
#12498=CARTESIAN_POINT('',(-4.30865393442076,9.31218947025976,1.34649431559804));
#12499=CARTESIAN_POINT('',(-4.3376655176063,9.27737557043712,1.34649431559804));
#12500=CARTESIAN_POINT($,(-4.32465805599043,9.29298452437615,1.34649431559804));
#12501=CARTESIAN_POINT('',(-4.3376655176063,9.27737557043712,1.34149431559804));
#12502=CARTESIAN_POINT('Origin',(-4.3364258058471,9.2637387410859,1.34399431559804));
#12503=CARTESIAN_POINT('',(-4.30865393442076,9.31218947025976,1.34149431559804));
#12504=CARTESIAN_POINT($,(-4.32465805599043,9.29298452437615,1.34149431559804));
#12505=CARTESIAN_POINT('Origin',(-4.30121517544361,9.30599149757008,1.34399431559804));
#12506=CARTESIAN_POINT('',(-4.29377739331034,9.29979235266775,1.34149431559804));
#12507=CARTESIAN_POINT('Origin',(-4.30121517544361,9.30599149757008,1.34399431559804));
#12508=CARTESIAN_POINT('',(-4.32278897649588,9.2649784528451,1.34149431559804));
#12509=CARTESIAN_POINT($,(-4.30978151488002,9.28058740678414,1.34149431559804));
#12510=CARTESIAN_POINT('',(-4.32278897649588,9.2649784528451,1.34649431559804));
#12511=CARTESIAN_POINT('Origin',(-4.3364258058471,9.2637387410859,1.34399431559804));
#12512=CARTESIAN_POINT('',(-4.29377739331034,9.29979235266775,1.34649431559804));
#12513=CARTESIAN_POINT($,(-4.30978151488002,9.28058740678414,1.34649431559804));
#12514=CARTESIAN_POINT('Origin',(-4.30121517544361,9.30599149757008,1.34399431559804));
#12515=CARTESIAN_POINT('Origin',(-4.30121517544361,9.30599149757008,1.34399431559804));
#12516=CARTESIAN_POINT('Origin',(-4.29801474186723,9.27078076948221,1.34399431559804));
#12517=CARTESIAN_POINT('',(-4.30121566386555,9.26693966308422,1.34149431559804));
#12518=CARTESIAN_POINT('',(-4.30121566386555,9.26693966308422,1.34649431559804));
#12519=CARTESIAN_POINT($,(-4.30121566386555,9.26693966308422,1.34399431559804));
#12520=CARTESIAN_POINT('',(-4.28201013187562,9.28998630147215,1.34149431559804));
#12521=CARTESIAN_POINT($,(-4.29801474186723,9.27078076948221,1.34149431559804));
#12522=CARTESIAN_POINT('',(-4.28201013187562,9.28998630147215,1.34649431559804));
#12523=CARTESIAN_POINT($,(-4.28201013187562,9.28998630147215,1.34399431559804));
#12524=CARTESIAN_POINT($,(-4.29801474186723,9.27078076948221,1.34649431559804));
#12525=CARTESIAN_POINT('Origin',(-4.3364258058471,9.30278998946543,1.34399431559804));
#12526=CARTESIAN_POINT('',(-4.33962672784542,9.29894888306745,1.34649431559804));
#12527=CARTESIAN_POINT('',(-4.33962672784542,9.29894888306745,1.34149431559804));
#12528=CARTESIAN_POINT($,(-4.33962672784542,9.29894888306745,1.34399431559804));
#12529=CARTESIAN_POINT('',(-4.32042119585549,9.32199552145537,1.34649431559804));
#12530=CARTESIAN_POINT($,(-4.3364258058471,9.30278998946543,1.34649431559804));
#12531=CARTESIAN_POINT('',(-4.32042119585549,9.32199552145537,1.34149431559804));
#12532=CARTESIAN_POINT($,(-4.32042119585549,9.32199552145537,1.34399431559804));
#12533=CARTESIAN_POINT($,(-4.3364258058471,9.30278998946543,1.34149431559804));
#12534=CARTESIAN_POINT('Origin',(-4.31722027385716,9.28678537947382,1.34149431559804));
#12535=CARTESIAN_POINT($,(-4.33834635904609,9.28486482627483,1.34149431559804));
#12536=CARTESIAN_POINT($,(-4.30121566386555,9.30599091146376,1.34149431559804));
#12537=CARTESIAN_POINT('Origin',(-4.33834635904609,9.28486482627483,1.34399431559804));
#12538=CARTESIAN_POINT($,(-4.33834635904609,9.28486482627483,1.34649431559804));
#12539=CARTESIAN_POINT('Origin',(-4.31722027385716,9.28678537947382,1.34149431559804));
#12540=CARTESIAN_POINT($,(-4.30121566386555,9.30599091146376,1.34149431559804));
#12541=CARTESIAN_POINT($,(-4.31529972065817,9.26565929428489,1.34149431559804));
#12542=CARTESIAN_POINT('Origin',(-4.31529972065817,9.26565929428489,1.34399431559804));
#12543=CARTESIAN_POINT($,(-4.31529972065817,9.26565929428489,1.34649431559804));
#12544=CARTESIAN_POINT('Origin',(-4.31722027385716,9.28678537947382,1.34649431559804));
#12545=CARTESIAN_POINT($,(-4.30121566386555,9.30599091146376,1.34649431559804));
#12546=CARTESIAN_POINT('Origin',(-4.31722027385716,9.28678537947382,1.34649431559804));
#12547=CARTESIAN_POINT($,(-4.30121566386555,9.30599091146376,1.34649431559804));
#12548=CARTESIAN_POINT('Origin',(-4.3339172004842,9.26815747320063,1.49399431559803));
#12549=CARTESIAN_POINT('Origin',(-4.30190832239633,9.30656812690608,1.40899431559804));
#12550=CARTESIAN_POINT('Origin',(-4.3339172004842,9.26815747320063,1.49399431559803));
#12551=CARTESIAN_POINT('',(-4.34090660822281,9.27398227758686,1.46399431559804));
#12552=CARTESIAN_POINT('Origin',(-4.33322439542684,9.26758043359021,1.46399431559804));
#12553=CARTESIAN_POINT('Origin',(-4.31722027385716,9.28678537947382,1.48899431559804));
#12554=CARTESIAN_POINT('',(-4.31850064265649,9.28134381207668,1.48899431559804));
#12555=CARTESIAN_POINT('',(-4.32234174905448,9.284544734075,1.48899431559804));
#12556=CARTESIAN_POINT($,(-4.32042119585549,9.28294427307584,1.48899431559804));
#12557=CARTESIAN_POINT('',(-4.29929511066656,9.3043904504646,1.48899431559804));
#12558=CARTESIAN_POINT($,(-4.31529972065817,9.28518491847466,1.48899431559804));
#12559=CARTESIAN_POINT('',(-4.30313621706454,9.30759137246292,1.48899431559804));
#12560=CARTESIAN_POINT($,(-4.30121566386555,9.30599091146376,1.48899431559804));
#12561=CARTESIAN_POINT($,(-4.31914082705616,9.28838584047298,1.48899431559804));
#12562=CARTESIAN_POINT('Origin',(-4.31722027385716,9.28678537947382,1.43899431559804));
#12563=CARTESIAN_POINT('',(-4.32234174905448,9.284544734075,1.43899431559804));
#12564=CARTESIAN_POINT('',(-4.31850064265649,9.28134381207668,1.43899431559804));
#12565=CARTESIAN_POINT($,(-4.32042119585549,9.28294427307584,1.43899431559804));
#12566=CARTESIAN_POINT('',(-4.30313621706454,9.30759137246292,1.43899431559804));
#12567=CARTESIAN_POINT($,(-4.31914082705616,9.28838584047298,1.43899431559804));
#12568=CARTESIAN_POINT('',(-4.29929511066656,9.3043904504646,1.43899431559804));
#12569=CARTESIAN_POINT($,(-4.30121566386555,9.30599091146376,1.43899431559804));
#12570=CARTESIAN_POINT($,(-4.31529972065817,9.28518491847466,1.43899431559804));
#12571=CARTESIAN_POINT('Origin',(-4.31529972065817,9.28518491847466,1.46399431559804));
#12572=CARTESIAN_POINT('',(-4.3283066938521,9.26957655064195,1.45431185723252));
#12573=CARTESIAN_POINT('',(-4.29929511066656,9.3043904504646,1.45431185723252));
#12574=CARTESIAN_POINT($,(-4.31529923223623,9.28518550458099,1.45431185723252));
#12575=CARTESIAN_POINT($,(-4.32490248665314,9.2736615992807,1.44899431559804));
#12576=CARTESIAN_POINT($,(-4.29929511066656,9.3043904504646,1.46399431559804));
#12577=CARTESIAN_POINT('Origin',(-4.32682303985213,9.27526206027986,1.44899431559804));
#12578=CARTESIAN_POINT('',(-4.33214780025008,9.27277747264027,1.45431185723252));
#12579=CARTESIAN_POINT('Origin',(-4.3364258058471,9.2637387410859,1.46399431559804));
#12580=CARTESIAN_POINT($,(-4.32874359305112,9.27686252127902,1.44899431559804));
#12581=CARTESIAN_POINT('Origin',(-4.31529972065817,9.28518491847466,1.46399431559804));
#12582=CARTESIAN_POINT('',(-4.29929511066656,9.3043904504646,1.47367677396355));
#12583=CARTESIAN_POINT('',(-4.3283066938521,9.26957655064195,1.47367677396355));
#12584=CARTESIAN_POINT($,(-4.31529923223623,9.28518550458099,1.47367677396355));
#12585=CARTESIAN_POINT($,(-4.29929511066656,9.3043904504646,1.46399431559804));
#12586=CARTESIAN_POINT($,(-4.32490248665314,9.2736615992807,1.47899431559804));
#12587=CARTESIAN_POINT('Origin',(-4.32682303985213,9.27526206027986,1.47899431559804));
#12588=CARTESIAN_POINT('',(-4.33214780025008,9.27277747264027,1.47367677396355));
#12589=CARTESIAN_POINT('Origin',(-4.3364258058471,9.2637387410859,1.46399431559804));
#12590=CARTESIAN_POINT($,(-4.32874359305112,9.27686252127902,1.47899431559804));
#12591=CARTESIAN_POINT('Origin',(-4.31914082705616,9.28838584047298,1.46399431559804));
#12592=CARTESIAN_POINT('',(-4.30313621706454,9.30759137246292,1.45431185723252));
#12593=CARTESIAN_POINT($,(-4.31914033863422,9.28838642657931,1.45431185723252));
#12594=CARTESIAN_POINT($,(-4.30313621706454,9.30759137246292,1.46399431559804));
#12595=CARTESIAN_POINT('Origin',(-4.31914082705616,9.28838584047298,1.46399431559804));
#12596=CARTESIAN_POINT('',(-4.30313621706454,9.30759137246292,1.47367677396355));
#12597=CARTESIAN_POINT($,(-4.31914033863422,9.28838642657931,1.47367677396355));
#12598=CARTESIAN_POINT($,(-4.30313621706454,9.30759137246292,1.46399431559804));
#12599=CARTESIAN_POINT('Origin',(-4.31721978543523,9.28678596558015,1.46399431559804));
#12600=CARTESIAN_POINT('',(-4.30865393442076,9.31218947025976,1.46649431559804));
#12601=CARTESIAN_POINT('',(-4.3376655176063,9.27737557043712,1.46649431559804));
#12602=CARTESIAN_POINT($,(-4.32465805599043,9.29298452437615,1.46649431559804));
#12603=CARTESIAN_POINT('',(-4.3376655176063,9.27737557043712,1.46149431559804));
#12604=CARTESIAN_POINT('Origin',(-4.3364258058471,9.2637387410859,1.46399431559804));
#12605=CARTESIAN_POINT('',(-4.30865393442076,9.31218947025976,1.46149431559804));
#12606=CARTESIAN_POINT($,(-4.32465805599043,9.29298452437615,1.46149431559804));
#12607=CARTESIAN_POINT('Origin',(-4.30121517544361,9.30599149757008,1.46399431559804));
#12608=CARTESIAN_POINT('',(-4.29377739331034,9.29979235266775,1.46149431559804));
#12609=CARTESIAN_POINT('Origin',(-4.30121517544361,9.30599149757008,1.46399431559804));
#12610=CARTESIAN_POINT('',(-4.32278897649588,9.2649784528451,1.46149431559804));
#12611=CARTESIAN_POINT($,(-4.30978151488002,9.28058740678414,1.46149431559804));
#12612=CARTESIAN_POINT('',(-4.32278897649588,9.2649784528451,1.46649431559804));
#12613=CARTESIAN_POINT('Origin',(-4.3364258058471,9.2637387410859,1.46399431559804));
#12614=CARTESIAN_POINT('',(-4.29377739331034,9.29979235266775,1.46649431559804));
#12615=CARTESIAN_POINT($,(-4.30978151488002,9.28058740678414,1.46649431559804));
#12616=CARTESIAN_POINT('Origin',(-4.30121517544361,9.30599149757008,1.46399431559804));
#12617=CARTESIAN_POINT('Origin',(-4.30121517544361,9.30599149757008,1.46399431559804));
#12618=CARTESIAN_POINT('Origin',(-4.29801474186723,9.27078076948221,1.46399431559804));
#12619=CARTESIAN_POINT('',(-4.30121566386555,9.26693966308422,1.46149431559804));
#12620=CARTESIAN_POINT('',(-4.30121566386555,9.26693966308422,1.46649431559804));
#12621=CARTESIAN_POINT($,(-4.30121566386555,9.26693966308422,1.46399431559804));
#12622=CARTESIAN_POINT('',(-4.28201013187562,9.28998630147215,1.46149431559804));
#12623=CARTESIAN_POINT($,(-4.29801474186723,9.27078076948221,1.46149431559804));
#12624=CARTESIAN_POINT('',(-4.28201013187562,9.28998630147215,1.46649431559804));
#12625=CARTESIAN_POINT($,(-4.28201013187562,9.28998630147215,1.46399431559804));
#12626=CARTESIAN_POINT($,(-4.29801474186723,9.27078076948221,1.46649431559804));
#12627=CARTESIAN_POINT('Origin',(-4.3364258058471,9.30278998946543,1.46399431559804));
#12628=CARTESIAN_POINT('',(-4.33962672784542,9.29894888306745,1.46649431559804));
#12629=CARTESIAN_POINT('',(-4.33962672784542,9.29894888306745,1.46149431559804));
#12630=CARTESIAN_POINT($,(-4.33962672784542,9.29894888306745,1.46399431559804));
#12631=CARTESIAN_POINT('',(-4.32042119585549,9.32199552145537,1.46649431559804));
#12632=CARTESIAN_POINT($,(-4.3364258058471,9.30278998946543,1.46649431559804));
#12633=CARTESIAN_POINT('',(-4.32042119585549,9.32199552145537,1.46149431559804));
#12634=CARTESIAN_POINT($,(-4.32042119585549,9.32199552145537,1.46399431559804));
#12635=CARTESIAN_POINT($,(-4.3364258058471,9.30278998946543,1.46149431559804));
#12636=CARTESIAN_POINT('Origin',(-4.31722027385716,9.28678537947382,1.46149431559804));
#12637=CARTESIAN_POINT($,(-4.33834635904609,9.28486482627483,1.46149431559804));
#12638=CARTESIAN_POINT($,(-4.30121566386555,9.30599091146376,1.46149431559804));
#12639=CARTESIAN_POINT('Origin',(-4.33834635904609,9.28486482627483,1.46399431559804));
#12640=CARTESIAN_POINT($,(-4.33834635904609,9.28486482627483,1.46649431559804));
#12641=CARTESIAN_POINT('Origin',(-4.31722027385716,9.28678537947382,1.46149431559804));
#12642=CARTESIAN_POINT($,(-4.30121566386555,9.30599091146376,1.46149431559804));
#12643=CARTESIAN_POINT($,(-4.31529972065817,9.26565929428489,1.46149431559804));
#12644=CARTESIAN_POINT('Origin',(-4.31529972065817,9.26565929428489,1.46399431559804));
#12645=CARTESIAN_POINT($,(-4.31529972065817,9.26565929428489,1.46649431559804));
#12646=CARTESIAN_POINT('Origin',(-4.31722027385716,9.28678537947382,1.46649431559804));
#12647=CARTESIAN_POINT($,(-4.30121566386555,9.30599091146376,1.46649431559804));
#12648=CARTESIAN_POINT('Origin',(-4.31722027385716,9.28678537947382,1.46649431559804));
#12649=CARTESIAN_POINT($,(-4.30121566386555,9.30599091146376,1.46649431559804));
#12650=CARTESIAN_POINT('Origin',(-4.30190832239633,9.30656812690608,1.40899431559804));
#12651=CARTESIAN_POINT('Origin',(-4.30190832239633,9.30656812690608,1.40899431559804));
#12652=CARTESIAN_POINT('',(-4.30505662373696,9.30919200929398,1.34399431559804));
#12653=CARTESIAN_POINT('Origin',(-4.30121551733897,9.30599108729566,1.34399431559804));
#12654=CARTESIAN_POINT('Origin',(-4.29801459534065,9.30983219369364,1.34399431559804));
#12655=CARTESIAN_POINT('',(-4.29865477974031,9.31687422208995,1.34399431559804));
#12656=CARTESIAN_POINT('Origin',(-4.29481367334233,9.31367330009163,1.34399431559804));
#12657=CARTESIAN_POINT('Origin',(-4.29481367334233,9.31367330009163,1.34399431559804));
#12658=CARTESIAN_POINT('Origin',(-4.30190832239633,9.30656812690608,1.40899431559804));
#12659=CARTESIAN_POINT('',(-4.3050562818416,9.3091924195684,1.58399431559804));
#12660=CARTESIAN_POINT('Origin',(-4.30121517544361,9.30599149757008,1.58399431559804));
#12661=CARTESIAN_POINT('Origin',(-4.29481333144697,9.31367371036606,1.58399431559804));
#12662=CARTESIAN_POINT('',(-4.29865443784496,9.31687463236438,1.58399431559804));
#12663=CARTESIAN_POINT('Origin',(-4.29481333144697,9.31367371036606,1.58399431559804));
#12664=CARTESIAN_POINT('Origin',(-4.29801425344529,9.30983260396807,1.58399431559804));
#12665=CARTESIAN_POINT('Origin',(-4.30190832239633,9.30656812690608,1.40899431559804));
#12666=CARTESIAN_POINT('',(-4.3050562818416,9.3091924195684,1.46399431559804));
#12667=CARTESIAN_POINT('Origin',(-4.30121517544361,9.30599149757008,1.46399431559804));
#12668=CARTESIAN_POINT('Origin',(-4.29801425344529,9.30983260396807,1.46399431559804));
#12669=CARTESIAN_POINT('',(-4.29865443784496,9.31687463236438,1.46399431559804));
#12670=CARTESIAN_POINT('Origin',(-4.29481333144697,9.31367371036606,1.46399431559804));
#12671=CARTESIAN_POINT('Origin',(-4.29481333144697,9.31367371036606,1.46399431559804));
#12672=CARTESIAN_POINT('Origin',(-2.77023724006752,9.2624589583929,1.22399431559804));
#12673=CARTESIAN_POINT('',(-2.75871392087356,9.27206172438786,1.22899431559804));
#12674=CARTESIAN_POINT('',(-2.76639613366953,9.26565988039122,1.23899431559804));
#12675=CARTESIAN_POINT($,(-2.76255502727155,9.26886080238954,1.23399431559804));
#12676=CARTESIAN_POINT('',(-2.75871392087356,9.27206172438786,1.20899431559804));
#12677=CARTESIAN_POINT($,(-2.75871392087356,9.27206172438786,1.22399431559804));
#12678=CARTESIAN_POINT('',(-2.78176055926148,9.25285619239793,1.20899431559804));
#12679=CARTESIAN_POINT($,(-2.77023724006752,9.2624589583929,1.20899431559804));
#12680=CARTESIAN_POINT('',(-2.78176055926148,9.25285619239793,1.22899431559804));
#12681=CARTESIAN_POINT($,(-2.78176055926148,9.25285619239793,1.22399431559804));
#12682=CARTESIAN_POINT('',(-2.77407834646551,9.25925803639457,1.23899431559804));
#12683=CARTESIAN_POINT($,(-2.77791945286349,9.25605711439625,1.23399431559804));
#12684=CARTESIAN_POINT($,(-2.77023724006752,9.2624589583929,1.23899431559804));
#12685=CARTESIAN_POINT('Origin',(-2.77471853086517,9.25221600799827,1.23399431559804));
#12686=CARTESIAN_POINT('',(-2.76895687126819,9.23749176680598,1.22899431559804));
#12687=CARTESIAN_POINT($,(-2.77855963726316,9.24901508599994,1.22899431559804));
#12688=CARTESIAN_POINT('',(-2.76127465847222,9.24389361080263,1.23899431559804));
#12689=CARTESIAN_POINT($,(-2.75935395874664,9.24549389596989,1.24149431559804));
#12690=CARTESIAN_POINT($,(-2.77087742446718,9.25541692999659,1.23899431559804));
#12691=CARTESIAN_POINT('Origin',(-2.77855963726316,9.24901508599994,1.22399431559804));
#12692=CARTESIAN_POINT('',(-2.76895687126819,9.23749176680598,1.20899431559804));
#12693=CARTESIAN_POINT($,(-2.77855963726316,9.24901508599994,1.20899431559804));
#12694=CARTESIAN_POINT($,(-2.76895672474161,9.23749159097408,1.22899431559804));
#12695=CARTESIAN_POINT('Origin',(-2.7670363180692,9.25861785199491,1.20899431559804));
#12696=CARTESIAN_POINT('',(-2.74591023288027,9.25669729879592,1.20899431559804));
#12697=CARTESIAN_POINT($,(-2.75551299887524,9.26822061798988,1.20899431559804));
#12698=CARTESIAN_POINT($,(-2.74975119275167,9.2534962009657,1.20899431559804));
#12699=CARTESIAN_POINT('Origin',(-2.74033718710216,9.26134090773625,1.50149431559804));
#12700=CARTESIAN_POINT('',(-2.74591023288027,9.25669729879592,1.22899431559804));
#12701=CARTESIAN_POINT($,(-2.74591008635369,9.25669712296402,1.22899431559804));
#12702=CARTESIAN_POINT('',(-2.75359244567624,9.25029545479927,1.23899431559804));
#12703=CARTESIAN_POINT($,(-2.74783063955268,9.25509666196486,1.23149431559804));
#12704=CARTESIAN_POINT($,(-2.74975119275167,9.2534962009657,1.23899431559804));
#12705=CARTESIAN_POINT('Origin',(-2.75935410527322,9.26501969599155,1.23399431559804));
#12706=CARTESIAN_POINT($,(-2.76319521167121,9.26181877399323,1.23899431559804));
#12707=CARTESIAN_POINT($,(-2.75551299887524,9.26822061798988,1.22899431559804));
#12708=CARTESIAN_POINT('Origin',(-2.7670363180692,9.25861785199491,1.23899431559804));
#12709=CARTESIAN_POINT('Origin',(-2.75551299887524,9.26822061798988,1.22399431559804));
#12710=CARTESIAN_POINT('Origin',(-2.74847097047893,9.26758043359021,1.78399431559804));
#12711=CARTESIAN_POINT('',(-2.75231207687691,9.26437951159189,1.77399431559804));
#12712=CARTESIAN_POINT('',(-2.75231207687691,9.26437951159189,1.79399431559804));
#12713=CARTESIAN_POINT($,(-2.75231207687691,9.26437951159189,1.78399431559804));
#12714=CARTESIAN_POINT('',(-2.74462986408094,9.27078135558854,1.79399431559804));
#12715=CARTESIAN_POINT($,(-2.74847097047893,9.26758043359021,1.79399431559804));
#12716=CARTESIAN_POINT('',(-2.74462986408094,9.27078135558854,1.77399431559804));
#12717=CARTESIAN_POINT($,(-2.74462986408094,9.27078135558854,1.78399431559804));
#12718=CARTESIAN_POINT($,(-2.74847097047893,9.26758043359021,1.77399431559804));
#12719=CARTESIAN_POINT('Origin',(-2.7452700484806,9.26373932719223,1.77399431559804));
#12720=CARTESIAN_POINT('',(-2.73822802008429,9.26309914279256,1.77399431559804));
#12721=CARTESIAN_POINT($,(-2.74142894208262,9.26694024919055,1.77399431559804));
#12722=CARTESIAN_POINT('',(-2.74591023288027,9.25669729879592,1.77399431559804));
#12723=CARTESIAN_POINT($,(-2.74206912648228,9.25989822079424,1.77399431559804));
#12724=CARTESIAN_POINT($,(-2.74911115487859,9.2605384051939,1.77399431559804));
#12725=CARTESIAN_POINT('Origin',(-2.74142894208262,9.26694024919055,1.78399431559804));
#12726=CARTESIAN_POINT('',(-2.73822802008429,9.26309914279256,1.79399431559804));
#12727=CARTESIAN_POINT($,(-2.74142894208262,9.26694024919055,1.79399431559804));
#12728=CARTESIAN_POINT($,(-2.73822802008429,9.26309914279256,1.78399431559804));
#12729=CARTESIAN_POINT('Origin',(-2.7452700484806,9.26373932719223,1.79399431559804));
#12730=CARTESIAN_POINT('',(-2.74591023288027,9.25669729879592,1.79399431559804));
#12731=CARTESIAN_POINT($,(-2.74911115487859,9.2605384051939,1.79399431559804));
#12732=CARTESIAN_POINT($,(-2.74206912648228,9.25989822079424,1.79399431559804));
#12733=CARTESIAN_POINT('Origin',(-2.74911115487859,9.2605384051939,1.78399431559804));
#12734=CARTESIAN_POINT($,(-2.74591023288027,9.25669729879592,1.78399431559804));
#12735=CARTESIAN_POINT('Origin',(-2.74033718710216,9.26134090773625,1.50149431559804));
#12736=CARTESIAN_POINT('Origin',(-2.74033718710216,9.26134090773625,1.50149431559804));
#12737=CARTESIAN_POINT('',(-2.73054566076174,9.26950081095731,1.26399431559804));
#12738=CARTESIAN_POINT('',(-2.73822787355771,9.26309896696067,1.26399431559804));
#12739=CARTESIAN_POINT($,(-2.73438676715973,9.26629988895899,1.26399431559804));
#12740=CARTESIAN_POINT('',(-2.73822787355771,9.26309896696067,1.24399431559804));
#12741=CARTESIAN_POINT($,(-2.73822787355771,9.26309896696067,1.25399431559804));
#12742=CARTESIAN_POINT('',(-2.73054566076174,9.26950081095731,1.24399431559804));
#12743=CARTESIAN_POINT($,(-2.73438676715973,9.26629988895899,1.24399431559804));
#12744=CARTESIAN_POINT($,(-2.73054566076174,9.26950081095731,1.25399431559804));
#12745=CARTESIAN_POINT('Origin',(-2.74078861115637,9.27398210175496,1.25399431559804));
#12746=CARTESIAN_POINT('',(-2.74462971755436,9.27078117975664,1.24399431559804));
#12747=CARTESIAN_POINT('',(-2.74462971755436,9.27078117975664,1.26399431559804));
#12748=CARTESIAN_POINT($,(-2.74462971755436,9.27078117975664,1.25399431559804));
#12749=CARTESIAN_POINT('',(-2.73694750475839,9.27718302375328,1.26399431559804));
#12750=CARTESIAN_POINT($,(-2.74078861115637,9.27398210175496,1.26399431559804));
#12751=CARTESIAN_POINT('',(-2.73694750475839,9.27718302375328,1.24399431559804));
#12752=CARTESIAN_POINT($,(-2.73694750475839,9.27718302375328,1.25399431559804));
#12753=CARTESIAN_POINT($,(-2.74078861115637,9.27398210175496,1.24399431559804));
#12754=CARTESIAN_POINT('Origin',(-2.73758768915805,9.27014099535697,1.26399431559804));
#12755=CARTESIAN_POINT($,(-2.73374658276006,9.2733419173553,1.26399431559804));
#12756=CARTESIAN_POINT($,(-2.74142879555604,9.26694007335865,1.26399431559804));
#12757=CARTESIAN_POINT('Origin',(-2.73374658276006,9.2733419173553,1.25399431559804));
#12758=CARTESIAN_POINT($,(-2.73374658276006,9.2733419173553,1.24399431559804));
#12759=CARTESIAN_POINT('Origin',(-2.73758768915805,9.27014099535697,1.24399431559804));
#12760=CARTESIAN_POINT($,(-2.74142879555604,9.26694007335865,1.24399431559804));
#12761=CARTESIAN_POINT('Origin',(-2.74142879555604,9.26694007335865,1.25399431559804));
#12762=CARTESIAN_POINT('Origin',(-2.75679322114798,9.25413638536536,1.25399431559804));
#12763=CARTESIAN_POINT('',(-2.75359229914966,9.25029527896737,1.26399431559804));
#12764=CARTESIAN_POINT('',(-2.75999414314631,9.25797749176335,1.26399431559804));
#12765=CARTESIAN_POINT($,(-2.75679322114798,9.25413638536536,1.26399431559804));
#12766=CARTESIAN_POINT('',(-2.75999414314631,9.25797749176335,1.24399431559804));
#12767=CARTESIAN_POINT($,(-2.75999414314631,9.25797749176335,1.25399431559804));
#12768=CARTESIAN_POINT('',(-2.75359229914966,9.25029527896737,1.24399431559804));
#12769=CARTESIAN_POINT($,(-2.75679322114798,9.25413638536536,1.24399431559804));
#12770=CARTESIAN_POINT($,(-2.75359229914966,9.25029527896737,1.25399431559804));
#12771=CARTESIAN_POINT('Origin',(-2.75295211475,9.25733730736368,1.24399431559804));
#12772=CARTESIAN_POINT('',(-2.75231193035033,9.26437933575999,1.24399431559804));
#12773=CARTESIAN_POINT($,(-2.75615303674832,9.26117841376167,1.24399431559804));
#12774=CARTESIAN_POINT('',(-2.74591008635369,9.25669712296402,1.24399431559804));
#12775=CARTESIAN_POINT($,(-2.74911100835201,9.26053822936201,1.24399431559804));
#12776=CARTESIAN_POINT($,(-2.74975119275167,9.2534962009657,1.24399431559804));
#12777=CARTESIAN_POINT('Origin',(-2.74911100835201,9.26053822936201,1.25399431559804));
#12778=CARTESIAN_POINT('',(-2.75231193035033,9.26437933575999,1.26399431559804));
#12779=CARTESIAN_POINT($,(-2.75231193035033,9.26437933575999,1.25399431559804));
#12780=CARTESIAN_POINT('',(-2.74591008635369,9.25669712296402,1.26399431559804));
#12781=CARTESIAN_POINT($,(-2.74911100835201,9.26053822936201,1.26399431559804));
#12782=CARTESIAN_POINT($,(-2.74591008635369,9.25669712296402,1.25399431559804));
#12783=CARTESIAN_POINT('Origin',(-2.75295211475,9.25733730736368,1.26399431559804));
#12784=CARTESIAN_POINT($,(-2.75615303674832,9.26117841376167,1.26399431559804));
#12785=CARTESIAN_POINT($,(-2.74975119275167,9.2534962009657,1.26399431559804));
#12786=CARTESIAN_POINT('Origin',(-2.75615303674832,9.26117841376167,1.25399431559804));
#12787=CARTESIAN_POINT('Origin',(-2.74033718710216,9.26134090773625,1.50149431559804));
#12788=CARTESIAN_POINT('Origin',(-2.74526990195402,9.26373915136033,1.46399431559804));
#12789=CARTESIAN_POINT('',(-2.76383524954429,9.25477656976502,1.46399431559804));
#12790=CARTESIAN_POINT('Origin',(-2.74847082395235,9.26758025775831,1.46399431559804));
#12791=CARTESIAN_POINT('',(-2.75743340554765,9.24709435696905,1.46399431559804));
#12792=CARTESIAN_POINT('Origin',(-2.7420689799557,9.25989804496234,1.46399431559804));
#12793=CARTESIAN_POINT('Origin',(-2.74033718710216,9.26134090773625,1.50149431559804));
#12794=CARTESIAN_POINT('Origin',(-2.74777820865891,9.26815743716951,1.50149431559804));
#12795=CARTESIAN_POINT('Origin',(-2.7452700484806,9.26373932719223,1.34399431559804));
#12796=CARTESIAN_POINT('',(-2.75743355207423,9.24709453280095,1.34399431559804));
#12797=CARTESIAN_POINT('Origin',(-2.7420689799557,9.25989804496234,1.34399431559804));
#12798=CARTESIAN_POINT('',(-2.76383539607087,9.25477674559692,1.34399431559804));
#12799=CARTESIAN_POINT('Origin',(-2.74847097047893,9.26758043359021,1.34399431559804));
#12800=CARTESIAN_POINT('Origin',(-2.74033718710216,9.26134090773625,1.50149431559804));
#12801=CARTESIAN_POINT('Origin',(-2.74777820865891,9.26815743716951,1.50149431559804));
#12802=CARTESIAN_POINT('Origin',(-2.74033718710216,9.26134090773625,1.50149431559804));
#12803=CARTESIAN_POINT('',(-2.78048004393557,9.22788882497912,1.19399431559804));
#12804=CARTESIAN_POINT('',(-2.78048004393557,9.22788882497912,1.27399431559804));
#12805=CARTESIAN_POINT($,(-2.78048004393557,9.22788882497912,1.23399431559804));
#12806=CARTESIAN_POINT('',(-2.70365791597583,9.29190726494557,1.27399431559804));
#12807=CARTESIAN_POINT($,(-2.7420689799557,9.25989804496234,1.27399431559804));
#12808=CARTESIAN_POINT('',(-2.70365791597583,9.29190726494557,1.19399431559804));
#12809=CARTESIAN_POINT($,(-2.70365791597583,9.29190726494556,1.23399431559804));
#12810=CARTESIAN_POINT($,(-2.7420689799557,9.25989804496234,1.19399431559804));
#12811=CARTESIAN_POINT('Origin',(-2.7331651426637,9.25430052864178,1.50399431559804));
#12812=CARTESIAN_POINT('',(-2.77407819993893,9.22020661218314,1.19399431559804));
#12813=CARTESIAN_POINT('',(-2.69725607197919,9.28422505214959,1.19399431559804));
#12814=CARTESIAN_POINT($,(-2.73566698943248,9.25221565633447,1.19399431559804));
#12815=CARTESIAN_POINT('',(-2.69725607197919,9.28422505214959,1.27399431559804));
#12816=CARTESIAN_POINT($,(-2.69725592545261,9.28422487631769,1.36899431559804));
#12817=CARTESIAN_POINT('',(-2.77407819993893,9.22020661218314,1.27399431559804));
#12818=CARTESIAN_POINT($,(-2.73566698943248,9.25221565633447,1.27399431559804));
#12819=CARTESIAN_POINT($,(-2.77407805341234,9.22020643635125,1.36899431559804));
#12820=CARTESIAN_POINT('Origin',(-2.74526990195402,9.26373915136033,1.19399431559804));
#12821=CARTESIAN_POINT($,(-2.70685883797416,9.29574837134355,1.19399431559804));
#12822=CARTESIAN_POINT($,(-2.78368096593389,9.2317299313771,1.19399431559804));
#12823=CARTESIAN_POINT('Origin',(-2.70685883797416,9.29574837134355,1.23399431559804));
#12824=CARTESIAN_POINT($,(-2.70685883797416,9.29574837134355,1.27399431559804));
#12825=CARTESIAN_POINT('Origin',(-2.74526990195402,9.26373915136033,1.27399431559804));
#12826=CARTESIAN_POINT($,(-2.78368096593389,9.2317299313771,1.27399431559804));
#12827=CARTESIAN_POINT('Origin',(-2.78368096593389,9.2317299313771,1.23399431559804));
#12828=CARTESIAN_POINT('Origin',(-2.7331651426637,9.25430052864178,1.50399431559804));
#12829=CARTESIAN_POINT('',(-2.77407819993893,9.22020661218314,1.46399431559804));
#12830=CARTESIAN_POINT('Origin',(-2.73566698943248,9.25221565633447,1.46399431559804));
#12831=CARTESIAN_POINT('Origin',(-2.73886805795738,9.25605693856436,1.46399431559804));
#12832=CARTESIAN_POINT('',(-2.78048004393557,9.22788882497912,1.46399431559804));
#12833=CARTESIAN_POINT('Origin',(-2.7420689799557,9.25989804496234,1.46399431559804));
#12834=CARTESIAN_POINT('Origin',(-2.7420689799557,9.25989804496234,1.46399431559804));
#12835=CARTESIAN_POINT('Origin',(-2.7420689799557,9.25989804496234,1.34399431559804));
#12836=CARTESIAN_POINT('',(-2.78048004393557,9.22788882497912,1.34399431559804));
#12837=CARTESIAN_POINT('Origin',(-2.7420689799557,9.25989804496234,1.34399431559804));
#12838=CARTESIAN_POINT('Origin',(-2.73886805795738,9.25605693856436,1.34399431559804));
#12839=CARTESIAN_POINT('',(-2.77407819993893,9.22020661218314,1.34399431559804));
#12840=CARTESIAN_POINT('Origin',(-2.73566698943248,9.25221565633447,1.34399431559804));
#12841=CARTESIAN_POINT('Origin',(-2.7331651426637,9.25430052864178,1.50399431559804));
#12842=CARTESIAN_POINT('Origin',(-2.7331651426637,9.25430052864178,1.50399431559804));
#12843=CARTESIAN_POINT('',(-2.70877924464657,9.27462211032273,1.80899431559804));
#12844=CARTESIAN_POINT('',(-2.76255473421838,9.22980920234621,1.80899431559804));
#12845=CARTESIAN_POINT($,(-2.73566698943248,9.25221565633447,1.80899431559804));
#12846=CARTESIAN_POINT('',(-2.76255473421838,9.22980920234621,1.73899431559804));
#12847=CARTESIAN_POINT($,(-2.76255473421838,9.22980920234621,1.63899431559804));
#12848=CARTESIAN_POINT('',(-2.70877924464657,9.27462211032273,1.73899431559804));
#12849=CARTESIAN_POINT($,(-2.73566698943248,9.25221565633447,1.73899431559804));
#12850=CARTESIAN_POINT($,(-2.70877924464657,9.27462211032273,1.63899431559804));
#12851=CARTESIAN_POINT('Origin',(-2.7388679114308,9.25605676273246,1.80899431559804));
#12852=CARTESIAN_POINT('',(-2.71518108864321,9.2823043231187,1.80899431559804));
#12853=CARTESIAN_POINT($,(-2.71198016664489,9.27846321672071,1.80899431559804));
#12854=CARTESIAN_POINT('',(-2.76895657821503,9.23749141514219,1.80899431559804));
#12855=CARTESIAN_POINT($,(-2.74206883342912,9.25989786913044,1.80899431559804));
#12856=CARTESIAN_POINT($,(-2.76575565621671,9.2336503087442,1.80899431559804));
#12857=CARTESIAN_POINT('Origin',(-2.71198016664489,9.27846321672071,1.77399431559804));
#12858=CARTESIAN_POINT('',(-2.71518108864321,9.2823043231187,1.73899431559804));
#12859=CARTESIAN_POINT($,(-2.71198016664489,9.27846321672071,1.73899431559804));
#12860=CARTESIAN_POINT($,(-2.71518108864321,9.2823043231187,1.77399431559804));
#12861=CARTESIAN_POINT('Origin',(-2.7388679114308,9.25605676273246,1.73899431559804));
#12862=CARTESIAN_POINT('',(-2.76895657821503,9.23749141514219,1.73899431559804));
#12863=CARTESIAN_POINT($,(-2.76575565621671,9.2336503087442,1.73899431559804));
#12864=CARTESIAN_POINT($,(-2.74206883342912,9.25989786913044,1.73899431559804));
#12865=CARTESIAN_POINT('Origin',(-2.76575565621671,9.2336503087442,1.77399431559804));
#12866=CARTESIAN_POINT($,(-2.76895657821503,9.23749141514219,1.77399431559804));
#12867=CARTESIAN_POINT('Origin',(-2.74033718710216,9.26134090773625,1.50149431559804));
#12868=CARTESIAN_POINT('Origin',(-2.78048019046215,9.30599149757008,1.34399431559804));
#12869=CARTESIAN_POINT('',(-2.78791797259542,9.29979235266775,1.34649431559804));
#12870=CARTESIAN_POINT('',(-2.78240025523921,9.3043904504646,1.35367677396355));
#12871=CARTESIAN_POINT('Origin',(-2.78048019046215,9.30599149757008,1.34399431559804));
#12872=CARTESIAN_POINT('',(-2.78240025523921,9.3043904504646,1.36899431559804));
#12873=CARTESIAN_POINT($,(-2.78240025523921,9.3043904504646,1.34399431559804));
#12874=CARTESIAN_POINT('',(-2.77855914884122,9.30759137246292,1.36899431559804));
#12875=CARTESIAN_POINT($,(-2.78047970204021,9.30599091146376,1.36899431559804));
#12876=CARTESIAN_POINT('',(-2.77855914884122,9.30759137246292,1.35367677396355));
#12877=CARTESIAN_POINT($,(-2.77855914884122,9.30759137246292,1.34399431559804));
#12878=CARTESIAN_POINT('',(-2.77304143148501,9.31218947025976,1.34649431559804));
#12879=CARTESIAN_POINT('Origin',(-2.78048019046215,9.30599149757008,1.34399431559804));
#12880=CARTESIAN_POINT('',(-2.76127417005028,9.32199552145537,1.34649431559804));
#12881=CARTESIAN_POINT($,(-2.78047970204021,9.30599091146376,1.34649431559804));
#12882=CARTESIAN_POINT('',(-2.76127417005028,9.32199552145537,1.34149431559804));
#12883=CARTESIAN_POINT($,(-2.76127417005028,9.32199552145537,1.34399431559804));
#12884=CARTESIAN_POINT('',(-2.77304143148501,9.31218947025976,1.34149431559804));
#12885=CARTESIAN_POINT($,(-2.78047970204021,9.30599091146376,1.34149431559804));
#12886=CARTESIAN_POINT('',(-2.77855914884122,9.30759137246292,1.33431185723252));
#12887=CARTESIAN_POINT('Origin',(-2.78048019046215,9.30599149757008,1.34399431559804));
#12888=CARTESIAN_POINT('',(-2.77855914884122,9.30759137246292,1.31899431559804));
#12889=CARTESIAN_POINT($,(-2.77855914884122,9.30759137246292,1.34399431559804));
#12890=CARTESIAN_POINT('',(-2.78240025523921,9.3043904504646,1.31899431559804));
#12891=CARTESIAN_POINT($,(-2.78047970204021,9.30599091146376,1.31899431559804));
#12892=CARTESIAN_POINT('',(-2.78240025523921,9.3043904504646,1.33431185723252));
#12893=CARTESIAN_POINT($,(-2.78240025523921,9.3043904504646,1.34399431559804));
#12894=CARTESIAN_POINT('',(-2.78791797259542,9.29979235266775,1.34149431559804));
#12895=CARTESIAN_POINT('Origin',(-2.78048019046215,9.30599149757008,1.34399431559804));
#12896=CARTESIAN_POINT('',(-2.79968523403015,9.28998630147215,1.34149431559804));
#12897=CARTESIAN_POINT($,(-2.78047970204021,9.30599091146376,1.34149431559804));
#12898=CARTESIAN_POINT('',(-2.79968523403015,9.28998630147215,1.34649431559804));
#12899=CARTESIAN_POINT($,(-2.79968523403015,9.28998630147215,1.34399431559804));
#12900=CARTESIAN_POINT($,(-2.78047970204021,9.30599091146376,1.34649431559804));
#12901=CARTESIAN_POINT('Origin',(-2.7644750920486,9.28678537947382,1.36899431559804));
#12902=CARTESIAN_POINT('',(-2.75935361685129,9.284544734075,1.36899431559804));
#12903=CARTESIAN_POINT('',(-2.76319472324927,9.28134381207667,1.36899431559804));
#12904=CARTESIAN_POINT($,(-2.76127417005028,9.28294427307584,1.36899431559804));
#12905=CARTESIAN_POINT($,(-2.76255453884961,9.28838584047298,1.36899431559804));
#12906=CARTESIAN_POINT($,(-2.7663956452476,9.28518491847466,1.36899431559804));
#12907=CARTESIAN_POINT('Origin',(-2.7644750920486,9.28678537947382,1.31899431559804));
#12908=CARTESIAN_POINT('',(-2.76319472324927,9.28134381207667,1.31899431559804));
#12909=CARTESIAN_POINT('',(-2.75935361685129,9.284544734075,1.31899431559804));
#12910=CARTESIAN_POINT($,(-2.76127417005028,9.28294427307584,1.31899431559804));
#12911=CARTESIAN_POINT($,(-2.7663956452476,9.28518491847466,1.31899431559804));
#12912=CARTESIAN_POINT($,(-2.76255453884961,9.28838584047298,1.31899431559804));
#12913=CARTESIAN_POINT('Origin',(-2.76255453884961,9.28838584047298,1.34399431559804));
#12914=CARTESIAN_POINT('',(-2.74954756565568,9.27277747264027,1.33431185723252));
#12915=CARTESIAN_POINT($,(-2.76255502727155,9.28838642657931,1.33431185723252));
#12916=CARTESIAN_POINT($,(-2.75295177285464,9.27686252127902,1.32899431559804));
#12917=CARTESIAN_POINT('Origin',(-2.75487232605363,9.27526206027986,1.32899431559804));
#12918=CARTESIAN_POINT('',(-2.75338867205367,9.26957655064195,1.33431185723252));
#12919=CARTESIAN_POINT('Origin',(-2.74526956005867,9.2637387410859,1.34399431559804));
#12920=CARTESIAN_POINT($,(-2.75679287925263,9.2736615992807,1.32899431559804));
#12921=CARTESIAN_POINT('Origin',(-2.76255453884961,9.28838584047298,1.34399431559804));
#12922=CARTESIAN_POINT('',(-2.74954756565568,9.27277747264027,1.35367677396355));
#12923=CARTESIAN_POINT($,(-2.76255502727155,9.28838642657931,1.35367677396355));
#12924=CARTESIAN_POINT($,(-2.75295177285464,9.27686252127902,1.35899431559804));
#12925=CARTESIAN_POINT('Origin',(-2.75487232605363,9.27526206027986,1.35899431559804));
#12926=CARTESIAN_POINT('',(-2.75338867205367,9.26957655064195,1.35367677396355));
#12927=CARTESIAN_POINT('Origin',(-2.74526956005867,9.2637387410859,1.34399431559804));
#12928=CARTESIAN_POINT($,(-2.75679287925263,9.2736615992807,1.35899431559804));
#12929=CARTESIAN_POINT('Origin',(-2.7663956452476,9.28518491847466,1.34399431559804));
#12930=CARTESIAN_POINT($,(-2.76639613366953,9.28518550458099,1.33431185723252));
#12931=CARTESIAN_POINT('Origin',(-2.7663956452476,9.28518491847466,1.34399431559804));
#12932=CARTESIAN_POINT($,(-2.76639613366953,9.28518550458099,1.35367677396355));
#12933=CARTESIAN_POINT('Origin',(-2.76447558047054,9.28678596558015,1.34399431559804));
#12934=CARTESIAN_POINT('',(-2.7561531832749,9.26117858959357,1.34399431559804));
#12935=CARTESIAN_POINT('Origin',(-2.74847097047893,9.26758043359021,1.34399431559804));
#12936=CARTESIAN_POINT('',(-2.75890638940988,9.2649784528451,1.34649431559804));
#12937=CARTESIAN_POINT($,(-2.77191385102575,9.28058740678414,1.34649431559804));
#12938=CARTESIAN_POINT('',(-2.75890638940988,9.2649784528451,1.34149431559804));
#12939=CARTESIAN_POINT('Origin',(-2.74526956005867,9.2637387410859,1.34399431559804));
#12940=CARTESIAN_POINT($,(-2.77191385102575,9.28058740678414,1.34149431559804));
#12941=CARTESIAN_POINT('',(-2.74402984829947,9.27737557043712,1.34149431559804));
#12942=CARTESIAN_POINT($,(-2.75703730991533,9.29298452437615,1.34149431559804));
#12943=CARTESIAN_POINT('',(-2.74402984829947,9.27737557043712,1.34649431559804));
#12944=CARTESIAN_POINT('Origin',(-2.74526956005867,9.2637387410859,1.34399431559804));
#12945=CARTESIAN_POINT($,(-2.75703730991533,9.29298452437615,1.34649431559804));
#12946=CARTESIAN_POINT('Origin',(-2.74526956005867,9.30278998946543,1.34399431559804));
#12947=CARTESIAN_POINT('',(-2.74206863806034,9.29894888306745,1.34149431559804));
#12948=CARTESIAN_POINT('',(-2.74206863806034,9.29894888306745,1.34649431559804));
#12949=CARTESIAN_POINT($,(-2.74206863806034,9.29894888306745,1.34399431559804));
#12950=CARTESIAN_POINT($,(-2.74526956005867,9.30278998946543,1.34149431559804));
#12951=CARTESIAN_POINT($,(-2.74526956005867,9.30278998946543,1.34649431559804));
#12952=CARTESIAN_POINT('Origin',(-2.78368062403854,9.27078076948221,1.34399431559804));
#12953=CARTESIAN_POINT('',(-2.78047970204021,9.26693966308422,1.34649431559804));
#12954=CARTESIAN_POINT('',(-2.78047970204021,9.26693966308422,1.34149431559804));
#12955=CARTESIAN_POINT($,(-2.78047970204021,9.26693966308422,1.34399431559804));
#12956=CARTESIAN_POINT($,(-2.78368062403854,9.27078076948221,1.34649431559804));
#12957=CARTESIAN_POINT($,(-2.78368062403854,9.27078076948221,1.34149431559804));
#12958=CARTESIAN_POINT('Origin',(-2.7644750920486,9.28678537947382,1.34149431559804));
#12959=CARTESIAN_POINT($,(-2.7663956452476,9.26565929428489,1.34149431559804));
#12960=CARTESIAN_POINT('Origin',(-2.7663956452476,9.26565929428489,1.34399431559804));
#12961=CARTESIAN_POINT($,(-2.7663956452476,9.26565929428489,1.34649431559804));
#12962=CARTESIAN_POINT('Origin',(-2.7644750920486,9.28678537947382,1.34149431559804));
#12963=CARTESIAN_POINT($,(-2.74334900685967,9.28486482627483,1.34149431559804));
#12964=CARTESIAN_POINT('Origin',(-2.74334900685967,9.28486482627483,1.34399431559804));
#12965=CARTESIAN_POINT($,(-2.74334900685967,9.28486482627483,1.34649431559804));
#12966=CARTESIAN_POINT('Origin',(-2.7644750920486,9.28678537947382,1.34649431559804));
#12967=CARTESIAN_POINT('Origin',(-2.7644750920486,9.28678537947382,1.34649431559804));
#12968=CARTESIAN_POINT('Origin',(-2.74777820865891,9.26815743716951,1.50149431559804));
#12969=CARTESIAN_POINT('Origin',(-2.7644750920486,9.28678537947382,1.46649431559804));
#12970=CARTESIAN_POINT('',(-2.74402984829947,9.27737557043712,1.46649431559804));
#12971=CARTESIAN_POINT('',(-2.77304143148501,9.31218947025976,1.46649431559804));
#12972=CARTESIAN_POINT($,(-2.75703730991533,9.29298452437615,1.46649431559804));
#12973=CARTESIAN_POINT('',(-2.74206863806034,9.29894888306745,1.46649431559804));
#12974=CARTESIAN_POINT($,(-2.74334900685967,9.28486482627483,1.46649431559804));
#12975=CARTESIAN_POINT('',(-2.76127417005028,9.32199552145537,1.46649431559804));
#12976=CARTESIAN_POINT($,(-2.74526956005867,9.30278998946543,1.46649431559804));
#12977=CARTESIAN_POINT($,(-2.78047970204021,9.30599091146376,1.46649431559804));
#12978=CARTESIAN_POINT('Origin',(-2.7644750920486,9.28678537947382,1.46649431559804));
#12979=CARTESIAN_POINT('',(-2.78791797259542,9.29979235266775,1.46649431559804));
#12980=CARTESIAN_POINT('',(-2.75890638940988,9.2649784528451,1.46649431559804));
#12981=CARTESIAN_POINT($,(-2.77191385102575,9.28058740678414,1.46649431559804));
#12982=CARTESIAN_POINT('',(-2.79968523403015,9.28998630147215,1.46649431559804));
#12983=CARTESIAN_POINT($,(-2.78047970204021,9.30599091146376,1.46649431559804));
#12984=CARTESIAN_POINT('',(-2.78047970204021,9.26693966308422,1.46649431559804));
#12985=CARTESIAN_POINT($,(-2.78368062403854,9.27078076948221,1.46649431559804));
#12986=CARTESIAN_POINT($,(-2.7663956452476,9.26565929428489,1.46649431559804));
#12987=CARTESIAN_POINT('Origin',(-2.74334900685967,9.28486482627483,1.46399431559804));
#12988=CARTESIAN_POINT('',(-2.74402984829947,9.27737557043712,1.46149431559804));
#12989=CARTESIAN_POINT('Origin',(-2.74526956005867,9.2637387410859,1.46399431559804));
#12990=CARTESIAN_POINT('',(-2.74206863806034,9.29894888306745,1.46149431559804));
#12991=CARTESIAN_POINT($,(-2.74334900685967,9.28486482627483,1.46149431559804));
#12992=CARTESIAN_POINT($,(-2.74206863806034,9.29894888306745,1.46399431559804));
#12993=CARTESIAN_POINT('Origin',(-2.7644750920486,9.28678537947382,1.46149431559804));
#12994=CARTESIAN_POINT('',(-2.77304143148501,9.31218947025976,1.46149431559804));
#12995=CARTESIAN_POINT($,(-2.75703730991533,9.29298452437615,1.46149431559804));
#12996=CARTESIAN_POINT('',(-2.76127417005028,9.32199552145537,1.46149431559804));
#12997=CARTESIAN_POINT($,(-2.78047970204021,9.30599091146376,1.46149431559804));
#12998=CARTESIAN_POINT($,(-2.74526956005867,9.30278998946543,1.46149431559804));
#12999=CARTESIAN_POINT('Origin',(-2.7663956452476,9.26565929428489,1.46399431559804));
#13000=CARTESIAN_POINT('',(-2.75890638940988,9.2649784528451,1.46149431559804));
#13001=CARTESIAN_POINT('Origin',(-2.74526956005867,9.2637387410859,1.46399431559804));
#13002=CARTESIAN_POINT('',(-2.78047970204021,9.26693966308422,1.46149431559804));
#13003=CARTESIAN_POINT($,(-2.78047970204021,9.26693966308422,1.46399431559804));
#13004=CARTESIAN_POINT($,(-2.7663956452476,9.26565929428489,1.46149431559804));
#13005=CARTESIAN_POINT('Origin',(-2.7644750920486,9.28678537947382,1.46149431559804));
#13006=CARTESIAN_POINT('',(-2.78791797259542,9.29979235266775,1.46149431559804));
#13007=CARTESIAN_POINT($,(-2.77191385102575,9.28058740678414,1.46149431559804));
#13008=CARTESIAN_POINT('',(-2.79968523403015,9.28998630147215,1.46149431559804));
#13009=CARTESIAN_POINT($,(-2.78368062403854,9.27078076948221,1.46149431559804));
#13010=CARTESIAN_POINT($,(-2.78047970204021,9.30599091146376,1.46149431559804));
#13011=CARTESIAN_POINT('Origin',(-2.78368062403854,9.27078076948221,1.46399431559804));
#13012=CARTESIAN_POINT($,(-2.79968523403015,9.28998630147215,1.46399431559804));
#13013=CARTESIAN_POINT('Origin',(-2.74526956005867,9.30278998946543,1.46399431559804));
#13014=CARTESIAN_POINT($,(-2.76127417005028,9.32199552145537,1.46399431559804));
#13015=CARTESIAN_POINT('Origin',(-2.76447558047054,9.28678596558015,1.46399431559804));
#13016=CARTESIAN_POINT('',(-2.7561531832749,9.26117858959357,1.46399431559804));
#13017=CARTESIAN_POINT('Origin',(-2.74847097047893,9.26758043359021,1.46399431559804));
#13018=CARTESIAN_POINT('',(-2.78240025523921,9.3043904504646,1.45431185723252));
#13019=CARTESIAN_POINT('Origin',(-2.78048019046215,9.30599149757008,1.46399431559804));
#13020=CARTESIAN_POINT('',(-2.75338867205367,9.26957655064195,1.45431185723252));
#13021=CARTESIAN_POINT($,(-2.76639613366953,9.28518550458099,1.45431185723252));
#13022=CARTESIAN_POINT('',(-2.74954756565568,9.27277747264027,1.45431185723252));
#13023=CARTESIAN_POINT('Origin',(-2.74526956005867,9.2637387410859,1.46399431559804));
#13024=CARTESIAN_POINT('',(-2.77855914884122,9.30759137246292,1.45431185723252));
#13025=CARTESIAN_POINT($,(-2.76255502727155,9.28838642657931,1.45431185723252));
#13026=CARTESIAN_POINT('Origin',(-2.78048019046215,9.30599149757008,1.46399431559804));
#13027=CARTESIAN_POINT('',(-2.77855914884122,9.30759137246292,1.47367677396355));
#13028=CARTESIAN_POINT('Origin',(-2.78048019046215,9.30599149757008,1.46399431559804));
#13029=CARTESIAN_POINT('',(-2.74954756565568,9.27277747264027,1.47367677396355));
#13030=CARTESIAN_POINT($,(-2.76255502727155,9.28838642657931,1.47367677396355));
#13031=CARTESIAN_POINT('',(-2.75338867205367,9.26957655064195,1.47367677396355));
#13032=CARTESIAN_POINT('Origin',(-2.74526956005867,9.2637387410859,1.46399431559804));
#13033=CARTESIAN_POINT('',(-2.78240025523921,9.3043904504646,1.47367677396355));
#13034=CARTESIAN_POINT($,(-2.76639613366953,9.28518550458099,1.47367677396355));
#13035=CARTESIAN_POINT('Origin',(-2.78048019046215,9.30599149757008,1.46399431559804));
#13036=CARTESIAN_POINT('Origin',(-2.7663956452476,9.28518491847466,1.46399431559804));
#13037=CARTESIAN_POINT('',(-2.76319472324927,9.28134381207667,1.48899431559804));
#13038=CARTESIAN_POINT($,(-2.75679287925263,9.2736615992807,1.47899431559804));
#13039=CARTESIAN_POINT('',(-2.78240025523921,9.3043904504646,1.48899431559804));
#13040=CARTESIAN_POINT($,(-2.7663956452476,9.28518491847466,1.48899431559804));
#13041=CARTESIAN_POINT($,(-2.78240025523921,9.3043904504646,1.46399431559804));
#13042=CARTESIAN_POINT('Origin',(-2.7663956452476,9.28518491847466,1.46399431559804));
#13043=CARTESIAN_POINT('',(-2.78240025523921,9.3043904504646,1.43899431559804));
#13044=CARTESIAN_POINT($,(-2.78240025523921,9.3043904504646,1.46399431559804));
#13045=CARTESIAN_POINT('',(-2.76319472324927,9.28134381207667,1.43899431559804));
#13046=CARTESIAN_POINT($,(-2.7663956452476,9.28518491847466,1.43899431559804));
#13047=CARTESIAN_POINT($,(-2.75679287925263,9.2736615992807,1.44899431559804));
#13048=CARTESIAN_POINT('Origin',(-2.75487232605363,9.27526206027986,1.47899431559804));
#13049=CARTESIAN_POINT('',(-2.75935361685129,9.284544734075,1.48899431559804));
#13050=CARTESIAN_POINT($,(-2.75295177285464,9.27686252127902,1.47899431559804));
#13051=CARTESIAN_POINT($,(-2.76127417005028,9.28294427307584,1.48899431559804));
#13052=CARTESIAN_POINT('Origin',(-2.76255453884961,9.28838584047298,1.46399431559804));
#13053=CARTESIAN_POINT('',(-2.77855914884122,9.30759137246292,1.48899431559804));
#13054=CARTESIAN_POINT($,(-2.77855914884122,9.30759137246292,1.46399431559804));
#13055=CARTESIAN_POINT($,(-2.76255453884961,9.28838584047298,1.48899431559804));
#13056=CARTESIAN_POINT('Origin',(-2.75487232605363,9.27526206027986,1.44899431559804));
#13057=CARTESIAN_POINT('',(-2.75935361685129,9.284544734075,1.43899431559804));
#13058=CARTESIAN_POINT($,(-2.76127417005028,9.28294427307584,1.43899431559804));
#13059=CARTESIAN_POINT($,(-2.75295177285464,9.27686252127902,1.44899431559804));
#13060=CARTESIAN_POINT('Origin',(-2.76255453884961,9.28838584047298,1.46399431559804));
#13061=CARTESIAN_POINT('',(-2.77855914884122,9.30759137246292,1.43899431559804));
#13062=CARTESIAN_POINT($,(-2.76255453884961,9.28838584047298,1.43899431559804));
#13063=CARTESIAN_POINT($,(-2.77855914884122,9.30759137246292,1.46399431559804));
#13064=CARTESIAN_POINT('Origin',(-2.7644750920486,9.28678537947382,1.43899431559804));
#13065=CARTESIAN_POINT($,(-2.78047970204021,9.30599091146376,1.43899431559804));
#13066=CARTESIAN_POINT('Origin',(-2.7644750920486,9.28678537947382,1.48899431559804));
#13067=CARTESIAN_POINT($,(-2.78047970204021,9.30599091146376,1.48899431559804));
#13068=CARTESIAN_POINT('Origin',(-2.78048019046215,9.30599149757008,1.46399431559804));
#13069=CARTESIAN_POINT('Origin',(-2.74777820865891,9.26815743716951,1.50149431559804));
#13070=CARTESIAN_POINT('Origin',(-2.74033718710216,9.26134090773625,1.50149431559804));
#13071=CARTESIAN_POINT('',(-2.73822802008429,9.26309914279256,1.20899431559804));
#13072=CARTESIAN_POINT('',(-2.71518138169637,9.28230467478249,1.20899431559804));
#13073=CARTESIAN_POINT($,(-2.72670470089033,9.27270190878753,1.20899431559804));
#13074=CARTESIAN_POINT('',(-2.71518138169637,9.28230467478249,1.22899431559804));
#13075=CARTESIAN_POINT($,(-2.71518138169637,9.28230467478249,1.22399431559804));
#13076=CARTESIAN_POINT('',(-2.72286359449235,9.27590283078585,1.23899431559804));
#13077=CARTESIAN_POINT($,(-2.71902248809436,9.27910375278417,1.23399431559804));
#13078=CARTESIAN_POINT('',(-2.73054580728832,9.26950098678921,1.23899431559804));
#13079=CARTESIAN_POINT($,(-2.72670470089033,9.27270190878753,1.23899431559804));
#13080=CARTESIAN_POINT('',(-2.73822802008429,9.26309914279256,1.22899431559804));
#13081=CARTESIAN_POINT($,(-2.73438691368631,9.26630006479088,1.23399431559804));
#13082=CARTESIAN_POINT($,(-2.73822802008429,9.26309914279256,1.22399431559804));
#13083=CARTESIAN_POINT('Origin',(-2.74398967968128,9.27782338398485,1.23399431559804));
#13084=CARTESIAN_POINT('',(-2.74334949528161,9.28486541238115,1.23899431559804));
#13085=CARTESIAN_POINT($,(-2.74014857328329,9.28102430598317,1.23899431559804));
#13086=CARTESIAN_POINT('',(-2.75103170807759,9.27846356838451,1.22899431559804));
#13087=CARTESIAN_POINT($,(-2.7471906016796,9.28166449038283,1.23399431559804));
#13088=CARTESIAN_POINT($,(-2.74783078607926,9.27462246198652,1.22899431559804));
#13089=CARTESIAN_POINT('Origin',(-2.7363074668853,9.28422522798149,1.23899431559804));
#13090=CARTESIAN_POINT('',(-2.73566728248564,9.2912672563778,1.23899431559804));
#13091=CARTESIAN_POINT($,(-2.73246636048732,9.28742614997981,1.23899431559804));
#13092=CARTESIAN_POINT($,(-2.73950838888362,9.28806633437948,1.23899431559804));
#13093=CARTESIAN_POINT('Origin',(-2.72862525408933,9.29062707197813,1.23399431559804));
#13094=CARTESIAN_POINT('',(-2.72798506968966,9.29766910037444,1.22899431559804));
#13095=CARTESIAN_POINT($,(-2.72478414769134,9.29382799397646,1.22899431559804));
#13096=CARTESIAN_POINT($,(-2.73182617608765,9.29446817837612,1.23399431559804));
#13097=CARTESIAN_POINT('Origin',(-2.74783078607926,9.27462246198652,1.22399431559804));
#13098=CARTESIAN_POINT('',(-2.75103170807759,9.27846356838451,1.20899431559804));
#13099=CARTESIAN_POINT($,(-2.75103170807759,9.27846356838451,1.22399431559804));
#13100=CARTESIAN_POINT($,(-2.74783078607926,9.27462246198652,1.20899431559804));
#13101=CARTESIAN_POINT('Origin',(-2.72478414769134,9.29382799397646,1.22399431559804));
#13102=CARTESIAN_POINT('',(-2.72798506968966,9.29766910037444,1.20899431559804));
#13103=CARTESIAN_POINT($,(-2.72478414769134,9.29382799397646,1.20899431559804));
#13104=CARTESIAN_POINT($,(-2.72798506968966,9.29766910037444,1.22399431559804));
#13105=CARTESIAN_POINT('Origin',(-2.7363074668853,9.28422522798149,1.20899431559804));
#13106=CARTESIAN_POINT($,(-2.73950838888362,9.28806633437948,1.20899431559804));
#13107=CARTESIAN_POINT('Origin',(-2.73950838888362,9.28806633437948,1.22399431559804));
#13108=CARTESIAN_POINT('Origin',(-2.77978704350943,9.30656812690608,1.34899431559804));
#13109=CARTESIAN_POINT('',(-2.78432095496478,9.30279016529733,1.34399431559804));
#13110=CARTESIAN_POINT('Origin',(-2.78048019046215,9.30599149757008,1.34399431559804));
#13111=CARTESIAN_POINT('Origin',(-2.78368077056512,9.30983219369364,1.34399431559804));
#13112=CARTESIAN_POINT('',(-2.79072279896143,9.31047237809331,1.34399431559804));
#13113=CARTESIAN_POINT('Origin',(-2.78688169256344,9.31367330009163,1.34399431559804));
#13114=CARTESIAN_POINT('Origin',(-2.78688169256344,9.31367330009163,1.34399431559804));
#13115=CARTESIAN_POINT('Origin',(-2.77978704350943,9.30656812690608,1.34899431559804));
#13116=CARTESIAN_POINT('',(-2.78432129686014,9.30279057557176,1.46399431559804));
#13117=CARTESIAN_POINT('Origin',(-2.78048019046215,9.30599149757008,1.46399431559804));
#13118=CARTESIAN_POINT('Origin',(-2.7868820344588,9.31367371036606,1.46399431559804));
#13119=CARTESIAN_POINT('',(-2.79072314085678,9.31047278836773,1.46399431559804));
#13120=CARTESIAN_POINT('Origin',(-2.7868820344588,9.31367371036606,1.46399431559804));
#13121=CARTESIAN_POINT('Origin',(-2.78368111246047,9.30983260396807,1.46399431559804));
#13122=CARTESIAN_POINT('Origin',(-3.10084768295288,9.26021463929606,0.834000000000038));
#13123=CARTESIAN_POINT('',(-3.50084768295288,9.26021463929606,0.809000000000038));
#13124=CARTESIAN_POINT('',(-3.50084768295288,9.26021463929606,0.854000000000038));
#13125=CARTESIAN_POINT($,(-3.50084768295288,9.26021463929606,0.834000000000038));
#13126=CARTESIAN_POINT('',(-2.70084768295288,9.26021463929606,0.809000000000038));
#13127=CARTESIAN_POINT($,(-3.10084768295288,9.26021463929606,0.809000000000038));
#13128=CARTESIAN_POINT('',(-2.70084768295288,9.26021463929606,0.854000000000038));
#13129=CARTESIAN_POINT($,(-2.70084768295288,9.26021463929606,0.834000000000038));
#13130=CARTESIAN_POINT($,(-3.10084768295288,9.26021463929606,0.854000000000038));
#13131=CARTESIAN_POINT('Origin',(-3.10084768295288,9.23621463929606,0.834000000000038));
#13132=CARTESIAN_POINT('',(-3.50084768295288,9.23621463929606,0.854000000000038));
#13133=CARTESIAN_POINT('',(-3.50084768295288,9.23621463929606,0.809000000000038));
#13134=CARTESIAN_POINT($,(-3.50084768295288,9.23621463929606,0.834000000000038));
#13135=CARTESIAN_POINT('',(-2.70084768295288,9.23621463929606,0.854000000000038));
#13136=CARTESIAN_POINT($,(-3.10084768295288,9.23621463929606,0.854000000000038));
#13137=CARTESIAN_POINT('',(-2.70084768295288,9.23621463929606,0.809000000000038));
#13138=CARTESIAN_POINT($,(-2.70084768295288,9.23621463929606,0.834000000000038));
#13139=CARTESIAN_POINT($,(-3.10084768295288,9.23621463929606,0.809000000000038));
#13140=CARTESIAN_POINT('Origin',(-3.10084768295288,9.24821463929606,0.854000000000038));
#13141=CARTESIAN_POINT($,(-3.50084768295288,9.24821463929606,0.854000000000038));
#13142=CARTESIAN_POINT($,(-2.70084768295288,9.24821463929606,0.854000000000038));
#13143=CARTESIAN_POINT('Origin',(-3.50084768295288,9.24821463929606,0.834000000000038));
#13144=CARTESIAN_POINT('',(-3.50084768295288,9.23321463929606,0.809000000000038));
#13145=CARTESIAN_POINT($,(-3.50084768295288,9.24821463929606,0.809000000000038));
#13146=CARTESIAN_POINT('',(-3.50084768295288,9.23321463929606,0.859000000000038));
#13147=CARTESIAN_POINT($,(-3.50084768295288,9.23321463929606,0.834000000000038));
#13148=CARTESIAN_POINT('',(-3.50084768295288,9.26321463929606,0.859000000000038));
#13149=CARTESIAN_POINT($,(-3.50084768295288,9.24821463929606,0.859000000000038));
#13150=CARTESIAN_POINT('',(-3.50084768295288,9.26321463929606,0.809000000000038));
#13151=CARTESIAN_POINT($,(-3.50084768295288,9.26321463929606,0.834000000000038));
#13152=CARTESIAN_POINT($,(-3.50084768295288,9.24821463929606,0.809000000000038));
#13153=CARTESIAN_POINT('Origin',(-3.10084768295288,9.24821463929606,0.809000000000038));
#13154=CARTESIAN_POINT('',(-2.70084768295288,9.23321463929606,0.809000000000038));
#13155=CARTESIAN_POINT($,(-2.70084768295288,9.24821463929606,0.809000000000038));
#13156=CARTESIAN_POINT($,(-3.10084768295288,9.23321463929606,0.809000000000038));
#13157=CARTESIAN_POINT('Origin',(-3.10084768295288,9.24821463929606,0.809000000000038));
#13158=CARTESIAN_POINT('',(-2.70084768295288,9.26321463929606,0.809000000000038));
#13159=CARTESIAN_POINT($,(-3.10084768295288,9.26321463929606,0.809000000000038));
#13160=CARTESIAN_POINT($,(-2.70084768295288,9.24821463929606,0.809000000000038));
#13161=CARTESIAN_POINT('Origin',(-3.10084768295288,9.26321463929606,0.834000000000038));
#13162=CARTESIAN_POINT('',(-2.70084768295288,9.26321463929606,0.859000000000038));
#13163=CARTESIAN_POINT($,(-3.10084768295288,9.26321463929606,0.859000000000038));
#13164=CARTESIAN_POINT($,(-2.70084768295288,9.26321463929606,0.834000000000038));
#13165=CARTESIAN_POINT('Origin',(-3.10084768295288,9.23321463929606,0.834000000000038));
#13166=CARTESIAN_POINT('',(-2.70084768295288,9.23321463929606,0.859000000000038));
#13167=CARTESIAN_POINT($,(-2.70084768295288,9.23321463929606,0.834000000000038));
#13168=CARTESIAN_POINT($,(-3.10084768295288,9.23321463929606,0.859000000000038));
#13169=CARTESIAN_POINT('Origin',(-2.70084768295288,9.24821463929606,0.834000000000038));
#13170=CARTESIAN_POINT($,(-2.70084768295288,9.24821463929606,0.859000000000038));
#13171=CARTESIAN_POINT('Origin',(-3.10084768295288,9.24821463929606,0.859000000000038));
#13172=CARTESIAN_POINT('Origin',(-4.33322468848,9.26758008192642,1.87399431559804));
#13173=CARTESIAN_POINT('',(-4.30633694369409,9.24517362793816,1.90899431559804));
#13174=CARTESIAN_POINT('',(-4.30633694369409,9.24517362793816,1.83899431559804));
#13175=CARTESIAN_POINT($,(-4.30633694369409,9.24517362793816,1.87399431559804));
#13176=CARTESIAN_POINT('',(-4.36011243326591,9.28998653591468,1.83899431559804));
#13177=CARTESIAN_POINT($,(-4.33322468848,9.26758008192642,1.83899431559804));
#13178=CARTESIAN_POINT('',(-4.36011243326591,9.28998653591468,1.90899431559804));
#13179=CARTESIAN_POINT($,(-4.36011243326591,9.28998653591468,1.87399431559804));
#13180=CARTESIAN_POINT($,(-4.33322468848,9.26758008192642,1.90899431559804));
#13181=CARTESIAN_POINT('Origin',(-4.35243022046993,9.2445334435385,1.87399431559804));
#13182=CARTESIAN_POINT('',(-4.32554247568403,9.22212698955024,1.83899431559804));
#13183=CARTESIAN_POINT('',(-4.32554247568403,9.22212698955024,1.90899431559804));
#13184=CARTESIAN_POINT($,(-4.32554247568403,9.22212698955024,1.87399431559804));
#13185=CARTESIAN_POINT('',(-4.37931796525584,9.26693989752675,1.90899431559804));
#13186=CARTESIAN_POINT($,(-4.35243022046993,9.2445334435385,1.90899431559804));
#13187=CARTESIAN_POINT('',(-4.37931796525584,9.26693989752675,1.83899431559804));
#13188=CARTESIAN_POINT($,(-4.37931796525584,9.26693989752675,1.87399431559804));
#13189=CARTESIAN_POINT($,(-4.35243022046993,9.2445334435385,1.83899431559804));
#13190=CARTESIAN_POINT('Origin',(-4.33642561047832,9.26373897552843,1.90899431559804));
#13191=CARTESIAN_POINT($,(-4.36331335526423,9.28614542951669,1.90899431559804));
#13192=CARTESIAN_POINT($,(-4.30953786569241,9.24133252154018,1.90899431559804));
#13193=CARTESIAN_POINT('Origin',(-4.36331335526423,9.28614542951669,1.87399431559804));
#13194=CARTESIAN_POINT($,(-4.36331335526423,9.28614542951669,1.83899431559804));
#13195=CARTESIAN_POINT('Origin',(-4.33642561047832,9.26373897552843,1.83899431559804));
#13196=CARTESIAN_POINT($,(-4.30953786569241,9.24133252154018,1.83899431559804));
#13197=CARTESIAN_POINT('Origin',(-4.30953786569241,9.24133252154018,1.87399431559804));
#13198=CARTESIAN_POINT('Origin',(-3.54084768295288,8.79321466227429,3.20149993896484));
#13199=CARTESIAN_POINT('',(-3.64084768295288,8.79321466227429,2.20149993896484));
#13200=CARTESIAN_POINT('Origin',(-3.54084768295288,8.79321466227429,2.20149993896484));
#13201=CARTESIAN_POINT('',(-3.44084768295288,8.79321466227429,2.40149993896484));
#13202=CARTESIAN_POINT('Origin',(-3.54084768295288,8.79321466227429,2.40149993896484));
#13203=CARTESIAN_POINT('Origin',(-3.54084768295288,8.79321466227429,2.20149993896484));
#13204=CARTESIAN_POINT('Origin',(-3.54084768295288,8.79321466227429,2.40149993896484));
#13205=CARTESIAN_POINT('Origin',(-4.44084768295288,8.07690276621183,1.4678118960625));
#13206=CARTESIAN_POINT('',(-2.84084768295288,8.49321466227429,1.05150000000003));
#13207=CARTESIAN_POINT('',(-2.81584768295288,8.46821466227429,1.07650000000003));
#13208=CARTESIAN_POINT($,(-2.73080641891124,8.38317339823265,1.16154126404168));
#13209=CARTESIAN_POINT('',(-4.24084768295288,8.49321466227429,1.05150000000003));
#13210=CARTESIAN_POINT($,(-4.39052728780402,8.49321466227429,1.05150000000003));
#13211=CARTESIAN_POINT('',(-4.26584768295288,8.46821466227429,1.07650000000003));
#13212=CARTESIAN_POINT($,(-4.35088894699452,8.38317339823264,1.16154126404168));
#13213=CARTESIAN_POINT($,(-4.39052728780402,8.46821466227429,1.07650000000003));
#13214=CARTESIAN_POINT('Origin',(-4.34020689265517,8.49321466227429,1.8329095319951));
#13215=CARTESIAN_POINT('',(-2.84084768295288,8.49321466227429,1.04150000000004));
#13216=CARTESIAN_POINT($,(-2.84084768295288,8.49321466227429,1.8329095319951));
#13217=CARTESIAN_POINT('',(-4.24084768295288,8.49321466227429,1.04150000000004));
#13218=CARTESIAN_POINT($,(-3.54084768295288,8.49321466227429,1.04150000000004));
#13219=CARTESIAN_POINT($,(-4.24084768295288,8.49321466227429,1.8329095319951));
#13220=CARTESIAN_POINT('Origin',(-4.44084768295288,8.44321466227429,0.126500000000038));
#13221=CARTESIAN_POINT('',(-4.29084768295288,8.44321466227429,1.07650000000004));
#13222=CARTESIAN_POINT('',(-2.79084768295288,8.44321466227429,1.07650000000004));
#13223=CARTESIAN_POINT($,(-4.72834768295288,8.44321466227429,1.07650000000004));
#13224=CARTESIAN_POINT('',(-4.29084768295288,8.44321466227429,2.16150000000003));
#13225=CARTESIAN_POINT($,(-4.29084768295288,8.44321466227429,0.126500000000038));
#13226=CARTESIAN_POINT('',(-2.79084768295288,8.44321466227429,2.16150000000003));
#13227=CARTESIAN_POINT($,(-3.59116807810174,8.44321466227429,2.16150000000003));
#13228=CARTESIAN_POINT($,(-2.79084768295288,8.44321466227429,0.126500000000038));
#13229=CARTESIAN_POINT('Origin',(-4.65715957901534,9.69821466227429,1.4678118960625));
#13230=CARTESIAN_POINT('',(-4.24084768295288,9.15321466227429,1.05150000000003));
#13231=CARTESIAN_POINT($,(-4.24084768295288,9.64789426712543,1.05150000000003));
#13232=CARTESIAN_POINT('',(-4.26584768295288,9.15321466227429,1.07650000000004));
#13233=CARTESIAN_POINT($,(-4.45525363098411,9.15321466227429,1.26590594803127));
#13234=CARTESIAN_POINT($,(-4.26584768295288,9.64789426712543,1.07650000000004));
#13235=CARTESIAN_POINT('Origin',(-4.24084768295288,9.59757387197657,1.83290953199511));
#13236=CARTESIAN_POINT('',(-4.24084768295288,9.15321466227429,1.04150000000004));
#13237=CARTESIAN_POINT($,(-4.24084768295288,10.2068037991205,1.04150000000004));
#13238=CARTESIAN_POINT($,(-4.24084768295288,9.15321466227429,1.44220476599757));
#13239=CARTESIAN_POINT('Origin',(-2.79084768295288,8.25321466227429,0.126500000000038));
#13240=CARTESIAN_POINT('',(-2.79084768295288,9.15321466227429,1.07650000000004));
#13241=CARTESIAN_POINT($,(-2.79084768295288,7.94853505742314,1.07650000000004));
#13242=CARTESIAN_POINT('',(-2.79084768295288,9.15321466227429,2.16150000000003));
#13243=CARTESIAN_POINT($,(-2.79084768295288,9.53462419426936,2.16150000000003));
#13244=CARTESIAN_POINT($,(-2.79084768295288,9.15321466227429,0.864000000000037));
#13245=CARTESIAN_POINT('Origin',(-2.74148847325059,10.8160337262644,1.04150000000004));
#13246=CARTESIAN_POINT('',(-2.84084768295288,9.15321466227429,1.04150000000004));
#13247=CARTESIAN_POINT($,(-2.84084768295288,9.40744458941821,1.04150000000004));
#13248=CARTESIAN_POINT('',(-2.69084768295288,9.15321466227429,1.04150000000004));
#13249=CARTESIAN_POINT($,(-2.77866807810174,9.15321466227429,1.04150000000004));
#13250=CARTESIAN_POINT('',(-2.69084768295288,9.23321466227429,1.04150000000004));
#13251=CARTESIAN_POINT($,(-2.69084768295288,8.53446466227429,1.04150000000004));
#13252=CARTESIAN_POINT('',(-4.39084768295288,9.23321466227429,1.04150000000004));
#13253=CARTESIAN_POINT($,(-3.14116807810174,9.23321466227429,1.04150000000004));
#13254=CARTESIAN_POINT('',(-4.39084768295288,9.15321466227429,1.04150000000004));
#13255=CARTESIAN_POINT($,(-4.39084768295288,9.15946466227429,1.04150000000004));
#13256=CARTESIAN_POINT($,(-3.14116807810174,9.15321466227429,1.04150000000004));
#13257=CARTESIAN_POINT('Origin',(-3.54084768295288,9.23321466227429,1.60150000000004));
#13258=CARTESIAN_POINT('',(-2.69084768295288,9.23321466227429,1.02650000000004));
#13259=CARTESIAN_POINT($,(-2.69084768295288,9.23321466227429,0.864000000000037));
#13260=CARTESIAN_POINT('',(-4.39084768295288,9.23321466227429,1.02650000000004));
#13261=CARTESIAN_POINT($,(-3.14116807810174,9.23321466227429,1.02650000000004));
#13262=CARTESIAN_POINT($,(-4.39084768295288,9.23321466227429,0.864000000000037));
#13263=CARTESIAN_POINT('Origin',(-4.44084768295288,8.43821466227429,0.126500000000038));
#13264=CARTESIAN_POINT('',(-2.69084768295288,8.43821466227429,1.02650000000004));
#13265=CARTESIAN_POINT('',(-2.69084768295288,8.43821466227429,2.17650000000003));
#13266=CARTESIAN_POINT($,(-2.69084768295288,8.43821466227429,0.126500000000038));
#13267=CARTESIAN_POINT('',(-4.39084768295288,8.43821466227429,2.17650000000003));
#13268=CARTESIAN_POINT($,(-3.59116807810174,8.43821466227429,2.17650000000003));
#13269=CARTESIAN_POINT('',(-4.39084768295288,8.43821466227429,1.02650000000004));
#13270=CARTESIAN_POINT($,(-4.39084768295288,8.43821466227429,0.126500000000038));
#13271=CARTESIAN_POINT($,(-3.59116807810174,8.43821466227429,1.02650000000004));
#13272=CARTESIAN_POINT('Origin',(-2.69084768295288,8.25321466227429,0.126500000000038));
#13273=CARTESIAN_POINT('',(-2.69084768295288,9.15321466227429,2.17650000000003));
#13274=CARTESIAN_POINT($,(-2.69084768295288,9.15321466227429,0.864000000000037));
#13275=CARTESIAN_POINT($,(-2.69084768295288,9.53462419426936,2.17650000000003));
#13276=CARTESIAN_POINT($,(-2.69084768295288,9.53462419426936,1.02650000000004));
#13277=CARTESIAN_POINT('Origin',(-2.74148847325059,10.8160337262644,2.16150000000003));
#13278=CARTESIAN_POINT('',(-4.29084768295288,9.15321466227429,2.16150000000003));
#13279=CARTESIAN_POINT($,(-3.14116807810174,9.15321466227429,2.16150000000003));
#13280=CARTESIAN_POINT($,(-4.29084768295288,10.1596241942694,2.16150000000003));
#13281=CARTESIAN_POINT('Origin',(-4.39084768295288,9.50321466227429,0.126500000000038));
#13282=CARTESIAN_POINT('',(-4.39084768295288,9.15321466227429,2.17650000000003));
#13283=CARTESIAN_POINT($,(-4.39084768295288,10.1596241942694,2.17650000000003));
#13284=CARTESIAN_POINT($,(-4.39084768295288,9.15321466227429,0.864000000000037));
#13285=CARTESIAN_POINT($,(-4.39084768295288,10.1596241942694,1.02650000000004));
#13286=CARTESIAN_POINT('Origin',(-2.74148847325059,10.8160337262644,2.17650000000003));
#13287=CARTESIAN_POINT($,(-3.14116807810174,9.15321466227429,2.17650000000003));
#13288=CARTESIAN_POINT('Origin',(-4.29084768295288,9.50321466227429,0.126500000000038));
#13289=CARTESIAN_POINT('',(-4.29084768295288,9.15321466227429,1.07650000000004));
#13290=CARTESIAN_POINT($,(-4.29084768295288,9.64789426712543,1.07650000000004));
#13291=CARTESIAN_POINT($,(-4.29084768295288,9.15321466227429,0.864000000000037));
#13292=CARTESIAN_POINT('Origin',(-2.84084768295288,7.998855452572,1.8329095319951));
#13293=CARTESIAN_POINT('',(-2.84084768295288,9.15321466227429,1.05150000000003));
#13294=CARTESIAN_POINT($,(-2.84084768295288,7.94853505742314,1.05150000000003));
#13295=CARTESIAN_POINT($,(-2.84084768295288,9.15321466227429,1.44220476599757));
#13296=CARTESIAN_POINT('Origin',(-2.42453578689042,7.89821466227429,1.4678118960625));
#13297=CARTESIAN_POINT('',(-2.81584768295288,9.15321466227429,1.07650000000003));
#13298=CARTESIAN_POINT($,(-2.81584768295288,7.94853505742314,1.07650000000003));
#13299=CARTESIAN_POINT($,(-2.62644173492165,9.15321466227429,1.26590594803127));
#13300=CARTESIAN_POINT('Origin',(-1.89084768295288,7.89821466227429,1.07650000000004));
#13301=CARTESIAN_POINT($,(-2.35334768295288,9.15321466227429,1.07650000000004));
#13302=CARTESIAN_POINT($,(-4.72834768295288,9.15321466227429,1.07650000000004));
#13303=CARTESIAN_POINT('Origin',(-3.71584768295288,8.79821466227429,1.02650000000004));
#13304=CARTESIAN_POINT('Origin',(-4.26584768295288,9.15321466227429,1.05150000000004));
#13305=UNCERTAINTY_MEASURE_WITH_UNIT(LENGTH_MEASURE(0.001),#13307,
'DISTANCE_ACCURACY_VALUE',
'Maximum model space distance between geometric entities at asserted c
onnectivities');
#13306=(
GEOMETRIC_REPRESENTATION_CONTEXT(3)
GLOBAL_UNCERTAINTY_ASSIGNED_CONTEXT((#13305))
GLOBAL_UNIT_ASSIGNED_CONTEXT((#13307,#13309,#13308))
REPRESENTATION_CONTEXT('','3D')
);
#13307=(
LENGTH_UNIT()
NAMED_UNIT(*)
SI_UNIT(.CENTI.,.METRE.)
);
#13308=(
NAMED_UNIT(*)
SI_UNIT($,.STERADIAN.)
SOLID_ANGLE_UNIT()
);
#13309=(
NAMED_UNIT(*)
PLANE_ANGLE_UNIT()
SI_UNIT($,.RADIAN.)
);
#13310=SHAPE_DEFINITION_REPRESENTATION(#13311,#13312);
#13311=PRODUCT_DEFINITION_SHAPE('',$,#13314);
#13312=SHAPE_REPRESENTATION('',(#8199),#13306);
#13313=PRODUCT_DEFINITION_CONTEXT('3D Mechanical Parts',#13317,'design');
#13314=PRODUCT_DEFINITION('machine 3','machine 3',#13315,#13313);
#13315=PRODUCT_DEFINITION_FORMATION('',$,#13319);
#13316=APPLICATION_PROTOCOL_DEFINITION('international standard',
'automotive_design',2009,#13317);
#13317=APPLICATION_CONTEXT(
'Core Data for Automotive Mechanical Design Process');
#13318=PRODUCT_CONTEXT('3D Mechanical Parts',#13317,'mechanical');
#13319=PRODUCT('machine 3','machine 3',$,(#13318));
#13320=PRESENTATION_STYLE_ASSIGNMENT((#13335));
#13321=PRESENTATION_STYLE_ASSIGNMENT((#13336));
#13322=PRESENTATION_STYLE_ASSIGNMENT((#13337));
#13323=PRESENTATION_STYLE_ASSIGNMENT((#13338));
#13324=PRESENTATION_STYLE_ASSIGNMENT((#13339));
#13325=PRESENTATION_STYLE_ASSIGNMENT((#13340));
#13326=PRESENTATION_STYLE_ASSIGNMENT((#13341));
#13327=PRESENTATION_STYLE_ASSIGNMENT((#13342));
#13328=PRESENTATION_STYLE_ASSIGNMENT((#13343));
#13329=PRESENTATION_STYLE_ASSIGNMENT((#13344));
#13330=PRESENTATION_STYLE_ASSIGNMENT((#13345));
#13331=PRESENTATION_STYLE_ASSIGNMENT((#13346));
#13332=PRESENTATION_STYLE_ASSIGNMENT((#13347));
#13333=PRESENTATION_STYLE_ASSIGNMENT((#13348));
#13334=PRESENTATION_STYLE_ASSIGNMENT((#13349));
#13335=SURFACE_STYLE_USAGE(.BOTH.,#13350);
#13336=SURFACE_STYLE_USAGE(.BOTH.,#13351);
#13337=SURFACE_STYLE_USAGE(.BOTH.,#13352);
#13338=SURFACE_STYLE_USAGE(.BOTH.,#13353);
#13339=SURFACE_STYLE_USAGE(.BOTH.,#13354);
#13340=SURFACE_STYLE_USAGE(.BOTH.,#13355);
#13341=SURFACE_STYLE_USAGE(.BOTH.,#13356);
#13342=SURFACE_STYLE_USAGE(.BOTH.,#13357);
#13343=SURFACE_STYLE_USAGE(.BOTH.,#13358);
#13344=SURFACE_STYLE_USAGE(.BOTH.,#13359);
#13345=SURFACE_STYLE_USAGE(.BOTH.,#13360);
#13346=SURFACE_STYLE_USAGE(.BOTH.,#13361);
#13347=SURFACE_STYLE_USAGE(.BOTH.,#13362);
#13348=SURFACE_STYLE_USAGE(.BOTH.,#13363);
#13349=SURFACE_STYLE_USAGE(.BOTH.,#13364);
#13350=SURFACE_SIDE_STYLE($,(#13365));
#13351=SURFACE_SIDE_STYLE($,(#13366));
#13352=SURFACE_SIDE_STYLE($,(#13367));
#13353=SURFACE_SIDE_STYLE($,(#13368));
#13354=SURFACE_SIDE_STYLE($,(#13369));
#13355=SURFACE_SIDE_STYLE($,(#13370));
#13356=SURFACE_SIDE_STYLE($,(#13371));
#13357=SURFACE_SIDE_STYLE($,(#13372));
#13358=SURFACE_SIDE_STYLE($,(#13373));
#13359=SURFACE_SIDE_STYLE($,(#13374));
#13360=SURFACE_SIDE_STYLE($,(#13375));
#13361=SURFACE_SIDE_STYLE($,(#13376));
#13362=SURFACE_SIDE_STYLE($,(#13377));
#13363=SURFACE_SIDE_STYLE($,(#13378));
#13364=SURFACE_SIDE_STYLE($,(#13379));
#13365=SURFACE_STYLE_FILL_AREA(#13380);
#13366=SURFACE_STYLE_FILL_AREA(#13381);
#13367=SURFACE_STYLE_FILL_AREA(#13382);
#13368=SURFACE_STYLE_FILL_AREA(#13383);
#13369=SURFACE_STYLE_FILL_AREA(#13384);
#13370=SURFACE_STYLE_FILL_AREA(#13385);
#13371=SURFACE_STYLE_FILL_AREA(#13386);
#13372=SURFACE_STYLE_FILL_AREA(#13387);
#13373=SURFACE_STYLE_FILL_AREA(#13388);
#13374=SURFACE_STYLE_FILL_AREA(#13389);
#13375=SURFACE_STYLE_FILL_AREA(#13390);
#13376=SURFACE_STYLE_FILL_AREA(#13391);
#13377=SURFACE_STYLE_FILL_AREA(#13392);
#13378=SURFACE_STYLE_FILL_AREA(#13393);
#13379=SURFACE_STYLE_FILL_AREA(#13394);
#13380=FILL_AREA_STYLE($,(#13395));
#13381=FILL_AREA_STYLE($,(#13396));
#13382=FILL_AREA_STYLE($,(#13397));
#13383=FILL_AREA_STYLE($,(#13398));
#13384=FILL_AREA_STYLE($,(#13399));
#13385=FILL_AREA_STYLE($,(#13400));
#13386=FILL_AREA_STYLE($,(#13401));
#13387=FILL_AREA_STYLE($,(#13402));
#13388=FILL_AREA_STYLE($,(#13403));
#13389=FILL_AREA_STYLE($,(#13404));
#13390=FILL_AREA_STYLE($,(#13405));
#13391=FILL_AREA_STYLE($,(#13406));
#13392=FILL_AREA_STYLE($,(#13407));
#13393=FILL_AREA_STYLE($,(#13408));
#13394=FILL_AREA_STYLE($,(#13409));
#13395=FILL_AREA_STYLE_COLOUR($,#13410);
#13396=FILL_AREA_STYLE_COLOUR($,#13411);
#13397=FILL_AREA_STYLE_COLOUR($,#13412);
#13398=FILL_AREA_STYLE_COLOUR($,#13413);
#13399=FILL_AREA_STYLE_COLOUR($,#13414);
#13400=FILL_AREA_STYLE_COLOUR($,#13415);
#13401=FILL_AREA_STYLE_COLOUR($,#13416);
#13402=FILL_AREA_STYLE_COLOUR($,#13417);
#13403=FILL_AREA_STYLE_COLOUR($,#13418);
#13404=FILL_AREA_STYLE_COLOUR($,#13419);
#13405=FILL_AREA_STYLE_COLOUR($,#13420);
#13406=FILL_AREA_STYLE_COLOUR($,#13421);
#13407=FILL_AREA_STYLE_COLOUR($,#13422);
#13408=FILL_AREA_STYLE_COLOUR($,#13423);
#13409=FILL_AREA_STYLE_COLOUR($,#13424);
#13410=COLOUR_RGB('__RGBA_0.92549_0.92549_0.858824',0.925490196078431,0.925490196078431,
0.858823529411765);
#13411=COLOUR_RGB('__RGBA_0.203922_0.545098_0.819608',0.203921568627451,
0.545098039215686,0.819607843137255);
#13412=COLOUR_RGB('__RGBA_0.811765_0.831373_0.843137',0.811764705882353,
0.831372549019608,0.843137254901961);
#13413=COLOUR_RGB('__RGBA_0.0666667_0.14902_0.2',0.0666666666666667,0.149019607843137,
0.2);
#13414=COLOUR_RGB('__RGBA_0.717647_0.74902_0.768627',0.717647058823529,
0.749019607843137,0.768627450980392);
#13415=COLOUR_RGB('__RGBA_0.129412_0.321569_0.843137',0.129411764705882,
0.32156862745098,0.843137254901961);
#13416=COLOUR_RGB('__RGBA_0.909804_0.933333_0.945098',0.909803921568627,
0.933333333333333,0.945098039215686);
#13417=COLOUR_RGB('__RGBA_0.345098_0.545098_0.658824',0.345098039215686,
0.545098039215686,0.658823529411765);
#13418=COLOUR_RGB('__RGBA_0.0588235_0.235294_0.341176',0.0588235294117647,
0.235294117647059,0.341176470588235);
#13419=COLOUR_RGB('__RGBA_0.321569_0.933333_0.360784',0.32156862745098,
0.933333333333333,0.36078431372549);
#13420=COLOUR_RGB('__RGBA_0.933333_0.721569_0.321569',0.933333333333333,
0.72156862745098,0.32156862745098);
#13421=COLOUR_RGB('__RGBA_0.0705882_0.0705882_0.0745098',0.0705882352941176,
0.0705882352941176,0.0745098039215686);
#13422=COLOUR_RGB('__RGBA_0.933333_0.321569_0.392157',0.933333333333333,
0.32156862745098,0.392156862745098);
#13423=COLOUR_RGB('__RGBA_0.258824_0.843137_0.129412',0.258823529411765,
0.843137254901961,0.129411764705882);
#13424=COLOUR_RGB('__RGBA_0.933333_0.905882_0.321569',0.933333333333333,
0.905882352941176,0.32156862745098);
ENDSEC;
END-ISO-10303-21;
